replicate	sample_size	architecture	ld_policy	n_trait1_causal	n_trait2_causal	n_shared_causal	completed	fit1_converged	fit2_converged	comparable_pairs	max_pp_h4_susie	pp_h4_abf	trait1_all_causal_in_cs	trait2_all_causal_in_cs	runtime_seconds	error
1	2000	one_shared	EUR_matched	1	1	1	TRUE	TRUE	TRUE	4	0.00531615777412502	0.011899498322261	TRUE	TRUE	0.510000000000001	
1	2000	one_shared	EAS_substituted	1	1	1	TRUE	TRUE	TRUE	5	0.00540298403779571	0.011899498322261	TRUE	TRUE	0.0999999999999996	
1	2000	one_shared	AFR_substituted	1	1	1	TRUE	TRUE	TRUE	2	0.00145909607425162	0.011899498322261	TRUE	TRUE	0.0600000000000005	
1	2000	two_shared	EUR_matched	2	2	2	TRUE	TRUE	TRUE	6	0.101275223913213	0.305531182047833	TRUE	TRUE	0.0799999999999992	
1	2000	two_shared	EAS_substituted	2	2	2	TRUE	TRUE	TRUE	6	0.127010104568185	0.305531182047833	TRUE	TRUE	0.0600000000000005	
1	2000	two_shared	AFR_substituted	2	2	2	TRUE	TRUE	TRUE	12	0.00818756260615433	0.305531182047833	TRUE	TRUE	0.0899999999999999	
1	2000	shared_plus_specific	EUR_matched	2	2	1	TRUE	TRUE	TRUE	8	0.0404015122128932	0.163855434126877	TRUE	TRUE	0.13	
1	2000	shared_plus_specific	EAS_substituted	2	2	1	TRUE	TRUE	TRUE	8	0.0623310721169732	0.163855434126877	TRUE	TRUE	0.11	
1	2000	shared_plus_specific	AFR_substituted	2	2	1	TRUE	TRUE	TRUE	8	0.146693195063699	0.163855434126877	TRUE	FALSE	0.0800000000000001	
1	2000	distinct_only	EUR_matched	1	1	0	TRUE	TRUE	TRUE	1	0.0609110925679785	0.0402601467101792	TRUE	TRUE	0.0499999999999998	
1	2000	distinct_only	EAS_substituted	1	1	0	TRUE	TRUE	TRUE	3	0.03424861182863	0.0402601467101792	TRUE	TRUE	0.12	
1	2000	distinct_only	AFR_substituted	1	1	0	TRUE	TRUE	TRUE	8	0.0521521995193004	0.0402601467101792	TRUE	TRUE	0.0599999999999996	
1	5000	one_shared	EUR_matched	1	1	1	TRUE	TRUE	TRUE	2	0.976080214404044	0.973229209905465	TRUE	TRUE	0.0700000000000003	
1	5000	one_shared	EAS_substituted	1	1	1	TRUE	TRUE	TRUE	5	0.972423608244942	0.973229209905465	TRUE	FALSE	2.09	
1	5000	one_shared	AFR_substituted	1	1	1	TRUE	TRUE	TRUE	16	0.916025928147848	0.973229209905465	TRUE	TRUE	0.11	
1	5000	two_shared	EUR_matched	2	2	2	TRUE	TRUE	TRUE	4	0.967445435137261	0.950931181039286	TRUE	TRUE	0.0800000000000001	
1	5000	two_shared	EAS_substituted	2	2	2	TRUE	TRUE	TRUE	6	0.95641802602286	0.950931181039286	TRUE	TRUE	0.0899999999999999	
1	5000	two_shared	AFR_substituted	2	2	2	TRUE	TRUE	TRUE	20	0.996651476997663	0.950931181039286	TRUE	TRUE	0.129999999999999	
1	5000	shared_plus_specific	EUR_matched	2	2	1	TRUE	TRUE	TRUE	4	0.803806028429195	0.733793732086401	TRUE	TRUE	0.0700000000000003	
1	5000	shared_plus_specific	EAS_substituted	2	2	1	TRUE	TRUE	TRUE	8	0.931605576987137	0.733793732086401	TRUE	TRUE	0.110000000000001	
1	5000	shared_plus_specific	AFR_substituted	2	2	1	TRUE	TRUE	TRUE	20	0.430353026414755	0.733793732086401	TRUE	TRUE	0.17	
1	5000	distinct_only	EUR_matched	1	1	0	TRUE	TRUE	TRUE	2	0.102433754197466	0.0150788014235538	TRUE	TRUE	0.0499999999999989	
1	5000	distinct_only	EAS_substituted	1	1	0	TRUE	TRUE	TRUE	5	0.99182089819323	0.0150788014235538	FALSE	TRUE	1.12	
1	5000	distinct_only	AFR_substituted	1	1	0	TRUE	TRUE	TRUE	25	0.18772374184169	0.0150788014235538	FALSE	TRUE	1.61	
1	20000	one_shared	EUR_matched	1	1	1	TRUE	TRUE	TRUE	1	0.981171874423925	0.981129192633711	TRUE	FALSE	0.0500000000000007	
1	20000	one_shared	EAS_substituted	1	1	1	TRUE	TRUE	TRUE	25	1	0.981129192633711	FALSE	FALSE	3.62	
1	20000	one_shared	AFR_substituted	1	1	1	TRUE	TRUE	TRUE	25	1	0.981129192633711	FALSE	FALSE	3.1	
1	20000	two_shared	EUR_matched	2	2	2	TRUE	TRUE	TRUE	4	0.975421323353393	0.0331571313683182	TRUE	FALSE	0.0800000000000018	
1	20000	two_shared	EAS_substituted	2	2	2	TRUE	TRUE	TRUE	25	0.999999999221039	0.0331571313683182	FALSE	FALSE	0.129999999999999	
1	20000	two_shared	AFR_substituted	2	2	2	TRUE	TRUE	TRUE	25	0.999999998769752	0.0331571313683182	FALSE	FALSE	0.120000000000001	
1	20000	shared_plus_specific	EUR_matched	2	2	1	TRUE	TRUE	TRUE	4	0.98591831832373	0.985275730840421	TRUE	TRUE	0.0599999999999987	
1	20000	shared_plus_specific	EAS_substituted	2	2	1	TRUE	TRUE	TRUE	20	0.99999999999055	0.985275730840421	FALSE	TRUE	0.0800000000000018	
1	20000	shared_plus_specific	AFR_substituted	2	2	1	TRUE	TRUE	TRUE	25	0.153677115057232	0.985275730840421	FALSE	FALSE	0.109999999999999	
1	20000	distinct_only	EUR_matched	1	1	0	TRUE	TRUE	TRUE	1	1.3118907158305e-26	5.80963246935345e-27	TRUE	TRUE	0.0500000000000007	
1	20000	distinct_only	EAS_substituted	1	1	0	TRUE	TRUE	TRUE	25	0.188887224944696	5.80963246935345e-27	FALSE	FALSE	1.83	
1	20000	distinct_only	AFR_substituted	1	1	0	TRUE	TRUE	TRUE	25	0.000459886814240346	5.80963246935345e-27	TRUE	FALSE	0.0599999999999987	
2	2000	one_shared	EUR_matched	1	1	1	TRUE	TRUE	TRUE	1	0.740922872710122	0.691251456972596	TRUE	TRUE	0.0500000000000007	
2	2000	one_shared	EAS_substituted	1	1	1	TRUE	TRUE	TRUE	1	0.740922872710122	0.691251456972596	TRUE	TRUE	0.0399999999999991	
2	2000	one_shared	AFR_substituted	1	1	1	TRUE	TRUE	TRUE	4	0.00256729920202363	0.691251456972596	TRUE	TRUE	0.0800000000000018	
2	2000	two_shared	EUR_matched	2	2	2	TRUE	TRUE	TRUE	4	0.826073162539148	0.971797143166262	TRUE	TRUE	0.0799999999999983	
2	2000	two_shared	EAS_substituted	2	2	2	TRUE	TRUE	TRUE	6	0.715472846714265	0.971797143166262	TRUE	TRUE	0.0600000000000023	
2	2000	two_shared	AFR_substituted	2	2	2	TRUE	TRUE	TRUE	12	0.940045521562677	0.971797143166262	TRUE	TRUE	0.109999999999999	
2	2000	shared_plus_specific	EUR_matched	2	2	1	TRUE	TRUE	TRUE	1	0.00189550492855408	0.000345289990657689	FALSE	TRUE	0.0300000000000011	
2	2000	shared_plus_specific	EAS_substituted	2	2	1	TRUE	TRUE	TRUE	1	0.00189550492855408	0.000345289990657689	FALSE	TRUE	0.0499999999999972	
2	2000	shared_plus_specific	AFR_substituted	2	2	1	TRUE	TRUE	TRUE	2	0.00104556573282757	0.000345289990657689	FALSE	TRUE	0.0600000000000023	
2	2000	distinct_only	EUR_matched	1	1	0	TRUE	TRUE	TRUE	1	0.0175546062921157	0.0070826726531798	TRUE	TRUE	0.0300000000000011	
2	2000	distinct_only	EAS_substituted	1	1	0	TRUE	TRUE	TRUE	5	0.0063245589925974	0.0070826726531798	TRUE	TRUE	0.0899999999999999	
2	2000	distinct_only	AFR_substituted	1	1	0	TRUE	TRUE	TRUE	4	0.00253363663971789	0.0070826726531798	TRUE	TRUE	0.0599999999999987	
2	5000	one_shared	EUR_matched	1	1	1	TRUE	TRUE	TRUE	1	0.981428084131438	0.97448578740964	TRUE	TRUE	0.0500000000000007	
2	5000	one_shared	EAS_substituted	1	1	1	TRUE	TRUE	TRUE	1	0.981428084131438	0.97448578740964	TRUE	TRUE	0.0299999999999976	
2	5000	one_shared	AFR_substituted	1	1	1	TRUE	TRUE	TRUE	6	0.00533905098913058	0.97448578740964	TRUE	TRUE	0.130000000000003	
2	5000	two_shared	EUR_matched	2	2	2	TRUE	TRUE	TRUE	2	0.984841143897735	0.936897917473632	TRUE	FALSE	0.0599999999999987	
2	5000	two_shared	EAS_substituted	2	2	2	TRUE	TRUE	TRUE	4	0.947862669836685	0.936897917473632	FALSE	FALSE	0.0500000000000007	
2	5000	two_shared	AFR_substituted	2	2	2	TRUE	TRUE	TRUE	25	0.996569959297894	0.936897917473632	FALSE	FALSE	0.140000000000001	
2	5000	shared_plus_specific	EUR_matched	2	2	1	TRUE	TRUE	TRUE	12	0.0841601685173607	0.00976681226407644	TRUE	TRUE	0.140000000000001	
2	5000	shared_plus_specific	EAS_substituted	2	2	1	TRUE	TRUE	TRUE	15	0.158153886745314	0.00976681226407644	FALSE	TRUE	0.119999999999997	
2	5000	shared_plus_specific	AFR_substituted	2	2	1	TRUE	TRUE	TRUE	10	0.340966763331327	0.00976681226407644	FALSE	TRUE	0.0800000000000018	
2	5000	distinct_only	EUR_matched	1	1	0	TRUE	TRUE	TRUE	4	0.121990087866858	4.87597629407151e-07	TRUE	TRUE	0.0599999999999987	
2	5000	distinct_only	EAS_substituted	1	1	0	TRUE	TRUE	TRUE	5	0.937459425036906	4.87597629407151e-07	TRUE	TRUE	3.05	
2	5000	distinct_only	AFR_substituted	1	1	0	TRUE	TRUE	TRUE	15	0.438942771488493	4.87597629407151e-07	FALSE	TRUE	0.0899999999999999	
2	20000	one_shared	EUR_matched	1	1	1	TRUE	TRUE	TRUE	1	0.961607513223002	0.960092812073766	TRUE	FALSE	0.0399999999999991	
2	20000	one_shared	EAS_substituted	1	1	1	TRUE	TRUE	TRUE	10	0.996355053297975	0.960092812073766	TRUE	FALSE	0.260000000000002	
2	20000	one_shared	AFR_substituted	1	1	1	TRUE	TRUE	TRUE	25	0.999998174909709	0.960092812073766	TRUE	TRUE	0.0899999999999999	
2	20000	two_shared	EUR_matched	2	2	2	TRUE	TRUE	TRUE	6	0.999999348347848	0.857580271964483	TRUE	TRUE	0.0700000000000003	
2	20000	two_shared	EAS_substituted	2	2	2	FALSE	NA	NA	NA	NA	NA	NA	NA	3.73	susie_rss() did not converge in 1000 iterations. Try running with run_until_convergence=TRUE
2	20000	two_shared	AFR_substituted	2	2	2	TRUE	TRUE	TRUE	25	1	0.857580271964483	TRUE	TRUE	0.0999999999999979	
2	20000	shared_plus_specific	EUR_matched	2	2	1	TRUE	TRUE	TRUE	4	0.0450625552040895	4.06403354121585e-07	TRUE	FALSE	0.0899999999999999	
2	20000	shared_plus_specific	EAS_substituted	2	2	1	TRUE	TRUE	TRUE	15	0.989187206887853	4.06403354121585e-07	FALSE	TRUE	0.580000000000002	
2	20000	shared_plus_specific	AFR_substituted	2	2	1	TRUE	TRUE	TRUE	25	0.999999999999773	4.06403354121585e-07	TRUE	FALSE	0.109999999999999	
2	20000	distinct_only	EUR_matched	1	1	0	TRUE	TRUE	TRUE	1	4.07310383640864e-18	2.21504573920269e-18	TRUE	TRUE	0.0399999999999991	
2	20000	distinct_only	EAS_substituted	1	1	0	TRUE	TRUE	TRUE	25	0.0329327796480708	2.21504573920269e-18	FALSE	TRUE	0.91	
2	20000	distinct_only	AFR_substituted	1	1	0	TRUE	TRUE	TRUE	25	0.953737170790584	2.21504573920269e-18	TRUE	TRUE	0.300000000000001	
3	2000	one_shared	EUR_matched	1	1	1	TRUE	TRUE	TRUE	2	0.309581319650026	0.250984759573209	TRUE	TRUE	0.0300000000000011	
3	2000	one_shared	EAS_substituted	1	1	1	TRUE	TRUE	TRUE	4	0.0904207066830905	0.250984759573209	TRUE	TRUE	0.0799999999999983	
3	2000	one_shared	AFR_substituted	1	1	1	TRUE	TRUE	TRUE	2	0.0398685691850928	0.250984759573209	TRUE	TRUE	0.0399999999999991	
3	2000	two_shared	EUR_matched	2	2	2	TRUE	TRUE	TRUE	2	0.00157324968979954	0.000801855971780664	TRUE	TRUE	0.0700000000000003	
3	2000	two_shared	EAS_substituted	2	2	2	TRUE	TRUE	TRUE	3	0.00164831810707481	0.000801855971780664	TRUE	TRUE	0.0700000000000003	
3	2000	two_shared	AFR_substituted	2	2	2	TRUE	TRUE	TRUE	1	0.00109391890270164	0.000801855971780664	TRUE	TRUE	0.0499999999999972	
3	2000	shared_plus_specific	EUR_matched	2	2	1	TRUE	TRUE	TRUE	4	0.10289570426592	0.104705314351778	TRUE	TRUE	0.0800000000000054	
3	2000	shared_plus_specific	EAS_substituted	2	2	1	TRUE	TRUE	TRUE	6	0.236439788656485	0.104705314351778	TRUE	TRUE	0.0899999999999963	
3	2000	shared_plus_specific	AFR_substituted	2	2	1	TRUE	TRUE	TRUE	8	0.242872922804087	0.104705314351778	TRUE	FALSE	0.100000000000001	
3	2000	distinct_only	EUR_matched	1	1	0	TRUE	TRUE	TRUE	1	0.0527769652455862	0.0180428448739413	TRUE	TRUE	0.0399999999999991	
3	2000	distinct_only	EAS_substituted	1	1	0	TRUE	TRUE	TRUE	2	0.0848719755084789	0.0180428448739413	TRUE	TRUE	0.0500000000000043	
3	2000	distinct_only	AFR_substituted	1	1	0	TRUE	TRUE	TRUE	2	0.0455238874462883	0.0180428448739413	TRUE	TRUE	0.0499999999999972	
3	5000	one_shared	EUR_matched	1	1	1	TRUE	TRUE	TRUE	1	0.994782339092626	0.99477964563569	TRUE	TRUE	0.0399999999999991	
3	5000	one_shared	EAS_substituted	1	1	1	TRUE	TRUE	TRUE	4	0.994608730398461	0.99477964563569	TRUE	TRUE	0.0499999999999972	
3	5000	one_shared	AFR_substituted	1	1	1	TRUE	TRUE	TRUE	16	0.996536624520461	0.99477964563569	TRUE	TRUE	0.0800000000000054	
3	5000	two_shared	EUR_matched	2	2	2	TRUE	TRUE	TRUE	4	0.994183006029913	0.994539974343211	TRUE	TRUE	0.0599999999999952	
3	5000	two_shared	EAS_substituted	2	2	2	TRUE	TRUE	TRUE	9	0.992302184675165	0.994539974343211	TRUE	TRUE	0.0800000000000054	
3	5000	two_shared	AFR_substituted	2	2	2	TRUE	TRUE	TRUE	16	0.99933354019712	0.994539974343211	TRUE	TRUE	0.0899999999999963	
3	5000	shared_plus_specific	EUR_matched	2	2	1	TRUE	TRUE	TRUE	10	0.963622470277101	0.925617530775215	TRUE	TRUE	0.100000000000001	
3	5000	shared_plus_specific	EAS_substituted	2	2	1	TRUE	TRUE	TRUE	10	0.994132312129428	0.925617530775215	TRUE	FALSE	0.0700000000000003	
3	5000	shared_plus_specific	AFR_substituted	2	2	1	TRUE	TRUE	TRUE	25	0.998498414309636	0.925617530775215	FALSE	TRUE	1.44	
3	5000	distinct_only	EUR_matched	1	1	0	TRUE	TRUE	TRUE	1	2.75624461308349e-05	1.74895967473189e-05	TRUE	TRUE	0.0300000000000011	
3	5000	distinct_only	EAS_substituted	1	1	0	TRUE	TRUE	TRUE	3	0.0783109657663243	1.74895967473189e-05	TRUE	TRUE	0.0499999999999972	
3	5000	distinct_only	AFR_substituted	1	1	0	TRUE	TRUE	TRUE	25	0.817385464537458	1.74895967473189e-05	TRUE	TRUE	0.130000000000003	
3	20000	one_shared	EUR_matched	1	1	1	TRUE	TRUE	TRUE	2	0.996073026820778	0.99609496147029	TRUE	TRUE	0.0300000000000011	
3	20000	one_shared	EAS_substituted	1	1	1	TRUE	TRUE	TRUE	15	0.998115932978307	0.99609496147029	TRUE	TRUE	0.259999999999998	
3	20000	one_shared	AFR_substituted	1	1	1	TRUE	TRUE	TRUE	25	0.999999999812587	0.99609496147029	TRUE	TRUE	0.0799999999999983	
3	20000	two_shared	EUR_matched	2	2	2	TRUE	TRUE	TRUE	4	0.993819021891094	0.994823472116794	TRUE	TRUE	0.0600000000000023	
3	20000	two_shared	EAS_substituted	2	2	2	TRUE	TRUE	TRUE	25	0.999999813399345	0.994823472116794	FALSE	FALSE	0.280000000000001	
3	20000	two_shared	AFR_substituted	2	2	2	TRUE	TRUE	TRUE	25	0.999993925575186	0.994823472116794	FALSE	FALSE	1.66	
3	20000	shared_plus_specific	EUR_matched	2	2	1	TRUE	TRUE	TRUE	6	0.996553452871677	0.99146056210667	TRUE	TRUE	0.0600000000000023	
3	20000	shared_plus_specific	EAS_substituted	2	2	1	TRUE	TRUE	TRUE	25	0.999999999576502	0.99146056210667	FALSE	FALSE	0.109999999999999	
3	20000	shared_plus_specific	AFR_substituted	2	2	1	TRUE	TRUE	TRUE	25	0.99999999999801	0.99146056210667	FALSE	FALSE	0.100000000000001	
3	20000	distinct_only	EUR_matched	1	1	0	TRUE	TRUE	TRUE	1	1.62694754975582e-17	9.01339465962917e-18	TRUE	TRUE	0.0300000000000011	
3	20000	distinct_only	EAS_substituted	1	1	0	TRUE	TRUE	TRUE	25	0.996573241375287	9.01339465962917e-18	TRUE	TRUE	1.5	
3	20000	distinct_only	AFR_substituted	1	1	0	TRUE	TRUE	TRUE	25	0.998636581916619	9.01339465962917e-18	TRUE	FALSE	1.55	
4	2000	one_shared	EUR_matched	1	1	1	TRUE	TRUE	TRUE	1	0.982059500523854	0.98215094167325	TRUE	TRUE	0.0300000000000011	
4	2000	one_shared	EAS_substituted	1	1	1	TRUE	TRUE	TRUE	2	0.982327612804151	0.98215094167325	TRUE	TRUE	0.0399999999999991	
4	2000	one_shared	AFR_substituted	1	1	1	TRUE	TRUE	TRUE	6	0.887056482481784	0.98215094167325	TRUE	TRUE	0.109999999999999	
4	2000	two_shared	EUR_matched	2	2	2	TRUE	TRUE	TRUE	2	0.991397865418296	0.991580185418264	FALSE	TRUE	0.0300000000000011	
4	2000	two_shared	EAS_substituted	2	2	2	TRUE	TRUE	TRUE	2	0.929184166588794	0.991580185418264	FALSE	TRUE	0.159999999999997	
4	2000	two_shared	AFR_substituted	2	2	2	TRUE	TRUE	TRUE	20	0.99999207042258	0.991580185418264	FALSE	TRUE	0.160000000000004	
4	2000	shared_plus_specific	EUR_matched	2	2	1	TRUE	TRUE	TRUE	2	0.135779015247949	0.214033705312733	TRUE	TRUE	0.0700000000000003	
4	2000	shared_plus_specific	EAS_substituted	2	2	1	TRUE	TRUE	TRUE	2	0.120363271326656	0.214033705312733	TRUE	TRUE	0.0799999999999983	
4	2000	shared_plus_specific	AFR_substituted	2	2	1	TRUE	TRUE	TRUE	1	0.00204703055638132	0.214033705312733	TRUE	TRUE	0.0799999999999983	
4	2000	distinct_only	EUR_matched	1	1	0	TRUE	TRUE	TRUE	0	NA	0.0068038957608508	FALSE	TRUE	0.0300000000000011	
4	2000	distinct_only	EAS_substituted	1	1	0	TRUE	TRUE	TRUE	0	NA	0.0068038957608508	FALSE	TRUE	0.0600000000000023	
4	2000	distinct_only	AFR_substituted	1	1	0	TRUE	TRUE	TRUE	0	NA	0.0068038957608508	FALSE	TRUE	0.0499999999999972	
4	5000	one_shared	EUR_matched	1	1	1	TRUE	TRUE	TRUE	2	0.976803548821649	0.976521874328944	TRUE	TRUE	0.0300000000000011	
4	5000	one_shared	EAS_substituted	1	1	1	TRUE	TRUE	TRUE	5	0.994169095605675	0.976521874328944	TRUE	FALSE	0.719999999999999	
4	5000	one_shared	AFR_substituted	1	1	1	TRUE	TRUE	TRUE	25	0.997949470063731	0.976521874328944	TRUE	FALSE	0.119999999999997	
4	5000	two_shared	EUR_matched	2	2	2	TRUE	TRUE	TRUE	2	0.966462813311075	0.952423715276909	FALSE	TRUE	0.0600000000000023	
4	5000	two_shared	EAS_substituted	2	2	2	TRUE	TRUE	TRUE	9	0.995577576406451	0.952423715276909	TRUE	FALSE	0.100000000000001	
4	5000	two_shared	AFR_substituted	2	2	2	TRUE	TRUE	TRUE	25	0.999986808876995	0.952423715276909	FALSE	TRUE	0.119999999999997	
4	5000	shared_plus_specific	EUR_matched	2	2	1	TRUE	TRUE	TRUE	2	0.887326508314652	0.923058682514532	FALSE	TRUE	0.0700000000000003	
4	5000	shared_plus_specific	EAS_substituted	2	2	1	TRUE	TRUE	TRUE	4	0.87074861998605	0.923058682514532	FALSE	TRUE	0.0600000000000023	
4	5000	shared_plus_specific	AFR_substituted	2	2	1	TRUE	TRUE	TRUE	10	0.424776670753337	0.923058682514532	TRUE	TRUE	0.0899999999999963	
4	5000	distinct_only	EUR_matched	1	1	0	TRUE	TRUE	TRUE	1	0.976070341422335	0.973897435201989	TRUE	FALSE	0.0300000000000011	
4	5000	distinct_only	EAS_substituted	1	1	0	TRUE	TRUE	TRUE	2	0.97618012009615	0.973897435201989	TRUE	TRUE	0.0499999999999972	
4	5000	distinct_only	AFR_substituted	1	1	0	TRUE	TRUE	TRUE	8	0.868728347739837	0.973897435201989	TRUE	TRUE	0.0800000000000054	
4	20000	one_shared	EUR_matched	1	1	1	TRUE	TRUE	TRUE	1	0.982875607129587	0.98281242532678	TRUE	TRUE	0.0300000000000011	
4	20000	one_shared	EAS_substituted	1	1	1	TRUE	TRUE	TRUE	25	1	0.98281242532678	FALSE	FALSE	2.22	
4	20000	one_shared	AFR_substituted	1	1	1	TRUE	TRUE	TRUE	25	0.999998190686287	0.98281242532678	FALSE	FALSE	1.64	
4	20000	two_shared	EUR_matched	2	2	2	TRUE	TRUE	TRUE	2	0.944205552681352	0.947543571862338	TRUE	TRUE	0.0599999999999952	
4	20000	two_shared	EAS_substituted	2	2	2	FALSE	NA	NA	NA	NA	NA	NA	NA	3.97	susie_rss() did not converge in 1000 iterations. Try running with run_until_convergence=TRUE
4	20000	two_shared	AFR_substituted	2	2	2	TRUE	TRUE	TRUE	25	0.999999736517089	0.947543571862338	TRUE	FALSE	0.0600000000000023	
4	20000	shared_plus_specific	EUR_matched	2	2	1	TRUE	TRUE	TRUE	6	0.990052579810563	0.985130631714052	TRUE	TRUE	0.140000000000001	
4	20000	shared_plus_specific	EAS_substituted	2	2	1	TRUE	TRUE	TRUE	25	1	0.985130631714052	FALSE	FALSE	3.89	
4	20000	shared_plus_specific	AFR_substituted	2	2	1	TRUE	TRUE	TRUE	25	0.999996558421582	0.985130631714052	FALSE	FALSE	1.55	
4	20000	distinct_only	EUR_matched	1	1	0	TRUE	TRUE	TRUE	1	5.17218137801082e-05	4.08143278989902e-05	TRUE	TRUE	0.0399999999999991	
4	20000	distinct_only	EAS_substituted	1	1	0	FALSE	NA	NA	NA	NA	NA	NA	NA	3.33	susie_rss() did not converge in 1000 iterations. Try running with run_until_convergence=TRUE
4	20000	distinct_only	AFR_substituted	1	1	0	TRUE	TRUE	TRUE	25	0.999999999986713	4.08143278989902e-05	TRUE	FALSE	0.0800000000000054	
5	2000	one_shared	EUR_matched	1	1	1	TRUE	TRUE	TRUE	1	0.193787110169091	0.126106083325015	TRUE	TRUE	0.0499999999999972	
5	2000	one_shared	EAS_substituted	1	1	1	TRUE	TRUE	TRUE	3	0.0987144588622913	0.126106083325015	TRUE	TRUE	0.0300000000000011	
5	2000	one_shared	AFR_substituted	1	1	1	TRUE	TRUE	TRUE	4	0.109994337263062	0.126106083325015	TRUE	TRUE	0.0899999999999963	
5	2000	two_shared	EUR_matched	2	2	2	TRUE	TRUE	TRUE	4	0.0661261722133214	0.0285680161824071	TRUE	TRUE	0.100000000000001	
5	2000	two_shared	EAS_substituted	2	2	2	TRUE	TRUE	TRUE	4	0.0148633026256222	0.0285680161824071	TRUE	TRUE	0.0700000000000003	
5	2000	two_shared	AFR_substituted	2	2	2	TRUE	TRUE	TRUE	4	0.0168604132614379	0.0285680161824071	TRUE	TRUE	0.0799999999999983	
5	2000	shared_plus_specific	EUR_matched	2	2	1	TRUE	TRUE	TRUE	2	0.0442342509796703	0.0380129528638353	FALSE	TRUE	0.0500000000000043	
5	2000	shared_plus_specific	EAS_substituted	2	2	1	TRUE	TRUE	TRUE	2	0.0375725875997555	0.0380129528638353	FALSE	TRUE	0.0599999999999952	
5	2000	shared_plus_specific	AFR_substituted	2	2	1	TRUE	TRUE	TRUE	8	0.0146095830458859	0.0380129528638353	TRUE	TRUE	0.0800000000000054	
5	2000	distinct_only	EUR_matched	1	1	0	TRUE	TRUE	TRUE	3	0.111013037522679	0.0887233110980197	TRUE	TRUE	0.029999999999994	
5	2000	distinct_only	EAS_substituted	1	1	0	TRUE	TRUE	TRUE	6	0.0131094186941532	0.0887233110980197	TRUE	TRUE	0.0800000000000054	
5	2000	distinct_only	AFR_substituted	1	1	0	TRUE	TRUE	TRUE	6	0.021255894274376	0.0887233110980197	TRUE	TRUE	0.0799999999999983	
5	5000	one_shared	EUR_matched	1	1	1	TRUE	TRUE	TRUE	1	0.992546867756854	0.992690733908018	TRUE	TRUE	0.0300000000000011	
5	5000	one_shared	EAS_substituted	1	1	1	TRUE	TRUE	TRUE	2	0.992424493627877	0.992690733908018	TRUE	TRUE	0.0399999999999991	
5	5000	one_shared	AFR_substituted	1	1	1	TRUE	TRUE	TRUE	16	0.979732788428755	0.992690733908018	TRUE	TRUE	0.110000000000007	
5	5000	two_shared	EUR_matched	2	2	2	TRUE	TRUE	TRUE	3	0.00266542999833197	0.000708174471399504	TRUE	TRUE	0.0599999999999952	
5	5000	two_shared	EAS_substituted	2	2	2	TRUE	TRUE	TRUE	3	0.00267860361691582	0.000708174471399504	TRUE	TRUE	0.0600000000000023	
5	5000	two_shared	AFR_substituted	2	2	2	TRUE	TRUE	TRUE	3	0.00125221309480111	0.000708174471399504	TRUE	TRUE	0.0499999999999972	
5	5000	shared_plus_specific	EUR_matched	2	2	1	TRUE	TRUE	TRUE	2	0.288766454834023	0.141913942023194	TRUE	TRUE	0.0300000000000011	
5	5000	shared_plus_specific	EAS_substituted	2	2	1	TRUE	TRUE	TRUE	2	0.288957946303033	0.141913942023194	TRUE	TRUE	0.0300000000000011	
5	5000	shared_plus_specific	AFR_substituted	2	2	1	TRUE	TRUE	TRUE	3	0.13306584475953	0.141913942023194	TRUE	TRUE	0.0499999999999972	
5	5000	distinct_only	EUR_matched	1	1	0	TRUE	TRUE	TRUE	2	0.118535498407277	0.0096802731747331	TRUE	TRUE	0.0500000000000043	
5	5000	distinct_only	EAS_substituted	1	1	0	TRUE	TRUE	TRUE	6	0.87641772187957	0.0096802731747331	TRUE	TRUE	0.0499999999999972	
5	5000	distinct_only	AFR_substituted	1	1	0	TRUE	TRUE	TRUE	10	0.968000335443773	0.0096802731747331	TRUE	TRUE	0.0600000000000023	
5	20000	one_shared	EUR_matched	1	1	1	TRUE	TRUE	TRUE	2	0.992203775763368	0.992143665809976	TRUE	TRUE	0.0300000000000011	
5	20000	one_shared	EAS_substituted	1	1	1	TRUE	TRUE	TRUE	25	0.995975912223456	0.992143665809976	FALSE	TRUE	5.97999999999999	
5	20000	one_shared	AFR_substituted	1	1	1	TRUE	TRUE	TRUE	25	0.999999996464396	0.992143665809976	TRUE	TRUE	0.100000000000009	
5	20000	two_shared	EUR_matched	2	2	2	TRUE	TRUE	TRUE	4	0.998743150070903	0.841087716592322	TRUE	TRUE	0.109999999999999	
5	20000	two_shared	EAS_substituted	2	2	2	TRUE	TRUE	TRUE	20	0.906401633808089	0.841087716592322	TRUE	TRUE	0.669999999999987	
5	20000	two_shared	AFR_substituted	2	2	2	TRUE	TRUE	TRUE	25	0.999078474059552	0.841087716592322	FALSE	TRUE	1.47000000000001	
5	20000	shared_plus_specific	EUR_matched	2	2	1	TRUE	TRUE	TRUE	4	0.995410767829233	0.904806770510706	TRUE	TRUE	0.0799999999999983	
5	20000	shared_plus_specific	EAS_substituted	2	2	1	TRUE	TRUE	TRUE	25	0.988266789784171	0.904806770510706	TRUE	FALSE	1.92	
5	20000	shared_plus_specific	AFR_substituted	2	2	1	TRUE	TRUE	TRUE	25	0.976759221152526	0.904806770510706	FALSE	FALSE	1.77999999999999	
5	20000	distinct_only	EUR_matched	1	1	0	TRUE	TRUE	TRUE	1	2.8483740705757e-10	1.81137945043977e-10	TRUE	TRUE	0.0500000000000114	
5	20000	distinct_only	EAS_substituted	1	1	0	TRUE	TRUE	TRUE	20	0.998860290105642	1.81137945043977e-10	TRUE	TRUE	0.239999999999995	
5	20000	distinct_only	AFR_substituted	1	1	0	TRUE	TRUE	TRUE	20	0.999999893975327	1.81137945043977e-10	TRUE	TRUE	0.0699999999999932	
6	2000	one_shared	EUR_matched	1	1	1	TRUE	TRUE	TRUE	1	0.825290242119502	0.784788877495475	TRUE	TRUE	0.0400000000000063	
6	2000	one_shared	EAS_substituted	1	1	1	TRUE	TRUE	TRUE	2	0.819678424057996	0.784788877495475	TRUE	TRUE	0.0700000000000074	
6	2000	one_shared	AFR_substituted	1	1	1	TRUE	TRUE	TRUE	8	0.204411772193385	0.784788877495475	TRUE	TRUE	0.0699999999999932	
6	2000	two_shared	EUR_matched	2	2	2	TRUE	TRUE	TRUE	0	NA	0.00791998828386555	TRUE	FALSE	0.0300000000000011	
6	2000	two_shared	EAS_substituted	2	2	2	TRUE	TRUE	TRUE	0	NA	0.00791998828386555	TRUE	FALSE	0.0600000000000023	
6	2000	two_shared	AFR_substituted	2	2	2	TRUE	TRUE	TRUE	0	NA	0.00791998828386555	FALSE	FALSE	0.799999999999997	
6	2000	shared_plus_specific	EUR_matched	2	2	1	TRUE	TRUE	TRUE	10	0.0880538335431811	0.227033292247766	TRUE	TRUE	0.120000000000005	
6	2000	shared_plus_specific	EAS_substituted	2	2	1	TRUE	TRUE	TRUE	4	0.0863491843409305	0.227033292247766	TRUE	TRUE	0.0799999999999983	
6	2000	shared_plus_specific	AFR_substituted	2	2	1	TRUE	TRUE	TRUE	3	0.0258209063234278	0.227033292247766	TRUE	TRUE	0.0799999999999983	
6	2000	distinct_only	EUR_matched	1	1	0	TRUE	TRUE	TRUE	1	0.0414777486966315	0.0118832329015643	TRUE	TRUE	0.039999999999992	
6	2000	distinct_only	EAS_substituted	1	1	0	TRUE	TRUE	TRUE	1	0.0414777486966315	0.0118832329015643	TRUE	TRUE	0.0500000000000114	
6	2000	distinct_only	AFR_substituted	1	1	0	TRUE	TRUE	TRUE	6	0.0176628958956063	0.0118832329015643	TRUE	TRUE	0.0999999999999943	
6	5000	one_shared	EUR_matched	1	1	1	TRUE	TRUE	TRUE	1	0.926910803220901	0.919677643126938	FALSE	TRUE	0.0300000000000011	
6	5000	one_shared	EAS_substituted	1	1	1	TRUE	TRUE	TRUE	2	0.916434104290171	0.919677643126938	FALSE	TRUE	0.0400000000000063	
6	5000	one_shared	AFR_substituted	1	1	1	TRUE	TRUE	TRUE	25	0.952932226905741	0.919677643126938	TRUE	TRUE	0.109999999999999	
6	5000	two_shared	EUR_matched	2	2	2	TRUE	TRUE	TRUE	1	0.0446029485528671	0.00925928798116007	FALSE	FALSE	0.0499999999999972	
6	5000	two_shared	EAS_substituted	2	2	2	TRUE	TRUE	TRUE	1	0.0446029485528671	0.00925928798116007	FALSE	FALSE	0.0300000000000011	
6	5000	two_shared	AFR_substituted	2	2	2	TRUE	TRUE	TRUE	6	0.00323682471014535	0.00925928798116007	TRUE	TRUE	0.0600000000000023	
6	5000	shared_plus_specific	EUR_matched	2	2	1	TRUE	TRUE	TRUE	1	0.906901593829813	0.857708871865757	FALSE	FALSE	0.0499999999999972	
6	5000	shared_plus_specific	EAS_substituted	2	2	1	TRUE	TRUE	TRUE	1	0.906901593829813	0.857708871865757	FALSE	FALSE	0.0300000000000011	
6	5000	shared_plus_specific	AFR_substituted	2	2	1	TRUE	TRUE	TRUE	6	0.0634148017208418	0.857708871865757	TRUE	TRUE	0.0799999999999983	
6	5000	distinct_only	EUR_matched	1	1	0	TRUE	TRUE	TRUE	3	0.0900197977936373	0.00029815687561538	TRUE	TRUE	0.0300000000000011	
6	5000	distinct_only	EAS_substituted	1	1	0	TRUE	TRUE	TRUE	4	0.899766262440279	0.00029815687561538	FALSE	TRUE	0.120000000000005	
6	5000	distinct_only	AFR_substituted	1	1	0	TRUE	TRUE	TRUE	20	0.156032950307998	0.00029815687561538	TRUE	TRUE	0.0799999999999983	
6	20000	one_shared	EUR_matched	1	1	1	TRUE	TRUE	TRUE	2	0.998609509748854	0.998623510423574	TRUE	TRUE	0.0499999999999972	
6	20000	one_shared	EAS_substituted	1	1	1	TRUE	TRUE	TRUE	6	0.998601649539618	0.998623510423574	TRUE	TRUE	0.0600000000000023	
6	20000	one_shared	AFR_substituted	1	1	1	TRUE	TRUE	TRUE	25	0.999999999999957	0.998623510423574	TRUE	TRUE	0.0799999999999983	
6	20000	two_shared	EUR_matched	2	2	2	TRUE	TRUE	TRUE	1	0.983644227079534	0.983727718045231	FALSE	FALSE	0.0300000000000011	
6	20000	two_shared	EAS_substituted	2	2	2	TRUE	TRUE	TRUE	10	0.983490357811935	0.983727718045231	FALSE	TRUE	1.62	
6	20000	two_shared	AFR_substituted	2	2	2	TRUE	TRUE	TRUE	20	0.99456487839783	0.983727718045231	TRUE	TRUE	0.0999999999999943	
6	20000	shared_plus_specific	EUR_matched	2	2	1	TRUE	TRUE	TRUE	4	0.373263543647434	0.0499910998540547	TRUE	TRUE	0.0900000000000034	
6	20000	shared_plus_specific	EAS_substituted	2	2	1	FALSE	NA	NA	NA	NA	NA	NA	NA	3.83999999999999	susie_rss() did not converge in 1000 iterations. Try running with run_until_convergence=TRUE
6	20000	shared_plus_specific	AFR_substituted	2	2	1	TRUE	TRUE	TRUE	25	0.739684127849161	0.0499910998540547	TRUE	FALSE	0.160000000000011	
6	20000	distinct_only	EUR_matched	1	1	0	TRUE	TRUE	TRUE	2	0.0902251091585922	6.87955953831046e-11	TRUE	TRUE	0.0300000000000011	
6	20000	distinct_only	EAS_substituted	1	1	0	TRUE	TRUE	TRUE	25	0.884262350088845	6.87955953831046e-11	FALSE	TRUE	1.16	
6	20000	distinct_only	AFR_substituted	1	1	0	TRUE	TRUE	TRUE	25	1	6.87955953831046e-11	TRUE	TRUE	0.0600000000000023	
7	2000	one_shared	EUR_matched	1	1	1	TRUE	TRUE	TRUE	1	0.962932759834423	0.961951556243311	TRUE	TRUE	0.0499999999999972	
7	2000	one_shared	EAS_substituted	1	1	1	TRUE	TRUE	TRUE	1	0.962932759834423	0.961951556243311	TRUE	TRUE	0.0300000000000011	
7	2000	one_shared	AFR_substituted	1	1	1	TRUE	TRUE	TRUE	9	0.658583021714126	0.961951556243311	TRUE	TRUE	0.0600000000000023	
7	2000	two_shared	EUR_matched	2	2	2	TRUE	TRUE	TRUE	2	0.960362471880625	0.972331436468229	TRUE	FALSE	0.0499999999999972	
7	2000	two_shared	EAS_substituted	2	2	2	TRUE	TRUE	TRUE	2	0.96429683650527	0.972331436468229	TRUE	FALSE	0.0600000000000023	
7	2000	two_shared	AFR_substituted	2	2	2	TRUE	TRUE	TRUE	12	0.252771548223549	0.972331436468229	TRUE	TRUE	0.0899999999999892	
7	2000	shared_plus_specific	EUR_matched	2	2	1	TRUE	TRUE	TRUE	2	0.231163291918239	0.19718567481631	TRUE	TRUE	0.0500000000000114	
7	2000	shared_plus_specific	EAS_substituted	2	2	1	TRUE	TRUE	TRUE	2	0.215918137683483	0.19718567481631	TRUE	TRUE	0.0499999999999972	
7	2000	shared_plus_specific	AFR_substituted	2	2	1	TRUE	TRUE	TRUE	2	0.002108318154932	0.19718567481631	TRUE	TRUE	0.0600000000000023	
7	2000	distinct_only	EUR_matched	1	1	0	TRUE	TRUE	TRUE	1	0.0358414557019727	0.0246715733187199	TRUE	TRUE	0.0300000000000011	
7	2000	distinct_only	EAS_substituted	1	1	0	TRUE	TRUE	TRUE	2	0.0283520963033765	0.0246715733187199	TRUE	TRUE	0.0599999999999881	
7	2000	distinct_only	AFR_substituted	1	1	0	TRUE	TRUE	TRUE	9	0.0481603872582414	0.0246715733187199	TRUE	TRUE	0.109999999999999	
7	5000	one_shared	EUR_matched	1	1	1	TRUE	TRUE	TRUE	2	0.9435822603626	0.939689532737644	TRUE	TRUE	0.0400000000000063	
7	5000	one_shared	EAS_substituted	1	1	1	TRUE	TRUE	TRUE	12	0.93316091944687	0.939689532737644	TRUE	TRUE	0.0900000000000034	
7	5000	one_shared	AFR_substituted	1	1	1	TRUE	TRUE	TRUE	25	0.999998225253703	0.939689532737644	FALSE	TRUE	0.0799999999999983	
7	5000	two_shared	EUR_matched	2	2	2	TRUE	TRUE	TRUE	4	0.982609594911774	0.983644978950403	TRUE	TRUE	0.0600000000000023	
7	5000	two_shared	EAS_substituted	2	2	2	TRUE	TRUE	TRUE	9	0.996536210892742	0.983644978950403	TRUE	FALSE	0.0600000000000023	
7	5000	two_shared	AFR_substituted	2	2	2	TRUE	TRUE	TRUE	25	0.999998947040744	0.983644978950403	TRUE	FALSE	0.109999999999999	
7	5000	shared_plus_specific	EUR_matched	2	2	1	TRUE	TRUE	TRUE	4	0.988281289187036	0.985688208441421	TRUE	TRUE	0.0799999999999983	
7	5000	shared_plus_specific	EAS_substituted	2	2	1	TRUE	TRUE	TRUE	6	0.984940495738067	0.985688208441421	TRUE	TRUE	0.0600000000000023	
7	5000	shared_plus_specific	AFR_substituted	2	2	1	TRUE	TRUE	TRUE	20	0.972571068790524	0.985688208441421	FALSE	TRUE	0.0999999999999943	
7	5000	distinct_only	EUR_matched	1	1	0	TRUE	TRUE	TRUE	1	0.0134365850923048	0.00635555499611312	TRUE	TRUE	0.0300000000000011	
7	5000	distinct_only	EAS_substituted	1	1	0	TRUE	TRUE	TRUE	2	0.0906327934085641	0.00635555499611312	TRUE	TRUE	0.0799999999999983	
7	5000	distinct_only	AFR_substituted	1	1	0	TRUE	TRUE	TRUE	12	0.0560223510186481	0.00635555499611312	FALSE	TRUE	0.0600000000000023	
7	20000	one_shared	EUR_matched	1	1	1	TRUE	TRUE	TRUE	2	0.999289457888596	0.999257223365114	TRUE	TRUE	0.039999999999992	
7	20000	one_shared	EAS_substituted	1	1	1	TRUE	TRUE	TRUE	20	0.999661112490079	0.999257223365114	TRUE	TRUE	0.570000000000007	
7	20000	one_shared	AFR_substituted	1	1	1	TRUE	TRUE	TRUE	25	0.999999998931841	0.999257223365114	TRUE	TRUE	0.0600000000000023	
7	20000	two_shared	EUR_matched	2	2	2	TRUE	TRUE	TRUE	4	0.990521578122678	0.112793949945217	TRUE	TRUE	0.0600000000000023	
7	20000	two_shared	EAS_substituted	2	2	2	TRUE	TRUE	TRUE	25	0.999999999984865	0.112793949945217	FALSE	TRUE	0.149999999999991	
7	20000	two_shared	AFR_substituted	2	2	2	TRUE	TRUE	TRUE	25	0.999999985328259	0.112793949945217	FALSE	FALSE	0.100000000000009	
7	20000	shared_plus_specific	EUR_matched	2	2	1	TRUE	TRUE	TRUE	4	0.985372330560635	7.46921234459606e-06	TRUE	TRUE	0.0600000000000023	
7	20000	shared_plus_specific	EAS_substituted	2	2	1	TRUE	TRUE	TRUE	20	1	7.46921234459606e-06	FALSE	FALSE	0.109999999999999	
7	20000	shared_plus_specific	AFR_substituted	2	2	1	TRUE	TRUE	TRUE	25	0.999999479091792	7.46921234459606e-06	FALSE	FALSE	0.0900000000000034	
7	20000	distinct_only	EUR_matched	1	1	0	TRUE	TRUE	TRUE	2	0.0938252732325122	4.14769793164993e-21	TRUE	TRUE	0.019999999999996	
7	20000	distinct_only	EAS_substituted	1	1	0	TRUE	TRUE	TRUE	25	0.9997093399831	4.14769793164993e-21	TRUE	FALSE	1.47	
7	20000	distinct_only	AFR_substituted	1	1	0	TRUE	TRUE	TRUE	25	1.14750322662595e-05	4.14769793164993e-21	TRUE	FALSE	0.0900000000000034	
8	2000	one_shared	EUR_matched	1	1	1	TRUE	TRUE	TRUE	2	0.620964558493537	0.550293978500392	TRUE	TRUE	0.0499999999999972	
8	2000	one_shared	EAS_substituted	1	1	1	TRUE	TRUE	TRUE	1	0.629014138483899	0.550293978500392	TRUE	TRUE	0.0300000000000011	
8	2000	one_shared	AFR_substituted	1	1	1	TRUE	TRUE	TRUE	8	0.796240422016177	0.550293978500392	TRUE	TRUE	0.0499999999999972	
8	2000	two_shared	EUR_matched	2	2	2	TRUE	TRUE	TRUE	2	0.821246134327942	0.780618685078107	TRUE	TRUE	0.0499999999999972	
8	2000	two_shared	EAS_substituted	2	2	2	TRUE	TRUE	TRUE	1	0.820190156955837	0.780618685078107	TRUE	FALSE	0.0300000000000011	
8	2000	two_shared	AFR_substituted	2	2	2	TRUE	TRUE	TRUE	8	0.270700169782097	0.780618685078107	TRUE	TRUE	0.0600000000000023	
8	2000	shared_plus_specific	EUR_matched	2	2	1	TRUE	TRUE	TRUE	4	0.118153037744582	0.189771597904325	FALSE	TRUE	0.0999999999999943	
8	2000	shared_plus_specific	EAS_substituted	2	2	1	TRUE	TRUE	TRUE	5	0.0906122636269433	0.189771597904325	FALSE	TRUE	0.0699999999999932	
8	2000	shared_plus_specific	AFR_substituted	2	2	1	TRUE	TRUE	TRUE	4	0.0671240545899911	0.189771597904325	TRUE	TRUE	0.0700000000000074	
8	2000	distinct_only	EUR_matched	1	1	0	TRUE	TRUE	TRUE	4	0.207417954246669	0.102867944968767	TRUE	TRUE	0.0600000000000023	
8	2000	distinct_only	EAS_substituted	1	1	0	TRUE	TRUE	TRUE	4	0.147300787137503	0.102867944968767	TRUE	TRUE	0.0499999999999972	
8	2000	distinct_only	AFR_substituted	1	1	0	TRUE	TRUE	TRUE	10	0.930922838772383	0.102867944968767	TRUE	TRUE	0.0699999999999932	
8	5000	one_shared	EUR_matched	1	1	1	TRUE	TRUE	TRUE	2	0.97321454404251	0.957831147636753	TRUE	TRUE	0.0300000000000011	
8	5000	one_shared	EAS_substituted	1	1	1	TRUE	TRUE	TRUE	2	0.982262622066822	0.957831147636753	FALSE	TRUE	5.3	
8	5000	one_shared	AFR_substituted	1	1	1	TRUE	TRUE	TRUE	8	0.915030227040716	0.957831147636753	TRUE	TRUE	0.0600000000000023	
8	5000	two_shared	EUR_matched	2	2	2	TRUE	TRUE	TRUE	4	0.885551250767109	0.921170600486184	TRUE	TRUE	0.129999999999995	
8	5000	two_shared	EAS_substituted	2	2	2	TRUE	TRUE	TRUE	4	0.955864377268846	0.921170600486184	FALSE	TRUE	0.0699999999999932	
8	5000	two_shared	AFR_substituted	2	2	2	TRUE	TRUE	TRUE	25	0.999899887245944	0.921170600486184	FALSE	FALSE	1.33	
8	5000	shared_plus_specific	EUR_matched	2	2	1	TRUE	TRUE	TRUE	4	0.984929370769054	0.85133753499091	TRUE	TRUE	0.0600000000000023	
8	5000	shared_plus_specific	EAS_substituted	2	2	1	TRUE	TRUE	TRUE	12	0.934482906561853	0.85133753499091	FALSE	TRUE	0.0899999999999892	
8	5000	shared_plus_specific	AFR_substituted	2	2	1	TRUE	TRUE	TRUE	25	0.994126174639216	0.85133753499091	FALSE	TRUE	0.13000000000001	
8	5000	distinct_only	EUR_matched	1	1	0	TRUE	TRUE	TRUE	1	0.0104259722179374	0.00675033463206329	TRUE	TRUE	0.0300000000000011	
8	5000	distinct_only	EAS_substituted	1	1	0	TRUE	TRUE	TRUE	3	0.0802614851404566	0.00675033463206329	TRUE	TRUE	0.0499999999999972	
8	5000	distinct_only	AFR_substituted	1	1	0	TRUE	TRUE	TRUE	8	0.187239559165276	0.00675033463206329	TRUE	TRUE	0.0900000000000034	
8	20000	one_shared	EUR_matched	1	1	1	TRUE	TRUE	TRUE	2	0.998599064554604	0.998598173804903	TRUE	TRUE	0.0499999999999972	
8	20000	one_shared	EAS_substituted	1	1	1	TRUE	TRUE	TRUE	25	1	0.998598173804903	TRUE	TRUE	6.95	
8	20000	one_shared	AFR_substituted	1	1	1	TRUE	TRUE	TRUE	25	0.994955493185584	0.998598173804903	FALSE	TRUE	1.58999999999999	
8	20000	two_shared	EUR_matched	2	2	2	TRUE	TRUE	TRUE	4	0.998296488535192	0.333399228567375	TRUE	TRUE	0.0800000000000125	
8	20000	two_shared	EAS_substituted	2	2	2	FALSE	NA	NA	NA	NA	NA	NA	NA	3.91999999999999	susie_rss() did not converge in 1000 iterations. Try running with run_until_convergence=TRUE
8	20000	two_shared	AFR_substituted	2	2	2	TRUE	TRUE	TRUE	25	1	0.333399228567375	FALSE	FALSE	0.100000000000009	
8	20000	shared_plus_specific	EUR_matched	2	2	1	TRUE	TRUE	TRUE	6	0.893400874486259	3.81455663291645e-06	TRUE	FALSE	0.0900000000000034	
8	20000	shared_plus_specific	EAS_substituted	2	2	1	TRUE	TRUE	TRUE	20	0.700274626805344	3.81455663291645e-06	FALSE	FALSE	1.16	
8	20000	shared_plus_specific	AFR_substituted	2	2	1	TRUE	TRUE	TRUE	25	0.104541717952369	3.81455663291645e-06	FALSE	FALSE	0.109999999999999	
8	20000	distinct_only	EUR_matched	1	1	0	TRUE	TRUE	TRUE	1	4.81505034097381e-12	3.07536937652543e-12	TRUE	TRUE	0.0300000000000011	
8	20000	distinct_only	EAS_substituted	1	1	0	TRUE	TRUE	TRUE	25	0.276146760402764	3.07536937652543e-12	TRUE	FALSE	4.39	
8	20000	distinct_only	AFR_substituted	1	1	0	TRUE	TRUE	TRUE	25	0.999951324415072	3.07536937652543e-12	TRUE	FALSE	1.44	
9	2000	one_shared	EUR_matched	1	1	1	TRUE	TRUE	TRUE	1	0.893189003180863	0.879308369468386	TRUE	TRUE	0.0299999999999869	
9	2000	one_shared	EAS_substituted	1	1	1	TRUE	TRUE	TRUE	4	0.768836884897414	0.879308369468386	TRUE	TRUE	0.0700000000000074	
9	2000	one_shared	AFR_substituted	1	1	1	TRUE	TRUE	TRUE	3	0.133951676691691	0.879308369468386	TRUE	TRUE	0.0699999999999932	
9	2000	two_shared	EUR_matched	2	2	2	TRUE	TRUE	TRUE	4	0.991960514021909	0.992102086770176	FALSE	TRUE	0.0300000000000011	
9	2000	two_shared	EAS_substituted	2	2	2	TRUE	TRUE	TRUE	6	0.991375737079075	0.992102086770176	FALSE	TRUE	0.0599999999999881	
9	2000	two_shared	AFR_substituted	2	2	2	TRUE	TRUE	TRUE	25	0.99990664424818	0.992102086770176	FALSE	FALSE	0.0700000000000074	
9	2000	shared_plus_specific	EUR_matched	2	2	1	TRUE	TRUE	TRUE	1	0.115595976509685	0.0897809539819206	TRUE	FALSE	0.0300000000000011	
9	2000	shared_plus_specific	EAS_substituted	2	2	1	TRUE	TRUE	TRUE	2	0.115722978725441	0.0897809539819206	FALSE	FALSE	0.039999999999992	
9	2000	shared_plus_specific	AFR_substituted	2	2	1	TRUE	TRUE	TRUE	10	0.11354636451417	0.0897809539819206	TRUE	TRUE	0.109999999999999	
9	2000	distinct_only	EUR_matched	1	1	0	TRUE	TRUE	TRUE	1	0.0378421608478396	0.0172865624075394	TRUE	TRUE	0.0400000000000063	
9	2000	distinct_only	EAS_substituted	1	1	0	TRUE	TRUE	TRUE	2	0.0375717304345901	0.0172865624075394	TRUE	TRUE	0.0400000000000063	
9	2000	distinct_only	AFR_substituted	1	1	0	TRUE	TRUE	TRUE	3	0.003764753508028	0.0172865624075394	TRUE	TRUE	0.0599999999999881	
9	5000	one_shared	EUR_matched	1	1	1	TRUE	TRUE	TRUE	2	0.725970285332009	0.570005829984012	TRUE	TRUE	0.0500000000000114	
9	5000	one_shared	EAS_substituted	1	1	1	TRUE	TRUE	TRUE	6	0.720328458709471	0.570005829984012	TRUE	TRUE	0.0599999999999881	
9	5000	one_shared	AFR_substituted	1	1	1	TRUE	TRUE	TRUE	5	0.192060557997414	0.570005829984012	TRUE	TRUE	0.0500000000000114	
9	5000	two_shared	EUR_matched	2	2	2	TRUE	TRUE	TRUE	1	0.811109334425242	0.79141440374925	FALSE	FALSE	0.0300000000000011	
9	5000	two_shared	EAS_substituted	2	2	2	TRUE	TRUE	TRUE	3	0.872402239059056	0.79141440374925	FALSE	FALSE	0.039999999999992	
9	5000	two_shared	AFR_substituted	2	2	2	TRUE	TRUE	TRUE	25	0.999713483707887	0.79141440374925	FALSE	FALSE	0.100000000000009	
9	5000	shared_plus_specific	EUR_matched	2	2	1	TRUE	TRUE	TRUE	2	0.965481128607889	0.833869114866284	TRUE	TRUE	0.0600000000000023	
9	5000	shared_plus_specific	EAS_substituted	2	2	1	TRUE	TRUE	TRUE	6	0.957019230930213	0.833869114866284	FALSE	FALSE	0.0799999999999983	
9	5000	shared_plus_specific	AFR_substituted	2	2	1	TRUE	TRUE	TRUE	25	0.998590395627691	0.833869114866284	FALSE	TRUE	0.0600000000000023	
9	5000	distinct_only	EUR_matched	1	1	0	TRUE	TRUE	TRUE	1	0.960035957835366	0.957921076004201	TRUE	TRUE	0.0499999999999972	
9	5000	distinct_only	EAS_substituted	1	1	0	TRUE	TRUE	TRUE	2	0.960701657965498	0.957921076004201	TRUE	TRUE	0.0499999999999972	
9	5000	distinct_only	AFR_substituted	1	1	0	TRUE	TRUE	TRUE	25	0.99847703798514	0.957921076004201	TRUE	TRUE	0.0700000000000074	
9	20000	one_shared	EUR_matched	1	1	1	TRUE	TRUE	TRUE	2	0.980762888708148	0.981738871397313	TRUE	TRUE	0.0499999999999972	
9	20000	one_shared	EAS_substituted	1	1	1	TRUE	TRUE	TRUE	20	0.998446993349488	0.981738871397313	FALSE	FALSE	1.67	
9	20000	one_shared	AFR_substituted	1	1	1	TRUE	TRUE	TRUE	25	0.999999999999986	0.981738871397313	FALSE	FALSE	0.0600000000000023	
9	20000	two_shared	EUR_matched	2	2	2	TRUE	TRUE	TRUE	4	0.99431890624531	0.993112677176283	TRUE	TRUE	0.170000000000002	
9	20000	two_shared	EAS_substituted	2	2	2	TRUE	TRUE	TRUE	25	0.999999168608757	0.993112677176283	FALSE	FALSE	1.52999999999999	
9	20000	two_shared	AFR_substituted	2	2	2	TRUE	TRUE	TRUE	25	1	0.993112677176283	FALSE	FALSE	0.100000000000009	
9	20000	shared_plus_specific	EUR_matched	2	2	1	TRUE	TRUE	TRUE	6	0.984961750262481	0.0281257743130879	TRUE	TRUE	0.120000000000005	
9	20000	shared_plus_specific	EAS_substituted	2	2	1	TRUE	TRUE	TRUE	25	0.999996506448048	0.0281257743130879	FALSE	TRUE	0.179999999999993	
9	20000	shared_plus_specific	AFR_substituted	2	2	1	TRUE	TRUE	TRUE	25	0.999999998111434	0.0281257743130879	FALSE	TRUE	0.0600000000000023	
9	20000	distinct_only	EUR_matched	1	1	0	TRUE	TRUE	TRUE	1	1.04220244809999e-06	7.69299208666641e-07	TRUE	TRUE	0.039999999999992	
9	20000	distinct_only	EAS_substituted	1	1	0	TRUE	TRUE	TRUE	25	0.99999999997317	7.69299208666641e-07	FALSE	TRUE	0.820000000000007	
9	20000	distinct_only	AFR_substituted	1	1	0	TRUE	TRUE	TRUE	25	0.999999969082566	7.69299208666641e-07	TRUE	FALSE	0.0799999999999983	
10	2000	one_shared	EUR_matched	1	1	1	TRUE	TRUE	TRUE	1	0.683382522730218	0.613054141289868	TRUE	TRUE	0.0300000000000011	
10	2000	one_shared	EAS_substituted	1	1	1	TRUE	TRUE	TRUE	2	0.665617277174883	0.613054141289868	TRUE	TRUE	0.0300000000000011	
10	2000	one_shared	AFR_substituted	1	1	1	TRUE	TRUE	TRUE	9	0.0164488078503105	0.613054141289868	TRUE	TRUE	0.139999999999986	
10	2000	two_shared	EUR_matched	2	2	2	TRUE	TRUE	TRUE	4	0.722093498959127	0.0238738520259922	TRUE	TRUE	0.0700000000000074	
10	2000	two_shared	EAS_substituted	2	2	2	TRUE	TRUE	TRUE	6	0.311999185174974	0.0238738520259922	TRUE	TRUE	0.0400000000000063	
10	2000	two_shared	AFR_substituted	2	2	2	TRUE	TRUE	TRUE	2	0.0492478347390786	0.0238738520259922	FALSE	TRUE	0.0499999999999972	
10	2000	shared_plus_specific	EUR_matched	2	2	1	TRUE	TRUE	TRUE	2	0.108325264832479	0.348583111620106	FALSE	FALSE	0.0499999999999972	
10	2000	shared_plus_specific	EAS_substituted	2	2	1	TRUE	TRUE	TRUE	5	0.0364463915540775	0.348583111620106	FALSE	FALSE	0.0799999999999983	
10	2000	shared_plus_specific	AFR_substituted	2	2	1	TRUE	TRUE	TRUE	9	0.0657218651253342	0.348583111620106	TRUE	TRUE	0.0600000000000023	
10	2000	distinct_only	EUR_matched	1	1	0	TRUE	TRUE	TRUE	1	0.0736705255004083	0.0246003152726146	TRUE	TRUE	0.0300000000000011	
10	2000	distinct_only	EAS_substituted	1	1	0	TRUE	TRUE	TRUE	2	0.0685284026841093	0.0246003152726146	TRUE	TRUE	0.0799999999999983	
10	2000	distinct_only	AFR_substituted	1	1	0	TRUE	TRUE	TRUE	4	0.055331586588281	0.0246003152726146	TRUE	TRUE	0.0300000000000011	
10	5000	one_shared	EUR_matched	1	1	1	TRUE	TRUE	TRUE	1	0.975745041696475	0.974980672025429	FALSE	TRUE	0.0499999999999972	
10	5000	one_shared	EAS_substituted	1	1	1	TRUE	TRUE	TRUE	1	0.975745041696475	0.974980672025429	FALSE	TRUE	0.0400000000000063	
10	5000	one_shared	AFR_substituted	1	1	1	TRUE	TRUE	TRUE	16	0.991618303742272	0.974980672025429	TRUE	FALSE	0.0599999999999881	
10	5000	two_shared	EUR_matched	2	2	2	TRUE	TRUE	TRUE	4	0.982109464014859	0.0977081435012412	TRUE	TRUE	0.0800000000000125	
10	5000	two_shared	EAS_substituted	2	2	2	TRUE	TRUE	TRUE	8	0.954699215161882	0.0977081435012412	TRUE	TRUE	0.0799999999999983	
10	5000	two_shared	AFR_substituted	2	2	2	TRUE	TRUE	TRUE	10	0.823687204000357	0.0977081435012412	TRUE	TRUE	0.0899999999999892	
10	5000	shared_plus_specific	EUR_matched	2	2	1	TRUE	TRUE	TRUE	6	0.163552963868563	0.818674533209068	TRUE	TRUE	0.160000000000011	
10	5000	shared_plus_specific	EAS_substituted	2	2	1	TRUE	TRUE	TRUE	10	0.71374620210751	0.818674533209068	TRUE	TRUE	0.140000000000001	
10	5000	shared_plus_specific	AFR_substituted	2	2	1	TRUE	TRUE	TRUE	10	0.168085744163345	0.818674533209068	TRUE	TRUE	0.140000000000001	
10	5000	distinct_only	EUR_matched	1	1	0	TRUE	TRUE	TRUE	3	0.271681545289112	0.259051309892409	TRUE	TRUE	0.0499999999999972	
10	5000	distinct_only	EAS_substituted	1	1	0	TRUE	TRUE	TRUE	15	0.140717994443647	0.259051309892409	TRUE	TRUE	0.0600000000000023	
10	5000	distinct_only	AFR_substituted	1	1	0	TRUE	TRUE	TRUE	15	0.676889720520141	0.259051309892409	TRUE	TRUE	0.0999999999999943	
10	20000	one_shared	EUR_matched	1	1	1	TRUE	TRUE	TRUE	1	0.998180955749194	0.998214274791518	TRUE	TRUE	0.0300000000000011	
10	20000	one_shared	EAS_substituted	1	1	1	TRUE	TRUE	TRUE	25	1	0.998214274791518	FALSE	FALSE	1.45	
10	20000	one_shared	AFR_substituted	1	1	1	TRUE	TRUE	TRUE	25	0.999999998745508	0.998214274791518	FALSE	FALSE	0.0600000000000023	
10	20000	two_shared	EUR_matched	2	2	2	TRUE	TRUE	TRUE	4	0.995618630888147	0.993493614654766	TRUE	FALSE	0.0799999999999983	
10	20000	two_shared	EAS_substituted	2	2	2	TRUE	TRUE	TRUE	15	0.798749602272596	0.993493614654766	FALSE	FALSE	3.55999999999999	
10	20000	two_shared	AFR_substituted	2	2	2	TRUE	TRUE	TRUE	25	0.997433548438118	0.993493614654766	TRUE	FALSE	1.59999999999999	
10	20000	shared_plus_specific	EUR_matched	2	2	1	TRUE	TRUE	TRUE	4	0.995268491663218	0.98919254996819	TRUE	TRUE	0.0600000000000023	
10	20000	shared_plus_specific	EAS_substituted	2	2	1	TRUE	TRUE	TRUE	25	0.999984571745029	0.98919254996819	TRUE	FALSE	0.140000000000015	
10	20000	shared_plus_specific	AFR_substituted	2	2	1	TRUE	TRUE	TRUE	25	0.999998286622561	0.98919254996819	TRUE	FALSE	0.0799999999999841	
10	20000	distinct_only	EUR_matched	1	1	0	TRUE	TRUE	TRUE	1	1.64948159905204e-22	8.12258422321821e-23	TRUE	TRUE	0.0400000000000205	
10	20000	distinct_only	EAS_substituted	1	1	0	TRUE	TRUE	TRUE	20	1	8.12258422321821e-23	FALSE	TRUE	2.35999999999999	
10	20000	distinct_only	AFR_substituted	1	1	0	TRUE	TRUE	TRUE	25	0.387626599691203	8.12258422321821e-23	FALSE	TRUE	1.31999999999999	
11	2000	one_shared	EUR_matched	1	1	1	TRUE	TRUE	TRUE	0	NA	0.000169037701574343	FALSE	TRUE	0.0400000000000205	
11	2000	one_shared	EAS_substituted	1	1	1	TRUE	TRUE	TRUE	0	NA	0.000169037701574343	FALSE	TRUE	0.0699999999999932	
11	2000	one_shared	AFR_substituted	1	1	1	TRUE	TRUE	TRUE	0	NA	0.000169037701574343	FALSE	TRUE	0.039999999999992	
11	2000	two_shared	EUR_matched	2	2	2	TRUE	TRUE	TRUE	4	0.683675874049365	0.0998546470536457	TRUE	TRUE	0.0500000000000114	
11	2000	two_shared	EAS_substituted	2	2	2	TRUE	TRUE	TRUE	4	0.501727628572111	0.0998546470536457	TRUE	TRUE	0.0600000000000023	
11	2000	two_shared	AFR_substituted	2	2	2	TRUE	TRUE	TRUE	4	0.0193118334585128	0.0998546470536457	TRUE	TRUE	0.0600000000000023	
11	2000	shared_plus_specific	EUR_matched	2	2	1	TRUE	TRUE	TRUE	2	0.0679628528677609	0.0076723450013158	TRUE	TRUE	0.0499999999999829	
11	2000	shared_plus_specific	EAS_substituted	2	2	1	TRUE	TRUE	TRUE	2	0.039720005901685	0.0076723450013158	TRUE	TRUE	0.0500000000000114	
11	2000	shared_plus_specific	AFR_substituted	2	2	1	TRUE	TRUE	TRUE	6	0.0137673311975045	0.0076723450013158	TRUE	TRUE	0.0500000000000114	
11	2000	distinct_only	EUR_matched	1	1	0	TRUE	TRUE	TRUE	1	0.00281665508958085	0.000780576317723317	TRUE	TRUE	0.0300000000000011	
11	2000	distinct_only	EAS_substituted	1	1	0	TRUE	TRUE	TRUE	1	0.00281665508958085	0.000780576317723317	TRUE	TRUE	0.0300000000000011	
11	2000	distinct_only	AFR_substituted	1	1	0	TRUE	TRUE	TRUE	2	0.00198751284172821	0.000780576317723317	TRUE	TRUE	0.0499999999999829	
11	5000	one_shared	EUR_matched	1	1	1	TRUE	TRUE	TRUE	1	0.893537147159897	0.820075572255285	TRUE	TRUE	0.0300000000000011	
11	5000	one_shared	EAS_substituted	1	1	1	TRUE	TRUE	TRUE	1	0.893537147159897	0.820075572255285	TRUE	TRUE	0.0500000000000114	
11	5000	one_shared	AFR_substituted	1	1	1	TRUE	TRUE	TRUE	6	0.870388549012745	0.820075572255285	TRUE	TRUE	0.0500000000000114	
11	5000	two_shared	EUR_matched	2	2	2	TRUE	TRUE	TRUE	4	0.971644560174661	0.0517686364931142	TRUE	TRUE	0.0499999999999829	
11	5000	two_shared	EAS_substituted	2	2	2	TRUE	TRUE	TRUE	4	0.866143920595184	0.0517686364931142	TRUE	TRUE	0.0600000000000023	
11	5000	two_shared	AFR_substituted	2	2	2	TRUE	TRUE	TRUE	6	0.0619081528526109	0.0517686364931142	TRUE	TRUE	0.0500000000000114	
11	5000	shared_plus_specific	EUR_matched	2	2	1	TRUE	TRUE	TRUE	3	0.0732607654291211	0.0163194882741253	TRUE	FALSE	0.0900000000000034	
11	5000	shared_plus_specific	EAS_substituted	2	2	1	TRUE	TRUE	TRUE	9	0.0541520881088153	0.0163194882741253	TRUE	TRUE	0.109999999999985	
11	5000	shared_plus_specific	AFR_substituted	2	2	1	TRUE	TRUE	TRUE	4	0.0435400440463029	0.0163194882741253	TRUE	TRUE	0.130000000000024	
11	5000	distinct_only	EUR_matched	1	1	0	TRUE	TRUE	TRUE	2	0.0677078375714647	0.0281536748941772	TRUE	TRUE	0.0299999999999727	
11	5000	distinct_only	EAS_substituted	1	1	0	TRUE	TRUE	TRUE	2	0.0228618739891816	0.0281536748941772	TRUE	TRUE	0.0400000000000205	
11	5000	distinct_only	AFR_substituted	1	1	0	TRUE	TRUE	TRUE	3	0.0363305038664384	0.0281536748941772	TRUE	TRUE	0.0699999999999932	
11	20000	one_shared	EUR_matched	1	1	1	TRUE	TRUE	TRUE	1	0.996329369928137	0.996342566158089	TRUE	TRUE	0.0300000000000011	
11	20000	one_shared	EAS_substituted	1	1	1	TRUE	TRUE	TRUE	6	0.996259421617766	0.996342566158089	TRUE	TRUE	0.0600000000000023	
11	20000	one_shared	AFR_substituted	1	1	1	TRUE	TRUE	TRUE	25	0.999695326174869	0.996342566158089	TRUE	TRUE	1.19	
11	20000	two_shared	EUR_matched	2	2	2	TRUE	TRUE	TRUE	4	0.995940429815129	0.923004017473444	TRUE	TRUE	0.0600000000000023	
11	20000	two_shared	EAS_substituted	2	2	2	TRUE	TRUE	TRUE	25	0.996137958772027	0.923004017473444	FALSE	TRUE	3.16	
11	20000	two_shared	AFR_substituted	2	2	2	TRUE	TRUE	TRUE	25	0.997864293891819	0.923004017473444	FALSE	FALSE	1.43000000000001	
11	20000	shared_plus_specific	EUR_matched	2	2	1	TRUE	TRUE	TRUE	4	0.995929717742673	0.000423091504607659	TRUE	TRUE	0.0799999999999841	
11	20000	shared_plus_specific	EAS_substituted	2	2	1	FALSE	NA	NA	NA	NA	NA	NA	NA	3.60000000000002	susie_rss() did not converge in 1000 iterations. Try running with run_until_convergence=TRUE
11	20000	shared_plus_specific	AFR_substituted	2	2	1	TRUE	TRUE	TRUE	25	0.393507737884676	0.000423091504607659	FALSE	FALSE	0.0699999999999932	
11	20000	distinct_only	EUR_matched	1	1	0	TRUE	TRUE	TRUE	2	0.101148409708685	1.23258415550487e-24	TRUE	TRUE	0.0300000000000011	
11	20000	distinct_only	EAS_substituted	1	1	0	TRUE	TRUE	TRUE	12	0.0609922482254797	1.23258415550487e-24	TRUE	TRUE	2.22	
11	20000	distinct_only	AFR_substituted	1	1	0	TRUE	TRUE	TRUE	25	0.0272752984891324	1.23258415550487e-24	TRUE	FALSE	0.0799999999999841	
12	2000	one_shared	EUR_matched	1	1	1	TRUE	TRUE	TRUE	1	0.0316516143718508	0.0130576845198739	TRUE	TRUE	0.0300000000000011	
12	2000	one_shared	EAS_substituted	1	1	1	TRUE	TRUE	TRUE	1	0.0316516143718508	0.0130576845198739	TRUE	TRUE	0.0300000000000011	
12	2000	one_shared	AFR_substituted	1	1	1	TRUE	TRUE	TRUE	4	0.00151047532779629	0.0130576845198739	TRUE	TRUE	0.0699999999999932	
12	2000	two_shared	EUR_matched	2	2	2	TRUE	TRUE	TRUE	1	0.612287462001605	0.522724528825891	TRUE	FALSE	0.0400000000000205	
12	2000	two_shared	EAS_substituted	2	2	2	TRUE	TRUE	TRUE	3	0.608732353263878	0.522724528825891	TRUE	TRUE	0.0300000000000011	
12	2000	two_shared	AFR_substituted	2	2	2	TRUE	TRUE	TRUE	10	0.0663122017267496	0.522724528825891	TRUE	TRUE	1.28999999999999	
12	2000	shared_plus_specific	EUR_matched	2	2	1	TRUE	TRUE	TRUE	3	0.0127244241375932	0.0046296173840126	TRUE	TRUE	0.0300000000000011	
12	2000	shared_plus_specific	EAS_substituted	2	2	1	TRUE	TRUE	TRUE	2	0.0109555717764044	0.0046296173840126	TRUE	TRUE	0.0300000000000011	
12	2000	shared_plus_specific	AFR_substituted	2	2	1	TRUE	TRUE	TRUE	12	0.0102828208068318	0.0046296173840126	TRUE	TRUE	0.0900000000000034	
12	2000	distinct_only	EUR_matched	1	1	0	TRUE	TRUE	TRUE	1	0.00729541464002662	0.0019305639492801	TRUE	TRUE	0.0300000000000011	
12	2000	distinct_only	EAS_substituted	1	1	0	TRUE	TRUE	TRUE	1	0.00729541464002662	0.0019305639492801	TRUE	TRUE	0.0499999999999829	
12	2000	distinct_only	AFR_substituted	1	1	0	TRUE	TRUE	TRUE	4	0.00120427619097324	0.0019305639492801	TRUE	TRUE	0.0800000000000125	
12	5000	one_shared	EUR_matched	1	1	1	TRUE	TRUE	TRUE	2	0.977826906096041	0.977781896953504	TRUE	TRUE	0.0500000000000114	
12	5000	one_shared	EAS_substituted	1	1	1	TRUE	TRUE	TRUE	5	0.987717042140936	0.977781896953504	FALSE	TRUE	0.779999999999973	
12	5000	one_shared	AFR_substituted	1	1	1	TRUE	TRUE	TRUE	15	0.840900124988712	0.977781896953504	TRUE	FALSE	1.31	
12	5000	two_shared	EUR_matched	2	2	2	TRUE	TRUE	TRUE	4	0.982422993436985	0.960447314651964	TRUE	TRUE	0.0600000000000023	
12	5000	two_shared	EAS_substituted	2	2	2	TRUE	TRUE	TRUE	12	0.846623877381436	0.960447314651964	TRUE	TRUE	0.0800000000000125	
12	5000	two_shared	AFR_substituted	2	2	2	TRUE	TRUE	TRUE	25	0.999343439640796	0.960447314651964	TRUE	FALSE	0.089999999999975	
12	5000	shared_plus_specific	EUR_matched	2	2	1	TRUE	TRUE	TRUE	6	0.474331167335909	0.00368373357992909	TRUE	TRUE	0.0699999999999932	
12	5000	shared_plus_specific	EAS_substituted	2	2	1	TRUE	TRUE	TRUE	12	0.349196391587398	0.00368373357992909	TRUE	TRUE	0.0600000000000023	
12	5000	shared_plus_specific	AFR_substituted	2	2	1	TRUE	TRUE	TRUE	20	0.236810096478049	0.00368373357992909	FALSE	TRUE	0.0799999999999841	
12	5000	distinct_only	EUR_matched	1	1	0	TRUE	TRUE	TRUE	1	8.02055882323102e-05	5.29526140505528e-05	TRUE	TRUE	0.0300000000000011	
12	5000	distinct_only	EAS_substituted	1	1	0	TRUE	TRUE	TRUE	3	0.089081241128423	5.29526140505528e-05	TRUE	TRUE	0.0500000000000114	
12	5000	distinct_only	AFR_substituted	1	1	0	TRUE	TRUE	TRUE	12	0.054477308407469	5.29526140505528e-05	TRUE	TRUE	0.0699999999999932	
12	20000	one_shared	EUR_matched	1	1	1	TRUE	TRUE	TRUE	1	0.982750793655347	0.982697303615082	TRUE	TRUE	0.0500000000000114	
12	20000	one_shared	EAS_substituted	1	1	1	TRUE	TRUE	TRUE	25	0.999999945999265	0.982697303615082	FALSE	TRUE	1.01999999999998	
12	20000	one_shared	AFR_substituted	1	1	1	TRUE	TRUE	TRUE	25	1	0.982697303615082	FALSE	FALSE	3.03	
12	20000	two_shared	EUR_matched	2	2	2	TRUE	TRUE	TRUE	4	0.995287090914576	1.23300565508068e-05	TRUE	TRUE	0.0499999999999829	
12	20000	two_shared	EAS_substituted	2	2	2	TRUE	TRUE	TRUE	25	0.999999999913747	1.23300565508068e-05	FALSE	TRUE	2.56999999999999	
12	20000	two_shared	AFR_substituted	2	2	2	TRUE	TRUE	TRUE	25	0.999999949580677	1.23300565508068e-05	FALSE	FALSE	0.0999999999999943	
12	20000	shared_plus_specific	EUR_matched	2	2	1	TRUE	TRUE	TRUE	4	0.985880217909002	0.98786557351516	TRUE	TRUE	0.0699999999999932	
12	20000	shared_plus_specific	EAS_substituted	2	2	1	TRUE	TRUE	TRUE	25	1	0.98786557351516	FALSE	FALSE	2.63999999999999	
12	20000	shared_plus_specific	AFR_substituted	2	2	1	TRUE	TRUE	TRUE	25	0.0360019663275588	0.98786557351516	FALSE	FALSE	1.67000000000002	
12	20000	distinct_only	EUR_matched	1	1	0	TRUE	TRUE	TRUE	1	6.79164857438156e-19	3.64392668359933e-19	TRUE	TRUE	0.0400000000000205	
12	20000	distinct_only	EAS_substituted	1	1	0	TRUE	TRUE	TRUE	15	6.8021625452619e-05	3.64392668359933e-19	FALSE	FALSE	3.13999999999999	
12	20000	distinct_only	AFR_substituted	1	1	0	TRUE	TRUE	TRUE	25	0.970849892315457	3.64392668359933e-19	FALSE	TRUE	1.61000000000001	
13	2000	one_shared	EUR_matched	1	1	1	TRUE	TRUE	TRUE	1	0.102177397487645	0.051007457045793	TRUE	TRUE	0.0299999999999727	
13	2000	one_shared	EAS_substituted	1	1	1	TRUE	TRUE	TRUE	1	0.102177397487645	0.051007457045793	TRUE	TRUE	0.0400000000000205	
13	2000	one_shared	AFR_substituted	1	1	1	TRUE	TRUE	TRUE	4	0.109964402195852	0.051007457045793	TRUE	TRUE	0.0499999999999829	
13	2000	two_shared	EUR_matched	2	2	2	TRUE	TRUE	TRUE	4	0.989050584695624	0.990996705735854	TRUE	TRUE	0.039999999999992	
13	2000	two_shared	EAS_substituted	2	2	2	TRUE	TRUE	TRUE	9	0.988312025811949	0.990996705735854	FALSE	TRUE	0.0800000000000125	
13	2000	two_shared	AFR_substituted	2	2	2	TRUE	TRUE	TRUE	9	0.992495108486941	0.990996705735854	TRUE	TRUE	0.0799999999999841	
13	2000	shared_plus_specific	EUR_matched	2	2	1	TRUE	TRUE	TRUE	4	0.339925420355483	0.352319498238911	TRUE	TRUE	0.0300000000000011	
13	2000	shared_plus_specific	EAS_substituted	2	2	1	TRUE	TRUE	TRUE	9	0.163896417414321	0.352319498238911	TRUE	TRUE	0.0600000000000023	
13	2000	shared_plus_specific	AFR_substituted	2	2	1	TRUE	TRUE	TRUE	12	0.0207235449755198	0.352319498238911	TRUE	TRUE	0.0900000000000034	
13	2000	distinct_only	EUR_matched	1	1	0	TRUE	TRUE	TRUE	1	0.00124607100312979	0.00018908741950907	TRUE	TRUE	0.0300000000000011	
13	2000	distinct_only	EAS_substituted	1	1	0	TRUE	TRUE	TRUE	1	0.00124607100312979	0.00018908741950907	TRUE	TRUE	0.0499999999999829	
13	2000	distinct_only	AFR_substituted	1	1	0	TRUE	TRUE	TRUE	1	0.00105835134318379	0.00018908741950907	TRUE	TRUE	0.0500000000000114	
13	5000	one_shared	EUR_matched	1	1	1	TRUE	TRUE	TRUE	2	0.992006908885946	0.992275092639865	TRUE	TRUE	0.0300000000000011	
13	5000	one_shared	EAS_substituted	1	1	1	TRUE	TRUE	TRUE	5	0.990350498984462	0.992275092639865	TRUE	TRUE	0.0900000000000034	
13	5000	one_shared	AFR_substituted	1	1	1	TRUE	TRUE	TRUE	12	0.995736036897602	0.992275092639865	TRUE	TRUE	0.0600000000000023	
13	5000	two_shared	EUR_matched	2	2	2	TRUE	TRUE	TRUE	4	0.811879951125177	0.589104666036593	TRUE	TRUE	0.0699999999999932	
13	5000	two_shared	EAS_substituted	2	2	2	TRUE	TRUE	TRUE	6	0.889318249502316	0.589104666036593	FALSE	TRUE	0.0800000000000125	
13	5000	two_shared	AFR_substituted	2	2	2	TRUE	TRUE	TRUE	5	0.325407373669396	0.589104666036593	TRUE	TRUE	0.0599999999999739	
13	5000	shared_plus_specific	EUR_matched	2	2	1	TRUE	TRUE	TRUE	4	0.790797495328558	0.935253683820676	TRUE	FALSE	0.0800000000000125	
13	5000	shared_plus_specific	EAS_substituted	2	2	1	TRUE	TRUE	TRUE	6	0.991295492338168	0.935253683820676	TRUE	TRUE	0.0900000000000034	
13	5000	shared_plus_specific	AFR_substituted	2	2	1	TRUE	TRUE	TRUE	25	0.993764772334375	0.935253683820676	TRUE	TRUE	0.0799999999999841	
13	5000	distinct_only	EUR_matched	1	1	0	TRUE	TRUE	TRUE	4	0.0271147692598664	0.00925720424325891	TRUE	TRUE	0.0600000000000023	
13	5000	distinct_only	EAS_substituted	1	1	0	TRUE	TRUE	TRUE	4	0.0601247890785765	0.00925720424325891	TRUE	TRUE	0.0500000000000114	
13	5000	distinct_only	AFR_substituted	1	1	0	TRUE	TRUE	TRUE	8	0.0947019832638021	0.00925720424325891	TRUE	TRUE	0.0300000000000011	
13	20000	one_shared	EUR_matched	1	1	1	TRUE	TRUE	TRUE	2	0.994922138618606	0.99496006074675	TRUE	TRUE	0.0300000000000011	
13	20000	one_shared	EAS_substituted	1	1	1	TRUE	TRUE	TRUE	25	0.999999999805929	0.99496006074675	FALSE	TRUE	0.580000000000013	
13	20000	one_shared	AFR_substituted	1	1	1	TRUE	TRUE	TRUE	25	1	0.99496006074675	FALSE	FALSE	0.139999999999986	
13	20000	two_shared	EUR_matched	2	2	2	TRUE	TRUE	TRUE	4	0.999879024896031	0.952811636474571	TRUE	TRUE	0.039999999999992	
13	20000	two_shared	EAS_substituted	2	2	2	TRUE	TRUE	TRUE	25	0.999999993374516	0.952811636474571	FALSE	FALSE	0.280000000000001	
13	20000	two_shared	AFR_substituted	2	2	2	TRUE	TRUE	TRUE	25	0.999999242260411	0.952811636474571	FALSE	TRUE	0.0800000000000125	
13	20000	shared_plus_specific	EUR_matched	2	2	1	TRUE	TRUE	TRUE	4	0.974181744547941	0.00158100956166419	TRUE	FALSE	0.0800000000000125	
13	20000	shared_plus_specific	EAS_substituted	2	2	1	FALSE	NA	NA	NA	NA	NA	NA	NA	3.44999999999999	susie_rss() did not converge in 1000 iterations. Try running with run_until_convergence=TRUE
13	20000	shared_plus_specific	AFR_substituted	2	2	1	TRUE	TRUE	TRUE	25	0.598204847482795	0.00158100956166419	TRUE	FALSE	0.0800000000000125	
13	20000	distinct_only	EUR_matched	1	1	0	TRUE	TRUE	TRUE	1	3.04817708668014e-26	1.37122543287906e-26	TRUE	TRUE	0.0300000000000011	
13	20000	distinct_only	EAS_substituted	1	1	0	TRUE	TRUE	TRUE	15	0.999999961776276	1.37122543287906e-26	TRUE	TRUE	1.97999999999999	
13	20000	distinct_only	AFR_substituted	1	1	0	TRUE	TRUE	TRUE	25	0.755099886408889	1.37122543287906e-26	FALSE	TRUE	0.129999999999995	
14	2000	one_shared	EUR_matched	1	1	1	TRUE	TRUE	TRUE	1	0.527853883995432	0.461252366876896	TRUE	TRUE	0.0300000000000011	
14	2000	one_shared	EAS_substituted	1	1	1	TRUE	TRUE	TRUE	3	0.25290897716599	0.461252366876896	TRUE	TRUE	0.0600000000000023	
14	2000	one_shared	AFR_substituted	1	1	1	TRUE	TRUE	TRUE	2	0.0915504676162118	0.461252366876896	TRUE	TRUE	0.0600000000000023	
14	2000	two_shared	EUR_matched	2	2	2	TRUE	TRUE	TRUE	1	0.142393675683748	0.0785668945401256	TRUE	TRUE	0.0400000000000205	
14	2000	two_shared	EAS_substituted	2	2	2	TRUE	TRUE	TRUE	1	0.142393675683748	0.0785668945401256	TRUE	TRUE	0.0299999999999727	
14	2000	two_shared	AFR_substituted	2	2	2	TRUE	TRUE	TRUE	9	0.00185309458674823	0.0785668945401256	TRUE	TRUE	0.0700000000000216	
14	2000	shared_plus_specific	EUR_matched	2	2	1	TRUE	TRUE	TRUE	2	0.0254703155922922	0.0205625769311459	TRUE	TRUE	0.0499999999999829	
14	2000	shared_plus_specific	EAS_substituted	2	2	1	TRUE	TRUE	TRUE	2	0.0371411435713612	0.0205625769311459	TRUE	TRUE	0.0500000000000114	
14	2000	shared_plus_specific	AFR_substituted	2	2	1	TRUE	TRUE	TRUE	5	0.0834336366421538	0.0205625769311459	TRUE	TRUE	0.0799999999999841	
14	2000	distinct_only	EUR_matched	1	1	0	TRUE	TRUE	TRUE	1	0.0937609519455857	0.0731295166550303	TRUE	TRUE	0.0300000000000011	
14	2000	distinct_only	EAS_substituted	1	1	0	TRUE	TRUE	TRUE	2	0.0847241288967062	0.0731295166550303	TRUE	TRUE	0.0699999999999932	
14	2000	distinct_only	AFR_substituted	1	1	0	TRUE	TRUE	TRUE	8	0.19160130639334	0.0731295166550303	TRUE	TRUE	0.0600000000000023	
14	5000	one_shared	EUR_matched	1	1	1	TRUE	TRUE	TRUE	1	0.998835127315377	0.998850930140911	TRUE	TRUE	0.0500000000000114	
14	5000	one_shared	EAS_substituted	1	1	1	TRUE	TRUE	TRUE	8	0.99842257050741	0.998850930140911	TRUE	TRUE	0.0599999999999739	
14	5000	one_shared	AFR_substituted	1	1	1	TRUE	TRUE	TRUE	20	0.998924841970597	0.998850930140911	TRUE	TRUE	0.0800000000000125	
14	5000	two_shared	EUR_matched	2	2	2	TRUE	TRUE	TRUE	4	0.990511412423772	0.977020439287062	TRUE	TRUE	0.0900000000000034	
14	5000	two_shared	EAS_substituted	2	2	2	TRUE	TRUE	TRUE	6	0.99812651902219	0.977020439287062	TRUE	TRUE	0.109999999999985	
14	5000	two_shared	AFR_substituted	2	2	2	TRUE	TRUE	TRUE	20	0.99768966934191	0.977020439287062	FALSE	TRUE	0.0600000000000023	
14	5000	shared_plus_specific	EUR_matched	2	2	1	TRUE	TRUE	TRUE	2	0.862324646871052	0.578108402075608	TRUE	FALSE	0.0500000000000114	
14	5000	shared_plus_specific	EAS_substituted	2	2	1	TRUE	TRUE	TRUE	4	0.96537407315227	0.578108402075608	TRUE	FALSE	0.0799999999999841	
14	5000	shared_plus_specific	AFR_substituted	2	2	1	TRUE	TRUE	TRUE	10	0.379050379012261	0.578108402075608	FALSE	TRUE	0.110000000000014	
14	5000	distinct_only	EUR_matched	1	1	0	TRUE	TRUE	TRUE	1	3.12708036598716e-07	1.925446332629e-07	TRUE	TRUE	0.0300000000000011	
14	5000	distinct_only	EAS_substituted	1	1	0	TRUE	TRUE	TRUE	10	0.936670265367555	1.925446332629e-07	TRUE	FALSE	0.870000000000005	
14	5000	distinct_only	AFR_substituted	1	1	0	TRUE	TRUE	TRUE	25	0.454763458968054	1.925446332629e-07	TRUE	TRUE	0.25	
14	20000	one_shared	EUR_matched	1	1	1	TRUE	TRUE	TRUE	2	0.999000147762735	0.999000138212027	TRUE	TRUE	0.0300000000000011	
14	20000	one_shared	EAS_substituted	1	1	1	TRUE	TRUE	TRUE	20	0.999000998716104	0.999000138212027	TRUE	TRUE	0.640000000000015	
14	20000	one_shared	AFR_substituted	1	1	1	TRUE	TRUE	TRUE	25	0.999812797228997	0.999000138212027	TRUE	FALSE	1.41	
14	20000	two_shared	EUR_matched	2	2	2	TRUE	TRUE	TRUE	4	0.998807080835778	0.0563828051405491	TRUE	TRUE	0.0600000000000023	
14	20000	two_shared	EAS_substituted	2	2	2	TRUE	TRUE	TRUE	25	0.999000999544905	0.0563828051405491	TRUE	FALSE	2.00999999999999	
14	20000	two_shared	AFR_substituted	2	2	2	TRUE	TRUE	TRUE	25	0.999990128579733	0.0563828051405491	FALSE	FALSE	1.5	
14	20000	shared_plus_specific	EUR_matched	2	2	1	TRUE	TRUE	TRUE	4	0.979755778584054	0.630586242385374	TRUE	TRUE	0.0600000000000023	
14	20000	shared_plus_specific	EAS_substituted	2	2	1	FALSE	NA	NA	NA	NA	NA	NA	NA	3.53	susie_rss() did not converge in 1000 iterations. Try running with run_until_convergence=TRUE
14	20000	shared_plus_specific	AFR_substituted	2	2	1	TRUE	TRUE	TRUE	25	1	0.630586242385374	FALSE	FALSE	2.91	
14	20000	distinct_only	EUR_matched	1	1	0	TRUE	TRUE	TRUE	4	0.105730361833811	1.20333880017415e-12	TRUE	TRUE	0.0499999999999829	
14	20000	distinct_only	EAS_substituted	1	1	0	TRUE	TRUE	TRUE	20	0.674825706651147	1.20333880017415e-12	TRUE	FALSE	0.980000000000018	
14	20000	distinct_only	AFR_substituted	1	1	0	TRUE	TRUE	TRUE	25	0.999999405685535	1.20333880017415e-12	TRUE	FALSE	0.0799999999999841	
15	2000	one_shared	EUR_matched	1	1	1	TRUE	TRUE	TRUE	3	0.00301877688915629	0.0116602391390946	TRUE	TRUE	0.0900000000000034	
15	2000	one_shared	EAS_substituted	1	1	1	TRUE	TRUE	TRUE	6	0.00231057686754325	0.0116602391390946	TRUE	TRUE	0.0999999999999943	
15	2000	one_shared	AFR_substituted	1	1	1	TRUE	TRUE	TRUE	4	0.00151625699431937	0.0116602391390946	TRUE	TRUE	0.0600000000000023	
15	2000	two_shared	EUR_matched	2	2	2	TRUE	TRUE	TRUE	4	0.942380558753155	0.945596852785898	TRUE	TRUE	0.0600000000000023	
15	2000	two_shared	EAS_substituted	2	2	2	TRUE	TRUE	TRUE	6	0.921623400800631	0.945596852785898	TRUE	TRUE	0.100000000000023	
15	2000	two_shared	AFR_substituted	2	2	2	TRUE	TRUE	TRUE	4	0.225676108120593	0.945596852785898	TRUE	TRUE	0.0699999999999932	
15	2000	shared_plus_specific	EUR_matched	2	2	1	TRUE	TRUE	TRUE	2	0.0527186150399286	0.110614447737183	TRUE	TRUE	0.0600000000000023	
15	2000	shared_plus_specific	EAS_substituted	2	2	1	TRUE	TRUE	TRUE	4	0.12923090246808	0.110614447737183	TRUE	TRUE	0.0600000000000023	
15	2000	shared_plus_specific	AFR_substituted	2	2	1	TRUE	TRUE	TRUE	3	0.131562222804509	0.110614447737183	FALSE	TRUE	0.110000000000014	
15	2000	distinct_only	EUR_matched	1	1	0	TRUE	TRUE	TRUE	1	0.0721481820130567	0.0369906398415884	TRUE	TRUE	0.0300000000000011	
15	2000	distinct_only	EAS_substituted	1	1	0	TRUE	TRUE	TRUE	3	0.0631067196560937	0.0369906398415884	TRUE	TRUE	0.0699999999999932	
15	2000	distinct_only	AFR_substituted	1	1	0	TRUE	TRUE	TRUE	10	0.0901243453994209	0.0369906398415884	TRUE	TRUE	0.0600000000000023	
15	5000	one_shared	EUR_matched	1	1	1	TRUE	TRUE	TRUE	1	0.992826709538696	0.992911321990589	TRUE	TRUE	0.0300000000000011	
15	5000	one_shared	EAS_substituted	1	1	1	TRUE	TRUE	TRUE	6	0.991800102743806	0.992911321990589	TRUE	TRUE	0.0600000000000023	
15	5000	one_shared	AFR_substituted	1	1	1	TRUE	TRUE	TRUE	16	0.998885908718502	0.992911321990589	TRUE	TRUE	0.0699999999999932	
15	5000	two_shared	EUR_matched	2	2	2	TRUE	TRUE	TRUE	4	0.922398046805192	0.928040342309351	TRUE	TRUE	0.100000000000023	
15	5000	two_shared	EAS_substituted	2	2	2	TRUE	TRUE	TRUE	12	0.96539594674403	0.928040342309351	TRUE	FALSE	0.429999999999978	
15	5000	two_shared	AFR_substituted	2	2	2	TRUE	TRUE	TRUE	8	0.224933941374337	0.928040342309351	TRUE	TRUE	0.0999999999999943	
15	5000	shared_plus_specific	EUR_matched	2	2	1	TRUE	TRUE	TRUE	2	0.982818417186732	0.982874959049042	TRUE	TRUE	0.0600000000000023	
15	5000	shared_plus_specific	EAS_substituted	2	2	1	TRUE	TRUE	TRUE	10	0.997967627371571	0.982874959049042	TRUE	FALSE	0.110000000000014	
15	5000	shared_plus_specific	AFR_substituted	2	2	1	TRUE	TRUE	TRUE	25	0.999999998979661	0.982874959049042	TRUE	TRUE	0.0900000000000034	
15	5000	distinct_only	EUR_matched	1	1	0	TRUE	TRUE	TRUE	1	0.046873477729853	0.0185562435395298	TRUE	TRUE	0.0300000000000011	
15	5000	distinct_only	EAS_substituted	1	1	0	TRUE	TRUE	TRUE	2	0.109837221488067	0.0185562435395298	TRUE	TRUE	0.0699999999999932	
15	5000	distinct_only	AFR_substituted	1	1	0	TRUE	TRUE	TRUE	4	0.0323536844884263	0.0185562435395298	TRUE	TRUE	0.039999999999992	
15	20000	one_shared	EUR_matched	1	1	1	TRUE	TRUE	TRUE	1	0.993236195426135	0.993208225022722	TRUE	TRUE	0.0500000000000114	
15	20000	one_shared	EAS_substituted	1	1	1	TRUE	TRUE	TRUE	25	0.999280119789122	0.993208225022722	FALSE	FALSE	4.75999999999999	
15	20000	one_shared	AFR_substituted	1	1	1	TRUE	TRUE	TRUE	25	1	0.993208225022722	TRUE	TRUE	0.0900000000000034	
15	20000	two_shared	EUR_matched	2	2	2	TRUE	TRUE	TRUE	4	0.993455167134425	0.99240121782211	TRUE	TRUE	0.0699999999999932	
15	20000	two_shared	EAS_substituted	2	2	2	TRUE	TRUE	TRUE	25	1	0.99240121782211	TRUE	TRUE	3.58000000000001	
15	20000	two_shared	AFR_substituted	2	2	2	TRUE	TRUE	TRUE	25	0.999999999999943	0.99240121782211	FALSE	TRUE	0.0699999999999932	
15	20000	shared_plus_specific	EUR_matched	2	2	1	TRUE	TRUE	TRUE	6	0.131282480805527	9.97413818183419e-05	TRUE	TRUE	0.0799999999999841	
15	20000	shared_plus_specific	EAS_substituted	2	2	1	TRUE	TRUE	TRUE	25	0.999999999998835	9.97413818183419e-05	TRUE	FALSE	1.97	
15	20000	shared_plus_specific	AFR_substituted	2	2	1	TRUE	TRUE	TRUE	25	1	9.97413818183419e-05	FALSE	TRUE	0.0600000000000023	
15	20000	distinct_only	EUR_matched	1	1	0	TRUE	TRUE	TRUE	1	3.9915392440497e-16	2.27001972230791e-16	TRUE	TRUE	0.0300000000000011	
15	20000	distinct_only	EAS_substituted	1	1	0	TRUE	TRUE	TRUE	20	0.999999919168797	2.27001972230791e-16	TRUE	TRUE	3.38	
15	20000	distinct_only	AFR_substituted	1	1	0	TRUE	TRUE	TRUE	25	0.00786818114417438	2.27001972230791e-16	TRUE	TRUE	0.120000000000005	
16	2000	one_shared	EUR_matched	1	1	1	TRUE	TRUE	TRUE	1	0.101844679843465	0.0536703180119064	TRUE	TRUE	0.0400000000000205	
16	2000	one_shared	EAS_substituted	1	1	1	TRUE	TRUE	TRUE	1	0.101844679843465	0.0536703180119064	TRUE	TRUE	0.0299999999999727	
16	2000	one_shared	AFR_substituted	1	1	1	TRUE	TRUE	TRUE	2	0.00455929285719934	0.0536703180119064	TRUE	TRUE	0.0400000000000205	
16	2000	two_shared	EUR_matched	2	2	2	TRUE	TRUE	TRUE	1	0.967492401604443	0.967055351998747	TRUE	TRUE	0.0499999999999829	
16	2000	two_shared	EAS_substituted	2	2	2	TRUE	TRUE	TRUE	1	0.967492401604443	0.967055351998747	TRUE	TRUE	0.0300000000000011	
16	2000	two_shared	AFR_substituted	2	2	2	TRUE	TRUE	TRUE	15	0.258276325918528	0.967055351998747	TRUE	TRUE	0.140000000000015	
16	2000	shared_plus_specific	EUR_matched	2	2	1	TRUE	TRUE	TRUE	6	0.0277474605330239	0.425116408213466	TRUE	TRUE	0.0999999999999943	
16	2000	shared_plus_specific	EAS_substituted	2	2	1	TRUE	TRUE	TRUE	6	0.0241143957736758	0.425116408213466	TRUE	TRUE	0.0600000000000023	
16	2000	shared_plus_specific	AFR_substituted	2	2	1	TRUE	TRUE	TRUE	6	0.0110613616670628	0.425116408213466	TRUE	TRUE	0.0799999999999841	
16	2000	distinct_only	EUR_matched	1	1	0	TRUE	TRUE	TRUE	1	0.278908137805122	0.174605738234612	TRUE	TRUE	0.0300000000000011	
16	2000	distinct_only	EAS_substituted	1	1	0	TRUE	TRUE	TRUE	2	0.299161241966554	0.174605738234612	FALSE	TRUE	0.0400000000000205	
16	2000	distinct_only	AFR_substituted	1	1	0	TRUE	TRUE	TRUE	5	0.134574650216502	0.174605738234612	FALSE	TRUE	0.0799999999999841	
16	5000	one_shared	EUR_matched	1	1	1	TRUE	TRUE	TRUE	1	0.981723359229809	0.981649436005748	TRUE	TRUE	0.0300000000000011	
16	5000	one_shared	EAS_substituted	1	1	1	TRUE	TRUE	TRUE	1	0.981723359229809	0.981649436005748	TRUE	TRUE	0.0300000000000011	
16	5000	one_shared	AFR_substituted	1	1	1	TRUE	TRUE	TRUE	25	0.998876815231812	0.981649436005748	TRUE	TRUE	0.159999999999997	
16	5000	two_shared	EUR_matched	2	2	2	TRUE	TRUE	TRUE	2	0.968733838339563	0.968508797983435	TRUE	TRUE	0.039999999999992	
16	5000	two_shared	EAS_substituted	2	2	2	TRUE	TRUE	TRUE	6	0.999860920156581	0.968508797983435	TRUE	FALSE	0.110000000000014	
16	5000	two_shared	AFR_substituted	2	2	2	TRUE	TRUE	TRUE	25	0.999998741107415	0.968508797983435	TRUE	FALSE	0.180000000000007	
16	5000	shared_plus_specific	EUR_matched	2	2	1	TRUE	TRUE	TRUE	2	0.188316885131506	0.587484155051536	TRUE	TRUE	0.039999999999992	
16	5000	shared_plus_specific	EAS_substituted	2	2	1	TRUE	TRUE	TRUE	6	0.877395374589306	0.587484155051536	TRUE	TRUE	0.0600000000000023	
16	5000	shared_plus_specific	AFR_substituted	2	2	1	TRUE	TRUE	TRUE	25	0.940931759099196	0.587484155051536	FALSE	TRUE	0.0900000000000034	
16	5000	distinct_only	EUR_matched	1	1	0	TRUE	TRUE	TRUE	1	0.8975847223667	0.885833181172964	TRUE	TRUE	0.0400000000000205	
16	5000	distinct_only	EAS_substituted	1	1	0	TRUE	TRUE	TRUE	2	0.957343407153792	0.885833181172964	FALSE	TRUE	0.0699999999999932	
16	5000	distinct_only	AFR_substituted	1	1	0	TRUE	TRUE	TRUE	10	0.56094967543026	0.885833181172964	TRUE	TRUE	0.0699999999999932	
16	20000	one_shared	EUR_matched	1	1	1	TRUE	TRUE	TRUE	2	0.996821270051814	0.996931561660917	TRUE	TRUE	0.039999999999992	
16	20000	one_shared	EAS_substituted	1	1	1	TRUE	TRUE	TRUE	15	0.999999999523958	0.996931561660917	FALSE	FALSE	0.689999999999998	
16	20000	one_shared	AFR_substituted	1	1	1	TRUE	TRUE	TRUE	25	1	0.996931561660917	FALSE	FALSE	0.140000000000015	
16	20000	two_shared	EUR_matched	2	2	2	TRUE	TRUE	TRUE	6	0.945091315950659	0.94431819164592	TRUE	TRUE	0.0600000000000023	
16	20000	two_shared	EAS_substituted	2	2	2	FALSE	NA	NA	NA	NA	NA	NA	NA	4.01999999999998	susie_rss() did not converge in 1000 iterations. Try running with run_until_convergence=TRUE
16	20000	two_shared	AFR_substituted	2	2	2	TRUE	TRUE	TRUE	25	0.999892066876227	0.94431819164592	FALSE	TRUE	0.0800000000000125	
16	20000	shared_plus_specific	EUR_matched	2	2	1	TRUE	TRUE	TRUE	2	0.0436083419457667	4.12972657441784e-05	FALSE	FALSE	0.039999999999992	
16	20000	shared_plus_specific	EAS_substituted	2	2	1	TRUE	TRUE	TRUE	20	0.999999999998224	4.12972657441784e-05	FALSE	TRUE	1.06999999999999	
16	20000	shared_plus_specific	AFR_substituted	2	2	1	TRUE	TRUE	TRUE	25	1	4.12972657441784e-05	FALSE	FALSE	0.120000000000005	
16	20000	distinct_only	EUR_matched	1	1	0	TRUE	TRUE	TRUE	1	0.00018037793717465	0.000148135893564214	TRUE	TRUE	0.0300000000000011	
16	20000	distinct_only	EAS_substituted	1	1	0	TRUE	TRUE	TRUE	25	0.999999536410386	0.000148135893564214	FALSE	FALSE	2.33000000000001	
16	20000	distinct_only	AFR_substituted	1	1	0	TRUE	TRUE	TRUE	25	0.381334707918234	0.000148135893564214	FALSE	FALSE	2.35999999999999	
17	2000	one_shared	EUR_matched	1	1	1	TRUE	TRUE	TRUE	1	0.153173811972577	0.0911209086486631	TRUE	TRUE	0.0300000000000011	
17	2000	one_shared	EAS_substituted	1	1	1	TRUE	TRUE	TRUE	1	0.153173811972577	0.0911209086486631	TRUE	TRUE	0.0300000000000011	
17	2000	one_shared	AFR_substituted	1	1	1	TRUE	TRUE	TRUE	3	0.0231018472083463	0.0911209086486631	TRUE	TRUE	0.0300000000000011	
17	2000	two_shared	EUR_matched	2	2	2	TRUE	TRUE	TRUE	3	0.0107894180903688	0.123112233141358	TRUE	TRUE	0.0699999999999932	
17	2000	two_shared	EAS_substituted	2	2	2	TRUE	TRUE	TRUE	2	0.0106005747168287	0.123112233141358	TRUE	TRUE	0.0400000000000205	
17	2000	two_shared	AFR_substituted	2	2	2	TRUE	TRUE	TRUE	4	0.00281122067017393	0.123112233141358	TRUE	TRUE	0.0499999999999829	
17	2000	shared_plus_specific	EUR_matched	2	2	1	TRUE	TRUE	TRUE	1	0.00870677201151039	0.00197473082351987	TRUE	TRUE	0.0300000000000011	
17	2000	shared_plus_specific	EAS_substituted	2	2	1	TRUE	TRUE	TRUE	3	0.0086830236692854	0.00197473082351987	TRUE	TRUE	0.0200000000000102	
17	2000	shared_plus_specific	AFR_substituted	2	2	1	TRUE	TRUE	TRUE	6	0.00120536778759849	0.00197473082351987	TRUE	TRUE	0.0600000000000023	
17	2000	distinct_only	EUR_matched	1	1	0	TRUE	TRUE	TRUE	1	0.0292602852488906	0.0162056577898483	TRUE	TRUE	0.0200000000000102	
17	2000	distinct_only	EAS_substituted	1	1	0	TRUE	TRUE	TRUE	1	0.0292602852488906	0.0162056577898483	TRUE	TRUE	0.0299999999999727	
17	2000	distinct_only	AFR_substituted	1	1	0	TRUE	TRUE	TRUE	8	0.00147238600871676	0.0162056577898483	TRUE	TRUE	0.0900000000000034	
17	5000	one_shared	EUR_matched	1	1	1	TRUE	TRUE	TRUE	1	0.986040133538308	0.986167415605795	TRUE	TRUE	0.0300000000000011	
17	5000	one_shared	EAS_substituted	1	1	1	TRUE	TRUE	TRUE	3	0.985648771848733	0.986167415605795	TRUE	TRUE	0.0500000000000114	
17	5000	one_shared	AFR_substituted	1	1	1	TRUE	TRUE	TRUE	20	0.96032804335568	0.986167415605795	TRUE	TRUE	0.0900000000000034	
17	5000	two_shared	EUR_matched	2	2	2	TRUE	TRUE	TRUE	4	0.894228006627799	0.928993308594945	TRUE	TRUE	0.0600000000000023	
17	5000	two_shared	EAS_substituted	2	2	2	TRUE	TRUE	TRUE	9	0.394433801757559	0.928993308594945	TRUE	TRUE	0.0799999999999841	
17	5000	two_shared	AFR_substituted	2	2	2	TRUE	TRUE	TRUE	20	0.99742181753607	0.928993308594945	TRUE	FALSE	0.0800000000000125	
17	5000	shared_plus_specific	EUR_matched	2	2	1	TRUE	TRUE	TRUE	2	0.973704609655355	0.978679350741075	TRUE	FALSE	0.0499999999999829	
17	5000	shared_plus_specific	EAS_substituted	2	2	1	TRUE	TRUE	TRUE	15	0.955003237773803	0.978679350741075	FALSE	TRUE	0.840000000000003	
17	5000	shared_plus_specific	AFR_substituted	2	2	1	TRUE	TRUE	TRUE	25	0.999321274021556	0.978679350741075	FALSE	TRUE	0.0800000000000125	
17	5000	distinct_only	EUR_matched	1	1	0	TRUE	TRUE	TRUE	1	0.000197384111575535	0.000133547289403882	TRUE	TRUE	0.0300000000000011	
17	5000	distinct_only	EAS_substituted	1	1	0	TRUE	TRUE	TRUE	1	0.000197384111575535	0.000133547289403882	TRUE	TRUE	0.0300000000000011	
17	5000	distinct_only	AFR_substituted	1	1	0	TRUE	TRUE	TRUE	16	0.563227360190126	0.000133547289403882	TRUE	FALSE	0.0499999999999829	
17	20000	one_shared	EUR_matched	1	1	1	TRUE	TRUE	TRUE	2	0.985861533745384	0.985870120967981	TRUE	TRUE	0.0199999999999818	
17	20000	one_shared	EAS_substituted	1	1	1	TRUE	TRUE	TRUE	25	1	0.985870120967981	FALSE	FALSE	1.59	
17	20000	one_shared	AFR_substituted	1	1	1	TRUE	TRUE	TRUE	25	0.999998045113386	0.985870120967981	TRUE	FALSE	1.24000000000001	
17	20000	two_shared	EUR_matched	2	2	2	TRUE	TRUE	TRUE	4	0.98024545819646	6.71806978208565e-10	TRUE	TRUE	0.0500000000000114	
17	20000	two_shared	EAS_substituted	2	2	2	TRUE	TRUE	TRUE	20	0.999999999982634	6.71806978208565e-10	FALSE	FALSE	2.52999999999997	
17	20000	two_shared	AFR_substituted	2	2	2	TRUE	TRUE	TRUE	25	0.999999999834074	6.71806978208565e-10	FALSE	FALSE	0.0600000000000023	
17	20000	shared_plus_specific	EUR_matched	2	2	1	TRUE	TRUE	TRUE	4	0.98069077672431	1.57909768811357e-07	TRUE	TRUE	0.0600000000000023	
17	20000	shared_plus_specific	EAS_substituted	2	2	1	FALSE	NA	NA	NA	NA	NA	NA	NA	4.70000000000002	susie_rss() did not converge in 1000 iterations. Try running with run_until_convergence=TRUE
17	20000	shared_plus_specific	AFR_substituted	2	2	1	TRUE	TRUE	TRUE	25	0.994937002949805	1.57909768811357e-07	FALSE	FALSE	0.0499999999999829	
17	20000	distinct_only	EUR_matched	1	1	0	TRUE	TRUE	TRUE	1	9.4084097383897e-18	5.13324616062832e-18	TRUE	TRUE	0.0500000000000114	
17	20000	distinct_only	EAS_substituted	1	1	0	FALSE	NA	NA	NA	NA	NA	NA	NA	4.22999999999999	susie_rss() did not converge in 1000 iterations. Try running with run_until_convergence=TRUE
17	20000	distinct_only	AFR_substituted	1	1	0	TRUE	TRUE	TRUE	25	0.590040383685887	5.13324616062832e-18	TRUE	FALSE	0.0700000000000216	
18	2000	one_shared	EUR_matched	1	1	1	TRUE	TRUE	TRUE	2	0.965923153023425	0.962567434929874	TRUE	TRUE	0.0299999999999727	
18	2000	one_shared	EAS_substituted	1	1	1	TRUE	TRUE	TRUE	4	0.957035654905344	0.962567434929874	TRUE	TRUE	0.0300000000000011	
18	2000	one_shared	AFR_substituted	1	1	1	TRUE	TRUE	TRUE	10	0.875598157379852	0.962567434929874	TRUE	TRUE	0.0400000000000205	
18	2000	two_shared	EUR_matched	2	2	2	TRUE	TRUE	TRUE	2	0.0522081921551713	0.0262071009104446	TRUE	TRUE	0.0200000000000102	
18	2000	two_shared	EAS_substituted	2	2	2	TRUE	TRUE	TRUE	2	0.0427112086775765	0.0262071009104446	TRUE	TRUE	0.0300000000000011	
18	2000	two_shared	AFR_substituted	2	2	2	TRUE	TRUE	TRUE	2	0.00185901174758495	0.0262071009104446	TRUE	TRUE	0.0800000000000125	
18	2000	shared_plus_specific	EUR_matched	2	2	1	TRUE	TRUE	TRUE	3	0.0282454212463094	0.0368129709762372	TRUE	TRUE	0.0599999999999739	
18	2000	shared_plus_specific	EAS_substituted	2	2	1	TRUE	TRUE	TRUE	3	0.0349964264090455	0.0368129709762372	TRUE	TRUE	0.0400000000000205	
18	2000	shared_plus_specific	AFR_substituted	2	2	1	TRUE	TRUE	TRUE	6	0.00168756357871092	0.0368129709762372	TRUE	TRUE	0.0699999999999932	
18	2000	distinct_only	EUR_matched	1	1	0	TRUE	TRUE	TRUE	1	0.0965182490305544	0.0536037800286735	TRUE	TRUE	0.0300000000000011	
18	2000	distinct_only	EAS_substituted	1	1	0	TRUE	TRUE	TRUE	3	0.120888256384812	0.0536037800286735	TRUE	TRUE	0.0300000000000011	
18	2000	distinct_only	AFR_substituted	1	1	0	TRUE	TRUE	TRUE	12	0.0999618449729552	0.0536037800286735	FALSE	TRUE	0.0600000000000023	
18	5000	one_shared	EUR_matched	1	1	1	TRUE	TRUE	TRUE	1	0.993507747312533	0.993588685964972	TRUE	TRUE	0.0199999999999818	
18	5000	one_shared	EAS_substituted	1	1	1	TRUE	TRUE	TRUE	4	0.99342477518633	0.993588685964972	TRUE	TRUE	0.0600000000000023	
18	5000	one_shared	AFR_substituted	1	1	1	TRUE	TRUE	TRUE	20	0.999930336138616	0.993588685964972	FALSE	TRUE	0.0600000000000023	
18	5000	two_shared	EUR_matched	2	2	2	TRUE	TRUE	TRUE	2	0.372534013315465	0.615933985381718	TRUE	TRUE	0.0500000000000114	
18	5000	two_shared	EAS_substituted	2	2	2	TRUE	TRUE	TRUE	4	0.314238199648208	0.615933985381718	TRUE	TRUE	0.0499999999999829	
18	5000	two_shared	AFR_substituted	2	2	2	TRUE	TRUE	TRUE	16	0.954401184592343	0.615933985381718	TRUE	TRUE	0.0600000000000023	
18	5000	shared_plus_specific	EUR_matched	2	2	1	TRUE	TRUE	TRUE	2	0.989433294033457	0.991522903809465	TRUE	FALSE	0.039999999999992	
18	5000	shared_plus_specific	EAS_substituted	2	2	1	TRUE	TRUE	TRUE	6	0.99219772328861	0.991522903809465	TRUE	TRUE	0.039999999999992	
18	5000	shared_plus_specific	AFR_substituted	2	2	1	TRUE	TRUE	TRUE	25	0.999547424072142	0.991522903809465	TRUE	FALSE	0.0700000000000216	
18	5000	distinct_only	EUR_matched	1	1	0	TRUE	TRUE	TRUE	1	0.000213336240947453	0.000136034579202683	TRUE	TRUE	0.0299999999999727	
18	5000	distinct_only	EAS_substituted	1	1	0	TRUE	TRUE	TRUE	1	0.000213336240947453	0.000136034579202683	TRUE	TRUE	0.0300000000000011	
18	5000	distinct_only	AFR_substituted	1	1	0	TRUE	TRUE	TRUE	20	0.156101893507811	0.000136034579202683	FALSE	TRUE	0.0800000000000125	
18	20000	one_shared	EUR_matched	1	1	1	TRUE	TRUE	TRUE	1	0.993685844500613	0.99368066561039	TRUE	TRUE	0.0300000000000011	
18	20000	one_shared	EAS_substituted	1	1	1	TRUE	TRUE	TRUE	20	1	0.99368066561039	TRUE	TRUE	5.22999999999999	
18	20000	one_shared	AFR_substituted	1	1	1	TRUE	TRUE	TRUE	25	1	0.99368066561039	TRUE	FALSE	0.0500000000000114	
18	20000	two_shared	EUR_matched	2	2	2	TRUE	TRUE	TRUE	4	0.998901408301637	0.97087584585728	TRUE	TRUE	0.0500000000000114	
18	20000	two_shared	EAS_substituted	2	2	2	TRUE	TRUE	TRUE	25	0.999771641464575	0.97087584585728	FALSE	TRUE	0.259999999999991	
18	20000	two_shared	AFR_substituted	2	2	2	TRUE	TRUE	TRUE	25	0.999999994650253	0.97087584585728	FALSE	FALSE	0.0799999999999841	
18	20000	shared_plus_specific	EUR_matched	2	2	1	TRUE	TRUE	TRUE	4	0.992621341746347	0.162847915148855	TRUE	FALSE	0.0900000000000034	
18	20000	shared_plus_specific	EAS_substituted	2	2	1	TRUE	TRUE	TRUE	25	0.999999976738742	0.162847915148855	TRUE	FALSE	0.170000000000016	
18	20000	shared_plus_specific	AFR_substituted	2	2	1	TRUE	TRUE	TRUE	25	0.999999999953772	0.162847915148855	FALSE	FALSE	0.0699999999999932	
18	20000	distinct_only	EUR_matched	1	1	0	TRUE	TRUE	TRUE	1	6.33058360748814e-26	2.91760876767334e-26	TRUE	TRUE	0.00999999999999091	
18	20000	distinct_only	EAS_substituted	1	1	0	FALSE	NA	NA	NA	NA	NA	NA	NA	2.84999999999999	susie_rss() did not converge in 1000 iterations. Try running with run_until_convergence=TRUE
18	20000	distinct_only	AFR_substituted	1	1	0	TRUE	TRUE	TRUE	25	0.161303691849931	2.91760876767334e-26	FALSE	TRUE	0.0400000000000205	
19	2000	one_shared	EUR_matched	1	1	1	TRUE	TRUE	TRUE	1	0.0528140294920678	0.0300516899853284	TRUE	TRUE	0.0300000000000011	
19	2000	one_shared	EAS_substituted	1	1	1	TRUE	TRUE	TRUE	1	0.0528140294920678	0.0300516899853284	TRUE	TRUE	0.0300000000000011	
19	2000	one_shared	AFR_substituted	1	1	1	TRUE	TRUE	TRUE	2	0.00718672706012945	0.0300516899853284	TRUE	TRUE	0.0500000000000114	
19	2000	two_shared	EUR_matched	2	2	2	TRUE	TRUE	TRUE	1	0.743867315784645	0.682600238415365	TRUE	FALSE	0.0300000000000011	
19	2000	two_shared	EAS_substituted	2	2	2	TRUE	TRUE	TRUE	2	0.736855340364741	0.682600238415365	TRUE	FALSE	0.0300000000000011	
19	2000	two_shared	AFR_substituted	2	2	2	TRUE	TRUE	TRUE	6	0.387582524505499	0.682600238415365	TRUE	TRUE	0.0499999999999829	
19	2000	shared_plus_specific	EUR_matched	2	2	1	TRUE	TRUE	TRUE	1	0.00617016276667336	0.00204570686504054	TRUE	TRUE	0.0300000000000011	
19	2000	shared_plus_specific	EAS_substituted	2	2	1	TRUE	TRUE	TRUE	1	0.00617016276667336	0.00204570686504054	TRUE	TRUE	0.0100000000000193	
19	2000	shared_plus_specific	AFR_substituted	2	2	1	TRUE	TRUE	TRUE	4	0.00118577698016329	0.00204570686504054	TRUE	TRUE	0.0699999999999932	
19	2000	distinct_only	EUR_matched	1	1	0	TRUE	TRUE	TRUE	1	0.0188914175166411	0.00564538928920582	TRUE	TRUE	0.0300000000000011	
19	2000	distinct_only	EAS_substituted	1	1	0	TRUE	TRUE	TRUE	1	0.0188914175166411	0.00564538928920582	TRUE	TRUE	0.00999999999999091	
19	2000	distinct_only	AFR_substituted	1	1	0	TRUE	TRUE	TRUE	4	0.00137088844068684	0.00564538928920582	TRUE	TRUE	0.0699999999999932	
19	5000	one_shared	EUR_matched	1	1	1	TRUE	TRUE	TRUE	1	0.995229143493363	0.994991224944401	TRUE	TRUE	0.0100000000000193	
19	5000	one_shared	EAS_substituted	1	1	1	TRUE	TRUE	TRUE	2	0.99522924362474	0.994991224944401	TRUE	TRUE	0.0300000000000011	
19	5000	one_shared	AFR_substituted	1	1	1	TRUE	TRUE	TRUE	10	0.994388793789647	0.994991224944401	TRUE	TRUE	0.0699999999999932	
19	5000	two_shared	EUR_matched	2	2	2	TRUE	TRUE	TRUE	4	0.949976838629293	0.976668205882735	TRUE	TRUE	0.0300000000000011	
19	5000	two_shared	EAS_substituted	2	2	2	TRUE	TRUE	TRUE	4	0.956996448671552	0.976668205882735	TRUE	TRUE	0.039999999999992	
19	5000	two_shared	AFR_substituted	2	2	2	TRUE	TRUE	TRUE	25	0.780389107065643	0.976668205882735	TRUE	FALSE	1.16	
19	5000	shared_plus_specific	EUR_matched	2	2	1	TRUE	TRUE	TRUE	4	0.405968792065064	0.273123063011654	TRUE	TRUE	0.0500000000000114	
19	5000	shared_plus_specific	EAS_substituted	2	2	1	TRUE	TRUE	TRUE	4	0.185253477730184	0.273123063011654	TRUE	FALSE	0.039999999999992	
19	5000	shared_plus_specific	AFR_substituted	2	2	1	TRUE	TRUE	TRUE	25	0.995466753325933	0.273123063011654	TRUE	FALSE	0.0500000000000114	
19	5000	distinct_only	EUR_matched	1	1	0	TRUE	TRUE	TRUE	2	0.0843660776374051	4.16497944536892e-07	TRUE	TRUE	0.0499999999999829	
19	5000	distinct_only	EAS_substituted	1	1	0	TRUE	TRUE	TRUE	1	6.64199994391161e-07	4.16497944536892e-07	TRUE	TRUE	0.0300000000000011	
19	5000	distinct_only	AFR_substituted	1	1	0	TRUE	TRUE	TRUE	25	0.094996041984714	4.16497944536892e-07	TRUE	TRUE	0.0800000000000125	
19	20000	one_shared	EUR_matched	1	1	1	TRUE	TRUE	TRUE	1	0.996162694409688	0.996168980926154	TRUE	TRUE	0.0200000000000102	
19	20000	one_shared	EAS_substituted	1	1	1	TRUE	TRUE	TRUE	8	0.996073412818864	0.996168980926154	TRUE	TRUE	1.03	
19	20000	one_shared	AFR_substituted	1	1	1	TRUE	TRUE	TRUE	25	0.996313707211185	0.996168980926154	TRUE	TRUE	1.02000000000001	
19	20000	two_shared	EUR_matched	2	2	2	TRUE	TRUE	TRUE	4	0.99606116601213	0.960554002281755	FALSE	TRUE	0.0599999999999739	
19	20000	two_shared	EAS_substituted	2	2	2	FALSE	NA	NA	NA	NA	NA	NA	NA	2.85999999999999	susie_rss() did not converge in 1000 iterations. Try running with run_until_convergence=TRUE
19	20000	two_shared	AFR_substituted	2	2	2	TRUE	TRUE	TRUE	25	0.999987447944235	0.960554002281755	FALSE	TRUE	0.0600000000000023	
19	20000	shared_plus_specific	EUR_matched	2	2	1	TRUE	TRUE	TRUE	4	0.996016047747038	0.994418917838408	TRUE	TRUE	0.0600000000000023	
19	20000	shared_plus_specific	EAS_substituted	2	2	1	FALSE	NA	NA	NA	NA	NA	NA	NA	2.99000000000001	susie_rss() did not converge in 1000 iterations. Try running with run_until_convergence=TRUE
19	20000	shared_plus_specific	AFR_substituted	2	2	1	TRUE	TRUE	TRUE	25	0.999486742958823	0.994418917838408	FALSE	FALSE	0.0699999999999932	
19	20000	distinct_only	EUR_matched	1	1	0	TRUE	TRUE	TRUE	1	8.81385507769828e-20	4.63078705668704e-20	TRUE	TRUE	0.0400000000000205	
19	20000	distinct_only	EAS_substituted	1	1	0	TRUE	TRUE	TRUE	10	0.112100079359623	4.63078705668704e-20	TRUE	TRUE	0.0299999999999727	
19	20000	distinct_only	AFR_substituted	1	1	0	TRUE	TRUE	TRUE	25	0.919121550583763	4.63078705668704e-20	TRUE	TRUE	1.10999999999996	
20	2000	one_shared	EUR_matched	1	1	1	TRUE	TRUE	TRUE	1	0.0625604092422947	0.0289653016163214	TRUE	TRUE	0.0300000000000296	
20	2000	one_shared	EAS_substituted	1	1	1	TRUE	TRUE	TRUE	2	0.0616056818568183	0.0289653016163214	TRUE	TRUE	0.0299999999999727	
20	2000	one_shared	AFR_substituted	1	1	1	TRUE	TRUE	TRUE	6	0.00174459727453193	0.0289653016163214	TRUE	TRUE	0.0500000000000114	
20	2000	two_shared	EUR_matched	2	2	2	TRUE	TRUE	TRUE	0	NA	0.00184467327132858	FALSE	FALSE	0.0300000000000296	
20	2000	two_shared	EAS_substituted	2	2	2	TRUE	TRUE	TRUE	0	NA	0.00184467327132858	FALSE	FALSE	0.0199999999999818	
20	2000	two_shared	AFR_substituted	2	2	2	TRUE	TRUE	TRUE	0	NA	0.00184467327132858	TRUE	FALSE	0.0500000000000114	
20	2000	shared_plus_specific	EUR_matched	2	2	1	TRUE	TRUE	TRUE	0	NA	0.000303635709960327	TRUE	FALSE	0.0299999999999727	
20	2000	shared_plus_specific	EAS_substituted	2	2	1	TRUE	TRUE	TRUE	0	NA	0.000303635709960327	TRUE	FALSE	0.00999999999999091	
20	2000	shared_plus_specific	AFR_substituted	2	2	1	TRUE	TRUE	TRUE	0	NA	0.000303635709960327	TRUE	FALSE	0.0300000000000296	
20	2000	distinct_only	EUR_matched	1	1	0	TRUE	TRUE	TRUE	1	0.064320969681472	0.0351973901768108	TRUE	TRUE	0.0299999999999727	
20	2000	distinct_only	EAS_substituted	1	1	0	TRUE	TRUE	TRUE	2	0.0597636041721955	0.0351973901768108	TRUE	TRUE	0.0400000000000205	
20	2000	distinct_only	AFR_substituted	1	1	0	TRUE	TRUE	TRUE	6	0.00381836357544148	0.0351973901768108	TRUE	TRUE	0.0600000000000023	
20	5000	one_shared	EUR_matched	1	1	1	TRUE	TRUE	TRUE	1	0.978354837610174	0.972898098142093	TRUE	TRUE	0.0299999999999727	
20	5000	one_shared	EAS_substituted	1	1	1	TRUE	TRUE	TRUE	2	0.977342528355961	0.972898098142093	TRUE	TRUE	0.0400000000000205	
20	5000	one_shared	AFR_substituted	1	1	1	TRUE	TRUE	TRUE	8	0.772982724278071	0.972898098142093	TRUE	TRUE	0.0600000000000023	
20	5000	two_shared	EUR_matched	2	2	2	TRUE	TRUE	TRUE	2	0.288680120594573	0.134909493026699	TRUE	TRUE	0.0299999999999727	
20	5000	two_shared	EAS_substituted	2	2	2	TRUE	TRUE	TRUE	2	0.366042210022071	0.134909493026699	FALSE	TRUE	0.0500000000000114	
20	5000	two_shared	AFR_substituted	2	2	2	TRUE	TRUE	TRUE	12	0.128545985339736	0.134909493026699	TRUE	TRUE	0.0400000000000205	
20	5000	shared_plus_specific	EUR_matched	2	2	1	TRUE	TRUE	TRUE	1	0.089477957559704	0.0306745109924326	FALSE	FALSE	0.0299999999999727	
20	5000	shared_plus_specific	EAS_substituted	2	2	1	TRUE	TRUE	TRUE	1	0.089477957559704	0.0306745109924326	FALSE	FALSE	0.0400000000000205	
20	5000	shared_plus_specific	AFR_substituted	2	2	1	TRUE	TRUE	TRUE	9	0.119171267232201	0.0306745109924326	FALSE	TRUE	0.0400000000000205	
20	5000	distinct_only	EUR_matched	1	1	0	TRUE	TRUE	TRUE	1	0.0271713744090706	0.0187696768050737	TRUE	TRUE	0.0299999999999727	
20	5000	distinct_only	EAS_substituted	1	1	0	TRUE	TRUE	TRUE	3	0.973065089450536	0.0187696768050737	TRUE	TRUE	0.0699999999999932	
20	5000	distinct_only	AFR_substituted	1	1	0	TRUE	TRUE	TRUE	20	0.194503495868109	0.0187696768050737	TRUE	TRUE	0.0900000000000318	
20	20000	one_shared	EUR_matched	1	1	1	TRUE	TRUE	TRUE	1	0.980079832671411	0.97958662001367	TRUE	TRUE	0.0299999999999727	
20	20000	one_shared	EAS_substituted	1	1	1	TRUE	TRUE	TRUE	25	1	0.97958662001367	FALSE	FALSE	1.10000000000002	
20	20000	one_shared	AFR_substituted	1	1	1	TRUE	TRUE	TRUE	25	0.999999999972587	0.97958662001367	TRUE	TRUE	0.0600000000000023	
20	20000	two_shared	EUR_matched	2	2	2	TRUE	TRUE	TRUE	4	0.763294383308788	0.994064941576307	TRUE	FALSE	0.0600000000000023	
20	20000	two_shared	EAS_substituted	2	2	2	TRUE	TRUE	TRUE	12	0.999924132754756	0.994064941576307	TRUE	TRUE	0.0600000000000023	
20	20000	two_shared	AFR_substituted	2	2	2	TRUE	TRUE	TRUE	25	0.999842337111566	0.994064941576307	FALSE	TRUE	0.0299999999999727	
20	20000	shared_plus_specific	EUR_matched	2	2	1	TRUE	TRUE	TRUE	6	0.990709612679102	0.00034154446610835	FALSE	TRUE	0.089999999999975	
20	20000	shared_plus_specific	EAS_substituted	2	2	1	TRUE	TRUE	TRUE	25	0.997377054176076	0.00034154446610835	FALSE	TRUE	2.25999999999999	
20	20000	shared_plus_specific	AFR_substituted	2	2	1	TRUE	TRUE	TRUE	25	0.847485274285003	0.00034154446610835	FALSE	TRUE	0.0799999999999841	
20	20000	distinct_only	EUR_matched	1	1	0	TRUE	TRUE	TRUE	1	8.98002852991144e-19	4.78007923411209e-19	TRUE	TRUE	0.00999999999999091	
20	20000	distinct_only	EAS_substituted	1	1	0	TRUE	TRUE	TRUE	20	4.18603475307757e-08	4.78007923411209e-19	FALSE	TRUE	1.94	
20	20000	distinct_only	AFR_substituted	1	1	0	TRUE	TRUE	TRUE	25	0.999013717330542	4.78007923411209e-19	FALSE	FALSE	0.0799999999999841	
21	2000	one_shared	EUR_matched	1	1	1	TRUE	TRUE	TRUE	1	0.0780481804238937	0.0271003815555376	TRUE	TRUE	0.0300000000000296	
21	2000	one_shared	EAS_substituted	1	1	1	TRUE	TRUE	TRUE	2	0.0694798207115607	0.0271003815555376	TRUE	TRUE	0.0299999999999727	
21	2000	one_shared	AFR_substituted	1	1	1	TRUE	TRUE	TRUE	8	0.0173358053434714	0.0271003815555376	TRUE	TRUE	0.0600000000000023	
21	2000	two_shared	EUR_matched	2	2	2	TRUE	TRUE	TRUE	3	0.00202084831732335	0.00161789960245418	TRUE	TRUE	0.0500000000000114	
21	2000	two_shared	EAS_substituted	2	2	2	TRUE	TRUE	TRUE	4	0.00205038788903001	0.00161789960245418	TRUE	TRUE	0.0600000000000023	
21	2000	two_shared	AFR_substituted	2	2	2	TRUE	TRUE	TRUE	2	0.00122807573710756	0.00161789960245418	TRUE	TRUE	0.0500000000000114	
21	2000	shared_plus_specific	EUR_matched	2	2	1	TRUE	TRUE	TRUE	0	NA	0.0137522973515238	FALSE	TRUE	0.0500000000000114	
21	2000	shared_plus_specific	EAS_substituted	2	2	1	TRUE	TRUE	TRUE	0	NA	0.0137522973515238	FALSE	TRUE	0.0600000000000023	
21	2000	shared_plus_specific	AFR_substituted	2	2	1	TRUE	TRUE	TRUE	0	NA	0.0137522973515238	FALSE	TRUE	0.0499999999999545	
21	2000	distinct_only	EUR_matched	1	1	0	TRUE	TRUE	TRUE	1	0.0258347246700873	0.0166244410245664	TRUE	TRUE	0.0300000000000296	
21	2000	distinct_only	EAS_substituted	1	1	0	TRUE	TRUE	TRUE	1	0.0258347246700873	0.0166244410245664	TRUE	TRUE	0.00999999999999091	
21	2000	distinct_only	AFR_substituted	1	1	0	TRUE	TRUE	TRUE	8	0.0312362319864919	0.0166244410245664	TRUE	TRUE	0.0500000000000114	
21	5000	one_shared	EUR_matched	1	1	1	TRUE	TRUE	TRUE	1	0.995246214338479	0.995318909617278	TRUE	TRUE	0.0299999999999727	
21	5000	one_shared	EAS_substituted	1	1	1	TRUE	TRUE	TRUE	2	0.995311034634404	0.995318909617278	TRUE	TRUE	0.0300000000000296	
21	5000	one_shared	AFR_substituted	1	1	1	TRUE	TRUE	TRUE	15	0.996570791262082	0.995318909617278	TRUE	TRUE	0.0699999999999932	
21	5000	two_shared	EUR_matched	2	2	2	TRUE	TRUE	TRUE	4	0.536109886338227	0.133346628328381	TRUE	TRUE	0.0699999999999932	
21	5000	two_shared	EAS_substituted	2	2	2	TRUE	TRUE	TRUE	4	0.188236237638855	0.133346628328381	TRUE	TRUE	0.0799999999999841	
21	5000	two_shared	AFR_substituted	2	2	2	TRUE	TRUE	TRUE	10	0.248310982447364	0.133346628328381	TRUE	TRUE	0.0500000000000114	
21	5000	shared_plus_specific	EUR_matched	2	2	1	TRUE	TRUE	TRUE	4	0.583087166618066	0.216941402693998	TRUE	TRUE	0.0600000000000023	
21	5000	shared_plus_specific	EAS_substituted	2	2	1	TRUE	TRUE	TRUE	4	0.624667692487222	0.216941402693998	TRUE	FALSE	0.0600000000000023	
21	5000	shared_plus_specific	AFR_substituted	2	2	1	TRUE	TRUE	TRUE	4	0.00751592202725327	0.216941402693998	TRUE	TRUE	0.0500000000000114	
21	5000	distinct_only	EUR_matched	1	1	0	TRUE	TRUE	TRUE	1	0.000114460100659139	7.30505842636916e-05	TRUE	TRUE	0.0299999999999727	
21	5000	distinct_only	EAS_substituted	1	1	0	TRUE	TRUE	TRUE	2	0.115952111536458	7.30505842636916e-05	TRUE	TRUE	0.0300000000000296	
21	5000	distinct_only	AFR_substituted	1	1	0	TRUE	TRUE	TRUE	10	0.243354185981673	7.30505842636916e-05	TRUE	TRUE	0.110000000000014	
21	20000	one_shared	EUR_matched	1	1	1	TRUE	TRUE	TRUE	1	0.995758139787587	0.995767363068799	TRUE	TRUE	0.0299999999999727	
21	20000	one_shared	EAS_substituted	1	1	1	TRUE	TRUE	TRUE	25	0.996086644708799	0.995767363068799	TRUE	TRUE	0.100000000000023	
21	20000	one_shared	AFR_substituted	1	1	1	TRUE	TRUE	TRUE	25	0.999991172747089	0.995767363068799	TRUE	TRUE	0.0600000000000023	
21	20000	two_shared	EUR_matched	2	2	2	TRUE	TRUE	TRUE	6	0.999000997880893	0.998928352101402	TRUE	TRUE	0.0499999999999545	
21	20000	two_shared	EAS_substituted	2	2	2	TRUE	TRUE	TRUE	12	0.999186583549262	0.998928352101402	FALSE	TRUE	2.47000000000003	
21	20000	two_shared	AFR_substituted	2	2	2	TRUE	TRUE	TRUE	20	0.999277687785678	0.998928352101402	TRUE	TRUE	0.0400000000000205	
21	20000	shared_plus_specific	EUR_matched	2	2	1	TRUE	TRUE	TRUE	4	0.993819706196323	0.0127351004507638	TRUE	TRUE	0.0299999999999727	
21	20000	shared_plus_specific	EAS_substituted	2	2	1	TRUE	TRUE	TRUE	20	0.257634367382079	0.0127351004507638	TRUE	FALSE	1.52000000000004	
21	20000	shared_plus_specific	AFR_substituted	2	2	1	TRUE	TRUE	TRUE	25	0.999909481629643	0.0127351004507638	FALSE	FALSE	0.0600000000000023	
21	20000	distinct_only	EUR_matched	1	1	0	TRUE	TRUE	TRUE	1	1.24575207861143e-12	7.30963359784127e-13	TRUE	TRUE	0.0299999999999727	
21	20000	distinct_only	EAS_substituted	1	1	0	TRUE	TRUE	TRUE	4	1.05058559599378e-11	7.30963359784127e-13	TRUE	TRUE	1.13999999999999	
21	20000	distinct_only	AFR_substituted	1	1	0	TRUE	TRUE	TRUE	20	0.126544594796828	7.30963359784127e-13	FALSE	TRUE	0.0800000000000409	
22	2000	one_shared	EUR_matched	1	1	1	TRUE	TRUE	TRUE	0	NA	0.00464213020158956	FALSE	TRUE	0.0299999999999727	
22	2000	one_shared	EAS_substituted	1	1	1	TRUE	TRUE	TRUE	0	NA	0.00464213020158956	FALSE	TRUE	0.0500000000000114	
22	2000	one_shared	AFR_substituted	1	1	1	TRUE	TRUE	TRUE	0	NA	0.00464213020158956	FALSE	TRUE	0.0299999999999727	
22	2000	two_shared	EUR_matched	2	2	2	TRUE	TRUE	TRUE	0	NA	0.0108561107470044	FALSE	FALSE	0.0199999999999818	
22	2000	two_shared	EAS_substituted	2	2	2	TRUE	TRUE	TRUE	0	NA	0.0108561107470044	FALSE	FALSE	0.0299999999999727	
22	2000	two_shared	AFR_substituted	2	2	2	TRUE	TRUE	TRUE	0	NA	0.0108561107470044	FALSE	TRUE	0.0300000000000296	
22	2000	shared_plus_specific	EUR_matched	2	2	1	TRUE	TRUE	TRUE	2	0.487295391522545	0.38260512953313	FALSE	TRUE	0.0500000000000114	
22	2000	shared_plus_specific	EAS_substituted	2	2	1	TRUE	TRUE	TRUE	4	0.272609628860145	0.38260512953313	FALSE	TRUE	0.0399999999999636	
22	2000	shared_plus_specific	AFR_substituted	2	2	1	TRUE	TRUE	TRUE	10	0.155965653601619	0.38260512953313	TRUE	TRUE	1.08000000000004	
22	2000	distinct_only	EUR_matched	1	1	0	TRUE	TRUE	TRUE	1	0.00745170577061078	0.00255441813765582	TRUE	TRUE	0.0299999999999727	
22	2000	distinct_only	EAS_substituted	1	1	0	TRUE	TRUE	TRUE	2	0.00478706087897709	0.00255441813765582	TRUE	TRUE	0.0400000000000205	
22	2000	distinct_only	AFR_substituted	1	1	0	TRUE	TRUE	TRUE	6	0.0045684505878284	0.00255441813765582	TRUE	TRUE	0.0399999999999636	
22	5000	one_shared	EUR_matched	1	1	1	TRUE	TRUE	TRUE	2	0.993049930067773	0.991570460074453	TRUE	TRUE	0.0300000000000296	
22	5000	one_shared	EAS_substituted	1	1	1	TRUE	TRUE	TRUE	2	0.990590011148369	0.991570460074453	TRUE	TRUE	0.0299999999999727	
22	5000	one_shared	AFR_substituted	1	1	1	TRUE	TRUE	TRUE	4	0.986349535119734	0.991570460074453	TRUE	TRUE	0.0500000000000114	
22	5000	two_shared	EUR_matched	2	2	2	TRUE	TRUE	TRUE	1	0.0554159637465879	0.0120612418011844	TRUE	FALSE	0.0300000000000296	
22	5000	two_shared	EAS_substituted	2	2	2	TRUE	TRUE	TRUE	1	0.0554159637465879	0.0120612418011844	TRUE	FALSE	0.0299999999999727	
22	5000	two_shared	AFR_substituted	2	2	2	TRUE	TRUE	TRUE	9	0.00173682892449886	0.0120612418011844	TRUE	TRUE	0.0699999999999932	
22	5000	shared_plus_specific	EUR_matched	2	2	1	TRUE	TRUE	TRUE	2	0.20867247331979	0.0487450712854948	FALSE	TRUE	0.0400000000000205	
22	5000	shared_plus_specific	EAS_substituted	2	2	1	TRUE	TRUE	TRUE	2	0.0952222659685349	0.0487450712854948	FALSE	TRUE	0.0199999999999818	
22	5000	shared_plus_specific	AFR_substituted	2	2	1	TRUE	TRUE	TRUE	6	0.0537414619154776	0.0487450712854948	TRUE	TRUE	0.0600000000000023	
22	5000	distinct_only	EUR_matched	1	1	0	TRUE	TRUE	TRUE	1	0.0353736691409376	0.0166081955646979	TRUE	TRUE	0.0199999999999818	
22	5000	distinct_only	EAS_substituted	1	1	0	TRUE	TRUE	TRUE	2	0.0353194497873326	0.0166081955646979	TRUE	TRUE	0.0199999999999818	
22	5000	distinct_only	AFR_substituted	1	1	0	TRUE	TRUE	TRUE	4	0.0381181677840393	0.0166081955646979	TRUE	TRUE	0.0500000000000114	
22	20000	one_shared	EUR_matched	1	1	1	TRUE	TRUE	TRUE	4	0.999999390991122	0.999999476683849	TRUE	TRUE	0.0299999999999727	
22	20000	one_shared	EAS_substituted	1	1	1	TRUE	TRUE	TRUE	12	0.999999242304983	0.999999476683849	TRUE	TRUE	0.0699999999999932	
22	20000	one_shared	AFR_substituted	1	1	1	TRUE	TRUE	TRUE	25	0.999999779415251	0.999999476683849	FALSE	TRUE	0.0500000000000114	
22	20000	two_shared	EUR_matched	2	2	2	TRUE	TRUE	TRUE	2	0.972149315211065	0.999960438134841	FALSE	TRUE	0.0400000000000205	
22	20000	two_shared	EAS_substituted	2	2	2	TRUE	TRUE	TRUE	25	0.9809606923748	0.999960438134841	TRUE	FALSE	0.110000000000014	
22	20000	two_shared	AFR_substituted	2	2	2	TRUE	TRUE	TRUE	9	1	0.999960438134841	FALSE	FALSE	1.38	
22	20000	shared_plus_specific	EUR_matched	2	2	1	TRUE	TRUE	TRUE	4	0.341443027614879	0.0052265327290948	TRUE	TRUE	0.0299999999999727	
22	20000	shared_plus_specific	EAS_substituted	2	2	1	FALSE	NA	NA	NA	NA	NA	NA	NA	2.84000000000003	susie_rss() did not converge in 1000 iterations. Try running with run_until_convergence=TRUE
22	20000	shared_plus_specific	AFR_substituted	2	2	1	TRUE	TRUE	TRUE	15	1	0.0052265327290948	FALSE	FALSE	1.75	
22	20000	distinct_only	EUR_matched	1	1	0	TRUE	TRUE	TRUE	1	3.15754022970352e-14	1.86303377986487e-14	TRUE	TRUE	0.0300000000000296	
22	20000	distinct_only	EAS_substituted	1	1	0	TRUE	TRUE	TRUE	15	0.689162843127286	1.86303377986487e-14	TRUE	FALSE	0.159999999999968	
22	20000	distinct_only	AFR_substituted	1	1	0	TRUE	TRUE	TRUE	25	0.999999642351497	1.86303377986487e-14	TRUE	TRUE	0.0699999999999932	
23	2000	one_shared	EUR_matched	1	1	1	TRUE	TRUE	TRUE	3	0.0710162301717551	0.0698302796408339	TRUE	TRUE	0.0500000000000114	
23	2000	one_shared	EAS_substituted	1	1	1	TRUE	TRUE	TRUE	4	0.0688219646222159	0.0698302796408339	TRUE	TRUE	0.0600000000000023	
23	2000	one_shared	AFR_substituted	1	1	1	TRUE	TRUE	TRUE	3	0.0204566776203544	0.0698302796408339	TRUE	TRUE	0.0400000000000205	
23	2000	two_shared	EUR_matched	2	2	2	TRUE	TRUE	TRUE	2	0.0651953179381795	0.0471656135426033	TRUE	FALSE	0.0500000000000114	
23	2000	two_shared	EAS_substituted	2	2	2	TRUE	TRUE	TRUE	3	0.0443402822995657	0.0471656135426033	TRUE	FALSE	0.0399999999999636	
23	2000	two_shared	AFR_substituted	2	2	2	TRUE	TRUE	TRUE	4	0.146425852645565	0.0471656135426033	TRUE	FALSE	0.0500000000000114	
23	2000	shared_plus_specific	EUR_matched	2	2	1	TRUE	TRUE	TRUE	4	0.259500774365925	0.729025573215311	FALSE	TRUE	0.0799999999999841	
23	2000	shared_plus_specific	EAS_substituted	2	2	1	TRUE	TRUE	TRUE	20	0.185393227995556	0.729025573215311	FALSE	TRUE	1.30000000000001	
23	2000	shared_plus_specific	AFR_substituted	2	2	1	TRUE	TRUE	TRUE	2	0.0867715850899325	0.729025573215311	TRUE	TRUE	0.0400000000000205	
23	2000	distinct_only	EUR_matched	1	1	0	TRUE	TRUE	TRUE	3	0.113730843003374	0.0481893399972491	TRUE	TRUE	0.0500000000000114	
23	2000	distinct_only	EAS_substituted	1	1	0	TRUE	TRUE	TRUE	1	0.101981770340767	0.0481893399972491	TRUE	TRUE	0.00999999999999091	
23	2000	distinct_only	AFR_substituted	1	1	0	TRUE	TRUE	TRUE	5	0.0484970971569976	0.0481893399972491	TRUE	TRUE	0.110000000000014	
23	5000	one_shared	EUR_matched	1	1	1	TRUE	TRUE	TRUE	1	0.971040439782912	0.971005039107954	TRUE	TRUE	0.0299999999999727	
23	5000	one_shared	EAS_substituted	1	1	1	TRUE	TRUE	TRUE	5	0.964120390719185	0.971005039107954	FALSE	TRUE	1.38	
23	5000	one_shared	AFR_substituted	1	1	1	TRUE	TRUE	TRUE	25	0.583465430017895	0.971005039107954	FALSE	TRUE	2.12	
23	5000	two_shared	EUR_matched	2	2	2	TRUE	TRUE	TRUE	2	0.862293346096677	0.48648948807222	TRUE	FALSE	0.0500000000000114	
23	5000	two_shared	EAS_substituted	2	2	2	TRUE	TRUE	TRUE	15	0.418466390255296	0.48648948807222	FALSE	TRUE	0.78000000000003	
23	5000	two_shared	AFR_substituted	2	2	2	TRUE	TRUE	TRUE	20	0.954577475377135	0.48648948807222	TRUE	TRUE	0.109999999999957	
23	5000	shared_plus_specific	EUR_matched	2	2	1	TRUE	TRUE	TRUE	4	0.9742079152848	0.96368303841276	TRUE	TRUE	0.0500000000000114	
23	5000	shared_plus_specific	EAS_substituted	2	2	1	TRUE	TRUE	TRUE	15	0.976476513338768	0.96368303841276	FALSE	TRUE	0.819999999999993	
23	5000	shared_plus_specific	AFR_substituted	2	2	1	TRUE	TRUE	TRUE	25	0.988489712774884	0.96368303841276	FALSE	TRUE	0.110000000000014	
23	5000	distinct_only	EUR_matched	1	1	0	TRUE	TRUE	TRUE	4	0.305401686447003	0.0581504769610713	TRUE	FALSE	0.110000000000014	
23	5000	distinct_only	EAS_substituted	1	1	0	TRUE	TRUE	TRUE	6	0.154274887635833	0.0581504769610713	TRUE	TRUE	0.0699999999999932	
23	5000	distinct_only	AFR_substituted	1	1	0	TRUE	TRUE	TRUE	25	0.638156922026579	0.0581504769610713	TRUE	TRUE	0.0699999999999932	
23	20000	one_shared	EUR_matched	1	1	1	TRUE	TRUE	TRUE	1	0.98548501474696	0.9855554174392	TRUE	TRUE	0.0400000000000205	
23	20000	one_shared	EAS_substituted	1	1	1	TRUE	TRUE	TRUE	25	1	0.9855554174392	FALSE	FALSE	1.94999999999999	
23	20000	one_shared	AFR_substituted	1	1	1	TRUE	TRUE	TRUE	25	1	0.9855554174392	FALSE	FALSE	2.17000000000002	
23	20000	two_shared	EUR_matched	2	2	2	TRUE	TRUE	TRUE	4	0.999887268467946	0.999912689497427	TRUE	TRUE	0.0600000000000023	
23	20000	two_shared	EAS_substituted	2	2	2	FALSE	NA	NA	NA	NA	NA	NA	NA	2.75	susie_rss() did not converge in 1000 iterations. Try running with run_until_convergence=TRUE
23	20000	two_shared	AFR_substituted	2	2	2	TRUE	TRUE	TRUE	25	1	0.999912689497427	FALSE	FALSE	0.0499999999999545	
23	20000	shared_plus_specific	EUR_matched	2	2	1	TRUE	TRUE	TRUE	4	0.983935479013295	0.935051287130138	TRUE	TRUE	0.0500000000000114	
23	20000	shared_plus_specific	EAS_substituted	2	2	1	TRUE	TRUE	TRUE	25	1	0.935051287130138	FALSE	FALSE	1.37	
23	20000	shared_plus_specific	AFR_substituted	2	2	1	TRUE	TRUE	TRUE	25	0.986200019004017	0.935051287130138	FALSE	FALSE	1.25	
23	20000	distinct_only	EUR_matched	1	1	0	TRUE	TRUE	TRUE	1	2.40323991088044e-24	1.09920541598127e-24	TRUE	TRUE	0.0300000000000296	
23	20000	distinct_only	EAS_substituted	1	1	0	TRUE	TRUE	TRUE	25	0.999999721209104	1.09920541598127e-24	FALSE	FALSE	0.889999999999986	
23	20000	distinct_only	AFR_substituted	1	1	0	TRUE	TRUE	TRUE	25	0.858567679225209	1.09920541598127e-24	FALSE	TRUE	0.129999999999995	
24	2000	one_shared	EUR_matched	1	1	1	TRUE	TRUE	TRUE	1	0.984053794970288	0.98379184358835	TRUE	TRUE	0.0299999999999727	
24	2000	one_shared	EAS_substituted	1	1	1	TRUE	TRUE	TRUE	1	0.984053794970288	0.98379184358835	TRUE	TRUE	0.0300000000000296	
24	2000	one_shared	AFR_substituted	1	1	1	TRUE	TRUE	TRUE	20	0.984453819408447	0.98379184358835	TRUE	TRUE	0.0500000000000114	
24	2000	two_shared	EUR_matched	2	2	2	TRUE	TRUE	TRUE	2	0.0834812738117986	0.0838344622691388	TRUE	TRUE	0.0500000000000114	
24	2000	two_shared	EAS_substituted	2	2	2	TRUE	TRUE	TRUE	2	0.101136625308751	0.0838344622691388	TRUE	TRUE	0.0299999999999727	
24	2000	two_shared	AFR_substituted	2	2	2	TRUE	TRUE	TRUE	10	0.0963955885558223	0.0838344622691388	TRUE	TRUE	0.0800000000000409	
24	2000	shared_plus_specific	EUR_matched	2	2	1	TRUE	TRUE	TRUE	4	0.930785465456842	0.918032151185742	TRUE	TRUE	0.0399999999999636	
24	2000	shared_plus_specific	EAS_substituted	2	2	1	TRUE	TRUE	TRUE	4	0.898833427323409	0.918032151185742	TRUE	TRUE	0.0500000000000114	
24	2000	shared_plus_specific	AFR_substituted	2	2	1	TRUE	TRUE	TRUE	8	0.174267082653156	0.918032151185742	TRUE	TRUE	0.0600000000000023	
24	2000	distinct_only	EUR_matched	1	1	0	TRUE	TRUE	TRUE	3	0.0155264471049379	0.0147890149630155	TRUE	TRUE	0.0500000000000114	
24	2000	distinct_only	EAS_substituted	1	1	0	TRUE	TRUE	TRUE	1	0.0143827360259166	0.0147890149630155	TRUE	TRUE	0.0500000000000114	
24	2000	distinct_only	AFR_substituted	1	1	0	TRUE	TRUE	TRUE	2	0.00152088616359683	0.0147890149630155	TRUE	TRUE	0.0399999999999636	
24	5000	one_shared	EUR_matched	1	1	1	TRUE	TRUE	TRUE	1	0.993626917659129	0.993605427081886	TRUE	TRUE	0.0300000000000296	
24	5000	one_shared	EAS_substituted	1	1	1	TRUE	TRUE	TRUE	1	0.993626917659129	0.993605427081886	TRUE	TRUE	0.0299999999999727	
24	5000	one_shared	AFR_substituted	1	1	1	TRUE	TRUE	TRUE	15	0.897575854608007	0.993605427081886	TRUE	TRUE	0.0800000000000409	
24	5000	two_shared	EUR_matched	2	2	2	TRUE	TRUE	TRUE	6	0.972875817182524	0.92797460004975	TRUE	TRUE	0.0699999999999932	
24	5000	two_shared	EAS_substituted	2	2	2	TRUE	TRUE	TRUE	12	0.999858695095344	0.92797460004975	FALSE	TRUE	0.0699999999999932	
24	5000	two_shared	AFR_substituted	2	2	2	TRUE	TRUE	TRUE	25	0.997571603498251	0.92797460004975	FALSE	TRUE	0.0500000000000114	
24	5000	shared_plus_specific	EUR_matched	2	2	1	TRUE	TRUE	TRUE	4	0.80222871857534	0.944215956835685	FALSE	TRUE	0.0600000000000023	
24	5000	shared_plus_specific	EAS_substituted	2	2	1	TRUE	TRUE	TRUE	8	0.998894735851344	0.944215956835685	TRUE	TRUE	0.0600000000000023	
24	5000	shared_plus_specific	AFR_substituted	2	2	1	TRUE	TRUE	TRUE	25	0.782301789545002	0.944215956835685	TRUE	TRUE	0.0799999999999841	
24	5000	distinct_only	EUR_matched	1	1	0	TRUE	TRUE	TRUE	2	0.072367758041465	0.0131749799583879	TRUE	TRUE	0.0500000000000114	
24	5000	distinct_only	EAS_substituted	1	1	0	TRUE	TRUE	TRUE	5	0.979837831376347	0.0131749799583879	FALSE	TRUE	0.870000000000005	
24	5000	distinct_only	AFR_substituted	1	1	0	TRUE	TRUE	TRUE	16	0.0317291890298734	0.0131749799583879	TRUE	TRUE	0.0500000000000114	
24	20000	one_shared	EUR_matched	1	1	1	TRUE	TRUE	TRUE	1	0.996646719269259	0.996742359623833	TRUE	TRUE	0.0299999999999727	
24	20000	one_shared	EAS_substituted	1	1	1	TRUE	TRUE	TRUE	25	0.999999999999986	0.996742359623833	TRUE	TRUE	2.12	
24	20000	one_shared	AFR_substituted	1	1	1	TRUE	TRUE	TRUE	25	1	0.996742359623833	TRUE	TRUE	0.100000000000023	
24	20000	two_shared	EUR_matched	2	2	2	TRUE	TRUE	TRUE	4	0.992269714760238	0.982891785793431	TRUE	TRUE	0.0399999999999636	
24	20000	two_shared	EAS_substituted	2	2	2	TRUE	TRUE	TRUE	25	1	0.982891785793431	TRUE	TRUE	0.100000000000023	
24	20000	two_shared	AFR_substituted	2	2	2	TRUE	TRUE	TRUE	25	0.999999998824663	0.982891785793431	FALSE	FALSE	0.0500000000000114	
24	20000	shared_plus_specific	EUR_matched	2	2	1	TRUE	TRUE	TRUE	4	0.994809442047673	0.998537551426188	TRUE	TRUE	0.0399999999999636	
24	20000	shared_plus_specific	EAS_substituted	2	2	1	TRUE	TRUE	TRUE	16	0.999999999999787	0.998537551426188	FALSE	TRUE	0.140000000000043	
24	20000	shared_plus_specific	AFR_substituted	2	2	1	TRUE	TRUE	TRUE	25	0.999999999999375	0.998537551426188	FALSE	FALSE	0.0699999999999932	
24	20000	distinct_only	EUR_matched	1	1	0	TRUE	TRUE	TRUE	1	2.28608425279315e-26	1.03540820145127e-26	TRUE	TRUE	0.0299999999999727	
24	20000	distinct_only	EAS_substituted	1	1	0	FALSE	NA	NA	NA	NA	NA	NA	NA	2.78000000000003	susie_rss() did not converge in 1000 iterations. Try running with run_until_convergence=TRUE
24	20000	distinct_only	AFR_substituted	1	1	0	TRUE	TRUE	TRUE	25	0.213880732928819	1.03540820145127e-26	TRUE	TRUE	0.089999999999975	
25	2000	one_shared	EUR_matched	1	1	1	TRUE	TRUE	TRUE	1	0.926570351274198	0.917004696209962	TRUE	TRUE	0.0300000000000296	
25	2000	one_shared	EAS_substituted	1	1	1	TRUE	TRUE	TRUE	1	0.926570351274198	0.917004696209962	TRUE	TRUE	0.0199999999999818	
25	2000	one_shared	AFR_substituted	1	1	1	TRUE	TRUE	TRUE	6	0.310894567094893	0.917004696209962	TRUE	TRUE	0.0500000000000114	
25	2000	two_shared	EUR_matched	2	2	2	TRUE	TRUE	TRUE	2	0.733633820364413	0.668521358492208	TRUE	FALSE	0.0299999999999727	
25	2000	two_shared	EAS_substituted	2	2	2	TRUE	TRUE	TRUE	3	0.734823979811571	0.668521358492208	FALSE	FALSE	0.0600000000000023	
25	2000	two_shared	AFR_substituted	2	2	2	TRUE	TRUE	TRUE	6	0.111119939718651	0.668521358492208	TRUE	TRUE	0.0500000000000114	
25	2000	shared_plus_specific	EUR_matched	2	2	1	TRUE	TRUE	TRUE	2	0.0308883573265291	0.349885896444498	FALSE	FALSE	0.0600000000000023	
25	2000	shared_plus_specific	EAS_substituted	2	2	1	TRUE	TRUE	TRUE	3	0.410586273671144	0.349885896444498	TRUE	TRUE	0.0400000000000205	
25	2000	shared_plus_specific	AFR_substituted	2	2	1	TRUE	TRUE	TRUE	6	0.115016333232806	0.349885896444498	TRUE	TRUE	0.0399999999999636	
25	2000	distinct_only	EUR_matched	1	1	0	TRUE	TRUE	TRUE	1	0.0689909657199054	0.0385804386882129	TRUE	TRUE	0.0300000000000296	
25	2000	distinct_only	EAS_substituted	1	1	0	TRUE	TRUE	TRUE	4	0.00924858822425199	0.0385804386882129	TRUE	TRUE	0.0999999999999659	
25	2000	distinct_only	AFR_substituted	1	1	0	TRUE	TRUE	TRUE	2	0.00163055130570462	0.0385804386882129	TRUE	TRUE	0.0400000000000205	
25	5000	one_shared	EUR_matched	1	1	1	TRUE	TRUE	TRUE	1	0.977842985255328	0.977826212587634	TRUE	TRUE	0.0400000000000205	
25	5000	one_shared	EAS_substituted	1	1	1	TRUE	TRUE	TRUE	1	0.977842985255328	0.977826212587634	TRUE	TRUE	0.0299999999999727	
25	5000	one_shared	AFR_substituted	1	1	1	TRUE	TRUE	TRUE	20	0.95117580118747	0.977826212587634	TRUE	TRUE	0.0900000000000318	
25	5000	two_shared	EUR_matched	2	2	2	TRUE	TRUE	TRUE	4	0.777756601745078	0.0250741098011477	TRUE	TRUE	0.0499999999999545	
25	5000	two_shared	EAS_substituted	2	2	2	TRUE	TRUE	TRUE	4	0.839495597215579	0.0250741098011477	TRUE	TRUE	0.0400000000000205	
25	5000	two_shared	AFR_substituted	2	2	2	TRUE	TRUE	TRUE	25	0.9635151081198	0.0250741098011477	TRUE	TRUE	0.110000000000014	
25	5000	shared_plus_specific	EUR_matched	2	2	1	TRUE	TRUE	TRUE	6	0.37692236304523	0.176135172399945	TRUE	TRUE	0.0500000000000114	
25	5000	shared_plus_specific	EAS_substituted	2	2	1	TRUE	TRUE	TRUE	20	0.999994578645905	0.176135172399945	FALSE	FALSE	0.0600000000000023	
25	5000	shared_plus_specific	AFR_substituted	2	2	1	TRUE	TRUE	TRUE	25	0.865472774314049	0.176135172399945	TRUE	FALSE	0.0799999999999841	
25	5000	distinct_only	EUR_matched	1	1	0	TRUE	TRUE	TRUE	1	0.000424514925313673	0.000279141790714227	TRUE	TRUE	0.0300000000000296	
25	5000	distinct_only	EAS_substituted	1	1	0	TRUE	TRUE	TRUE	8	0.0839668302139582	0.000279141790714227	TRUE	TRUE	0.0600000000000023	
25	5000	distinct_only	AFR_substituted	1	1	0	TRUE	TRUE	TRUE	16	0.239488838463175	0.000279141790714227	TRUE	TRUE	0.0499999999999545	
25	20000	one_shared	EUR_matched	1	1	1	TRUE	TRUE	TRUE	2	0.988168439782202	0.988288185216995	TRUE	TRUE	0.0300000000000296	
25	20000	one_shared	EAS_substituted	1	1	1	TRUE	TRUE	TRUE	25	1	0.988288185216995	FALSE	FALSE	1.89999999999998	
25	20000	one_shared	AFR_substituted	1	1	1	TRUE	TRUE	TRUE	25	0.999997751310743	0.988288185216995	TRUE	TRUE	0.100000000000023	
25	20000	two_shared	EUR_matched	2	2	2	TRUE	TRUE	TRUE	4	0.992394496775558	0.9265593230988	TRUE	TRUE	0.0600000000000023	
25	20000	two_shared	EAS_substituted	2	2	2	FALSE	NA	NA	NA	NA	NA	NA	NA	2.80000000000001	susie_rss() did not converge in 1000 iterations. Try running with run_until_convergence=TRUE
25	20000	two_shared	AFR_substituted	2	2	2	TRUE	TRUE	TRUE	25	0.999999999999943	0.9265593230988	FALSE	FALSE	0.0600000000000023	
25	20000	shared_plus_specific	EUR_matched	2	2	1	TRUE	TRUE	TRUE	4	0.981295279644898	0.0569463931225877	TRUE	TRUE	0.109999999999957	
25	20000	shared_plus_specific	EAS_substituted	2	2	1	FALSE	NA	NA	NA	NA	NA	NA	NA	3.09000000000003	susie_rss() did not converge in 1000 iterations. Try running with run_until_convergence=TRUE
25	20000	shared_plus_specific	AFR_substituted	2	2	1	TRUE	TRUE	TRUE	25	0.959696152451332	0.0569463931225877	FALSE	FALSE	1.24000000000001	
25	20000	distinct_only	EUR_matched	1	1	0	TRUE	TRUE	TRUE	2	0.0845306609040928	9.80929292540307e-21	TRUE	TRUE	0.0299999999999727	
25	20000	distinct_only	EAS_substituted	1	1	0	FALSE	NA	NA	NA	NA	NA	NA	NA	3.75	susie_rss() did not converge in 1000 iterations. Try running with run_until_convergence=TRUE
25	20000	distinct_only	AFR_substituted	1	1	0	TRUE	TRUE	TRUE	25	0.71018336746799	9.80929292540307e-21	TRUE	FALSE	0.0600000000000023	
26	2000	one_shared	EUR_matched	1	1	1	TRUE	TRUE	TRUE	1	0.0903744289181334	0.0494216048884255	TRUE	TRUE	0.0300000000000296	
26	2000	one_shared	EAS_substituted	1	1	1	TRUE	TRUE	TRUE	3	0.0160541123213807	0.0494216048884255	TRUE	TRUE	0.0499999999999545	
26	2000	one_shared	AFR_substituted	1	1	1	TRUE	TRUE	TRUE	4	0.00321946461336722	0.0494216048884255	TRUE	TRUE	0.0500000000000114	
26	2000	two_shared	EUR_matched	2	2	2	TRUE	TRUE	TRUE	1	0.0468826473958322	0.0218223036319117	TRUE	FALSE	0.0300000000000296	
26	2000	two_shared	EAS_substituted	2	2	2	TRUE	TRUE	TRUE	1	0.0468826473958322	0.0218223036319117	TRUE	FALSE	0.0299999999999727	
26	2000	two_shared	AFR_substituted	2	2	2	TRUE	TRUE	TRUE	4	0.0325957064334995	0.0218223036319117	TRUE	TRUE	0.0500000000000114	
26	2000	shared_plus_specific	EUR_matched	2	2	1	TRUE	TRUE	TRUE	4	0.109734045283454	0.352170579076256	TRUE	FALSE	0.0699999999999932	
26	2000	shared_plus_specific	EAS_substituted	2	2	1	TRUE	TRUE	TRUE	3	0.100978311076181	0.352170579076256	TRUE	FALSE	0.0500000000000114	
26	2000	shared_plus_specific	AFR_substituted	2	2	1	TRUE	TRUE	TRUE	4	0.113089784885391	0.352170579076256	TRUE	TRUE	0.0600000000000023	
26	2000	distinct_only	EUR_matched	1	1	0	TRUE	TRUE	TRUE	2	0.122157696909619	0.00709869596897383	TRUE	TRUE	0.0299999999999727	
26	2000	distinct_only	EAS_substituted	1	1	0	TRUE	TRUE	TRUE	3	0.0898180260861091	0.00709869596897383	TRUE	TRUE	0.0699999999999932	
26	2000	distinct_only	AFR_substituted	1	1	0	TRUE	TRUE	TRUE	9	0.0367874083632002	0.00709869596897383	TRUE	TRUE	0.0600000000000023	
26	5000	one_shared	EUR_matched	1	1	1	TRUE	TRUE	TRUE	1	0.970889356910606	0.97039779404346	TRUE	TRUE	0.0300000000000296	
26	5000	one_shared	EAS_substituted	1	1	1	TRUE	TRUE	TRUE	2	0.971005513424064	0.97039779404346	TRUE	TRUE	0.0299999999999727	
26	5000	one_shared	AFR_substituted	1	1	1	TRUE	TRUE	TRUE	25	0.999851318071481	0.97039779404346	TRUE	TRUE	0.0800000000000409	
26	5000	two_shared	EUR_matched	2	2	2	TRUE	TRUE	TRUE	4	0.992874067472912	0.92894593225543	TRUE	TRUE	0.0400000000000205	
26	5000	two_shared	EAS_substituted	2	2	2	TRUE	TRUE	TRUE	4	0.88059777340827	0.92894593225543	TRUE	TRUE	0.0699999999999932	
26	5000	two_shared	AFR_substituted	2	2	2	TRUE	TRUE	TRUE	25	0.993009580623151	0.92894593225543	TRUE	TRUE	0.089999999999975	
26	5000	shared_plus_specific	EUR_matched	2	2	1	TRUE	TRUE	TRUE	2	0.887946079168664	0.897853931140799	TRUE	TRUE	0.0500000000000114	
26	5000	shared_plus_specific	EAS_substituted	2	2	1	TRUE	TRUE	TRUE	4	0.814463376034441	0.897853931140799	TRUE	TRUE	0.0400000000000205	
26	5000	shared_plus_specific	AFR_substituted	2	2	1	TRUE	TRUE	TRUE	8	0.825382305718543	0.897853931140799	TRUE	FALSE	0.0499999999999545	
26	5000	distinct_only	EUR_matched	1	1	0	TRUE	TRUE	TRUE	1	0.0035265455461568	0.00211405419448559	TRUE	TRUE	0.0300000000000296	
26	5000	distinct_only	EAS_substituted	1	1	0	TRUE	TRUE	TRUE	2	0.020624320035483	0.00211405419448559	TRUE	TRUE	0.0299999999999727	
26	5000	distinct_only	AFR_substituted	1	1	0	TRUE	TRUE	TRUE	12	0.0688159240481915	0.00211405419448559	FALSE	TRUE	0.0800000000000409	
26	20000	one_shared	EUR_matched	1	1	1	TRUE	TRUE	TRUE	2	0.996781785580138	0.996818812568716	TRUE	TRUE	0.0299999999999727	
26	20000	one_shared	EAS_substituted	1	1	1	FALSE	NA	NA	NA	NA	NA	NA	NA	2.92000000000002	susie_rss() did not converge in 1000 iterations. Try running with run_until_convergence=TRUE
26	20000	one_shared	AFR_substituted	1	1	1	TRUE	TRUE	TRUE	25	1	0.996818812568716	FALSE	FALSE	0.0799999999999841	
26	20000	two_shared	EUR_matched	2	2	2	TRUE	TRUE	TRUE	4	0.997926299394596	0.733978526286977	TRUE	TRUE	0.0500000000000114	
26	20000	two_shared	EAS_substituted	2	2	2	FALSE	NA	NA	NA	NA	NA	NA	NA	2.94999999999999	susie_rss() did not converge in 1000 iterations. Try running with run_until_convergence=TRUE
26	20000	two_shared	AFR_substituted	2	2	2	TRUE	TRUE	TRUE	25	0.99999814556665	0.733978526286977	FALSE	FALSE	0.0600000000000023	
26	20000	shared_plus_specific	EUR_matched	2	2	1	TRUE	TRUE	TRUE	2	0.995653433261435	0.00141794012383867	TRUE	FALSE	0.0400000000000205	
26	20000	shared_plus_specific	EAS_substituted	2	2	1	TRUE	TRUE	TRUE	25	0.999999766669979	0.00141794012383867	FALSE	FALSE	2.14999999999998	
26	20000	shared_plus_specific	AFR_substituted	2	2	1	TRUE	TRUE	TRUE	25	1	0.00141794012383867	FALSE	FALSE	0.0600000000000023	
26	20000	distinct_only	EUR_matched	1	1	0	TRUE	TRUE	TRUE	1	1.10636647561654e-24	5.25774315730003e-25	TRUE	TRUE	0.0200000000000387	
26	20000	distinct_only	EAS_substituted	1	1	0	FALSE	NA	NA	NA	NA	NA	NA	NA	2.75999999999999	susie_rss() did not converge in 1000 iterations. Try running with run_until_convergence=TRUE
26	20000	distinct_only	AFR_substituted	1	1	0	TRUE	TRUE	TRUE	25	0.730247734104159	5.25774315730003e-25	FALSE	FALSE	0.110000000000014	
27	2000	one_shared	EUR_matched	1	1	1	TRUE	TRUE	TRUE	0	NA	0.0431259068657696	TRUE	FALSE	0.0299999999999727	
27	2000	one_shared	EAS_substituted	1	1	1	TRUE	TRUE	TRUE	0	NA	0.0431259068657696	TRUE	FALSE	0.0300000000000296	
27	2000	one_shared	AFR_substituted	1	1	1	TRUE	TRUE	TRUE	0	NA	0.0431259068657696	TRUE	FALSE	0.0499999999999545	
27	2000	two_shared	EUR_matched	2	2	2	TRUE	TRUE	TRUE	2	0.00177782155463115	0.000548527480554175	TRUE	TRUE	0.0500000000000114	
27	2000	two_shared	EAS_substituted	2	2	2	TRUE	TRUE	TRUE	2	0.00173698489775938	0.000548527480554175	TRUE	TRUE	0.0400000000000205	
27	2000	two_shared	AFR_substituted	2	2	2	TRUE	TRUE	TRUE	2	0.00111083745378649	0.000548527480554175	TRUE	TRUE	0.0500000000000114	
27	2000	shared_plus_specific	EUR_matched	2	2	1	TRUE	TRUE	TRUE	2	0.0699933394785902	0.0400739717003911	TRUE	FALSE	0.0299999999999727	
27	2000	shared_plus_specific	EAS_substituted	2	2	1	TRUE	TRUE	TRUE	2	0.144343065104177	0.0400739717003911	TRUE	FALSE	0.0500000000000114	
27	2000	shared_plus_specific	AFR_substituted	2	2	1	TRUE	TRUE	TRUE	15	0.118712967602521	0.0400739717003911	TRUE	TRUE	0.0500000000000114	
27	2000	distinct_only	EUR_matched	1	1	0	TRUE	TRUE	TRUE	1	0.00546136300090231	0.0020610419235819	TRUE	TRUE	0.0299999999999727	
27	2000	distinct_only	EAS_substituted	1	1	0	TRUE	TRUE	TRUE	1	0.00546136300090231	0.0020610419235819	TRUE	TRUE	0.0300000000000296	
27	2000	distinct_only	AFR_substituted	1	1	0	TRUE	TRUE	TRUE	4	0.00220688426606736	0.0020610419235819	TRUE	TRUE	0.0399999999999636	
27	5000	one_shared	EUR_matched	1	1	1	TRUE	TRUE	TRUE	1	0.980177623268205	0.975615752724114	TRUE	TRUE	0.0200000000000387	
27	5000	one_shared	EAS_substituted	1	1	1	TRUE	TRUE	TRUE	1	0.980177623268205	0.975615752724114	TRUE	TRUE	0.0299999999999727	
27	5000	one_shared	AFR_substituted	1	1	1	TRUE	TRUE	TRUE	12	0.85125969930608	0.975615752724114	TRUE	TRUE	0.0600000000000023	
27	5000	two_shared	EUR_matched	2	2	2	TRUE	TRUE	TRUE	4	0.932612929656327	0.954823046519344	TRUE	TRUE	0.0699999999999932	
27	5000	two_shared	EAS_substituted	2	2	2	TRUE	TRUE	TRUE	6	0.990304258775336	0.954823046519344	FALSE	TRUE	0.0400000000000205	
27	5000	two_shared	AFR_substituted	2	2	2	TRUE	TRUE	TRUE	25	0.967266268017339	0.954823046519344	TRUE	TRUE	0.0999999999999659	
27	5000	shared_plus_specific	EUR_matched	2	2	1	TRUE	TRUE	TRUE	2	0.964325494430043	0.863044727736477	FALSE	TRUE	0.0600000000000023	
27	5000	shared_plus_specific	EAS_substituted	2	2	1	TRUE	TRUE	TRUE	3	0.39620531355947	0.863044727736477	FALSE	TRUE	0.0600000000000023	
27	5000	shared_plus_specific	AFR_substituted	2	2	1	TRUE	TRUE	TRUE	15	0.931084677524422	0.863044727736477	TRUE	FALSE	0.0800000000000409	
27	5000	distinct_only	EUR_matched	1	1	0	TRUE	TRUE	TRUE	1	0.000898502377182998	0.000564746823303771	TRUE	TRUE	0.0299999999999727	
27	5000	distinct_only	EAS_substituted	1	1	0	TRUE	TRUE	TRUE	2	0.0765585168110036	0.000564746823303771	TRUE	TRUE	0.0300000000000296	
27	5000	distinct_only	AFR_substituted	1	1	0	TRUE	TRUE	TRUE	9	0.030692606118828	0.000564746823303771	TRUE	TRUE	0.0500000000000114	
27	20000	one_shared	EUR_matched	1	1	1	TRUE	TRUE	TRUE	4	0.998986754045473	0.998989253092406	TRUE	TRUE	0.0199999999999818	
27	20000	one_shared	EAS_substituted	1	1	1	TRUE	TRUE	TRUE	20	0.999000254802725	0.998989253092406	TRUE	TRUE	1.37	
27	20000	one_shared	AFR_substituted	1	1	1	TRUE	TRUE	TRUE	25	0.999563170862633	0.998989253092406	TRUE	TRUE	0.0500000000000114	
27	20000	two_shared	EUR_matched	2	2	2	TRUE	TRUE	TRUE	4	0.998983324329625	0.989744098691649	TRUE	TRUE	0.0500000000000114	
27	20000	two_shared	EAS_substituted	2	2	2	TRUE	TRUE	TRUE	15	0.999999843922419	0.989744098691649	FALSE	TRUE	0.0699999999999932	
27	20000	two_shared	AFR_substituted	2	2	2	TRUE	TRUE	TRUE	25	0.999998908308881	0.989744098691649	FALSE	TRUE	0.0699999999999932	
27	20000	shared_plus_specific	EUR_matched	2	2	1	TRUE	TRUE	TRUE	4	0.999011030958252	0.179926697196678	TRUE	TRUE	0.0400000000000205	
27	20000	shared_plus_specific	EAS_substituted	2	2	1	TRUE	TRUE	TRUE	15	0.369198132967336	0.179926697196678	FALSE	TRUE	0.0799999999999841	
27	20000	shared_plus_specific	AFR_substituted	2	2	1	TRUE	TRUE	TRUE	25	0.58994148581179	0.179926697196678	TRUE	FALSE	0.089999999999975	
27	20000	distinct_only	EUR_matched	1	1	0	TRUE	TRUE	TRUE	1	1.10484875668182e-21	5.63429257275683e-22	TRUE	TRUE	0.0400000000000205	
27	20000	distinct_only	EAS_substituted	1	1	0	FALSE	NA	NA	NA	NA	NA	NA	NA	2.98000000000002	susie_rss() did not converge in 1000 iterations. Try running with run_until_convergence=TRUE
27	20000	distinct_only	AFR_substituted	1	1	0	TRUE	TRUE	TRUE	25	0.412108436121801	5.63429257275683e-22	TRUE	TRUE	0.0499999999999545	
28	2000	one_shared	EUR_matched	1	1	1	TRUE	TRUE	TRUE	1	0.959426853500445	0.958511080598833	TRUE	TRUE	0.0299999999999727	
28	2000	one_shared	EAS_substituted	1	1	1	TRUE	TRUE	TRUE	2	0.947587613060845	0.958511080598833	TRUE	TRUE	0.0500000000000114	
28	2000	one_shared	AFR_substituted	1	1	1	TRUE	TRUE	TRUE	6	0.0642167369047234	0.958511080598833	TRUE	TRUE	0.0799999999999841	
28	2000	two_shared	EUR_matched	2	2	2	TRUE	TRUE	TRUE	1	0.797863273025901	0.752659891841626	TRUE	FALSE	0.0300000000000296	
28	2000	two_shared	EAS_substituted	2	2	2	TRUE	TRUE	TRUE	1	0.797863273025901	0.752659891841626	TRUE	FALSE	0.0199999999999818	
28	2000	two_shared	AFR_substituted	2	2	2	TRUE	TRUE	TRUE	3	0.216220699776774	0.752659891841626	TRUE	FALSE	0.0600000000000023	
28	2000	shared_plus_specific	EUR_matched	2	2	1	TRUE	TRUE	TRUE	1	0.972047417705863	0.972420231797177	FALSE	FALSE	0.0299999999999727	
28	2000	shared_plus_specific	EAS_substituted	2	2	1	TRUE	TRUE	TRUE	1	0.972047417705863	0.972420231797177	FALSE	FALSE	0.0300000000000296	
28	2000	shared_plus_specific	AFR_substituted	2	2	1	TRUE	TRUE	TRUE	6	0.180633177543098	0.972420231797177	TRUE	TRUE	0.0600000000000023	
28	2000	distinct_only	EUR_matched	1	1	0	TRUE	TRUE	TRUE	1	0.0399489213165857	0.0162876868771697	TRUE	TRUE	0.0199999999999818	
28	2000	distinct_only	EAS_substituted	1	1	0	TRUE	TRUE	TRUE	6	0.0579934046909791	0.0162876868771697	TRUE	TRUE	0.0699999999999932	
28	2000	distinct_only	AFR_substituted	1	1	0	TRUE	TRUE	TRUE	4	0.0640678459251032	0.0162876868771697	TRUE	TRUE	0.0400000000000205	
28	5000	one_shared	EUR_matched	1	1	1	TRUE	TRUE	TRUE	1	0.979553573256174	0.979375158144619	TRUE	FALSE	0.0400000000000205	
28	5000	one_shared	EAS_substituted	1	1	1	TRUE	TRUE	TRUE	25	1	0.979375158144619	FALSE	FALSE	2.56999999999999	
28	5000	one_shared	AFR_substituted	1	1	1	TRUE	TRUE	TRUE	20	0.999766105619175	0.979375158144619	TRUE	TRUE	0.0699999999999932	
28	5000	two_shared	EUR_matched	2	2	2	TRUE	TRUE	TRUE	2	0.768058929012256	0.890729612180935	TRUE	FALSE	0.0500000000000114	
28	5000	two_shared	EAS_substituted	2	2	2	TRUE	TRUE	TRUE	6	0.500194733300033	0.890729612180935	FALSE	FALSE	0.089999999999975	
28	5000	two_shared	AFR_substituted	2	2	2	TRUE	TRUE	TRUE	25	0.999986371735614	0.890729612180935	FALSE	FALSE	0.0600000000000023	
28	5000	shared_plus_specific	EUR_matched	2	2	1	TRUE	TRUE	TRUE	4	0.0464844166381286	0.0123046484341257	TRUE	TRUE	0.0500000000000114	
28	5000	shared_plus_specific	EAS_substituted	2	2	1	TRUE	TRUE	TRUE	4	0.0745512446031521	0.0123046484341257	FALSE	TRUE	0.0500000000000114	
28	5000	shared_plus_specific	AFR_substituted	2	2	1	TRUE	TRUE	TRUE	20	0.470393883645017	0.0123046484341257	FALSE	TRUE	0.0600000000000023	
28	5000	distinct_only	EUR_matched	1	1	0	TRUE	TRUE	TRUE	1	0.0907160726893584	0.0435153515277906	FALSE	TRUE	0.0299999999999727	
28	5000	distinct_only	EAS_substituted	1	1	0	TRUE	TRUE	TRUE	1	0.0907160726893584	0.0435153515277906	FALSE	TRUE	0.0300000000000296	
28	5000	distinct_only	AFR_substituted	1	1	0	TRUE	TRUE	TRUE	10	0.0609149833105109	0.0435153515277906	TRUE	TRUE	0.0699999999999932	
28	20000	one_shared	EUR_matched	1	1	1	TRUE	TRUE	TRUE	1	0.99822670029309	0.998325223416549	TRUE	TRUE	0.0400000000000205	
28	20000	one_shared	EAS_substituted	1	1	1	TRUE	TRUE	TRUE	25	0.999999996190354	0.998325223416549	FALSE	TRUE	1.15999999999997	
28	20000	one_shared	AFR_substituted	1	1	1	TRUE	TRUE	TRUE	25	0.999999725423616	0.998325223416549	TRUE	TRUE	0.0799999999999841	
28	20000	two_shared	EUR_matched	2	2	2	TRUE	TRUE	TRUE	4	0.714451976404822	0.910966675181234	FALSE	TRUE	0.0600000000000023	
28	20000	two_shared	EAS_substituted	2	2	2	TRUE	TRUE	TRUE	20	0.993323741830865	0.910966675181234	FALSE	FALSE	1.14000000000004	
28	20000	two_shared	AFR_substituted	2	2	2	TRUE	TRUE	TRUE	25	0.999842847605281	0.910966675181234	FALSE	FALSE	2.51999999999998	
28	20000	shared_plus_specific	EUR_matched	2	2	1	TRUE	TRUE	TRUE	4	0.00364643862004934	8.87058111744974e-08	FALSE	TRUE	0.0400000000000205	
28	20000	shared_plus_specific	EAS_substituted	2	2	1	TRUE	TRUE	TRUE	25	0.999998178162212	8.87058111744974e-08	FALSE	FALSE	3.46999999999997	
28	20000	shared_plus_specific	AFR_substituted	2	2	1	TRUE	TRUE	TRUE	25	0.999999956116768	8.87058111744974e-08	FALSE	FALSE	0.0500000000000114	
28	20000	distinct_only	EUR_matched	1	1	0	TRUE	TRUE	TRUE	1	1.97175234407484e-20	1.00259468458286e-20	TRUE	TRUE	0.0299999999999727	
28	20000	distinct_only	EAS_substituted	1	1	0	TRUE	TRUE	TRUE	25	0.999887054883942	1.00259468458286e-20	TRUE	FALSE	0.840000000000032	
28	20000	distinct_only	AFR_substituted	1	1	0	TRUE	TRUE	TRUE	25	0.999574301944804	1.00259468458286e-20	TRUE	FALSE	1.30000000000001	
29	2000	one_shared	EUR_matched	1	1	1	TRUE	TRUE	TRUE	1	0.163487198013046	0.0985454285175935	TRUE	TRUE	0.0299999999999727	
29	2000	one_shared	EAS_substituted	1	1	1	TRUE	TRUE	TRUE	4	0.277411493232601	0.0985454285175935	TRUE	TRUE	0.0799999999999841	
29	2000	one_shared	AFR_substituted	1	1	1	TRUE	TRUE	TRUE	4	0.00200157571474888	0.0985454285175935	TRUE	TRUE	0.0500000000000114	
29	2000	two_shared	EUR_matched	2	2	2	TRUE	TRUE	TRUE	1	0.59890131018843	0.523705687820686	FALSE	FALSE	0.0300000000000296	
29	2000	two_shared	EAS_substituted	2	2	2	TRUE	TRUE	TRUE	4	0.414627457271837	0.523705687820686	TRUE	TRUE	0.0399999999999636	
29	2000	two_shared	AFR_substituted	2	2	2	TRUE	TRUE	TRUE	4	0.031584853936209	0.523705687820686	TRUE	TRUE	0.0699999999999932	
29	2000	shared_plus_specific	EUR_matched	2	2	1	TRUE	TRUE	TRUE	1	0.811849211094534	0.782280631299359	TRUE	FALSE	0.0100000000000477	
29	2000	shared_plus_specific	EAS_substituted	2	2	1	TRUE	TRUE	TRUE	2	0.337505530985756	0.782280631299359	TRUE	FALSE	0.0299999999999727	
29	2000	shared_plus_specific	AFR_substituted	2	2	1	TRUE	TRUE	TRUE	6	0.0885265969518749	0.782280631299359	TRUE	TRUE	0.0500000000000114	
29	2000	distinct_only	EUR_matched	1	1	0	TRUE	TRUE	TRUE	2	0.104399906600836	0.0640703332328607	TRUE	TRUE	0.00999999999999091	
29	2000	distinct_only	EAS_substituted	1	1	0	TRUE	TRUE	TRUE	2	0.0902068818379251	0.0640703332328607	TRUE	TRUE	0.0300000000000296	
29	2000	distinct_only	AFR_substituted	1	1	0	TRUE	TRUE	TRUE	6	0.0874523023755463	0.0640703332328607	FALSE	TRUE	0.0500000000000114	
29	5000	one_shared	EUR_matched	1	1	1	TRUE	TRUE	TRUE	1	0.995525354148442	0.99562493084505	TRUE	TRUE	0.00999999999999091	
29	5000	one_shared	EAS_substituted	1	1	1	TRUE	TRUE	TRUE	2	0.995626082779389	0.99562493084505	TRUE	TRUE	0.0300000000000296	
29	5000	one_shared	AFR_substituted	1	1	1	TRUE	TRUE	TRUE	25	0.99999692654964	0.99562493084505	FALSE	TRUE	0.0799999999999841	
29	5000	two_shared	EUR_matched	2	2	2	TRUE	TRUE	TRUE	2	0.582111990521436	0.790578112285359	FALSE	TRUE	0.0299999999999727	
29	5000	two_shared	EAS_substituted	2	2	2	TRUE	TRUE	TRUE	4	0.681149592094859	0.790578112285359	TRUE	TRUE	0.0500000000000114	
29	5000	two_shared	AFR_substituted	2	2	2	TRUE	TRUE	TRUE	20	0.990243737448106	0.790578112285359	FALSE	TRUE	0.0600000000000023	
29	5000	shared_plus_specific	EUR_matched	2	2	1	TRUE	TRUE	TRUE	2	0.920676881400497	0.950301762719266	TRUE	FALSE	0.0400000000000205	
29	5000	shared_plus_specific	EAS_substituted	2	2	1	TRUE	TRUE	TRUE	6	0.994080986543305	0.950301762719266	TRUE	FALSE	0.0500000000000114	
29	5000	shared_plus_specific	AFR_substituted	2	2	1	TRUE	TRUE	TRUE	25	0.999798342179335	0.950301762719266	FALSE	FALSE	0.0799999999999841	
29	5000	distinct_only	EUR_matched	1	1	0	TRUE	TRUE	TRUE	2	0.0861205215823444	0.0383069131148732	TRUE	TRUE	0.0500000000000114	
29	5000	distinct_only	EAS_substituted	1	1	0	TRUE	TRUE	TRUE	2	0.0754652109704966	0.0383069131148732	TRUE	TRUE	0.0299999999999727	
29	5000	distinct_only	AFR_substituted	1	1	0	TRUE	TRUE	TRUE	6	0.0911007732693327	0.0383069131148732	TRUE	TRUE	0.0400000000000205	
29	20000	one_shared	EUR_matched	1	1	1	TRUE	TRUE	TRUE	1	0.996750922588287	0.996724608655528	TRUE	TRUE	0.0199999999999818	
29	20000	one_shared	EAS_substituted	1	1	1	TRUE	TRUE	TRUE	10	0.992992889933479	0.996724608655528	TRUE	FALSE	0.390000000000043	
29	20000	one_shared	AFR_substituted	1	1	1	TRUE	TRUE	TRUE	25	0.999338803791892	0.996724608655528	FALSE	FALSE	0.0799999999999841	
29	20000	two_shared	EUR_matched	2	2	2	TRUE	TRUE	TRUE	4	0.996762913351949	0.995374132905415	FALSE	TRUE	0.0500000000000114	
29	20000	two_shared	EAS_substituted	2	2	2	FALSE	NA	NA	NA	NA	NA	NA	NA	2.81	susie_rss() did not converge in 1000 iterations. Try running with run_until_convergence=TRUE
29	20000	two_shared	AFR_substituted	2	2	2	TRUE	TRUE	TRUE	25	0.999999999026159	0.995374132905415	FALSE	FALSE	0.0600000000000023	
29	20000	shared_plus_specific	EUR_matched	2	2	1	TRUE	TRUE	TRUE	4	0.993288142725064	0.522777169888373	TRUE	TRUE	0.089999999999975	
29	20000	shared_plus_specific	EAS_substituted	2	2	1	FALSE	NA	NA	NA	NA	NA	NA	NA	2.94	susie_rss() did not converge in 1000 iterations. Try running with run_until_convergence=TRUE
29	20000	shared_plus_specific	AFR_substituted	2	2	1	TRUE	TRUE	TRUE	25	0.999999999998153	0.522777169888373	FALSE	FALSE	0.0500000000000114	
29	20000	distinct_only	EUR_matched	1	1	0	TRUE	TRUE	TRUE	2	0.065634500805215	9.48005851834827e-17	TRUE	TRUE	0.0299999999999727	
29	20000	distinct_only	EAS_substituted	1	1	0	TRUE	TRUE	TRUE	15	0.186497582225034	9.48005851834827e-17	TRUE	TRUE	1.53000000000003	
29	20000	distinct_only	AFR_substituted	1	1	0	TRUE	TRUE	TRUE	25	0.000360668014453698	9.48005851834827e-17	FALSE	TRUE	0.269999999999982	
30	2000	one_shared	EUR_matched	1	1	1	TRUE	TRUE	TRUE	0	NA	0.00247863555299566	FALSE	TRUE	0.0300000000000296	
30	2000	one_shared	EAS_substituted	1	1	1	TRUE	TRUE	TRUE	0	NA	0.00247863555299566	FALSE	TRUE	0.0299999999999727	
30	2000	one_shared	AFR_substituted	1	1	1	TRUE	TRUE	TRUE	0	NA	0.00247863555299566	FALSE	TRUE	0.00999999999999091	
30	2000	two_shared	EUR_matched	2	2	2	TRUE	TRUE	TRUE	4	0.0108717570969882	0.0238140407048408	TRUE	TRUE	0.0800000000000409	
30	2000	two_shared	EAS_substituted	2	2	2	TRUE	TRUE	TRUE	4	0.00953859101384151	0.0238140407048408	TRUE	TRUE	0.0699999999999932	
30	2000	two_shared	AFR_substituted	2	2	2	TRUE	TRUE	TRUE	5	0.0380535461871279	0.0238140407048408	TRUE	TRUE	0.0600000000000023	
30	2000	shared_plus_specific	EUR_matched	2	2	1	TRUE	TRUE	TRUE	1	0.765799624018029	0.715572239006371	FALSE	FALSE	0.0299999999999727	
30	2000	shared_plus_specific	EAS_substituted	2	2	1	TRUE	TRUE	TRUE	1	0.765799624018029	0.715572239006371	FALSE	FALSE	0.00999999999999091	
30	2000	shared_plus_specific	AFR_substituted	2	2	1	TRUE	TRUE	TRUE	10	0.0981718602607238	0.715572239006371	TRUE	TRUE	0.0800000000000409	
30	2000	distinct_only	EUR_matched	1	1	0	TRUE	TRUE	TRUE	1	0.0208316553326613	0.013456791080073	TRUE	TRUE	0.0299999999999727	
30	2000	distinct_only	EAS_substituted	1	1	0	TRUE	TRUE	TRUE	1	0.0208316553326613	0.013456791080073	TRUE	TRUE	0.0400000000000205	
30	2000	distinct_only	AFR_substituted	1	1	0	TRUE	TRUE	TRUE	6	0.0585396521645861	0.013456791080073	TRUE	TRUE	0.0399999999999636	
30	5000	one_shared	EUR_matched	1	1	1	TRUE	TRUE	TRUE	2	0.998990171951561	0.998991784533817	TRUE	TRUE	0.0300000000000296	
30	5000	one_shared	EAS_substituted	1	1	1	TRUE	TRUE	TRUE	2	0.998990178088766	0.998991784533817	TRUE	TRUE	0.0299999999999727	
30	5000	one_shared	AFR_substituted	1	1	1	TRUE	TRUE	TRUE	9	0.998998326122071	0.998991784533817	TRUE	TRUE	0.0699999999999932	
30	5000	two_shared	EUR_matched	2	2	2	TRUE	TRUE	TRUE	6	0.785535096207823	0.327851270649678	TRUE	TRUE	0.0400000000000205	
30	5000	two_shared	EAS_substituted	2	2	2	FALSE	NA	NA	NA	NA	NA	NA	NA	2.88999999999999	susie_rss() did not converge in 1000 iterations. Try running with run_until_convergence=TRUE
30	5000	two_shared	AFR_substituted	2	2	2	TRUE	TRUE	TRUE	25	0.713873748634444	0.327851270649678	FALSE	TRUE	1.04000000000002	
30	5000	shared_plus_specific	EUR_matched	2	2	1	TRUE	TRUE	TRUE	4	0.547255241408705	0.597633238740976	TRUE	TRUE	0.0400000000000205	
30	5000	shared_plus_specific	EAS_substituted	2	2	1	TRUE	TRUE	TRUE	8	0.255987198075509	0.597633238740976	TRUE	TRUE	0.0999999999999659	
30	5000	shared_plus_specific	AFR_substituted	2	2	1	TRUE	TRUE	TRUE	5	0.400176050113359	0.597633238740976	TRUE	TRUE	0.0400000000000205	
30	5000	distinct_only	EUR_matched	1	1	0	TRUE	TRUE	TRUE	1	0.00167444940958207	0.00110728666684253	TRUE	TRUE	0.0299999999999727	
30	5000	distinct_only	EAS_substituted	1	1	0	TRUE	TRUE	TRUE	2	0.0145099011215541	0.00110728666684253	TRUE	TRUE	0.0400000000000205	
30	5000	distinct_only	AFR_substituted	1	1	0	TRUE	TRUE	TRUE	15	0.19085404973541	0.00110728666684253	TRUE	FALSE	0.0699999999999932	
30	20000	one_shared	EUR_matched	1	1	1	TRUE	TRUE	TRUE	3	0.999000997443203	0.999000997846473	TRUE	TRUE	0.0500000000000114	
30	20000	one_shared	EAS_substituted	1	1	1	TRUE	TRUE	TRUE	6	0.998999882111156	0.999000997846473	TRUE	TRUE	0.0500000000000114	
30	20000	one_shared	AFR_substituted	1	1	1	TRUE	TRUE	TRUE	25	0.999003873837737	0.999000997846473	TRUE	TRUE	0.0600000000000023	
30	20000	two_shared	EUR_matched	2	2	2	TRUE	TRUE	TRUE	6	0.99900075358158	9.94524526300668e-07	TRUE	TRUE	0.0499999999999545	
30	20000	two_shared	EAS_substituted	2	2	2	FALSE	NA	NA	NA	NA	NA	NA	NA	2.78000000000003	susie_rss() did not converge in 1000 iterations. Try running with run_until_convergence=TRUE
30	20000	two_shared	AFR_substituted	2	2	2	TRUE	TRUE	TRUE	25	0.999990950470627	9.94524526300668e-07	TRUE	TRUE	0.0500000000000114	
30	20000	shared_plus_specific	EUR_matched	2	2	1	TRUE	TRUE	TRUE	4	0.999000350739841	7.82000971252807e-05	TRUE	TRUE	0.0299999999999727	
30	20000	shared_plus_specific	EAS_substituted	2	2	1	TRUE	TRUE	TRUE	20	0.999999734599384	7.82000971252807e-05	TRUE	TRUE	0.29000000000002	
30	20000	shared_plus_specific	AFR_substituted	2	2	1	TRUE	TRUE	TRUE	25	0.999012062240624	7.82000971252807e-05	FALSE	FALSE	0.129999999999995	
30	20000	distinct_only	EUR_matched	1	1	0	TRUE	TRUE	TRUE	2	0.0738522077795633	6.4357440420707e-29	TRUE	TRUE	0.0300000000000296	
30	20000	distinct_only	EAS_substituted	1	1	0	TRUE	TRUE	TRUE	10	0.536832483601807	6.4357440420707e-29	TRUE	TRUE	0.779999999999973	
30	20000	distinct_only	AFR_substituted	1	1	0	TRUE	TRUE	TRUE	25	0.999151590591063	6.4357440420707e-29	TRUE	FALSE	0.0500000000000114	
31	2000	one_shared	EUR_matched	1	1	1	TRUE	TRUE	TRUE	1	0.103762777982507	0.0563799894562429	TRUE	TRUE	0.0299999999999727	
31	2000	one_shared	EAS_substituted	1	1	1	TRUE	TRUE	TRUE	1	0.103762777982507	0.0563799894562429	TRUE	TRUE	0.00999999999999091	
31	2000	one_shared	AFR_substituted	1	1	1	TRUE	TRUE	TRUE	2	0.00156244510768212	0.0563799894562429	TRUE	TRUE	0.0799999999999841	
31	2000	two_shared	EUR_matched	2	2	2	TRUE	TRUE	TRUE	1	0.122234996211999	0.0671648074938231	TRUE	TRUE	0.00999999999999091	
31	2000	two_shared	EAS_substituted	2	2	2	TRUE	TRUE	TRUE	2	0.0180456501447762	0.0671648074938231	TRUE	TRUE	0.0699999999999932	
31	2000	two_shared	AFR_substituted	2	2	2	TRUE	TRUE	TRUE	3	0.00204806175324395	0.0671648074938231	TRUE	TRUE	0.0600000000000023	
31	2000	shared_plus_specific	EUR_matched	2	2	1	TRUE	TRUE	TRUE	1	0.928711641571358	0.917743578073702	FALSE	TRUE	0.0200000000000387	
31	2000	shared_plus_specific	EAS_substituted	2	2	1	TRUE	TRUE	TRUE	2	0.904484792896741	0.917743578073702	FALSE	TRUE	0.0299999999999727	
31	2000	shared_plus_specific	AFR_substituted	2	2	1	TRUE	TRUE	TRUE	10	0.136399844795332	0.917743578073702	FALSE	TRUE	0.150000000000034	
31	2000	distinct_only	EUR_matched	1	1	0	TRUE	TRUE	TRUE	1	0.361488426263238	0.25772194649703	TRUE	TRUE	0.0299999999999727	
31	2000	distinct_only	EAS_substituted	1	1	0	TRUE	TRUE	TRUE	1	0.361488426263238	0.25772194649703	TRUE	TRUE	0.0199999999999818	
31	2000	distinct_only	AFR_substituted	1	1	0	TRUE	TRUE	TRUE	10	0.00463160406631619	0.25772194649703	TRUE	TRUE	0.0800000000000409	
31	5000	one_shared	EUR_matched	1	1	1	TRUE	TRUE	TRUE	1	0.990582942969164	0.990587564076893	TRUE	TRUE	0.0299999999999727	
31	5000	one_shared	EAS_substituted	1	1	1	TRUE	TRUE	TRUE	2	0.989951882824583	0.990587564076893	TRUE	TRUE	0.0500000000000114	
31	5000	one_shared	AFR_substituted	1	1	1	TRUE	TRUE	TRUE	20	0.99048403024193	0.990587564076893	TRUE	TRUE	0.0600000000000023	
31	5000	two_shared	EUR_matched	2	2	2	TRUE	TRUE	TRUE	4	0.993392200499891	0.993712743672086	FALSE	TRUE	0.089999999999975	
31	5000	two_shared	EAS_substituted	2	2	2	TRUE	TRUE	TRUE	8	0.992322996595052	0.993712743672086	TRUE	TRUE	0.0500000000000114	
31	5000	two_shared	AFR_substituted	2	2	2	TRUE	TRUE	TRUE	25	0.99999998957653	0.993712743672086	FALSE	TRUE	0.0600000000000023	
31	5000	shared_plus_specific	EUR_matched	2	2	1	TRUE	TRUE	TRUE	2	0.015855883537336	0.00652640960282452	TRUE	FALSE	0.0799999999999841	
31	5000	shared_plus_specific	EAS_substituted	2	2	1	TRUE	TRUE	TRUE	10	0.121593677723573	0.00652640960282452	TRUE	TRUE	0.0500000000000114	
31	5000	shared_plus_specific	AFR_substituted	2	2	1	TRUE	TRUE	TRUE	20	0.920618644269934	0.00652640960282452	FALSE	TRUE	1.03000000000003	
31	5000	distinct_only	EUR_matched	1	1	0	TRUE	TRUE	TRUE	2	0.334754594439153	0.229614089234674	TRUE	TRUE	0.0399999999999636	
31	5000	distinct_only	EAS_substituted	1	1	0	TRUE	TRUE	TRUE	2	0.387355639060279	0.229614089234674	TRUE	TRUE	0.0400000000000205	
31	5000	distinct_only	AFR_substituted	1	1	0	TRUE	TRUE	TRUE	10	0.259771164802675	0.229614089234674	TRUE	TRUE	0.0400000000000205	
31	20000	one_shared	EUR_matched	1	1	1	TRUE	TRUE	TRUE	1	0.974219186975314	0.973155232203935	TRUE	TRUE	0.0299999999999727	
31	20000	one_shared	EAS_substituted	1	1	1	FALSE	NA	NA	NA	NA	NA	NA	NA	2.70000000000005	susie_rss() did not converge in 1000 iterations. Try running with run_until_convergence=TRUE
31	20000	one_shared	AFR_substituted	1	1	1	TRUE	TRUE	TRUE	25	0.999999999999332	0.973155232203935	FALSE	FALSE	0.0499999999999545	
31	20000	two_shared	EUR_matched	2	2	2	TRUE	TRUE	TRUE	4	0.996874975558521	0.663165664820494	TRUE	TRUE	0.0800000000000409	
31	20000	two_shared	EAS_substituted	2	2	2	TRUE	TRUE	TRUE	25	0.999999949194782	0.663165664820494	FALSE	FALSE	1.52999999999997	
31	20000	two_shared	AFR_substituted	2	2	2	TRUE	TRUE	TRUE	25	1	0.663165664820494	FALSE	FALSE	0.0600000000000023	
31	20000	shared_plus_specific	EUR_matched	2	2	1	TRUE	TRUE	TRUE	4	0.996672556551622	0.126737056662565	TRUE	TRUE	0.0600000000000023	
31	20000	shared_plus_specific	EAS_substituted	2	2	1	FALSE	NA	NA	NA	NA	NA	NA	NA	2.72000000000003	susie_rss() did not converge in 1000 iterations. Try running with run_until_convergence=TRUE
31	20000	shared_plus_specific	AFR_substituted	2	2	1	TRUE	TRUE	TRUE	25	0.999640813676401	0.126737056662565	FALSE	FALSE	0.0499999999999545	
31	20000	distinct_only	EUR_matched	1	1	0	TRUE	TRUE	TRUE	1	6.17267665521013e-16	3.52746183248108e-16	TRUE	TRUE	0.00999999999999091	
31	20000	distinct_only	EAS_substituted	1	1	0	TRUE	TRUE	TRUE	25	0.060367470783964	3.52746183248108e-16	TRUE	FALSE	0.560000000000002	
31	20000	distinct_only	AFR_substituted	1	1	0	TRUE	TRUE	TRUE	25	0.973519122498117	3.52746183248108e-16	FALSE	FALSE	0.0799999999999841	
32	2000	one_shared	EUR_matched	1	1	1	TRUE	TRUE	TRUE	1	0.628152875988569	0.55707258739276	TRUE	TRUE	0.0300000000000296	
32	2000	one_shared	EAS_substituted	1	1	1	TRUE	TRUE	TRUE	4	0.351176558225687	0.55707258739276	TRUE	TRUE	0.0699999999999932	
32	2000	one_shared	AFR_substituted	1	1	1	TRUE	TRUE	TRUE	4	0.00344650330735579	0.55707258739276	TRUE	TRUE	0.0399999999999636	
32	2000	two_shared	EUR_matched	2	2	2	TRUE	TRUE	TRUE	1	0.56677674410495	0.475744179359025	FALSE	TRUE	0.0300000000000296	
32	2000	two_shared	EAS_substituted	2	2	2	TRUE	TRUE	TRUE	2	0.528378565449269	0.475744179359025	FALSE	TRUE	0.0299999999999727	
32	2000	two_shared	AFR_substituted	2	2	2	TRUE	TRUE	TRUE	6	0.00337894460903022	0.475744179359025	TRUE	TRUE	0.100000000000023	
32	2000	shared_plus_specific	EUR_matched	2	2	1	TRUE	TRUE	TRUE	0	NA	0.0227157182859551	TRUE	FALSE	0.0500000000000114	
32	2000	shared_plus_specific	EAS_substituted	2	2	1	TRUE	TRUE	TRUE	0	NA	0.0227157182859551	FALSE	FALSE	0.0299999999999727	
32	2000	shared_plus_specific	AFR_substituted	2	2	1	TRUE	TRUE	TRUE	0	NA	0.0227157182859551	TRUE	FALSE	0.0300000000000296	
32	2000	distinct_only	EUR_matched	1	1	0	TRUE	TRUE	TRUE	1	0.0651849040747585	0.0356948242427753	TRUE	TRUE	0.0299999999999727	
32	2000	distinct_only	EAS_substituted	1	1	0	TRUE	TRUE	TRUE	3	0.0657611345869527	0.0356948242427753	TRUE	TRUE	0.0300000000000296	
32	2000	distinct_only	AFR_substituted	1	1	0	TRUE	TRUE	TRUE	6	0.0129238481847939	0.0356948242427753	TRUE	TRUE	0.0499999999999545	
32	5000	one_shared	EUR_matched	1	1	1	TRUE	TRUE	TRUE	1	0.993664215059152	0.993962860045994	TRUE	TRUE	0.0300000000000296	
32	5000	one_shared	EAS_substituted	1	1	1	TRUE	TRUE	TRUE	6	0.991893749916229	0.993962860045994	TRUE	TRUE	0.0299999999999727	
32	5000	one_shared	AFR_substituted	1	1	1	TRUE	TRUE	TRUE	16	0.999929449768504	0.993962860045994	TRUE	TRUE	0.0800000000000409	
32	5000	two_shared	EUR_matched	2	2	2	TRUE	TRUE	TRUE	2	0.991395880867207	0.995113039130193	FALSE	TRUE	0.089999999999975	
32	5000	two_shared	EAS_substituted	2	2	2	TRUE	TRUE	TRUE	20	0.959707165408073	0.995113039130193	FALSE	FALSE	0.949999999999989	
32	5000	two_shared	AFR_substituted	2	2	2	TRUE	TRUE	TRUE	25	0.99999999989673	0.995113039130193	FALSE	TRUE	0.0500000000000114	
32	5000	shared_plus_specific	EUR_matched	2	2	1	TRUE	TRUE	TRUE	0	NA	0.0103714573812985	FALSE	FALSE	0.0300000000000296	
32	5000	shared_plus_specific	EAS_substituted	2	2	1	TRUE	TRUE	TRUE	0	NA	0.0103714573812985	FALSE	FALSE	0.0299999999999727	
32	5000	shared_plus_specific	AFR_substituted	2	2	1	TRUE	TRUE	TRUE	0	NA	0.0103714573812985	TRUE	FALSE	0.0400000000000205	
32	5000	distinct_only	EUR_matched	1	1	0	TRUE	TRUE	TRUE	1	0.853637675403954	0.827485645985197	TRUE	TRUE	0.0199999999999818	
32	5000	distinct_only	EAS_substituted	1	1	0	TRUE	TRUE	TRUE	4	0.771375380651108	0.827485645985197	TRUE	TRUE	0.0400000000000205	
32	5000	distinct_only	AFR_substituted	1	1	0	TRUE	TRUE	TRUE	12	0.871598839494677	0.827485645985197	TRUE	TRUE	0.0500000000000114	
32	20000	one_shared	EUR_matched	1	1	1	TRUE	TRUE	TRUE	1	0.998183252254268	0.998194840829973	TRUE	TRUE	0.0299999999999727	
32	20000	one_shared	EAS_substituted	1	1	1	TRUE	TRUE	TRUE	25	0.970140180065026	0.998194840829973	TRUE	FALSE	3.24000000000001	
32	20000	one_shared	AFR_substituted	1	1	1	TRUE	TRUE	TRUE	25	1	0.998194840829973	TRUE	TRUE	0.0400000000000205	
32	20000	two_shared	EUR_matched	2	2	2	TRUE	TRUE	TRUE	4	0.997243053181729	0.984436184842479	TRUE	TRUE	0.0799999999999841	
32	20000	two_shared	EAS_substituted	2	2	2	TRUE	TRUE	TRUE	25	0.999999943929206	0.984436184842479	FALSE	FALSE	0.180000000000007	
32	20000	two_shared	AFR_substituted	2	2	2	TRUE	TRUE	TRUE	25	1	0.984436184842479	TRUE	FALSE	0.0699999999999932	
32	20000	shared_plus_specific	EUR_matched	2	2	1	TRUE	TRUE	TRUE	4	0.0500381629638367	0.152474499143027	TRUE	FALSE	0.0600000000000023	
32	20000	shared_plus_specific	EAS_substituted	2	2	1	TRUE	TRUE	TRUE	10	0.998937404414071	0.152474499143027	FALSE	FALSE	0.120000000000005	
32	20000	shared_plus_specific	AFR_substituted	2	2	1	TRUE	TRUE	TRUE	15	0.407176707824106	0.152474499143027	TRUE	TRUE	0.0699999999999932	
32	20000	distinct_only	EUR_matched	1	1	0	TRUE	TRUE	TRUE	2	0.0457320638456395	9.18667006562677e-11	TRUE	TRUE	0.0300000000000296	
32	20000	distinct_only	EAS_substituted	1	1	0	TRUE	TRUE	TRUE	20	0.825171480640642	9.18667006562677e-11	FALSE	TRUE	0.96999999999997	
32	20000	distinct_only	AFR_substituted	1	1	0	TRUE	TRUE	TRUE	25	0.999999999980361	9.18667006562677e-11	TRUE	TRUE	0.0600000000000023	
33	2000	one_shared	EUR_matched	1	1	1	TRUE	TRUE	TRUE	4	0.0225085851734427	0.015043326688592	TRUE	TRUE	0.0500000000000114	
33	2000	one_shared	EAS_substituted	1	1	1	TRUE	TRUE	TRUE	5	0.0197199110113501	0.015043326688592	TRUE	TRUE	0.0500000000000114	
33	2000	one_shared	AFR_substituted	1	1	1	TRUE	TRUE	TRUE	3	0.00152959278612237	0.015043326688592	TRUE	TRUE	0.0500000000000114	
33	2000	two_shared	EUR_matched	2	2	2	TRUE	TRUE	TRUE	1	0.4209790601776	0.323457255770451	TRUE	TRUE	0.0299999999999727	
33	2000	two_shared	EAS_substituted	2	2	2	TRUE	TRUE	TRUE	1	0.4209790601776	0.323457255770451	TRUE	TRUE	0.0300000000000296	
33	2000	two_shared	AFR_substituted	2	2	2	TRUE	TRUE	TRUE	2	0.0147961077767001	0.323457255770451	TRUE	TRUE	0.0299999999999727	
33	2000	shared_plus_specific	EUR_matched	2	2	1	TRUE	TRUE	TRUE	1	0.0776578560067474	0.0302139862118059	TRUE	TRUE	0.0200000000000387	
33	2000	shared_plus_specific	EAS_substituted	2	2	1	TRUE	TRUE	TRUE	3	0.0683745444605266	0.0302139862118059	TRUE	TRUE	0.0499999999999545	
33	2000	shared_plus_specific	AFR_substituted	2	2	1	TRUE	TRUE	TRUE	10	0.114288906614838	0.0302139862118059	TRUE	TRUE	0.0400000000000205	
33	2000	distinct_only	EUR_matched	1	1	0	TRUE	TRUE	TRUE	1	0.651388996584764	0.580189822294721	TRUE	TRUE	0.0400000000000205	
33	2000	distinct_only	EAS_substituted	1	1	0	TRUE	TRUE	TRUE	4	0.0897704308394272	0.580189822294721	TRUE	TRUE	0.0600000000000023	
33	2000	distinct_only	AFR_substituted	1	1	0	TRUE	TRUE	TRUE	4	0.088327914476422	0.580189822294721	TRUE	TRUE	0.0600000000000023	
33	5000	one_shared	EUR_matched	1	1	1	TRUE	TRUE	TRUE	2	0.982510794025764	0.982440639967851	TRUE	TRUE	0.0199999999999818	
33	5000	one_shared	EAS_substituted	1	1	1	TRUE	TRUE	TRUE	10	0.978206406124476	0.982440639967851	TRUE	TRUE	0.0600000000000023	
33	5000	one_shared	AFR_substituted	1	1	1	TRUE	TRUE	TRUE	20	0.999999666980545	0.982440639967851	TRUE	TRUE	0.0699999999999932	
33	5000	two_shared	EUR_matched	2	2	2	TRUE	TRUE	TRUE	2	0.995971889950202	0.995942108351921	FALSE	TRUE	0.0400000000000205	
33	5000	two_shared	EAS_substituted	2	2	2	TRUE	TRUE	TRUE	8	0.907193628576124	0.995942108351921	FALSE	FALSE	1.46999999999997	
33	5000	two_shared	AFR_substituted	2	2	2	TRUE	TRUE	TRUE	20	0.999981074294263	0.995942108351921	FALSE	TRUE	0.0500000000000114	
33	5000	shared_plus_specific	EUR_matched	2	2	1	TRUE	TRUE	TRUE	1	0.0760383083594361	0.0228586207360024	FALSE	TRUE	0.0300000000000296	
33	5000	shared_plus_specific	EAS_substituted	2	2	1	TRUE	TRUE	TRUE	3	0.0757317401789168	0.0228586207360024	TRUE	TRUE	0.0600000000000023	
33	5000	shared_plus_specific	AFR_substituted	2	2	1	TRUE	TRUE	TRUE	5	0.126930785779269	0.0228586207360024	FALSE	TRUE	0.0499999999999545	
33	5000	distinct_only	EUR_matched	1	1	0	TRUE	TRUE	TRUE	1	0.990179832222673	0.98960786915046	TRUE	TRUE	0.0300000000000296	
33	5000	distinct_only	EAS_substituted	1	1	0	TRUE	TRUE	TRUE	2	0.989036900425836	0.98960786915046	TRUE	TRUE	0.0500000000000114	
33	5000	distinct_only	AFR_substituted	1	1	0	TRUE	TRUE	TRUE	25	0.980323577739404	0.98960786915046	TRUE	FALSE	0.0600000000000023	
33	20000	one_shared	EUR_matched	1	1	1	TRUE	TRUE	TRUE	4	0.999000372324057	0.999000471023851	TRUE	TRUE	0.0499999999999545	
33	20000	one_shared	EAS_substituted	1	1	1	TRUE	TRUE	TRUE	10	0.996706141165298	0.999000471023851	FALSE	TRUE	0.590000000000032	
33	20000	one_shared	AFR_substituted	1	1	1	TRUE	TRUE	TRUE	25	0.999999999999929	0.999000471023851	TRUE	TRUE	0.0500000000000114	
33	20000	two_shared	EUR_matched	2	2	2	TRUE	TRUE	TRUE	1	0.991381796207282	0.991273917573252	TRUE	FALSE	0.0199999999999818	
33	20000	two_shared	EAS_substituted	2	2	2	TRUE	TRUE	TRUE	20	1	0.991273917573252	FALSE	FALSE	1.87	
33	20000	two_shared	AFR_substituted	2	2	2	TRUE	TRUE	TRUE	25	1	0.991273917573252	FALSE	FALSE	0.0699999999999932	
33	20000	shared_plus_specific	EUR_matched	2	2	1	TRUE	TRUE	TRUE	2	0.97227845766833	0.969505258988524	FALSE	TRUE	0.0400000000000205	
33	20000	shared_plus_specific	EAS_substituted	2	2	1	TRUE	TRUE	TRUE	20	0.999999999934516	0.969505258988524	FALSE	TRUE	1.76999999999998	
33	20000	shared_plus_specific	AFR_substituted	2	2	1	TRUE	TRUE	TRUE	25	0.999999895395737	0.969505258988524	FALSE	FALSE	0.0799999999999841	
33	20000	distinct_only	EUR_matched	1	1	0	TRUE	TRUE	TRUE	1	0.764575855634151	0.746759486958428	TRUE	TRUE	0.0300000000000296	
33	20000	distinct_only	EAS_substituted	1	1	0	TRUE	TRUE	TRUE	15	0.993607716931065	0.746759486958428	TRUE	TRUE	0.089999999999975	
33	20000	distinct_only	AFR_substituted	1	1	0	TRUE	TRUE	TRUE	25	0.999999999996817	0.746759486958428	TRUE	FALSE	0.0600000000000023	
34	2000	one_shared	EUR_matched	1	1	1	TRUE	TRUE	TRUE	1	0.463076644287957	0.365997400451013	TRUE	TRUE	0.0200000000000387	
34	2000	one_shared	EAS_substituted	1	1	1	TRUE	TRUE	TRUE	1	0.463076644287957	0.365997400451013	TRUE	TRUE	0.0299999999999727	
34	2000	one_shared	AFR_substituted	1	1	1	TRUE	TRUE	TRUE	4	0.0121380442059017	0.365997400451013	TRUE	TRUE	0.0500000000000114	
34	2000	two_shared	EUR_matched	2	2	2	TRUE	TRUE	TRUE	4	0.0709837803467007	0.0812846501802004	TRUE	TRUE	0.0500000000000114	
34	2000	two_shared	EAS_substituted	2	2	2	TRUE	TRUE	TRUE	6	0.0590073866241115	0.0812846501802004	TRUE	TRUE	0.0299999999999727	
34	2000	two_shared	AFR_substituted	2	2	2	TRUE	TRUE	TRUE	4	0.00201111752864683	0.0812846501802004	TRUE	TRUE	0.0600000000000023	
34	2000	shared_plus_specific	EUR_matched	2	2	1	TRUE	TRUE	TRUE	6	0.101510742054037	0.14220506402283	TRUE	TRUE	0.0600000000000023	
34	2000	shared_plus_specific	EAS_substituted	2	2	1	TRUE	TRUE	TRUE	9	0.103348120249777	0.14220506402283	TRUE	TRUE	0.0600000000000023	
34	2000	shared_plus_specific	AFR_substituted	2	2	1	TRUE	TRUE	TRUE	8	0.130793666995193	0.14220506402283	TRUE	TRUE	0.0500000000000114	
34	2000	distinct_only	EUR_matched	1	1	0	TRUE	TRUE	TRUE	1	0.0169716357969271	0.00695847645164043	TRUE	TRUE	0.0199999999999818	
34	2000	distinct_only	EAS_substituted	1	1	0	TRUE	TRUE	TRUE	1	0.0169716357969271	0.00695847645164043	TRUE	TRUE	0.0300000000000296	
34	2000	distinct_only	AFR_substituted	1	1	0	TRUE	TRUE	TRUE	2	0.00134354409523255	0.00695847645164043	TRUE	TRUE	0.0600000000000023	
34	5000	one_shared	EUR_matched	1	1	1	TRUE	TRUE	TRUE	1	0.971410580488149	0.97096652725117	TRUE	TRUE	0.0299999999999727	
34	5000	one_shared	EAS_substituted	1	1	1	TRUE	TRUE	TRUE	3	0.980872716664143	0.97096652725117	TRUE	TRUE	0.0500000000000114	
34	5000	one_shared	AFR_substituted	1	1	1	TRUE	TRUE	TRUE	15	0.99782380421004	0.97096652725117	TRUE	TRUE	0.0500000000000114	
34	5000	two_shared	EUR_matched	2	2	2	TRUE	TRUE	TRUE	4	0.969427888088801	0.979351745164162	TRUE	TRUE	0.0600000000000023	
34	5000	two_shared	EAS_substituted	2	2	2	TRUE	TRUE	TRUE	6	0.998215735754623	0.979351745164162	TRUE	FALSE	0.0399999999999636	
34	5000	two_shared	AFR_substituted	2	2	2	TRUE	TRUE	TRUE	20	0.999999998458321	0.979351745164162	FALSE	TRUE	0.0800000000000409	
34	5000	shared_plus_specific	EUR_matched	2	2	1	TRUE	TRUE	TRUE	4	0.990696618861698	0.990491084069406	TRUE	TRUE	0.0499999999999545	
34	5000	shared_plus_specific	EAS_substituted	2	2	1	TRUE	TRUE	TRUE	6	0.990654899213276	0.990491084069406	TRUE	TRUE	0.0300000000000296	
34	5000	shared_plus_specific	AFR_substituted	2	2	1	TRUE	TRUE	TRUE	25	0.999999680661156	0.990491084069406	FALSE	FALSE	0.0799999999999841	
34	5000	distinct_only	EUR_matched	1	1	0	TRUE	TRUE	TRUE	1	0.0104586814637832	0.00645387444462884	TRUE	TRUE	0.0300000000000296	
34	5000	distinct_only	EAS_substituted	1	1	0	TRUE	TRUE	TRUE	2	0.0412841857403219	0.00645387444462884	TRUE	TRUE	0.0299999999999727	
34	5000	distinct_only	AFR_substituted	1	1	0	TRUE	TRUE	TRUE	15	0.159198009583839	0.00645387444462884	FALSE	TRUE	0.0600000000000023	
34	20000	one_shared	EUR_matched	1	1	1	TRUE	TRUE	TRUE	6	0.996725507056569	0.996586019768508	TRUE	TRUE	0.0400000000000205	
34	20000	one_shared	EAS_substituted	1	1	1	TRUE	TRUE	TRUE	20	0.449887900981351	0.996586019768508	TRUE	FALSE	3.41999999999996	
34	20000	one_shared	AFR_substituted	1	1	1	TRUE	TRUE	TRUE	25	0.999999999999972	0.996586019768508	FALSE	FALSE	0.0600000000000023	
34	20000	two_shared	EUR_matched	2	2	2	TRUE	TRUE	TRUE	4	0.99532151167188	0.994056529713623	TRUE	TRUE	0.0300000000000296	
34	20000	two_shared	EAS_substituted	2	2	2	TRUE	TRUE	TRUE	25	0.999999999976382	0.994056529713623	FALSE	FALSE	1.5	
34	20000	two_shared	AFR_substituted	2	2	2	TRUE	TRUE	TRUE	25	0.999999999979224	0.994056529713623	FALSE	FALSE	0.0600000000000023	
34	20000	shared_plus_specific	EUR_matched	2	2	1	TRUE	TRUE	TRUE	4	0.993204710839261	0.988117782994588	TRUE	TRUE	0.0600000000000023	
34	20000	shared_plus_specific	EAS_substituted	2	2	1	TRUE	TRUE	TRUE	20	0.999999999999986	0.988117782994588	FALSE	FALSE	2.55000000000001	
34	20000	shared_plus_specific	AFR_substituted	2	2	1	TRUE	TRUE	TRUE	25	0.999999998467871	0.988117782994588	FALSE	FALSE	0.120000000000005	
34	20000	distinct_only	EUR_matched	1	1	0	TRUE	TRUE	TRUE	1	8.83665712053395e-19	4.78215609528694e-19	TRUE	TRUE	0.0199999999999818	
34	20000	distinct_only	EAS_substituted	1	1	0	FALSE	NA	NA	NA	NA	NA	NA	NA	2.80000000000001	susie_rss() did not converge in 1000 iterations. Try running with run_until_convergence=TRUE
34	20000	distinct_only	AFR_substituted	1	1	0	TRUE	TRUE	TRUE	25	2.63425244001281e-05	4.78215609528694e-19	FALSE	FALSE	0.110000000000014	
35	2000	one_shared	EUR_matched	1	1	1	TRUE	TRUE	TRUE	1	0.0247216162548158	0.0111330932560068	TRUE	TRUE	0.0299999999999727	
35	2000	one_shared	EAS_substituted	1	1	1	TRUE	TRUE	TRUE	1	0.0247216162548158	0.0111330932560068	TRUE	TRUE	0.0300000000000296	
35	2000	one_shared	AFR_substituted	1	1	1	TRUE	TRUE	TRUE	9	0.00420929660303147	0.0111330932560068	TRUE	TRUE	0.0399999999999636	
35	2000	two_shared	EUR_matched	2	2	2	TRUE	TRUE	TRUE	2	0.140231358258542	0.106976380283247	TRUE	TRUE	0.0299999999999727	
35	2000	two_shared	EAS_substituted	2	2	2	TRUE	TRUE	TRUE	2	0.131194512482171	0.106976380283247	TRUE	TRUE	0.0500000000000114	
35	2000	two_shared	AFR_substituted	2	2	2	TRUE	TRUE	TRUE	4	0.0025344749743449	0.106976380283247	TRUE	TRUE	0.0500000000000114	
35	2000	shared_plus_specific	EUR_matched	2	2	1	TRUE	TRUE	TRUE	2	0.445383234029297	0.392940209140486	TRUE	TRUE	0.0299999999999727	
35	2000	shared_plus_specific	EAS_substituted	2	2	1	TRUE	TRUE	TRUE	3	0.567097480896151	0.392940209140486	TRUE	TRUE	0.0400000000000205	
35	2000	shared_plus_specific	AFR_substituted	2	2	1	TRUE	TRUE	TRUE	4	0.122230110405001	0.392940209140486	TRUE	TRUE	0.0699999999999932	
35	2000	distinct_only	EUR_matched	1	1	0	TRUE	TRUE	TRUE	2	0.0847875674711024	0.0204206336024627	TRUE	TRUE	0.00999999999999091	
35	2000	distinct_only	EAS_substituted	1	1	0	TRUE	TRUE	TRUE	1	0.084815353425032	0.0204206336024627	TRUE	TRUE	0.0300000000000296	
35	2000	distinct_only	AFR_substituted	1	1	0	TRUE	TRUE	TRUE	4	0.084197365244065	0.0204206336024627	TRUE	TRUE	0.0499999999999545	
35	5000	one_shared	EUR_matched	1	1	1	TRUE	TRUE	TRUE	1	0.993931666092462	0.993832100246543	TRUE	TRUE	0.0300000000000296	
35	5000	one_shared	EAS_substituted	1	1	1	TRUE	TRUE	TRUE	1	0.993931666092462	0.993832100246543	TRUE	TRUE	0.0299999999999727	
35	5000	one_shared	AFR_substituted	1	1	1	TRUE	TRUE	TRUE	12	0.998130798737919	0.993832100246543	TRUE	TRUE	0.0600000000000023	
35	5000	two_shared	EUR_matched	2	2	2	TRUE	TRUE	TRUE	4	0.490700997631439	0.642365382408692	TRUE	TRUE	0.0699999999999932	
35	5000	two_shared	EAS_substituted	2	2	2	TRUE	TRUE	TRUE	6	0.305710571419906	0.642365382408692	TRUE	FALSE	0.0900000000000318	
35	5000	two_shared	AFR_substituted	2	2	2	TRUE	TRUE	TRUE	6	0.111650249778962	0.642365382408692	TRUE	TRUE	0.0500000000000114	
35	5000	shared_plus_specific	EUR_matched	2	2	1	TRUE	TRUE	TRUE	4	0.316434293523211	0.85234103696998	TRUE	TRUE	0.089999999999975	
35	5000	shared_plus_specific	EAS_substituted	2	2	1	TRUE	TRUE	TRUE	8	0.787376243161067	0.85234103696998	TRUE	TRUE	0.0500000000000114	
35	5000	shared_plus_specific	AFR_substituted	2	2	1	TRUE	TRUE	TRUE	20	0.633616102354611	0.85234103696998	TRUE	TRUE	0.089999999999975	
35	5000	distinct_only	EUR_matched	1	1	0	TRUE	TRUE	TRUE	1	0.000281477226664426	0.000179447904523543	TRUE	TRUE	0.0300000000000296	
35	5000	distinct_only	EAS_substituted	1	1	0	TRUE	TRUE	TRUE	2	0.0297469879892869	0.000179447904523543	TRUE	TRUE	0.0500000000000114	
35	5000	distinct_only	AFR_substituted	1	1	0	TRUE	TRUE	TRUE	20	0.0707565285307592	0.000179447904523543	TRUE	TRUE	0.0499999999999545	
35	20000	one_shared	EUR_matched	1	1	1	TRUE	TRUE	TRUE	1	0.997411855882852	0.997374711743451	TRUE	TRUE	0.0300000000000296	
35	20000	one_shared	EAS_substituted	1	1	1	FALSE	NA	NA	NA	NA	NA	NA	NA	4.44999999999999	susie_rss() did not converge in 1000 iterations. Try running with run_until_convergence=TRUE
35	20000	one_shared	AFR_substituted	1	1	1	TRUE	TRUE	TRUE	25	0.999999997767624	0.997374711743451	FALSE	TRUE	0.0600000000000023	
35	20000	two_shared	EUR_matched	2	2	2	TRUE	TRUE	TRUE	6	0.998265281526951	0.389083886811874	TRUE	TRUE	0.0699999999999932	
35	20000	two_shared	EAS_substituted	2	2	2	TRUE	TRUE	TRUE	9	0.999978901764245	0.389083886811874	TRUE	TRUE	0.0600000000000023	
35	20000	two_shared	AFR_substituted	2	2	2	TRUE	TRUE	TRUE	25	0.999937927460021	0.389083886811874	FALSE	FALSE	0.0600000000000023	
35	20000	shared_plus_specific	EUR_matched	2	2	1	TRUE	TRUE	TRUE	4	0.998361315857122	0.408153276127901	TRUE	TRUE	0.0500000000000114	
35	20000	shared_plus_specific	EAS_substituted	2	2	1	TRUE	TRUE	TRUE	15	0.875080580810487	0.408153276127901	FALSE	FALSE	0.75	
35	20000	shared_plus_specific	AFR_substituted	2	2	1	TRUE	TRUE	TRUE	25	0.999998170192097	0.408153276127901	FALSE	FALSE	0.0799999999999841	
35	20000	distinct_only	EUR_matched	1	1	0	TRUE	TRUE	TRUE	1	6.07288627441915e-16	3.42662202768787e-16	TRUE	TRUE	0.0300000000000296	
35	20000	distinct_only	EAS_substituted	1	1	0	TRUE	TRUE	TRUE	12	0.759658866713177	3.42662202768787e-16	TRUE	TRUE	0.089999999999975	
35	20000	distinct_only	AFR_substituted	1	1	0	TRUE	TRUE	TRUE	25	0.107424399793819	3.42662202768787e-16	FALSE	TRUE	0.0799999999999841	
36	2000	one_shared	EUR_matched	1	1	1	TRUE	TRUE	TRUE	2	0.345933666178238	0.252045552583646	TRUE	TRUE	0.0300000000000296	
36	2000	one_shared	EAS_substituted	1	1	1	TRUE	TRUE	TRUE	1	0.356341417729571	0.252045552583646	TRUE	TRUE	0.0199999999999818	
36	2000	one_shared	AFR_substituted	1	1	1	TRUE	TRUE	TRUE	4	0.00251136713914343	0.252045552583646	TRUE	TRUE	0.0600000000000023	
36	2000	two_shared	EUR_matched	2	2	2	TRUE	TRUE	TRUE	3	0.0010435545499942	0.000202173493457967	TRUE	TRUE	0.0500000000000114	
36	2000	two_shared	EAS_substituted	2	2	2	TRUE	TRUE	TRUE	8	0.00107777557297559	0.000202173493457967	TRUE	TRUE	0.0400000000000205	
36	2000	two_shared	AFR_substituted	2	2	2	TRUE	TRUE	TRUE	2	0.00102108704792984	0.000202173493457967	TRUE	TRUE	0.0299999999999727	
36	2000	shared_plus_specific	EUR_matched	2	2	1	TRUE	TRUE	TRUE	3	0.00232528204673413	0.00123619046539294	TRUE	TRUE	0.0699999999999932	
36	2000	shared_plus_specific	EAS_substituted	2	2	1	TRUE	TRUE	TRUE	3	0.0020668600989038	0.00123619046539294	TRUE	TRUE	0.0600000000000023	
36	2000	shared_plus_specific	AFR_substituted	2	2	1	TRUE	TRUE	TRUE	2	0.001169158919355	0.00123619046539294	TRUE	TRUE	0.0400000000000205	
36	2000	distinct_only	EUR_matched	1	1	0	TRUE	TRUE	TRUE	1	0.828760400607724	0.797678078255496	TRUE	TRUE	0.0299999999999727	
36	2000	distinct_only	EAS_substituted	1	1	0	TRUE	TRUE	TRUE	2	0.804417941385715	0.797678078255496	TRUE	TRUE	0.0300000000000296	
36	2000	distinct_only	AFR_substituted	1	1	0	TRUE	TRUE	TRUE	1	0.00361644324872849	0.797678078255496	TRUE	TRUE	0.0799999999999841	
36	5000	one_shared	EUR_matched	1	1	1	TRUE	TRUE	TRUE	1	0.991858309585988	0.991997868425168	TRUE	TRUE	0.00999999999999091	
36	5000	one_shared	EAS_substituted	1	1	1	TRUE	TRUE	TRUE	4	0.991996333778695	0.991997868425168	TRUE	TRUE	0.0600000000000023	
36	5000	one_shared	AFR_substituted	1	1	1	TRUE	TRUE	TRUE	20	0.997750437963879	0.991997868425168	TRUE	TRUE	0.0699999999999932	
36	5000	two_shared	EUR_matched	2	2	2	TRUE	TRUE	TRUE	1	0.372827564224213	0.163982787032318	FALSE	FALSE	0.0100000000000477	
36	5000	two_shared	EAS_substituted	2	2	2	TRUE	TRUE	TRUE	1	0.372827564224213	0.163982787032318	FALSE	FALSE	0.0299999999999727	
36	5000	two_shared	AFR_substituted	2	2	2	TRUE	TRUE	TRUE	2	0.00299724198795366	0.163982787032318	TRUE	TRUE	0.0300000000000296	
36	5000	shared_plus_specific	EUR_matched	2	2	1	TRUE	TRUE	TRUE	2	0.102589223261353	0.0389708939174269	TRUE	TRUE	0.0300000000000296	
36	5000	shared_plus_specific	EAS_substituted	2	2	1	TRUE	TRUE	TRUE	2	0.121924903054283	0.0389708939174269	TRUE	TRUE	0.0399999999999636	
36	5000	shared_plus_specific	AFR_substituted	2	2	1	TRUE	TRUE	TRUE	4	0.0435477904524382	0.0389708939174269	TRUE	TRUE	0.0699999999999932	
36	5000	distinct_only	EUR_matched	1	1	0	TRUE	TRUE	TRUE	3	0.110969621439718	0.0930400233523814	TRUE	TRUE	0.0400000000000205	
36	5000	distinct_only	EAS_substituted	1	1	0	TRUE	TRUE	TRUE	12	0.0954799054233127	0.0930400233523814	TRUE	TRUE	0.0799999999999841	
36	5000	distinct_only	AFR_substituted	1	1	0	TRUE	TRUE	TRUE	12	0.215033989586515	0.0930400233523814	TRUE	TRUE	0.0600000000000023	
36	20000	one_shared	EUR_matched	1	1	1	TRUE	TRUE	TRUE	1	0.996619270227706	0.99663227287072	TRUE	TRUE	0.0400000000000205	
36	20000	one_shared	EAS_substituted	1	1	1	FALSE	NA	NA	NA	NA	NA	NA	NA	2.93000000000001	susie_rss() did not converge in 1000 iterations. Try running with run_until_convergence=TRUE
36	20000	one_shared	AFR_substituted	1	1	1	TRUE	TRUE	TRUE	25	0.999999999972715	0.99663227287072	TRUE	TRUE	0.0500000000000114	
36	20000	two_shared	EUR_matched	2	2	2	TRUE	TRUE	TRUE	4	0.147356594293097	0.986321594800834	TRUE	TRUE	0.0600000000000023	
36	20000	two_shared	EAS_substituted	2	2	2	TRUE	TRUE	TRUE	6	0.864929453036859	0.986321594800834	FALSE	TRUE	0.0799999999999841	
36	20000	two_shared	AFR_substituted	2	2	2	TRUE	TRUE	TRUE	25	0.988988174292232	0.986321594800834	FALSE	FALSE	0.0600000000000023	
36	20000	shared_plus_specific	EUR_matched	2	2	1	TRUE	TRUE	TRUE	4	0.990376456262608	0.0232195652808506	TRUE	TRUE	0.0699999999999932	
36	20000	shared_plus_specific	EAS_substituted	2	2	1	TRUE	TRUE	TRUE	25	0.995579281978702	0.0232195652808506	FALSE	FALSE	0.930000000000007	
36	20000	shared_plus_specific	AFR_substituted	2	2	1	TRUE	TRUE	TRUE	25	0.909518810817385	0.0232195652808506	FALSE	FALSE	0.0699999999999932	
36	20000	distinct_only	EUR_matched	1	1	0	TRUE	TRUE	TRUE	1	3.17775736781183e-17	1.76135011648713e-17	TRUE	TRUE	0.0300000000000296	
36	20000	distinct_only	EAS_substituted	1	1	0	TRUE	TRUE	TRUE	16	0.0719813188633206	1.76135011648713e-17	FALSE	TRUE	0.449999999999989	
36	20000	distinct_only	AFR_substituted	1	1	0	TRUE	TRUE	TRUE	25	0.96423974963115	1.76135011648713e-17	TRUE	TRUE	0.0799999999999841	
37	2000	one_shared	EUR_matched	1	1	1	TRUE	TRUE	TRUE	1	0.105544186898862	0.0616907729773317	TRUE	TRUE	0.0300000000000296	
37	2000	one_shared	EAS_substituted	1	1	1	TRUE	TRUE	TRUE	2	0.0132969261898854	0.0616907729773317	TRUE	TRUE	0.0500000000000114	
37	2000	one_shared	AFR_substituted	1	1	1	TRUE	TRUE	TRUE	1	0.00162893986013538	0.0616907729773317	TRUE	TRUE	0.0600000000000023	
37	2000	two_shared	EUR_matched	2	2	2	TRUE	TRUE	TRUE	2	0.966944996439171	0.963386248830966	FALSE	TRUE	0.0299999999999727	
37	2000	two_shared	EAS_substituted	2	2	2	TRUE	TRUE	TRUE	3	0.96604264240624	0.963386248830966	FALSE	TRUE	0.0300000000000296	
37	2000	two_shared	AFR_substituted	2	2	2	TRUE	TRUE	TRUE	6	0.950472501033553	0.963386248830966	TRUE	TRUE	0.0299999999999727	
37	2000	shared_plus_specific	EUR_matched	2	2	1	TRUE	TRUE	TRUE	2	0.94638209822901	0.933583586239806	TRUE	TRUE	0.0300000000000296	
37	2000	shared_plus_specific	EAS_substituted	2	2	1	TRUE	TRUE	TRUE	2	0.904218565893181	0.933583586239806	TRUE	FALSE	0.0299999999999727	
37	2000	shared_plus_specific	AFR_substituted	2	2	1	TRUE	TRUE	TRUE	6	0.0378160025417634	0.933583586239806	TRUE	TRUE	0.0800000000000409	
37	2000	distinct_only	EUR_matched	1	1	0	TRUE	TRUE	TRUE	0	NA	0.000587191355623414	TRUE	FALSE	0.0299999999999727	
37	2000	distinct_only	EAS_substituted	1	1	0	TRUE	TRUE	TRUE	0	NA	0.000587191355623414	TRUE	FALSE	0.0199999999999818	
37	2000	distinct_only	AFR_substituted	1	1	0	TRUE	TRUE	TRUE	0	NA	0.000587191355623414	TRUE	FALSE	0.0300000000000296	
37	5000	one_shared	EUR_matched	1	1	1	TRUE	TRUE	TRUE	2	0.955342906657	0.968450186333569	TRUE	TRUE	0.0500000000000114	
37	5000	one_shared	EAS_substituted	1	1	1	TRUE	TRUE	TRUE	3	0.328257725082048	0.968450186333569	TRUE	TRUE	0.0600000000000023	
37	5000	one_shared	AFR_substituted	1	1	1	TRUE	TRUE	TRUE	10	0.408813017999177	0.968450186333569	FALSE	TRUE	0.110000000000014	
37	5000	two_shared	EUR_matched	2	2	2	TRUE	TRUE	TRUE	4	0.985738065251263	0.970285352628151	TRUE	TRUE	0.0500000000000114	
37	5000	two_shared	EAS_substituted	2	2	2	TRUE	TRUE	TRUE	12	0.81437776756676	0.970285352628151	TRUE	TRUE	0.0600000000000023	
37	5000	two_shared	AFR_substituted	2	2	2	TRUE	TRUE	TRUE	15	0.855263951003334	0.970285352628151	FALSE	TRUE	0.0399999999999636	
37	5000	shared_plus_specific	EUR_matched	2	2	1	TRUE	TRUE	TRUE	4	0.854649973367854	0.947554789718952	TRUE	TRUE	0.0500000000000114	
37	5000	shared_plus_specific	EAS_substituted	2	2	1	TRUE	TRUE	TRUE	6	0.954516607639068	0.947554789718952	TRUE	TRUE	0.100000000000023	
37	5000	shared_plus_specific	AFR_substituted	2	2	1	TRUE	TRUE	TRUE	25	0.999945931568926	0.947554789718952	FALSE	FALSE	0.0600000000000023	
37	5000	distinct_only	EUR_matched	1	1	0	TRUE	TRUE	TRUE	2	0.106496104288387	0.0491402022838444	TRUE	TRUE	0.0399999999999636	
37	5000	distinct_only	EAS_substituted	1	1	0	TRUE	TRUE	TRUE	4	0.233054079746862	0.0491402022838444	TRUE	TRUE	0.0400000000000205	
37	5000	distinct_only	AFR_substituted	1	1	0	TRUE	TRUE	TRUE	10	0.237762001829058	0.0491402022838444	FALSE	TRUE	0.0400000000000205	
37	20000	one_shared	EUR_matched	1	1	1	TRUE	TRUE	TRUE	1	0.998396487053807	0.998432689735494	TRUE	TRUE	0.00999999999999091	
37	20000	one_shared	EAS_substituted	1	1	1	FALSE	NA	NA	NA	NA	NA	NA	NA	3.63	susie_rss() did not converge in 1000 iterations. Try running with run_until_convergence=TRUE
37	20000	one_shared	AFR_substituted	1	1	1	TRUE	TRUE	TRUE	25	0.999274879849641	0.998432689735494	TRUE	FALSE	0.110000000000014	
37	20000	two_shared	EUR_matched	2	2	2	TRUE	TRUE	TRUE	4	0.986496230210487	0.0016045788406416	TRUE	FALSE	0.0500000000000114	
37	20000	two_shared	EAS_substituted	2	2	2	TRUE	TRUE	TRUE	9	0.98856457339246	0.0016045788406416	TRUE	FALSE	0.0600000000000023	
37	20000	two_shared	AFR_substituted	2	2	2	TRUE	TRUE	TRUE	25	0.999999976388949	0.0016045788406416	FALSE	FALSE	0.089999999999975	
37	20000	shared_plus_specific	EUR_matched	2	2	1	TRUE	TRUE	TRUE	4	0.99668760956077	0.712004972601118	TRUE	TRUE	0.110000000000014	
37	20000	shared_plus_specific	EAS_substituted	2	2	1	TRUE	TRUE	TRUE	25	0.995225931328987	0.712004972601118	FALSE	FALSE	0.560000000000002	
37	20000	shared_plus_specific	AFR_substituted	2	2	1	TRUE	TRUE	TRUE	25	0.999999971922179	0.712004972601118	TRUE	FALSE	0.0500000000000114	
37	20000	distinct_only	EUR_matched	1	1	0	TRUE	TRUE	TRUE	1	1.22482378844838e-13	7.28463453988352e-14	TRUE	TRUE	0.0299999999999727	
37	20000	distinct_only	EAS_substituted	1	1	0	FALSE	NA	NA	NA	NA	NA	NA	NA	2.94	susie_rss() did not converge in 1000 iterations. Try running with run_until_convergence=TRUE
37	20000	distinct_only	AFR_substituted	1	1	0	TRUE	TRUE	TRUE	25	0.173336149300675	7.28463453988352e-14	FALSE	TRUE	0.0600000000000023	
38	2000	one_shared	EUR_matched	1	1	1	TRUE	TRUE	TRUE	1	0.127238328176423	0.0732553063281502	TRUE	TRUE	0.0300000000000296	
38	2000	one_shared	EAS_substituted	1	1	1	TRUE	TRUE	TRUE	4	0.022313611799889	0.0732553063281502	TRUE	TRUE	0.0699999999999932	
38	2000	one_shared	AFR_substituted	1	1	1	TRUE	TRUE	TRUE	2	0.014026999667784	0.0732553063281502	TRUE	TRUE	0.0299999999999727	
38	2000	two_shared	EUR_matched	2	2	2	TRUE	TRUE	TRUE	5	0.0529103354134301	0.663483298339852	TRUE	TRUE	0.0699999999999932	
38	2000	two_shared	EAS_substituted	2	2	2	TRUE	TRUE	TRUE	9	0.00193568613319763	0.663483298339852	TRUE	TRUE	0.100000000000023	
38	2000	two_shared	AFR_substituted	2	2	2	TRUE	TRUE	TRUE	2	0.00571494063274891	0.663483298339852	TRUE	TRUE	0.0500000000000114	
38	2000	shared_plus_specific	EUR_matched	2	2	1	TRUE	TRUE	TRUE	2	0.0788855775122153	0.0211265552392489	FALSE	TRUE	0.0399999999999636	
38	2000	shared_plus_specific	EAS_substituted	2	2	1	TRUE	TRUE	TRUE	4	0.0551399353640518	0.0211265552392489	TRUE	TRUE	0.0600000000000023	
38	2000	shared_plus_specific	AFR_substituted	2	2	1	TRUE	TRUE	TRUE	5	0.192378787887039	0.0211265552392489	TRUE	TRUE	0.0800000000000409	
38	2000	distinct_only	EUR_matched	1	1	0	TRUE	TRUE	TRUE	2	0.176195732952465	0.205179396546804	TRUE	TRUE	0.0299999999999727	
38	2000	distinct_only	EAS_substituted	1	1	0	TRUE	TRUE	TRUE	5	0.0766000454522509	0.205179396546804	TRUE	TRUE	0.0500000000000114	
38	2000	distinct_only	AFR_substituted	1	1	0	TRUE	TRUE	TRUE	6	0.0922363954338154	0.205179396546804	TRUE	TRUE	0.0600000000000023	
38	5000	one_shared	EUR_matched	1	1	1	TRUE	TRUE	TRUE	2	0.99585526340994	0.995886542406706	TRUE	TRUE	0.0500000000000114	
38	5000	one_shared	EAS_substituted	1	1	1	TRUE	TRUE	TRUE	6	0.995879612186063	0.995886542406706	TRUE	TRUE	0.0600000000000023	
38	5000	one_shared	AFR_substituted	1	1	1	TRUE	TRUE	TRUE	9	0.995863790697364	0.995886542406706	TRUE	TRUE	0.0499999999999545	
38	5000	two_shared	EUR_matched	2	2	2	TRUE	TRUE	TRUE	4	0.961245351727475	0.934683982954961	TRUE	TRUE	0.0500000000000114	
38	5000	two_shared	EAS_substituted	2	2	2	TRUE	TRUE	TRUE	6	0.914000804530441	0.934683982954961	TRUE	TRUE	0.110000000000014	
38	5000	two_shared	AFR_substituted	2	2	2	TRUE	TRUE	TRUE	20	0.96812987100149	0.934683982954961	TRUE	TRUE	0.0699999999999932	
38	5000	shared_plus_specific	EUR_matched	2	2	1	TRUE	TRUE	TRUE	1	0.0356904921218267	0.0111832510260792	FALSE	FALSE	0.0400000000000205	
38	5000	shared_plus_specific	EAS_substituted	2	2	1	TRUE	TRUE	TRUE	4	0.0401671878751753	0.0111832510260792	TRUE	FALSE	0.0299999999999727	
38	5000	shared_plus_specific	AFR_substituted	2	2	1	TRUE	TRUE	TRUE	15	0.125154417731895	0.0111832510260792	TRUE	TRUE	0.139999999999986	
38	5000	distinct_only	EUR_matched	1	1	0	TRUE	TRUE	TRUE	2	0.106416348427993	0.000575445156339265	TRUE	TRUE	0.00999999999999091	
38	5000	distinct_only	EAS_substituted	1	1	0	TRUE	TRUE	TRUE	8	0.0771568791005539	0.000575445156339265	TRUE	TRUE	0.0500000000000114	
38	5000	distinct_only	AFR_substituted	1	1	0	TRUE	TRUE	TRUE	12	0.137625040290471	0.000575445156339265	TRUE	TRUE	0.0600000000000023	
38	20000	one_shared	EUR_matched	1	1	1	TRUE	TRUE	TRUE	2	0.996625948124502	0.996631539052947	TRUE	TRUE	0.0299999999999727	
38	20000	one_shared	EAS_substituted	1	1	1	TRUE	TRUE	TRUE	25	0.996678491968925	0.996631539052947	TRUE	TRUE	1.64000000000004	
38	20000	one_shared	AFR_substituted	1	1	1	TRUE	TRUE	TRUE	25	0.999793664798171	0.996631539052947	TRUE	TRUE	0.0600000000000023	
38	20000	two_shared	EUR_matched	2	2	2	TRUE	TRUE	TRUE	4	0.99899896673965	0.996040006676425	TRUE	TRUE	0.0499999999999545	
38	20000	two_shared	EAS_substituted	2	2	2	FALSE	NA	NA	NA	NA	NA	NA	NA	2.86000000000001	susie_rss() did not converge in 1000 iterations. Try running with run_until_convergence=TRUE
38	20000	two_shared	AFR_substituted	2	2	2	TRUE	TRUE	TRUE	25	1	0.996040006676425	TRUE	FALSE	0.0600000000000023	
38	20000	shared_plus_specific	EUR_matched	2	2	1	TRUE	TRUE	TRUE	4	0.995787899089838	0.742573059307732	TRUE	TRUE	0.0400000000000205	
38	20000	shared_plus_specific	EAS_substituted	2	2	1	TRUE	TRUE	TRUE	25	1	0.742573059307732	FALSE	TRUE	2.5	
38	20000	shared_plus_specific	AFR_substituted	2	2	1	TRUE	TRUE	TRUE	25	0.999834380000896	0.742573059307732	FALSE	FALSE	1.13999999999999	
38	20000	distinct_only	EUR_matched	1	1	0	TRUE	TRUE	TRUE	2	0.0920854467853895	6.17678551023521e-13	TRUE	TRUE	0.0400000000000205	
38	20000	distinct_only	EAS_substituted	1	1	0	TRUE	TRUE	TRUE	25	0.47845575446775	6.17678551023521e-13	TRUE	TRUE	0.319999999999993	
38	20000	distinct_only	AFR_substituted	1	1	0	TRUE	TRUE	TRUE	25	0.994357985730791	6.17678551023521e-13	TRUE	TRUE	0.0799999999999841	
39	2000	one_shared	EUR_matched	1	1	1	TRUE	TRUE	TRUE	1	0.00604826299366982	0.00199864315223488	TRUE	TRUE	0.0300000000000296	
39	2000	one_shared	EAS_substituted	1	1	1	TRUE	TRUE	TRUE	1	0.00604826299366982	0.00199864315223488	TRUE	TRUE	0.0199999999999818	
39	2000	one_shared	AFR_substituted	1	1	1	TRUE	TRUE	TRUE	1	0.00139678706681245	0.00199864315223488	TRUE	TRUE	0.170000000000016	
39	2000	two_shared	EUR_matched	2	2	2	TRUE	TRUE	TRUE	1	0.976670667899394	0.976870074831843	TRUE	TRUE	0.0299999999999727	
39	2000	two_shared	EAS_substituted	2	2	2	TRUE	TRUE	TRUE	1	0.976670667899394	0.976870074831843	TRUE	TRUE	0.0300000000000296	
39	2000	two_shared	AFR_substituted	2	2	2	TRUE	TRUE	TRUE	6	0.547888719332198	0.976870074831843	TRUE	TRUE	0.0500000000000114	
39	2000	shared_plus_specific	EUR_matched	2	2	1	TRUE	TRUE	TRUE	1	0.00809847332360598	0.00225291109959668	TRUE	TRUE	0.0299999999999727	
39	2000	shared_plus_specific	EAS_substituted	2	2	1	TRUE	TRUE	TRUE	1	0.00809847332360598	0.00225291109959668	TRUE	TRUE	0.0300000000000296	
39	2000	shared_plus_specific	AFR_substituted	2	2	1	TRUE	TRUE	TRUE	1	0.00112627118414693	0.00225291109959668	TRUE	TRUE	0.0499999999999545	
39	2000	distinct_only	EUR_matched	1	1	0	TRUE	TRUE	TRUE	1	0.108111520046565	0.0566631115929534	TRUE	TRUE	0.0300000000000296	
39	2000	distinct_only	EAS_substituted	1	1	0	TRUE	TRUE	TRUE	1	0.108111520046565	0.0566631115929534	TRUE	TRUE	0.0299999999999727	
39	2000	distinct_only	AFR_substituted	1	1	0	TRUE	TRUE	TRUE	2	0.00147589578154969	0.0566631115929534	TRUE	TRUE	0.0800000000000409	
39	5000	one_shared	EUR_matched	1	1	1	TRUE	TRUE	TRUE	1	0.977848664165077	0.976164560235116	TRUE	TRUE	0.0299999999999727	
39	5000	one_shared	EAS_substituted	1	1	1	TRUE	TRUE	TRUE	1	0.977848664165077	0.976164560235116	TRUE	TRUE	0.0300000000000296	
39	5000	one_shared	AFR_substituted	1	1	1	TRUE	TRUE	TRUE	6	0.899086461640689	0.976164560235116	TRUE	TRUE	0.0499999999999545	
39	5000	two_shared	EUR_matched	2	2	2	TRUE	TRUE	TRUE	1	0.995256204789087	0.995226172995402	FALSE	FALSE	0.0300000000000296	
39	5000	two_shared	EAS_substituted	2	2	2	TRUE	TRUE	TRUE	15	0.999999415631138	0.995226172995402	FALSE	FALSE	1.76999999999998	
39	5000	two_shared	AFR_substituted	2	2	2	TRUE	TRUE	TRUE	25	1	0.995226172995402	FALSE	FALSE	0.0900000000000318	
39	5000	shared_plus_specific	EUR_matched	2	2	1	TRUE	TRUE	TRUE	2	0.967542781364753	0.95498373138328	FALSE	TRUE	0.0499999999999545	
39	5000	shared_plus_specific	EAS_substituted	2	2	1	TRUE	TRUE	TRUE	6	0.976405554591668	0.95498373138328	FALSE	TRUE	0.0800000000000409	
39	5000	shared_plus_specific	AFR_substituted	2	2	1	TRUE	TRUE	TRUE	20	0.991450562871931	0.95498373138328	FALSE	FALSE	0.0699999999999932	
39	5000	distinct_only	EUR_matched	1	1	0	TRUE	TRUE	TRUE	1	0.0597439077333803	0.0472756858025737	TRUE	TRUE	0.0299999999999727	
39	5000	distinct_only	EAS_substituted	1	1	0	TRUE	TRUE	TRUE	15	0.0848833311994505	0.0472756858025737	TRUE	TRUE	0.0800000000000409	
39	5000	distinct_only	AFR_substituted	1	1	0	TRUE	TRUE	TRUE	16	0.0660243561474307	0.0472756858025737	TRUE	TRUE	0.109999999999957	
39	20000	one_shared	EUR_matched	1	1	1	TRUE	TRUE	TRUE	1	0.983515466447164	0.983504721329546	TRUE	TRUE	0.0300000000000296	
39	20000	one_shared	EAS_substituted	1	1	1	TRUE	TRUE	TRUE	25	1	0.983504721329546	FALSE	FALSE	2.38999999999999	
39	20000	one_shared	AFR_substituted	1	1	1	TRUE	TRUE	TRUE	25	0.999996824160204	0.983504721329546	FALSE	FALSE	1.25	
39	20000	two_shared	EUR_matched	2	2	2	TRUE	TRUE	TRUE	2	0.985271091642997	0.986547528740608	TRUE	FALSE	0.100000000000023	
39	20000	two_shared	EAS_substituted	2	2	2	FALSE	NA	NA	NA	NA	NA	NA	NA	2.71999999999997	susie_rss() did not converge in 1000 iterations. Try running with run_until_convergence=TRUE
39	20000	two_shared	AFR_substituted	2	2	2	TRUE	TRUE	TRUE	25	1	0.986547528740608	FALSE	FALSE	0.110000000000014	
39	20000	shared_plus_specific	EUR_matched	2	2	1	TRUE	TRUE	TRUE	4	0.97537256439282	0.306802970220091	FALSE	TRUE	0.110000000000014	
39	20000	shared_plus_specific	EAS_substituted	2	2	1	FALSE	NA	NA	NA	NA	NA	NA	NA	2.81	susie_rss() did not converge in 1000 iterations. Try running with run_until_convergence=TRUE
39	20000	shared_plus_specific	AFR_substituted	2	2	1	TRUE	TRUE	TRUE	25	0.999999999957055	0.306802970220091	FALSE	FALSE	0.0799999999999841	
39	20000	distinct_only	EUR_matched	1	1	0	TRUE	TRUE	TRUE	1	5.14401808621853e-07	3.65935795169147e-07	TRUE	TRUE	0.0299999999999727	
39	20000	distinct_only	EAS_substituted	1	1	0	FALSE	NA	NA	NA	NA	NA	NA	NA	4.33000000000004	susie_rss() did not converge in 1000 iterations. Try running with run_until_convergence=TRUE
39	20000	distinct_only	AFR_substituted	1	1	0	TRUE	TRUE	TRUE	25	0.0908833281013959	3.65935795169147e-07	FALSE	FALSE	1.14999999999998	
40	2000	one_shared	EUR_matched	1	1	1	TRUE	TRUE	TRUE	2	0.54048602626852	0.461052779551274	TRUE	TRUE	0.0100000000000477	
40	2000	one_shared	EAS_substituted	1	1	1	TRUE	TRUE	TRUE	2	0.548237924931647	0.461052779551274	TRUE	TRUE	0.0299999999999727	
40	2000	one_shared	AFR_substituted	1	1	1	TRUE	TRUE	TRUE	6	0.00508633854842956	0.461052779551274	TRUE	TRUE	0.100000000000023	
40	2000	two_shared	EUR_matched	2	2	2	TRUE	TRUE	TRUE	2	0.119876769589547	0.164625401316865	TRUE	FALSE	0.0399999999999636	
40	2000	two_shared	EAS_substituted	2	2	2	TRUE	TRUE	TRUE	3	0.0163004556560459	0.164625401316865	TRUE	FALSE	0.129999999999995	
40	2000	two_shared	AFR_substituted	2	2	2	TRUE	TRUE	TRUE	1	0.00252973342321365	0.164625401316865	TRUE	TRUE	0.0500000000000114	
40	2000	shared_plus_specific	EUR_matched	2	2	1	TRUE	TRUE	TRUE	0	NA	0.0207753003489363	FALSE	TRUE	0.0300000000000296	
40	2000	shared_plus_specific	EAS_substituted	2	2	1	TRUE	TRUE	TRUE	0	NA	0.0207753003489363	FALSE	TRUE	0.0299999999999727	
40	2000	shared_plus_specific	AFR_substituted	2	2	1	TRUE	TRUE	TRUE	0	NA	0.0207753003489363	FALSE	TRUE	0.0300000000000296	
40	2000	distinct_only	EUR_matched	1	1	0	TRUE	TRUE	TRUE	3	0.00262207211831033	0.000596541568196709	TRUE	TRUE	0.0299999999999727	
40	2000	distinct_only	EAS_substituted	1	1	0	TRUE	TRUE	TRUE	4	0.00199361227927462	0.000596541568196709	TRUE	TRUE	0.0300000000000296	
40	2000	distinct_only	AFR_substituted	1	1	0	TRUE	TRUE	TRUE	4	0.00110826494755452	0.000596541568196709	TRUE	TRUE	0.0299999999999727	
40	5000	one_shared	EUR_matched	1	1	1	TRUE	TRUE	TRUE	2	0.0445858538039764	0.00958813456569258	TRUE	TRUE	0.00999999999999091	
40	5000	one_shared	EAS_substituted	1	1	1	TRUE	TRUE	TRUE	2	0.0347413108487594	0.00958813456569258	TRUE	TRUE	0.0500000000000114	
40	5000	one_shared	AFR_substituted	1	1	1	TRUE	TRUE	TRUE	6	0.0023360145434471	0.00958813456569258	TRUE	TRUE	0.0399999999999636	
40	5000	two_shared	EUR_matched	2	2	2	TRUE	TRUE	TRUE	2	0.953375017425404	0.357509730582535	TRUE	FALSE	0.0400000000000205	
40	5000	two_shared	EAS_substituted	2	2	2	TRUE	TRUE	TRUE	6	0.986616775460538	0.357509730582535	TRUE	TRUE	0.089999999999975	
40	5000	two_shared	AFR_substituted	2	2	2	TRUE	TRUE	TRUE	25	0.99594300147279	0.357509730582535	TRUE	TRUE	0.0800000000000409	
40	5000	shared_plus_specific	EUR_matched	2	2	1	TRUE	TRUE	TRUE	2	0.966364436328041	0.973035654951231	TRUE	TRUE	0.0299999999999727	
40	5000	shared_plus_specific	EAS_substituted	2	2	1	TRUE	TRUE	TRUE	3	0.860542133958688	0.973035654951231	TRUE	TRUE	0.0500000000000114	
40	5000	shared_plus_specific	AFR_substituted	2	2	1	TRUE	TRUE	TRUE	20	0.987485972739946	0.973035654951231	FALSE	TRUE	0.0600000000000023	
40	5000	distinct_only	EUR_matched	1	1	0	TRUE	TRUE	TRUE	1	0.00871899380589456	0.00505441028765362	TRUE	TRUE	0.0500000000000114	
40	5000	distinct_only	EAS_substituted	1	1	0	TRUE	TRUE	TRUE	1	0.00871899380589456	0.00505441028765362	TRUE	TRUE	0.0199999999999818	
40	5000	distinct_only	AFR_substituted	1	1	0	TRUE	TRUE	TRUE	6	0.166358443029945	0.00505441028765362	TRUE	TRUE	0.0400000000000205	
40	20000	one_shared	EUR_matched	1	1	1	TRUE	TRUE	TRUE	1	0.995774174578708	0.995829933423024	TRUE	TRUE	0.0299999999999727	
40	20000	one_shared	EAS_substituted	1	1	1	TRUE	TRUE	TRUE	25	0.999999999919297	0.995829933423024	TRUE	FALSE	4.68000000000001	
40	20000	one_shared	AFR_substituted	1	1	1	TRUE	TRUE	TRUE	25	1	0.995829933423024	FALSE	FALSE	0.0900000000000318	
40	20000	two_shared	EUR_matched	2	2	2	TRUE	TRUE	TRUE	4	0.99900095569397	0.224488981107437	TRUE	TRUE	0.0299999999999727	
40	20000	two_shared	EAS_substituted	2	2	2	TRUE	TRUE	TRUE	20	0.999997350394267	0.224488981107437	TRUE	FALSE	0.410000000000025	
40	20000	two_shared	AFR_substituted	2	2	2	TRUE	TRUE	TRUE	25	1	0.224488981107437	FALSE	FALSE	0.0399999999999636	
40	20000	shared_plus_specific	EUR_matched	2	2	1	TRUE	TRUE	TRUE	2	6.92856786043132e-06	1.64062103711927e-06	TRUE	FALSE	0.0299999999999727	
40	20000	shared_plus_specific	EAS_substituted	2	2	1	TRUE	TRUE	TRUE	25	0.999999999997897	1.64062103711927e-06	TRUE	FALSE	0.310000000000002	
40	20000	shared_plus_specific	AFR_substituted	2	2	1	TRUE	TRUE	TRUE	25	0.990817370544134	1.64062103711927e-06	FALSE	FALSE	1.43000000000001	
40	20000	distinct_only	EUR_matched	1	1	0	TRUE	TRUE	TRUE	2	0.505426357867467	9.29569462653009e-17	TRUE	TRUE	0.0400000000000205	
40	20000	distinct_only	EAS_substituted	1	1	0	TRUE	TRUE	TRUE	10	0.807590283062983	9.29569462653009e-17	FALSE	TRUE	0.379999999999995	
40	20000	distinct_only	AFR_substituted	1	1	0	TRUE	TRUE	TRUE	25	0.999999999951768	9.29569462653009e-17	FALSE	TRUE	0.0799999999999841	
41	2000	one_shared	EUR_matched	1	1	1	TRUE	TRUE	TRUE	1	0.994640735520761	0.994645269758887	TRUE	TRUE	0.0299999999999727	
41	2000	one_shared	EAS_substituted	1	1	1	TRUE	TRUE	TRUE	4	0.994897521745611	0.994645269758887	TRUE	TRUE	0.0300000000000296	
41	2000	one_shared	AFR_substituted	1	1	1	TRUE	TRUE	TRUE	6	0.996982741517471	0.994645269758887	TRUE	TRUE	0.0500000000000114	
41	2000	two_shared	EUR_matched	2	2	2	TRUE	TRUE	TRUE	2	0.00131798666003134	0.000422277882914064	TRUE	TRUE	0.0399999999999636	
41	2000	two_shared	EAS_substituted	2	2	2	TRUE	TRUE	TRUE	3	0.00135459360646361	0.000422277882914064	TRUE	TRUE	0.0500000000000114	
41	2000	two_shared	AFR_substituted	2	2	2	TRUE	TRUE	TRUE	2	0.00106419042719804	0.000422277882914064	TRUE	TRUE	0.0300000000000296	
41	2000	shared_plus_specific	EUR_matched	2	2	1	TRUE	TRUE	TRUE	8	0.0876791410242915	0.0204476307012997	TRUE	TRUE	0.0799999999999841	
41	2000	shared_plus_specific	EAS_substituted	2	2	1	TRUE	TRUE	TRUE	9	0.106426367283178	0.0204476307012997	TRUE	FALSE	0.0799999999999841	
41	2000	shared_plus_specific	AFR_substituted	2	2	1	TRUE	TRUE	TRUE	5	0.142785113224917	0.0204476307012997	TRUE	TRUE	0.0400000000000205	
41	2000	distinct_only	EUR_matched	1	1	0	TRUE	TRUE	TRUE	1	0.015328989122184	0.00639804789670333	TRUE	TRUE	0.0300000000000296	
41	2000	distinct_only	EAS_substituted	1	1	0	TRUE	TRUE	TRUE	3	0.0118888900715531	0.00639804789670333	TRUE	TRUE	0.0299999999999727	
41	2000	distinct_only	AFR_substituted	1	1	0	TRUE	TRUE	TRUE	6	0.00335136654828974	0.00639804789670333	TRUE	TRUE	0.0300000000000296	
41	5000	one_shared	EUR_matched	1	1	1	TRUE	TRUE	TRUE	2	0.997703953037536	0.997729487858517	TRUE	TRUE	0.0299999999999727	
41	5000	one_shared	EAS_substituted	1	1	1	TRUE	TRUE	TRUE	6	0.997807039364102	0.997729487858517	TRUE	TRUE	0.0400000000000205	
41	5000	one_shared	AFR_substituted	1	1	1	TRUE	TRUE	TRUE	20	0.999925674891751	0.997729487858517	TRUE	TRUE	0.0699999999999932	
41	5000	two_shared	EUR_matched	2	2	2	TRUE	TRUE	TRUE	4	0.0287822647491215	0.00164259544044951	TRUE	TRUE	0.0500000000000114	
41	5000	two_shared	EAS_substituted	2	2	2	TRUE	TRUE	TRUE	6	0.00879474029612514	0.00164259544044951	TRUE	TRUE	0.0799999999999841	
41	5000	two_shared	AFR_substituted	2	2	2	TRUE	TRUE	TRUE	2	0.00831884819515374	0.00164259544044951	TRUE	TRUE	0.0299999999999727	
41	5000	shared_plus_specific	EUR_matched	2	2	1	TRUE	TRUE	TRUE	0	NA	0.0296813189694694	FALSE	TRUE	0.0299999999999727	
41	5000	shared_plus_specific	EAS_substituted	2	2	1	TRUE	TRUE	TRUE	0	NA	0.0296813189694694	FALSE	TRUE	0.0300000000000296	
41	5000	shared_plus_specific	AFR_substituted	2	2	1	TRUE	TRUE	TRUE	0	NA	0.0296813189694694	FALSE	TRUE	0.0299999999999727	
41	5000	distinct_only	EUR_matched	1	1	0	TRUE	TRUE	TRUE	4	0.146519659556012	0.0620706966793913	TRUE	TRUE	0.0799999999999841	
41	5000	distinct_only	EAS_substituted	1	1	0	TRUE	TRUE	TRUE	10	0.985044567322256	0.0620706966793913	TRUE	TRUE	0.0800000000000409	
41	5000	distinct_only	AFR_substituted	1	1	0	TRUE	TRUE	TRUE	25	0.999999990148034	0.0620706966793913	TRUE	TRUE	0.0600000000000023	
41	20000	one_shared	EUR_matched	1	1	1	TRUE	TRUE	TRUE	1	0.997680326541331	0.99769530950593	TRUE	TRUE	0.0299999999999727	
41	20000	one_shared	EAS_substituted	1	1	1	TRUE	TRUE	TRUE	9	0.998068883093959	0.99769530950593	TRUE	TRUE	0.0600000000000023	
41	20000	one_shared	AFR_substituted	1	1	1	TRUE	TRUE	TRUE	25	1	0.99769530950593	TRUE	TRUE	2.30000000000001	
41	20000	two_shared	EUR_matched	2	2	2	TRUE	TRUE	TRUE	6	0.996691410750102	0.947173254389281	FALSE	TRUE	0.110000000000014	
41	20000	two_shared	EAS_substituted	2	2	2	FALSE	NA	NA	NA	NA	NA	NA	NA	3.19	susie_rss() did not converge in 1000 iterations. Try running with run_until_convergence=TRUE
41	20000	two_shared	AFR_substituted	2	2	2	TRUE	TRUE	TRUE	15	0.999993214997911	0.947173254389281	FALSE	TRUE	0.689999999999998	
41	20000	shared_plus_specific	EUR_matched	2	2	1	TRUE	TRUE	TRUE	6	0.997547763308855	0.0796419926280978	FALSE	TRUE	0.0799999999999841	
41	20000	shared_plus_specific	EAS_substituted	2	2	1	TRUE	TRUE	TRUE	25	0.997816225900263	0.0796419926280978	FALSE	FALSE	2.69999999999999	
41	20000	shared_plus_specific	AFR_substituted	2	2	1	TRUE	TRUE	TRUE	15	0.436547305265917	0.0796419926280978	FALSE	FALSE	0.700000000000045	
41	20000	distinct_only	EUR_matched	1	1	0	TRUE	TRUE	TRUE	1	3.15976341244926e-17	1.6995898292005e-17	TRUE	TRUE	0.0199999999999818	
41	20000	distinct_only	EAS_substituted	1	1	0	TRUE	TRUE	TRUE	15	0.2100008964961	1.6995898292005e-17	TRUE	TRUE	0.199999999999989	
41	20000	distinct_only	AFR_substituted	1	1	0	TRUE	TRUE	TRUE	25	0.251860976233001	1.6995898292005e-17	TRUE	TRUE	0.0500000000000114	
42	2000	one_shared	EUR_matched	1	1	1	TRUE	TRUE	TRUE	1	0.722220636827967	0.659774128733437	TRUE	TRUE	0.0500000000000114	
42	2000	one_shared	EAS_substituted	1	1	1	TRUE	TRUE	TRUE	4	0.321654060310172	0.659774128733437	TRUE	TRUE	0.0399999999999636	
42	2000	one_shared	AFR_substituted	1	1	1	TRUE	TRUE	TRUE	1	0.0030875556433244	0.659774128733437	TRUE	TRUE	0.0600000000000023	
42	2000	two_shared	EUR_matched	2	2	2	TRUE	TRUE	TRUE	0	NA	5.72524452922814e-05	TRUE	FALSE	0.0200000000000387	
42	2000	two_shared	EAS_substituted	2	2	2	TRUE	TRUE	TRUE	0	NA	5.72524452922814e-05	TRUE	FALSE	0.0199999999999818	
42	2000	two_shared	AFR_substituted	2	2	2	TRUE	TRUE	TRUE	0	NA	5.72524452922814e-05	TRUE	FALSE	0.0199999999999818	
42	2000	shared_plus_specific	EUR_matched	2	2	1	TRUE	TRUE	TRUE	2	0.0791255728932745	0.0915196735015065	FALSE	TRUE	0.0300000000000296	
42	2000	shared_plus_specific	EAS_substituted	2	2	1	TRUE	TRUE	TRUE	2	0.0799294484172757	0.0915196735015065	FALSE	TRUE	0.0500000000000114	
42	2000	shared_plus_specific	AFR_substituted	2	2	1	TRUE	TRUE	TRUE	2	0.0163901063532854	0.0915196735015065	TRUE	TRUE	0.089999999999975	
42	2000	distinct_only	EUR_matched	1	1	0	TRUE	TRUE	TRUE	1	0.00515342786661492	0.00151109847351706	TRUE	TRUE	0.0300000000000296	
42	2000	distinct_only	EAS_substituted	1	1	0	TRUE	TRUE	TRUE	1	0.00515342786661492	0.00151109847351706	TRUE	TRUE	0.0299999999999727	
42	2000	distinct_only	AFR_substituted	1	1	0	TRUE	TRUE	TRUE	2	0.00113931644758953	0.00151109847351706	TRUE	TRUE	0.0500000000000114	
42	5000	one_shared	EUR_matched	1	1	1	TRUE	TRUE	TRUE	1	0.950904209373044	0.948622101558073	TRUE	TRUE	0.170000000000016	
42	5000	one_shared	EAS_substituted	1	1	1	TRUE	TRUE	TRUE	2	0.948523545725978	0.948622101558073	TRUE	TRUE	0.0299999999999727	
42	5000	one_shared	AFR_substituted	1	1	1	TRUE	TRUE	TRUE	20	0.99970560517431	0.948622101558073	TRUE	FALSE	0.0600000000000023	
42	5000	two_shared	EUR_matched	2	2	2	TRUE	TRUE	TRUE	3	0.00761112750443523	0.00692183292234618	TRUE	FALSE	0.0799999999999841	
42	5000	two_shared	EAS_substituted	2	2	2	TRUE	TRUE	TRUE	2	0.00756927465751132	0.00692183292234618	TRUE	FALSE	0.100000000000023	
42	5000	two_shared	AFR_substituted	2	2	2	TRUE	TRUE	TRUE	6	0.00179267522978612	0.00692183292234618	TRUE	TRUE	0.0699999999999932	
42	5000	shared_plus_specific	EUR_matched	2	2	1	TRUE	TRUE	TRUE	2	0.794598393004307	0.102875816706886	FALSE	TRUE	0.0300000000000296	
42	5000	shared_plus_specific	EAS_substituted	2	2	1	TRUE	TRUE	TRUE	3	0.960505023178533	0.102875816706886	FALSE	TRUE	0.0500000000000114	
42	5000	shared_plus_specific	AFR_substituted	2	2	1	TRUE	TRUE	TRUE	5	0.579773758133577	0.102875816706886	TRUE	FALSE	0.0600000000000023	
42	5000	distinct_only	EUR_matched	1	1	0	TRUE	TRUE	TRUE	1	0.00651586398819125	0.00482017454515986	TRUE	TRUE	0.0199999999999818	
42	5000	distinct_only	EAS_substituted	1	1	0	TRUE	TRUE	TRUE	4	0.0832820929983045	0.00482017454515986	TRUE	TRUE	0.0699999999999932	
42	5000	distinct_only	AFR_substituted	1	1	0	TRUE	TRUE	TRUE	20	0.999396031010754	0.00482017454515986	TRUE	FALSE	1.05000000000001	
42	20000	one_shared	EUR_matched	1	1	1	TRUE	TRUE	TRUE	1	0.993898171159672	0.993815757203605	TRUE	TRUE	0.00999999999999091	
42	20000	one_shared	EAS_substituted	1	1	1	TRUE	TRUE	TRUE	16	1	0.993815757203605	TRUE	TRUE	1.60000000000002	
42	20000	one_shared	AFR_substituted	1	1	1	TRUE	TRUE	TRUE	25	0.999999999499067	0.993815757203605	FALSE	FALSE	0.0400000000000205	
42	20000	two_shared	EUR_matched	2	2	2	TRUE	TRUE	TRUE	6	0.881822448607931	0.847252489031793	FALSE	FALSE	0.0799999999999841	
42	20000	two_shared	EAS_substituted	2	2	2	TRUE	TRUE	TRUE	15	0.999999243328534	0.847252489031793	FALSE	FALSE	0.0699999999999932	
42	20000	two_shared	AFR_substituted	2	2	2	TRUE	TRUE	TRUE	25	0.999985782149014	0.847252489031793	FALSE	FALSE	0.0800000000000409	
42	20000	shared_plus_specific	EUR_matched	2	2	1	TRUE	TRUE	TRUE	6	0.995501424416597	0.362561879860435	FALSE	TRUE	0.0999999999999659	
42	20000	shared_plus_specific	EAS_substituted	2	2	1	TRUE	TRUE	TRUE	15	0.00986701182248358	0.362561879860435	FALSE	FALSE	1.37	
42	20000	shared_plus_specific	AFR_substituted	2	2	1	TRUE	TRUE	TRUE	25	0.556023232572514	0.362561879860435	FALSE	FALSE	0.0500000000000114	
42	20000	distinct_only	EUR_matched	1	1	0	TRUE	TRUE	TRUE	1	3.37461299036261e-13	2.05485090390883e-13	TRUE	TRUE	0.0299999999999727	
42	20000	distinct_only	EAS_substituted	1	1	0	TRUE	TRUE	TRUE	20	0.992583418858848	2.05485090390883e-13	TRUE	TRUE	0.580000000000041	
42	20000	distinct_only	AFR_substituted	1	1	0	TRUE	TRUE	TRUE	25	1	2.05485090390883e-13	FALSE	FALSE	0.109999999999957	
43	2000	one_shared	EUR_matched	1	1	1	TRUE	TRUE	TRUE	1	0.0620193777922261	0.0246675044874677	TRUE	TRUE	0.0300000000000296	
43	2000	one_shared	EAS_substituted	1	1	1	TRUE	TRUE	TRUE	1	0.0620193777922261	0.0246675044874677	TRUE	TRUE	0.0299999999999727	
43	2000	one_shared	AFR_substituted	1	1	1	TRUE	TRUE	TRUE	2	0.00149362523083788	0.0246675044874677	TRUE	TRUE	0.0600000000000023	
43	2000	two_shared	EUR_matched	2	2	2	TRUE	TRUE	TRUE	2	0.978052506158075	0.978023472830291	TRUE	FALSE	0.0200000000000387	
43	2000	two_shared	EAS_substituted	2	2	2	TRUE	TRUE	TRUE	3	0.978808790635546	0.978023472830291	TRUE	FALSE	0.0399999999999636	
43	2000	two_shared	AFR_substituted	2	2	2	TRUE	TRUE	TRUE	15	0.796004998647043	0.978023472830291	FALSE	TRUE	0.0800000000000409	
43	2000	shared_plus_specific	EUR_matched	2	2	1	TRUE	TRUE	TRUE	1	0.142399981037739	0.104404804961405	TRUE	FALSE	0.0299999999999727	
43	2000	shared_plus_specific	EAS_substituted	2	2	1	TRUE	TRUE	TRUE	1	0.142399981037739	0.104404804961405	TRUE	FALSE	0.0400000000000205	
43	2000	shared_plus_specific	AFR_substituted	2	2	1	TRUE	TRUE	TRUE	9	0.00661081618495472	0.104404804961405	TRUE	TRUE	0.0600000000000023	
43	2000	distinct_only	EUR_matched	1	1	0	TRUE	TRUE	TRUE	1	0.172430954444789	0.0878538593817361	TRUE	TRUE	0.0299999999999727	
43	2000	distinct_only	EAS_substituted	1	1	0	TRUE	TRUE	TRUE	1	0.172430954444789	0.0878538593817361	TRUE	TRUE	0.00999999999999091	
43	2000	distinct_only	AFR_substituted	1	1	0	TRUE	TRUE	TRUE	4	0.0469286329963693	0.0878538593817361	TRUE	TRUE	0.0699999999999932	
43	5000	one_shared	EUR_matched	1	1	1	TRUE	TRUE	TRUE	1	0.98861638183103	0.988477309639323	TRUE	TRUE	0.0300000000000296	
43	5000	one_shared	EAS_substituted	1	1	1	TRUE	TRUE	TRUE	2	0.988596262985213	0.988477309639323	TRUE	TRUE	0.0299999999999727	
43	5000	one_shared	AFR_substituted	1	1	1	TRUE	TRUE	TRUE	20	0.993556479064228	0.988477309639323	TRUE	TRUE	0.0500000000000114	
43	5000	two_shared	EUR_matched	2	2	2	TRUE	TRUE	TRUE	1	0.921243128900941	0.916181426842934	FALSE	TRUE	0.0200000000000387	
43	5000	two_shared	EAS_substituted	2	2	2	FALSE	NA	NA	NA	NA	NA	NA	NA	2.62	susie_rss() did not converge in 1000 iterations. Try running with run_until_convergence=TRUE
43	5000	two_shared	AFR_substituted	2	2	2	TRUE	TRUE	TRUE	25	0.999999938873254	0.916181426842934	FALSE	TRUE	0.109999999999957	
43	5000	shared_plus_specific	EUR_matched	2	2	1	TRUE	TRUE	TRUE	2	0.864186218270615	0.774248650669298	FALSE	TRUE	0.0300000000000296	
43	5000	shared_plus_specific	EAS_substituted	2	2	1	TRUE	TRUE	TRUE	12	0.99996427963981	0.774248650669298	FALSE	TRUE	0.0799999999999841	
43	5000	shared_plus_specific	AFR_substituted	2	2	1	TRUE	TRUE	TRUE	25	0.999999959018937	0.774248650669298	FALSE	FALSE	1.11000000000001	
43	5000	distinct_only	EUR_matched	1	1	0	TRUE	TRUE	TRUE	3	0.0998498088507416	0.177567185350318	TRUE	TRUE	0.0600000000000023	
43	5000	distinct_only	EAS_substituted	1	1	0	TRUE	TRUE	TRUE	6	0.102514526201015	0.177567185350318	TRUE	TRUE	0.0699999999999932	
43	5000	distinct_only	AFR_substituted	1	1	0	TRUE	TRUE	TRUE	5	0.101974812751902	0.177567185350318	TRUE	TRUE	0.0300000000000296	
43	20000	one_shared	EUR_matched	1	1	1	TRUE	TRUE	TRUE	1	0.992836427760983	0.992863461742941	TRUE	TRUE	0.0299999999999727	
43	20000	one_shared	EAS_substituted	1	1	1	TRUE	TRUE	TRUE	25	0.99999999999855	0.992863461742941	FALSE	FALSE	0.850000000000023	
43	20000	one_shared	AFR_substituted	1	1	1	TRUE	TRUE	TRUE	25	1	0.992863461742941	FALSE	FALSE	0.089999999999975	
43	20000	two_shared	EUR_matched	2	2	2	TRUE	TRUE	TRUE	4	0.988854557129993	0.97052491630003	TRUE	TRUE	0.220000000000027	
43	20000	two_shared	EAS_substituted	2	2	2	FALSE	NA	NA	NA	NA	NA	NA	NA	2.85999999999996	susie_rss() did not converge in 1000 iterations. Try running with run_until_convergence=TRUE
43	20000	two_shared	AFR_substituted	2	2	2	TRUE	TRUE	TRUE	25	1	0.97052491630003	FALSE	FALSE	0.120000000000005	
43	20000	shared_plus_specific	EUR_matched	2	2	1	TRUE	TRUE	TRUE	4	0.994032388178051	7.8135975237755e-06	TRUE	TRUE	0.100000000000023	
43	20000	shared_plus_specific	EAS_substituted	2	2	1	FALSE	NA	NA	NA	NA	NA	NA	NA	2.69999999999999	susie_rss() did not converge in 1000 iterations. Try running with run_until_convergence=TRUE
43	20000	shared_plus_specific	AFR_substituted	2	2	1	TRUE	TRUE	TRUE	25	0.99140042960167	7.8135975237755e-06	FALSE	FALSE	0.0799999999999841	
43	20000	distinct_only	EUR_matched	1	1	0	TRUE	TRUE	TRUE	1	3.61496795583223e-06	2.69550710438338e-06	TRUE	TRUE	0.0200000000000387	
43	20000	distinct_only	EAS_substituted	1	1	0	TRUE	TRUE	TRUE	25	0.999943405106658	2.69550710438338e-06	FALSE	FALSE	2.52999999999997	
43	20000	distinct_only	AFR_substituted	1	1	0	TRUE	TRUE	TRUE	25	0.999982528636765	2.69550710438338e-06	FALSE	FALSE	1.12	
44	2000	one_shared	EUR_matched	1	1	1	TRUE	TRUE	TRUE	1	0.0155271240866143	0.00572967867046301	TRUE	TRUE	0.0300000000000296	
44	2000	one_shared	EAS_substituted	1	1	1	TRUE	TRUE	TRUE	5	0.00384534903345396	0.00572967867046301	TRUE	TRUE	0.0499999999999545	
44	2000	one_shared	AFR_substituted	1	1	1	TRUE	TRUE	TRUE	1	0.00139425394912185	0.00572967867046301	TRUE	TRUE	0.0300000000000296	
44	2000	two_shared	EUR_matched	2	2	2	TRUE	TRUE	TRUE	0	NA	4.0760686062886e-05	FALSE	FALSE	0.00999999999999091	
44	2000	two_shared	EAS_substituted	2	2	2	TRUE	TRUE	TRUE	0	NA	4.0760686062886e-05	FALSE	FALSE	0.0300000000000296	
44	2000	two_shared	AFR_substituted	2	2	2	TRUE	TRUE	TRUE	0	NA	4.0760686062886e-05	FALSE	FALSE	0.0199999999999818	
44	2000	shared_plus_specific	EUR_matched	2	2	1	TRUE	TRUE	TRUE	0	NA	0.0285587216087369	FALSE	FALSE	0.0500000000000114	
44	2000	shared_plus_specific	EAS_substituted	2	2	1	TRUE	TRUE	TRUE	0	NA	0.0285587216087369	FALSE	FALSE	0.0300000000000296	
44	2000	shared_plus_specific	AFR_substituted	2	2	1	TRUE	TRUE	TRUE	0	NA	0.0285587216087369	FALSE	TRUE	0.0499999999999545	
44	2000	distinct_only	EUR_matched	1	1	0	TRUE	TRUE	TRUE	1	0.128219462659891	0.064736111191094	FALSE	TRUE	0.0300000000000296	
44	2000	distinct_only	EAS_substituted	1	1	0	TRUE	TRUE	TRUE	8	0.0620333752955545	0.064736111191094	TRUE	TRUE	0.0500000000000114	
44	2000	distinct_only	AFR_substituted	1	1	0	TRUE	TRUE	TRUE	3	0.0941245984669211	0.064736111191094	TRUE	TRUE	0.0399999999999636	
44	5000	one_shared	EUR_matched	1	1	1	TRUE	TRUE	TRUE	1	0.917633633297995	0.867205067600324	TRUE	TRUE	0.0400000000000205	
44	5000	one_shared	EAS_substituted	1	1	1	TRUE	TRUE	TRUE	2	0.911563565294879	0.867205067600324	TRUE	TRUE	0.00999999999999091	
44	5000	one_shared	AFR_substituted	1	1	1	TRUE	TRUE	TRUE	4	0.282337916683049	0.867205067600324	TRUE	TRUE	0.0800000000000409	
44	5000	two_shared	EUR_matched	2	2	2	TRUE	TRUE	TRUE	9	0.00109081065321429	0.000286802313417812	TRUE	TRUE	0.0699999999999932	
44	5000	two_shared	EAS_substituted	2	2	2	TRUE	TRUE	TRUE	5	0.00112133481942228	0.000286802313417812	TRUE	TRUE	0.0999999999999659	
44	5000	two_shared	AFR_substituted	2	2	2	TRUE	TRUE	TRUE	1	0.00114147100707307	0.000286802313417812	TRUE	TRUE	0.0300000000000296	
44	5000	shared_plus_specific	EUR_matched	2	2	1	TRUE	TRUE	TRUE	2	0.946396083190806	0.928184853075304	FALSE	TRUE	0.0299999999999727	
44	5000	shared_plus_specific	EAS_substituted	2	2	1	TRUE	TRUE	TRUE	3	0.927798388510544	0.928184853075304	FALSE	FALSE	0.0600000000000023	
44	5000	shared_plus_specific	AFR_substituted	2	2	1	TRUE	TRUE	TRUE	10	0.475158889991597	0.928184853075304	TRUE	FALSE	0.0600000000000023	
44	5000	distinct_only	EUR_matched	1	1	0	TRUE	TRUE	TRUE	1	7.17052251998111e-07	4.47759623463988e-07	TRUE	TRUE	0.0400000000000205	
44	5000	distinct_only	EAS_substituted	1	1	0	TRUE	TRUE	TRUE	6	0.28993446664432	4.47759623463988e-07	TRUE	TRUE	0.0400000000000205	
44	5000	distinct_only	AFR_substituted	1	1	0	TRUE	TRUE	TRUE	25	0.256528963452572	4.47759623463988e-07	FALSE	TRUE	0.0699999999999932	
44	20000	one_shared	EUR_matched	1	1	1	TRUE	TRUE	TRUE	1	0.99897210204884	0.998974772680468	TRUE	TRUE	0.0199999999999818	
44	20000	one_shared	EAS_substituted	1	1	1	TRUE	TRUE	TRUE	20	0.999432450228519	0.998974772680468	FALSE	TRUE	1.34000000000003	
44	20000	one_shared	AFR_substituted	1	1	1	TRUE	TRUE	TRUE	25	0.999999999935071	0.998974772680468	TRUE	TRUE	0.0600000000000023	
44	20000	two_shared	EUR_matched	2	2	2	TRUE	TRUE	TRUE	6	0.103375803482359	0.98992135413955	TRUE	TRUE	0.0699999999999932	
44	20000	two_shared	EAS_substituted	2	2	2	TRUE	TRUE	TRUE	20	0.999863385515437	0.98992135413955	TRUE	FALSE	0.45999999999998	
44	20000	two_shared	AFR_substituted	2	2	2	TRUE	TRUE	TRUE	25	0.999115536383215	0.98992135413955	FALSE	FALSE	0.100000000000023	
44	20000	shared_plus_specific	EUR_matched	2	2	1	TRUE	TRUE	TRUE	6	0.154534612828311	0.000507844807822494	FALSE	TRUE	0.149999999999977	
44	20000	shared_plus_specific	EAS_substituted	2	2	1	TRUE	TRUE	TRUE	20	0.999995056229223	0.000507844807822494	FALSE	FALSE	0.110000000000014	
44	20000	shared_plus_specific	AFR_substituted	2	2	1	TRUE	TRUE	TRUE	25	0.994946200045099	0.000507844807822494	FALSE	FALSE	0.0500000000000114	
44	20000	distinct_only	EUR_matched	1	1	0	TRUE	TRUE	TRUE	1	7.49052872998373e-19	3.95285828469079e-19	TRUE	TRUE	0.0299999999999727	
44	20000	distinct_only	EAS_substituted	1	1	0	TRUE	TRUE	TRUE	8	0.997211285328527	3.95285828469079e-19	FALSE	TRUE	1.34000000000003	
44	20000	distinct_only	AFR_substituted	1	1	0	TRUE	TRUE	TRUE	25	0.014221373435025	3.95285828469079e-19	TRUE	FALSE	0.0500000000000114	
45	2000	one_shared	EUR_matched	1	1	1	TRUE	TRUE	TRUE	1	0.0031286549565648	0.000847076871780175	TRUE	TRUE	0.0299999999999727	
45	2000	one_shared	EAS_substituted	1	1	1	TRUE	TRUE	TRUE	2	0.0031261001168779	0.000847076871780175	TRUE	TRUE	0.0200000000000387	
45	2000	one_shared	AFR_substituted	1	1	1	TRUE	TRUE	TRUE	1	0.00109915316109403	0.000847076871780175	TRUE	TRUE	0.0299999999999727	
45	2000	two_shared	EUR_matched	2	2	2	TRUE	TRUE	TRUE	1	0.506956106871753	0.407509806738512	TRUE	TRUE	0.0300000000000296	
45	2000	two_shared	EAS_substituted	2	2	2	TRUE	TRUE	TRUE	1	0.506956106871753	0.407509806738512	TRUE	TRUE	0.0299999999999727	
45	2000	two_shared	AFR_substituted	2	2	2	TRUE	TRUE	TRUE	1	0.00356170958907706	0.407509806738512	TRUE	TRUE	0.0500000000000114	
45	2000	shared_plus_specific	EUR_matched	2	2	1	TRUE	TRUE	TRUE	0	NA	0.0229174725262532	TRUE	FALSE	0.0500000000000114	
45	2000	shared_plus_specific	EAS_substituted	2	2	1	TRUE	TRUE	TRUE	0	NA	0.0229174725262532	TRUE	FALSE	0.0399999999999636	
45	2000	shared_plus_specific	AFR_substituted	2	2	1	TRUE	TRUE	TRUE	0	NA	0.0229174725262532	TRUE	FALSE	0.0400000000000205	
45	2000	distinct_only	EUR_matched	1	1	0	TRUE	TRUE	TRUE	1	0.115742641251232	0.063810539892738	TRUE	TRUE	0.0199999999999818	
45	2000	distinct_only	EAS_substituted	1	1	0	TRUE	TRUE	TRUE	2	0.117088428464584	0.063810539892738	TRUE	TRUE	0.0300000000000296	
45	2000	distinct_only	AFR_substituted	1	1	0	TRUE	TRUE	TRUE	2	0.0685294281066516	0.063810539892738	TRUE	TRUE	0.0500000000000114	
45	5000	one_shared	EUR_matched	1	1	1	TRUE	TRUE	TRUE	1	0.975072780081818	0.974305770416785	TRUE	TRUE	0.0299999999999727	
45	5000	one_shared	EAS_substituted	1	1	1	TRUE	TRUE	TRUE	2	0.974651915290679	0.974305770416785	TRUE	TRUE	0.00999999999999091	
45	5000	one_shared	AFR_substituted	1	1	1	TRUE	TRUE	TRUE	25	0.97059614009345	0.974305770416785	TRUE	FALSE	1.02000000000004	
45	5000	two_shared	EUR_matched	2	2	2	TRUE	TRUE	TRUE	2	0.986825352488318	0.978763391704708	TRUE	FALSE	0.0600000000000023	
45	5000	two_shared	EAS_substituted	2	2	2	TRUE	TRUE	TRUE	8	0.850175377775918	0.978763391704708	FALSE	TRUE	0.0600000000000023	
45	5000	two_shared	AFR_substituted	2	2	2	TRUE	TRUE	TRUE	15	0.999850550924122	0.978763391704708	TRUE	TRUE	0.0499999999999545	
45	5000	shared_plus_specific	EUR_matched	2	2	1	TRUE	TRUE	TRUE	2	0.0502903742327409	0.0155334655596465	TRUE	FALSE	0.0300000000000296	
45	5000	shared_plus_specific	EAS_substituted	2	2	1	TRUE	TRUE	TRUE	3	0.0502191526079111	0.0155334655596465	FALSE	FALSE	0.0500000000000114	
45	5000	shared_plus_specific	AFR_substituted	2	2	1	TRUE	TRUE	TRUE	5	0.155981711552908	0.0155334655596465	FALSE	TRUE	0.0399999999999636	
45	5000	distinct_only	EUR_matched	1	1	0	TRUE	TRUE	TRUE	1	0.000248292950342045	0.000167894067038169	TRUE	TRUE	0.0400000000000205	
45	5000	distinct_only	EAS_substituted	1	1	0	TRUE	TRUE	TRUE	2	0.0325515889308042	0.000167894067038169	TRUE	TRUE	0.0299999999999727	
45	5000	distinct_only	AFR_substituted	1	1	0	TRUE	TRUE	TRUE	20	0.975637701785111	0.000167894067038169	TRUE	TRUE	0.0900000000000318	
45	20000	one_shared	EUR_matched	1	1	1	TRUE	TRUE	TRUE	1	0.993969539763224	0.993912285394316	TRUE	TRUE	0.0199999999999818	
45	20000	one_shared	EAS_substituted	1	1	1	TRUE	TRUE	TRUE	25	0.995226625009022	0.993912285394316	FALSE	TRUE	0.199999999999989	
45	20000	one_shared	AFR_substituted	1	1	1	TRUE	TRUE	TRUE	25	0.999767002141958	0.993912285394316	TRUE	FALSE	0.0600000000000023	
45	20000	two_shared	EUR_matched	2	2	2	TRUE	TRUE	TRUE	4	0.997361863750378	0.99612556398578	TRUE	TRUE	0.0399999999999636	
45	20000	two_shared	EAS_substituted	2	2	2	TRUE	TRUE	TRUE	25	0.999562316775695	0.99612556398578	FALSE	TRUE	0.610000000000014	
45	20000	two_shared	AFR_substituted	2	2	2	TRUE	TRUE	TRUE	25	1	0.99612556398578	FALSE	FALSE	0.0799999999999841	
45	20000	shared_plus_specific	EUR_matched	2	2	1	TRUE	TRUE	TRUE	2	0.0350650253600823	0.027581791907884	TRUE	FALSE	0.0500000000000114	
45	20000	shared_plus_specific	EAS_substituted	2	2	1	FALSE	NA	NA	NA	NA	NA	NA	NA	2.66000000000003	susie_rss() did not converge in 1000 iterations. Try running with run_until_convergence=TRUE
45	20000	shared_plus_specific	AFR_substituted	2	2	1	TRUE	TRUE	TRUE	25	0.998074566583813	0.027581791907884	FALSE	FALSE	0.0900000000000318	
45	20000	distinct_only	EUR_matched	1	1	0	TRUE	TRUE	TRUE	3	0.0801328917418757	2.29044858238969e-19	TRUE	TRUE	0.0499999999999545	
45	20000	distinct_only	EAS_substituted	1	1	0	TRUE	TRUE	TRUE	25	1	2.29044858238969e-19	FALSE	TRUE	2.37	
45	20000	distinct_only	AFR_substituted	1	1	0	TRUE	TRUE	TRUE	25	0.985336411403643	2.29044858238969e-19	FALSE	TRUE	0.159999999999968	
46	2000	one_shared	EUR_matched	1	1	1	TRUE	TRUE	TRUE	1	0.95419913687283	0.949817138142382	TRUE	TRUE	0.0400000000000773	
46	2000	one_shared	EAS_substituted	1	1	1	TRUE	TRUE	TRUE	1	0.95419913687283	0.949817138142382	TRUE	TRUE	0.0199999999999818	
46	2000	one_shared	AFR_substituted	1	1	1	TRUE	TRUE	TRUE	5	0.694311038982241	0.949817138142382	TRUE	TRUE	0.0499999999999545	
46	2000	two_shared	EUR_matched	2	2	2	TRUE	TRUE	TRUE	2	0.375283014757416	0.130241290281149	FALSE	FALSE	0.0399999999999636	
46	2000	two_shared	EAS_substituted	2	2	2	TRUE	TRUE	TRUE	4	0.323220503294773	0.130241290281149	TRUE	FALSE	0.100000000000023	
46	2000	two_shared	AFR_substituted	2	2	2	TRUE	TRUE	TRUE	12	0.607851722034091	0.130241290281149	TRUE	TRUE	0.0400000000000773	
46	2000	shared_plus_specific	EUR_matched	2	2	1	TRUE	TRUE	TRUE	6	0.0179842186903911	0.0762767248176959	TRUE	TRUE	0.0799999999999272	
46	2000	shared_plus_specific	EAS_substituted	2	2	1	TRUE	TRUE	TRUE	6	0.0265081469856962	0.0762767248176959	TRUE	TRUE	0.0500000000000682	
46	2000	shared_plus_specific	AFR_substituted	2	2	1	TRUE	TRUE	TRUE	3	0.00236217702044827	0.0762767248176959	TRUE	TRUE	0.0499999999999545	
46	2000	distinct_only	EUR_matched	1	1	0	TRUE	TRUE	TRUE	1	0.0817108410449296	0.0342815053455071	TRUE	TRUE	0.0299999999999727	
46	2000	distinct_only	EAS_substituted	1	1	0	TRUE	TRUE	TRUE	1	0.0817108410449296	0.0342815053455071	TRUE	TRUE	0.0299999999999727	
46	2000	distinct_only	AFR_substituted	1	1	0	TRUE	TRUE	TRUE	6	0.0124209180123111	0.0342815053455071	TRUE	TRUE	0.0500000000000682	
46	5000	one_shared	EUR_matched	1	1	1	TRUE	TRUE	TRUE	1	0.999365808854468	0.999425332884551	TRUE	TRUE	0.00999999999999091	
46	5000	one_shared	EAS_substituted	1	1	1	TRUE	TRUE	TRUE	3	0.99936092324521	0.999425332884551	TRUE	TRUE	0.0299999999999727	
46	5000	one_shared	AFR_substituted	1	1	1	TRUE	TRUE	TRUE	4	0.999618124737575	0.999425332884551	TRUE	TRUE	0.0500000000000682	
46	5000	two_shared	EUR_matched	2	2	2	TRUE	TRUE	TRUE	4	0.991489042097765	0.900012977615247	TRUE	TRUE	0.0599999999999454	
46	5000	two_shared	EAS_substituted	2	2	2	TRUE	TRUE	TRUE	4	0.985662100638806	0.900012977615247	FALSE	TRUE	0.0299999999999727	
46	5000	two_shared	AFR_substituted	2	2	2	TRUE	TRUE	TRUE	25	0.998937402665208	0.900012977615247	FALSE	FALSE	0.110000000000014	
46	5000	shared_plus_specific	EUR_matched	2	2	1	TRUE	TRUE	TRUE	4	0.589336863957287	0.849120133771935	TRUE	TRUE	0.0600000000000591	
46	5000	shared_plus_specific	EAS_substituted	2	2	1	TRUE	TRUE	TRUE	4	0.862607795731662	0.849120133771935	TRUE	TRUE	0.0699999999999363	
46	5000	shared_plus_specific	AFR_substituted	2	2	1	TRUE	TRUE	TRUE	15	0.986439468456529	0.849120133771935	TRUE	TRUE	0.0800000000000409	
46	5000	distinct_only	EUR_matched	1	1	0	TRUE	TRUE	TRUE	2	0.0803909017315422	1.80503307510217e-06	TRUE	TRUE	0.00999999999999091	
46	5000	distinct_only	EAS_substituted	1	1	0	TRUE	TRUE	TRUE	4	0.000428129795309236	1.80503307510217e-06	TRUE	FALSE	1.59000000000003	
46	5000	distinct_only	AFR_substituted	1	1	0	TRUE	TRUE	TRUE	6	0.107171001604726	1.80503307510217e-06	TRUE	TRUE	0.0499999999999545	
46	20000	one_shared	EUR_matched	1	1	1	TRUE	TRUE	TRUE	1	0.999999937287188	0.999999948317482	TRUE	TRUE	0.0299999999999727	
46	20000	one_shared	EAS_substituted	1	1	1	TRUE	TRUE	TRUE	15	0.999999936534495	0.999999948317482	TRUE	TRUE	0.0800000000000409	
46	20000	one_shared	AFR_substituted	1	1	1	TRUE	TRUE	TRUE	25	0.999999958098408	0.999999948317482	TRUE	TRUE	0.0599999999999454	
46	20000	two_shared	EUR_matched	2	2	2	TRUE	TRUE	TRUE	4	0.999984306584678	0.014114913103838	TRUE	TRUE	0.0500000000000682	
46	20000	two_shared	EAS_substituted	2	2	2	TRUE	TRUE	TRUE	25	1	0.014114913103838	FALSE	FALSE	2.52999999999997	
46	20000	two_shared	AFR_substituted	2	2	2	TRUE	TRUE	TRUE	25	0.99999972840221	0.014114913103838	FALSE	FALSE	0.0800000000000409	
46	20000	shared_plus_specific	EUR_matched	2	2	1	TRUE	TRUE	TRUE	4	0.999990110964167	0.000118332378150633	TRUE	TRUE	0.0499999999999545	
46	20000	shared_plus_specific	EAS_substituted	2	2	1	TRUE	TRUE	TRUE	15	0.999999307574553	0.000118332378150633	TRUE	TRUE	0.120000000000005	
46	20000	shared_plus_specific	AFR_substituted	2	2	1	TRUE	TRUE	TRUE	25	0.982704705645982	0.000118332378150633	FALSE	FALSE	0.0600000000000591	
46	20000	distinct_only	EUR_matched	1	1	0	TRUE	TRUE	TRUE	1	2.4621803993793e-18	1.34943037086128e-18	TRUE	TRUE	0.0399999999999636	
46	20000	distinct_only	EAS_substituted	1	1	0	TRUE	TRUE	TRUE	5	1.6616466464438e-07	1.34943037086128e-18	TRUE	FALSE	0.759999999999991	
46	20000	distinct_only	AFR_substituted	1	1	0	TRUE	TRUE	TRUE	25	0.36014616975432	1.34943037086128e-18	TRUE	FALSE	1.13999999999999	
47	2000	one_shared	EUR_matched	1	1	1	TRUE	TRUE	TRUE	2	0.15559543152103	0.183565863762945	TRUE	TRUE	0.0299999999999727	
47	2000	one_shared	EAS_substituted	1	1	1	TRUE	TRUE	TRUE	4	0.0814644475567565	0.183565863762945	TRUE	TRUE	0.0800000000000409	
47	2000	one_shared	AFR_substituted	1	1	1	TRUE	TRUE	TRUE	4	0.226147886386101	0.183565863762945	TRUE	TRUE	0.0599999999999454	
47	2000	two_shared	EUR_matched	2	2	2	TRUE	TRUE	TRUE	1	0.0262293886046597	0.00796135233191316	TRUE	FALSE	0.0300000000000864	
47	2000	two_shared	EAS_substituted	2	2	2	TRUE	TRUE	TRUE	1	0.0262293886046597	0.00796135233191316	TRUE	FALSE	0.0199999999999818	
47	2000	two_shared	AFR_substituted	2	2	2	TRUE	TRUE	TRUE	2	0.00131148518202175	0.00796135233191316	TRUE	TRUE	0.0499999999999545	
47	2000	shared_plus_specific	EUR_matched	2	2	1	TRUE	TRUE	TRUE	1	0.00973807639462305	0.0026510037039183	FALSE	TRUE	0.0199999999999818	
47	2000	shared_plus_specific	EAS_substituted	2	2	1	TRUE	TRUE	TRUE	1	0.00973807639462305	0.0026510037039183	FALSE	TRUE	0.0300000000000864	
47	2000	shared_plus_specific	AFR_substituted	2	2	1	TRUE	TRUE	TRUE	2	0.00125272281235526	0.0026510037039183	TRUE	TRUE	0.0499999999999545	
47	2000	distinct_only	EUR_matched	1	1	0	TRUE	TRUE	TRUE	0	NA	0.0191599565866022	FALSE	TRUE	0.0299999999999727	
47	2000	distinct_only	EAS_substituted	1	1	0	TRUE	TRUE	TRUE	0	NA	0.0191599565866022	FALSE	TRUE	0.0300000000000864	
47	2000	distinct_only	AFR_substituted	1	1	0	TRUE	TRUE	TRUE	0	NA	0.0191599565866022	FALSE	FALSE	0.0499999999999545	
47	5000	one_shared	EUR_matched	1	1	1	TRUE	TRUE	TRUE	1	0.994719780815446	0.99333422550574	TRUE	TRUE	0.0299999999999727	
47	5000	one_shared	EAS_substituted	1	1	1	TRUE	TRUE	TRUE	8	0.998821188554209	0.99333422550574	TRUE	TRUE	0.0800000000000409	
47	5000	one_shared	AFR_substituted	1	1	1	TRUE	TRUE	TRUE	15	0.996510054404015	0.99333422550574	TRUE	TRUE	0.0599999999999454	
47	5000	two_shared	EUR_matched	2	2	2	TRUE	TRUE	TRUE	4	0.965604051104778	0.962445199057145	TRUE	FALSE	0.0300000000000864	
47	5000	two_shared	EAS_substituted	2	2	2	TRUE	TRUE	TRUE	12	0.963910138147087	0.962445199057145	TRUE	TRUE	0.0299999999999727	
47	5000	two_shared	AFR_substituted	2	2	2	TRUE	TRUE	TRUE	6	0.0694432314464463	0.962445199057145	TRUE	TRUE	0.0799999999999272	
47	5000	shared_plus_specific	EUR_matched	2	2	1	TRUE	TRUE	TRUE	1	0.647489276307713	0.455818935306437	FALSE	FALSE	0.0100000000001046	
47	5000	shared_plus_specific	EAS_substituted	2	2	1	TRUE	TRUE	TRUE	1	0.647489276307713	0.455818935306437	FALSE	FALSE	0.0399999999999636	
47	5000	shared_plus_specific	AFR_substituted	2	2	1	TRUE	TRUE	TRUE	4	0.0054679870455564	0.455818935306437	TRUE	TRUE	0.0599999999999454	
47	5000	distinct_only	EUR_matched	1	1	0	TRUE	TRUE	TRUE	1	0.143313003413704	0.0791628341056322	TRUE	TRUE	0.0300000000000864	
47	5000	distinct_only	EAS_substituted	1	1	0	TRUE	TRUE	TRUE	8	0.961421306911644	0.0791628341056322	FALSE	TRUE	1.33999999999992	
47	5000	distinct_only	AFR_substituted	1	1	0	TRUE	TRUE	TRUE	15	0.135257240921018	0.0791628341056322	TRUE	TRUE	0.0800000000000409	
47	20000	one_shared	EUR_matched	1	1	1	TRUE	TRUE	TRUE	1	0.998742102988912	0.998731469836873	TRUE	TRUE	0.0199999999999818	
47	20000	one_shared	EAS_substituted	1	1	1	TRUE	TRUE	TRUE	25	0.999000999753227	0.998731469836873	FALSE	FALSE	1.43000000000006	
47	20000	one_shared	AFR_substituted	1	1	1	TRUE	TRUE	TRUE	25	1	0.998731469836873	TRUE	TRUE	0.0799999999999272	
47	20000	two_shared	EUR_matched	2	2	2	TRUE	TRUE	TRUE	4	0.984666192109627	0.984608699737768	FALSE	FALSE	0.0500000000000682	
47	20000	two_shared	EAS_substituted	2	2	2	TRUE	TRUE	TRUE	25	1	0.984608699737768	FALSE	FALSE	1.27999999999997	
47	20000	two_shared	AFR_substituted	2	2	2	TRUE	TRUE	TRUE	25	0.999979845374233	0.984608699737768	FALSE	FALSE	0.0900000000000318	
47	20000	shared_plus_specific	EUR_matched	2	2	1	TRUE	TRUE	TRUE	9	0.981889966671298	0.971677339838663	TRUE	FALSE	0.0699999999999363	
47	20000	shared_plus_specific	EAS_substituted	2	2	1	TRUE	TRUE	TRUE	20	0.926735476901925	0.971677339838663	FALSE	TRUE	2.34000000000003	
47	20000	shared_plus_specific	AFR_substituted	2	2	1	TRUE	TRUE	TRUE	25	0.999342190986404	0.971677339838663	FALSE	TRUE	1.36000000000001	
47	20000	distinct_only	EUR_matched	1	1	0	TRUE	TRUE	TRUE	2	0.0915692146690489	4.9022217460342e-20	TRUE	TRUE	0.0299999999999727	
47	20000	distinct_only	EAS_substituted	1	1	0	TRUE	TRUE	TRUE	25	0.994397592853545	4.9022217460342e-20	FALSE	TRUE	0.919999999999959	
47	20000	distinct_only	AFR_substituted	1	1	0	TRUE	TRUE	TRUE	25	0.357781301506874	4.9022217460342e-20	TRUE	FALSE	0.07000000000005	
48	2000	one_shared	EUR_matched	1	1	1	TRUE	TRUE	TRUE	1	0.34444162438887	0.238295461474908	TRUE	TRUE	0.00999999999999091	
48	2000	one_shared	EAS_substituted	1	1	1	TRUE	TRUE	TRUE	1	0.34444162438887	0.238295461474908	TRUE	TRUE	0.0299999999999727	
48	2000	one_shared	AFR_substituted	1	1	1	TRUE	TRUE	TRUE	10	0.0496738494535625	0.238295461474908	TRUE	TRUE	0.0600000000000591	
48	2000	two_shared	EUR_matched	2	2	2	TRUE	TRUE	TRUE	1	0.0304911680154088	0.0132422630562813	TRUE	TRUE	0.0199999999999818	
48	2000	two_shared	EAS_substituted	2	2	2	TRUE	TRUE	TRUE	2	0.0274422387829904	0.0132422630562813	TRUE	TRUE	0.0499999999999545	
48	2000	two_shared	AFR_substituted	2	2	2	TRUE	TRUE	TRUE	4	0.00553401840142078	0.0132422630562813	TRUE	TRUE	0.0400000000000773	
48	2000	shared_plus_specific	EUR_matched	2	2	1	TRUE	TRUE	TRUE	1	0.963340523761816	0.962378397660282	FALSE	TRUE	0.0199999999999818	
48	2000	shared_plus_specific	EAS_substituted	2	2	1	TRUE	TRUE	TRUE	2	0.964560123914524	0.962378397660282	TRUE	TRUE	0.0499999999999545	
48	2000	shared_plus_specific	AFR_substituted	2	2	1	TRUE	TRUE	TRUE	6	0.100739405115321	0.962378397660282	TRUE	TRUE	0.0600000000000591	
48	2000	distinct_only	EUR_matched	1	1	0	TRUE	TRUE	TRUE	0	NA	0.0116501454676965	FALSE	TRUE	0.0299999999999727	
48	2000	distinct_only	EAS_substituted	1	1	0	TRUE	TRUE	TRUE	0	NA	0.0116501454676965	FALSE	TRUE	0.0199999999999818	
48	2000	distinct_only	AFR_substituted	1	1	0	TRUE	TRUE	TRUE	0	NA	0.0116501454676965	FALSE	TRUE	0.0299999999999727	
48	5000	one_shared	EUR_matched	1	1	1	TRUE	TRUE	TRUE	1	0.936604766844811	0.906565311424578	TRUE	TRUE	0.0299999999999727	
48	5000	one_shared	EAS_substituted	1	1	1	TRUE	TRUE	TRUE	1	0.936604766844811	0.906565311424578	TRUE	TRUE	0.0300000000000864	
48	5000	one_shared	AFR_substituted	1	1	1	TRUE	TRUE	TRUE	6	0.176053747006363	0.906565311424578	TRUE	TRUE	0.0499999999999545	
48	5000	two_shared	EUR_matched	2	2	2	TRUE	TRUE	TRUE	2	0.758796529687066	0.906083629163269	TRUE	FALSE	0.0399999999999636	
48	5000	two_shared	EAS_substituted	2	2	2	TRUE	TRUE	TRUE	4	0.864608998565711	0.906083629163269	TRUE	TRUE	0.0500000000000682	
48	5000	two_shared	AFR_substituted	2	2	2	TRUE	TRUE	TRUE	16	0.892057353113661	0.906083629163269	TRUE	TRUE	0.0499999999999545	
48	5000	shared_plus_specific	EUR_matched	2	2	1	TRUE	TRUE	TRUE	2	0.969185896224249	0.96951711263544	TRUE	TRUE	0.0299999999999727	
48	5000	shared_plus_specific	EAS_substituted	2	2	1	TRUE	TRUE	TRUE	6	0.995001141290917	0.96951711263544	TRUE	FALSE	0.120000000000005	
48	5000	shared_plus_specific	AFR_substituted	2	2	1	TRUE	TRUE	TRUE	25	0.999304504992746	0.96951711263544	FALSE	TRUE	0.0800000000000409	
48	5000	distinct_only	EUR_matched	1	1	0	TRUE	TRUE	TRUE	2	0.0723498651847478	0.00586009982766525	TRUE	TRUE	0.0299999999999727	
48	5000	distinct_only	EAS_substituted	1	1	0	TRUE	TRUE	TRUE	1	0.00997582005049662	0.00586009982766525	TRUE	TRUE	0.0300000000000864	
48	5000	distinct_only	AFR_substituted	1	1	0	TRUE	TRUE	TRUE	10	0.0672469967761905	0.00586009982766525	TRUE	TRUE	0.0499999999999545	
48	20000	one_shared	EUR_matched	1	1	1	TRUE	TRUE	TRUE	1	0.996879871020085	0.996896518621596	TRUE	TRUE	0.0199999999999818	
48	20000	one_shared	EAS_substituted	1	1	1	TRUE	TRUE	TRUE	25	0.999999831515211	0.996896518621596	TRUE	TRUE	0.730000000000018	
48	20000	one_shared	AFR_substituted	1	1	1	TRUE	TRUE	TRUE	25	1	0.996896518621596	FALSE	FALSE	0.0900000000000318	
48	20000	two_shared	EUR_matched	2	2	2	TRUE	TRUE	TRUE	6	0.995662775263451	0.995426146709779	TRUE	TRUE	0.0499999999999545	
48	20000	two_shared	EAS_substituted	2	2	2	TRUE	TRUE	TRUE	25	0.999999963422397	0.995426146709779	TRUE	FALSE	0.360000000000014	
48	20000	two_shared	AFR_substituted	2	2	2	TRUE	TRUE	TRUE	25	0.999999999436952	0.995426146709779	FALSE	FALSE	0.0499999999999545	
48	20000	shared_plus_specific	EUR_matched	2	2	1	TRUE	TRUE	TRUE	4	0.977429044553874	5.66848883789099e-08	TRUE	TRUE	0.0400000000000773	
48	20000	shared_plus_specific	EAS_substituted	2	2	1	FALSE	NA	NA	NA	NA	NA	NA	NA	2.75	susie_rss() did not converge in 1000 iterations. Try running with run_until_convergence=TRUE
48	20000	shared_plus_specific	AFR_substituted	2	2	1	TRUE	TRUE	TRUE	25	0.999999999999986	5.66848883789099e-08	FALSE	FALSE	0.129999999999995	
48	20000	distinct_only	EUR_matched	1	1	0	TRUE	TRUE	TRUE	1	8.97348659394384e-21	4.63395735599209e-21	TRUE	TRUE	0.0299999999999727	
48	20000	distinct_only	EAS_substituted	1	1	0	FALSE	NA	NA	NA	NA	NA	NA	NA	2.76999999999998	susie_rss() did not converge in 1000 iterations. Try running with run_until_convergence=TRUE
48	20000	distinct_only	AFR_substituted	1	1	0	TRUE	TRUE	TRUE	25	0.999994526217083	4.63395735599209e-21	FALSE	TRUE	0.110000000000014	
49	2000	one_shared	EUR_matched	1	1	1	TRUE	TRUE	TRUE	4	0.67497636286999	0.607089917899239	TRUE	TRUE	0.0299999999999727	
49	2000	one_shared	EAS_substituted	1	1	1	TRUE	TRUE	TRUE	3	0.650361129546297	0.607089917899239	TRUE	TRUE	0.0400000000000773	
49	2000	one_shared	AFR_substituted	1	1	1	TRUE	TRUE	TRUE	2	0.673872610484948	0.607089917899239	TRUE	TRUE	0.0399999999999636	
49	2000	two_shared	EUR_matched	2	2	2	TRUE	TRUE	TRUE	4	0.00853795348109	0.0100013651389799	TRUE	TRUE	0.0399999999999636	
49	2000	two_shared	EAS_substituted	2	2	2	TRUE	TRUE	TRUE	6	0.00848444562930474	0.0100013651389799	TRUE	TRUE	0.0500000000000682	
49	2000	two_shared	AFR_substituted	2	2	2	TRUE	TRUE	TRUE	3	0.0463761818574246	0.0100013651389799	TRUE	TRUE	0.0599999999999454	
49	2000	shared_plus_specific	EUR_matched	2	2	1	TRUE	TRUE	TRUE	0	NA	4.27859392761103e-05	FALSE	FALSE	0.0199999999999818	
49	2000	shared_plus_specific	EAS_substituted	2	2	1	TRUE	TRUE	TRUE	0	NA	4.27859392761103e-05	FALSE	FALSE	0.0299999999999727	
49	2000	shared_plus_specific	AFR_substituted	2	2	1	TRUE	TRUE	TRUE	0	NA	4.27859392761103e-05	FALSE	FALSE	0.0300000000000864	
49	2000	distinct_only	EUR_matched	1	1	0	TRUE	TRUE	TRUE	1	0.0686826026942025	0.0464324230619234	TRUE	TRUE	0.0199999999999818	
49	2000	distinct_only	EAS_substituted	1	1	0	TRUE	TRUE	TRUE	1	0.0686826026942025	0.0464324230619234	TRUE	TRUE	0.0199999999999818	
49	2000	distinct_only	AFR_substituted	1	1	0	TRUE	TRUE	TRUE	4	0.107644873698639	0.0464324230619234	TRUE	TRUE	0.0399999999999636	
49	5000	one_shared	EUR_matched	1	1	1	TRUE	TRUE	TRUE	3	0.775171626749919	0.65128803916268	TRUE	TRUE	0.0300000000000864	
49	5000	one_shared	EAS_substituted	1	1	1	TRUE	TRUE	TRUE	2	0.774064297707409	0.65128803916268	TRUE	TRUE	0.0399999999999636	
49	5000	one_shared	AFR_substituted	1	1	1	TRUE	TRUE	TRUE	6	0.774846022575227	0.65128803916268	TRUE	TRUE	0.0299999999999727	
49	5000	two_shared	EUR_matched	2	2	2	TRUE	TRUE	TRUE	4	0.720461768037343	0.936392554000908	TRUE	TRUE	0.0400000000000773	
49	5000	two_shared	EAS_substituted	2	2	2	TRUE	TRUE	TRUE	4	0.858199908670816	0.936392554000908	TRUE	TRUE	0.0699999999999363	
49	5000	two_shared	AFR_substituted	2	2	2	TRUE	TRUE	TRUE	20	0.996437786638885	0.936392554000908	TRUE	TRUE	0.0399999999999636	
49	5000	shared_plus_specific	EUR_matched	2	2	1	TRUE	TRUE	TRUE	4	0.939866232777261	0.286349569786107	TRUE	TRUE	0.07000000000005	
49	5000	shared_plus_specific	EAS_substituted	2	2	1	TRUE	TRUE	TRUE	6	0.905175555124067	0.286349569786107	TRUE	TRUE	0.0399999999999636	
49	5000	shared_plus_specific	AFR_substituted	2	2	1	TRUE	TRUE	TRUE	15	0.976475284015181	0.286349569786107	TRUE	TRUE	0.07000000000005	
49	5000	distinct_only	EUR_matched	1	1	0	TRUE	TRUE	TRUE	1	1.30510714085647e-05	8.29594201155195e-06	TRUE	TRUE	0.0299999999999727	
49	5000	distinct_only	EAS_substituted	1	1	0	TRUE	TRUE	TRUE	3	0.0897771614606116	8.29594201155195e-06	TRUE	TRUE	0.00999999999999091	
49	5000	distinct_only	AFR_substituted	1	1	0	TRUE	TRUE	TRUE	8	0.105349068910375	8.29594201155195e-06	TRUE	TRUE	0.0500000000000682	
49	20000	one_shared	EUR_matched	1	1	1	TRUE	TRUE	TRUE	2	0.999000998902932	0.999000998900803	TRUE	TRUE	0.0399999999999636	
49	20000	one_shared	EAS_substituted	1	1	1	TRUE	TRUE	TRUE	20	1	0.999000998900803	TRUE	TRUE	0.610000000000014	
49	20000	one_shared	AFR_substituted	1	1	1	TRUE	TRUE	TRUE	25	0.999058282503068	0.999000998900803	TRUE	TRUE	0.0599999999999454	
49	20000	two_shared	EUR_matched	2	2	2	TRUE	TRUE	TRUE	6	0.999000302920808	0.0245249785908999	TRUE	TRUE	0.0400000000000773	
49	20000	two_shared	EAS_substituted	2	2	2	TRUE	TRUE	TRUE	25	0.999133471848519	0.0245249785908999	TRUE	FALSE	0.939999999999941	
49	20000	two_shared	AFR_substituted	2	2	2	TRUE	TRUE	TRUE	25	0.99951732757083	0.0245249785908999	TRUE	TRUE	0.0600000000000591	
49	20000	shared_plus_specific	EUR_matched	2	2	1	TRUE	TRUE	TRUE	4	0.999000990402903	0.000173713763564398	TRUE	TRUE	0.0299999999999727	
49	20000	shared_plus_specific	EAS_substituted	2	2	1	TRUE	TRUE	TRUE	16	0.999142644222625	0.000173713763564398	TRUE	TRUE	0.0800000000000409	
49	20000	shared_plus_specific	AFR_substituted	2	2	1	TRUE	TRUE	TRUE	25	0.998884409633866	0.000173713763564398	FALSE	FALSE	1.16999999999996	
49	20000	distinct_only	EUR_matched	1	1	0	TRUE	TRUE	TRUE	1	3.90749958601879e-14	2.29759089208186e-14	TRUE	TRUE	0.00999999999999091	
49	20000	distinct_only	EAS_substituted	1	1	0	TRUE	TRUE	TRUE	3	0.000106690133996467	2.29759089208186e-14	TRUE	TRUE	0.07000000000005	
49	20000	distinct_only	AFR_substituted	1	1	0	TRUE	TRUE	TRUE	10	0.175938679774248	2.29759089208186e-14	TRUE	FALSE	1.06999999999994	
50	2000	one_shared	EUR_matched	1	1	1	TRUE	TRUE	TRUE	1	0.0182638040454855	0.00674122611383563	TRUE	TRUE	0.0300000000000864	
50	2000	one_shared	EAS_substituted	1	1	1	TRUE	TRUE	TRUE	3	0.00221776744649115	0.00674122611383563	TRUE	TRUE	0.0699999999999363	
50	2000	one_shared	AFR_substituted	1	1	1	TRUE	TRUE	TRUE	1	0.00150603137205366	0.00674122611383563	TRUE	TRUE	0.0299999999999727	
50	2000	two_shared	EUR_matched	2	2	2	TRUE	TRUE	TRUE	3	0.00570936868492167	0.0143230833987967	FALSE	TRUE	0.0600000000000591	
50	2000	two_shared	EAS_substituted	2	2	2	TRUE	TRUE	TRUE	3	0.00588752823085347	0.0143230833987967	FALSE	TRUE	0.0599999999999454	
50	2000	two_shared	AFR_substituted	2	2	2	TRUE	TRUE	TRUE	2	0.0015743689953789	0.0143230833987967	TRUE	TRUE	0.0500000000000682	
50	2000	shared_plus_specific	EUR_matched	2	2	1	TRUE	TRUE	TRUE	2	0.0259260387093309	0.0122192471926915	TRUE	TRUE	0.0299999999999727	
50	2000	shared_plus_specific	EAS_substituted	2	2	1	TRUE	TRUE	TRUE	2	0.0342003514690269	0.0122192471926915	TRUE	TRUE	0.0499999999999545	
50	2000	shared_plus_specific	AFR_substituted	2	2	1	TRUE	TRUE	TRUE	3	0.0254047617217658	0.0122192471926915	TRUE	TRUE	0.0300000000000864	
50	2000	distinct_only	EUR_matched	1	1	0	TRUE	TRUE	TRUE	1	0.0226647961338117	0.00972537205553745	TRUE	TRUE	0.0299999999999727	
50	2000	distinct_only	EAS_substituted	1	1	0	TRUE	TRUE	TRUE	4	0.0144657699095816	0.00972537205553745	TRUE	TRUE	0.0599999999999454	
50	2000	distinct_only	AFR_substituted	1	1	0	TRUE	TRUE	TRUE	2	0.00454309232641014	0.00972537205553745	TRUE	TRUE	0.0500000000000682	
50	5000	one_shared	EUR_matched	1	1	1	TRUE	TRUE	TRUE	1	0.998367123571079	0.998354226728828	TRUE	TRUE	0.0299999999999727	
50	5000	one_shared	EAS_substituted	1	1	1	FALSE	NA	NA	NA	NA	NA	NA	NA	3.06000000000006	susie_rss() did not converge in 1000 iterations. Try running with run_until_convergence=TRUE
50	5000	one_shared	AFR_substituted	1	1	1	TRUE	TRUE	TRUE	16	0.99998782321547	0.998354226728828	TRUE	TRUE	0.0799999999999272	
50	5000	two_shared	EUR_matched	2	2	2	TRUE	TRUE	TRUE	1	0.480302710528841	0.38255318247468	FALSE	FALSE	0.0299999999999727	
50	5000	two_shared	EAS_substituted	2	2	2	TRUE	TRUE	TRUE	1	0.480302710528841	0.38255318247468	FALSE	FALSE	0.0300000000000864	
50	5000	two_shared	AFR_substituted	2	2	2	TRUE	TRUE	TRUE	12	0.115681224221263	0.38255318247468	TRUE	TRUE	0.0499999999999545	
50	5000	shared_plus_specific	EUR_matched	2	2	1	TRUE	TRUE	TRUE	1	0.00626045769254081	0.000897783485218544	TRUE	TRUE	0.00999999999999091	
50	5000	shared_plus_specific	EAS_substituted	2	2	1	TRUE	TRUE	TRUE	1	0.00626045769254081	0.000897783485218544	TRUE	TRUE	0.0300000000000864	
50	5000	shared_plus_specific	AFR_substituted	2	2	1	TRUE	TRUE	TRUE	1	0.00111831332440413	0.000897783485218544	TRUE	TRUE	0.0499999999999545	
50	5000	distinct_only	EUR_matched	1	1	0	TRUE	TRUE	TRUE	2	0.103359390572603	0.0968539864567737	FALSE	TRUE	0.0299999999999727	
50	5000	distinct_only	EAS_substituted	1	1	0	TRUE	TRUE	TRUE	8	0.12450688911822	0.0968539864567737	TRUE	TRUE	0.0500000000000682	
50	5000	distinct_only	AFR_substituted	1	1	0	TRUE	TRUE	TRUE	20	0.357671291898169	0.0968539864567737	TRUE	TRUE	0.0599999999999454	
50	20000	one_shared	EUR_matched	1	1	1	TRUE	TRUE	TRUE	2	0.999972482763028	0.999931362855665	TRUE	TRUE	0.0499999999999545	
50	20000	one_shared	EAS_substituted	1	1	1	TRUE	TRUE	TRUE	15	0.999800329592046	0.999931362855665	TRUE	TRUE	2.70000000000005	
50	20000	one_shared	AFR_substituted	1	1	1	TRUE	TRUE	TRUE	25	0.999306366104335	0.999931362855665	FALSE	TRUE	0.0499999999999545	
50	20000	two_shared	EUR_matched	2	2	2	TRUE	TRUE	TRUE	6	0.883268130230829	0.758157442456595	TRUE	TRUE	0.0800000000000409	
50	20000	two_shared	EAS_substituted	2	2	2	FALSE	NA	NA	NA	NA	NA	NA	NA	2.88999999999999	susie_rss() did not converge in 1000 iterations. Try running with run_until_convergence=TRUE
50	20000	two_shared	AFR_substituted	2	2	2	TRUE	TRUE	TRUE	20	0.985344150428421	0.758157442456595	TRUE	TRUE	0.0900000000000318	
50	20000	shared_plus_specific	EUR_matched	2	2	1	TRUE	TRUE	TRUE	4	0.999940366162398	0.592109628654069	TRUE	TRUE	0.0599999999999454	
50	20000	shared_plus_specific	EAS_substituted	2	2	1	TRUE	TRUE	TRUE	10	0.979328230863631	0.592109628654069	TRUE	TRUE	0.470000000000027	
50	20000	shared_plus_specific	AFR_substituted	2	2	1	TRUE	TRUE	TRUE	20	0.994282124520045	0.592109628654069	TRUE	TRUE	0.0600000000000591	
50	20000	distinct_only	EUR_matched	1	1	0	TRUE	TRUE	TRUE	2	0.182495455223507	6.47997649326581e-23	TRUE	TRUE	0.0799999999999272	
50	20000	distinct_only	EAS_substituted	1	1	0	TRUE	TRUE	TRUE	25	0.221020974710878	6.47997649326581e-23	TRUE	TRUE	2.6400000000001	
50	20000	distinct_only	AFR_substituted	1	1	0	TRUE	TRUE	TRUE	25	0.99999998162356	6.47997649326581e-23	FALSE	FALSE	0.0599999999999454	
