replicate	data_panel	fit_panel	architecture	sample_size	label	true_class	prob_valid	baseline_prob_valid	prob_order_mismatch	baseline_prob_order_mismatch	prob_sign_corruption	baseline_prob_sign_corruption	prob_ld_mismatch	baseline_prob_ld_mismatch
20001	SAS	SAS	shared_plus_specific	2000	valid	0	0.29182163	0.93002945	2.68204e-07	1.2323675e-09	6.771286e-05	0.008758345	0.7081104	0.061212238
20001	SAS	SAS	shared_plus_specific	2000	order_mismatch	1	8.962955e-07	0.00027562925	0.9999571	0.9983145	3.583598e-05	0.0013664399	6.206597e-06	4.3480642e-05
20001	SAS	SAS	shared_plus_specific	2000	sign_corruption	2	0.00051836827	0.054799743	0.00051125063	0.000116236864	0.98351073	0.93306273	0.015459607	0.012021295
20001	SAS	AMR	shared_plus_specific	2000	ld_mismatch	3	0.5947136	0.90387994	4.6067782e-08	4.8571294e-09	2.6174821e-05	0.017904446	0.40526018	0.07821559
20001	SAS	SAS	shared_plus_specific	20000	valid	0	0.96478623	0.93290824	1.0089242e-08	7.6589984e-11	4.020057e-06	0.0011415246	0.035209727	0.06595033
20001	SAS	SAS	shared_plus_specific	20000	order_mismatch	1	1.4343799e-06	0.00018691167	0.99996823	0.9996489	2.857115e-05	0.00013430236	1.8472028e-06	2.9892664e-05
20001	SAS	SAS	shared_plus_specific	20000	sign_corruption	2	6.593593e-05	0.025635865	8.76727e-05	0.002553925	0.999749	0.95926493	9.743244e-05	0.012545236
20001	SAS	AMR	shared_plus_specific	20000	ld_mismatch	3	0.9968264	0.890806	4.0858774e-09	5.141955e-10	2.1654384e-06	0.0073981383	0.0031714651	0.10179593
20001	SAS	SAS	distinct_only	2000	valid	0	0.98038524	0.9270327	3.7150173e-07	2.9247307e-09	0.00012572673	0.008896934	0.01948872	0.06407042
20001	SAS	SAS	distinct_only	2000	order_mismatch	1	9.777648e-07	0.00041091707	0.9998297	0.9978775	1.2439798e-05	0.0015977264	0.00015693967	0.00011394031
20001	SAS	SAS	distinct_only	2000	sign_corruption	2	5.318197e-05	0.08553028	7.352567e-05	0.00088691193	0.9998362	0.8921014	3.707952e-05	0.021481434
20001	SAS	AMR	distinct_only	2000	ld_mismatch	3	0.7415338	0.89316124	1.975889e-06	1.02046455e-10	0.00044376147	0.0046380046	0.25802043	0.1022008
20001	SAS	SAS	distinct_only	20000	valid	0	0.97486955	0.7908028	3.7255913e-07	1.907629e-07	6.957725e-05	0.17031865	0.025060466	0.038878426
20001	SAS	SAS	distinct_only	20000	order_mismatch	1	3.873691e-06	0.0028794107	0.9998773	0.9316986	8.750897e-05	0.064569965	3.1305808e-05	0.00085197325
20001	SAS	SAS	distinct_only	20000	sign_corruption	2	0.00018030917	0.012061243	9.5178024e-05	0.004406019	0.999619	0.98203444	0.000105454856	0.00149829
20001	SAS	AMR	distinct_only	20000	ld_mismatch	3	0.7905213	0.9157053	2.0201413e-05	2.2211055e-09	0.018288175	0.026006741	0.19117033	0.05828793
20001	AMR	AMR	shared_plus_specific	2000	valid	0	0.993228	0.31561324	2.9989562e-06	9.26074e-06	0.0002774475	0.09048343	0.006491544	0.593894
20001	AMR	AMR	shared_plus_specific	2000	order_mismatch	1	0.00023530032	0.0060615544	0.9938752	0.92191494	0.0050100246	0.06945534	0.0008794276	0.0025681197
20001	AMR	AMR	shared_plus_specific	2000	sign_corruption	2	1.8706589e-05	0.09639807	0.00016625522	0.008091874	0.9997761	0.7967903	3.891707e-05	0.0987198
20001	AMR	SAS	shared_plus_specific	2000	ld_mismatch	3	0.42509708	0.31540284	1.4666407e-06	9.599276e-06	0.000205071	0.07987241	0.5746964	0.60471517
20001	AMR	AMR	shared_plus_specific	20000	valid	0	0.998961	0.85418487	7.1817503e-09	1.6252974e-05	1.3576506e-06	0.05612172	0.0010376517	0.08967712
20001	AMR	AMR	shared_plus_specific	20000	order_mismatch	1	2.3049814e-05	0.00013010959	0.99987006	0.998933	7.7995195e-05	0.000905424	2.8940898e-05	3.1459476e-05
20001	AMR	AMR	shared_plus_specific	20000	sign_corruption	2	6.0679977e-05	0.0007743622	7.036676e-05	0.058192104	0.99973303	0.9407695	0.00013587151	0.0002641605
20001	AMR	SAS	shared_plus_specific	20000	ld_mismatch	3	0.826719	0.8896358	4.997419e-07	3.4328223e-05	1.579277e-05	0.026123652	0.17326473	0.08420621
20001	AMR	AMR	distinct_only	2000	valid	0	0.67110234	0.55737656	2.2249107e-05	2.765974e-05	0.00032195295	0.43718874	0.3285535	0.0054070465
20001	AMR	AMR	distinct_only	2000	order_mismatch	1	0.00022307925	0.00052479433	0.99166465	0.79274505	0.008086953	0.20656548	2.5355394e-05	0.00016465534
20001	AMR	AMR	distinct_only	2000	sign_corruption	2	0.33293888	0.01784087	0.0025105125	0.009831328	0.65324354	0.9719329	0.011307103	0.00039482498
20001	AMR	SAS	distinct_only	2000	ld_mismatch	3	0.7206698	0.46413466	0.00015861221	0.0010047938	0.0012811756	0.5283237	0.27789032	0.006536787
20001	AMR	AMR	distinct_only	20000	valid	0	0.94143057	0.94545746	1.3988082e-05	1.9701712e-08	0.00081507256	0.039835528	0.057740405	0.01470707
20001	AMR	AMR	distinct_only	20000	order_mismatch	1	0.00016520389	0.0016150967	0.9980406	0.8574022	0.0017523924	0.14045444	4.184755e-05	0.0005282702
20001	AMR	AMR	distinct_only	20000	sign_corruption	2	0.07490668	0.0022649697	0.0005751644	0.0009823556	0.92354655	0.9965663	0.00097165996	0.00018641367
20001	AMR	SAS	distinct_only	20000	ld_mismatch	3	0.72927266	0.7544212	3.9845167e-05	7.2494454e-06	0.0005233931	0.2241403	0.27016404	0.021431243
20002	SAS	SAS	shared_plus_specific	2000	valid	0	0.46049666	0.24135892	3.430014e-07	3.1368879e-09	0.001849344	0.6570866	0.5376536	0.101554476
20002	SAS	SAS	shared_plus_specific	2000	order_mismatch	1	5.6731665e-06	1.0812787e-07	0.9999077	0.99996567	2.7720731e-05	3.4249344e-05	5.8916354e-05	6.005285e-09
20002	SAS	SAS	shared_plus_specific	2000	sign_corruption	2	2.030292e-06	0.0004977382	9.400639e-06	3.3800483e-05	0.9998506	0.99923253	0.00013797468	0.00023602313
20002	SAS	AMR	shared_plus_specific	2000	ld_mismatch	3	0.81455773	0.18406858	1.0310312e-08	1.0489404e-10	7.0795336e-06	0.7091771	0.18543522	0.10675436
20002	SAS	SAS	shared_plus_specific	20000	valid	0	0.98376465	0.0038899793	4.8481984e-06	0.011120986	0.0001917146	0.98426	0.01603887	0.00072896114
20002	SAS	SAS	shared_plus_specific	20000	order_mismatch	1	2.4882318e-06	1.4653981e-06	0.9997542	0.8402252	0.00021630539	0.15977293	2.700153e-05	2.745928e-07
20002	SAS	SAS	shared_plus_specific	20000	sign_corruption	2	7.2269606e-05	2.917937e-05	0.0005786318	0.049248386	0.999162	0.9507154	0.00018702417	6.9848334e-06
20002	SAS	AMR	shared_plus_specific	20000	ld_mismatch	3	0.89942044	0.0006262505	1.666937e-05	0.08361933	0.00046411864	0.9155458	0.100098826	0.00020856224
20002	SAS	SAS	distinct_only	2000	valid	0	0.7194485	0.68374383	1.3180293e-08	5.885065e-19	7.54418e-06	0.0017817406	0.280544	0.31447434
20002	SAS	SAS	distinct_only	2000	order_mismatch	1	6.525634e-07	1.593227e-06	0.99995065	0.99988127	2.4237248e-05	0.000117028794	2.4502164e-05	1.7075533e-07
20002	SAS	SAS	distinct_only	2000	sign_corruption	2	4.0051836e-07	0.030654356	2.6841005e-06	8.248987e-09	0.9999563	0.9403532	4.0559913e-05	0.028992506
20002	SAS	AMR	distinct_only	2000	ld_mismatch	3	0.23311228	0.663881	1.655931e-08	1.1854685e-18	5.8572946e-06	0.0044899746	0.76688194	0.33162898
20002	SAS	SAS	distinct_only	20000	valid	0	0.98329026	0.76023895	1.1142908e-08	1.1280482e-15	4.126286e-06	0.022031384	0.016705649	0.21772966
20002	SAS	SAS	distinct_only	20000	order_mismatch	1	6.033509e-07	1.0132787e-06	0.9999692	0.9996617	2.0773497e-05	0.00033716578	9.499654e-06	7.149742e-08
20002	SAS	SAS	distinct_only	20000	sign_corruption	2	1.6733215e-07	0.017512882	4.756435e-06	4.8385775e-09	0.9999714	0.97472024	2.3796654e-05	0.0077668643
20002	SAS	AMR	distinct_only	20000	ld_mismatch	3	0.8488129	0.6510951	2.5384987e-08	7.4602586e-16	9.927918e-06	0.026877657	0.15117721	0.3220272
20002	AMR	AMR	shared_plus_specific	2000	valid	0	0.9974689	0.005747113	4.9011317e-07	0.08977801	3.308826e-05	0.90359616	0.0024976037	0.0008787851
20002	AMR	AMR	shared_plus_specific	2000	order_mismatch	1	1.8326586e-05	2.8338243e-07	0.9996169	0.99849904	0.00035371014	0.0015007087	1.1083636e-05	2.8043624e-08
20002	AMR	AMR	shared_plus_specific	2000	sign_corruption	2	0.00014711615	1.0081913e-05	8.346675e-05	0.15901984	0.9991996	0.8409672	0.0005698262	2.9230364e-06
20002	AMR	SAS	shared_plus_specific	2000	ld_mismatch	3	0.48545417	0.0108045265	0.00018008258	0.24413735	0.008632825	0.74319637	0.5057329	0.0018617653
20002	AMR	AMR	shared_plus_specific	20000	valid	0	0.9941353	0.00066578534	1.8815791e-06	0.096929565	0.00013645859	0.90239793	0.005726405	6.730464e-06
20002	AMR	AMR	shared_plus_specific	20000	order_mismatch	1	3.707296e-07	1.1229101e-06	0.9992935	0.9977309	0.00015602658	0.0022679463	0.0005500984	1.4579324e-07
20002	AMR	AMR	shared_plus_specific	20000	sign_corruption	2	0.00444529	4.8705397e-07	0.010357256	0.977853	0.9719157	0.022146525	0.013281744	1.5831422e-08
20002	AMR	SAS	shared_plus_specific	20000	ld_mismatch	3	0.9931362	0.0014044447	3.4459936e-05	0.26070544	0.0028250327	0.7378736	0.0040042778	1.6548844e-05
20002	AMR	AMR	distinct_only	2000	valid	0	0.6331685	0.7242668	1.0898645e-05	5.5476603e-13	0.022784239	0.06072536	0.34403634	0.2150078
20002	AMR	AMR	distinct_only	2000	order_mismatch	1	2.2465338e-06	2.9335226e-07	0.9999542	0.99985814	1.081275e-05	0.00014164277	3.2729542e-05	3.2237907e-08
20002	AMR	AMR	distinct_only	2000	sign_corruption	2	1.3227292e-06	0.06316234	0.0001542321	2.4235047e-07	0.9990141	0.9107661	0.00083036575	0.02607122
20002	AMR	SAS	distinct_only	2000	ld_mismatch	3	0.8869919	0.6913716	1.9250876e-06	1.5272154e-12	0.00093954103	0.06819731	0.112066574	0.2404311
20002	AMR	AMR	distinct_only	20000	valid	0	0.951307	0.07357282	2.8298902e-07	1.7004959e-14	0.000107246335	0.90536475	0.048585508	0.021062396
20002	AMR	AMR	distinct_only	20000	order_mismatch	1	1.0354757e-05	3.9841498e-07	0.9998056	0.9844565	0.00017123559	0.015543029	1.2863292e-05	5.957688e-08
20002	AMR	AMR	distinct_only	20000	sign_corruption	2	0.00057878834	0.0008179806	0.000118170305	1.3096284e-09	0.99909	0.9988669	0.0002130076	0.0003151155
20002	AMR	SAS	distinct_only	20000	ld_mismatch	3	0.9189613	0.14350857	2.5753604e-07	2.1411712e-13	4.5896624e-05	0.81008065	0.0809925	0.046410784
20003	SAS	SAS	shared_plus_specific	2000	valid	0	0.9688793	0.66176456	2.3209374e-08	3.9029438e-18	1.6909484e-05	0.0013716035	0.031103773	0.33686382
20003	SAS	SAS	shared_plus_specific	2000	order_mismatch	1	4.668584e-06	2.0628087e-05	0.9999487	0.99680614	2.5385982e-05	0.0031679126	2.137237e-05	5.2805112e-06
20003	SAS	SAS	shared_plus_specific	2000	sign_corruption	2	1.2659387e-06	0.28420934	7.5473777e-06	1.3500249e-09	0.9999795	0.48524657	1.1602354e-05	0.23054409
20003	SAS	AMR	shared_plus_specific	2000	ld_mismatch	3	0.4836893	0.5889856	7.793122e-08	4.4055937e-18	2.3731336e-05	0.0014985204	0.5162869	0.40951586
20003	SAS	SAS	shared_plus_specific	20000	valid	0	0.99727297	0.6087072	4.360405e-08	5.007979e-19	2.2951333e-05	0.00042396138	0.0027040734	0.3908688
20003	SAS	SAS	shared_plus_specific	20000	order_mismatch	1	2.3269473e-05	8.345266e-06	0.9999237	0.9993661	4.8188376e-05	0.00062374485	4.8310008e-06	1.7288008e-06
20003	SAS	SAS	shared_plus_specific	20000	sign_corruption	2	1.0144277e-06	0.26629877	3.3177732e-06	4.5632734e-11	0.99999094	0.43033195	4.6109685e-06	0.3033693
20003	SAS	AMR	shared_plus_specific	20000	ld_mismatch	3	0.928751	0.5613446	3.0336355e-07	1.7737004e-18	0.00012262113	0.0015447523	0.071126096	0.43711063
20003	SAS	SAS	distinct_only	2000	valid	0	0.97626704	0.13105479	1.3238418e-05	0.026927259	0.00019831328	0.8411619	0.023521418	0.0008560161
20003	SAS	SAS	distinct_only	2000	order_mismatch	1	3.7875793e-07	3.8222967e-07	0.999989	0.99991274	5.842387e-06	8.690896e-05	4.811574e-06	3.8266574e-08
20003	SAS	SAS	distinct_only	2000	sign_corruption	2	0.036758244	3.7752325e-05	0.12856437	0.8527049	0.78607994	0.14725637	0.04859746	1.04767e-06
20003	SAS	AMR	distinct_only	2000	ld_mismatch	3	0.64316934	0.13268995	1.3958951e-05	0.01805992	0.00031778237	0.8475973	0.35649893	0.0016528866
20003	SAS	SAS	distinct_only	20000	valid	0	0.7209933	1.4248957e-05	0.00033233187	0.9990964	0.00054656586	0.00088926614	0.27812788	1.5638632e-07
20003	SAS	SAS	distinct_only	20000	order_mismatch	1	4.0991495e-07	1.1021908e-07	0.99988705	0.9996892	1.6532782e-05	0.00031067178	9.59738e-05	1.40528265e-08
20003	SAS	SAS	distinct_only	20000	sign_corruption	2	0.008722339	1.0349337e-08	0.15253772	0.99681747	0.71840626	0.003182555	0.12033365	1.037653e-09
20003	SAS	AMR	distinct_only	20000	ld_mismatch	3	0.8318507	1.8342537e-06	0.0026568193	0.9993155	0.007138465	0.0006827606	0.15835394	4.2909914e-08
20003	AMR	AMR	shared_plus_specific	2000	valid	0	0.98519254	0.6616281	3.891282e-07	9.237134e-16	0.00024717062	0.00024257264	0.014559862	0.33812934
20003	AMR	AMR	shared_plus_specific	2000	order_mismatch	1	5.4868313e-05	0.00062850094	0.9995995	0.9918739	0.00023697109	0.0072137993	0.000108567176	0.0002837421
20003	AMR	AMR	shared_plus_specific	2000	sign_corruption	2	0.0029505321	0.4834139	8.763687e-05	8.805399e-10	0.9951504	0.045807898	0.0018114956	0.4707781
20003	AMR	SAS	shared_plus_specific	2000	ld_mismatch	3	0.9748633	0.7313834	1.7745714e-07	1.05585846e-16	3.925768e-05	4.7731468e-05	0.025097214	0.26856896
20003	AMR	AMR	shared_plus_specific	20000	valid	0	0.9946479	0.886172	1.4093757e-07	1.0080831e-15	6.356637e-05	0.00051044766	0.0052883867	0.11331756
20003	AMR	AMR	shared_plus_specific	20000	order_mismatch	1	4.8728925e-05	0.00012961739	0.99973035	0.9930078	0.00020665862	0.006834905	1.4262706e-05	2.7666701e-05
20003	AMR	AMR	shared_plus_specific	20000	sign_corruption	2	0.0823787	0.18554741	0.0001648055	5.5678953e-07	0.9171786	0.7577526	0.0002779461	0.056699436
20003	AMR	SAS	shared_plus_specific	20000	ld_mismatch	3	0.75001484	0.860226	1.3691333e-07	9.161634e-16	2.1668951e-05	0.00031097475	0.24996328	0.13946298
20003	AMR	AMR	distinct_only	2000	valid	0	0.9178982	0.25782457	2.0876603e-06	1.9529583e-05	0.00013386275	0.73851997	0.08196591	0.003636027
20003	AMR	AMR	distinct_only	2000	order_mismatch	1	6.631254e-07	0.00021054225	0.9983631	0.9973104	0.00027212474	0.0024439627	0.0013640756	3.5044828e-05
20003	AMR	AMR	distinct_only	2000	sign_corruption	2	0.0020690754	9.524113e-05	0.00056979334	0.05451096	0.87112904	0.94538456	0.12623216	9.2022865e-06
20003	AMR	SAS	distinct_only	2000	ld_mismatch	3	0.26632142	0.2692536	1.0713546e-06	0.0006331068	3.1163e-05	0.72571903	0.73364633	0.00439428
20003	AMR	AMR	distinct_only	20000	valid	0	0.99687725	0.00037730898	2.4205132e-05	0.99811137	0.0003175557	0.0014905615	0.002781022	2.0794241e-05
20003	AMR	AMR	distinct_only	20000	order_mismatch	1	1.2828949e-07	1.8755304e-06	0.9999482	0.9997193	5.523365e-06	0.00027822013	4.619555e-05	5.3304575e-07
20003	AMR	AMR	distinct_only	20000	sign_corruption	2	0.034903135	1.3487193e-07	0.10039163	0.99415296	0.72705203	0.005846885	0.13765316	4.172101e-08
20003	AMR	SAS	distinct_only	20000	ld_mismatch	3	0.9202268	0.0002416279	1.4800568e-05	0.9994253	0.00021828832	0.00031925138	0.07954017	1.3831877e-05
20004	SAS	SAS	shared_plus_specific	2000	valid	0	0.97804594	0.33387652	7.445313e-06	7.7624594e-07	0.0028019662	0.1026397	0.019144587	0.563483
20004	SAS	SAS	shared_plus_specific	2000	order_mismatch	1	2.348896e-06	0.0031705396	0.99991804	0.9924852	5.2093328e-05	0.0031567425	2.7491342e-05	0.0011874895
20004	SAS	SAS	shared_plus_specific	2000	sign_corruption	2	8.451363e-05	0.12319824	0.0002292756	0.0058639934	0.99967843	0.7251939	7.778157e-06	0.14574386
20004	SAS	AMR	shared_plus_specific	2000	ld_mismatch	3	0.39387718	0.28080568	0.00029195493	5.111417e-07	0.5801999	0.06794498	0.02563098	0.6512488
20004	SAS	SAS	shared_plus_specific	20000	valid	0	0.709382	0.65532327	1.7136459e-06	0.011917058	6.227431e-05	0.2033129	0.29055402	0.12944672
20004	SAS	SAS	shared_plus_specific	20000	order_mismatch	1	1.8843781e-06	3.2977474e-05	0.9999478	0.99965775	4.8069953e-05	0.00030536795	2.246864e-06	3.921641e-06
20004	SAS	SAS	shared_plus_specific	20000	sign_corruption	2	4.4603585e-06	0.0028023117	0.000108350614	0.5799414	0.9997573	0.41642362	0.00012983006	0.0008327332
20004	SAS	AMR	shared_plus_specific	20000	ld_mismatch	3	0.9740837	0.6501471	1.9635088e-07	0.0034776558	0.000112918824	0.0691061	0.02580321	0.2772691
20004	SAS	SAS	distinct_only	2000	valid	0	0.9363907	0.64296484	4.591615e-08	3.142215e-12	2.5165622e-05	0.053613756	0.06358404	0.30342138
20004	SAS	SAS	distinct_only	2000	order_mismatch	1	1.7555356e-05	3.2408636e-06	0.99984497	0.9986187	0.00011157974	0.0013776233	2.594846e-05	4.4526425e-07
20004	SAS	SAS	distinct_only	2000	sign_corruption	2	2.1252461e-05	0.038487382	7.2064763e-06	1.623635e-07	0.9999264	0.9354656	4.5155826e-05	0.026046883
20004	SAS	AMR	distinct_only	2000	ld_mismatch	3	0.64989346	0.38145623	1.8583011e-06	6.075255e-10	0.0017816072	0.3056324	0.34832308	0.31291133
20004	SAS	SAS	distinct_only	20000	valid	0	0.51719683	0.5110208	4.7352384e-09	6.2106917e-12	6.3934426e-06	0.0015314226	0.48279682	0.4874478
20004	SAS	SAS	distinct_only	20000	order_mismatch	1	2.0241425e-06	0.00018294042	0.99994135	0.9991124	5.3739244e-05	0.00067582243	2.9064179e-06	2.8777864e-05
20004	SAS	SAS	distinct_only	20000	sign_corruption	2	3.860778e-06	0.0003739711	7.2014577e-06	3.184273e-06	0.99992687	0.99886215	6.209948e-05	0.0007607371
20004	SAS	AMR	distinct_only	20000	ld_mismatch	3	0.9848092	0.26442412	8.963047e-09	7.6273494e-11	6.462839e-06	0.009452785	0.015184284	0.7261231
20004	AMR	AMR	shared_plus_specific	2000	valid	0	0.9951131	0.5484451	3.911983e-08	7.072895e-08	5.0439826e-06	0.0016863003	0.004881888	0.44986862
20004	AMR	AMR	shared_plus_specific	2000	order_mismatch	1	3.7084676e-06	0.00016695344	0.9996877	0.99893266	0.00023860268	0.0008599617	7.0024405e-05	4.0423543e-05
20004	AMR	AMR	shared_plus_specific	2000	sign_corruption	2	1.6007898e-05	0.112184465	3.7491227e-05	0.0020234475	0.99987096	0.7396722	7.5563796e-05	0.14611988
20004	AMR	SAS	shared_plus_specific	2000	ld_mismatch	3	0.67891526	0.43383366	5.259298e-07	6.0280985e-07	2.3759145e-05	0.0014351485	0.32106048	0.56473064
20004	AMR	AMR	shared_plus_specific	20000	valid	0	0.99988097	0.5877861	2.09667e-08	7.941921e-09	8.958566e-06	0.005159956	0.000110096466	0.40705395
20004	AMR	AMR	shared_plus_specific	20000	order_mismatch	1	3.7678805e-05	0.0008019999	0.999679	0.99676335	0.00028032728	0.0023392064	2.9046657e-06	9.541971e-05
20004	AMR	AMR	shared_plus_specific	20000	sign_corruption	2	3.2746204e-06	0.011126686	1.0923263e-05	5.6523673e-05	0.99998266	0.9785847	3.156785e-06	0.010232014
20004	AMR	SAS	shared_plus_specific	20000	ld_mismatch	3	0.4620774	0.54868555	4.284114e-05	3.341186e-06	0.0003489972	0.0061377706	0.5375307	0.44517332
20004	AMR	AMR	distinct_only	2000	valid	0	0.99684286	0.4581044	2.2783192e-08	3.2452854e-14	1.3419119e-05	0.015609341	0.0031436833	0.5262863
20004	AMR	AMR	distinct_only	2000	order_mismatch	1	2.0029653e-05	8.96025e-05	0.9997689	0.9984421	0.00020898534	0.0014527544	2.17253e-06	1.5426396e-05
20004	AMR	AMR	distinct_only	2000	sign_corruption	2	1.3357949e-06	0.17194697	7.931624e-06	2.0566658e-07	0.9999785	0.6252735	1.228073e-05	0.2027793
20004	AMR	SAS	distinct_only	2000	ld_mismatch	3	0.6999201	0.50170356	1.8552612e-07	8.5378805e-12	0.0012300737	0.0046719224	0.2988496	0.49362448
20004	AMR	AMR	distinct_only	20000	valid	0	0.9998767	0.5663601	3.4617667e-09	2.1435828e-10	2.742195e-06	0.005771897	0.00012057718	0.42786795
20004	AMR	AMR	distinct_only	20000	order_mismatch	1	0.00033370315	0.0010288699	0.99940133	0.99822026	0.00023765069	0.0006378719	2.73098e-05	0.00011302442
20004	AMR	AMR	distinct_only	20000	sign_corruption	2	5.4203388e-06	0.030979041	6.0260936e-06	1.7803784e-06	0.99998575	0.9230813	2.817276e-06	0.045937855
20004	AMR	SAS	distinct_only	20000	ld_mismatch	3	0.38781992	0.50655454	9.3891025e-08	7.152042e-09	4.090989e-05	0.011725156	0.61213905	0.48172033
20005	SAS	SAS	shared_plus_specific	2000	valid	0	0.63205224	0.4846505	2.6254136e-06	5.126303e-07	0.0002480471	0.013076067	0.3676971	0.5022729
20005	SAS	SAS	shared_plus_specific	2000	order_mismatch	1	1.0459827e-05	0.0077165826	0.9888311	0.98868525	2.602071e-05	0.0008649331	0.011132386	0.0027331593
20005	SAS	SAS	shared_plus_specific	2000	sign_corruption	2	0.00018004526	0.42799553	0.00011432231	0.0002593159	0.99857503	0.16426913	0.001130607	0.407476
20005	SAS	AMR	shared_plus_specific	2000	ld_mismatch	3	0.51409084	0.46485704	5.206439e-07	9.617308e-08	0.00021540902	0.013800579	0.48569322	0.5213423
20005	SAS	SAS	shared_plus_specific	20000	valid	0	0.9961986	0.5608986	1.10539515e-08	3.158628e-07	3.5961912e-06	0.013528915	0.0037977304	0.42557207
20005	SAS	SAS	shared_plus_specific	20000	order_mismatch	1	1.9424945e-06	0.0038436623	0.999734	0.9944405	0.00017782966	0.00067573856	8.618337e-05	0.0010401336
20005	SAS	SAS	shared_plus_specific	20000	sign_corruption	2	1.3509792e-05	0.06320446	2.004525e-05	0.0030749694	0.99993587	0.87776434	3.0618718e-05	0.055956233
20005	SAS	AMR	shared_plus_specific	20000	ld_mismatch	3	0.8692319	0.5202104	6.504692e-08	1.4878896e-07	0.00026612793	0.03003103	0.13050202	0.44975847
20005	SAS	SAS	distinct_only	2000	valid	0	0.03454938	3.7905018e-05	0.42376956	0.19641337	0.53927165	0.80353683	0.0024093895	1.1894743e-05
20005	SAS	SAS	distinct_only	2000	order_mismatch	1	7.635618e-06	9.766308e-07	0.99970627	0.8539465	0.000117139425	0.14605214	0.00016898998	2.8613468e-07
20005	SAS	SAS	distinct_only	2000	sign_corruption	2	0.00010490126	1.974292e-05	0.9195919	0.6438337	0.078014374	0.35613766	0.0022888447	8.888551e-06
20005	SAS	AMR	distinct_only	2000	ld_mismatch	3	0.8290737	7.303998e-05	0.040309057	0.04901269	0.12472236	0.9508964	0.005894857	1.7870834e-05
20005	SAS	SAS	distinct_only	20000	valid	0	0.9993532	0.48784608	8.781789e-07	3.7443654e-06	7.5942844e-05	0.5076499	0.00057001493	0.004500289
20005	SAS	SAS	distinct_only	20000	order_mismatch	1	7.8339434e-07	5.6485887e-06	0.9999804	0.99989283	1.7290564e-05	0.00010104121	1.5489007e-06	5.2978294e-07
20005	SAS	SAS	distinct_only	20000	sign_corruption	2	0.013483125	0.00041089763	0.0028421683	0.13534321	0.98227125	0.8642178	0.0014034944	2.8151571e-05
20005	SAS	AMR	distinct_only	20000	ld_mismatch	3	0.9978721	0.113521785	1.6498007e-07	3.1460434e-06	2.9701283e-05	0.88517725	0.002097985	0.0012977573
20005	AMR	AMR	shared_plus_specific	2000	valid	0	0.9528065	0.63143784	2.8801279e-07	5.455359e-07	5.6001023e-05	0.0349371	0.04713723	0.33362454
20005	AMR	AMR	shared_plus_specific	2000	order_mismatch	1	5.418044e-07	5.822267e-06	0.9995296	0.99975663	2.6763832e-05	0.00023645365	0.0004430566	1.0917402e-06
20005	AMR	AMR	shared_plus_specific	2000	sign_corruption	2	3.2915343e-06	0.005507006	2.0741098e-05	0.001344494	0.9999442	0.98801583	3.1830004e-05	0.0051326947
20005	AMR	SAS	shared_plus_specific	2000	ld_mismatch	3	0.9590783	0.5680345	1.0371673e-07	2.2376702e-07	0.00012938578	0.008624359	0.040792268	0.42334086
20005	AMR	AMR	shared_plus_specific	20000	valid	0	0.999942	0.45602742	5.4261275e-09	6.8985713e-07	1.9567933e-06	0.14552939	5.6043722e-05	0.3984425
20005	AMR	AMR	shared_plus_specific	20000	order_mismatch	1	4.9372284e-06	5.0997718e-05	0.99959403	0.99978477	0.00021280353	0.00015408469	0.00018813221	1.0086562e-05
20005	AMR	AMR	shared_plus_specific	20000	sign_corruption	2	9.773681e-06	0.01909443	4.2165325e-06	0.02411436	0.99995995	0.94562966	2.6182892e-05	0.011161532
20005	AMR	SAS	shared_plus_specific	20000	ld_mismatch	3	0.95732784	0.35143608	9.2944346e-09	5.2121214e-07	3.944771e-06	0.016665312	0.042668268	0.63189805
20005	AMR	AMR	distinct_only	2000	valid	0	0.8357052	0.41800007	1.705743e-07	8.205053e-08	1.8754668e-05	0.5752316	0.16427591	0.0067682406
20005	AMR	AMR	distinct_only	2000	order_mismatch	1	1.3249515e-06	4.5300426e-06	0.99991035	0.9999168	3.981969e-05	7.816973e-05	4.855335e-05	4.3774241e-07
20005	AMR	AMR	distinct_only	2000	sign_corruption	2	0.010968287	0.001182641	0.00046832938	0.005022759	0.9799569	0.99371487	0.008606375	7.969112e-05
20005	AMR	SAS	distinct_only	2000	ld_mismatch	3	0.90937185	0.87349576	7.4946774e-07	9.761685e-08	0.00012485641	0.1039281	0.09050257	0.022576055
20005	AMR	AMR	distinct_only	20000	valid	0	0.99315864	0.025049184	1.7280298e-06	3.2918347e-06	9.703045e-05	0.9747532	0.0067425347	0.00019424438
20005	AMR	AMR	distinct_only	20000	order_mismatch	1	7.0243345e-07	6.336095e-07	0.99986154	0.9977151	4.0825882e-05	0.0022841606	9.6893404e-05	7.760824e-08
20005	AMR	AMR	distinct_only	20000	sign_corruption	2	0.017349664	6.857982e-05	0.015729459	0.085239	0.9497048	0.9146904	0.01721604	2.0447715e-06
20005	AMR	SAS	distinct_only	20000	ld_mismatch	3	0.9936941	0.06204022	5.8336495e-06	1.9888872e-05	0.00023339975	0.9372973	0.0060666017	0.00064259255
20006	SAS	SAS	shared_plus_specific	2000	valid	0	0.98144287	0.7049459	5.993446e-09	5.418571e-16	3.9769448e-06	0.000153045	0.018553158	0.29490113
20006	SAS	SAS	shared_plus_specific	2000	order_mismatch	1	1.5114887e-06	0.00010775193	0.9999725	0.99971896	1.7139017e-05	0.0001585802	8.800095e-06	1.4705367e-05
20006	SAS	SAS	shared_plus_specific	2000	sign_corruption	2	4.887126e-06	0.5037199	8.186618e-06	1.8753204e-07	0.99998015	0.16708697	6.7421292e-06	0.32919294
20006	SAS	AMR	shared_plus_specific	2000	ld_mismatch	3	0.69165486	0.58101237	2.7481683e-08	2.890067e-16	1.0615094e-05	0.00024821854	0.30833456	0.4187394
20006	SAS	SAS	shared_plus_specific	20000	valid	0	0.8172448	0.6630823	1.7500903e-09	1.5325952e-14	2.0579425e-06	0.00013092156	0.1827531	0.33678675
20006	SAS	SAS	shared_plus_specific	20000	order_mismatch	1	3.1528969e-06	5.4893786e-05	0.9999435	0.9998996	4.5057357e-05	3.8001708e-05	8.283328e-06	7.410513e-06
20006	SAS	SAS	shared_plus_specific	20000	sign_corruption	2	5.034178e-07	0.12684587	2.6656353e-06	1.3548973e-06	0.9999814	0.72453034	1.5442263e-05	0.1486225
20006	SAS	AMR	shared_plus_specific	20000	ld_mismatch	3	0.99146605	0.4274452	2.0400364e-09	2.0132678e-13	1.7447725e-06	0.00088890834	0.008532132	0.5716659
20006	SAS	SAS	distinct_only	2000	valid	0	0.45901665	0.3647762	1.8426032e-05	0.00021664424	0.00016973996	0.6308764	0.54079515	0.004130745
20006	SAS	SAS	distinct_only	2000	order_mismatch	1	2.753753e-07	1.4272506e-05	0.9999542	0.9985844	1.0760244e-05	0.0013992474	3.475521e-05	2.1625485e-06
20006	SAS	SAS	distinct_only	2000	sign_corruption	2	0.00059696607	0.0028294455	0.0016317783	0.2155381	0.97499734	0.7815469	0.0227739	8.550165e-05
20006	SAS	AMR	distinct_only	2000	ld_mismatch	3	0.66534144	0.3101869	1.4112629e-05	8.48769e-05	0.0005771388	0.68301725	0.3340673	0.006710932
20006	SAS	SAS	distinct_only	20000	valid	0	0.9871333	0.02215708	1.4024315e-05	0.0017821422	0.00075482205	0.97586274	0.012097783	0.00019794708
20006	SAS	SAS	distinct_only	20000	order_mismatch	1	1.1781686e-06	4.999634e-05	0.9999509	0.93325156	3.5863883e-05	0.06668744	1.2102927e-05	1.1006182e-05
20006	SAS	SAS	distinct_only	20000	sign_corruption	2	0.0018076967	3.7713187e-05	0.0029073097	0.34033588	0.99503475	0.65962493	0.00025012958	1.5122582e-06
20006	SAS	AMR	distinct_only	20000	ld_mismatch	3	0.70788026	0.0594928	6.665192e-06	0.00014295832	0.0002829228	0.9397646	0.29183018	0.00059953914
20006	AMR	AMR	shared_plus_specific	2000	valid	0	0.372916	0.28989723	4.662316e-05	3.591948e-06	0.42056644	0.5052758	0.20647085	0.2048234
20006	AMR	AMR	shared_plus_specific	2000	order_mismatch	1	4.8968315e-07	0.00010680494	0.98456645	0.9990011	2.3783856e-05	0.0008706344	0.015409256	2.1468777e-05
20006	AMR	AMR	shared_plus_specific	2000	sign_corruption	2	3.8761213e-05	0.08837881	3.176704e-05	0.0003261834	0.9776833	0.8522253	0.02224616	0.059069682
20006	AMR	SAS	shared_plus_specific	2000	ld_mismatch	3	0.20769508	0.4009683	0.00025443578	6.58368e-05	0.6888287	0.16084252	0.10322177	0.43812332
20006	AMR	AMR	shared_plus_specific	20000	valid	0	0.9841098	0.77155966	1.1078925e-08	3.641397e-14	4.359317e-06	0.00020724155	0.015885888	0.22823316
20006	AMR	AMR	shared_plus_specific	20000	order_mismatch	1	9.557294e-05	0.00017958786	0.9995311	0.99966776	0.000297712	0.00012508962	7.551786e-05	2.7546314e-05
20006	AMR	AMR	shared_plus_specific	20000	sign_corruption	2	1.4756098e-06	0.14512165	8.664673e-06	1.0024058e-05	0.9999709	0.7031614	1.902807e-05	0.15170692
20006	AMR	SAS	shared_plus_specific	20000	ld_mismatch	3	0.60813063	0.75708544	8.495601e-08	2.046577e-11	1.9764486e-05	0.0011771121	0.39184955	0.24173743
20006	AMR	AMR	distinct_only	2000	valid	0	0.83145326	0.054928772	1.545816e-06	0.0044733016	0.00012596684	0.9396836	0.16841923	0.00091434893
20006	AMR	AMR	distinct_only	2000	order_mismatch	1	2.4324683e-07	1.0798745e-05	0.9998202	0.9982338	0.000151355	0.0017530653	2.8219363e-05	2.3034304e-06
20006	AMR	AMR	distinct_only	2000	sign_corruption	2	0.00031148316	6.956775e-05	0.0007210022	0.38341755	0.974541	0.6165067	0.02442647	6.184832e-06
20006	AMR	SAS	distinct_only	2000	ld_mismatch	3	0.77703285	0.07229815	4.838074e-06	0.01418482	0.0004218549	0.9123443	0.22254045	0.00117278
20006	AMR	AMR	distinct_only	20000	valid	0	0.46066332	0.18503918	4.438394e-05	8.532136e-05	0.00056814234	0.81416625	0.5387241	0.0007092637
20006	AMR	AMR	distinct_only	20000	order_mismatch	1	1.97536e-06	8.828228e-06	0.99991184	0.9855634	4.8167596e-05	0.0144257	3.80096e-05	2.0839616e-06
20006	AMR	AMR	distinct_only	20000	sign_corruption	2	0.29407194	5.2575273e-05	0.015456106	0.025642892	0.573765	0.9743035	0.116706945	1.0328735e-06
20006	AMR	SAS	distinct_only	20000	ld_mismatch	3	0.6284376	0.07575944	6.664436e-05	0.0026924314	0.00049900607	0.9211761	0.3709968	0.0003720913
20007	SAS	SAS	shared_plus_specific	2000	valid	0	0.93543977	0.52422076	2.9247358e-08	3.2601458e-14	5.0830768e-05	0.005397382	0.06450937	0.4703819
20007	SAS	SAS	shared_plus_specific	2000	order_mismatch	1	7.3194915e-06	1.908702e-05	0.9999189	0.99687	5.543875e-05	0.003107978	1.8417762e-05	2.9753287e-06
20007	SAS	SAS	shared_plus_specific	2000	sign_corruption	2	3.920439e-06	0.025858268	9.422463e-06	7.2229163e-06	0.9999512	0.94766563	3.5449302e-05	0.026468879
20007	SAS	AMR	shared_plus_specific	2000	ld_mismatch	3	0.99827194	0.5818594	3.8005574e-08	7.266622e-16	2.450136e-05	0.0017148177	0.0017034957	0.41642582
20007	SAS	SAS	shared_plus_specific	20000	valid	0	0.99733686	0.3560762	5.1571596e-09	7.715104e-11	2.9776413e-06	0.012049624	0.0026601283	0.63187414
20007	SAS	SAS	shared_plus_specific	20000	order_mismatch	1	2.5964093e-06	0.00025995506	0.99997187	0.9995254	1.5655702e-05	0.00016891194	9.859522e-06	4.5675577e-05
20007	SAS	SAS	shared_plus_specific	20000	sign_corruption	2	9.094097e-05	0.0681588	1.054143e-05	0.0017179747	0.9998959	0.8702359	2.6923447e-06	0.059887275
20007	SAS	AMR	shared_plus_specific	20000	ld_mismatch	3	0.985431	0.2970839	4.112341e-08	4.965075e-11	2.6548218e-05	0.013615653	0.014542376	0.6893004
20007	SAS	SAS	distinct_only	2000	valid	0	0.8995107	0.00071384426	0.0003625662	0.08062278	0.0028454429	0.9185878	0.09728137	7.558589e-05
20007	SAS	SAS	distinct_only	2000	order_mismatch	1	2.1515264e-06	7.752471e-06	0.99825317	0.59838545	0.0016645738	0.40160424	8.013988e-05	2.5485676e-06
20007	SAS	SAS	distinct_only	2000	sign_corruption	2	0.0011302242	1.3507647e-05	0.008802112	0.18915826	0.98955965	0.81082535	0.0005079698	2.9328207e-06
20007	SAS	AMR	distinct_only	2000	ld_mismatch	3	0.8801362	9.296216e-05	0.00040718893	0.62959087	0.0026126506	0.37030396	0.11684403	1.219533e-05
20007	SAS	SAS	distinct_only	20000	valid	0	0.9851098	0.0417043	7.057992e-06	0.16071047	0.00012448062	0.79597074	0.01475872	0.001614502
20007	SAS	SAS	distinct_only	20000	order_mismatch	1	2.5497192e-07	5.7091956e-06	0.99997395	0.9923264	2.0986445e-05	0.0076672398	4.86394e-06	7.372281e-07
20007	SAS	SAS	distinct_only	20000	sign_corruption	2	0.0037820518	5.64212e-06	0.0012135473	0.12564905	0.9900186	0.8743443	0.004985781	1.0291558e-06
20007	SAS	AMR	distinct_only	20000	ld_mismatch	3	0.99558634	0.0008486552	1.2323494e-05	0.21728745	0.000102031314	0.78181344	0.004299276	5.0544477e-05
20007	AMR	AMR	shared_plus_specific	2000	valid	0	0.9958537	0.3971565	2.0441273e-07	1.665237e-07	1.2942194e-05	0.04219927	0.004133148	0.56064403
20007	AMR	AMR	shared_plus_specific	2000	order_mismatch	1	6.796586e-07	4.2513734e-06	0.999072	0.9999757	6.061459e-06	1.892752e-05	0.0009212854	1.035931e-06
20007	AMR	AMR	shared_plus_specific	2000	sign_corruption	2	3.1602343e-05	0.0019381071	2.9751507e-05	0.000100604586	0.9996621	0.99292654	0.00027658176	0.0050346907
20007	AMR	SAS	shared_plus_specific	2000	ld_mismatch	3	0.5053758	0.38567707	1.8819368e-07	1.5126916e-07	2.83337e-05	0.034616254	0.49459562	0.57970655
20007	AMR	AMR	shared_plus_specific	20000	valid	0	0.9998374	0.31602502	1.8443841e-09	1.05788125e-08	6.705959e-07	0.037827697	0.00016188035	0.64614725
20007	AMR	AMR	shared_plus_specific	20000	order_mismatch	1	6.154342e-05	0.00017385889	0.9996695	0.99773765	0.000194491	0.00203925	7.445273e-05	4.9251794e-05
20007	AMR	AMR	shared_plus_specific	20000	sign_corruption	2	3.0046704e-06	0.005883263	2.6768719e-06	0.00046267587	0.999991	0.9875471	3.306861e-06	0.0061069313
20007	AMR	SAS	shared_plus_specific	20000	ld_mismatch	3	0.80485916	0.30887708	2.3085308e-08	2.180405e-08	4.7358585e-06	0.036777265	0.19513611	0.6543457
20007	AMR	AMR	distinct_only	2000	valid	0	0.9181227	0.00011206141	0.00012493618	0.75270075	0.0071159774	0.2471758	0.074636415	1.1408667e-05
20007	AMR	AMR	distinct_only	2000	order_mismatch	1	4.8544183e-07	9.42676e-06	0.99982315	0.99006325	1.9649504e-05	0.009925084	0.00015672874	2.2153436e-06
20007	AMR	AMR	distinct_only	2000	sign_corruption	2	0.00082573324	2.588553e-06	0.114243865	0.9246608	0.85220647	0.07533616	0.032723967	4.8983236e-07
20007	AMR	SAS	distinct_only	2000	ld_mismatch	3	0.4017488	9.0221154e-05	0.05576405	0.9255256	0.2458538	0.07437613	0.29663333	7.988788e-06
20007	AMR	AMR	distinct_only	20000	valid	0	0.75199604	0.0030238186	0.000102877064	0.9536849	0.00021061276	0.043216806	0.24769045	7.445531e-05
20007	AMR	AMR	distinct_only	20000	order_mismatch	1	2.0454381e-07	2.3158378e-05	0.99989176	0.9972791	3.839901e-06	0.002693597	0.00010424017	4.101614e-06
20007	AMR	AMR	distinct_only	20000	sign_corruption	2	0.0035603642	2.5391805e-07	0.20532767	0.87228894	0.49156192	0.12771091	0.29954997	4.4131664e-08
20007	AMR	SAS	distinct_only	20000	ld_mismatch	3	0.7460955	8.467773e-05	0.0022537473	0.9979837	0.0048108515	0.0019277049	0.2468399	3.97468e-06
20008	SAS	SAS	shared_plus_specific	2000	valid	0	0.3088329	0.10658756	4.4720431e-07	5.839666e-05	5.083786e-05	0.8834747	0.6911158	0.009879402
20008	SAS	SAS	shared_plus_specific	2000	order_mismatch	1	2.2014335e-06	0.00027748995	0.999841	0.97009695	0.00013196895	0.029564427	2.4899853e-05	6.1021365e-05
20008	SAS	SAS	shared_plus_specific	2000	sign_corruption	2	7.607387e-05	0.0011352049	0.00012862835	0.008261647	0.9995702	0.9903752	0.00022509987	0.00022788785
20008	SAS	AMR	shared_plus_specific	2000	ld_mismatch	3	0.66119254	0.09066767	3.1882323e-07	4.1010284e-05	3.9862345e-05	0.897091	0.33876732	0.012200367
20008	SAS	SAS	shared_plus_specific	20000	valid	0	0.58420557	0.31851637	3.8892254e-06	0.00035170096	9.904673e-05	0.6588011	0.4156915	0.022330869
20008	SAS	SAS	shared_plus_specific	20000	order_mismatch	1	5.9975605e-07	0.00010051622	0.9999657	0.99854976	2.6431508e-05	0.0013372314	7.2331027e-06	1.2509022e-05
20008	SAS	SAS	shared_plus_specific	20000	sign_corruption	2	7.3443803e-06	0.008219781	0.00014219357	0.2855583	0.9998069	0.70560896	4.3548807e-05	0.00061294454
20008	SAS	AMR	shared_plus_specific	20000	ld_mismatch	3	0.6423279	0.4281432	2.1855176e-06	0.0001604695	0.00045492465	0.5225775	0.35721502	0.049118795
20008	SAS	SAS	distinct_only	2000	valid	0	0.60330826	0.790576	7.7375425e-08	1.9546105e-10	2.054302e-05	0.02692973	0.39667106	0.18249425
20008	SAS	SAS	distinct_only	2000	order_mismatch	1	2.2091344e-07	1.3530259e-06	0.9999502	0.99996126	1.8610734e-05	3.7312868e-05	3.0998322e-05	1.1730212e-07
20008	SAS	SAS	distinct_only	2000	sign_corruption	2	5.011339e-06	7.864539e-05	2.0870511e-05	3.6481172e-06	0.9998911	0.99985886	8.301788e-05	5.8853715e-05
20008	SAS	AMR	distinct_only	2000	ld_mismatch	3	0.67805433	0.6853608	6.189081e-08	1.697606e-10	1.4351795e-05	0.04806423	0.32193133	0.2665749
20008	SAS	SAS	distinct_only	20000	valid	0	0.99047893	0.22240588	1.0999622e-07	0.0031235702	3.8551927e-05	0.7011846	0.009482397	0.073286004
20008	SAS	SAS	distinct_only	20000	order_mismatch	1	6.0690957e-07	7.3499623e-06	0.999945	0.9977582	1.9564513e-05	0.0022325087	3.4837343e-05	1.9102233e-06
20008	SAS	SAS	distinct_only	20000	sign_corruption	2	3.3182365e-05	3.7076563e-05	0.00015327694	0.00793508	0.9997937	0.99200284	1.987126e-05	2.5056223e-05
20008	SAS	AMR	distinct_only	20000	ld_mismatch	3	0.9966336	0.09355287	2.1242823e-07	0.002470681	3.6697118e-05	0.8457916	0.0033295455	0.05818491
20008	AMR	AMR	shared_plus_specific	2000	valid	0	0.7816162	0.28094086	3.199547e-06	1.4306296e-09	0.00711406	0.4797866	0.21126647	0.23927261
20008	AMR	AMR	shared_plus_specific	2000	order_mismatch	1	1.5292278e-05	2.2818233e-06	0.9996614	0.9998217	0.00031891672	0.0001757515	4.479079e-06	2.500751e-07
20008	AMR	AMR	shared_plus_specific	2000	sign_corruption	2	1.0431539e-06	0.00038956702	1.0540513e-05	1.5703803e-05	0.9999687	0.99924374	1.9758669e-05	0.00035108693
20008	AMR	SAS	shared_plus_specific	2000	ld_mismatch	3	0.054353666	0.48549956	9.060968e-08	1.5283388e-09	0.00022812073	0.12360831	0.9454181	0.3908921
20008	AMR	AMR	shared_plus_specific	20000	valid	0	0.9995592	0.14168128	2.2307047e-07	0.0020050197	3.1894466e-05	0.84242386	0.00040867497	0.013889802
20008	AMR	AMR	shared_plus_specific	20000	order_mismatch	1	1.2486477e-06	0.00022499292	0.99963695	0.9984372	0.00035477697	0.0013037856	7.045399e-06	3.4012966e-05
20008	AMR	AMR	shared_plus_specific	20000	sign_corruption	2	5.333977e-05	0.0028101846	0.00023925902	0.40996048	0.9996905	0.5867844	1.6949532e-05	0.00044490618
20008	AMR	SAS	shared_plus_specific	20000	ld_mismatch	3	0.49424174	0.19136812	1.4086222e-06	0.0048950347	6.204662e-05	0.7750439	0.5056948	0.02869289
20008	AMR	AMR	distinct_only	2000	valid	0	0.57495	0.057401847	5.4206543e-05	0.0018587552	0.27820382	0.8951161	0.14679193	0.045623247
20008	AMR	AMR	distinct_only	2000	order_mismatch	1	2.3292484e-06	1.325499e-06	0.99975586	0.9996705	0.000116845156	0.00032784964	0.00012501022	3.702995e-07
20008	AMR	AMR	distinct_only	2000	sign_corruption	2	1.147559e-05	0.0004477418	0.00022061256	0.022812452	0.99827194	0.97630674	0.0014959722	0.0004330783
20008	AMR	SAS	distinct_only	2000	ld_mismatch	3	0.10253548	0.16393635	4.4950452e-06	0.0011576067	0.027470997	0.7540738	0.8699891	0.080832206
20008	AMR	AMR	distinct_only	20000	valid	0	0.99951124	0.5641151	2.3177094e-08	0.0001463312	3.4074021e-06	0.20896782	0.0004853063	0.22677071
20008	AMR	AMR	distinct_only	20000	order_mismatch	1	0.0002778806	4.1770622e-06	0.99941796	0.99946624	0.00020053238	0.000529004	0.000103694365	6.047332e-07
20008	AMR	AMR	distinct_only	20000	sign_corruption	2	1.6799295e-06	8.79766e-06	1.6507098e-05	0.00035095468	0.99991494	0.9996326	6.676556e-05	7.6562255e-06
20008	AMR	SAS	distinct_only	20000	ld_mismatch	3	0.73218775	0.5521392	2.2656428e-07	0.0008226465	3.6622976e-05	0.16513604	0.26777545	0.28190213
20009	SAS	SAS	shared_plus_specific	2000	valid	0	0.664396	0.6124394	1.283286e-05	4.513437e-11	0.0018946864	0.05818495	0.3336965	0.3293756
20009	SAS	SAS	shared_plus_specific	2000	order_mismatch	1	1.0685428e-06	7.422736e-07	0.9999857	0.999253	6.754324e-06	0.0007461303	6.5354666e-06	9.008339e-08
20009	SAS	SAS	shared_plus_specific	2000	sign_corruption	2	2.9467285e-06	0.039431088	0.0004114176	6.683386e-05	0.9995604	0.9398124	2.5214831e-05	0.02068966
20009	SAS	AMR	shared_plus_specific	2000	ld_mismatch	3	0.52162224	0.47632787	5.7174682e-05	2.5404024e-11	0.024918444	0.15992239	0.45340216	0.36374983
20009	SAS	SAS	shared_plus_specific	20000	valid	0	0.9994664	0.19196741	8.859654e-09	8.810316e-07	2.531043e-06	0.6602349	0.0005310909	0.14779685
20009	SAS	SAS	shared_plus_specific	20000	order_mismatch	1	2.6341522e-06	2.6705104e-06	0.9999735	0.99989665	2.2041984e-05	0.000100459816	1.898909e-06	2.5293954e-07
20009	SAS	SAS	shared_plus_specific	20000	sign_corruption	2	1.1388605e-05	0.00471587	5.0447357e-05	0.02773567	0.9999346	0.9659521	3.5364917e-06	0.0015963042
20009	SAS	AMR	shared_plus_specific	20000	ld_mismatch	3	0.9672428	0.06846971	6.2646523e-06	1.4245975e-06	0.0029690622	0.8776684	0.029781908	0.053860445
20009	SAS	SAS	distinct_only	2000	valid	0	0.99677044	0.62688893	9.910668e-08	5.6596443e-13	1.0641531e-05	0.005354403	0.003218816	0.3677566
20009	SAS	SAS	distinct_only	2000	order_mismatch	1	1.9536114e-06	1.3004559e-06	0.99997777	0.998456	1.7838503e-05	0.0015424546	2.4356448e-06	2.1801989e-07
20009	SAS	SAS	distinct_only	2000	sign_corruption	2	1.6478531e-06	0.07156207	1.34672455e-05	1.0314977e-06	0.9999756	0.8635888	9.296848e-06	0.064848006
20009	SAS	AMR	distinct_only	2000	ld_mismatch	3	0.6796763	0.6199857	9.684651e-07	3.3583913e-13	0.00019204513	0.019193536	0.3201307	0.36082074
20009	SAS	SAS	distinct_only	20000	valid	0	0.9915727	0.625078	1.045965e-08	8.250703e-15	5.0210697e-06	0.008349436	0.00842227	0.36657256
20009	SAS	SAS	distinct_only	20000	order_mismatch	1	4.609808e-06	5.583914e-07	0.999969	0.9993641	2.4146912e-05	0.0006351838	2.1733013e-06	5.988651e-08
20009	SAS	SAS	distinct_only	20000	sign_corruption	2	1.2065854e-06	0.006125462	4.512481e-06	3.8084306e-07	0.9999587	0.988436	3.5539004e-05	0.005438223
20009	SAS	AMR	distinct_only	20000	ld_mismatch	3	0.6122326	0.62561053	3.7869306e-06	1.7396062e-15	0.0016900796	0.013176823	0.3860736	0.36121264
20009	AMR	AMR	shared_plus_specific	2000	valid	0	0.83750004	0.533036	1.621197e-05	1.073707e-14	0.026267042	0.19915156	0.13621669	0.26781246
20009	AMR	AMR	shared_plus_specific	2000	order_mismatch	1	9.271924e-07	1.15830005e-07	0.9997759	0.99932086	3.139762e-06	0.00067906315	0.00022006947	9.516977e-09
20009	AMR	AMR	shared_plus_specific	2000	sign_corruption	2	8.303301e-06	0.0003419102	6.514476e-05	1.0711225e-07	0.9999055	0.99939406	2.1068045e-05	0.00026384566
20009	AMR	SAS	shared_plus_specific	2000	ld_mismatch	3	0.01068573	0.49943444	5.5915615e-07	4.2660659e-13	0.0013487451	0.1026489	0.98796505	0.39791664
20009	AMR	AMR	shared_plus_specific	20000	valid	0	0.9948561	0.2309278	1.6544307e-05	1.2460319e-05	0.001190918	0.6760305	0.0039364626	0.09302923
20009	AMR	AMR	shared_plus_specific	20000	order_mismatch	1	7.528185e-07	9.8857306e-08	0.99989986	0.9999683	1.6891512e-05	3.157457e-05	8.24542e-05	7.851684e-09
20009	AMR	AMR	shared_plus_specific	20000	sign_corruption	2	7.188166e-05	0.0002464543	0.0014975878	0.0019598913	0.99835366	0.9976457	7.690276e-05	0.00014797226
20009	AMR	SAS	shared_plus_specific	20000	ld_mismatch	3	0.9948953	0.32646298	9.944911e-06	1.6242588e-05	0.0002473082	0.45344895	0.0048474395	0.22007184
20009	AMR	AMR	distinct_only	2000	valid	0	0.99808836	0.59999746	6.1433985e-07	2.3993513e-15	0.0008010212	0.0031094565	0.0011100578	0.39689308
20009	AMR	AMR	distinct_only	2000	order_mismatch	1	2.77192e-05	1.0486427e-06	0.99850035	0.9974503	4.0384606e-05	0.002548557	0.0014315374	1.5093896e-07
20009	AMR	AMR	distinct_only	2000	sign_corruption	2	1.6870396e-06	0.15168351	1.02969825e-05	1.0006721e-08	0.9999849	0.6950373	3.0896772e-06	0.1532792
20009	AMR	SAS	distinct_only	2000	ld_mismatch	3	0.021305025	0.39456543	8.039264e-07	9.730193e-12	0.0025454762	0.004346754	0.9761486	0.6010878
20009	AMR	AMR	distinct_only	20000	valid	0	0.98740417	0.6827597	2.6491648e-07	2.2461408e-16	0.00010193281	0.013951601	0.012493633	0.30328876
20009	AMR	AMR	distinct_only	20000	order_mismatch	1	1.4751548e-06	3.577071e-08	0.9999547	0.9994822	1.0165083e-05	0.0005178082	3.377334e-05	3.425348e-09
20009	AMR	AMR	distinct_only	20000	sign_corruption	2	9.086698e-07	0.0030351942	9.842886e-06	1.6151116e-08	0.99998635	0.9942941	2.834424e-06	0.0026707265
20009	AMR	SAS	distinct_only	20000	ld_mismatch	3	0.7270468	0.57712	2.9375336e-08	7.778454e-15	4.7340178e-05	0.00753372	0.2729058	0.4153463
20010	SAS	SAS	shared_plus_specific	2000	valid	0	0.9558508	0.2258237	9.505901e-09	7.077078e-07	2.942478e-05	0.037724696	0.04411979	0.7364509
20010	SAS	SAS	shared_plus_specific	2000	order_mismatch	1	1.0347077e-05	0.00032006492	0.99958056	0.99829143	0.00038165462	0.0012897368	2.7443311e-05	9.876032e-05
20010	SAS	SAS	shared_plus_specific	2000	sign_corruption	2	6.8029567e-06	0.027769532	2.7217442e-05	0.016372342	0.9999576	0.92220366	8.354797e-06	0.03365444
20010	SAS	AMR	shared_plus_specific	2000	ld_mismatch	3	0.8410454	0.19054677	3.5926615e-08	8.0706656e-07	3.79378e-05	0.03393957	0.15891667	0.7755129
20010	SAS	SAS	shared_plus_specific	20000	valid	0	0.9996846	0.30920914	2.2826472e-09	1.7173848e-09	1.9981967e-06	0.0059031546	0.00031342547	0.6848877
20010	SAS	SAS	shared_plus_specific	20000	order_mismatch	1	5.6037056e-06	0.0020238284	0.9998741	0.9971095	9.507637e-05	0.0003047403	2.5242305e-05	0.0005619773
20010	SAS	SAS	shared_plus_specific	20000	sign_corruption	2	2.719089e-06	0.04289116	3.6090985e-06	0.00090801355	0.9999907	0.88035697	2.9438604e-06	0.07584386
20010	SAS	AMR	shared_plus_specific	20000	ld_mismatch	3	0.81391144	0.37111264	3.5562758e-07	8.186064e-10	0.0018144808	0.016732454	0.18427378	0.6121549
20010	SAS	SAS	distinct_only	2000	valid	0	0.8708356	0.10285427	2.3667933e-06	1.0859293e-05	0.00012432139	0.89619523	0.12903768	0.0009395991
20010	SAS	SAS	distinct_only	2000	order_mismatch	1	1.0731573e-06	4.4427547e-06	0.99998236	0.9999199	1.3601112e-05	7.529838e-05	2.931326e-06	3.570114e-07
20010	SAS	SAS	distinct_only	2000	sign_corruption	2	0.0028434433	0.00036618818	0.011908378	0.44344854	0.88402206	0.55617434	0.101226084	1.095476e-05
20010	SAS	AMR	distinct_only	2000	ld_mismatch	3	0.8693471	0.021355357	1.1094595e-06	7.733465e-06	6.459372e-05	0.978396	0.13058718	0.00024088251
20010	SAS	SAS	distinct_only	20000	valid	0	0.98480004	0.48124894	1.5103134e-05	1.4036577e-05	0.0005100152	0.51626784	0.014674921	0.0024691636
20010	SAS	SAS	distinct_only	20000	order_mismatch	1	1.8510595e-07	3.9692077e-06	0.9999836	0.9997243	3.9982356e-06	0.00027119607	1.218695e-05	4.7469123e-07
20010	SAS	SAS	distinct_only	20000	sign_corruption	2	0.016804827	0.00024210512	0.1368894	0.37382203	0.82692313	0.62592787	0.019382617	7.981492e-06
20010	SAS	AMR	distinct_only	20000	ld_mismatch	3	0.98938483	0.20978533	3.2571734e-06	6.2033146e-06	0.00018488226	0.78919804	0.0104270475	0.0010104249
20010	AMR	AMR	shared_plus_specific	2000	valid	0	0.9979177	0.35697716	2.05654e-06	0.00036817766	7.456363e-05	0.51755005	0.0020056353	0.1251046
20010	AMR	AMR	shared_plus_specific	2000	order_mismatch	1	6.782368e-07	1.5661524e-06	0.999949	0.99985635	1.5788231e-05	0.0001418423	3.4599823e-05	2.1044085e-07
20010	AMR	AMR	shared_plus_specific	2000	sign_corruption	2	8.2749735e-05	0.00077011675	0.00019564437	0.10572015	0.99956137	0.89320767	0.00016023185	0.00030205297
20010	AMR	SAS	shared_plus_specific	2000	ld_mismatch	3	0.9971803	0.5759281	4.500182e-06	0.0001718633	0.00013877053	0.081914626	0.002676449	0.3419854
20010	AMR	AMR	shared_plus_specific	20000	valid	0	0.99950004	0.4438145	3.6032763e-08	1.0389893e-08	9.013856e-06	0.24219908	0.000490924	0.3139864
20010	AMR	AMR	shared_plus_specific	20000	order_mismatch	1	3.686542e-07	9.747917e-05	0.99995583	0.9991578	1.7688324e-05	0.00071969576	2.6185795e-05	2.5100751e-05
20010	AMR	AMR	shared_plus_specific	20000	sign_corruption	2	1.1099021e-05	0.0019221599	6.271615e-06	0.00041195666	0.9999593	0.9954347	2.3372602e-05	0.0022310887
20010	AMR	SAS	shared_plus_specific	20000	ld_mismatch	3	0.9983866	0.45093173	1.8923997e-08	4.6095865e-09	6.7525402e-06	0.023581872	0.0016067039	0.5254864
20010	AMR	AMR	distinct_only	2000	valid	0	0.69925547	0.4298763	1.6742307e-06	2.5085074e-05	0.0001855833	0.5648677	0.30055723	0.005230907
20010	AMR	AMR	distinct_only	2000	order_mismatch	1	8.332824e-07	2.0965422e-06	0.9996197	0.9952799	4.0694966e-05	0.004717601	0.0003387709	3.1891454e-07
20010	AMR	AMR	distinct_only	2000	sign_corruption	2	0.000659562	0.002365453	0.0009438496	0.018730199	0.99309844	0.97881764	0.005298212	8.6665175e-05
20010	AMR	SAS	distinct_only	2000	ld_mismatch	3	0.8797148	0.5956203	1.9683348e-06	2.2562865e-05	0.00019209938	0.39400193	0.12009112	0.010355249
20010	AMR	AMR	distinct_only	20000	valid	0	0.9971275	0.087817945	3.0518215e-06	0.0004947706	8.707557e-05	0.91114575	0.0027824624	0.0005415921
20010	AMR	AMR	distinct_only	20000	order_mismatch	1	2.3201414e-07	6.032025e-07	0.9999649	0.9993018	4.5630172e-06	0.00069760333	3.0278687e-05	5.8698223e-08
20010	AMR	AMR	distinct_only	20000	sign_corruption	2	0.014317698	4.1333242e-05	0.066046394	0.51677406	0.8909664	0.4831833	0.028669482	1.314786e-06
20010	AMR	SAS	distinct_only	20000	ld_mismatch	3	0.9968197	0.1955148	1.3020656e-05	0.00160228	0.00049937173	0.8013559	0.0026680424	0.001526998
20011	SAS	SAS	shared_plus_specific	2000	valid	0	0.99763465	0.89238715	3.9908645e-08	4.909148e-16	3.3558594e-05	9.982678e-05	0.0023317551	0.10751302
20011	SAS	SAS	shared_plus_specific	2000	order_mismatch	1	2.4529604e-06	0.00024889814	0.99992555	0.9994641	2.8654724e-05	0.00023121735	4.3389653e-05	5.578176e-05
20011	SAS	SAS	shared_plus_specific	2000	sign_corruption	2	0.007046265	0.67670125	0.00042815448	1.374592e-07	0.9916744	0.123056166	0.0008512195	0.20024246
20011	SAS	AMR	shared_plus_specific	2000	ld_mismatch	3	0.99882	0.897068	2.624901e-08	8.087846e-15	2.0160778e-05	0.0019638683	0.0011598631	0.100968085
20011	SAS	SAS	shared_plus_specific	20000	valid	0	0.9989345	0.9398059	4.620048e-08	5.6678447e-14	2.6362315e-05	0.00029574713	0.0010390374	0.05989837
20011	SAS	SAS	shared_plus_specific	20000	order_mismatch	1	5.162342e-07	0.0006219518	0.9999524	0.99886155	1.4056655e-05	0.00035295074	3.3014207e-05	0.00016355218
20011	SAS	SAS	shared_plus_specific	20000	sign_corruption	2	0.0021406983	0.63421345	0.0005731617	5.1002894e-06	0.9971655	0.25357938	0.00012071105	0.11220216
20011	SAS	AMR	shared_plus_specific	20000	ld_mismatch	3	0.9994429	0.944525	2.2012186e-08	3.5113687e-13	1.0204588e-05	0.0032850518	0.000546887	0.05218986
20011	SAS	SAS	distinct_only	2000	valid	0	0.96509916	0.04524241	2.7141452e-05	0.0016288215	0.001645749	0.95289445	0.03322782	0.0002343142
20011	SAS	SAS	distinct_only	2000	order_mismatch	1	4.429647e-07	7.967134e-06	0.99994296	0.9981097	1.1052981e-05	0.0018810125	4.552436e-05	1.2664651e-06
20011	SAS	SAS	distinct_only	2000	sign_corruption	2	0.11141974	7.565273e-05	0.08335164	0.40937948	0.669667	0.5905432	0.13556163	1.6439384e-06
20011	SAS	AMR	distinct_only	2000	ld_mismatch	3	0.8971903	0.009871086	1.5448786e-05	0.00042689987	0.0012385937	0.9896494	0.1015557	5.262081e-05
20011	SAS	SAS	distinct_only	20000	valid	0	0.9994025	0.014115358	2.091461e-06	0.0049933186	0.00020064849	0.98070174	0.00039468918	0.0001895728
20011	SAS	SAS	distinct_only	20000	order_mismatch	1	5.4145045e-07	5.962377e-05	0.99993247	0.97597176	3.945753e-05	0.023955062	2.7565178e-05	1.3643872e-05
20011	SAS	SAS	distinct_only	20000	sign_corruption	2	0.0005819567	1.50930555e-05	0.0053409724	0.7818389	0.99332666	0.21814519	0.00075038406	8.793995e-07
20011	SAS	AMR	distinct_only	20000	ld_mismatch	3	0.99897355	0.023914265	3.7426935e-07	0.00023979778	0.00010206964	0.9755315	0.0009240389	0.00031447082
20011	AMR	AMR	shared_plus_specific	2000	valid	0	0.93557507	0.7494881	2.9457455e-08	1.0669402e-17	1.2436867e-05	5.6032753e-05	0.06441241	0.25045592
20011	AMR	AMR	shared_plus_specific	2000	order_mismatch	1	6.8365426e-07	0.00022339715	0.9994424	0.9996182	3.567723e-05	0.00010926743	0.00052119966	4.90424e-05
20011	AMR	AMR	shared_plus_specific	2000	sign_corruption	2	6.367345e-06	0.39207962	2.6653288e-05	2.5935668e-07	0.9998618	0.27564663	0.00010517924	0.3322734
20011	AMR	SAS	shared_plus_specific	2000	ld_mismatch	3	0.9740794	0.71364105	3.4094185e-08	5.9929085e-16	1.793237e-05	8.18732e-05	0.025902592	0.28627715
20011	AMR	AMR	shared_plus_specific	20000	valid	0	0.9991107	0.96454775	4.1838746e-08	1.039344e-12	1.9004581e-05	0.008496981	0.0008701603	0.026955301
20011	AMR	AMR	shared_plus_specific	20000	order_mismatch	1	8.272843e-07	9.318169e-05	0.9999177	0.99958795	2.42588e-05	0.0002960057	5.7241446e-05	2.2876984e-05
20011	AMR	AMR	shared_plus_specific	20000	sign_corruption	2	0.00055501866	0.0060582724	0.0009028495	0.0001628905	0.99846	0.9928027	8.212272e-05	0.0009761931
20011	AMR	SAS	shared_plus_specific	20000	ld_mismatch	3	0.9960392	0.9456936	2.9773253e-07	1.50373e-11	0.00010752695	0.002247208	0.0038529492	0.052059177
20011	AMR	AMR	distinct_only	2000	valid	0	0.92998296	0.81719095	1.2476848e-07	3.803384e-14	0.00013366876	0.00022861926	0.06988328	0.18258041
20011	AMR	AMR	distinct_only	2000	order_mismatch	1	5.17966e-05	0.00020026573	0.9616966	0.9992106	9.04117e-05	0.00046403945	0.038161125	0.00012502394
20011	AMR	AMR	distinct_only	2000	sign_corruption	2	1.6434995e-05	0.28072077	3.451809e-05	4.460637e-05	0.9998748	0.54771215	7.432111e-05	0.1715225
20011	AMR	SAS	distinct_only	2000	ld_mismatch	3	0.9955514	0.7679076	2.1797064e-08	4.4389485e-11	4.6110872e-05	0.000564929	0.0044024168	0.23152748
20011	AMR	AMR	distinct_only	20000	valid	0	0.6987729	0.7935028	2.7331427e-05	2.3315047e-06	0.0013914659	0.19871409	0.2998083	0.007780742
20011	AMR	AMR	distinct_only	20000	order_mismatch	1	6.534826e-07	1.24877415e-05	0.9993202	0.9939406	9.1214235e-05	0.006041878	0.00058796944	5.1424868e-06
20011	AMR	AMR	distinct_only	20000	sign_corruption	2	0.093492925	0.0005681776	0.0033365635	0.041969713	0.68761307	0.9574338	0.2155574	2.8317885e-05
20011	AMR	SAS	distinct_only	20000	ld_mismatch	3	0.503949	0.2845595	3.5813962e-05	0.0006940305	0.00081882166	0.709651	0.49519634	0.005095456
20012	SAS	SAS	shared_plus_specific	2000	valid	0	0.8410943	0.5005591	2.5643446e-08	4.7053867e-12	2.5818104e-05	0.0023154325	0.15887985	0.49712548
20012	SAS	SAS	shared_plus_specific	2000	order_mismatch	1	4.0896743e-06	0.00024640988	0.9999492	0.9989071	4.2853997e-05	0.00079336175	3.8261483e-06	5.3243137e-05
20012	SAS	SAS	shared_plus_specific	2000	sign_corruption	2	1.01453315e-05	0.018445933	1.2319554e-05	5.4983543e-06	0.99996805	0.9483338	9.489126e-06	0.033214837
20012	SAS	AMR	shared_plus_specific	2000	ld_mismatch	3	0.90090775	0.33045474	1.218477e-07	1.0864442e-11	2.9457982e-05	0.004156284	0.09906265	0.66538894
20012	SAS	SAS	shared_plus_specific	20000	valid	0	0.93189746	0.8244685	3.4798997e-08	3.623625e-08	4.49998e-06	0.0030506495	0.06809794	0.17248093
20012	SAS	SAS	shared_plus_specific	20000	order_mismatch	1	2.1545152e-06	0.00022013237	0.9999382	0.9993272	5.544104e-05	0.00041229892	4.2452352e-06	4.0404964e-05
20012	SAS	SAS	shared_plus_specific	20000	sign_corruption	2	1.1235864e-05	0.0038146519	7.552195e-05	0.0030377707	0.99987346	0.99013454	3.9734445e-05	0.0030130828
20012	SAS	AMR	shared_plus_specific	20000	ld_mismatch	3	0.898417	0.73517394	8.464318e-09	5.285011e-07	3.804945e-06	0.036444202	0.10157918	0.22838135
20012	SAS	SAS	distinct_only	2000	valid	0	0.85373855	0.55193675	1.8258795e-08	6.622984e-10	3.9044262e-05	0.007162281	0.14622234	0.44090095
20012	SAS	SAS	distinct_only	2000	order_mismatch	1	5.219221e-06	0.020065866	0.99981785	0.9688655	9.857846e-05	0.0046472177	7.839957e-05	0.00642141
20012	SAS	SAS	distinct_only	2000	sign_corruption	2	1.56566e-05	0.1798248	9.311515e-06	9.532292e-05	0.9999611	0.6130143	1.3954267e-05	0.20706566
20012	SAS	AMR	distinct_only	2000	ld_mismatch	3	0.8670822	0.48670205	1.3639993e-07	1.0653412e-10	0.0005189087	0.005514904	0.13239878	0.50778306
20012	SAS	SAS	distinct_only	20000	valid	0	0.9682639	0.68135107	5.6342064e-06	1.4932968e-06	0.0005008827	0.3089113	0.031229498	0.009736145
20012	SAS	SAS	distinct_only	20000	order_mismatch	1	5.665394e-06	0.00021518304	0.99986583	0.9192752	0.00012250034	0.08046042	5.931197e-06	4.9088358e-05
20012	SAS	SAS	distinct_only	20000	sign_corruption	2	0.0005639487	0.0015139465	0.000375406	0.014443878	0.998883	0.9839631	0.00017763306	7.909977e-05
20012	SAS	AMR	distinct_only	20000	ld_mismatch	3	0.75573677	0.90944964	5.529129e-06	3.4342037e-08	0.0007268915	0.0712201	0.24353087	0.019330312
20012	AMR	AMR	shared_plus_specific	2000	valid	0	0.8569093	0.012830268	0.0013229745	0.025911266	0.118925184	0.9604562	0.022842504	0.0008022948
20012	AMR	AMR	shared_plus_specific	2000	order_mismatch	1	3.8787034e-06	0.00026118368	0.9763344	0.98850644	0.02289894	0.011163748	0.0007627823	6.872684e-05
20012	AMR	AMR	shared_plus_specific	2000	sign_corruption	2	0.0002683586	6.864328e-05	0.037683945	0.8719017	0.96032137	0.12802021	0.0017263017	9.465137e-06
20012	AMR	SAS	shared_plus_specific	2000	ld_mismatch	3	0.38089752	0.0053425576	0.032078546	0.9160455	0.30253217	0.078146845	0.28449175	0.0004651042
20012	AMR	AMR	shared_plus_specific	20000	valid	0	0.99956656	0.60927814	3.7212697e-08	0.00074580184	3.2599237e-06	0.34234005	0.00043011384	0.047636047
20012	AMR	AMR	shared_plus_specific	20000	order_mismatch	1	7.5558214e-06	3.35679e-05	0.99994737	0.99927133	3.5628138e-05	0.0006886271	9.3632525e-06	6.4231554e-06
20012	AMR	AMR	shared_plus_specific	20000	sign_corruption	2	5.5647994e-05	0.00047373553	6.8206515e-05	0.13842906	0.9998419	0.8609543	3.4208173e-05	0.00014299492
20012	AMR	SAS	shared_plus_specific	20000	ld_mismatch	3	0.9145262	0.7135144	1.992849e-06	0.0022696413	3.6680303e-05	0.22543362	0.08543507	0.058782358
20012	AMR	AMR	distinct_only	2000	valid	0	0.9398497	0.39199916	3.9506122e-07	7.1151617e-06	3.1377785e-05	0.5986242	0.060118627	0.009369582
20012	AMR	AMR	distinct_only	2000	order_mismatch	1	5.411186e-07	0.00015325891	0.9999283	0.9960013	4.6494883e-05	0.0038006236	2.4618697e-05	4.474361e-05
20012	AMR	AMR	distinct_only	2000	sign_corruption	2	0.00923621	0.0021557875	0.00043972817	0.013045333	0.9885188	0.98463225	0.0018052873	0.0001667026
20012	AMR	SAS	distinct_only	2000	ld_mismatch	3	0.9447591	0.6721988	1.7247116e-06	4.0488598e-05	0.00013129042	0.31068236	0.055107906	0.01707835
20012	AMR	AMR	distinct_only	20000	valid	0	0.7743509	0.8765716	1.9125016e-05	5.7509137e-08	0.0005785778	0.11177754	0.22505133	0.011650751
20012	AMR	AMR	distinct_only	20000	order_mismatch	1	8.344109e-05	0.0012078199	0.9978001	0.6872903	0.0020946066	0.31106538	2.1818914e-05	0.00043641875
20012	AMR	AMR	distinct_only	20000	sign_corruption	2	0.28893003	0.0007917663	0.00134566	0.0066951225	0.7083127	0.99244434	0.0014116267	6.8699905e-05
20012	AMR	SAS	distinct_only	20000	ld_mismatch	3	0.6553688	0.4219631	4.853863e-05	1.2267205e-05	0.00037558711	0.5700346	0.34420708	0.007990051
20013	SAS	SAS	shared_plus_specific	2000	valid	0	0.07171176	0.7157647	1.9930955e-07	1.8180395e-05	7.5118783e-06	0.2737473	0.92828053	0.010469832
20013	SAS	SAS	shared_plus_specific	2000	order_mismatch	1	7.413093e-07	8.443406e-05	0.99993676	0.9985455	2.3278822e-05	0.0013571677	3.913854e-05	1.2943047e-05
20013	SAS	SAS	shared_plus_specific	2000	sign_corruption	2	0.007912676	0.02209252	0.00037052276	0.1130747	0.37980363	0.8638973	0.61191314	0.0009354091
20013	SAS	AMR	shared_plus_specific	2000	ld_mismatch	3	0.6901124	0.5996576	6.2828923e-07	2.6821666e-05	2.2276843e-05	0.38971746	0.30986464	0.01059811
20013	SAS	SAS	shared_plus_specific	20000	valid	0	0.6319749	0.9422546	8.9064805e-08	2.8760397e-08	7.429251e-06	0.0021200906	0.36801764	0.05562529
20013	SAS	SAS	shared_plus_specific	20000	order_mismatch	1	3.1462614e-06	0.00015706524	0.9998665	0.9996499	9.343612e-05	0.00017076495	3.6928377e-05	2.2230513e-05
20013	SAS	SAS	shared_plus_specific	20000	sign_corruption	2	0.00016310894	0.02072225	5.349494e-05	0.028809259	0.9930294	0.9427415	0.0067538437	0.007727015
20013	SAS	AMR	shared_plus_specific	20000	ld_mismatch	3	0.95926386	0.87864697	2.2644011e-08	3.9793198e-07	3.1034826e-06	0.048213586	0.04073295	0.07313898
20013	SAS	SAS	distinct_only	2000	valid	0	0.971936	0.8184858	1.4777665e-06	7.3620124e-11	0.00014458159	0.008400134	0.027918002	0.17311405
20013	SAS	SAS	distinct_only	2000	order_mismatch	1	3.546654e-06	0.0004841245	0.9930361	0.9989674	1.5436835e-05	0.00028781386	0.006944874	0.00026065423
20013	SAS	SAS	distinct_only	2000	sign_corruption	2	7.073578e-05	0.48869675	0.0008628557	0.0003197418	0.99894303	0.36048877	0.00012332168	0.15049475
20013	SAS	AMR	distinct_only	2000	ld_mismatch	3	0.8008809	0.7591555	1.4730428e-07	5.919831e-10	7.000077e-05	0.01203263	0.19904889	0.22881177
20013	SAS	SAS	distinct_only	20000	valid	0	0.94702834	0.975294	1.143122e-05	9.834776e-09	0.001583255	0.011781389	0.051376913	0.012924606
20013	SAS	SAS	distinct_only	20000	order_mismatch	1	1.8405184e-06	6.538341e-05	0.9999218	0.998931	5.319767e-06	0.0009914223	7.1016104e-05	1.2110781e-05
20013	SAS	SAS	distinct_only	20000	sign_corruption	2	0.1367837	0.050561406	0.0019851297	0.1581682	0.85605747	0.78893065	0.005173678	0.0023397352
20013	SAS	AMR	distinct_only	20000	ld_mismatch	3	0.9741571	0.92645496	7.1977192e-06	9.8260706e-08	0.0025265485	0.036100466	0.02330921	0.037444405
20013	AMR	AMR	shared_plus_specific	2000	valid	0	0.9972517	0.50778854	1.1868173e-07	3.2486194e-05	2.4096678e-05	0.3420187	0.002724122	0.15016028
20013	AMR	AMR	shared_plus_specific	2000	order_mismatch	1	4.985171e-06	0.0034563094	0.99989223	0.9897626	5.248841e-05	0.0057026823	5.0298677e-05	0.0010783789
20013	AMR	AMR	shared_plus_specific	2000	sign_corruption	2	4.194463e-06	0.0019848926	3.3442306e-05	0.024377696	0.99957055	0.9727376	0.00039185092	0.0008998948
20013	AMR	SAS	shared_plus_specific	2000	ld_mismatch	3	0.42392516	0.22955292	4.4392373e-06	0.011108978	5.413046e-05	0.6705925	0.5760163	0.08874558
20013	AMR	AMR	shared_plus_specific	20000	valid	0	0.99845856	0.78719646	6.6975687e-09	1.1475235e-13	8.056016e-06	0.0060782237	0.0015333573	0.20672537
20013	AMR	AMR	shared_plus_specific	20000	order_mismatch	1	1.7195867e-05	0.0006012542	0.999808	0.9983627	0.00016840856	0.0009409177	6.477958e-06	9.5080344e-05
20013	AMR	AMR	shared_plus_specific	20000	sign_corruption	2	3.3344513e-06	0.1458548	1.9640859e-06	1.8167844e-07	0.999984	0.7763537	1.0616983e-05	0.077791356
20013	AMR	SAS	shared_plus_specific	20000	ld_mismatch	3	0.59309775	0.738335	2.8622587e-08	2.5103596e-11	1.9159323e-05	0.002142512	0.40688303	0.25952253
20013	AMR	AMR	distinct_only	2000	valid	0	0.9319946	0.43426555	3.7285693e-06	3.0198296e-05	0.0006094988	0.5567629	0.06739219	0.008941378
20013	AMR	AMR	distinct_only	2000	order_mismatch	1	3.187349e-06	5.2812622e-05	0.9997533	0.99586606	0.00017664341	0.004067285	6.69057e-05	1.3892653e-05
20013	AMR	AMR	distinct_only	2000	sign_corruption	2	0.090171486	0.03847906	0.0025040815	0.011575027	0.78492635	0.9485595	0.12239808	0.0013864312
20013	AMR	SAS	distinct_only	2000	ld_mismatch	3	0.15730104	0.2649125	9.366406e-06	0.00024539357	6.9482114e-05	0.73151773	0.84262013	0.0033244002
20013	AMR	AMR	distinct_only	20000	valid	0	0.9990576	0.77059126	3.6016831e-07	1.2458672e-07	0.00011911154	0.13218841	0.00082291703	0.09722021
20013	AMR	AMR	distinct_only	20000	order_mismatch	1	0.00017534441	8.371277e-05	0.9800844	0.1991714	0.019714976	0.8007135	2.5195686e-05	3.138732e-05
20013	AMR	AMR	distinct_only	20000	sign_corruption	2	0.0030531613	0.14590168	0.00032015203	0.000111303714	0.99654704	0.83005095	7.962025e-05	0.023936085
20013	AMR	SAS	distinct_only	20000	ld_mismatch	3	0.8996914	0.48528475	5.3362896e-06	8.2168845e-05	0.0003554148	0.43232462	0.09994782	0.082308464
20014	SAS	SAS	shared_plus_specific	2000	valid	0	0.8199164	0.3646706	3.2761324e-08	4.466994e-05	5.240095e-06	0.018184828	0.18007834	0.6170999
20014	SAS	SAS	shared_plus_specific	2000	order_mismatch	1	1.0532727e-06	0.0040115905	0.99968237	0.98487353	2.2118009e-05	0.00938573	0.00029452826	0.0017291242
20014	SAS	SAS	shared_plus_specific	2000	sign_corruption	2	1.8842276e-05	0.0031123904	8.028948e-05	0.00812593	0.99985236	0.9843992	4.849599e-05	0.004362416
20014	SAS	AMR	shared_plus_specific	2000	ld_mismatch	3	0.9906606	0.3108071	1.1017398e-08	4.2456308e-05	2.453457e-06	0.023807673	0.009337003	0.66534275
20014	SAS	SAS	shared_plus_specific	20000	valid	0	0.8902529	0.0056652725	7.623253e-06	0.060234096	0.000106485735	0.93345344	0.10963302	0.00064717
20014	SAS	SAS	shared_plus_specific	20000	order_mismatch	1	4.615356e-06	0.00037156628	0.9985953	0.9876208	0.001371278	0.0119524	2.8797253e-05	5.5265406e-05
20014	SAS	SAS	shared_plus_specific	20000	sign_corruption	2	0.00016645338	8.329065e-05	0.0020367356	0.8866397	0.9977818	0.11326322	1.5016143e-05	1.3861428e-05
20014	SAS	AMR	shared_plus_specific	20000	ld_mismatch	3	0.72565913	0.051478576	5.8681906e-07	0.011828726	5.9580925e-05	0.9299282	0.27428073	0.0067645456
20014	SAS	SAS	distinct_only	2000	valid	0	0.86684173	0.00014767509	0.00055367796	0.9444143	0.006859033	0.055423114	0.1257456	1.4810773e-05
20014	SAS	SAS	distinct_only	2000	order_mismatch	1	1.2008112e-06	0.0013931276	0.9998234	0.8884556	6.0575356e-05	0.10966522	0.00011475922	0.0004859079
20014	SAS	SAS	distinct_only	2000	sign_corruption	2	0.0015175025	3.3843164e-06	0.19059508	0.9785317	0.8024648	0.021464378	0.005422525	5.105496e-07
20014	SAS	AMR	distinct_only	2000	ld_mismatch	3	0.44327745	3.757228e-05	0.00018702802	0.9692954	0.002167741	0.03066283	0.5543678	4.315123e-06
20014	SAS	SAS	distinct_only	20000	valid	0	0.9902362	0.33796537	8.894566e-09	2.4228404e-05	3.31585e-06	0.57464176	0.009760537	0.087368675
20014	SAS	SAS	distinct_only	20000	order_mismatch	1	2.3728503e-06	2.4661447e-06	0.99977773	0.99147415	0.00017888543	0.008523021	4.1089796e-05	2.972213e-07
20014	SAS	SAS	distinct_only	20000	sign_corruption	2	2.1713056e-05	3.2649616e-05	1.4326481e-05	0.00043290426	0.9999385	0.9995197	2.5442017e-05	1.4803257e-05
20014	SAS	AMR	distinct_only	20000	ld_mismatch	3	0.98208874	0.049602322	3.0205566e-08	6.491679e-05	4.474258e-06	0.9237032	0.017906778	0.026629563
20014	AMR	AMR	shared_plus_specific	2000	valid	0	0.89413816	0.33917126	0.0006066527	0.0005483763	0.10183161	0.5782085	0.003423636	0.082071885
20014	AMR	AMR	shared_plus_specific	2000	order_mismatch	1	0.00013594354	0.0067013423	0.7443347	0.1096386	0.2512922	0.88080776	0.004237201	0.0028522972
20014	AMR	AMR	shared_plus_specific	2000	sign_corruption	2	0.0056796395	0.01023005	0.24392815	0.24103823	0.7501059	0.74620295	0.00028630852	0.0025287967
20014	AMR	SAS	shared_plus_specific	2000	ld_mismatch	3	0.67547655	0.023030449	0.10946301	0.07593329	0.015196164	0.8919782	0.19986431	0.009058087
20014	AMR	AMR	shared_plus_specific	20000	valid	0	0.99706906	0.4058879	3.2038315e-07	4.8407674e-06	2.9974768e-05	0.4885721	0.0029006815	0.10553515
20014	AMR	AMR	shared_plus_specific	20000	order_mismatch	1	0.00023266494	0.012975849	0.81425405	0.9114262	0.18525404	0.07280493	0.00025923402	0.0027931172
20014	AMR	AMR	shared_plus_specific	20000	sign_corruption	2	3.6038822e-05	0.07853683	0.00018028029	0.03222207	0.9997789	0.868988	4.7177723e-06	0.020253055
20014	AMR	SAS	shared_plus_specific	20000	ld_mismatch	3	0.7498491	0.04021378	1.5302148e-05	0.0008444527	0.00038229674	0.9450363	0.24975331	0.013905475
20014	AMR	AMR	distinct_only	2000	valid	0	0.99849296	0.0016643755	1.0011751e-06	0.91225874	2.3828812e-05	0.08592149	0.0014821556	0.0001552879
20014	AMR	AMR	distinct_only	2000	order_mismatch	1	3.651174e-06	4.0310908e-07	0.99969727	0.99906164	3.658762e-05	0.00093788723	0.00026250305	6.5473856e-08
20014	AMR	AMR	distinct_only	2000	sign_corruption	2	0.00014895924	7.76271e-06	0.0006001612	0.503453	0.9976074	0.49653664	0.0016434452	2.570237e-06
20014	AMR	SAS	distinct_only	2000	ld_mismatch	3	0.99199414	0.000502267	1.075535e-05	0.9748668	0.00022261606	0.024582678	0.0077724396	4.8174603e-05
20014	AMR	AMR	distinct_only	20000	valid	0	0.99928504	0.49189037	2.9736933e-08	0.0008401435	3.3524059e-06	0.37731755	0.0007115723	0.12995195
20014	AMR	AMR	distinct_only	20000	order_mismatch	1	8.551328e-06	8.3596284e-08	0.9999506	0.9999478	1.4010896e-05	5.2132116e-05	2.6894684e-05	1.3649738e-08
20014	AMR	AMR	distinct_only	20000	sign_corruption	2	6.5398885e-06	1.0777479e-05	3.8779785e-05	0.001675564	0.99923635	0.99830425	0.00071837095	9.351794e-06
20014	AMR	SAS	distinct_only	20000	ld_mismatch	3	0.99264425	0.5901627	1.6839782e-07	0.002839812	1.6863994e-05	0.23963663	0.00733876	0.1673609
20015	SAS	SAS	shared_plus_specific	2000	valid	0	0.99420404	0.6880593	2.042615e-07	3.8381384e-16	6.143517e-05	8.170001e-05	0.005734263	0.31185904
20015	SAS	SAS	shared_plus_specific	2000	order_mismatch	1	1.8118099e-05	0.00023992156	0.9998972	0.99736834	4.709333e-05	0.0023263057	3.760296e-05	6.541968e-05
20015	SAS	SAS	shared_plus_specific	2000	sign_corruption	2	9.536641e-06	0.36228964	6.321e-05	3.1434058e-07	0.99992245	0.30875474	4.766207e-06	0.3289553
20015	SAS	AMR	shared_plus_specific	2000	ld_mismatch	3	0.9726801	0.6841134	3.6387118e-07	1.2627958e-17	8.59423e-05	9.876036e-05	0.027233578	0.31578782
20015	SAS	SAS	shared_plus_specific	20000	valid	0	0.99193573	0.61460954	1.3158224e-08	3.3249024e-17	6.504095e-06	0.00029455769	0.008057754	0.38509586
20015	SAS	SAS	shared_plus_specific	20000	order_mismatch	1	2.3656883e-06	5.954478e-05	0.999963	0.99440116	2.6554657e-05	0.0055276463	8.192578e-06	1.1780093e-05
20015	SAS	SAS	shared_plus_specific	20000	sign_corruption	2	1.5960724e-06	0.20933646	4.7207945e-06	1.2561334e-08	0.9999744	0.57766813	1.9226072e-05	0.21299532
20015	SAS	AMR	shared_plus_specific	20000	ld_mismatch	3	0.9581582	0.55996627	1.5557573e-07	5.3385033e-18	6.8183166e-05	0.0006159532	0.041773457	0.43941778
20015	SAS	SAS	distinct_only	2000	valid	0	0.8165736	0.06941233	2.9659948e-05	0.3271496	0.00019650142	0.59704953	0.18320026	0.0063885804
20015	SAS	SAS	distinct_only	2000	order_mismatch	1	1.1570141e-06	7.1086683e-06	0.9998105	0.99691963	0.00012776595	0.0030717957	6.0556587e-05	1.3668769e-06
20015	SAS	SAS	distinct_only	2000	sign_corruption	2	0.035752755	0.00014962764	0.008448369	0.63348484	0.9060412	0.36632743	0.04975769	3.811361e-05
20015	SAS	AMR	distinct_only	2000	ld_mismatch	3	0.54559106	0.0019440835	0.000111231224	0.69460213	0.0005298788	0.30317166	0.4537679	0.00028214793
20015	SAS	SAS	distinct_only	20000	valid	0	0.9979102	0.014319778	8.027063e-07	0.12627949	3.892126e-05	0.8582029	0.002050156	0.0011979345
20015	SAS	SAS	distinct_only	20000	order_mismatch	1	3.2519642e-07	1.24801645e-05	0.9999698	0.9887875	1.9242882e-05	0.011197773	1.0655174e-05	2.187472e-06
20015	SAS	SAS	distinct_only	20000	sign_corruption	2	0.00031741665	1.4530747e-05	0.0040989895	0.16330653	0.9955227	0.83667505	6.09205e-05	3.8578146e-06
20015	SAS	AMR	distinct_only	20000	ld_mismatch	3	0.99933505	0.0004745325	6.4676656e-06	0.37126905	0.00011272355	0.62821096	0.000545667	4.5478613e-05
20015	AMR	AMR	shared_plus_specific	2000	valid	0	0.9961193	0.80360293	8.174896e-07	2.6732815e-17	7.327033e-05	0.00040025424	0.0038065985	0.19599682
20015	AMR	AMR	shared_plus_specific	2000	order_mismatch	1	0.00036877804	8.178137e-05	0.998493	0.9976394	0.0006244082	0.0022666832	0.0005137434	1.2088942e-05
20015	AMR	AMR	shared_plus_specific	2000	sign_corruption	2	4.629393e-06	0.21250813	4.1800853e-05	4.5218793e-09	0.9999451	0.6839638	8.4658805e-06	0.103528045
20015	AMR	SAS	shared_plus_specific	2000	ld_mismatch	3	0.8546949	0.7734266	7.489336e-07	4.837952e-15	9.505386e-05	0.0009600719	0.14520928	0.22561336
20015	AMR	AMR	shared_plus_specific	20000	valid	0	0.9991503	0.6426102	2.2359468e-07	2.2685951e-18	5.3755968e-05	7.91973e-05	0.00079571526	0.35731053
20015	AMR	AMR	shared_plus_specific	20000	order_mismatch	1	0.00014648029	1.7486793e-05	0.9989229	0.9927335	0.0008064431	0.007244685	0.00012416506	4.2468923e-06
20015	AMR	AMR	shared_plus_specific	20000	sign_corruption	2	1.5126625e-06	0.08307338	7.463263e-06	2.026136e-09	0.9999878	0.8020162	3.308571e-06	0.1149104
20015	AMR	SAS	shared_plus_specific	20000	ld_mismatch	3	0.7167956	0.5134503	6.9703555e-07	9.029469e-16	0.00016808072	0.000372176	0.2830356	0.4861774
20015	AMR	AMR	distinct_only	2000	valid	0	0.9938512	0.00092858454	1.14742725e-05	0.25727674	0.0005531556	0.7417382	0.005584162	5.651026e-05
20015	AMR	AMR	distinct_only	2000	order_mismatch	1	2.1818846e-06	0.0004525541	0.8559499	0.6506161	0.13541567	0.3487842	0.008632218	0.00014713068
20015	AMR	AMR	distinct_only	2000	sign_corruption	2	0.0037546114	6.7108067e-06	0.16786869	0.9626342	0.8128889	0.037358463	0.015487775	7.2654626e-07
20015	AMR	SAS	distinct_only	2000	ld_mismatch	3	0.47460935	1.0507209e-05	0.31530195	0.99675757	0.10275328	0.0032311454	0.107335426	8.179101e-07
20015	AMR	AMR	distinct_only	20000	valid	0	0.9090988	0.005670603	5.9580005e-05	0.8534079	0.0002644252	0.14082736	0.090577275	9.4223404e-05
20015	AMR	AMR	distinct_only	20000	order_mismatch	1	1.5231568e-07	1.2480403e-05	0.99990493	0.9994312	7.489392e-06	0.0005547891	8.749872e-05	1.4475871e-06
20015	AMR	AMR	distinct_only	20000	sign_corruption	2	0.0018475897	2.3298264e-07	0.26964924	0.9636726	0.66479623	0.036327202	0.06370694	2.1903304e-08
20015	AMR	SAS	distinct_only	20000	ld_mismatch	3	0.7528848	0.00065146707	0.00016985851	0.9847964	0.0010018778	0.014533888	0.24594353	1.8282826e-05
20016	SAS	SAS	shared_plus_specific	2000	valid	0	0.75412893	0.6713197	1.3428721e-06	2.937957e-05	0.00014772674	0.07609958	0.2457221	0.25255132
20016	SAS	SAS	shared_plus_specific	2000	order_mismatch	1	2.9592863e-07	0.0034501222	0.99996585	0.9916431	2.606798e-05	0.0040875166	7.809043e-06	0.0008192539
20016	SAS	SAS	shared_plus_specific	2000	sign_corruption	2	1.2863981e-05	0.019791396	0.00012818413	0.08015302	0.9997075	0.8924675	0.00015142145	0.0075880312
20016	SAS	AMR	shared_plus_specific	2000	ld_mismatch	3	0.75772476	0.5552565	1.6314785e-05	3.2181226e-05	0.0032991574	0.13940638	0.23895973	0.30530494
20016	SAS	SAS	shared_plus_specific	20000	valid	0	0.66898507	0.60822964	1.7462902e-07	1.11298405e-05	3.0761945e-05	0.19327922	0.33098397	0.19847992
20016	SAS	SAS	shared_plus_specific	20000	order_mismatch	1	1.7755364e-06	0.00069556176	0.999963	0.9983633	2.7916203e-05	0.00085620536	7.2913645e-06	8.494479e-05
20016	SAS	SAS	shared_plus_specific	20000	sign_corruption	2	1.8313643e-06	0.067278184	4.598709e-05	0.063382044	0.99992496	0.8489462	2.7238539e-05	0.02039354
20016	SAS	AMR	shared_plus_specific	20000	ld_mismatch	3	0.8823314	0.50818014	6.3009315e-06	7.2822977e-06	0.01073585	0.18733236	0.10692654	0.30448022
20016	SAS	SAS	distinct_only	2000	valid	0	0.30348548	0.25944448	6.8883514e-07	2.1737543e-07	5.527784e-05	0.0013281611	0.6964585	0.7392271
20016	SAS	SAS	distinct_only	2000	order_mismatch	1	1.02884815e-05	0.0006161798	0.99981207	0.99816656	1.3822965e-05	0.00094836974	0.00016383563	0.00026892548
20016	SAS	SAS	distinct_only	2000	sign_corruption	2	4.926003e-06	0.049601004	2.4646472e-05	0.00024842037	0.9999242	0.8164395	4.6321733e-05	0.13371105
20016	SAS	AMR	distinct_only	2000	ld_mismatch	3	0.09051615	0.19808404	2.0769943e-07	1.0139945e-07	1.2171724e-05	0.0018781729	0.90947145	0.8000377
20016	SAS	SAS	distinct_only	20000	valid	0	0.9201643	0.5710701	1.1854225e-08	2.9484674e-08	4.013016e-06	0.0070429724	0.07983172	0.42188698
20016	SAS	SAS	distinct_only	20000	order_mismatch	1	5.972386e-06	3.724059e-05	0.99992543	0.999049	6.426001e-05	0.00090855063	4.298355e-06	5.132773e-06
20016	SAS	SAS	distinct_only	20000	sign_corruption	2	6.2719624e-07	0.000857563	5.0068315e-06	3.1277956e-05	0.9999599	0.99797326	3.4560002e-05	0.001137893
20016	SAS	AMR	distinct_only	20000	ld_mismatch	3	0.99604154	0.34553033	1.0322146e-08	4.1275893e-08	3.5453425e-06	0.009042985	0.0039549177	0.6454267
20016	AMR	AMR	shared_plus_specific	2000	valid	0	0.9600157	0.8240048	4.3350806e-07	8.727606e-06	3.86535e-05	0.15044595	0.03994518	0.025540551
20016	AMR	AMR	shared_plus_specific	2000	order_mismatch	1	6.8054946e-06	0.0002293785	0.9995044	0.98223007	0.00048664518	0.017492801	2.069868e-06	4.775825e-05
20016	AMR	AMR	shared_plus_specific	2000	sign_corruption	2	0.006390778	0.04200884	0.001083701	0.016399488	0.9923808	0.93896383	0.00014480889	0.0026278081
20016	AMR	SAS	shared_plus_specific	2000	ld_mismatch	3	0.63002163	0.81691617	2.1633114e-06	5.268394e-05	7.969171e-05	0.1444341	0.36989653	0.038597114
20016	AMR	AMR	shared_plus_specific	20000	valid	0	0.9998522	0.743928	1.081066e-07	0.00010079705	8.45013e-06	0.19659458	0.00013925902	0.05937659
20016	AMR	AMR	shared_plus_specific	20000	order_mismatch	1	3.963504e-06	0.00039942111	0.9997444	0.9965917	0.00025060156	0.0029401905	1.035745e-06	6.8831636e-05
20016	AMR	AMR	shared_plus_specific	20000	sign_corruption	2	5.6509463e-05	0.0041153105	0.000111453446	0.101262875	0.99982625	0.89381456	5.792768e-06	0.00080727536
20016	AMR	SAS	shared_plus_specific	20000	ld_mismatch	3	0.5171371	0.76289886	1.8129048e-06	0.00041847423	6.800499e-05	0.15027304	0.4827931	0.08640965
20016	AMR	AMR	distinct_only	2000	valid	0	0.9987431	0.5898154	6.841598e-08	0.0005754966	7.817922e-06	0.149843	0.0012489093	0.25976607
20016	AMR	AMR	distinct_only	2000	order_mismatch	1	0.00015958777	4.9909095e-06	0.998497	0.9996711	0.00019667619	0.00032334065	0.0011467101	6.35738e-07
20016	AMR	AMR	distinct_only	2000	sign_corruption	2	2.015611e-05	9.614086e-05	6.0699953e-05	0.016729783	0.9998765	0.9831009	4.2670432e-05	7.327708e-05
20016	AMR	SAS	distinct_only	2000	ld_mismatch	3	0.617886	0.5372667	1.3511495e-06	0.006424698	8.499175e-05	0.22143961	0.38202763	0.23486899
20016	AMR	AMR	distinct_only	20000	valid	0	0.9990613	0.5127503	2.237783e-09	1.3509329e-11	1.1146471e-06	0.0062437514	0.0009375645	0.4810059
20016	AMR	AMR	distinct_only	20000	order_mismatch	1	6.79908e-05	5.3528853e-05	0.99981385	0.9992118	0.00010842762	0.00072779483	9.758479e-06	6.9223897e-06
20016	AMR	AMR	distinct_only	20000	sign_corruption	2	2.3581854e-06	0.0037933758	1.7485462e-06	1.906295e-07	0.99997693	0.9892848	1.8893741e-05	0.0069216047
20016	AMR	SAS	distinct_only	20000	ld_mismatch	3	0.31782353	0.44871882	6.845683e-09	1.12997785e-10	5.9816207e-06	0.0068895095	0.68217045	0.5443917
20017	SAS	SAS	shared_plus_specific	2000	valid	0	0.99666566	0.12412003	2.0044306e-06	0.009824726	7.579401e-05	0.81895286	0.0032566066	0.047102418
20017	SAS	SAS	shared_plus_specific	2000	order_mismatch	1	6.084829e-06	0.0001244954	0.9999409	0.99364567	2.6464251e-05	0.00620241	2.6555941e-05	2.7456254e-05
20017	SAS	SAS	shared_plus_specific	2000	sign_corruption	2	0.0001536542	0.0019788423	0.00011275819	0.05309637	0.999728	0.9442069	5.5069318e-06	0.0007178869
20017	SAS	AMR	shared_plus_specific	2000	ld_mismatch	3	0.9983218	0.051957235	1.1227698e-05	0.032275077	0.00054479524	0.8908993	0.0011222626	0.024868432
20017	SAS	SAS	shared_plus_specific	20000	valid	0	0.9889663	0.9518745	2.5747328e-08	8.6626085e-07	6.603989e-06	0.009458306	0.011026996	0.038666345
20017	SAS	SAS	shared_plus_specific	20000	order_mismatch	1	5.169191e-06	0.0001369093	0.999939	0.99958974	4.9323e-05	0.0002508538	6.479319e-06	2.2468845e-05
20017	SAS	SAS	shared_plus_specific	20000	sign_corruption	2	0.00019125098	0.0062489137	0.000107359665	0.0489128	0.9996163	0.94320166	8.513313e-05	0.0016366752
20017	SAS	AMR	shared_plus_specific	20000	ld_mismatch	3	0.9892242	0.8667059	7.904533e-09	3.849585e-06	3.2022372e-06	0.07567937	0.010772609	0.057610888
20017	SAS	SAS	distinct_only	2000	valid	0	0.84875464	0.84783393	6.3808147e-06	3.281925e-07	0.0002798878	0.1192927	0.15095909	0.03287312
20017	SAS	SAS	distinct_only	2000	order_mismatch	1	3.0746698e-06	0.00076059956	0.99991727	0.9896052	7.332553e-05	0.009484873	6.2857926e-06	0.00014931764
20017	SAS	SAS	distinct_only	2000	sign_corruption	2	0.00039314898	0.05598194	0.00026084683	0.0011783688	0.9991434	0.93872666	0.00020252739	0.004113099
20017	SAS	AMR	distinct_only	2000	ld_mismatch	3	0.6316262	0.8187958	2.8382065e-05	1.3375333e-07	0.010439425	0.13566285	0.35790598	0.04554126
20017	SAS	SAS	distinct_only	20000	valid	0	0.9909064	0.9279888	5.8427094e-08	1.5377701e-09	2.9326044e-05	0.014278838	0.009064195	0.057732396
20017	SAS	SAS	distinct_only	20000	order_mismatch	1	3.382737e-06	0.000942034	0.9998624	0.97927606	0.00010549757	0.019404877	2.8823073e-05	0.0003769475
20017	SAS	SAS	distinct_only	20000	sign_corruption	2	0.0020575563	0.061219905	3.1253647e-05	0.0005174238	0.99788785	0.92489123	2.3374574e-05	0.013371503
20017	SAS	AMR	distinct_only	20000	ld_mismatch	3	0.98993963	0.9175582	1.41191e-07	1.1561305e-10	0.00012289146	0.008563609	0.009937347	0.073878214
20017	AMR	AMR	shared_plus_specific	2000	valid	0	0.6791682	0.94769335	8.196735e-08	6.313595e-10	1.9286957e-05	0.011456755	0.32081246	0.04084983
20017	AMR	AMR	shared_plus_specific	2000	order_mismatch	1	8.782707e-06	0.0012233824	0.91552013	0.9977271	0.00095664704	0.00066572527	0.08351451	0.0003837733
20017	AMR	AMR	shared_plus_specific	2000	sign_corruption	2	0.0014431169	0.091740474	0.000100960344	0.00025282096	0.75805455	0.8952199	0.24040131	0.012786803
20017	AMR	SAS	shared_plus_specific	2000	ld_mismatch	3	0.7185475	0.93569994	1.0758007e-06	3.9150854e-07	0.00015682101	0.01259374	0.28129467	0.051705793
20017	AMR	AMR	shared_plus_specific	20000	valid	0	0.9998347	0.8275853	1.7150255e-08	3.3629407e-05	2.0711316e-06	0.1068125	0.00016323793	0.065568514
20017	AMR	AMR	shared_plus_specific	20000	order_mismatch	1	2.6352913e-05	0.00034648145	0.99987364	0.9988084	7.314677e-05	0.0007964208	2.6875532e-05	4.8757283e-05
20017	AMR	AMR	shared_plus_specific	20000	sign_corruption	2	3.2478125e-05	0.00091457524	6.733492e-05	0.054365765	0.9998906	0.9445097	9.571067e-06	0.0002099761
20017	AMR	SAS	shared_plus_specific	20000	ld_mismatch	3	0.8821568	0.7567254	6.349417e-07	0.00089367456	3.5800065e-05	0.16884464	0.11780679	0.073536314
20017	AMR	AMR	distinct_only	2000	valid	0	0.9972751	0.41657728	7.7823483e-07	9.767282e-05	9.356771e-05	0.5745493	0.002630529	0.008775732
20017	AMR	AMR	distinct_only	2000	order_mismatch	1	9.779923e-07	0.00025081568	0.99975324	0.97261673	0.00023220175	0.027080588	1.3708651e-05	5.1936637e-05
20017	AMR	AMR	distinct_only	2000	sign_corruption	2	0.0012766299	0.0004752495	0.0007991861	0.07587128	0.9978567	0.9236058	6.743655e-05	4.770888e-05
20017	AMR	SAS	distinct_only	2000	ld_mismatch	3	0.9187514	0.41800007	7.4281947e-06	0.0006990144	0.00023324508	0.57120353	0.08100789	0.01009741
20017	AMR	AMR	distinct_only	20000	valid	0	0.9875137	0.9365789	1.7546337e-06	9.988653e-13	9.063893e-05	0.00033526265	0.01239393	0.063085765
20017	AMR	AMR	distinct_only	20000	order_mismatch	1	0.0028867722	0.00667029	0.8974676	0.6911429	0.09902674	0.30039993	0.00061889255	0.0017868889
20017	AMR	AMR	distinct_only	20000	sign_corruption	2	0.031479504	0.30234042	0.0006795814	1.3262172e-05	0.96758217	0.6268232	0.000258706	0.07082311
20017	AMR	SAS	distinct_only	20000	ld_mismatch	3	0.94253635	0.90209746	8.8719125e-06	2.2168025e-09	0.00035700973	0.0046716095	0.057097703	0.093230985
20018	SAS	SAS	shared_plus_specific	2000	valid	0	0.9979587	0.7071397	2.9376857e-08	2.8768051e-12	1.9664289e-05	0.0034682923	0.0020215588	0.28939202
20018	SAS	SAS	shared_plus_specific	2000	order_mismatch	1	4.728385e-06	0.0001202506	0.99990064	0.99763453	7.42748e-05	0.0022022957	2.027065e-05	4.2920205e-05
20018	SAS	SAS	shared_plus_specific	2000	sign_corruption	2	1.0147405e-05	0.13530338	6.402734e-06	2.3144548e-05	0.99997216	0.7609628	1.1305788e-05	0.103710696
20018	SAS	AMR	shared_plus_specific	2000	ld_mismatch	3	0.99400425	0.7014333	1.7367314e-07	4.0001436e-14	0.00012789828	0.0007729284	0.005867664	0.29779375
20018	SAS	SAS	shared_plus_specific	20000	valid	0	0.87946135	0.6007029	3.1520463e-07	6.2216105e-17	8.217737e-05	0.00011507449	0.12045613	0.39918208
20018	SAS	SAS	shared_plus_specific	20000	order_mismatch	1	3.1817934e-05	0.00012506162	0.9998593	0.9905122	9.629116e-05	0.009325237	1.2733136e-05	3.752074e-05
20018	SAS	SAS	shared_plus_specific	20000	sign_corruption	2	1.5642639e-06	0.15381454	2.9423943e-05	3.668538e-08	0.99994564	0.5985025	2.3329078e-05	0.24768293
20018	SAS	AMR	shared_plus_specific	20000	ld_mismatch	3	0.7815447	0.6228187	1.1166055e-06	2.1992038e-18	0.0008945034	6.550949e-05	0.21755964	0.3771158
20018	SAS	SAS	distinct_only	2000	valid	0	0.66173106	0.0015861997	0.0025748739	0.02629154	0.0059645115	0.97186816	0.3297295	0.00025409638
20018	SAS	SAS	distinct_only	2000	order_mismatch	1	3.922401e-06	3.3085045e-05	0.9984119	0.7280908	0.00096774264	0.27186704	0.00061650923	9.104645e-06
20018	SAS	SAS	distinct_only	2000	sign_corruption	2	0.003931898	0.00028518634	0.051372945	0.06755858	0.94014984	0.93209636	0.004545297	5.9903286e-05
20018	SAS	AMR	distinct_only	2000	ld_mismatch	3	0.18850553	0.0018664354	0.017908735	0.28976184	0.012620202	0.7080688	0.78096557	0.00030291293
20018	SAS	SAS	distinct_only	20000	valid	0	0.9945922	0.22515449	9.2813667e-07	5.419142e-05	7.929903e-05	0.7727331	0.0053275786	0.002058242
20018	SAS	SAS	distinct_only	20000	order_mismatch	1	3.4706825e-06	3.705692e-05	0.9999347	0.99927646	4.949895e-05	0.00068226625	1.24162225e-05	4.284196e-06
20018	SAS	SAS	distinct_only	20000	sign_corruption	2	0.0076888143	0.0004574903	0.0010293656	0.07063676	0.988177	0.9288889	0.0031048695	1.6794636e-05
20018	SAS	AMR	distinct_only	20000	ld_mismatch	3	0.9997866	0.027570153	5.091045e-07	0.00019193575	4.1876763e-05	0.9718801	0.00017093406	0.00035792444
20018	AMR	AMR	shared_plus_specific	2000	valid	0	0.9927282	0.6023261	3.5916358e-08	4.1250918e-17	1.5400208e-05	0.000991729	0.007256381	0.39668217
20018	AMR	AMR	shared_plus_specific	2000	order_mismatch	1	6.6901307e-06	4.056741e-06	0.99978775	0.99664116	0.00012734084	0.0033538525	7.819914e-05	9.203912e-07
20018	AMR	AMR	shared_plus_specific	2000	sign_corruption	2	1.9004725e-06	0.10206938	5.7244665e-06	3.6161538e-08	0.9999502	0.7722902	4.223098e-05	0.12564035
20018	AMR	SAS	shared_plus_specific	2000	ld_mismatch	3	0.54769355	0.58705235	1.7234463e-07	1.5849204e-15	3.9040748e-05	0.0016944376	0.45226726	0.4112533
20018	AMR	AMR	shared_plus_specific	20000	valid	0	0.966048	0.7328976	9.308312e-07	3.0159832e-18	0.00017411275	4.4303124e-05	0.03377695	0.26705813
20018	AMR	AMR	shared_plus_specific	20000	order_mismatch	1	0.0011694054	3.405335e-05	0.99130005	0.9955575	0.007148394	0.0044018663	0.0003821405	6.663016e-06
20018	AMR	AMR	shared_plus_specific	20000	sign_corruption	2	2.991388e-06	0.3943114	1.6942731e-05	4.0227302e-10	0.9999468	0.2374571	3.3367043e-05	0.3682315
20018	AMR	SAS	shared_plus_specific	20000	ld_mismatch	3	0.5346752	0.6334753	1.8535999e-06	2.282947e-15	0.00023035066	0.00038824478	0.46509257	0.36613646
20018	AMR	AMR	distinct_only	2000	valid	0	0.92833614	0.7601377	9.4534585e-08	1.055733e-06	1.808278e-05	0.0088282935	0.07164566	0.23103295
20018	AMR	AMR	distinct_only	2000	order_mismatch	1	2.981847e-05	0.013813558	0.71599984	0.96913785	9.626998e-05	0.011632471	0.283874	0.005416035
20018	AMR	AMR	distinct_only	2000	sign_corruption	2	1.9603676e-05	0.04082505	1.7323579e-05	0.016329344	0.9988067	0.91673255	0.0011563698	0.026113095
20018	AMR	SAS	distinct_only	2000	ld_mismatch	3	0.36235392	0.7619499	7.3797514e-07	4.809186e-06	6.0076458e-05	0.00498878	0.63758534	0.2330566
20018	AMR	AMR	distinct_only	20000	valid	0	0.9994553	0.021483291	1.9830413e-06	0.15493123	6.202343e-05	0.82323843	0.00048067025	0.000347015
20018	AMR	AMR	distinct_only	20000	order_mismatch	1	2.9186364e-07	2.4116105e-05	0.9998234	0.99879396	5.1688457e-06	0.0011786027	0.00017116836	3.2585906e-06
20018	AMR	AMR	distinct_only	20000	sign_corruption	2	0.00030861408	2.241044e-05	0.0008538353	0.5453089	0.9968751	0.45466748	0.001962424	1.2660648e-06
20018	AMR	SAS	distinct_only	20000	ld_mismatch	3	0.98899984	0.0071675675	2.201694e-05	0.7713681	0.000485254	0.22128218	0.010492865	0.00018220056
20019	SAS	SAS	shared_plus_specific	2000	valid	0	0.780082	0.749885	1.5918815e-08	2.4932691e-17	1.1709805e-05	0.0039362176	0.21990633	0.24617873
20019	SAS	SAS	shared_plus_specific	2000	order_mismatch	1	1.5181922e-06	6.183335e-07	0.99996567	0.99986744	1.987036e-05	0.00013189894	1.290719e-05	5.0425367e-08
20019	SAS	SAS	shared_plus_specific	2000	sign_corruption	2	2.2099714e-07	0.0044891825	1.9038949e-06	8.151071e-09	0.999976	0.99240136	2.1861526e-05	0.0031094397
20019	SAS	AMR	shared_plus_specific	2000	ld_mismatch	3	0.8639057	0.651137	1.3313405e-08	4.9917908e-17	6.3938437e-06	0.004770339	0.13608785	0.34409273
20019	SAS	SAS	shared_plus_specific	20000	valid	0	0.960299	0.74466246	9.118825e-09	4.470523e-19	4.1323715e-06	0.0005689183	0.039696842	0.25476855
20019	SAS	SAS	shared_plus_specific	20000	order_mismatch	1	3.6186984e-06	6.991916e-07	0.99994403	0.999977	2.6657775e-05	2.2331318e-05	2.573725e-05	5.644642e-08
20019	SAS	SAS	shared_plus_specific	20000	sign_corruption	2	7.700437e-07	0.047118135	6.4896903e-06	1.1215605e-08	0.99998856	0.91867965	4.1427124e-06	0.03420226
20019	SAS	AMR	shared_plus_specific	20000	ld_mismatch	3	0.9614368	0.61508584	4.919887e-09	4.1500298e-19	2.109378e-06	0.00095829205	0.03856106	0.38395587
20019	SAS	SAS	distinct_only	2000	valid	0	0.9420416	0.6652868	6.9216717e-09	3.274674e-12	9.643367e-06	0.031280324	0.05794884	0.30343282
20019	SAS	SAS	distinct_only	2000	order_mismatch	1	8.642002e-07	2.3882936e-07	0.9999654	0.9999752	1.7220143e-05	2.4575866e-05	1.6476895e-05	2.124049e-08
20019	SAS	SAS	distinct_only	2000	sign_corruption	2	4.5043757e-07	9.085256e-05	1.4129959e-06	1.428778e-07	0.9999249	0.9997969	7.322691e-05	0.00011219041
20019	SAS	AMR	distinct_only	2000	ld_mismatch	3	0.9774213	0.5423259	2.0328816e-09	3.2097573e-12	1.4385583e-06	0.099652916	0.0225773	0.35802114
20019	SAS	SAS	distinct_only	20000	valid	0	0.999335	0.15773761	1.6366455e-08	6.29195e-05	3.138083e-06	0.7927228	0.00066190836	0.04947666
20019	SAS	SAS	distinct_only	20000	order_mismatch	1	1.184667e-06	7.73191e-07	0.99996394	0.9996309	1.2433783e-05	0.00036827094	2.2468885e-05	1.0537729e-07
20019	SAS	SAS	distinct_only	20000	sign_corruption	2	2.6716312e-05	1.2648263e-05	2.0066816e-05	0.001361397	0.9999354	0.9986197	1.779379e-05	6.2653157e-06
20019	SAS	AMR	distinct_only	20000	ld_mismatch	3	0.99153996	0.017462892	2.5494034e-08	5.939314e-05	5.545969e-06	0.97410935	0.008454399	0.008368339
20019	AMR	AMR	shared_plus_specific	2000	valid	0	0.85078377	0.6861898	5.1594085e-09	1.9006896e-15	2.5884908e-06	0.019329516	0.1492136	0.29448074
20019	AMR	AMR	shared_plus_specific	2000	order_mismatch	1	4.0511477e-06	5.7302177e-08	0.99984497	0.9999881	2.9894552e-05	1.1961778e-05	0.00012110729	4.7792974e-09
20019	AMR	AMR	shared_plus_specific	2000	sign_corruption	2	8.837833e-07	0.0018127183	5.4777715e-06	3.1629714e-09	0.99875623	0.9961343	0.0012373846	0.0020530568
20019	AMR	SAS	shared_plus_specific	2000	ld_mismatch	3	0.46399418	0.65922844	1.0455326e-08	6.1503076e-14	2.1532067e-05	0.033755146	0.5359843	0.30701646
20019	AMR	AMR	shared_plus_specific	20000	valid	0	0.98362654	0.68346035	8.600343e-09	2.5517863e-20	4.039068e-06	0.0040429085	0.0163694	0.31249672
20019	AMR	AMR	shared_plus_specific	20000	order_mismatch	1	1.3837006e-05	8.342977e-07	0.99989814	0.99983203	7.3309115e-05	0.0001669537	1.4759684e-05	7.560328e-08
20019	AMR	AMR	shared_plus_specific	20000	sign_corruption	2	6.154818e-06	0.05801221	7.616772e-06	6.018382e-11	0.9999118	0.8971206	7.441968e-05	0.04486724
20019	AMR	SAS	shared_plus_specific	20000	ld_mismatch	3	0.7405595	0.7169504	4.6342695e-08	4.3838417e-20	1.460988e-05	0.0015525662	0.25942588	0.28149694
20019	AMR	AMR	distinct_only	2000	valid	0	0.9897416	0.016689252	1.2520195e-06	0.008952132	0.0001683805	0.97211	0.010088674	0.0022485843
20019	AMR	AMR	distinct_only	2000	order_mismatch	1	1.1684685e-05	7.848544e-08	0.999706	0.9999645	7.391436e-05	3.5353176e-05	0.00020845637	5.971686e-09
20019	AMR	AMR	distinct_only	2000	sign_corruption	2	0.000110750174	0.00031699552	0.0015972225	0.103202984	0.98056436	0.89641523	0.01772766	6.4775195e-05
20019	AMR	SAS	distinct_only	2000	ld_mismatch	3	0.31755468	0.024392381	0.0079539465	0.6686887	0.50647175	0.30327475	0.16801967	0.003644088
20019	AMR	AMR	distinct_only	20000	valid	0	0.9998471	0.48647943	4.499614e-08	0.004627071	4.261098e-06	0.40499085	0.0001485687	0.10390269
20019	AMR	AMR	distinct_only	20000	order_mismatch	1	1.6786631e-05	4.9468366e-07	0.9999487	0.99993205	2.2459108e-05	6.7290704e-05	1.212573e-05	7.565441e-08
20019	AMR	AMR	distinct_only	20000	sign_corruption	2	9.924354e-05	3.5890473e-05	6.608807e-05	0.00506491	0.9996914	0.994873	0.00014335632	2.6202597e-05
20019	AMR	SAS	distinct_only	20000	ld_mismatch	3	0.99731606	0.5284024	3.7678106e-07	0.03032628	2.4262583e-05	0.29177234	0.0026592922	0.14949904
20020	SAS	SAS	shared_plus_specific	2000	valid	0	0.95478684	0.5295277	7.323822e-05	1.0188001e-05	0.014855452	0.28092045	0.03028442	0.1895417
20020	SAS	SAS	shared_plus_specific	2000	order_mismatch	1	6.174946e-07	0.00023725684	0.9999809	0.9961086	1.1828739e-05	0.003601465	6.680141e-06	5.2732867e-05
20020	SAS	SAS	shared_plus_specific	2000	sign_corruption	2	4.8000235e-05	0.037929546	0.0019132354	0.0051347027	0.99800324	0.9441607	3.5518566e-05	0.0127750635
20020	SAS	AMR	shared_plus_specific	2000	ld_mismatch	3	0.9806497	0.54688275	4.309203e-05	8.53783e-06	0.0101580685	0.11122013	0.009149096	0.34188858
20020	SAS	SAS	shared_plus_specific	20000	valid	0	0.85605556	0.47682318	8.006816e-06	3.3193213e-05	0.00014873297	0.07089869	0.1437876	0.4522449
20020	SAS	SAS	shared_plus_specific	20000	order_mismatch	1	2.2697634e-06	0.00016155156	0.9997857	0.9952998	0.00019207707	0.0045068134	1.9835246e-05	3.1831358e-05
20020	SAS	SAS	shared_plus_specific	20000	sign_corruption	2	0.00013763242	0.018593293	0.00031781054	0.080251604	0.99941236	0.887283	0.00013224523	0.013872095
20020	SAS	AMR	shared_plus_specific	20000	ld_mismatch	3	0.36789894	0.3806644	1.294567e-05	1.3887997e-05	0.00010589216	0.053836677	0.63198227	0.56548506
20020	SAS	SAS	distinct_only	2000	valid	0	0.38025728	0.00041541606	0.0014465147	0.01695858	0.33129728	0.9825981	0.2869989	2.7861628e-05
20020	SAS	SAS	distinct_only	2000	order_mismatch	1	2.66732e-07	7.339287e-06	0.99995995	0.9960155	2.0078574e-05	0.003976032	1.9653837e-05	1.0129465e-06
20020	SAS	SAS	distinct_only	2000	sign_corruption	2	0.00014122542	4.6620735e-05	0.61927825	0.8042416	0.2560459	0.19570737	0.12453461	4.370523e-06
20020	SAS	AMR	distinct_only	2000	ld_mismatch	3	0.42893076	0.00012315006	0.0020855789	0.016225725	0.37943825	0.9836422	0.18954541	8.966371e-06
20020	SAS	SAS	distinct_only	20000	valid	0	0.99900466	0.4389373	1.2879714e-06	0.00011739692	9.685358e-05	0.55923665	0.0008971589	0.0017087515
20020	SAS	SAS	distinct_only	20000	order_mismatch	1	9.980632e-07	4.0117407e-06	0.99995226	0.99982387	3.4812663e-05	0.00017171302	1.19649785e-05	3.7509946e-07
20020	SAS	SAS	distinct_only	20000	sign_corruption	2	0.13439271	0.00071458315	0.0248957	0.1575203	0.83079624	0.8417523	0.009915386	1.2825626e-05
20020	SAS	AMR	distinct_only	20000	ld_mismatch	3	0.99249476	0.03732742	2.7719561e-06	0.000121799436	0.00013388442	0.9623329	0.0073686466	0.00021783554
20020	AMR	AMR	shared_plus_specific	2000	valid	0	0.9359681	0.16574733	0.00013217982	3.0865044e-09	0.057951946	0.73971117	0.005947798	0.0945415
20020	AMR	AMR	shared_plus_specific	2000	order_mismatch	1	2.2377433e-06	1.597718e-07	0.9998589	0.99973077	1.4152084e-05	0.0002691397	0.000124701	1.3057136e-08
20020	AMR	AMR	shared_plus_specific	2000	sign_corruption	2	1.7026456e-06	0.0015717489	0.00012918763	6.889153e-05	0.9997838	0.99745125	8.529378e-05	0.0009080493
20020	AMR	SAS	shared_plus_specific	2000	ld_mismatch	3	0.6002252	0.20394567	1.945329e-05	1.3265168e-06	0.0141438255	0.65238774	0.38561153	0.14366527
20020	AMR	AMR	shared_plus_specific	20000	valid	0	0.9989462	0.2253038	7.063691e-06	6.172795e-05	0.0001829187	0.7490769	0.0008637721	0.025557566
20020	AMR	AMR	shared_plus_specific	20000	order_mismatch	1	0.0064515774	0.0001259678	0.75083035	0.99282587	0.24238281	0.0070319762	0.00033528113	1.6212382e-05
20020	AMR	AMR	shared_plus_specific	20000	sign_corruption	2	0.0015823832	0.042992987	0.0046693194	0.048584647	0.99357754	0.9034007	0.00017072038	0.005021703
20020	AMR	SAS	shared_plus_specific	20000	ld_mismatch	3	0.73847264	0.010570874	0.031095522	0.07993464	0.015582725	0.9071231	0.21484907	0.0023715
20020	AMR	AMR	distinct_only	2000	valid	0	0.9698772	0.1276911	7.4095155e-06	1.2031407e-05	0.00011105615	0.87188745	0.03000439	0.00040941246
20020	AMR	AMR	distinct_only	2000	order_mismatch	1	3.2826927e-07	3.4282816e-06	0.9992767	0.9988971	3.4663623e-05	0.0010990195	0.0006882483	4.7734414e-07
20020	AMR	AMR	distinct_only	2000	sign_corruption	2	0.5010522	0.00010274145	0.014362704	0.10251589	0.33892086	0.89737976	0.1456642	1.6527088e-06
20020	AMR	SAS	distinct_only	2000	ld_mismatch	3	0.99657375	0.2522367	1.2848507e-05	0.0009897905	0.00015651748	0.7456625	0.003256872	0.0011109432
20020	AMR	AMR	distinct_only	20000	valid	0	0.55384177	0.053642925	1.8722525e-05	0.0001225417	6.6687404e-05	0.9460282	0.44607282	0.00020641212
20020	AMR	AMR	distinct_only	20000	order_mismatch	1	4.0835334e-07	5.6226286e-06	0.99950814	0.99797887	4.6734465e-05	0.0020147164	0.00044473974	8.2107925e-07
20020	AMR	AMR	distinct_only	20000	sign_corruption	2	0.05163819	6.2260006e-05	0.042335104	0.4936757	0.6415424	0.50626105	0.26448438	9.768669e-07
20020	AMR	SAS	distinct_only	20000	ld_mismatch	3	0.6507885	0.14023802	6.805364e-05	0.059719652	0.0002292758	0.79929596	0.34891424	0.0007464008
20021	SAS	SAS	shared_plus_specific	2000	valid	0	0.99893713	0.48006654	1.25267805e-08	4.87925e-09	1.14309005e-05	0.021102097	0.0010515008	0.4988314
20021	SAS	SAS	shared_plus_specific	2000	order_mismatch	1	2.6702016e-06	2.7932494e-05	0.9998832	0.9998729	2.9937168e-05	9.22004e-05	8.4193365e-05	6.9571665e-06
20021	SAS	SAS	shared_plus_specific	2000	sign_corruption	2	2.0862017e-05	0.023006573	2.9673222e-06	0.0006238563	0.9999456	0.9449012	3.0574112e-05	0.03146845
20021	SAS	AMR	shared_plus_specific	2000	ld_mismatch	3	0.9893405	0.46026292	2.0313297e-07	1.3410374e-09	0.0004366733	0.023994217	0.010222622	0.5157429
20021	SAS	SAS	shared_plus_specific	20000	valid	0	0.99988866	0.52964485	2.0202242e-09	1.3943471e-09	1.530424e-06	0.005380345	0.000109817745	0.46497485
20021	SAS	SAS	shared_plus_specific	20000	order_mismatch	1	4.2267798e-06	0.0017777934	0.9998512	0.9974021	8.4083185e-05	0.0004368309	6.0465147e-05	0.0003833323
20021	SAS	SAS	shared_plus_specific	20000	sign_corruption	2	5.012764e-06	0.13983431	5.2400956e-06	0.0018816302	0.99997824	0.74561644	1.1522574e-05	0.11266755
20021	SAS	AMR	shared_plus_specific	20000	ld_mismatch	3	0.9833515	0.53247535	4.9234316e-08	6.306254e-10	0.00012222577	0.016315512	0.016526138	0.4512092
20021	SAS	SAS	distinct_only	2000	valid	0	0.97049785	0.12108152	0.0014875423	0.0046944018	0.026772162	0.8184134	0.0012423975	0.0558107
20021	SAS	SAS	distinct_only	2000	order_mismatch	1	0.00023480778	1.94169e-05	0.9747216	0.9862006	0.024400063	0.013775403	0.00064354995	4.7270037e-06
20021	SAS	SAS	distinct_only	2000	sign_corruption	2	0.0013790269	0.046213873	0.0078941425	0.011673077	0.99070644	0.9189064	2.0398425e-05	0.023206754
20021	SAS	AMR	distinct_only	2000	ld_mismatch	3	0.8735392	0.036338244	0.0008922617	0.033374887	0.07722148	0.9068239	0.048347052	0.023462987
20021	SAS	SAS	distinct_only	20000	valid	0	0.9988801	0.43971613	6.417444e-07	3.354902e-07	5.9770984e-05	0.5567366	0.0010595788	0.003546891
20021	SAS	SAS	distinct_only	20000	order_mismatch	1	7.9202255e-07	1.5181838e-05	0.9999783	0.99982136	1.6283417e-05	0.00016161638	4.625372e-06	1.8819463e-06
20021	SAS	SAS	distinct_only	20000	sign_corruption	2	0.002292843	0.0011492827	0.005099024	0.070030324	0.99162716	0.9287815	0.0009809928	3.886253e-05
20021	SAS	AMR	distinct_only	20000	ld_mismatch	3	0.99940866	0.13048579	1.0399676e-07	3.3607498e-07	1.4404216e-05	0.8682385	0.0005769337	0.0012753343
20021	AMR	AMR	shared_plus_specific	2000	valid	0	0.9986504	0.5039724	1.0663913e-06	2.3102704e-11	3.946131e-05	0.036057897	0.0013090646	0.4599697
20021	AMR	AMR	shared_plus_specific	2000	order_mismatch	1	1.990135e-06	7.8369135e-07	0.99964064	0.9999583	1.6009604e-05	4.0824794e-05	0.00034139547	8.5315584e-08
20021	AMR	AMR	shared_plus_specific	2000	sign_corruption	2	6.9334413e-07	0.01924969	2.5008341e-05	1.0243372e-05	0.9999468	0.95462406	2.7502321e-05	0.026115919
20021	AMR	SAS	shared_plus_specific	2000	ld_mismatch	3	0.9467013	0.41051474	1.4117386e-07	2.5654354e-10	5.1826228e-05	0.028862167	0.053246755	0.5606231
20021	AMR	AMR	shared_plus_specific	20000	valid	0	0.9992288	0.48636812	3.330729e-06	0.00083225506	9.141166e-05	0.26107097	0.00067643897	0.25172865
20021	AMR	AMR	shared_plus_specific	20000	order_mismatch	1	3.9928491e-07	5.756034e-06	0.99994373	0.9998741	6.862221e-06	0.00011867187	4.8982274e-05	1.452623e-06
20021	AMR	AMR	shared_plus_specific	20000	sign_corruption	2	0.00027680976	0.0005879714	0.00012853963	0.002093917	0.99943644	0.99661547	0.00015817213	0.0007025783
20021	AMR	SAS	shared_plus_specific	20000	ld_mismatch	3	0.9996883	0.53109074	2.4523922e-06	0.00017896878	7.194446e-05	0.026607586	0.00023728388	0.44212276
20021	AMR	AMR	distinct_only	2000	valid	0	0.99641734	0.74561864	9.065618e-07	7.624986e-05	2.2064965e-05	0.24483253	0.0035595924	0.009472487
20021	AMR	AMR	distinct_only	2000	order_mismatch	1	2.1993494e-06	0.00011015768	0.99994445	0.99761873	1.9126192e-05	0.0022372357	3.4233668e-05	3.393524e-05
20021	AMR	AMR	distinct_only	2000	sign_corruption	2	0.672726	0.007521326	0.003099017	0.38116628	0.28207168	0.61098695	0.04210331	0.00032545472
20021	AMR	SAS	distinct_only	2000	ld_mismatch	3	0.9916642	0.7923162	8.506441e-06	0.0005185401	0.00026888787	0.19514371	0.008058469	0.012021568
20021	AMR	AMR	distinct_only	20000	valid	0	0.9845054	0.0020242925	1.0630207e-05	0.0003700493	0.00037399904	0.9975884	0.015109974	1.7188413e-05
20021	AMR	AMR	distinct_only	20000	order_mismatch	1	1.0419759e-06	4.9835404e-07	0.9998887	0.97348726	9.379137e-06	0.026512114	0.00010080977	7.760416e-08
20021	AMR	AMR	distinct_only	20000	sign_corruption	2	0.9883113	0.0003293239	7.454759e-05	0.0066589992	0.0014508255	0.9930074	0.010163388	4.3186133e-06
20021	AMR	SAS	distinct_only	20000	ld_mismatch	3	0.9926877	0.0026168553	4.1730596e-05	0.006493407	0.0012788103	0.99085414	0.005991777	3.552219e-05
20022	SAS	SAS	shared_plus_specific	2000	valid	0	0.8779447	0.8100928	4.0008595e-06	3.4787713e-06	0.000973701	0.028006263	0.121077605	0.16189745
20022	SAS	SAS	shared_plus_specific	2000	order_mismatch	1	2.609706e-06	0.00013092296	0.9998763	0.99894315	0.00011007476	0.00088121404	1.096104e-05	4.4716202e-05
20022	SAS	SAS	shared_plus_specific	2000	sign_corruption	2	0.0025693343	0.16513672	0.0009228652	0.028784765	0.9901193	0.69357395	0.0063884747	0.11250454
20022	SAS	AMR	shared_plus_specific	2000	ld_mismatch	3	0.6149271	0.84026027	1.2648019e-07	2.0744067e-06	3.0667703e-05	0.026030483	0.38504204	0.1337072
20022	SAS	SAS	shared_plus_specific	20000	valid	0	0.992697	0.7857857	2.6580333e-08	3.6454562e-09	3.1182983e-05	0.012643516	0.007271817	0.20157075
20022	SAS	SAS	shared_plus_specific	20000	order_mismatch	1	3.5123894e-06	0.0013711401	0.9999078	0.99813473	8.279751e-05	0.00029211264	5.9092854e-06	0.0002019846
20022	SAS	SAS	shared_plus_specific	20000	sign_corruption	2	4.7563808e-05	0.043107744	1.6163889e-05	7.3903015e-05	0.99991083	0.9221023	2.5413252e-05	0.03471606
20022	SAS	AMR	shared_plus_specific	20000	ld_mismatch	3	0.56305236	0.7699564	4.634893e-08	1.5954182e-08	0.000588626	0.032209646	0.43635902	0.19783399
20022	SAS	SAS	distinct_only	2000	valid	0	0.8842876	0.06589411	0.00015021104	0.00683164	0.0012981822	0.9268746	0.11426395	0.00039959763
20022	SAS	SAS	distinct_only	2000	order_mismatch	1	7.1204546e-08	1.067579e-06	0.9999693	0.9999745	2.9411149e-06	2.4276631e-05	2.7696724e-05	8.0877e-08
20022	SAS	SAS	distinct_only	2000	sign_corruption	2	0.027128182	1.3266519e-05	0.22116506	0.6110602	0.6732432	0.38892612	0.078463554	4.6182936e-07
20022	SAS	AMR	distinct_only	2000	ld_mismatch	3	0.9537983	0.0105328765	0.00015097526	0.009780087	0.002443853	0.9795975	0.043606874	8.9565336e-05
20022	SAS	SAS	distinct_only	20000	valid	0	0.9054008	0.19203132	9.328943e-06	0.0004884536	0.00019448208	0.80687296	0.09439539	0.00060726074
20022	SAS	SAS	distinct_only	20000	order_mismatch	1	2.6273173e-07	5.240316e-07	0.9999742	0.9999207	1.0624717e-05	7.8740464e-05	1.4902665e-05	4.4214424e-08
20022	SAS	SAS	distinct_only	20000	sign_corruption	2	0.016867867	1.2843414e-05	0.15118496	0.78439754	0.8046026	0.21558934	0.027344584	2.9093263e-07
20022	SAS	AMR	distinct_only	20000	ld_mismatch	3	0.7714227	0.16178109	1.7700246e-05	0.0003662003	0.00018464895	0.83665556	0.22837497	0.0011971222
20022	AMR	AMR	shared_plus_specific	2000	valid	0	0.9980355	0.4655959	1.1792551e-08	4.2995657e-07	4.7143026e-06	0.22784615	0.0019598186	0.3065575
20022	AMR	AMR	shared_plus_specific	2000	order_mismatch	1	6.6964225e-05	6.651079e-06	0.99816966	0.9958098	0.0013961052	0.0041821767	0.00036721257	1.4289624e-06
20022	AMR	AMR	shared_plus_specific	2000	sign_corruption	2	1.3422282e-06	0.00068212306	4.830252e-06	1.29392365e-05	0.99994	0.99836284	5.3753884e-05	0.00094210985
20022	AMR	SAS	shared_plus_specific	2000	ld_mismatch	3	0.925785	0.3966551	1.1632059e-06	0.00012734698	9.1570466e-05	0.2014138	0.07412223	0.4018038
20022	AMR	AMR	shared_plus_specific	20000	valid	0	0.9953647	0.50753963	5.4245977e-09	8.7778254e-08	2.5251504e-06	0.038579315	0.0046327775	0.45388106
20022	AMR	AMR	shared_plus_specific	20000	order_mismatch	1	3.3143155e-05	1.43970365e-05	0.99900025	0.998838	0.0008702604	0.0011449549	9.638529e-05	2.5617746e-06
20022	AMR	AMR	shared_plus_specific	20000	sign_corruption	2	1.452774e-06	0.00030707518	7.0040364e-06	1.641677e-05	0.9999687	0.9991849	2.2795493e-05	0.0004915227
20022	AMR	SAS	shared_plus_specific	20000	ld_mismatch	3	0.72871345	0.4809839	1.9700173e-07	1.5532552e-05	1.831844e-05	0.018241469	0.271268	0.50075907
20022	AMR	AMR	distinct_only	2000	valid	0	0.82394385	0.95073974	6.2952636e-06	1.943356e-08	0.0002560827	0.0038630145	0.17579381	0.04539724
20022	AMR	AMR	distinct_only	2000	order_mismatch	1	2.8165837e-07	8.57173e-06	0.9980006	0.9999608	9.1837726e-05	2.6691603e-05	0.0019072298	3.913324e-06
20022	AMR	AMR	distinct_only	2000	sign_corruption	2	0.030320527	0.11613745	0.01090538	0.04349727	0.65511554	0.8216032	0.30365857	0.018762091
20022	AMR	SAS	distinct_only	2000	ld_mismatch	3	0.67521983	0.9367438	3.085886e-05	3.1038664e-06	0.0015237433	0.009385133	0.3232255	0.05386786
20022	AMR	AMR	distinct_only	20000	valid	0	0.995712	0.8905402	2.0218478e-07	3.1333183e-09	4.0452327e-05	0.09571391	0.0042474377	0.013745893
20022	AMR	AMR	distinct_only	20000	order_mismatch	1	5.910619e-06	5.897526e-05	0.9997549	0.99716705	0.00018549996	0.0027641556	5.366888e-05	9.878582e-06
20022	AMR	AMR	distinct_only	20000	sign_corruption	2	0.005607486	0.0021224678	0.00041932633	0.0018024184	0.98553735	0.9959198	0.008435811	0.00015526856
20022	AMR	SAS	distinct_only	20000	ld_mismatch	3	0.9859454	0.9171064	1.1664202e-06	2.5362378e-06	0.00014522646	0.06292148	0.013908233	0.019969655
20023	SAS	SAS	shared_plus_specific	2000	valid	0	0.9948999	0.32565525	1.5038138e-07	1.2760709e-06	2.9494435e-05	0.01115303	0.0050704856	0.6631904
20023	SAS	SAS	shared_plus_specific	2000	order_mismatch	1	9.752753e-06	0.00032162794	0.9998462	0.9955059	7.735199e-05	0.004053518	6.6701214e-05	0.00011889684
20023	SAS	SAS	shared_plus_specific	2000	sign_corruption	2	5.356782e-06	0.081418686	3.706478e-05	0.0010928643	0.9999265	0.73301125	3.1157684e-05	0.18447721
20023	SAS	AMR	shared_plus_specific	2000	ld_mismatch	3	0.38867244	0.28034738	3.2311982e-07	1.4146156e-05	2.370464e-05	0.030496035	0.6113035	0.6891424
20023	SAS	SAS	shared_plus_specific	20000	valid	0	0.9953502	0.41000703	1.13818e-08	2.7809552e-08	3.650969e-06	0.068110205	0.004646082	0.5218827
20023	SAS	SAS	shared_plus_specific	20000	order_mismatch	1	2.628969e-06	0.00010075075	0.9999632	0.99830014	3.0750194e-05	0.0015805685	3.4573004e-06	1.8527233e-05
20023	SAS	SAS	shared_plus_specific	20000	sign_corruption	2	1.5879954e-05	0.001711846	9.066757e-06	0.00021050431	0.9999628	0.99643576	1.2280496e-05	0.0016417969
20023	SAS	AMR	shared_plus_specific	20000	ld_mismatch	3	0.9575235	0.31305647	3.942883e-08	6.779961e-08	1.8313027e-05	0.16107152	0.042458147	0.52587193
20023	SAS	SAS	distinct_only	2000	valid	0	0.69317675	0.21928567	2.6913067e-05	0.00011105586	0.00051404984	0.7788684	0.30628237	0.0017348997
20023	SAS	SAS	distinct_only	2000	order_mismatch	1	1.0502896e-06	6.4578953e-06	0.9999666	0.9909731	2.614061e-05	0.009019238	6.274564e-06	1.2055177e-06
20023	SAS	SAS	distinct_only	2000	sign_corruption	2	0.014367822	0.00030488218	0.017161822	0.064916074	0.9674278	0.9347675	0.0010425143	1.1630234e-05
20023	SAS	AMR	distinct_only	2000	ld_mismatch	3	0.63086975	0.319683	6.276819e-06	3.214268e-05	0.00011243464	0.67656136	0.36901155	0.0037234677
20023	SAS	SAS	distinct_only	20000	valid	0	0.9935298	0.93871605	7.492486e-08	6.230489e-10	3.194402e-05	0.011505618	0.0064381766	0.049778298
20023	SAS	SAS	distinct_only	20000	order_mismatch	1	6.416108e-06	0.00044074655	0.99976856	0.98780096	0.00021791157	0.0116575295	7.159601e-06	0.000100783975
20023	SAS	SAS	distinct_only	20000	sign_corruption	2	0.0007125829	0.095977254	5.1717798e-05	8.812631e-05	0.9992147	0.88757896	2.0997308e-05	0.016355667
20023	SAS	AMR	distinct_only	20000	ld_mismatch	3	0.95830745	0.9124872	3.8077698e-07	4.6747668e-11	0.00029302217	0.0055139465	0.041399237	0.081998855
20023	AMR	AMR	shared_plus_specific	2000	valid	0	0.99985963	0.51516926	9.807509e-09	9.155754e-06	1.6687354e-06	0.086426675	0.00013866913	0.39839494
20023	AMR	AMR	shared_plus_specific	2000	order_mismatch	1	0.0017409018	0.008258606	0.746859	0.9394103	0.2511929	0.048307154	0.00020723615	0.0040240563
20023	AMR	AMR	shared_plus_specific	2000	sign_corruption	2	0.00013426518	0.021501342	6.362168e-05	0.03825246	0.9997339	0.922147	6.8199326e-05	0.018099144
20023	AMR	SAS	shared_plus_specific	2000	ld_mismatch	3	0.6008919	0.5289687	9.8410455e-06	0.005734475	0.00017107982	0.051004447	0.39892718	0.41429234
20023	AMR	AMR	shared_plus_specific	20000	valid	0	0.9993151	0.7583243	6.8210144e-09	7.455355e-06	1.7115611e-06	0.02713817	0.0006832031	0.21453011
20023	AMR	AMR	shared_plus_specific	20000	order_mismatch	1	2.6117954e-05	0.0033479277	0.99831134	0.9726061	0.0016456902	0.023350911	1.6906319e-05	0.0006950619
20023	AMR	AMR	shared_plus_specific	20000	sign_corruption	2	3.174233e-05	0.0039154417	3.2586355e-05	0.06407132	0.999914	0.9299351	2.1648477e-05	0.0020780805
20023	AMR	SAS	shared_plus_specific	20000	ld_mismatch	3	0.840976	0.64482695	4.463413e-06	0.01940498	0.00017145452	0.10668369	0.15884812	0.22908442
20023	AMR	AMR	distinct_only	2000	valid	0	0.96622443	0.92155373	9.562377e-06	7.684481e-08	0.0004938471	0.016594715	0.033272225	0.061851427
20023	AMR	AMR	distinct_only	2000	order_mismatch	1	6.981915e-05	0.0012319641	0.9957493	0.9760585	0.0039878613	0.022421373	0.00019296342	0.00028806142
20023	AMR	AMR	distinct_only	2000	sign_corruption	2	0.004586372	0.53679824	0.0007400106	0.0013086266	0.9931398	0.38828704	0.0015338444	0.073606186
20023	AMR	SAS	distinct_only	2000	ld_mismatch	3	0.5948171	0.881223	3.6127287e-05	1.9549356e-05	0.0013606572	0.022491751	0.40378618	0.09626569
20023	AMR	AMR	distinct_only	20000	valid	0	0.99689364	0.93967515	1.5952938e-06	9.7578584e-11	0.00028798243	0.037881423	0.0028167546	0.022443391
20023	AMR	AMR	distinct_only	20000	order_mismatch	1	3.9097737e-05	0.0033137284	0.9985516	0.8065373	0.0013789535	0.18928586	3.0367586e-05	0.00086311356
20023	AMR	AMR	distinct_only	20000	sign_corruption	2	0.13265553	0.016700156	0.00021463732	4.8202382e-05	0.8658521	0.98163646	0.0012777132	0.0016150651
20023	AMR	SAS	distinct_only	20000	ld_mismatch	3	0.95366544	0.8144503	2.835035e-07	3.709665e-08	5.404543e-05	0.15875386	0.04628017	0.026795812
20024	SAS	SAS	shared_plus_specific	2000	valid	0	0.9556637	0.8359341	4.3233592e-07	2.1364085e-15	3.8633425e-05	0.00024436365	0.044297308	0.16382152
20024	SAS	SAS	shared_plus_specific	2000	order_mismatch	1	6.3489897e-06	0.0037309066	0.9999237	0.98451287	1.8788012e-05	0.010411229	5.12051e-05	0.0013449785
20024	SAS	SAS	shared_plus_specific	2000	sign_corruption	2	0.00010122222	0.41615203	0.00019643405	6.94877e-08	0.9996316	0.32525504	7.078589e-05	0.2585928
20024	SAS	AMR	shared_plus_specific	2000	ld_mismatch	3	0.82552433	0.8281248	9.251799e-07	1.2825661e-15	7.011544e-05	0.00017736331	0.17440464	0.17169778
20024	SAS	SAS	shared_plus_specific	20000	valid	0	0.9995517	0.37078917	2.8343337e-09	1.8929531e-09	1.5973819e-06	0.10497012	0.0004466685	0.5242407
20024	SAS	SAS	shared_plus_specific	20000	order_mismatch	1	5.913654e-06	1.1535891e-05	0.9999564	0.999881	2.6159227e-05	0.00010610536	1.14750665e-05	1.3624118e-06
20024	SAS	SAS	shared_plus_specific	20000	sign_corruption	2	8.615935e-06	0.011361594	1.5489812e-06	9.157283e-06	0.9999873	0.97696054	2.5591416e-06	0.011668808
20024	SAS	AMR	shared_plus_specific	20000	ld_mismatch	3	0.93740577	0.2510971	8.4098247e-07	1.5052546e-09	0.0050952607	0.2839428	0.057498176	0.46496007
20024	SAS	SAS	distinct_only	2000	valid	0	0.417292	0.8486019	3.7858706e-06	3.738109e-06	0.00058540987	0.12869495	0.5821188	0.022699375
20024	SAS	SAS	distinct_only	2000	order_mismatch	1	1.6374075e-07	0.0003549337	0.9999183	0.9707583	4.9044315e-06	0.0287575	7.6641205e-05	0.0001292412
20024	SAS	SAS	distinct_only	2000	sign_corruption	2	0.03385211	0.15494734	0.00088342436	0.0041388725	0.60225517	0.8330287	0.3630093	0.007885061
20024	SAS	AMR	distinct_only	2000	ld_mismatch	3	0.59223765	0.96517354	2.7728308e-06	3.7328896e-09	8.919509e-05	0.009166262	0.4076704	0.025660105
20024	SAS	SAS	distinct_only	20000	valid	0	0.47555414	0.95650584	3.7286666e-06	5.95332e-10	0.0014607	0.0058510215	0.52298146	0.03764304
20024	SAS	SAS	distinct_only	20000	order_mismatch	1	4.508579e-07	0.0002748612	0.99987555	0.9971186	2.6204254e-06	0.0025077981	0.00012139358	9.877278e-05
20024	SAS	SAS	distinct_only	20000	sign_corruption	2	0.016859496	0.098283514	0.00015223326	0.0001866114	0.72701675	0.88123274	0.2559714	0.020297129
20024	SAS	AMR	distinct_only	20000	ld_mismatch	3	0.5520549	0.9356322	1.3996896e-06	3.898401e-11	0.00027543347	0.0028678381	0.4476682	0.061499983
20024	AMR	AMR	shared_plus_specific	2000	valid	0	0.99855334	0.46926937	3.7943682e-08	1.153543e-14	7.6425595e-06	0.00081238546	0.0014389296	0.52991825
20024	AMR	AMR	shared_plus_specific	2000	order_mismatch	1	3.885982e-06	1.254103e-05	0.9987595	0.99956506	3.0716474e-05	0.00041935046	0.0012058661	3.065262e-06
20024	AMR	AMR	shared_plus_specific	2000	sign_corruption	2	1.3013846e-06	0.068861656	1.1331453e-05	8.09104e-07	0.99994516	0.8073251	4.2160045e-05	0.12381234
20024	AMR	SAS	shared_plus_specific	2000	ld_mismatch	3	0.8606108	0.47112823	1.1866393e-08	4.938587e-14	4.688141e-06	0.0004198789	0.1393845	0.52845186
20024	AMR	AMR	shared_plus_specific	20000	valid	0	0.9974436	0.39123482	2.4065956e-09	3.753248e-11	9.439115e-07	0.008131594	0.0025554255	0.60063356
20024	AMR	AMR	shared_plus_specific	20000	order_mismatch	1	8.844063e-05	0.0006161199	0.99869514	0.99858934	0.001159374	0.0006760141	5.7007128e-05	0.00011839128
20024	AMR	AMR	shared_plus_specific	20000	sign_corruption	2	7.085115e-06	0.072655804	1.6993671e-06	6.448768e-05	0.99997926	0.848689	1.1991672e-05	0.07859057
20024	AMR	SAS	shared_plus_specific	20000	ld_mismatch	3	0.41331354	0.3725047	1.5394594e-08	9.8340544e-11	2.2416928e-06	0.00646815	0.58668417	0.6210271
20024	AMR	AMR	distinct_only	2000	valid	0	0.9920704	0.16061327	0.00013993992	0.6464888	0.0035559663	0.18906271	0.0042337547	0.0038352464
20024	AMR	AMR	distinct_only	2000	order_mismatch	1	9.768546e-07	0.00049367856	0.9999246	0.98139966	5.6838602e-05	0.017953666	1.758388e-05	0.00015285252
20024	AMR	AMR	distinct_only	2000	sign_corruption	2	0.03053475	0.0002598397	0.035131007	0.97578454	0.9262503	0.023938686	0.008083928	1.686621e-05
20024	AMR	SAS	distinct_only	2000	ld_mismatch	3	0.9330285	0.0023210347	0.0106927045	0.98932683	0.032575876	0.008286656	0.023702854	6.559499e-05
20024	AMR	AMR	distinct_only	20000	valid	0	0.622723	0.97399217	1.2508893e-06	3.3755894e-11	0.0001016688	0.0017424204	0.3771741	0.02426532
20024	AMR	AMR	distinct_only	20000	order_mismatch	1	3.9213905e-05	0.0040860255	0.99916464	0.87571746	0.00076464907	0.11890998	3.1398977e-05	0.0012863983
20024	AMR	AMR	distinct_only	20000	sign_corruption	2	0.03342955	0.048325107	0.00049260433	0.0003000549	0.95877165	0.94594115	0.0073061585	0.0054336423
20024	AMR	SAS	distinct_only	20000	ld_mismatch	3	0.83367705	0.9453602	8.053118e-06	2.2818497e-08	0.00042477998	0.020296182	0.16589008	0.034343716
20025	SAS	SAS	shared_plus_specific	2000	valid	0	0.9929177	0.45520577	1.18416075e-07	3.3069532e-06	9.2385435e-06	0.009234974	0.007073002	0.5355559
20025	SAS	SAS	shared_plus_specific	2000	order_mismatch	1	4.498567e-06	0.00041560858	0.9999588	0.99814487	2.630028e-05	0.0012979689	1.0346635e-05	0.00014156912
20025	SAS	SAS	shared_plus_specific	2000	sign_corruption	2	9.889635e-06	0.08388209	2.387255e-05	0.01120027	0.9999601	0.81121224	6.1320975e-06	0.093705386
20025	SAS	AMR	shared_plus_specific	2000	ld_mismatch	3	0.99738353	0.39515898	1.5100633e-07	4.9280097e-06	6.783801e-06	0.021801574	0.0026095982	0.5830345
20025	SAS	SAS	shared_plus_specific	20000	valid	0	0.99324816	0.79822206	1.13038446e-07	0.0024751949	6.3486646e-06	0.059560783	0.0067452975	0.13974197
20025	SAS	SAS	shared_plus_specific	20000	order_mismatch	1	1.6911947e-05	1.8752815e-05	0.9998956	0.9981097	8.0121776e-05	0.0018681558	7.340031e-06	3.330308e-06
20025	SAS	SAS	shared_plus_specific	20000	sign_corruption	2	3.2611122e-05	3.6601497e-05	5.3364023e-05	0.02135983	0.99990195	0.9785751	1.21022085e-05	2.8464117e-05
20025	SAS	AMR	shared_plus_specific	20000	ld_mismatch	3	0.99918336	0.4424923	1.0362228e-07	0.01302359	5.461647e-06	0.42749545	0.00081107486	0.11698874
20025	SAS	SAS	distinct_only	2000	valid	0	0.65955025	0.8272394	1.9100564e-05	0.00042285796	0.00055104267	0.066848785	0.33987954	0.10548896
20025	SAS	SAS	distinct_only	2000	order_mismatch	1	2.5473416e-06	0.009257096	0.9962475	0.9502224	0.001047045	0.035906464	0.0027028623	0.004614059
20025	SAS	SAS	distinct_only	2000	sign_corruption	2	0.00086638186	0.25666058	0.00058292615	0.34403905	0.99547815	0.35481045	0.0030725906	0.044489957
20025	SAS	AMR	distinct_only	2000	ld_mismatch	3	0.8734301	0.85986596	4.409129e-06	9.5254825e-07	0.0009355769	0.025137726	0.12562992	0.1149953
20025	SAS	SAS	distinct_only	20000	valid	0	0.97691053	0.9307904	1.3864548e-07	4.0705426e-09	4.331532e-05	0.015905302	0.023046002	0.053304262
20025	SAS	SAS	distinct_only	20000	order_mismatch	1	5.7905163e-06	0.0011566681	0.99981683	0.9907194	0.00015706789	0.0077942605	2.035153e-05	0.00032973278
20025	SAS	SAS	distinct_only	20000	sign_corruption	2	0.00047403414	0.11186393	2.939027e-05	0.0003125273	0.99947804	0.87231547	1.860465e-05	0.01550808
20025	SAS	AMR	distinct_only	20000	ld_mismatch	3	0.7163337	0.9135334	4.5413745e-07	4.608458e-10	0.00053519587	0.015598656	0.28313065	0.070867926
20025	AMR	AMR	shared_plus_specific	2000	valid	0	0.979444	0.78293306	6.502549e-08	2.6340908e-06	4.111071e-06	0.0041356846	0.020551817	0.21292862
20025	AMR	AMR	shared_plus_specific	2000	order_mismatch	1	8.4092295e-05	0.0042017368	0.999173	0.9887474	0.00031575974	0.005851487	0.00042708745	0.0011994259
20025	AMR	AMR	shared_plus_specific	2000	sign_corruption	2	2.20015e-05	0.004188215	3.9526796e-05	0.0029900805	0.99986917	0.9896567	6.926126e-05	0.003165068
20025	AMR	SAS	shared_plus_specific	2000	ld_mismatch	3	0.4187338	0.7865818	3.32135e-07	1.3523906e-05	1.7602217e-05	0.0034525718	0.5812483	0.20995215
20025	AMR	AMR	shared_plus_specific	20000	valid	0	0.99981517	0.8547736	1.9408386e-08	0.000110051595	1.7874258e-06	0.02442376	0.0001830911	0.12069257
20025	AMR	AMR	shared_plus_specific	20000	order_mismatch	1	4.9804712e-05	0.00021525161	0.9998729	0.9984503	5.114763e-05	0.001293952	2.6082715e-05	4.058545e-05
20025	AMR	AMR	shared_plus_specific	20000	sign_corruption	2	7.764354e-05	0.00025122563	6.168744e-05	0.012166958	0.9998444	0.9874467	1.6257527e-05	0.00013502421
20025	AMR	SAS	shared_plus_specific	20000	ld_mismatch	3	0.84067637	0.8036975	7.812608e-07	0.0021857556	3.0033598e-05	0.051553894	0.15929285	0.14256282
20025	AMR	AMR	distinct_only	2000	valid	0	0.96973294	0.64362156	4.0945725e-08	7.888735e-16	1.0002947e-05	0.000588183	0.03025707	0.35579023
20025	AMR	AMR	distinct_only	2000	order_mismatch	1	0.0010226471	0.0039887177	0.96464986	0.9635275	0.017927073	0.0306196	0.016400447	0.0018642118
20025	AMR	AMR	distinct_only	2000	sign_corruption	2	2.2109312e-05	0.33117178	2.4442697e-05	7.019015e-08	0.9999135	0.31841776	3.997533e-05	0.35041037
20025	AMR	SAS	distinct_only	2000	ld_mismatch	3	0.753376	0.5808873	1.0352576e-07	7.3473036e-13	3.180996e-05	0.0032893831	0.24659206	0.4158233
20025	AMR	AMR	distinct_only	20000	valid	0	0.64088684	0.96167296	5.967813e-06	4.1035477e-09	0.00023012604	0.025240071	0.35887706	0.013087048
20025	AMR	AMR	distinct_only	20000	order_mismatch	1	7.531269e-05	0.0008749707	0.99919033	0.9397581	0.00072617206	0.059113286	8.240261e-06	0.00025361587
20025	AMR	AMR	distinct_only	20000	sign_corruption	2	0.10814617	0.009714171	0.000964832	0.00019260455	0.87578756	0.9895315	0.015101444	0.00056175306
20025	AMR	SAS	distinct_only	20000	ld_mismatch	3	0.6831706	0.9071052	1.4782662e-05	1.0099367e-06	0.0001891241	0.069629304	0.31662545	0.023264451
20026	SAS	SAS	shared_plus_specific	2000	valid	0	0.99736905	0.6641918	5.017692e-08	6.115431e-18	1.7393284e-05	0.00017230747	0.0026135335	0.33563596
20026	SAS	SAS	shared_plus_specific	2000	order_mismatch	1	2.046861e-05	1.871296e-05	0.9999358	0.9989926	3.0633644e-05	0.0009851318	1.3152879e-05	3.6285587e-06
20026	SAS	SAS	shared_plus_specific	2000	sign_corruption	2	1.4189615e-06	0.278037	5.0923645e-06	3.99374e-10	0.9999884	0.39344516	5.150659e-06	0.32851776
20026	SAS	AMR	shared_plus_specific	2000	ld_mismatch	3	0.47206903	0.6624915	9.337416e-07	4.0483042e-18	0.00013640641	0.00015933668	0.52779365	0.3373491
20026	SAS	SAS	shared_plus_specific	20000	valid	0	0.99405307	0.72582203	1.10873735e-07	7.777103e-17	4.4006945e-05	8.2771236e-05	0.005902802	0.27409524
20026	SAS	SAS	shared_plus_specific	20000	order_mismatch	1	1.7597968e-05	9.14162e-05	0.99988467	0.9985582	3.193066e-05	0.0013281998	6.581808e-05	2.21911e-05
20026	SAS	SAS	shared_plus_specific	20000	sign_corruption	2	9.888853e-06	0.5140361	2.9092087e-05	7.004643e-09	0.99993163	0.11594595	2.9370596e-05	0.37001795
20026	SAS	AMR	shared_plus_specific	20000	ld_mismatch	3	0.9256423	0.6921309	7.8746433e-07	8.789723e-18	0.00046260573	7.778498e-05	0.07389422	0.30779126
20026	SAS	SAS	distinct_only	2000	valid	0	0.4759139	0.39749727	1.4365086e-06	0.00017534205	0.00011630368	0.5894131	0.52396834	0.012914326
20026	SAS	SAS	distinct_only	2000	order_mismatch	1	1.5868409e-07	0.00054938276	0.9997609	0.94518805	9.708828e-06	0.054082606	0.00022914179	0.00017993772
20026	SAS	SAS	distinct_only	2000	sign_corruption	2	0.0032702496	0.002350371	0.0006473984	0.07457002	0.71160406	0.9228195	0.28447837	0.00026016476
20026	SAS	AMR	distinct_only	2000	ld_mismatch	3	0.31800318	0.06778794	2.608416e-06	0.003930545	0.0005908902	0.9244159	0.68140334	0.0038657032
20026	SAS	SAS	distinct_only	20000	valid	0	0.9932792	0.010960089	1.7874945e-06	0.002500341	8.9909234e-05	0.98640674	0.0066290423	0.00013285481
20026	SAS	SAS	distinct_only	20000	order_mismatch	1	1.563962e-06	2.571104e-05	0.99994105	0.99248874	3.3267614e-05	0.007482533	2.4153502e-05	3.1015195e-06
20026	SAS	SAS	distinct_only	20000	sign_corruption	2	0.0030891087	2.8238903e-05	0.0050187013	0.2158217	0.9887908	0.7841486	0.003101397	1.4700246e-06
20026	SAS	AMR	distinct_only	20000	ld_mismatch	3	0.99938744	0.00037404159	7.859989e-06	0.018341416	0.00039160866	0.98127687	0.00021320005	7.742957e-06
20026	AMR	AMR	shared_plus_specific	2000	valid	0	0.95197177	0.7784937	3.2579888e-07	8.911347e-14	5.272291e-05	0.0011000533	0.047975164	0.22040623
20026	AMR	AMR	shared_plus_specific	2000	order_mismatch	1	0.0037557262	2.105757e-06	0.9713516	0.9997993	0.005369174	0.00019796306	0.019523429	5.790445e-07
20026	AMR	AMR	shared_plus_specific	2000	sign_corruption	2	2.1802225e-05	0.32159245	4.1819632e-05	5.1195053e-07	0.9998353	0.48806247	0.000101089514	0.19034457
20026	AMR	SAS	shared_plus_specific	2000	ld_mismatch	3	0.5829751	0.64296645	1.9935856e-06	2.03131e-10	0.0003832924	0.005846849	0.41663966	0.35118672
20026	AMR	AMR	shared_plus_specific	20000	valid	0	0.99655145	0.6616775	4.603819e-07	1.640148e-17	0.000144056	0.00023794173	0.0033041108	0.3380846
20026	AMR	AMR	shared_plus_specific	20000	order_mismatch	1	0.00020215964	6.3911393e-06	0.99804765	0.9965822	0.0011693627	0.0034102565	0.0005808148	1.1761872e-06
20026	AMR	AMR	shared_plus_specific	20000	sign_corruption	2	1.3110836e-05	0.02709593	2.039678e-05	5.548322e-08	0.9998285	0.93692446	0.00013804925	0.035979543
20026	AMR	SAS	shared_plus_specific	20000	ld_mismatch	3	0.44754446	0.57612157	1.6783442e-06	5.7965776e-15	0.0002867472	0.0011808465	0.5521671	0.4226975
20026	AMR	AMR	distinct_only	2000	valid	0	0.9941006	0.37397343	1.4064896e-07	0.011404382	1.426641e-05	0.52384466	0.0058850986	0.09077749
20026	AMR	AMR	distinct_only	2000	order_mismatch	1	2.0852518e-05	0.0005065956	0.99871224	0.996223	0.00013425028	0.00313139	0.0011327678	0.00013896193
20026	AMR	AMR	distinct_only	2000	sign_corruption	2	2.0161699e-05	0.0013689059	0.00017965639	0.4311579	0.9994653	0.5669127	0.00033481358	0.0005605348
20026	AMR	SAS	distinct_only	2000	ld_mismatch	3	0.5614678	0.5885838	4.110824e-06	0.03538152	0.00021828293	0.23934676	0.43830988	0.1366879
20026	AMR	AMR	distinct_only	20000	valid	0	0.999337	0.01184128	2.6451548e-07	8.573075e-05	2.2557697e-05	0.9879265	0.0006401432	0.00014651236
20026	AMR	AMR	distinct_only	20000	order_mismatch	1	3.6469828e-07	6.0289793e-05	0.9998336	0.9987419	9.600665e-06	0.0011895575	0.00015642778	8.373861e-06
20026	AMR	AMR	distinct_only	20000	sign_corruption	2	0.00043112916	2.5891253e-05	0.00020458664	0.03338414	0.99651265	0.96658874	0.0028516317	1.2999369e-06
20026	AMR	SAS	distinct_only	20000	ld_mismatch	3	0.991025	0.018068338	6.835076e-06	0.009238006	0.0003969151	0.97241163	0.008571301	0.00028203666
20027	SAS	SAS	shared_plus_specific	2000	valid	0	0.53656644	0.85976857	1.5174227e-07	2.9190985e-14	3.467377e-05	0.00010121316	0.46339878	0.14013015
20027	SAS	SAS	shared_plus_specific	2000	order_mismatch	1	9.3060544e-07	0.00081131316	0.99994063	0.9986498	3.0695286e-05	0.00027384944	2.775604e-05	0.00026510496
20027	SAS	SAS	shared_plus_specific	2000	sign_corruption	2	0.009890564	0.63931245	0.0004909965	1.044943e-06	0.9874869	0.07610436	0.0021315152	0.28458208
20027	SAS	AMR	shared_plus_specific	2000	ld_mismatch	3	0.94040656	0.7862193	6.7312385e-08	4.1818622e-15	1.2850553e-05	7.532596e-05	0.05958046	0.21370527
20027	SAS	SAS	shared_plus_specific	20000	valid	0	0.2205178	0.9456123	3.917738e-08	4.529436e-09	3.5974733e-06	0.02275009	0.77947855	0.03163761
20027	SAS	SAS	shared_plus_specific	20000	order_mismatch	1	7.459892e-07	0.0015506475	0.99991006	0.9953685	1.677229e-05	0.0027567933	7.2439354e-05	0.00032414187
20027	SAS	SAS	shared_plus_specific	20000	sign_corruption	2	8.854627e-05	0.018930675	0.00018668863	0.031450514	0.98478895	0.94746834	0.014935833	0.0021505645
20027	SAS	AMR	shared_plus_specific	20000	ld_mismatch	3	0.39272264	0.8395958	4.883626e-08	2.0098792e-08	3.650024e-06	0.118690714	0.6072737	0.04171348
20027	SAS	SAS	distinct_only	2000	valid	0	0.36858082	0.09379192	1.1262083e-05	0.000627261	0.00024388911	0.90480524	0.6311641	0.0007755208
20027	SAS	SAS	distinct_only	2000	order_mismatch	1	1.2409117e-06	4.7174082e-05	0.9998746	0.97279686	8.293555e-05	0.027146216	4.1309428e-05	9.745456e-06
20027	SAS	SAS	distinct_only	2000	sign_corruption	2	0.004067396	0.00037887422	0.015051187	0.28497362	0.9150036	0.7146361	0.06587788	1.1409342e-05
20027	SAS	AMR	distinct_only	2000	ld_mismatch	3	0.6573336	0.21449055	8.928957e-06	6.0017283e-05	0.0002573583	0.78239983	0.3424001	0.0030495445
20027	SAS	SAS	distinct_only	20000	valid	0	0.48786363	0.6989641	1.0486022e-05	2.816543e-06	0.0006981052	0.29355016	0.51142776	0.007482891
20027	SAS	SAS	distinct_only	20000	order_mismatch	1	1.1318309e-06	2.1845495e-05	0.9999636	0.99215174	2.9355493e-05	0.0078223	5.99797e-06	4.1938265e-06
20027	SAS	SAS	distinct_only	20000	sign_corruption	2	0.001082138	0.001140807	0.0020891994	0.03299131	0.9903524	0.96581626	0.006476324	5.1623203e-05
20027	SAS	AMR	distinct_only	20000	ld_mismatch	3	0.66224885	0.9408154	9.690299e-06	2.8076036e-08	0.0007198526	0.0431157	0.3370216	0.01606899
20027	AMR	AMR	shared_plus_specific	2000	valid	0	0.9764016	0.5267441	1.3607625e-07	5.834928e-06	4.1628595e-05	0.45119578	0.023556596	0.02205424
20027	AMR	AMR	shared_plus_specific	2000	order_mismatch	1	3.2308253e-06	0.00035324693	0.9992749	0.994118	1.4103676e-05	0.005414346	0.0007079078	0.00011436171
20027	AMR	AMR	shared_plus_specific	2000	sign_corruption	2	0.22409333	0.006288234	0.0026778039	0.011227578	0.70762473	0.98176205	0.06560423	0.00072211004
20027	AMR	SAS	shared_plus_specific	2000	ld_mismatch	3	0.4590563	0.7913174	1.4541874e-06	7.3977753e-07	0.0002516253	0.17602378	0.5406906	0.032658074
20027	AMR	AMR	shared_plus_specific	20000	valid	0	0.98988605	0.16947286	2.6126193e-07	1.0016946e-07	2.4159608e-05	0.8278307	0.010089521	0.002696394
20027	AMR	AMR	shared_plus_specific	20000	order_mismatch	1	3.1285301e-06	0.00089524465	0.9996705	0.9928195	0.00018687255	0.0060989456	0.00013945471	0.00018630354
20027	AMR	AMR	shared_plus_specific	20000	sign_corruption	2	0.0001341033	0.0013015972	5.6490608e-05	0.0011480093	0.995269	0.997493	0.004540372	5.7468496e-05
20027	AMR	SAS	shared_plus_specific	20000	ld_mismatch	3	0.80571383	0.2724987	2.084552e-06	0.00022412206	0.00017671275	0.7224342	0.19410741	0.004842942
20027	AMR	AMR	distinct_only	2000	valid	0	0.49431658	0.22055496	3.0311392e-07	7.6785866e-05	8.0435995e-05	0.44578466	0.50560266	0.33358365
20027	AMR	AMR	distinct_only	2000	order_mismatch	1	3.9426054e-06	0.0014532569	0.98134404	0.9971629	0.010227655	0.0008917109	0.008424352	0.00049219275
20027	AMR	AMR	distinct_only	2000	sign_corruption	2	0.00034721824	0.1507178	0.00010287162	0.1746775	0.9961059	0.5278008	0.0034440197	0.14680387
20027	AMR	SAS	distinct_only	2000	ld_mismatch	3	0.06430761	0.25964257	5.1660027e-07	0.00014144964	5.193896e-05	0.40812084	0.9356399	0.3320951
20027	AMR	AMR	distinct_only	20000	valid	0	0.9691883	0.90817624	0.00011442303	2.7474307e-08	0.0038391163	0.07814211	0.026858183	0.013681648
20027	AMR	AMR	distinct_only	20000	order_mismatch	1	0.0002092609	0.0011259377	0.9916598	0.87376	0.00803403	0.124824554	9.693407e-05	0.0002895056
20027	AMR	AMR	distinct_only	20000	sign_corruption	2	0.06771841	0.0043981704	0.0011921428	0.0012586922	0.9301939	0.9940473	0.0008954993	0.00029594015
20027	AMR	SAS	distinct_only	20000	ld_mismatch	3	0.9492691	0.5138796	0.00011363603	2.8047454e-05	0.0050159427	0.47248635	0.045601223	0.013605958
20028	SAS	SAS	shared_plus_specific	2000	valid	0	0.9915293	0.67617625	3.9261088e-09	4.936247e-16	4.234688e-06	0.017297732	0.008466416	0.30652604
20028	SAS	SAS	shared_plus_specific	2000	order_mismatch	1	3.6384498e-07	5.1295283e-06	0.99996096	0.9998648	2.1968808e-05	0.0001295908	1.668565e-05	4.8188076e-07
20028	SAS	SAS	shared_plus_specific	2000	sign_corruption	2	7.0273404e-06	0.008164721	3.1428824e-06	3.57538e-08	0.9998855	0.9849482	0.00010437408	0.0068870024
20028	SAS	AMR	shared_plus_specific	2000	ld_mismatch	3	0.87242836	0.50535977	2.0071896e-07	2.1967754e-14	0.00026366886	0.1872599	0.12730779	0.30738035
20028	SAS	SAS	shared_plus_specific	20000	valid	0	0.9933731	0.6537541	8.8897517e-10	3.6272914e-12	6.269717e-07	0.028338926	0.006626291	0.31790698
20028	SAS	SAS	shared_plus_specific	20000	order_mismatch	1	8.4989375e-07	5.156263e-06	0.9999645	0.999798	3.2279608e-05	0.00019658152	2.367274e-06	3.7216367e-07
20028	SAS	SAS	shared_plus_specific	20000	sign_corruption	2	3.2131545e-06	0.0005808039	3.4204943e-06	3.4990112e-06	0.9999852	0.99894017	8.134057e-06	0.0004754672
20028	SAS	AMR	shared_plus_specific	20000	ld_mismatch	3	0.97515655	0.4610198	1.4697729e-08	1.7276635e-11	5.24706e-06	0.053845167	0.024838174	0.48513505
20028	SAS	SAS	distinct_only	2000	valid	0	0.33413222	0.763425	1.18431025e-08	1.5365161e-17	1.2404417e-05	7.732317e-05	0.6658554	0.2364976
20028	SAS	SAS	distinct_only	2000	order_mismatch	1	3.1973625e-06	0.00069919316	0.99979067	0.99904543	0.00014214458	0.00012645194	6.404497e-05	0.00012884493
20028	SAS	SAS	distinct_only	2000	sign_corruption	2	2.6359126e-05	0.5405876	1.3621008e-05	6.833232e-10	0.9985085	0.0774559	0.0014514802	0.38195646
20028	SAS	AMR	distinct_only	2000	ld_mismatch	3	0.7690545	0.5667445	2.2139714e-08	9.628668e-16	1.7619112e-05	0.00071353867	0.23092784	0.43254197
20028	SAS	SAS	distinct_only	20000	valid	0	0.997113	0.8052249	4.815157e-09	2.3784133e-18	2.0032587e-06	0.00033733028	0.0028849998	0.19443783
20028	SAS	SAS	distinct_only	20000	order_mismatch	1	3.8189846e-06	5.7362586e-06	0.9999525	0.9999316	3.2456588e-05	6.224237e-05	1.1247575e-05	4.4069316e-07
20028	SAS	SAS	distinct_only	20000	sign_corruption	2	7.567172e-06	0.13317074	1.3695074e-05	7.604503e-09	0.9999736	0.78954375	5.0606573e-06	0.07728543
20028	SAS	AMR	distinct_only	20000	ld_mismatch	3	0.98910123	0.6840684	9.925132e-09	2.0183625e-18	2.4900155e-06	0.0002739511	0.010896169	0.31565773
20028	AMR	AMR	shared_plus_specific	2000	valid	0	0.9980898	0.6431791	1.4181758e-08	9.737296e-17	2.4037261e-05	0.0069737337	0.0018862094	0.3498472
20028	AMR	AMR	shared_plus_specific	2000	order_mismatch	1	1.4259912e-05	2.1573017e-07	0.99986655	0.99997807	0.000108920736	2.1651422e-05	1.0202304e-05	1.475863e-08
20028	AMR	AMR	shared_plus_specific	2000	sign_corruption	2	1.4506446e-06	0.0007661363	4.4888757e-06	5.9188558e-08	0.9999583	0.9983901	3.5810957e-05	0.00084371975
20028	AMR	SAS	shared_plus_specific	2000	ld_mismatch	3	0.62201303	0.6021698	5.1420596e-08	1.3837859e-15	0.0002983041	0.0048610135	0.37768865	0.39296916
20028	AMR	AMR	shared_plus_specific	20000	valid	0	0.99155587	0.65428525	2.5953233e-09	1.7107093e-16	1.212905e-06	0.0045039095	0.008443025	0.34121078
20028	AMR	AMR	shared_plus_specific	20000	order_mismatch	1	5.058442e-05	4.4841258e-07	0.9998351	0.99997497	0.00010234886	2.4516707e-05	1.1932781e-05	3.5104442e-08
20028	AMR	AMR	shared_plus_specific	20000	sign_corruption	2	6.3371766e-07	0.0006841206	3.7639918e-06	1.7494034e-07	0.99997073	0.9986743	2.4843495e-05	0.0006414226
20028	AMR	SAS	shared_plus_specific	20000	ld_mismatch	3	0.33256117	0.60496116	4.464605e-09	2.699739e-16	2.1649646e-06	0.002007731	0.6674366	0.39303115
20028	AMR	AMR	distinct_only	2000	valid	0	0.43129596	0.45242763	0.00014598183	1.1106018e-09	0.38723898	0.081812605	0.18131912	0.4657598
20028	AMR	AMR	distinct_only	2000	order_mismatch	1	0.00013566934	0.00018815305	0.9994836	0.99945074	0.00034840705	0.00033858867	3.2305965e-05	2.2504253e-05
20028	AMR	AMR	distinct_only	2000	sign_corruption	2	7.269465e-06	0.26398537	0.00020876333	3.7330054e-05	0.999758	0.53244007	2.5906695e-05	0.20353727
20028	AMR	SAS	distinct_only	2000	ld_mismatch	3	0.50302666	0.4603953	0.00037634396	4.4090623e-07	0.16370387	0.012438573	0.33289313	0.52716565
20028	AMR	AMR	distinct_only	20000	valid	0	0.9989116	0.8541752	2.0882558e-08	8.830415e-19	8.722281e-06	0.00039459573	0.0010796363	0.1454302
20028	AMR	AMR	distinct_only	20000	order_mismatch	1	5.4817996e-05	0.0001104271	0.9996669	0.9989378	0.00027081347	0.0009396952	7.493572e-06	1.21036355e-05
20028	AMR	AMR	distinct_only	20000	sign_corruption	2	0.0004150735	0.18254226	3.7411097e-05	1.029414e-09	0.99951047	0.7333303	3.7049893e-05	0.08412737
20028	AMR	SAS	distinct_only	20000	ld_mismatch	3	0.64156514	0.8246704	1.7882407e-07	3.6431702e-16	6.0103688e-05	0.00035745092	0.3583746	0.17497215
20029	SAS	SAS	shared_plus_specific	2000	valid	0	0.65588474	0.74048656	2.2169617e-08	1.9281104e-17	9.37552e-06	0.010375112	0.3441058	0.24913833
20029	SAS	SAS	shared_plus_specific	2000	order_mismatch	1	3.1391771e-06	1.6382558e-07	0.9999067	0.99991465	3.666536e-05	8.526092e-05	5.3541167e-05	9.827575e-09
20029	SAS	SAS	shared_plus_specific	2000	sign_corruption	2	1.4490373e-06	0.021711715	6.4944397e-06	3.1671932e-10	0.9996498	0.96432066	0.0003422145	0.01396758
20029	SAS	AMR	shared_plus_specific	2000	ld_mismatch	3	0.7237696	0.6777294	1.1990863e-08	1.09526795e-17	6.6026864e-06	0.01059017	0.27622384	0.31168044
20029	SAS	SAS	shared_plus_specific	20000	valid	0	0.9711376	0.72076064	2.1847415e-09	3.134114e-16	1.4666863e-06	0.017895252	0.028860958	0.2613441
20029	SAS	SAS	shared_plus_specific	20000	order_mismatch	1	1.6688135e-06	2.4426092e-07	0.99994177	0.9999505	2.5331254e-05	4.922499e-05	3.1217398e-05	1.4014896e-08
20029	SAS	SAS	shared_plus_specific	20000	sign_corruption	2	1.4198149e-06	0.0032488182	2.9742878e-06	6.7282735e-09	0.99985427	0.99457186	0.00014131724	0.0021792615
20029	SAS	AMR	shared_plus_specific	20000	ld_mismatch	3	0.8938251	0.57153475	2.2977418e-09	9.616861e-16	1.9083725e-06	0.079985544	0.10617301	0.3484797
20029	SAS	SAS	distinct_only	2000	valid	0	0.42612323	0.5393211	1.0366261e-06	2.0144335e-10	8.888568e-05	0.15493052	0.57378685	0.30574837
20029	SAS	SAS	distinct_only	2000	order_mismatch	1	1.3667942e-06	5.1568145e-07	0.99993485	0.9973911	5.041446e-05	0.002608237	1.3474527e-05	1.01273486e-07
20029	SAS	SAS	distinct_only	2000	sign_corruption	2	6.6606403e-06	0.0067075994	0.0017653587	3.0207116e-06	0.996934	0.98867214	0.0012939445	0.0046172026
20029	SAS	AMR	distinct_only	2000	ld_mismatch	3	0.8305444	0.54609454	7.758611e-07	4.249464e-11	0.00025596886	0.08363819	0.16919895	0.3702673
20029	SAS	SAS	distinct_only	20000	valid	0	0.98568773	0.79482466	4.0485812e-08	4.9832126e-15	1.14796385e-05	0.013638815	0.014300785	0.19153647
20029	SAS	SAS	distinct_only	20000	order_mismatch	1	6.03692e-07	1.0318299e-06	0.99996823	0.9994367	2.0370795e-05	0.0005620836	1.0830194e-05	8.9650655e-08
20029	SAS	SAS	distinct_only	20000	sign_corruption	2	1.8627585e-06	0.001730157	2.1754133e-05	1.670512e-07	0.9999425	0.99737954	3.3897864e-05	0.0008902123
20029	SAS	AMR	distinct_only	20000	ld_mismatch	3	0.9394159	0.7555126	3.3920944e-08	1.0343506e-15	7.4407667e-06	0.009840021	0.06057668	0.2346474
20029	AMR	AMR	shared_plus_specific	2000	valid	0	0.9959677	0.77410746	9.526432e-09	5.236215e-16	2.3053306e-06	0.020538963	0.004030041	0.20535353
20029	AMR	AMR	shared_plus_specific	2000	order_mismatch	1	6.5600175e-06	3.383346e-07	0.99750185	0.99987936	4.6952468e-05	0.000120325145	0.002444583	2.5195954e-08
20029	AMR	AMR	shared_plus_specific	2000	sign_corruption	2	9.709488e-07	0.03766428	9.142001e-06	3.1038134e-09	0.99993277	0.9446931	5.7053257e-05	0.017642647
20029	AMR	SAS	shared_plus_specific	2000	ld_mismatch	3	0.75768334	0.74247366	3.9360653e-08	2.1832206e-12	2.3342427e-05	0.033122707	0.24229324	0.22440358
20029	AMR	AMR	shared_plus_specific	20000	valid	0	0.90230566	0.72973174	1.97097e-08	3.7818255e-18	7.2607404e-06	0.016690316	0.09768709	0.25357792
20029	AMR	AMR	shared_plus_specific	20000	order_mismatch	1	1.9582447e-05	3.0645396e-08	0.9996926	0.9998586	0.00014450203	0.0001414104	0.00014324312	1.7037735e-09
20029	AMR	AMR	shared_plus_specific	20000	sign_corruption	2	4.269506e-07	0.0027071773	4.3229315e-06	1.0672935e-09	0.99988633	0.9953609	0.00010891808	0.0019320162
20029	AMR	SAS	shared_plus_specific	20000	ld_mismatch	3	0.16205807	0.6912932	1.02504485e-08	5.483079e-15	5.2416744e-06	0.014003607	0.83793664	0.2947032
20029	AMR	AMR	distinct_only	2000	valid	0	0.98884773	0.2481092	0.0003679807	9.260637e-07	0.0071443967	0.7155535	0.0036398973	0.036336392
20029	AMR	AMR	distinct_only	2000	order_mismatch	1	1.471745e-05	5.986026e-06	0.9996883	0.9383289	0.0002797048	0.061662655	1.7249333e-05	2.3414068e-06
20029	AMR	AMR	distinct_only	2000	sign_corruption	2	0.00345614	0.020601079	0.008037898	4.6520752e-05	0.98842096	0.97494906	8.499244e-05	0.0044033285
20029	AMR	SAS	distinct_only	2000	ld_mismatch	3	0.383167	0.18249506	0.035231087	4.4141732e-05	0.013458802	0.78683656	0.5681432	0.030624144
20029	AMR	AMR	distinct_only	20000	valid	0	0.9976382	0.04438589	1.3583613e-06	1.182838e-11	0.0010831747	0.94622606	0.0012772352	0.009387992
20029	AMR	AMR	distinct_only	20000	order_mismatch	1	7.665473e-06	6.4098964e-07	0.99987227	0.98304164	0.000105115025	0.016957596	1.5012e-05	1.11273046e-07
20029	AMR	AMR	distinct_only	20000	sign_corruption	2	1.5123721e-05	5.4681237e-05	4.1507417e-05	6.5016496e-07	0.99993896	0.9999224	4.4178764e-06	2.2349293e-05
20029	AMR	SAS	distinct_only	20000	ld_mismatch	3	0.9971633	0.046669047	3.133219e-06	1.3362836e-10	0.00013016666	0.9422999	0.0027034392	0.011031125
20030	SAS	SAS	shared_plus_specific	2000	valid	0	0.6099161	0.55478203	7.3452874e-08	1.8142482e-14	2.2643935e-05	0.002378751	0.39006123	0.4428392
20030	SAS	SAS	shared_plus_specific	2000	order_mismatch	1	6.9578897e-07	6.034326e-06	0.99997306	0.999814	1.4239554e-05	0.00017917975	1.20178875e-05	7.91828e-07
20030	SAS	SAS	shared_plus_specific	2000	sign_corruption	2	2.4563074e-06	0.03268566	3.6353315e-06	4.421449e-08	0.9999814	0.9135115	1.2562147e-05	0.053802814
20030	SAS	AMR	shared_plus_specific	2000	ld_mismatch	3	0.65713954	0.5020193	4.5284867e-08	1.5901825e-15	9.73941e-06	0.001140601	0.3428506	0.49684015
20030	SAS	SAS	shared_plus_specific	20000	valid	0	0.9787238	0.6586425	3.249161e-09	1.3787831e-14	1.5483932e-06	0.0015408442	0.02127459	0.33981666
20030	SAS	SAS	shared_plus_specific	20000	order_mismatch	1	1.3465857e-06	1.2284699e-05	0.999944	0.99985456	5.097534e-05	0.0001321168	3.647933e-06	1.0973243e-06
20030	SAS	SAS	shared_plus_specific	20000	sign_corruption	2	2.0080451e-07	0.0018555872	2.2322056e-06	1.6794634e-07	0.9999835	0.9957514	1.4068869e-05	0.002392842
20030	SAS	AMR	shared_plus_specific	20000	ld_mismatch	3	0.9819553	0.4374161	7.9987705e-09	8.6394494e-14	2.3868286e-06	0.008356818	0.018042365	0.55422705
20030	SAS	SAS	distinct_only	2000	valid	0	0.4901422	0.6499202	4.6345345e-08	1.2093924e-10	2.3517836e-05	0.10033747	0.50983423	0.24974231
20030	SAS	SAS	distinct_only	2000	order_mismatch	1	2.9604555e-06	6.0060023e-07	0.99983186	0.99996674	6.169141e-05	3.269991e-05	0.00010355317	5.5924918e-08
20030	SAS	SAS	distinct_only	2000	sign_corruption	2	1.0157617e-06	0.00035675606	6.8689665e-06	0.0001005658	0.9999466	0.9993481	4.5615496e-05	0.0001945494
20030	SAS	AMR	distinct_only	2000	ld_mismatch	3	0.87823105	0.74370265	1.510231e-08	1.9917277e-12	1.2939149e-05	0.04991874	0.12175605	0.20637868
20030	SAS	SAS	distinct_only	20000	valid	0	0.9996886	0.037309453	2.9392547e-07	0.025462575	1.9276924e-05	0.92648333	0.00029182332	0.010744647
20030	SAS	SAS	distinct_only	20000	order_mismatch	1	1.8628556e-06	7.974341e-06	0.99984616	0.99574727	3.1198975e-05	0.004242217	0.000120754754	2.6574257e-06
20030	SAS	SAS	distinct_only	20000	sign_corruption	2	5.3461026e-05	9.017463e-06	0.004063316	0.03559213	0.99570173	0.96439236	0.00018152651	6.429873e-06
20030	SAS	AMR	distinct_only	20000	ld_mismatch	3	0.9971619	0.0035707082	2.7151575e-06	0.020808976	0.000114980234	0.97436696	0.002720399	0.0012532525
20030	AMR	AMR	shared_plus_specific	2000	valid	0	0.99503356	0.7342948	3.253304e-08	1.35370075e-11	1.0760144e-05	0.016037615	0.004955524	0.24966758
20030	AMR	AMR	shared_plus_specific	2000	order_mismatch	1	6.403868e-05	9.215514e-05	0.9985176	0.99943644	0.0013073353	0.00045380904	0.00011103446	1.7658167e-05
20030	AMR	AMR	shared_plus_specific	2000	sign_corruption	2	1.19164915e-05	0.001251094	2.0402882e-05	1.6209531e-05	0.9999593	0.9974911	8.416224e-06	0.0012415675
20030	AMR	SAS	shared_plus_specific	2000	ld_mismatch	3	0.67031926	0.71786535	1.2554962e-06	1.9957906e-09	0.000327687	0.046725694	0.3293518	0.23540896
20030	AMR	AMR	shared_plus_specific	20000	valid	0	0.9836075	0.6631153	1.7589104e-09	6.83747e-17	5.3667577e-07	0.0008922447	0.016391983	0.33599246
20030	AMR	AMR	shared_plus_specific	20000	order_mismatch	1	5.5969645e-05	2.2326683e-06	0.9997735	0.99995875	0.00013017823	3.880344e-05	4.032644e-05	1.7010979e-07
20030	AMR	AMR	shared_plus_specific	20000	sign_corruption	2	2.9394696e-06	0.0031646783	3.4088719e-06	2.4024303e-08	0.99990386	0.993465	8.981358e-05	0.0033702415
20030	AMR	SAS	shared_plus_specific	20000	ld_mismatch	3	0.59588414	0.6812316	7.3676447e-09	8.3289083e-16	3.0000435e-06	0.002363294	0.4041128	0.3164051
20030	AMR	AMR	distinct_only	2000	valid	0	0.51694494	0.072330065	1.8478428e-05	0.22110537	0.00043615347	0.6991092	0.48260042	0.007455401
20030	AMR	AMR	distinct_only	2000	order_mismatch	1	7.600354e-07	3.8316833e-07	0.99926585	0.99986863	5.907443e-06	0.00013096342	0.0007274936	4.902786e-08
20030	AMR	AMR	distinct_only	2000	sign_corruption	2	0.0003654923	8.3850326e-05	0.0560087	0.65118754	0.51263183	0.34870636	0.43099394	2.2305168e-05
20030	AMR	SAS	distinct_only	2000	ld_mismatch	3	0.56093305	0.0033617506	0.0001084455	0.9548954	0.0009947884	0.041280974	0.43796363	0.00046191993
20030	AMR	AMR	distinct_only	20000	valid	0	0.948118	0.1348362	2.2074914e-06	0.31017584	7.7733035e-05	0.52992076	0.051802102	0.02506723
20030	AMR	AMR	distinct_only	20000	order_mismatch	1	1.8153382e-06	2.2948618e-07	0.9999159	0.9999763	4.251983e-06	2.3524151e-05	7.802836e-05	4.4435684e-08
20030	AMR	AMR	distinct_only	20000	sign_corruption	2	0.00014786766	8.096103e-06	0.00549997	0.056854513	0.94717884	0.94313014	0.047173325	7.150006e-06
20030	AMR	SAS	distinct_only	20000	ld_mismatch	3	0.7134128	0.074249916	2.1632834e-05	0.7176026	0.00018275999	0.19128323	0.28638276	0.016864324
20031	SAS	SAS	shared_plus_specific	2000	valid	0	0.881171	0.6810432	1.2034576e-09	1.4553945e-16	1.2044711e-06	0.00083255675	0.11882784	0.31812423
20031	SAS	SAS	shared_plus_specific	2000	order_mismatch	1	1.7075063e-06	1.1296158e-05	0.9999394	0.9999405	5.081652e-05	4.7048034e-05	8.126176e-06	1.0293722e-06
20031	SAS	SAS	shared_plus_specific	2000	sign_corruption	2	3.2984706e-06	0.014199562	2.249273e-06	3.7251453e-08	0.99997395	0.9683876	2.0610352e-05	0.017412914
20031	SAS	AMR	shared_plus_specific	2000	ld_mismatch	3	0.7865142	0.45292035	4.5889244e-09	8.2042616e-16	1.9992697e-06	0.0019758868	0.21348377	0.5451037
20031	SAS	SAS	shared_plus_specific	20000	valid	0	0.9880965	0.7257693	5.9947287e-09	5.389672e-17	2.0016132e-06	0.00498733	0.011901568	0.26924342
20031	SAS	SAS	shared_plus_specific	20000	order_mismatch	1	1.0522589e-06	1.6014084e-06	0.9999593	0.9999441	3.0565043e-05	5.4251028e-05	9.026647e-06	1.0102292e-07
20031	SAS	SAS	shared_plus_specific	20000	sign_corruption	2	9.608726e-07	0.017755184	3.4723628e-06	4.8884385e-09	0.99997646	0.97032803	1.9092402e-05	0.011916721
20031	SAS	AMR	shared_plus_specific	20000	ld_mismatch	3	0.9553459	0.5606161	1.4016854e-08	8.4083306e-17	5.3620392e-06	0.009476631	0.04464866	0.4299073
20031	SAS	SAS	distinct_only	2000	valid	0	0.32704046	0.0074265064	0.6133843	0.7900583	0.035994343	0.2019954	0.023580803	0.0005197713
20031	SAS	SAS	distinct_only	2000	order_mismatch	1	4.2607085e-06	3.2230705e-07	0.99991614	0.9998135	4.839009e-05	0.00018612415	3.1186137e-05	2.2421306e-08
20031	SAS	SAS	distinct_only	2000	sign_corruption	2	5.090423e-05	4.152956e-05	0.93312883	0.597311	0.06675326	0.40263993	6.697716e-05	7.5347016e-06
20031	SAS	AMR	distinct_only	2000	ld_mismatch	3	0.007770475	0.00014427815	0.88421696	0.9942409	0.0021939545	0.0056016683	0.10581853	1.3307754e-05
20031	SAS	SAS	distinct_only	20000	valid	0	0.9904461	0.13694353	3.0352065e-09	5.048651e-07	2.257583e-06	0.8189442	0.009551673	0.044111744
20031	SAS	SAS	distinct_only	20000	order_mismatch	1	1.8595342e-06	7.506232e-07	0.99988765	0.99764305	9.119424e-05	0.0023560803	1.9335204e-05	7.068928e-08
20031	SAS	SAS	distinct_only	20000	sign_corruption	2	3.2880478e-06	9.271556e-06	1.4224005e-05	0.00070291094	0.9999755	0.99928397	6.958105e-06	3.7904795e-06
20031	SAS	AMR	distinct_only	20000	ld_mismatch	3	0.89948064	0.020978637	2.3118515e-08	1.8432846e-06	9.705037e-06	0.9634419	0.100509636	0.015577622
20031	AMR	AMR	shared_plus_specific	2000	valid	0	0.8853975	0.7684457	2.9305465e-07	1.8040089e-16	3.7502145e-05	0.005810678	0.11456468	0.22574364
20031	AMR	AMR	shared_plus_specific	2000	order_mismatch	1	1.660738e-05	7.931011e-07	0.99992037	0.99964774	5.4769804e-05	0.00035126775	8.258381e-06	1.1238659e-07
20031	AMR	AMR	shared_plus_specific	2000	sign_corruption	2	0.0005539122	0.067390494	0.00010394206	2.3230893e-09	0.99877757	0.89038527	0.0005646698	0.04222426
20031	AMR	SAS	shared_plus_specific	2000	ld_mismatch	3	0.91178674	0.7262006	2.757055e-07	4.1853272e-16	3.376159e-05	0.0036454347	0.08817921	0.27015394
20031	AMR	AMR	shared_plus_specific	20000	valid	0	0.99311304	0.6920629	8.342478e-09	4.348341e-20	4.2579272e-06	0.0005016469	0.0068827164	0.3074354
20031	AMR	AMR	shared_plus_specific	20000	order_mismatch	1	5.9850132e-05	1.375531e-06	0.9997434	0.9999572	0.00018908964	4.119288e-05	7.672547e-06	1.1695917e-07
20031	AMR	AMR	shared_plus_specific	20000	sign_corruption	2	1.310858e-06	0.020650718	6.333583e-06	3.731467e-09	0.9999786	0.9553862	1.3708406e-05	0.023963077
20031	AMR	SAS	shared_plus_specific	20000	ld_mismatch	3	0.30125648	0.6058803	2.0620435e-08	1.8855394e-18	8.804663e-06	0.0005299841	0.69873476	0.39358965
20031	AMR	AMR	distinct_only	2000	valid	0	0.9987834	0.36319655	1.1001344e-08	1.3676536e-06	2.8697325e-06	0.50086874	0.0012136315	0.13593332
20031	AMR	AMR	distinct_only	2000	order_mismatch	1	1.0375182e-05	3.286276e-07	0.99992853	0.99893457	4.451985e-05	0.0010650186	1.6586773e-05	4.5752106e-08
20031	AMR	AMR	distinct_only	2000	sign_corruption	2	5.845383e-06	0.00012110133	1.6842985e-05	5.2323154e-05	0.9993386	0.99973947	0.00063867035	8.71171e-05
20031	AMR	SAS	distinct_only	2000	ld_mismatch	3	0.7889337	0.6586055	1.2762995e-08	5.3408786e-07	4.5096826e-06	0.0923752	0.21106191	0.24901871
20031	AMR	AMR	distinct_only	20000	valid	0	0.99952	0.31230205	2.0349138e-09	5.908838e-06	8.095203e-07	0.585013	0.00047921948	0.102679044
20031	AMR	AMR	distinct_only	20000	order_mismatch	1	4.588028e-05	1.9222036e-07	0.9998675	0.99978167	7.816633e-05	0.00021805355	8.477179e-06	1.537168e-08
20031	AMR	AMR	distinct_only	20000	sign_corruption	2	5.743419e-06	1.0215258e-05	4.725888e-06	3.702971e-05	0.9997401	0.9999453	0.0002493813	7.4560726e-06
20031	AMR	SAS	distinct_only	20000	ld_mismatch	3	0.6622448	0.5476806	6.5767725e-09	9.923111e-06	4.0436935e-06	0.26858118	0.33775118	0.18372828
20032	SAS	SAS	shared_plus_specific	2000	valid	0	0.9230898	0.124025844	1.1637262e-05	0.048669647	0.00015625452	0.8250816	0.076742366	0.0022228402
20032	SAS	SAS	shared_plus_specific	2000	order_mismatch	1	2.8478191e-06	9.041829e-06	0.99973756	0.99871075	0.00020281295	0.0012788862	5.6792556e-05	1.3391002e-06
20032	SAS	SAS	shared_plus_specific	2000	sign_corruption	2	0.00047785798	2.2740922e-05	0.0013653472	0.7744345	0.997508	0.22554068	0.0006487877	2.1321991e-06
20032	SAS	AMR	shared_plus_specific	2000	ld_mismatch	3	0.96785635	0.16622452	9.9789995e-06	0.025388677	0.000113838665	0.80561835	0.032019828	0.0027684732
20032	SAS	SAS	shared_plus_specific	20000	valid	0	0.98267937	0.0016527061	2.5923211e-05	0.9375182	0.00018817784	0.060798153	0.017106548	3.0936237e-05
20032	SAS	SAS	shared_plus_specific	20000	order_mismatch	1	3.2320168e-07	4.6884742e-07	0.9999778	0.9968541	1.0744753e-05	0.003145468	1.1088528e-05	4.7620325e-08
20032	SAS	SAS	shared_plus_specific	20000	sign_corruption	2	0.0016857431	1.546325e-07	0.25304168	0.97413087	0.73150367	0.025869058	0.0137690045	1.9444718e-08
20032	SAS	AMR	shared_plus_specific	20000	ld_mismatch	3	0.9667249	0.00010554952	0.00022962586	0.9443622	0.0009243658	0.055528738	0.03212123	3.460165e-06
20032	SAS	SAS	distinct_only	2000	valid	0	0.9976182	0.61647725	7.247295e-05	1.5010068e-07	0.0009659917	0.29858992	0.0013433113	0.0849327
20032	SAS	SAS	distinct_only	2000	order_mismatch	1	2.204242e-06	0.0013211834	0.9986282	0.9955308	5.386219e-06	0.0027752584	0.0013642263	0.00037278052
20032	SAS	SAS	distinct_only	2000	sign_corruption	2	0.17439859	0.004045651	0.1367897	4.5213394e-05	0.38227186	0.9942239	0.3065398	0.00168524
20032	SAS	AMR	distinct_only	2000	ld_mismatch	3	0.8546443	0.09582768	0.00029297444	3.4851575e-06	0.004475214	0.88435745	0.1405875	0.01981147
20032	SAS	SAS	distinct_only	20000	valid	0	0.9986119	0.76951265	3.7225627e-07	9.259981e-18	7.431282e-05	0.0012480908	0.0013134206	0.2292393
20032	SAS	SAS	distinct_only	20000	order_mismatch	1	1.1136968e-06	2.3146217e-06	0.9999766	0.99972695	3.4039115e-06	0.0002704759	1.8923622e-05	2.10868e-07
20032	SAS	SAS	distinct_only	20000	sign_corruption	2	1.1580786e-06	0.13983136	1.444857e-05	9.44563e-10	0.99998045	0.7758573	3.9495944e-06	0.08431127
20032	SAS	AMR	distinct_only	20000	ld_mismatch	3	0.9273739	0.6359558	1.0553027e-06	7.8779697e-16	0.00058462046	0.03466424	0.07204039	0.32937995
20032	AMR	AMR	shared_plus_specific	2000	valid	0	0.58584523	1.3375521e-05	0.022733318	0.9988456	0.13057463	0.0011402088	0.26084685	8.741071e-07
20032	AMR	AMR	shared_plus_specific	2000	order_mismatch	1	1.14565275e-07	2.1945698e-06	0.9994965	0.9987109	2.2601982e-06	0.0012866472	0.0005010976	3.3121805e-07
20032	AMR	AMR	shared_plus_specific	2000	sign_corruption	2	0.003651169	1.7201116e-07	0.72012013	0.95184726	0.08499479	0.04815249	0.19123393	4.8731287e-08
20032	AMR	SAS	shared_plus_specific	2000	ld_mismatch	3	0.60523266	1.03753255e-05	0.09856961	0.9997309	0.09630821	0.00025807097	0.1998896	7.698961e-07
20032	AMR	AMR	shared_plus_specific	20000	valid	0	0.9876111	0.0064538685	2.4462338e-06	0.08235037	6.663925e-05	0.90924954	0.012319763	0.0019462872
20032	AMR	AMR	shared_plus_specific	20000	order_mismatch	1	1.0357222e-06	1.3837705e-06	0.9999177	0.99903846	2.2713051e-05	0.00095993467	5.8517344e-05	1.845474e-07
20032	AMR	AMR	shared_plus_specific	20000	sign_corruption	2	0.00015369362	3.5268506e-05	0.0027978437	0.23717043	0.9874124	0.76278347	0.009636103	1.0800281e-05
20032	AMR	SAS	shared_plus_specific	20000	ld_mismatch	3	0.8361195	0.014728388	5.6322227e-05	0.19484708	0.0057178605	0.7860626	0.15810634	0.0043619447
20032	AMR	AMR	distinct_only	2000	valid	0	0.97130424	0.056250386	3.5732763e-05	4.4514095e-06	0.0069617517	0.9356442	0.021698283	0.008100932
20032	AMR	AMR	distinct_only	2000	order_mismatch	1	1.0803349e-06	3.3704742e-05	0.99939656	0.8318014	9.498072e-05	0.16815738	0.00050740177	7.5083335e-06
20032	AMR	AMR	distinct_only	2000	sign_corruption	2	0.0001136497	0.00011313851	0.00027835625	0.00090203347	0.9994866	0.99894875	0.00012138169	3.6096222e-05
20032	AMR	SAS	distinct_only	2000	ld_mismatch	3	0.9717782	0.03509806	0.0014478829	6.0066057e-05	0.0066561047	0.9582104	0.020117765	0.006631451
20032	AMR	AMR	distinct_only	20000	valid	0	0.9976075	0.2902302	2.5565066e-07	7.2433948e-09	1.3805394e-05	0.6706948	0.0023783932	0.039075017
20032	AMR	AMR	distinct_only	20000	order_mismatch	1	4.3893638e-06	2.196403e-05	0.8747676	0.64716035	0.120774515	0.35281095	0.0044534914	6.683069e-06
20032	AMR	AMR	distinct_only	20000	sign_corruption	2	0.00024135331	2.8446733e-05	2.8028544e-05	1.2383152e-05	0.999543	0.9999453	0.00018757283	1.3812783e-05
20032	AMR	SAS	distinct_only	20000	ld_mismatch	3	0.9983561	0.28146467	1.3549566e-06	4.278229e-07	4.6048208e-05	0.6515016	0.0015965091	0.06703335
20033	SAS	SAS	shared_plus_specific	2000	valid	0	0.97789115	0.0018005341	0.003879486	0.92260075	0.007450728	0.07532601	0.010778598	0.0002727794
20033	SAS	SAS	shared_plus_specific	2000	order_mismatch	1	1.5461507e-06	1.4371111e-06	0.99997854	0.99887294	8.8766865e-06	0.0011254941	1.0995162e-05	1.697456e-07
20033	SAS	SAS	shared_plus_specific	2000	sign_corruption	2	0.0014677746	3.5946516e-06	0.11703227	0.23885743	0.8812104	0.7611377	0.00028958332	1.21192e-06
20033	SAS	AMR	shared_plus_specific	2000	ld_mismatch	3	0.09267402	0.0013053978	0.0007523237	0.9346219	0.0021444575	0.06385188	0.9044292	0.00022090715
20033	SAS	SAS	shared_plus_specific	20000	valid	0	0.9963598	0.0014881402	0.000132632	0.44446364	0.0008661035	0.5538052	0.002641448	0.00024307125
20033	SAS	SAS	shared_plus_specific	20000	order_mismatch	1	3.82516e-06	9.541918e-06	0.9999345	0.98388666	5.6835135e-05	0.016101958	4.81753e-06	1.888299e-06
20033	SAS	SAS	shared_plus_specific	20000	sign_corruption	2	0.00027196135	1.9412433e-05	0.07792003	0.64305484	0.92166805	0.3569215	0.00014000908	4.2912307e-06
20033	SAS	AMR	shared_plus_specific	20000	ld_mismatch	3	0.9825582	0.00046512918	5.0086845e-05	0.35928005	0.00049796415	0.6401687	0.016893785	8.609992e-05
20033	SAS	SAS	distinct_only	2000	valid	0	0.9791303	0.6324048	4.4109612e-08	1.239182e-13	6.089602e-05	0.0316834	0.020808667	0.3359118
20033	SAS	SAS	distinct_only	2000	order_mismatch	1	4.2421507e-07	1.0252231e-06	0.9999884	0.9997011	3.3615252e-06	0.00029773603	7.761885e-06	8.608517e-08
20033	SAS	SAS	distinct_only	2000	sign_corruption	2	5.699116e-07	0.009091376	1.213131e-05	1.5423996e-07	0.99991053	0.98355144	7.681354e-05	0.007356957
20033	SAS	AMR	distinct_only	2000	ld_mismatch	3	0.019106092	0.55278623	1.12555455e-07	3.5991812e-13	2.5943826e-05	0.11608486	0.98086786	0.3311289
20033	SAS	SAS	distinct_only	20000	valid	0	0.99817127	0.65000546	4.998262e-08	1.5449773e-15	9.000093e-06	0.0037214532	0.001819725	0.34627306
20033	SAS	SAS	distinct_only	20000	order_mismatch	1	8.890102e-06	4.818308e-07	0.9999661	0.99791414	2.2733808e-05	0.0020852485	2.2844058e-06	8.4417564e-08
20033	SAS	SAS	distinct_only	20000	sign_corruption	2	2.067185e-06	0.040847197	1.2775586e-05	1.3435752e-07	0.99998	0.92077416	5.170227e-06	0.03837848
20033	SAS	AMR	distinct_only	20000	ld_mismatch	3	0.6986025	0.6010826	3.199652e-07	5.0227098e-17	0.0001251909	0.0018987041	0.30127195	0.39701864
20033	AMR	AMR	shared_plus_specific	2000	valid	0	0.9777794	0.0026786183	2.2617503e-05	0.34447464	0.000102314196	0.65278256	0.022095596	6.4181615e-05
20033	AMR	AMR	shared_plus_specific	2000	order_mismatch	1	3.3849226e-06	0.00037223674	0.9863803	0.79107517	0.009209463	0.20844659	0.0044068447	0.00010595855
20033	AMR	AMR	shared_plus_specific	2000	sign_corruption	2	0.00030309704	2.6154374e-05	0.64081734	0.85532284	0.35710847	0.14464977	0.0017711256	1.0931994e-06
20033	AMR	SAS	shared_plus_specific	2000	ld_mismatch	3	0.020432472	1.8452353e-06	0.9677224	0.9954992	0.0033285709	0.0044987337	0.008516496	1.2788588e-07
20033	AMR	AMR	shared_plus_specific	20000	valid	0	0.9742532	0.00088785513	0.00013294909	0.09791895	0.0010205248	0.900948	0.02459336	0.00024523374
20033	AMR	AMR	shared_plus_specific	20000	order_mismatch	1	5.3583784e-07	3.4077316e-06	0.9999048	0.98129857	2.3915845e-05	0.018697416	7.074047e-05	7.320353e-07
20033	AMR	AMR	shared_plus_specific	20000	sign_corruption	2	0.0017662914	2.3523959e-05	0.21798424	0.92742485	0.7612043	0.07254781	0.019045124	3.7664295e-06
20033	AMR	SAS	shared_plus_specific	20000	ld_mismatch	3	0.761375	0.0012589179	0.03195091	0.33960342	0.03568205	0.6587043	0.17099208	0.0004333626
20033	AMR	AMR	distinct_only	2000	valid	0	0.7198517	0.72488385	9.561421e-08	1.1746461e-17	8.1246566e-05	0.005647189	0.28006694	0.26946896
20033	AMR	AMR	distinct_only	2000	order_mismatch	1	1.8499836e-06	2.6903518e-07	0.9995461	0.998882	9.7112e-06	0.0011177227	0.00044233832	2.7556242e-08
20033	AMR	AMR	distinct_only	2000	sign_corruption	2	8.559269e-06	0.25625253	1.0374719e-05	2.1283361e-12	0.99988395	0.57309747	9.710006e-05	0.17065002
20033	AMR	SAS	distinct_only	2000	ld_mismatch	3	0.022585101	0.59522927	3.951335e-08	2.4124692e-16	1.8725439e-05	0.0029483074	0.9773961	0.40182236
20033	AMR	AMR	distinct_only	20000	valid	0	0.9657521	0.68336076	1.5754775e-07	1.9629242e-16	5.2956817e-05	0.0061745862	0.034194786	0.31046465
20033	AMR	AMR	distinct_only	20000	order_mismatch	1	3.1626168e-06	5.229165e-08	0.99989015	0.998939	1.1932406e-05	0.0010610073	9.477184e-05	6.1260117e-09
20033	AMR	AMR	distinct_only	20000	sign_corruption	2	4.1476214e-06	0.26663542	7.3123533e-06	1.1495984e-10	0.99995106	0.5482455	3.7436203e-05	0.18511908
20033	AMR	SAS	distinct_only	20000	ld_mismatch	3	0.66573197	0.5446609	1.1855338e-07	7.051855e-15	9.8720666e-05	0.0039375923	0.33416924	0.45140153
20034	SAS	SAS	shared_plus_specific	2000	valid	0	0.9989159	0.6274135	1.5684795e-07	0.0003464133	1.6403144e-05	0.15777548	0.0010675369	0.21446462
20034	SAS	SAS	shared_plus_specific	2000	order_mismatch	1	1.3272414e-06	7.6352415e-05	0.999707	0.9998448	1.1815516e-05	6.2216604e-05	0.0002798219	1.6543656e-05
20034	SAS	SAS	shared_plus_specific	2000	sign_corruption	2	6.609738e-05	0.006349549	0.00017442026	0.3498363	0.9997263	0.6408175	3.310658e-05	0.00299667
20034	SAS	AMR	shared_plus_specific	2000	ld_mismatch	3	0.99940723	0.56313765	4.9105285e-08	0.00016195062	1.2245898e-05	0.18377669	0.00058042444	0.25292373
20034	SAS	SAS	shared_plus_specific	20000	valid	0	0.9984937	0.43548614	1.5831239e-09	1.9246104e-12	3.0612039e-06	0.004991274	0.0015032463	0.55952257
20034	SAS	SAS	shared_plus_specific	20000	order_mismatch	1	6.1692626e-06	0.000106434876	0.999952	0.999338	3.771787e-05	0.0005404456	4.1406533e-06	1.5161221e-05
20034	SAS	SAS	shared_plus_specific	20000	sign_corruption	2	8.410258e-06	0.047458813	1.9124943e-06	5.9889453e-07	0.9999806	0.87254417	9.001102e-06	0.079996444
20034	SAS	AMR	shared_plus_specific	20000	ld_mismatch	3	0.956228	0.3897634	2.7338169e-08	8.75176e-13	3.2372176e-05	0.006372699	0.043739516	0.6038639
20034	SAS	SAS	distinct_only	2000	valid	0	0.99038285	0.009310565	1.6208262e-05	0.37199175	0.0006127156	0.61840063	0.008988251	0.00029711094
20034	SAS	SAS	distinct_only	2000	order_mismatch	1	2.5020233e-07	3.4919572e-06	0.9999556	0.9958383	3.808907e-05	0.004157716	6.118363e-06	5.5122575e-07
20034	SAS	SAS	distinct_only	2000	sign_corruption	2	0.008532095	7.0703777e-06	0.026189335	0.73385847	0.9642175	0.2661334	0.0010610314	1.019885e-06
20034	SAS	AMR	distinct_only	2000	ld_mismatch	3	0.94008183	0.0009353358	3.8360802e-05	0.7995577	0.0009640301	0.19947267	0.05891578	3.4333556e-05
20034	SAS	SAS	distinct_only	20000	valid	0	0.97769284	0.052480727	1.7990611e-06	0.010842455	5.7525172e-05	0.93550754	0.022247799	0.0011692577
20034	SAS	SAS	distinct_only	20000	order_mismatch	1	1.0645189e-06	3.2598707e-06	0.9999032	0.9974137	8.957512e-05	0.002582791	6.2037216e-06	3.365855e-07
20034	SAS	SAS	distinct_only	20000	sign_corruption	2	0.0017847394	4.6375482e-07	0.0023424115	0.047525577	0.9938848	0.9524739	0.001988031	9.47634e-08
20034	SAS	AMR	distinct_only	20000	ld_mismatch	3	0.9996443	0.0010059238	4.736908e-06	0.05799017	8.282732e-05	0.9409647	0.00026821755	3.9265662e-05
20034	AMR	AMR	shared_plus_specific	2000	valid	0	0.999625	0.001270844	2.3699086e-07	0.00205471	1.2189215e-05	0.99609095	0.00036255468	0.00058353884
20034	AMR	AMR	shared_plus_specific	2000	order_mismatch	1	1.3420394e-05	5.924407e-07	0.9998355	0.99784315	7.834562e-05	0.0021560718	7.269112e-05	9.186482e-08
20034	AMR	AMR	shared_plus_specific	2000	sign_corruption	2	0.00032932474	0.00024802863	0.0008109635	0.19998293	0.99850744	0.7996784	0.00035226604	9.0686655e-05
20034	AMR	SAS	shared_plus_specific	2000	ld_mismatch	3	0.8241553	0.0056252084	4.577458e-06	0.0033330654	7.7993514e-05	0.98881054	0.17576222	0.0022311183
20034	AMR	AMR	shared_plus_specific	20000	valid	0	0.9999071	0.40975216	2.3906377e-09	1.02416174e-11	1.0318064e-06	0.013022305	9.192044e-05	0.5772255
20034	AMR	AMR	shared_plus_specific	20000	order_mismatch	1	1.311897e-05	6.2859294e-06	0.99986964	0.9999417	8.872724e-05	5.11365e-05	2.8484368e-05	8.092709e-07
20034	AMR	AMR	shared_plus_specific	20000	sign_corruption	2	7.746753e-06	0.0074122595	2.4547164e-06	4.1712074e-06	0.9999736	0.9777281	1.6117194e-05	0.014855393
20034	AMR	SAS	shared_plus_specific	20000	ld_mismatch	3	0.9488549	0.3757983	3.8618624e-09	5.978803e-11	1.9879717e-06	0.015969904	0.051143084	0.60823184
20034	AMR	AMR	distinct_only	2000	valid	0	0.55718464	0.000251828	0.003176057	0.34323192	0.3884109	0.6565071	0.051228404	9.191455e-06
20034	AMR	AMR	distinct_only	2000	order_mismatch	1	5.4978824e-07	1.0450172e-05	0.99979687	0.91352594	6.2845815e-05	0.08646029	0.00013977136	3.34916e-06
20034	AMR	AMR	distinct_only	2000	sign_corruption	2	0.0015416882	9.450211e-06	0.5140359	0.7801402	0.4813269	0.21984948	0.0030955977	8.396503e-07
20034	AMR	SAS	distinct_only	2000	ld_mismatch	3	0.2769166	0.00020994326	0.05755821	0.50728035	0.5378936	0.49249312	0.12763162	1.6481112e-05
20034	AMR	AMR	distinct_only	20000	valid	0	0.7573965	0.027907358	7.251607e-05	0.3055891	0.00016814383	0.66621566	0.24236287	0.0002878212
20034	AMR	AMR	distinct_only	20000	order_mismatch	1	1.6644448e-07	7.176512e-06	0.9998455	0.9990171	1.4629128e-05	0.0009747768	0.00013963673	9.800746e-07
20034	AMR	AMR	distinct_only	20000	sign_corruption	2	0.017927406	6.626481e-07	0.042435873	0.9197644	0.59845555	0.08023502	0.34118116	4.2866294e-08
20034	AMR	SAS	distinct_only	20000	ld_mismatch	3	0.72322553	0.0032180778	0.00023722196	0.86817545	0.00035545483	0.1285561	0.27618182	5.0380775e-05
20035	SAS	SAS	shared_plus_specific	2000	valid	0	0.20054014	0.629048	2.6403068e-06	0.0006035218	2.9738834e-05	0.35668126	0.79942745	0.013667197
20035	SAS	SAS	shared_plus_specific	2000	order_mismatch	1	7.248267e-08	0.0003219619	0.99987835	0.9988518	2.101048e-06	0.0007703258	0.000119463504	5.5967907e-05
20035	SAS	SAS	shared_plus_specific	2000	sign_corruption	2	0.005060268	0.0014939898	0.0012658968	0.39011398	0.44541922	0.60823756	0.54825455	0.0001544583
20035	SAS	AMR	shared_plus_specific	2000	ld_mismatch	3	0.40055335	0.16716531	1.2995025e-06	0.0004109495	4.5378442e-06	0.8269778	0.5994409	0.0054459
20035	SAS	SAS	shared_plus_specific	20000	valid	0	0.8834347	0.9442559	1.4019601e-07	9.354878e-09	4.129112e-05	0.032632034	0.116523914	0.023112053
20035	SAS	SAS	shared_plus_specific	20000	order_mismatch	1	5.4184334e-06	0.0021513943	0.99983686	0.9910959	5.2768246e-05	0.0061428603	0.00010489734	0.0006099164
20035	SAS	SAS	shared_plus_specific	20000	sign_corruption	2	0.00016735087	0.009374021	7.879074e-05	0.004466892	0.99881047	0.985097	0.000943375	0.0010622004
20035	SAS	AMR	shared_plus_specific	20000	ld_mismatch	3	0.95778257	0.71783185	4.6560626e-08	1.4127774e-07	1.9534704e-05	0.25626624	0.042197887	0.025901783
20035	SAS	SAS	distinct_only	2000	valid	0	0.96127135	0.0014108943	8.087958e-05	0.42262256	0.006847966	0.5758159	0.03179985	0.00015066685
20035	SAS	SAS	distinct_only	2000	order_mismatch	1	7.839978e-07	0.0009803746	0.99987715	0.9753525	7.360745e-05	0.023436943	4.850156e-05	0.00023011513
20035	SAS	SAS	distinct_only	2000	sign_corruption	2	4.0140305e-05	4.138305e-05	0.0026586663	0.92927444	0.9971917	0.070677824	0.00010938725	6.3563693e-06
20035	SAS	AMR	distinct_only	2000	ld_mismatch	3	0.8707681	0.0073264204	8.523491e-05	0.09510974	0.008465538	0.89630204	0.12068116	0.0012618907
20035	SAS	SAS	distinct_only	20000	valid	0	0.7524092	0.84037685	2.182994e-05	9.0135273e-07	0.002271881	0.14711799	0.245297	0.012504227
20035	SAS	SAS	distinct_only	20000	order_mismatch	1	2.7892222e-07	9.780601e-06	0.999986	0.9996271	4.9826535e-06	0.00036145528	8.7315175e-06	1.6940908e-06
20035	SAS	SAS	distinct_only	20000	sign_corruption	2	0.07181399	0.001236782	0.0018277875	0.01747998	0.9168592	0.9811779	0.009499012	0.00010541188
20035	SAS	AMR	distinct_only	20000	ld_mismatch	3	0.7522202	0.91874707	4.2472752e-06	2.2457154e-07	0.0006312603	0.05754832	0.2471442	0.02370441
20035	AMR	AMR	shared_plus_specific	2000	valid	0	0.90421087	0.8868303	3.1714933e-08	8.831691e-12	3.0925552e-05	0.001654159	0.09575814	0.11151559
20035	AMR	AMR	shared_plus_specific	2000	order_mismatch	1	4.351558e-07	0.040057298	0.98674583	0.83713764	0.00014454381	0.090050936	0.01310913	0.03275403
20035	AMR	AMR	shared_plus_specific	2000	sign_corruption	2	0.0025058005	0.3534881	6.424332e-05	3.42305e-05	0.9654538	0.5069952	0.031976208	0.13948247
20035	AMR	SAS	shared_plus_specific	2000	ld_mismatch	3	0.29637024	0.8680577	1.4048844e-07	1.5229364e-08	8.6137174e-05	0.008248844	0.7035435	0.12369338
20035	AMR	AMR	shared_plus_specific	20000	valid	0	0.9838896	0.92676246	1.6247059e-08	1.291084e-13	1.2403642e-05	0.0018672607	0.016097972	0.07137019
20035	AMR	AMR	shared_plus_specific	20000	order_mismatch	1	7.3118213e-06	0.026802845	0.9990918	0.94997156	0.0007815145	0.012133333	0.00011942955	0.0110923145
20035	AMR	AMR	shared_plus_specific	20000	sign_corruption	2	2.0572135e-05	0.26653072	1.0481129e-05	1.4500328e-05	0.99961287	0.68083024	0.00035603435	0.05262457
20035	AMR	SAS	shared_plus_specific	20000	ld_mismatch	3	0.53103393	0.9351648	9.400309e-08	3.3397515e-10	4.80912e-05	0.0025816062	0.46891794	0.062253565
20035	AMR	AMR	distinct_only	2000	valid	0	0.9702737	0.21257858	2.3346807e-05	7.6267647e-06	0.002107238	0.7853545	0.027595775	0.002059317
20035	AMR	AMR	distinct_only	2000	order_mismatch	1	2.6081253e-07	4.635984e-05	0.9999573	0.98939496	3.1283074e-05	0.01054693	1.1110836e-05	1.1754078e-05
20035	AMR	AMR	distinct_only	2000	sign_corruption	2	0.072279274	0.00015188182	0.0062249308	0.055054035	0.92044353	0.94478595	0.0010522737	8.066501e-06
20035	AMR	SAS	distinct_only	2000	ld_mismatch	3	0.89843327	0.44137454	2.3810295e-05	0.00014147747	0.0010907525	0.55405337	0.100452095	0.0044306433
20035	AMR	AMR	distinct_only	20000	valid	0	0.29159924	0.7470383	6.7614837e-06	4.3535388e-07	0.00020409544	0.24681656	0.70818996	0.0061447164
20035	AMR	AMR	distinct_only	20000	order_mismatch	1	7.0661276e-06	1.6124299e-05	0.9999172	0.99532616	6.9007205e-05	0.0046536466	6.742566e-06	4.0447558e-06
20035	AMR	AMR	distinct_only	20000	sign_corruption	2	0.07787725	0.0044100904	0.0032651394	0.0005470447	0.68651295	0.994918	0.23234467	0.00012487601
20035	AMR	SAS	distinct_only	20000	ld_mismatch	3	0.54094917	0.5818398	2.3005778e-05	3.562819e-05	0.00024253195	0.41162673	0.4587853	0.0064978376
20036	SAS	SAS	shared_plus_specific	2000	valid	0	0.31970295	0.1205994	8.104252e-07	0.010365915	0.00013926956	0.81361955	0.68015695	0.055415116
20036	SAS	SAS	shared_plus_specific	2000	order_mismatch	1	2.0749205e-06	2.0935331e-05	0.9936557	0.99988866	3.2286607e-05	8.607503e-05	0.0063099773	4.241495e-06
20036	SAS	SAS	shared_plus_specific	2000	sign_corruption	2	0.000104972045	0.005651354	0.0011656897	0.7004154	0.9951882	0.291309	0.0035412589	0.002624294
20036	SAS	AMR	shared_plus_specific	2000	ld_mismatch	3	0.44533715	0.034098543	5.871472e-05	0.035829768	0.013187382	0.91312337	0.5414168	0.0169483
20036	SAS	SAS	shared_plus_specific	20000	valid	0	0.49603507	0.7803094	1.6358272e-05	4.0362367e-05	0.0005845447	0.1249479	0.503364	0.09470235
20036	SAS	SAS	shared_plus_specific	20000	order_mismatch	1	2.0218147e-06	9.625695e-05	0.999919	0.99903727	1.3000395e-05	0.0008489106	6.595324e-05	1.7601087e-05
20036	SAS	SAS	shared_plus_specific	20000	sign_corruption	2	9.1029615e-05	0.020145498	0.00017852419	0.052104954	0.99970526	0.9230663	2.5251446e-05	0.004683188
20036	SAS	AMR	shared_plus_specific	20000	ld_mismatch	3	0.6827591	0.7276286	5.031277e-06	1.1445112e-05	0.00037039505	0.11770154	0.3168654	0.1546584
20036	SAS	SAS	distinct_only	2000	valid	0	0.9295487	0.49005502	6.2382187e-06	4.4959655e-05	0.00017457567	0.5079093	0.07027057	0.0019907586
20036	SAS	SAS	distinct_only	2000	order_mismatch	1	2.2364247e-07	2.0519756e-06	0.9999637	0.9996289	1.2192294e-05	0.00036886014	2.3895309e-05	2.441621e-07
20036	SAS	SAS	distinct_only	2000	sign_corruption	2	0.41070414	0.00064395816	0.043187514	0.3810906	0.37036452	0.6182559	0.17574392	9.471283e-06
20036	SAS	AMR	distinct_only	2000	ld_mismatch	3	0.78665066	0.111919284	1.0071181e-05	8.245844e-05	0.000107274296	0.88746655	0.213232	0.00053168123
20036	SAS	SAS	distinct_only	20000	valid	0	0.9975412	0.19645858	1.567471e-06	1.5688805e-07	0.00016091381	0.80253917	0.0022963227	0.0010021465
20036	SAS	SAS	distinct_only	20000	order_mismatch	1	8.564391e-07	2.2149512e-05	0.99996996	0.99860114	2.346232e-05	0.0013733861	5.745067e-06	3.2889486e-06
20036	SAS	SAS	distinct_only	20000	sign_corruption	2	0.2058198	0.00020988913	0.0700727	0.011277941	0.46961737	0.9885073	0.25449005	4.9165383e-06
20036	SAS	AMR	distinct_only	20000	ld_mismatch	3	0.993691	0.10785527	1.0486001e-06	9.966874e-08	5.3614913e-05	0.89158946	0.006254366	0.00055508787
20036	AMR	AMR	shared_plus_specific	2000	valid	0	0.96872205	0.87349904	1.3327312e-07	2.3246845e-07	2.287003e-05	0.05537594	0.031254895	0.07112482
20036	AMR	AMR	shared_plus_specific	2000	order_mismatch	1	5.19752e-07	0.001273833	0.9923265	0.9834764	4.2930584e-05	0.014720539	0.007630044	0.00052925374
20036	AMR	AMR	shared_plus_specific	2000	sign_corruption	2	9.322658e-05	0.038657803	0.0007945115	0.24954978	0.99760205	0.7025796	0.0015102032	0.009212759
20036	AMR	SAS	shared_plus_specific	2000	ld_mismatch	3	0.44704834	0.87295085	3.104786e-07	2.060032e-06	5.559879e-05	0.052523136	0.5528957	0.074523956
20036	AMR	AMR	shared_plus_specific	20000	valid	0	0.9982214	0.4099047	6.4806564e-08	9.223481e-06	1.9587047e-05	0.17953444	0.001758905	0.4105517
20036	AMR	AMR	shared_plus_specific	20000	order_mismatch	1	1.9225701e-05	0.00097033184	0.9994681	0.9925666	0.00029496438	0.0061207893	0.00021773728	0.00034226192
20036	AMR	AMR	shared_plus_specific	20000	sign_corruption	2	2.3724075e-05	0.043291267	3.362444e-05	0.014056221	0.9998562	0.9119949	8.647418e-05	0.030657642
20036	AMR	SAS	shared_plus_specific	20000	ld_mismatch	3	0.6192044	0.43482405	9.364309e-07	3.998313e-05	0.00015737418	0.19052644	0.3806373	0.37460947
20036	AMR	AMR	distinct_only	2000	valid	0	0.58249474	0.04331745	0.00012694798	0.0048832856	0.0006067478	0.9515404	0.41677156	0.00025883684
20036	AMR	AMR	distinct_only	2000	order_mismatch	1	8.132451e-08	1.0796098e-05	0.99937963	0.9968268	1.5936463e-05	0.003160098	0.00060436176	2.200308e-06
20036	AMR	AMR	distinct_only	2000	sign_corruption	2	0.05082692	6.9697795e-05	0.016719341	0.8706261	0.22244859	0.12930284	0.7100052	1.2942223e-06
20036	AMR	SAS	distinct_only	2000	ld_mismatch	3	0.9501445	0.017590031	0.0006469045	0.798248	0.012693488	0.18405968	0.0365151	0.00010221749
20036	AMR	AMR	distinct_only	20000	valid	0	0.9741716	0.10663018	8.136857e-06	3.8311964e-06	0.00023977786	0.8929077	0.025580464	0.00045826586
20036	AMR	AMR	distinct_only	20000	order_mismatch	1	1.0558871e-06	3.9158287e-05	0.99670744	0.98790216	0.0012395602	0.012050242	0.002052049	8.40368e-06
20036	AMR	AMR	distinct_only	20000	sign_corruption	2	0.09787787	2.0684985e-05	0.07255224	0.18390214	0.74867874	0.81607646	0.08089112	7.41456e-07
20036	AMR	SAS	distinct_only	20000	ld_mismatch	3	0.99450284	0.18453296	1.9007826e-05	0.023714524	0.0006716551	0.7904812	0.004806421	0.0012713048
20037	SAS	SAS	shared_plus_specific	2000	valid	0	0.9966736	0.5273248	4.644765e-08	5.4552163e-09	5.4617427e-05	0.24293043	0.0032717537	0.22974478
20037	SAS	SAS	shared_plus_specific	2000	order_mismatch	1	3.0978472e-06	4.5485302e-07	0.9999539	0.9998884	1.8370494e-05	0.000111143476	2.458488e-05	3.857496e-08
20037	SAS	SAS	shared_plus_specific	2000	sign_corruption	2	2.7108465e-05	0.00048867293	4.6527716e-06	4.6024334e-07	0.9998741	0.99910235	9.418506e-05	0.00040850288
20037	SAS	AMR	shared_plus_specific	2000	ld_mismatch	3	0.8675637	0.27207884	2.7915462e-08	5.7069953e-09	5.623782e-06	0.5566019	0.13243063	0.17131926
20037	SAS	SAS	shared_plus_specific	20000	valid	0	0.99646825	0.7343238	1.3123276e-09	1.7195664e-12	7.652518e-07	0.046955142	0.0035310034	0.21872102
20037	SAS	SAS	shared_plus_specific	20000	order_mismatch	1	1.2219976e-06	3.9069857e-07	0.9999525	0.99992144	2.547549e-05	7.824565e-05	2.0777197e-05	2.3389369e-08
20037	SAS	SAS	shared_plus_specific	20000	sign_corruption	2	8.0049676e-07	5.639175e-05	3.3028637e-06	7.3152044e-08	0.99988276	0.9998963	0.00011309361	4.7189922e-05
20037	SAS	AMR	shared_plus_specific	20000	ld_mismatch	3	0.97499436	0.302314	1.8413745e-09	2.1280786e-11	1.0956429e-06	0.4966621	0.025004486	0.20102389
20037	SAS	SAS	distinct_only	2000	valid	0	0.7095943	0.66935366	1.10073046e-07	1.6070045e-11	5.7336427e-05	0.10855755	0.29034826	0.22208871
20037	SAS	SAS	distinct_only	2000	order_mismatch	1	6.6900833e-07	7.3855495e-06	0.9999619	0.99860233	1.1795916e-05	0.0013892051	2.5552108e-05	1.0753902e-06
20037	SAS	SAS	distinct_only	2000	sign_corruption	2	1.28670445e-05	0.18355359	3.638556e-05	1.3761846e-07	0.9995342	0.74642384	0.000416541	0.070022464
20037	SAS	AMR	distinct_only	2000	ld_mismatch	3	0.6995836	0.69064474	1.3672268e-07	8.353089e-12	8.145504e-05	0.15151244	0.30033478	0.15784284
20037	SAS	SAS	distinct_only	20000	valid	0	0.98342043	0.75857955	1.2787493e-08	3.5658787e-15	8.405933e-06	0.011940505	0.016571155	0.22947995
20037	SAS	SAS	distinct_only	20000	order_mismatch	1	5.7321876e-07	1.3664118e-06	0.99996996	0.99976283	1.3771986e-05	0.00023578318	1.5722171e-05	1.04786665e-07
20037	SAS	SAS	distinct_only	20000	sign_corruption	2	4.938137e-07	0.004300399	6.7113106e-06	8.0222165e-08	0.99996215	0.99322975	3.0644962e-05	0.002469746
20037	SAS	AMR	distinct_only	20000	ld_mismatch	3	0.96351284	0.7245067	1.8507173e-08	3.2318512e-15	1.9709367e-05	0.03009526	0.036467537	0.2453981
20037	AMR	AMR	shared_plus_specific	2000	valid	0	0.9905073	0.7173743	4.770191e-09	2.5668402e-16	1.7026435e-06	0.0073354007	0.009491039	0.27529037
20037	AMR	AMR	shared_plus_specific	2000	order_mismatch	1	2.3894003e-05	5.3744424e-07	0.99970275	0.9998252	0.00014943752	0.00017420236	0.00012393123	3.956625e-08
20037	AMR	AMR	shared_plus_specific	2000	sign_corruption	2	7.043857e-07	0.040960263	5.120403e-06	1.2965687e-08	0.99994326	0.9337163	5.09493e-05	0.025323387
20037	AMR	SAS	shared_plus_specific	2000	ld_mismatch	3	0.3282635	0.6999982	2.0225507e-08	5.381062e-13	2.0687323e-05	0.0054058246	0.67171574	0.294596
20037	AMR	AMR	shared_plus_specific	20000	valid	0	0.9959375	0.65796924	1.101757e-09	1.4833117e-14	5.589639e-07	0.060819477	0.004061941	0.2812113
20037	AMR	AMR	shared_plus_specific	20000	order_mismatch	1	1.6599564e-05	5.5301502e-08	0.9998546	0.9999472	5.837031e-05	5.2837924e-05	7.03582e-05	3.7789447e-09
20037	AMR	AMR	shared_plus_specific	20000	sign_corruption	2	6.994075e-07	0.00027332632	3.3166705e-06	3.2432e-08	0.9997441	0.9994941	0.0002519371	0.00023252898
20037	AMR	SAS	shared_plus_specific	20000	ld_mismatch	3	0.4551004	0.58887684	3.5651666e-09	7.7740754e-13	4.4585418e-06	0.10655856	0.5448951	0.30456463
20037	AMR	AMR	distinct_only	2000	valid	0	0.719981	0.65332955	2.525638e-06	5.903276e-12	0.00071313936	0.11138832	0.2793033	0.2352821
20037	AMR	AMR	distinct_only	2000	order_mismatch	1	1.975014e-05	2.8944768e-07	0.9998136	0.9993974	5.109891e-05	0.00060237985	0.00011555722	3.9897163e-08
20037	AMR	AMR	distinct_only	2000	sign_corruption	2	6.366272e-07	0.007550161	6.9132744e-05	1.8015215e-06	0.9998713	0.9878352	5.8884234e-05	0.004612729
20037	AMR	SAS	distinct_only	2000	ld_mismatch	3	0.89455795	0.56296283	1.8953466e-05	5.1851617e-11	0.001169114	0.1917479	0.104254104	0.2452893
20037	AMR	AMR	distinct_only	20000	valid	0	0.8609082	0.6374412	3.51877e-08	1.6335427e-14	1.7205266e-05	0.18755272	0.13907461	0.17500603
20037	AMR	AMR	distinct_only	20000	order_mismatch	1	3.3057893e-06	3.1248774e-07	0.9999251	0.9994566	6.367792e-05	0.0005430736	7.997886e-06	3.62391e-08
20037	AMR	AMR	distinct_only	20000	sign_corruption	2	1.4200201e-06	0.00061694294	9.95157e-06	2.0451472e-08	0.9999338	0.9990245	5.481781e-05	0.0003584288
20037	AMR	SAS	distinct_only	20000	ld_mismatch	3	0.43415084	0.7183963	8.43042e-09	2.9287292e-14	3.7032733e-06	0.07803575	0.56584543	0.20356792
20038	SAS	SAS	shared_plus_specific	2000	valid	0	0.9763163	0.03747699	5.654497e-05	7.9976104e-05	0.02224485	0.9482158	0.0013823843	0.0142272515
20038	SAS	SAS	shared_plus_specific	2000	order_mismatch	1	7.2104666e-07	2.1440437e-05	0.9999428	0.97502464	5.058282e-05	0.024950294	5.92174e-06	3.765877e-06
20038	SAS	SAS	shared_plus_specific	2000	sign_corruption	2	2.6610649e-06	0.00041518742	0.00071917474	0.011019795	0.999259	0.98839474	1.9191591e-05	0.00017027838
20038	SAS	AMR	shared_plus_specific	2000	ld_mismatch	3	0.9713941	0.027817072	6.343505e-05	3.1922464e-05	0.023557251	0.95880127	0.0049851476	0.013349731
20038	SAS	SAS	shared_plus_specific	20000	valid	0	0.996865	0.0024796904	4.247611e-06	0.035224304	8.75011e-05	0.9618	0.0030433077	0.0004960528
20038	SAS	SAS	shared_plus_specific	20000	order_mismatch	1	3.2097696e-06	0.0004499043	0.9980208	0.9246694	0.0019338665	0.07481394	4.2050222e-05	6.670262e-05
20038	SAS	SAS	shared_plus_specific	20000	sign_corruption	2	6.61469e-05	2.8661847e-05	0.0057433844	0.8649906	0.9941458	0.13497742	4.46799e-05	3.3234803e-06
20038	SAS	AMR	shared_plus_specific	20000	ld_mismatch	3	0.9732907	0.0044055036	4.1051353e-06	0.007266811	0.00050942885	0.98729193	0.02619581	0.0010356765
20038	SAS	SAS	distinct_only	2000	valid	0	0.82600784	0.70039356	4.2239557e-07	4.6282316e-09	5.2889955e-05	0.01752807	0.1739388	0.2820783
20038	SAS	SAS	distinct_only	2000	order_mismatch	1	1.0553307e-06	1.6638959e-06	0.99920756	0.99997616	1.8248422e-05	2.180139e-05	0.000773093	3.4135763e-07
20038	SAS	SAS	distinct_only	2000	sign_corruption	2	7.520446e-06	0.083860464	9.895747e-05	0.00012299334	0.9995282	0.8683491	0.00036535852	0.04766741
20038	SAS	AMR	distinct_only	2000	ld_mismatch	3	0.95919895	0.68910676	1.3691499e-07	4.212874e-09	1.7650846e-05	0.09154881	0.04078327	0.21934453
20038	SAS	SAS	distinct_only	20000	valid	0	0.99067354	0.7170256	3.4430865e-09	2.8203883e-15	2.974797e-06	0.011810101	0.009323452	0.27116436
20038	SAS	SAS	distinct_only	20000	order_mismatch	1	1.9839638e-06	1.8293237e-07	0.99994844	0.9999783	2.0767557e-05	2.1437725e-05	2.8818446e-05	1.269905e-08
20038	SAS	SAS	distinct_only	20000	sign_corruption	2	2.6231086e-07	0.0031979303	4.149813e-06	6.348387e-08	0.9999814	0.9945363	1.4138631e-05	0.0022657143
20038	SAS	AMR	distinct_only	20000	ld_mismatch	3	0.994432	0.66922426	2.3545594e-09	1.7563172e-15	1.1688741e-06	0.017600292	0.0055668745	0.31317547
20038	AMR	AMR	shared_plus_specific	2000	valid	0	0.86921525	0.0048846835	0.0024081203	0.057765186	0.06367838	0.9370391	0.064698294	0.00031111256
20038	AMR	AMR	shared_plus_specific	2000	order_mismatch	1	6.694219e-06	1.8252038e-05	0.9998636	0.9789204	8.2782375e-05	0.021058174	4.6887177e-05	3.1939476e-06
20038	AMR	AMR	shared_plus_specific	2000	sign_corruption	2	0.0029647872	2.3078195e-05	0.38872123	0.88478494	0.6077464	0.11518956	0.000567529	2.3787184e-06
20038	AMR	SAS	shared_plus_specific	2000	ld_mismatch	3	0.06719925	1.4944395e-05	0.861109	0.9944587	0.0081373	0.0055250707	0.06355447	1.3172689e-06
20038	AMR	AMR	shared_plus_specific	20000	valid	0	0.9950438	0.0015501203	3.6573538e-06	0.002981189	0.000247819	0.99544096	0.0047046975	2.7813534e-05
20038	AMR	AMR	shared_plus_specific	20000	order_mismatch	1	2.6046795e-05	8.052174e-05	0.9284008	0.9164251	0.07087721	0.08347986	0.0006959035	1.4566144e-05
20038	AMR	AMR	shared_plus_specific	20000	sign_corruption	2	0.0029159586	1.649548e-05	0.008701604	0.83566225	0.9868469	0.16432042	0.0015355345	7.5578265e-07
20038	AMR	SAS	shared_plus_specific	20000	ld_mismatch	3	0.9958579	0.00019020686	0.0001293068	0.46347883	0.0008992699	0.53632516	0.0031134926	5.801875e-06
20038	AMR	AMR	distinct_only	2000	valid	0	0.9241622	0.6175333	1.01184945e-08	3.5278815e-11	5.4076113e-06	0.18268147	0.07583238	0.19978516
20038	AMR	AMR	distinct_only	2000	order_mismatch	1	1.0104438e-05	5.348498e-08	0.99967605	0.9999685	5.3911794e-05	3.1459793e-05	0.00025990716	4.0944714e-09
20038	AMR	AMR	distinct_only	2000	sign_corruption	2	1.868019e-06	0.0009200671	2.1112124e-05	6.134663e-06	0.99952817	0.99852777	0.00044885871	0.0005459937
20038	AMR	SAS	distinct_only	2000	ld_mismatch	3	0.90734696	0.61999565	2.1773064e-07	3.7929887e-08	0.00034771688	0.18195523	0.09230509	0.19804901
20038	AMR	AMR	distinct_only	20000	valid	0	0.9981374	0.7477357	1.03561435e-08	4.810955e-14	2.7467365e-06	0.023419805	0.0018598664	0.22884452
20038	AMR	AMR	distinct_only	20000	order_mismatch	1	2.150857e-05	6.409273e-08	0.99983233	0.9999944	7.54533e-05	5.447729e-06	7.071965e-05	7.0867614e-09
20038	AMR	AMR	distinct_only	20000	sign_corruption	2	5.7729875e-07	0.007602731	9.625136e-06	2.0135002e-07	0.9999013	0.9864846	8.8482164e-05	0.0059125293
20038	AMR	SAS	distinct_only	20000	ld_mismatch	3	0.984118	0.6718876	4.8295842e-08	2.0419442e-11	2.857241e-05	0.029039998	0.015853383	0.2990724
20039	SAS	SAS	shared_plus_specific	2000	valid	0	0.9881451	0.6681603	6.1319887e-09	1.3326843e-11	5.2972446e-06	0.0011233133	0.011849553	0.33071634
20039	SAS	SAS	shared_plus_specific	2000	order_mismatch	1	4.8596905e-07	1.1650249e-05	0.9999733	0.9999244	1.5995704e-05	6.204989e-05	1.0233158e-05	1.753794e-06
20039	SAS	SAS	shared_plus_specific	2000	sign_corruption	2	1.1081871e-06	0.002917703	3.6820802e-06	1.9807587e-06	0.99996156	0.9931456	3.3660774e-05	0.003934807
20039	SAS	AMR	shared_plus_specific	2000	ld_mismatch	3	0.9997055	0.59112567	3.3389764e-09	4.73457e-12	1.3151038e-06	0.0016427933	0.00029328334	0.40723154
20039	SAS	SAS	shared_plus_specific	20000	valid	0	0.96516824	0.714885	1.7487581e-09	5.285493e-14	1.4079187e-06	0.0005817377	0.034830328	0.28453332
20039	SAS	SAS	shared_plus_specific	20000	order_mismatch	1	8.5176293e-07	5.045243e-05	0.99997187	0.99990284	2.4407347e-05	4.22e-05	2.9261207e-06	4.4740746e-06
20039	SAS	SAS	shared_plus_specific	20000	sign_corruption	2	1.0226548e-06	0.010301634	3.7603634e-06	8.8840784e-07	0.99998385	0.98018426	1.1310699e-05	0.009513254
20039	SAS	AMR	shared_plus_specific	20000	ld_mismatch	3	0.9964121	0.5080738	1.7938524e-08	1.447877e-13	5.8187184e-06	0.00096970994	0.0035820517	0.49095646
20039	SAS	SAS	distinct_only	2000	valid	0	0.9428689	0.006100921	0.00027083707	0.33087727	0.017843036	0.6626079	0.03901724	0.0004139139
20039	SAS	SAS	distinct_only	2000	order_mismatch	1	4.2065605e-07	1.2242771e-05	0.99986696	0.9986834	0.00012388136	0.0013028566	8.795906e-06	1.4124997e-06
20039	SAS	SAS	distinct_only	2000	sign_corruption	2	9.967834e-05	1.3427912e-05	0.019943533	0.96887636	0.9797248	0.03110819	0.00023198668	2.0579391e-06
20039	SAS	AMR	distinct_only	2000	ld_mismatch	3	0.7008367	0.005435609	7.1796494e-05	0.15020804	0.008896639	0.84392697	0.2901949	0.0004293497
20039	SAS	SAS	distinct_only	20000	valid	0	0.9622988	0.4094578	3.644327e-08	3.58022e-07	7.097211e-06	0.21309799	0.03769405	0.37744385
20039	SAS	SAS	distinct_only	20000	order_mismatch	1	5.382895e-06	5.444081e-05	0.9997274	0.9876195	0.00025644116	0.012315328	1.06725065e-05	1.0742279e-05
20039	SAS	SAS	distinct_only	20000	sign_corruption	2	6.5426916e-06	0.0016886734	5.3775828e-05	0.008837349	0.9999297	0.9884128	9.9034305e-06	0.00106114
20039	SAS	AMR	distinct_only	20000	ld_mismatch	3	0.9955039	0.17477968	4.2961355e-07	6.738467e-06	8.6910346e-05	0.4644916	0.0044086925	0.36072198
20039	AMR	AMR	shared_plus_specific	2000	valid	0	0.9980243	0.76833767	4.1060155e-09	1.1087326e-18	1.8916458e-06	0.0003149275	0.0019737927	0.23134741
20039	AMR	AMR	shared_plus_specific	2000	order_mismatch	1	6.87874e-05	2.6348354e-05	0.9995527	0.99992454	0.00037283046	4.687226e-05	5.642192e-06	2.2298727e-06
20039	AMR	AMR	shared_plus_specific	2000	sign_corruption	2	1.196074e-05	0.13058075	1.00896905e-05	3.8873638e-09	0.9999614	0.78601557	1.655437e-05	0.08340369
20039	AMR	SAS	shared_plus_specific	2000	ld_mismatch	3	0.66028225	0.7036564	2.2402311e-08	1.0453573e-16	8.053866e-06	0.00041614287	0.33970967	0.2959275
20039	AMR	AMR	shared_plus_specific	20000	valid	0	0.999702	0.7382183	7.386752e-10	9.761415e-15	3.514839e-07	0.0010260562	0.00029764726	0.26075563
20039	AMR	AMR	shared_plus_specific	20000	order_mismatch	1	2.4577399e-05	3.0504158e-05	0.9998192	0.9997924	0.00015437564	0.00017417372	1.9204565e-06	3.0186388e-06
20039	AMR	AMR	shared_plus_specific	20000	sign_corruption	2	5.152741e-06	0.00907591	3.527978e-06	1.1262204e-07	0.99997395	0.98470587	1.7423607e-05	0.0062181065
20039	AMR	SAS	shared_plus_specific	20000	ld_mismatch	3	0.53801435	0.71480405	1.5776577e-09	8.111916e-15	2.041348e-06	0.00015231244	0.46198353	0.2850437
20039	AMR	AMR	distinct_only	2000	valid	0	0.8882897	0.35953408	5.577942e-07	8.432424e-07	0.00021933275	0.30012098	0.111490436	0.3403441
20039	AMR	AMR	distinct_only	2000	order_mismatch	1	1.09985895e-05	5.656071e-06	0.9998165	0.99890566	0.00013333376	0.0010879443	3.9183567e-05	8.2833895e-07
20039	AMR	AMR	distinct_only	2000	sign_corruption	2	9.922038e-06	0.0010637811	3.0484365e-05	8.7938344e-05	0.9995322	0.99767214	0.00042734586	0.0011760893
20039	AMR	SAS	distinct_only	2000	ld_mismatch	3	0.8101806	0.3830194	8.1708555e-07	2.2884207e-05	0.00019187707	0.20759645	0.18962675	0.4093613
20039	AMR	AMR	distinct_only	20000	valid	0	0.99919325	0.5935472	2.4150614e-08	3.2474004e-06	3.5085666e-06	0.037580136	0.00080322055	0.36886942
20039	AMR	AMR	distinct_only	20000	order_mismatch	1	0.00013976602	8.8229375e-05	0.99951124	0.9974995	0.00034061781	0.0024005775	8.317184e-06	1.1643962e-05
20039	AMR	AMR	distinct_only	20000	sign_corruption	2	1.0492969e-06	0.00017342684	1.2855665e-05	0.0003121389	0.9999785	0.9993529	7.6005294e-06	0.00016159166
20039	AMR	SAS	distinct_only	20000	ld_mismatch	3	0.37754312	0.5523499	2.8526614e-07	6.0371585e-06	4.1475334e-05	0.012188286	0.6224151	0.43545568
20040	SAS	SAS	shared_plus_specific	2000	valid	0	0.89867646	0.0029476339	6.592485e-05	0.85225856	0.0006627596	0.14431939	0.100594915	0.0004744879
20040	SAS	SAS	shared_plus_specific	2000	order_mismatch	1	3.3234105e-07	1.2964247e-05	0.9999318	0.9802429	5.1825933e-05	0.0197406	1.5985383e-05	3.539209e-06
20040	SAS	SAS	shared_plus_specific	2000	sign_corruption	2	0.0003707573	3.0831605e-05	0.03758491	0.7475285	0.962029	0.25243202	1.5427297e-05	8.683956e-06
20040	SAS	AMR	shared_plus_specific	2000	ld_mismatch	3	0.98806745	9.036865e-05	2.8276125e-05	0.9587054	0.0007846306	0.041184053	0.011119633	2.0078887e-05
20040	SAS	SAS	shared_plus_specific	20000	valid	0	0.96921223	0.5472231	1.8842e-09	6.8833624e-06	1.3859259e-06	0.22134437	0.03078645	0.23142567
20040	SAS	SAS	shared_plus_specific	20000	order_mismatch	1	4.7462636e-06	3.5636176e-06	0.99979466	0.99629104	0.00018968667	0.0037049528	1.09368375e-05	4.372909e-07
20040	SAS	SAS	shared_plus_specific	20000	sign_corruption	2	1.9314368e-06	0.00012347869	5.8349174e-06	0.00048746238	0.99995404	0.99930894	3.819432e-05	8.021812e-05
20040	SAS	AMR	shared_plus_specific	20000	ld_mismatch	3	0.9990429	0.16414008	9.210116e-09	2.5211084e-05	3.744469e-06	0.64148945	0.000953264	0.19434531
20040	SAS	SAS	distinct_only	2000	valid	0	0.86310107	0.776075	2.1932249e-07	4.129856e-16	2.1166357e-05	0.005613826	0.13687761	0.21831118
20040	SAS	SAS	distinct_only	2000	order_mismatch	1	1.3506248e-06	6.8368886e-06	0.99994487	0.9985116	3.560263e-05	0.0014804823	1.8127377e-05	1.0812238e-06
20040	SAS	SAS	distinct_only	2000	sign_corruption	2	0.00047300095	0.22022931	0.000120819954	2.2911504e-09	0.99914813	0.69377655	0.00025801605	0.085994154
20040	SAS	AMR	distinct_only	2000	ld_mismatch	3	0.905452	0.6848841	1.0318979e-07	2.0858074e-17	1.0890343e-05	0.0017570935	0.09453702	0.3133589
20040	SAS	SAS	distinct_only	20000	valid	0	0.9964219	0.76479	4.3152998e-08	3.6568704e-12	8.662023e-06	0.019408327	0.003569372	0.21580175
20040	SAS	SAS	distinct_only	20000	order_mismatch	1	1.0331315e-06	1.0202222e-05	0.9999741	0.9998938	1.9878564e-05	9.4365874e-05	4.9703053e-06	1.604428e-06
20040	SAS	SAS	distinct_only	20000	sign_corruption	2	2.8417368e-05	0.013840335	7.317646e-05	6.502637e-07	0.9997352	0.9761179	0.00016319059	0.010041144
20040	SAS	AMR	distinct_only	20000	ld_mismatch	3	0.9788329	0.6734676	3.7459838e-08	3.5709028e-13	9.677333e-06	0.0037323954	0.021157434	0.32280004
20040	AMR	AMR	shared_plus_specific	2000	valid	0	0.9965482	0.5507979	8.2415115e-09	7.752185e-06	1.7961705e-06	0.27739143	0.003450022	0.17180294
20040	AMR	AMR	shared_plus_specific	2000	order_mismatch	1	7.005172e-06	3.9606366e-06	0.99990076	0.9995034	3.1576787e-05	0.0004920563	6.0721057e-05	5.5694164e-07
20040	AMR	AMR	shared_plus_specific	2000	sign_corruption	2	5.7564703e-05	0.0007763658	3.2160082e-05	0.0006336824	0.9968412	0.99797505	0.003069099	0.0006149093
20040	AMR	SAS	shared_plus_specific	2000	ld_mismatch	3	0.6342772	0.4213563	1.6248906e-07	0.00024779612	7.881516e-05	0.4124221	0.36564377	0.16597386
20040	AMR	AMR	shared_plus_specific	20000	valid	0	0.99463505	0.50799215	1.997026e-08	0.006041145	3.3573751e-06	0.35682213	0.005361588	0.12914462
20040	AMR	AMR	shared_plus_specific	20000	order_mismatch	1	0.00046148783	3.1305524e-06	0.99816036	0.9994299	0.0009812947	0.0005665891	0.00039680055	3.9118044e-07
20040	AMR	AMR	shared_plus_specific	20000	sign_corruption	2	3.0195315e-06	4.4252965e-06	6.0846432e-06	0.0005577082	0.9999676	0.9994349	2.3381586e-05	2.9373507e-06
20040	AMR	SAS	shared_plus_specific	20000	ld_mismatch	3	0.3491402	0.36997122	9.2559793e-07	0.04649507	7.5416625e-05	0.50298965	0.6507835	0.080544055
20040	AMR	AMR	distinct_only	2000	valid	0	0.99008036	0.917224	1.2867367e-05	6.350486e-05	0.0016719946	0.05343935	0.008234824	0.029273182
20040	AMR	AMR	distinct_only	2000	order_mismatch	1	0.00022477131	0.0002825569	0.9977996	0.99888116	6.449481e-05	0.00078246434	0.001911241	5.3776293e-05
20040	AMR	AMR	distinct_only	2000	sign_corruption	2	0.6760579	0.06068558	0.002802687	0.3626382	0.30121747	0.5707928	0.019921957	0.005883458
20040	AMR	SAS	distinct_only	2000	ld_mismatch	3	0.85008305	0.80609816	0.00017633701	0.0006349608	0.002618379	0.16489166	0.14712219	0.028375216
20040	AMR	AMR	distinct_only	20000	valid	0	0.99748963	0.7889911	3.0432474e-08	1.4995852e-12	3.226539e-05	0.13313465	0.0024781437	0.07787419
20040	AMR	AMR	distinct_only	20000	order_mismatch	1	0.00012435975	0.00020304648	0.99877137	0.9931766	0.0010983228	0.0065898774	5.9461927e-06	3.0466723e-05
20040	AMR	AMR	distinct_only	20000	sign_corruption	2	0.07346558	0.070491776	0.00026170982	3.1566103e-07	0.9238797	0.9201646	0.002393004	0.009343248
20040	AMR	SAS	distinct_only	20000	ld_mismatch	3	0.7353744	0.81338143	2.0568037e-07	5.2930577e-12	4.5102603e-05	0.103994586	0.26458034	0.08262396
20041	SAS	SAS	shared_plus_specific	2000	valid	0	0.985419	0.93738	1.3397e-07	9.876612e-14	3.5294917e-05	0.00032919314	0.014545665	0.062290795
20041	SAS	SAS	shared_plus_specific	2000	order_mismatch	1	2.0858358e-06	0.0015642579	0.9998519	0.99585885	1.9162182e-05	0.002117103	0.0001268511	0.00045974102
20041	SAS	SAS	shared_plus_specific	2000	sign_corruption	2	0.03054759	0.7629608	0.00041972182	7.789805e-07	0.96624583	0.10661638	0.0027869325	0.13042197
20041	SAS	AMR	shared_plus_specific	2000	ld_mismatch	3	0.7087438	0.9074485	1.2061965e-07	1.9901973e-12	2.363973e-05	0.004624881	0.29123247	0.087926716
20041	SAS	SAS	shared_plus_specific	20000	valid	0	0.9756097	0.8654907	3.8819778e-07	1.3874836e-15	7.4260686e-05	0.00012448573	0.024315687	0.13438484
20041	SAS	SAS	shared_plus_specific	20000	order_mismatch	1	2.1368925e-05	0.00096299226	0.9995697	0.98839104	0.0002188824	0.010407361	0.00018994829	0.00023860132
20041	SAS	SAS	shared_plus_specific	20000	sign_corruption	2	0.00683088	0.5767691	0.00021699157	5.3472416e-08	0.99156624	0.20295283	0.001385891	0.22027805
20041	SAS	AMR	shared_plus_specific	20000	ld_mismatch	3	0.9150838	0.8807091	3.0515505e-06	2.5591224e-15	0.0010378769	0.0003483049	0.0838752	0.11894257
20041	SAS	SAS	distinct_only	2000	valid	0	0.98619366	0.027098581	1.0139444e-05	0.00050821947	0.00016741657	0.9723074	0.013628822	8.588006e-05
20041	SAS	SAS	distinct_only	2000	order_mismatch	1	6.2205714e-08	2.9048712e-07	0.9999771	0.9999254	3.172343e-06	7.437322e-05	1.9597828e-05	1.6713463e-08
20041	SAS	SAS	distinct_only	2000	sign_corruption	2	0.14575219	2.11404e-05	0.2248867	0.8675313	0.48658314	0.13244727	0.142778	3.0726525e-07
20041	SAS	AMR	distinct_only	2000	ld_mismatch	3	0.98343277	0.007772073	0.0001550275	0.0030047626	0.0013331538	0.9891733	0.015079084	4.9903385e-05
20041	SAS	SAS	distinct_only	20000	valid	0	0.8589807	0.27981806	5.804703e-06	0.000114225055	0.00015427233	0.7185943	0.14085914	0.0014733697
20041	SAS	SAS	distinct_only	20000	order_mismatch	1	1.9115468e-07	6.885646e-07	0.99995774	0.999902	6.0871043e-06	9.712115e-05	3.5985406e-05	1.0058742e-07
20041	SAS	SAS	distinct_only	20000	sign_corruption	2	0.1700974	0.00011144053	0.05201919	0.7348237	0.5616104	0.26506218	0.21627302	2.6314067e-06
20041	SAS	AMR	distinct_only	20000	ld_mismatch	3	0.89049655	0.49499053	1.6895916e-05	3.6308476e-05	0.00033181105	0.50100684	0.10915472	0.0039663245
20041	AMR	AMR	shared_plus_specific	2000	valid	0	0.9841413	0.86086565	2.3435578e-05	1.2806854e-05	0.0016445685	0.1207284	0.014190671	0.018393192
20041	AMR	AMR	shared_plus_specific	2000	order_mismatch	1	6.354301e-06	0.00020862835	0.99969393	0.97964543	0.00027652542	0.02008223	2.3234854e-05	6.381547e-05
20041	AMR	AMR	shared_plus_specific	2000	sign_corruption	2	0.024787365	0.007846776	0.0052502337	0.07585921	0.8815624	0.9156037	0.08840007	0.0006903904
20041	AMR	SAS	shared_plus_specific	2000	ld_mismatch	3	0.9984259	0.7873484	3.794886e-06	0.0008450108	0.00015888987	0.17259678	0.00141143	0.039209824
20041	AMR	AMR	shared_plus_specific	20000	valid	0	0.59037447	0.93124217	6.062594e-06	6.4762745e-10	0.00060624705	0.031692613	0.40901318	0.03706522
20041	AMR	AMR	shared_plus_specific	20000	order_mismatch	1	1.167257e-06	1.814471e-05	0.99995774	0.99691474	2.61121e-05	0.0030589546	1.4982194e-05	8.041859e-06
20041	AMR	AMR	shared_plus_specific	20000	sign_corruption	2	0.0005781389	0.01045557	0.0008798991	0.0007222686	0.9832681	0.9873678	0.015273868	0.0014543243
20041	AMR	SAS	shared_plus_specific	20000	ld_mismatch	3	0.8885546	0.95871	1.7612043e-06	9.161998e-11	0.0001999907	0.0035393452	0.111243695	0.03775062
20041	AMR	AMR	distinct_only	2000	valid	0	0.44880295	0.16274834	0.00013043483	0.0016498823	0.40164414	0.81577057	0.14942245	0.019831154
20041	AMR	AMR	distinct_only	2000	order_mismatch	1	1.6332736e-07	9.100561e-06	0.999952	0.9998087	1.0508015e-05	0.00017905906	3.7398993e-05	3.1658728e-06
20041	AMR	AMR	distinct_only	2000	sign_corruption	2	0.0070403977	0.006388918	0.027543152	0.61506677	0.9069746	0.3774813	0.058441807	0.001063079
20041	AMR	SAS	distinct_only	2000	ld_mismatch	3	0.63147306	0.46708483	0.00013564523	0.0025537168	0.35097882	0.46276504	0.017412448	0.06759647
20041	AMR	AMR	distinct_only	20000	valid	0	0.9983756	0.8481665	1.9522967e-07	3.053415e-08	4.0779705e-05	0.13369706	0.0015833965	0.01813639
20041	AMR	AMR	distinct_only	20000	order_mismatch	1	2.5009306e-06	3.6229194e-05	0.999922	0.99948114	5.1323645e-05	0.00047623902	2.4154033e-05	6.414292e-06
20041	AMR	AMR	distinct_only	20000	sign_corruption	2	0.00020641489	0.0029902842	0.0005242164	0.049396753	0.99769354	0.9473397	0.001575881	0.00027329486
20041	AMR	SAS	distinct_only	20000	ld_mismatch	3	0.92280155	0.86849815	7.704245e-07	7.006321e-06	0.0001228779	0.10622939	0.07707482	0.025265465
20042	SAS	SAS	shared_plus_specific	2000	valid	0	0.9062195	0.47047526	2.4152062e-06	0.00010584286	0.0001348265	0.5123946	0.093643256	0.017024256
20042	SAS	SAS	shared_plus_specific	2000	order_mismatch	1	5.3441187e-07	0.00018421505	0.99995154	0.9980988	2.4196052e-05	0.0016771557	2.3741173e-05	3.986921e-05
20042	SAS	SAS	shared_plus_specific	2000	sign_corruption	2	1.5073666e-05	0.004622652	0.0002880034	0.2315347	0.99946356	0.76350737	0.0002334622	0.0003353408
20042	SAS	AMR	shared_plus_specific	2000	ld_mismatch	3	0.97965676	0.31300715	7.216016e-06	4.1559186e-05	0.0002647204	0.6741562	0.0200713	0.012795038
20042	SAS	SAS	shared_plus_specific	20000	valid	0	0.81589943	0.7038017	5.0234115e-09	1.2559183e-09	4.5840147e-06	0.008870209	0.18409602	0.28732815
20042	SAS	SAS	shared_plus_specific	20000	order_mismatch	1	2.2100148e-06	0.000684509	0.99991536	0.99863833	1.4537977e-05	0.0005276598	6.782567e-05	0.00014947195
20042	SAS	SAS	shared_plus_specific	20000	sign_corruption	2	3.4501288e-06	0.11754423	1.6079963e-06	6.904612e-05	0.99997514	0.8154109	1.9806877e-05	0.066975914
20042	SAS	AMR	shared_plus_specific	20000	ld_mismatch	3	0.7462284	0.6099139	3.597179e-08	1.2607274e-10	7.7428e-05	0.006199208	0.25369415	0.3838869
20042	SAS	SAS	distinct_only	2000	valid	0	0.9920831	0.5964636	2.079367e-06	1.6643804e-07	0.00016167936	0.3991755	0.0077532027	0.0043608146
20042	SAS	SAS	distinct_only	2000	order_mismatch	1	6.619132e-07	1.7437462e-05	0.99991196	0.9996532	3.3136286e-05	0.00032676864	5.427556e-05	2.6627256e-06
20042	SAS	SAS	distinct_only	2000	sign_corruption	2	0.5846506	0.010702698	0.0038470908	0.0019206416	0.3355186	0.9871345	0.075983725	0.00024219335
20042	SAS	AMR	distinct_only	2000	ld_mismatch	3	0.99780244	0.030537352	2.0145742e-06	9.2427535e-07	0.00026005149	0.96920717	0.00193551	0.0002545368
20042	SAS	SAS	distinct_only	20000	valid	0	0.99925476	0.30835098	1.5119937e-06	4.473933e-05	9.450986e-05	0.690227	0.00064919604	0.001377303
20042	SAS	SAS	distinct_only	20000	order_mismatch	1	4.2075462e-07	6.8789354e-06	0.99994296	0.99956065	1.6510758e-05	0.0004314107	4.007214e-05	9.2278367e-07
20042	SAS	SAS	distinct_only	20000	sign_corruption	2	0.14543582	0.00023989657	0.10153457	0.14254025	0.73009247	0.85721517	0.022937082	4.7179255e-06
20042	SAS	AMR	distinct_only	20000	ld_mismatch	3	0.9961347	0.09180373	1.646739e-06	2.5839103e-05	5.6514113e-05	0.90773934	0.0038071035	0.00043111318
20042	AMR	AMR	shared_plus_specific	2000	valid	0	0.6752465	0.36856493	4.086279e-06	0.0003115371	0.00015902323	0.047303014	0.32459047	0.5838205
20042	AMR	AMR	shared_plus_specific	2000	order_mismatch	1	9.043039e-06	0.016132206	0.9952722	0.94177973	0.00017269909	0.031883255	0.004546032	0.010204774
20042	AMR	AMR	shared_plus_specific	2000	sign_corruption	2	1.0661723e-05	0.0046059536	0.0002707094	0.01255414	0.9996112	0.9756041	0.00010737841	0.0072357957
20042	AMR	SAS	shared_plus_specific	2000	ld_mismatch	3	0.3375579	0.35995257	4.2721895e-06	0.0003403102	0.00018130247	0.030674607	0.6622565	0.6090325
20042	AMR	AMR	shared_plus_specific	20000	valid	0	0.99476355	0.285342	3.9488293e-09	9.2178716e-08	8.319987e-07	0.002872234	0.005235641	0.7117856
20042	AMR	AMR	shared_plus_specific	20000	order_mismatch	1	2.1962718e-05	0.016085768	0.9991236	0.9289951	0.00011323343	0.04382849	0.0007412255	0.011090661
20042	AMR	AMR	shared_plus_specific	20000	sign_corruption	2	1.8512247e-06	0.04435367	1.3765576e-05	0.001586777	0.99995154	0.87461376	3.2845364e-05	0.079445675
20042	AMR	SAS	shared_plus_specific	20000	ld_mismatch	3	0.5579632	0.31287736	3.1421298e-08	2.2889022e-07	5.984802e-06	0.0028282737	0.44203082	0.68429416
20042	AMR	AMR	distinct_only	2000	valid	0	0.98565406	0.6879699	3.10328e-07	2.2168652e-07	3.464144e-05	0.30695677	0.014310977	0.0050730086
20042	AMR	AMR	distinct_only	2000	order_mismatch	1	3.3162378e-05	5.469066e-05	0.96520454	0.9977617	0.009327882	0.0021695942	0.025434421	1.3905087e-05
20042	AMR	AMR	distinct_only	2000	sign_corruption	2	0.3034762	0.0016482036	0.0010725652	0.0051743253	0.3392893	0.99312615	0.35616186	5.126279e-05
20042	AMR	SAS	distinct_only	2000	ld_mismatch	3	0.96587604	0.4881419	1.6863643e-06	7.566039e-05	0.00013569502	0.5076229	0.033986602	0.0041595423
20042	AMR	AMR	distinct_only	20000	valid	0	0.5489228	0.16724905	3.4811277e-05	5.25571e-05	0.00013124436	0.8321744	0.4509112	0.00052400236
20042	AMR	AMR	distinct_only	20000	order_mismatch	1	1.0135865e-06	6.582954e-06	0.9989299	0.99831957	0.0001535123	0.0016729647	0.0009155364	9.5443e-07
20042	AMR	AMR	distinct_only	20000	sign_corruption	2	0.14482689	0.000102399346	0.03325328	0.3349565	0.3826237	0.6649396	0.43929616	1.5386804e-06
20042	AMR	SAS	distinct_only	20000	ld_mismatch	3	0.6570732	0.4294985	6.297141e-05	0.033642065	0.00021085846	0.5344374	0.34265307	0.002422056
20043	SAS	SAS	shared_plus_specific	2000	valid	0	0.39184275	0.4371108	8.340783e-06	0.0035000949	0.0005753608	0.5287703	0.60757357	0.030618815
20043	SAS	SAS	shared_plus_specific	2000	order_mismatch	1	1.210792e-06	4.0860647e-05	0.9999747	0.99934095	2.2183796e-05	0.0006125875	1.9577783e-06	5.5420987e-06
20043	SAS	SAS	shared_plus_specific	2000	sign_corruption	2	7.673039e-05	0.0077049034	0.001171907	0.26888493	0.9929888	0.72222143	0.0057625305	0.0011887543
20043	SAS	AMR	shared_plus_specific	2000	ld_mismatch	3	0.72235084	0.4905607	2.4724162e-05	0.0014116773	0.003095815	0.43614876	0.2745286	0.071878806
20043	SAS	SAS	shared_plus_specific	20000	valid	0	0.7218928	0.6249973	5.055287e-08	1.3902304e-06	1.8115597e-05	0.08498016	0.27808908	0.29002118
20043	SAS	SAS	shared_plus_specific	20000	order_mismatch	1	1.5109005e-06	0.0019127796	0.9999625	0.99623674	2.322575e-05	0.0015753465	1.27863705e-05	0.00027515157
20043	SAS	SAS	shared_plus_specific	20000	sign_corruption	2	5.574661e-06	0.015831796	5.560767e-05	0.011856817	0.9999256	0.96642804	1.3218603e-05	0.005883342
20043	SAS	AMR	shared_plus_specific	20000	ld_mismatch	3	0.94128865	0.4909451	8.725953e-06	7.5818775e-07	0.023089753	0.09381817	0.035612892	0.415236
20043	SAS	SAS	distinct_only	2000	valid	0	0.95893174	0.18250935	3.1296466e-05	0.070298	0.0004966633	0.65825063	0.040540237	0.08894195
20043	SAS	SAS	distinct_only	2000	order_mismatch	1	7.932641e-06	6.637554e-05	0.999861	0.98886174	0.00012195472	0.011054244	9.07015e-06	1.772414e-05
20043	SAS	SAS	distinct_only	2000	sign_corruption	2	2.4193463e-05	0.0011141337	0.022747023	0.39250776	0.97644013	0.6057695	0.0007886148	0.0006086431
20043	SAS	AMR	distinct_only	2000	ld_mismatch	3	0.9885346	0.22131231	2.0223199e-05	0.06638886	0.00025509315	0.53791356	0.0111900205	0.17438525
20043	SAS	SAS	distinct_only	20000	valid	0	0.9776415	0.5911362	6.5256677e-06	6.784875e-06	7.075174e-05	0.057061117	0.02228125	0.351796
20043	SAS	SAS	distinct_only	20000	order_mismatch	1	1.8517303e-05	6.9836235e-05	0.9998743	0.99876785	6.256746e-05	0.0011521368	4.46065e-05	1.0142595e-05
20043	SAS	SAS	distinct_only	20000	sign_corruption	2	7.7836385e-06	0.00039752797	0.0025828963	0.0022696645	0.9973709	0.9969892	3.8408398e-05	0.00034356077
20043	SAS	AMR	distinct_only	20000	ld_mismatch	3	0.99159306	0.39801154	1.212757e-05	1.4465704e-05	0.00023657654	0.04322126	0.008158238	0.5587527
20043	AMR	AMR	shared_plus_specific	2000	valid	0	0.9539607	0.3521755	1.2124918e-05	3.62003e-05	0.007530039	0.32836738	0.038497105	0.3194209
20043	AMR	AMR	shared_plus_specific	2000	order_mismatch	1	1.7957726e-05	0.0003934005	0.999844	0.9954335	0.00012901335	0.004098157	9.003224e-06	7.4912576e-05
20043	AMR	AMR	shared_plus_specific	2000	sign_corruption	2	2.0099678e-05	0.21569261	0.0004628106	0.024686055	0.99946475	0.66051936	5.236399e-05	0.099101946
20043	AMR	SAS	shared_plus_specific	2000	ld_mismatch	3	0.20203568	0.26317102	6.5749635e-05	0.00021468998	0.17206033	0.4978855	0.6258382	0.23872882
20043	AMR	AMR	shared_plus_specific	20000	valid	0	0.9944113	0.81590897	1.8691514e-08	3.411818e-05	3.040356e-06	0.042965353	0.005585607	0.14109153
20043	AMR	AMR	shared_plus_specific	20000	order_mismatch	1	7.591061e-06	0.00025393764	0.9997618	0.9942105	0.00022891535	0.0054918136	1.6779786e-06	4.377624e-05
20043	AMR	AMR	shared_plus_specific	20000	sign_corruption	2	5.4912205e-05	0.0155940605	3.414574e-05	0.035704464	0.99988204	0.94473815	2.888265e-05	0.0039632646
20043	AMR	SAS	shared_plus_specific	20000	ld_mismatch	3	0.2609731	0.7968363	2.5666347e-07	4.24303e-05	1.2884299e-05	0.014493459	0.73901373	0.18862778
20043	AMR	AMR	distinct_only	2000	valid	0	0.9728904	0.11634043	1.0769898e-08	1.7177902e-07	1.593686e-05	0.80272907	0.027093664	0.08093029
20043	AMR	AMR	distinct_only	2000	order_mismatch	1	7.1752635e-05	1.1169315e-06	0.999304	0.9996892	0.00061366893	0.000309558	1.0568573e-05	1.3076263e-07
20043	AMR	AMR	distinct_only	2000	sign_corruption	2	7.253462e-07	0.00048585975	6.109834e-06	0.0010064641	0.99995255	0.9982577	4.0609568e-05	0.00024998782
20043	AMR	SAS	distinct_only	2000	ld_mismatch	3	0.34189057	0.2515507	1.400478e-08	1.6739905e-07	9.4412e-06	0.6131116	0.65809995	0.13533747
20043	AMR	AMR	distinct_only	20000	valid	0	0.9994151	0.539223	1.8192746e-09	7.672963e-11	8.959674e-07	0.0015067959	0.0005841048	0.4592702
20043	AMR	AMR	distinct_only	20000	order_mismatch	1	1.8154218e-05	0.0002898125	0.9999191	0.9980813	4.269612e-05	0.0015878243	2.0021138e-05	4.1088595e-05
20043	AMR	AMR	distinct_only	20000	sign_corruption	2	1.0684639e-06	0.0038439578	5.619568e-06	8.306319e-06	0.9999838	0.9912115	9.528728e-06	0.0049361726
20043	AMR	SAS	distinct_only	20000	ld_mismatch	3	0.2567943	0.39763638	1.6847457e-08	3.0239928e-09	6.3713283e-06	0.0023021437	0.7431993	0.60006154
20044	SAS	SAS	shared_plus_specific	2000	valid	0	0.02147155	0.042190652	0.45531192	0.92821085	0.016691232	0.019034933	0.5065253	0.010563553
20044	SAS	SAS	shared_plus_specific	2000	order_mismatch	1	5.189728e-06	0.001087368	0.995225	0.9970047	6.758144e-05	0.0015271681	0.004702175	0.00038080258
20044	SAS	SAS	shared_plus_specific	2000	sign_corruption	2	2.6566939e-05	0.0024909838	0.9724977	0.99283093	0.026548943	0.004056568	0.0009267468	0.0006214816
20044	SAS	AMR	shared_plus_specific	2000	ld_mismatch	3	0.0011226085	0.0018278009	0.9426501	0.9937663	0.002412048	0.003730862	0.053815264	0.000675017
20044	SAS	SAS	shared_plus_specific	20000	valid	0	0.91312987	0.6791931	1.2464291e-07	2.6756054e-05	4.6722114e-05	0.042542048	0.08682328	0.27823812
20044	SAS	SAS	shared_plus_specific	20000	order_mismatch	1	5.4305434e-07	0.0105610285	0.9997782	0.983364	1.4778693e-05	0.0018655211	0.00020655512	0.0042094467
20044	SAS	SAS	shared_plus_specific	20000	sign_corruption	2	1.1798904e-05	0.020635486	4.7990572e-05	0.069442526	0.99980956	0.8951784	0.00013055158	0.01474366
20044	SAS	AMR	shared_plus_specific	20000	ld_mismatch	3	0.9968395	0.6489848	8.808313e-09	1.1288176e-05	4.3789078e-06	0.07056844	0.0031560373	0.2804355
20044	SAS	SAS	distinct_only	2000	valid	0	0.85370046	0.25508577	5.6805634e-06	1.1581306e-05	0.00017820211	0.7439539	0.14611566	0.0009487573
20044	SAS	SAS	distinct_only	2000	order_mismatch	1	1.6685622e-07	2.0017158e-06	0.99996406	0.9998529	9.604122e-06	0.0001448575	2.6208407e-05	2.0619005e-07
20044	SAS	SAS	distinct_only	2000	sign_corruption	2	0.060101643	0.00014073521	0.11145712	0.15673175	0.36461484	0.84312433	0.46382642	3.2399253e-06
20044	SAS	AMR	distinct_only	2000	ld_mismatch	3	0.7947058	0.0585523	9.553845e-06	2.561548e-05	0.000111126436	0.9411201	0.20517354	0.00030200224
20044	SAS	SAS	distinct_only	20000	valid	0	0.9914789	0.29000565	5.7354423e-06	0.00022435174	0.00011813259	0.70864826	0.008397154	0.0011217385
20044	SAS	SAS	distinct_only	20000	order_mismatch	1	7.3325145e-07	3.2263424e-06	0.9999554	0.99954396	2.261904e-05	0.00045228162	2.1250926e-05	4.281207e-07
20044	SAS	SAS	distinct_only	20000	sign_corruption	2	0.38382205	0.000121487894	0.073330216	0.7402599	0.47470757	0.25961637	0.06814021	2.249514e-06
20044	SAS	AMR	distinct_only	20000	ld_mismatch	3	0.92336565	0.15847468	1.2210337e-05	0.00016553482	0.00018669374	0.84056586	0.07643541	0.00079386425
20044	AMR	AMR	shared_plus_specific	2000	valid	0	0.9987176	0.81740385	2.5893978e-06	0.0005138379	0.000770841	0.08037151	0.0005088284	0.10171082
20044	AMR	AMR	shared_plus_specific	2000	order_mismatch	1	7.622878e-07	0.00019823154	0.9989586	0.9981437	0.0008385046	0.0015683981	0.00020214416	8.9659974e-05
20044	AMR	AMR	shared_plus_specific	2000	sign_corruption	2	0.006597265	0.01676425	0.006558917	0.697256	0.9865567	0.28079602	0.00028717722	0.0051836916
20044	AMR	SAS	shared_plus_specific	2000	ld_mismatch	3	0.9804125	0.6818074	0.00017721609	0.05617527	0.0056586917	0.13571617	0.013751604	0.1263011
20044	AMR	AMR	shared_plus_specific	20000	valid	0	0.96770364	0.5456146	6.605731e-09	4.181937e-08	6.712244e-06	0.0029953	0.032289606	0.45139006
20044	AMR	AMR	shared_plus_specific	20000	order_mismatch	1	4.0455066e-06	0.0013270108	0.997499	0.99521834	0.0024642367	0.0029388452	3.2689113e-05	0.00051582983
20044	AMR	AMR	shared_plus_specific	20000	sign_corruption	2	3.1651527e-06	0.09358628	8.959242e-06	0.011026587	0.9999685	0.79374593	1.935e-05	0.10164119
20044	AMR	SAS	shared_plus_specific	20000	ld_mismatch	3	0.06064273	0.47036916	3.4235356e-08	6.1327945e-08	1.8783974e-05	0.0009902708	0.9393385	0.5286405
20044	AMR	AMR	distinct_only	2000	valid	0	0.9812755	0.08644781	1.4099045e-05	2.2716378e-05	0.00052455254	0.9130846	0.018185938	0.00044484803
20044	AMR	AMR	distinct_only	2000	order_mismatch	1	3.7221662e-07	4.3188695e-05	0.9988909	0.9981943	4.0888845e-05	0.0017552668	0.0010677971	7.217074e-06
20044	AMR	AMR	distinct_only	2000	sign_corruption	2	0.24114394	0.00013276757	0.010076013	0.18748218	0.51442677	0.8123818	0.23435329	3.3309802e-06
20044	AMR	SAS	distinct_only	2000	ld_mismatch	3	0.9271774	0.22438157	0.0001318323	0.053099405	0.0019100868	0.72081894	0.07078069	0.0017000695
20044	AMR	AMR	distinct_only	20000	valid	0	0.9572002	0.059473976	7.5683324e-06	9.488782e-05	0.00023058725	0.9401357	0.04256163	0.00029545647
20044	AMR	AMR	distinct_only	20000	order_mismatch	1	3.3716796e-07	2.0629754e-05	0.99929667	0.9934983	6.288826e-05	0.006477554	0.0006400548	3.5324797e-06
20044	AMR	AMR	distinct_only	20000	sign_corruption	2	0.10169598	0.00014201472	0.046002958	0.34307608	0.67928934	0.65677935	0.1730118	2.5413594e-06
20044	AMR	SAS	distinct_only	20000	ld_mismatch	3	0.95017225	0.13396446	3.3583605e-05	0.098773815	0.00056895555	0.76632905	0.049225178	0.00093264447
20045	SAS	SAS	shared_plus_specific	2000	valid	0	0.5231412	0.6548032	6.645934e-07	4.7385365e-15	0.000859004	0.028059937	0.4759991	0.31713685
20045	SAS	SAS	shared_plus_specific	2000	order_mismatch	1	4.20114e-07	8.866056e-07	0.99983746	0.99943346	8.327086e-06	0.0005656193	0.00015375542	8.922083e-08
20045	SAS	SAS	shared_plus_specific	2000	sign_corruption	2	1.3284716e-06	0.071812786	6.0733964e-05	1.3927067e-08	0.9996724	0.8824365	0.0002655939	0.04575076
20045	SAS	AMR	shared_plus_specific	2000	ld_mismatch	3	0.050356697	0.5893258	6.8356854e-07	1.2199903e-15	0.00039175304	0.014928261	0.9492509	0.39574593
20045	SAS	SAS	shared_plus_specific	20000	valid	0	0.7546479	0.51720935	1.0602105e-06	2.0202108e-10	0.00054684485	0.29726198	0.2448042	0.18552862
20045	SAS	SAS	shared_plus_specific	20000	order_mismatch	1	8.3393934e-07	6.6644475e-07	0.99993277	0.9996959	3.0604646e-05	0.00030337262	3.5826328e-05	5.4076853e-08
20045	SAS	SAS	shared_plus_specific	20000	sign_corruption	2	8.1942335e-07	0.00010590123	7.610632e-06	1.9804841e-07	0.99991673	0.99984074	7.49213e-05	5.3174517e-05
20045	SAS	AMR	shared_plus_specific	20000	ld_mismatch	3	0.91386825	0.44742325	8.8710414e-07	1.27299e-10	0.0006335865	0.2521983	0.08549732	0.30037847
20045	SAS	SAS	distinct_only	2000	valid	0	0.7917513	0.13986604	0.00043161822	1.9586612e-07	0.026337907	0.8342546	0.18147914	0.02587916
20045	SAS	SAS	distinct_only	2000	order_mismatch	1	0.000119083015	8.1033605e-08	0.9994645	0.999767	0.00038060962	0.00023285527	3.5780886e-05	3.6424441e-09
20045	SAS	SAS	distinct_only	2000	sign_corruption	2	4.0936746e-05	0.0065850522	0.13675101	0.00065542234	0.8625016	0.9914206	0.0007063917	0.0013389757
20045	SAS	AMR	distinct_only	2000	ld_mismatch	3	0.9366773	0.10665893	3.1242256e-05	9.821439e-09	0.0010617715	0.8625535	0.062229633	0.03078755
20045	SAS	SAS	distinct_only	20000	valid	0	0.70839614	0.6755163	7.2051525e-09	1.5413182e-13	6.0512375e-06	0.07106028	0.2915978	0.25342345
20045	SAS	SAS	distinct_only	20000	order_mismatch	1	8.015086e-06	2.8456765e-07	0.9998657	0.9995436	0.00010750888	0.0004561201	1.8703844e-05	2.0321574e-08
20045	SAS	SAS	distinct_only	20000	sign_corruption	2	6.625212e-07	0.004968039	1.7346459e-06	1.9160812e-08	0.99994403	0.9926745	5.345803e-05	0.0023573274
20045	SAS	AMR	distinct_only	20000	ld_mismatch	3	0.104065545	0.34110662	2.8448563e-08	6.036261e-12	8.463766e-06	0.42339852	0.89592594	0.2354948
20045	AMR	AMR	shared_plus_specific	2000	valid	0	0.55653447	0.29166633	1.7633805e-05	5.6694477e-10	0.062081367	0.5758019	0.38136658	0.13253178
20045	AMR	AMR	shared_plus_specific	2000	order_mismatch	1	1.5646696e-06	1.7597645e-07	0.9999509	0.99985695	4.06434e-05	0.0001428607	6.8895783e-06	1.6448856e-08
20045	AMR	AMR	shared_plus_specific	2000	sign_corruption	2	1.0260366e-06	0.00010239304	7.738996e-05	2.6550917e-05	0.99958944	0.9997973	0.00033212602	7.3803e-05
20045	AMR	SAS	shared_plus_specific	2000	ld_mismatch	3	0.1744597	0.5244818	2.4069031e-06	1.403338e-10	0.07979345	0.24597456	0.74574447	0.22954369
20045	AMR	AMR	shared_plus_specific	20000	valid	0	0.9159665	0.32870165	7.480645e-08	5.870167e-10	0.00051494053	0.40119302	0.08351854	0.2701054
20045	AMR	AMR	shared_plus_specific	20000	order_mismatch	1	1.8460543e-05	6.007651e-07	0.99974847	0.99990356	0.00022212783	9.582143e-05	1.0847564e-05	5.1704227e-08
20045	AMR	AMR	shared_plus_specific	20000	sign_corruption	2	1.7546874e-07	0.00036151407	3.1237787e-06	1.6948705e-05	0.99998504	0.9992926	1.165346e-05	0.00032886
20045	AMR	SAS	shared_plus_specific	20000	ld_mismatch	3	0.33081487	0.37751308	1.443788e-08	6.515329e-09	5.6765322e-05	0.30452576	0.66912836	0.3179611
20045	AMR	AMR	distinct_only	2000	valid	0	0.9683959	0.6637889	8.09107e-09	7.333082e-16	4.382594e-06	0.017659701	0.03159977	0.3185514
20045	AMR	AMR	distinct_only	2000	order_mismatch	1	1.9408782e-05	1.9781685e-07	0.9995718	0.99995255	0.00016543242	4.7202797e-05	0.00024336697	1.2818573e-08
20045	AMR	AMR	distinct_only	2000	sign_corruption	2	7.430711e-07	0.0016193094	2.7915519e-06	2.7375697e-09	0.99990946	0.99660206	8.696605e-05	0.0017786527
20045	AMR	SAS	distinct_only	2000	ld_mismatch	3	0.46582186	0.6079752	2.9537996e-09	6.236909e-15	3.8413177e-06	0.0063006226	0.5341744	0.38572422
20045	AMR	AMR	distinct_only	20000	valid	0	0.9366451	0.46993813	2.8504092e-08	9.6372556e-14	1.0222429e-05	0.23336163	0.063344635	0.29670033
20045	AMR	AMR	distinct_only	20000	order_mismatch	1	6.98711e-05	9.066879e-08	0.99945575	0.9998516	0.0002477883	0.0001482529	0.00022648675	5.5618057e-09
20045	AMR	AMR	distinct_only	20000	sign_corruption	2	1.3494186e-07	0.0021543452	6.6085126e-06	1.16142736e-07	0.9999698	0.9960471	2.3426517e-05	0.0017983525
20045	AMR	SAS	distinct_only	20000	ld_mismatch	3	0.04514427	0.5495886	2.6134721e-08	5.054454e-11	0.00012294586	0.08643196	0.9547327	0.36397943
20046	SAS	SAS	shared_plus_specific	2000	valid	0	0.9109222	0.55589175	1.6005517e-07	2.362911e-09	8.504445e-05	0.08356933	0.08899253	0.3605389
20046	SAS	SAS	shared_plus_specific	2000	order_mismatch	1	3.2209525e-07	1.9967189e-05	0.99994844	0.99843377	4.2369793e-05	0.0015424489	8.899673e-06	3.853909e-06
20046	SAS	SAS	shared_plus_specific	2000	sign_corruption	2	1.1211336e-06	0.01371529	1.1886775e-05	0.00023386204	0.9999833	0.97509605	3.6910303e-06	0.010954781
20046	SAS	AMR	shared_plus_specific	2000	ld_mismatch	3	0.56014997	0.49558747	5.1291687e-07	1.348554e-09	0.00014550141	0.06506994	0.43970403	0.4393426
20046	SAS	SAS	shared_plus_specific	20000	valid	0	0.9972563	0.021113055	4.0954624e-06	0.06915223	0.000100819634	0.90603054	0.0026388334	0.0037041064
20046	SAS	SAS	shared_plus_specific	20000	order_mismatch	1	1.276491e-05	0.0009760353	0.99419624	0.9890042	0.005781384	0.009867967	9.59123e-06	0.00015173893
20046	SAS	SAS	shared_plus_specific	20000	sign_corruption	2	3.5396213e-05	0.00082225114	0.009266288	0.71799153	0.9906853	0.2809938	1.2999597e-05	0.00019244706
20046	SAS	AMR	shared_plus_specific	20000	ld_mismatch	3	0.97071224	0.096459255	1.611169e-05	0.004359658	0.006613469	0.87809545	0.02265811	0.021085633
20046	SAS	SAS	distinct_only	2000	valid	0	0.9317648	0.0067169666	0.0002201294	0.2452397	0.0044571673	0.7471996	0.063557975	0.0008436787
20046	SAS	SAS	distinct_only	2000	order_mismatch	1	1.1687271e-06	8.412407e-06	0.99973696	0.96561694	0.00023530838	0.03437301	2.6505708e-05	1.59508e-06
20046	SAS	SAS	distinct_only	2000	sign_corruption	2	0.0015284704	1.8215045e-05	0.016101379	0.25446376	0.9727853	0.7455139	0.009584836	4.2167208e-06
20046	SAS	AMR	distinct_only	2000	ld_mismatch	3	0.876457	0.0010364979	0.0007634798	0.2521661	0.016427927	0.7466537	0.10635161	0.00014376364
20046	SAS	SAS	distinct_only	20000	valid	0	0.9996931	0.19104469	3.0420537e-08	0.00030399006	4.5553606e-06	0.76073086	0.00030241083	0.047920465
20046	SAS	SAS	distinct_only	20000	order_mismatch	1	7.487037e-07	1.6079159e-06	0.99995565	0.9986732	1.6456808e-05	0.0013249543	2.717589e-05	2.1917732e-07
20046	SAS	SAS	distinct_only	20000	sign_corruption	2	4.091316e-06	4.228422e-06	1.8642686e-05	0.00035141828	0.9999666	0.9996418	1.0693177e-05	2.5671218e-06
20046	SAS	AMR	distinct_only	20000	ld_mismatch	3	0.9971414	0.022097468	1.6761162e-07	0.00033388642	1.02265085e-05	0.9699453	0.0028481716	0.0076233596
20046	AMR	AMR	shared_plus_specific	2000	valid	0	0.9984943	0.33360398	4.1194803e-06	6.547408e-05	0.00028834608	0.6444566	0.001213273	0.021873936
20046	AMR	AMR	shared_plus_specific	2000	order_mismatch	1	1.24551125e-05	0.00596901	0.9621463	0.76464295	0.037668146	0.22706474	0.00017309235	0.0023233052
20046	AMR	AMR	shared_plus_specific	2000	sign_corruption	2	0.0041300105	0.008244364	0.0006461931	0.25827736	0.99521154	0.7323409	1.2297613e-05	0.001137382
20046	AMR	SAS	shared_plus_specific	2000	ld_mismatch	3	0.98977494	0.04057776	1.2491608e-05	0.0052173752	0.0012809	0.9501987	0.008931611	0.0040061614
20046	AMR	AMR	shared_plus_specific	20000	valid	0	0.78536266	0.020319313	0.000121038094	0.0013071263	0.004786079	0.9766052	0.20973025	0.0017682728
20046	AMR	AMR	shared_plus_specific	20000	order_mismatch	1	6.0792994e-05	0.0013644269	0.99835896	0.80829793	0.0015519019	0.1899294	2.8288448e-05	0.00040826644
20046	AMR	AMR	shared_plus_specific	20000	sign_corruption	2	0.10212373	0.0019878708	0.008254147	0.06876006	0.88750434	0.92901903	0.0021178024	0.0002330307
20046	AMR	SAS	shared_plus_specific	20000	ld_mismatch	3	0.96107554	0.00068257307	0.002807272	0.509134	0.017916419	0.49011415	0.018200792	6.931825e-05
20046	AMR	AMR	distinct_only	2000	valid	0	0.92525727	0.76475924	4.845057e-07	0.0048438665	2.5938954e-05	0.043469217	0.07471631	0.18692769
20046	AMR	AMR	distinct_only	2000	order_mismatch	1	3.9267285e-05	0.00057000335	0.91070366	0.99891186	2.545531e-05	0.00030854682	0.08923161	0.00020959895
20046	AMR	AMR	distinct_only	2000	sign_corruption	2	1.697663e-05	0.002129973	0.00035288252	0.26111838	0.9969952	0.73502403	0.002634952	0.0017276114
20046	AMR	SAS	distinct_only	2000	ld_mismatch	3	0.2567853	0.62766176	0.00019283348	0.100785434	0.00039463153	0.050712436	0.7426272	0.22084033
20046	AMR	AMR	distinct_only	20000	valid	0	0.99756163	0.22197805	1.01424824e-07	0.11818468	1.1213732e-05	0.6276442	0.0024270795	0.0321931
20046	AMR	AMR	distinct_only	20000	order_mismatch	1	1.4700646e-05	3.6188883e-08	0.9999109	0.9999924	2.7175165e-05	7.677058e-06	4.7227644e-05	3.8339594e-09
20046	AMR	AMR	distinct_only	20000	sign_corruption	2	8.44117e-05	7.9740916e-05	6.8240995e-05	0.020000204	0.9957183	0.9798877	0.0041290927	3.241249e-05
20046	AMR	SAS	distinct_only	20000	ld_mismatch	3	0.9621499	0.08690643	5.557969e-06	0.58745813	0.00014909169	0.30791914	0.03769544	0.017716294
20047	SAS	SAS	shared_plus_specific	2000	valid	0	0.070235	0.43343776	1.6560278e-07	1.4778976e-08	3.0410396e-05	0.002158645	0.9297344	0.5644036
20047	SAS	SAS	shared_plus_specific	2000	order_mismatch	1	1.72373e-06	0.00140599	0.9998887	0.99776626	1.5493115e-05	0.00044727436	9.4137424e-05	0.00038046663
20047	SAS	SAS	shared_plus_specific	2000	sign_corruption	2	5.258607e-07	0.026524493	1.5468262e-05	0.00013560984	0.99956733	0.9188651	0.00041667128	0.054474864
20047	SAS	AMR	shared_plus_specific	2000	ld_mismatch	3	0.17665744	0.3730559	2.333472e-08	1.8598508e-09	3.250083e-06	0.0013484948	0.8233393	0.6255956
20047	SAS	SAS	shared_plus_specific	20000	valid	0	0.93261427	0.60656875	8.73807e-05	0.001046603	0.00025924222	0.013776951	0.06703914	0.3786077
20047	SAS	SAS	shared_plus_specific	20000	order_mismatch	1	2.5964237e-06	0.00032241966	0.9999647	0.9983069	2.074617e-05	0.0012941955	1.19308725e-05	7.652022e-05
20047	SAS	SAS	shared_plus_specific	20000	sign_corruption	2	0.00011709627	0.05906994	0.0020730144	0.20754929	0.9966591	0.68390775	0.0011507351	0.04947296
20047	SAS	AMR	shared_plus_specific	20000	ld_mismatch	3	0.9700718	0.49455428	4.088108e-06	3.0659932e-05	5.895825e-05	0.011944095	0.029865205	0.4934709
20047	SAS	SAS	distinct_only	2000	valid	0	0.9723758	0.026597667	5.0704417e-05	0.026923388	0.0032597994	0.94623256	0.024313686	0.00024640025
20047	SAS	SAS	distinct_only	2000	order_mismatch	1	2.1614848e-07	0.00010993795	0.99993867	0.9770423	1.6382515e-05	0.022824869	4.4719072e-05	2.2853146e-05
20047	SAS	SAS	distinct_only	2000	sign_corruption	2	0.02019486	0.00015173871	0.054448616	0.7291969	0.9211261	0.27064738	0.0042304103	4.0370332e-06
20047	SAS	AMR	distinct_only	2000	ld_mismatch	3	0.52558875	0.019174641	1.7992961e-05	0.0011734683	0.00046219805	0.97950315	0.47393107	0.00014871551
20047	SAS	SAS	distinct_only	20000	valid	0	0.9684668	0.011374002	2.8461645e-05	0.0053829937	0.00151483	0.9831398	0.029989867	0.00010317916
20047	SAS	SAS	distinct_only	20000	order_mismatch	1	4.7352117e-07	1.7735247e-05	0.9999606	0.97267795	3.1401618e-05	0.027301047	7.5400253e-06	3.2764324e-06
20047	SAS	SAS	distinct_only	20000	sign_corruption	2	0.00042111496	2.3467932e-05	0.00837913	0.72330874	0.99091953	0.2766669	0.00028021476	8.678818e-07
20047	SAS	AMR	distinct_only	20000	ld_mismatch	3	0.952146	0.014078048	6.764429e-06	0.0005042394	0.00060507614	0.98524624	0.047242224	0.00017153507
20047	AMR	AMR	shared_plus_specific	2000	valid	0	0.20904285	0.39691073	3.8780365e-07	1.6009173e-08	0.00011233386	0.30378193	0.79084444	0.29930732
20047	AMR	AMR	shared_plus_specific	2000	order_mismatch	1	6.689339e-05	0.00010665391	0.95969707	0.89531106	0.0013564834	0.10454586	0.03887955	3.6461584e-05
20047	AMR	AMR	shared_plus_specific	2000	sign_corruption	2	0.080242455	0.037611634	0.0009160069	5.321481e-05	0.2741579	0.9324095	0.64468366	0.02992566
20047	AMR	SAS	shared_plus_specific	2000	ld_mismatch	3	0.62434614	0.30212945	3.5087487e-05	7.6686585e-05	0.0009192989	0.43336153	0.37469944	0.26443234
20047	AMR	AMR	shared_plus_specific	20000	valid	0	0.99877125	0.6024468	3.7443947e-08	5.3066335e-13	7.787727e-06	0.012440797	0.0012209526	0.3851124
20047	AMR	AMR	shared_plus_specific	20000	order_mismatch	1	0.00049666665	0.00019990926	0.9954672	0.99956983	0.0037497357	0.0002118609	0.00028634354	1.8293265e-05
20047	AMR	AMR	shared_plus_specific	20000	sign_corruption	2	3.994653e-06	0.48007753	1.5716796e-05	2.3519982e-08	0.9999647	0.21064791	1.5641164e-05	0.30927458
20047	AMR	SAS	shared_plus_specific	20000	ld_mismatch	3	0.6886496	0.5684591	2.465258e-05	8.000858e-08	0.012932278	0.019849768	0.29839346	0.41169104
20047	AMR	AMR	distinct_only	2000	valid	0	0.943984	0.0062862337	0.0006261423	0.011843817	0.009732443	0.9818102	0.045657504	5.9719954e-05
20047	AMR	AMR	distinct_only	2000	order_mismatch	1	2.722744e-05	0.00043896912	0.99948096	0.9835496	0.00026927798	0.015926879	0.00022254867	8.458907e-05
20047	AMR	AMR	distinct_only	2000	sign_corruption	2	0.13309728	2.552579e-05	0.26457492	0.96473265	0.5676102	0.035241235	0.034717668	5.725414e-07
20047	AMR	SAS	distinct_only	2000	ld_mismatch	3	0.94037724	3.0568128e-05	0.0036793174	0.99580413	0.028994111	0.0041648913	0.026949303	3.097654e-07
20047	AMR	AMR	distinct_only	20000	valid	0	0.91734624	0.03905655	4.2847783e-05	1.9036652e-05	0.0015163525	0.9607575	0.08109456	0.00016695817
20047	AMR	AMR	distinct_only	20000	order_mismatch	1	1.1493074e-06	1.049869e-05	0.9997751	0.95084935	0.00017088016	0.049137704	5.2834366e-05	2.3389541e-06
20047	AMR	AMR	distinct_only	20000	sign_corruption	2	0.24992204	3.702343e-05	0.019836493	0.06779682	0.68694	0.93216544	0.043301385	8.014093e-07
20047	AMR	SAS	distinct_only	20000	ld_mismatch	3	0.99017817	0.030386375	3.1930776e-05	0.00058312045	0.0016229046	0.9688627	0.008167052	0.00016780851
20048	SAS	SAS	shared_plus_specific	2000	valid	0	0.5682179	0.21933259	4.9710605e-05	0.0869853	0.0010906508	0.60181594	0.43064177	0.09186621
20048	SAS	SAS	shared_plus_specific	2000	order_mismatch	1	3.738877e-05	2.034413e-05	0.9988229	0.99753594	0.0011323814	0.0024403613	7.218176e-06	3.2948349e-06
20048	SAS	SAS	shared_plus_specific	2000	sign_corruption	2	0.00018078659	0.0003224861	0.012901948	0.49002033	0.9865432	0.509511	0.00037410215	0.00014618259
20048	SAS	AMR	shared_plus_specific	2000	ld_mismatch	3	0.99225706	0.398408	7.527387e-07	0.019931372	2.949984e-05	0.33433637	0.007712657	0.24732429
20048	SAS	SAS	shared_plus_specific	20000	valid	0	0.9935699	0.6526754	9.1262264e-10	8.703701e-07	6.431231e-07	0.09217862	0.0064294604	0.2551452
20048	SAS	SAS	shared_plus_specific	20000	order_mismatch	1	2.2430654e-06	9.740224e-07	0.9998881	0.99933714	0.000103448685	0.00066175975	6.238717e-06	1.029097e-07
20048	SAS	SAS	shared_plus_specific	20000	sign_corruption	2	1.4433268e-06	4.3373777e-05	1.8549632e-06	3.682068e-05	0.99995214	0.99988246	4.4490764e-05	3.728787e-05
20048	SAS	AMR	shared_plus_specific	20000	ld_mismatch	3	0.99760026	0.29698524	2.6844402e-09	3.962573e-06	1.1646987e-06	0.3925148	0.002398575	0.31049603
20048	SAS	SAS	distinct_only	2000	valid	0	0.9889195	0.62527907	6.223974e-08	9.32185e-10	9.315044e-06	0.016801398	0.011071164	0.3579195
20048	SAS	SAS	distinct_only	2000	order_mismatch	1	1.8492918e-06	2.310346e-06	0.9999803	0.9999255	1.0467817e-05	7.1828836e-05	7.4243876e-06	3.4852775e-07
20048	SAS	SAS	distinct_only	2000	sign_corruption	2	1.7339904e-06	0.0026824127	2.1185473e-05	7.5802773e-06	0.9999706	0.9944517	6.4918327e-06	0.002858323
20048	SAS	AMR	distinct_only	2000	ld_mismatch	3	0.80317616	0.4360367	3.6239578e-07	1.0209141e-09	6.4597116e-05	0.005770623	0.19675891	0.5581927
20048	SAS	SAS	distinct_only	20000	valid	0	0.98533374	0.77642226	4.308977e-09	4.6782768e-14	1.5116752e-06	0.002662629	0.014664692	0.22091511
20048	SAS	SAS	distinct_only	20000	order_mismatch	1	6.0634017e-07	2.7886963e-05	0.9999728	0.99972457	2.1665039e-05	0.0002433914	4.9209043e-06	4.1992266e-06
20048	SAS	SAS	distinct_only	20000	sign_corruption	2	1.375241e-05	0.011307479	1.1041447e-05	1.7019579e-07	0.99986	0.97879773	0.000115223425	0.009894632
20048	SAS	AMR	distinct_only	20000	ld_mismatch	3	0.9906222	0.629411	8.676339e-09	1.21846765e-14	2.1246199e-06	0.0011106035	0.009375673	0.36947846
20048	AMR	AMR	shared_plus_specific	2000	valid	0	0.99512213	0.61057	6.9449304e-09	6.652839e-09	1.4164033e-06	0.23315568	0.004876513	0.15627424
20048	AMR	AMR	shared_plus_specific	2000	order_mismatch	1	7.1561863e-06	2.098056e-07	0.9998618	0.99996126	9.390126e-05	3.8467908e-05	3.714958e-05	1.7612368e-08
20048	AMR	AMR	shared_plus_specific	2000	sign_corruption	2	8.274738e-06	0.00024292551	8.532901e-06	1.4261016e-05	0.99943876	0.9995777	0.00054445094	0.00016517995
20048	AMR	SAS	shared_plus_specific	2000	ld_mismatch	3	0.2953563	0.49744666	1.00502085e-07	3.0008393e-06	4.7884863e-05	0.33963013	0.70459574	0.1629203
20048	AMR	AMR	shared_plus_specific	20000	valid	0	0.9989951	0.61690813	1.2075604e-09	2.9793865e-08	5.9213306e-07	0.061949518	0.0010043232	0.3211423
20048	AMR	AMR	shared_plus_specific	20000	order_mismatch	1	0.00057916023	1.448013e-06	0.9991541	0.9998511	0.00021604977	0.0001473756	5.0672155e-05	1.4295205e-07
20048	AMR	AMR	shared_plus_specific	20000	sign_corruption	2	1.1939828e-06	6.105679e-05	5.0219123e-06	0.0002567294	0.9999842	0.9996382	9.633393e-06	4.4001677e-05
20048	AMR	SAS	shared_plus_specific	20000	ld_mismatch	3	0.3311741	0.48439136	2.3798327e-08	1.3288666e-06	9.634023e-06	0.28826365	0.66881627	0.2273437
20048	AMR	AMR	distinct_only	2000	valid	0	0.82174605	0.87715805	5.118593e-07	5.4164233e-14	5.8049252e-05	0.0027367738	0.1781954	0.12010516
20048	AMR	AMR	distinct_only	2000	order_mismatch	1	3.3853476e-06	4.0489304e-05	0.9999459	0.9996879	2.4325529e-05	0.00026096663	2.6403926e-05	1.0597197e-05
20048	AMR	AMR	distinct_only	2000	sign_corruption	2	0.00094665197	0.23675789	0.0002304426	7.889757e-07	0.99661326	0.6946014	0.0022096743	0.06863987
20048	AMR	SAS	distinct_only	2000	ld_mismatch	3	0.5173559	0.8753287	1.2510986e-07	8.318526e-14	4.243791e-05	0.0012134686	0.4826015	0.1234578
20048	AMR	AMR	distinct_only	20000	valid	0	0.99952936	0.8594781	1.1340348e-08	3.273157e-15	2.2127654e-06	0.020786194	0.0004683387	0.11973568
20048	AMR	AMR	distinct_only	20000	order_mismatch	1	2.2883447e-05	2.5615276e-05	0.99983805	0.99869365	0.00013671098	0.0012775045	2.4305962e-06	3.2181176e-06
20048	AMR	AMR	distinct_only	20000	sign_corruption	2	0.002178756	0.007736277	5.707752e-05	9.575317e-08	0.9976983	0.98873925	6.586197e-05	0.0035243488
20048	AMR	SAS	distinct_only	20000	ld_mismatch	3	0.94366693	0.8089279	5.626687e-08	2.516045e-14	1.0116025e-05	0.014877496	0.056322936	0.17619467
20049	SAS	SAS	shared_plus_specific	2000	valid	0	0.56276315	0.052474815	8.15515e-05	0.0072777155	0.010931405	0.9276686	0.42622384	0.012578928
20049	SAS	SAS	shared_plus_specific	2000	order_mismatch	1	3.7804803e-06	2.2852058e-05	0.99979466	0.9423128	0.00016639508	0.0576601	3.5240388e-05	4.269882e-06
20049	SAS	SAS	shared_plus_specific	2000	sign_corruption	2	7.980826e-06	1.8941042e-05	0.0003573444	0.06224526	0.99938375	0.9377298	0.0002508647	6.071711e-06
20049	SAS	AMR	shared_plus_specific	2000	ld_mismatch	3	0.9687376	0.033749107	8.681581e-06	0.012412884	0.0009242112	0.94189584	0.030329453	0.011942154
20049	SAS	SAS	shared_plus_specific	20000	valid	0	0.99317616	0.19663619	5.7329416e-06	0.0045571025	0.0003398466	0.7855326	0.006478399	0.013274104
20049	SAS	SAS	shared_plus_specific	20000	order_mismatch	1	3.3743863e-06	0.00029560344	0.9998565	0.9826681	0.00013540908	0.01697996	4.6683344e-06	5.635437e-05
20049	SAS	SAS	shared_plus_specific	20000	sign_corruption	2	2.3392247e-05	0.0015233672	0.0002219169	0.32220206	0.99974626	0.6760337	8.436035e-06	0.00024088405
20049	SAS	AMR	shared_plus_specific	20000	ld_mismatch	3	0.6700924	0.36340106	6.471779e-06	0.0005072787	0.0015158979	0.5984805	0.32838523	0.037611168
20049	SAS	SAS	distinct_only	2000	valid	0	0.9982059	0.38672337	7.56194e-09	5.5026385e-07	4.3624104e-06	0.46313015	0.0017896997	0.15014598
20049	SAS	SAS	distinct_only	2000	order_mismatch	1	2.8760675e-07	2.7943418e-06	0.9999647	0.99921095	9.813861e-06	0.00078595	2.5236937e-05	4.167138e-07
20049	SAS	SAS	distinct_only	2000	sign_corruption	2	2.014915e-05	0.0009233471	4.9103355e-06	1.1749048e-05	0.999924	0.9983911	5.093048e-05	0.00067378767
20049	SAS	AMR	distinct_only	2000	ld_mismatch	3	0.92320555	0.065797076	2.0798929e-08	1.8218097e-06	8.247614e-06	0.89438826	0.07678625	0.03981287
20049	SAS	SAS	distinct_only	20000	valid	0	0.99825525	0.0666187	9.482339e-07	0.018714009	3.3827888e-05	0.89847314	0.0017099073	0.016194176
20049	SAS	SAS	distinct_only	20000	order_mismatch	1	2.253191e-06	3.1347616e-05	0.99918085	0.8538932	0.00080802507	0.14606775	8.867756e-06	7.662731e-06
20049	SAS	SAS	distinct_only	20000	sign_corruption	2	0.00061725936	0.00039843566	0.0021581997	0.11423341	0.99716496	0.8852244	5.9636135e-05	0.00014375737
20049	SAS	AMR	distinct_only	20000	ld_mismatch	3	0.6167445	0.006613779	3.7747297e-05	0.023476979	0.0011500127	0.96742445	0.3820677	0.0024848168
20049	AMR	AMR	shared_plus_specific	2000	valid	0	0.9981331	0.09910496	3.7885966e-05	0.00040957352	0.0014360157	0.8951375	0.00039292464	0.0053479904
20049	AMR	AMR	shared_plus_specific	2000	order_mismatch	1	1.7805965e-05	0.000430828	0.99963874	0.99500567	0.00033377568	0.0044950754	9.799952e-06	6.840014e-05
20049	AMR	AMR	shared_plus_specific	2000	sign_corruption	2	0.01746743	0.0071088527	0.008922104	0.21256211	0.9734704	0.7796194	0.00014013036	0.0007096312
20049	AMR	SAS	shared_plus_specific	2000	ld_mismatch	3	0.9058077	0.11764766	0.010372673	0.47505695	0.030410597	0.40108827	0.053409114	0.006207106
20049	AMR	AMR	shared_plus_specific	20000	valid	0	0.510458	0.18212292	7.181708e-05	0.00040781626	0.00049777125	0.81170154	0.48897234	0.0057677436
20049	AMR	AMR	shared_plus_specific	20000	order_mismatch	1	0.00021458748	0.0015959183	0.9774373	0.6561142	0.02230621	0.34182492	4.188946e-05	0.00046493812
20049	AMR	AMR	shared_plus_specific	20000	sign_corruption	2	0.013074904	0.00244561	0.002471962	0.03524736	0.91097426	0.96213955	0.07347884	0.00016742827
20049	AMR	SAS	shared_plus_specific	20000	ld_mismatch	3	0.6055807	0.006048772	0.0014650043	0.07043392	0.002451947	0.92323494	0.39050236	0.00028234423
20049	AMR	AMR	distinct_only	2000	valid	0	0.99834776	0.14017671	3.4955225e-05	0.65010214	0.0007911245	0.17033254	0.00082618673	0.039388604
20049	AMR	AMR	distinct_only	2000	order_mismatch	1	7.788744e-06	1.5948905e-05	0.9998758	0.99956924	2.9469724e-05	0.00040982763	8.696646e-05	4.961568e-06
20049	AMR	AMR	distinct_only	2000	sign_corruption	2	0.00025501192	0.00065483886	0.00069968775	0.7148737	0.9978888	0.28416136	0.0011564485	0.00031012148
20049	AMR	SAS	distinct_only	2000	ld_mismatch	3	0.7616517	0.16659248	0.0015910343	0.7295845	0.0073063634	0.029718235	0.22945087	0.07410475
20049	AMR	AMR	distinct_only	20000	valid	0	0.98442507	0.036220785	3.1740595e-07	0.6139931	2.4584906e-05	0.34285384	0.015549965	0.0069323373
20049	AMR	AMR	distinct_only	20000	order_mismatch	1	2.4914796e-06	1.9291814e-07	0.99972963	0.9999796	7.845353e-06	2.018588e-05	0.00025999662	4.0849166e-08
20049	AMR	AMR	distinct_only	20000	sign_corruption	2	4.1057658e-05	3.4393354e-06	0.00044868537	0.27520853	0.9895056	0.7247858	0.010004636	2.2127738e-06
20049	AMR	SAS	distinct_only	20000	ld_mismatch	3	0.65697974	0.025979148	1.991266e-06	0.87478036	7.679713e-05	0.093941495	0.34294143	0.0052991053
20050	SAS	SAS	shared_plus_specific	2000	valid	0	0.68362933	0.52097046	0.0062799263	0.04552437	0.07815752	0.35608897	0.23193325	0.07741619
20050	SAS	SAS	shared_plus_specific	2000	order_mismatch	1	4.108322e-07	0.0038371147	0.999868	0.99333185	3.4833517e-06	0.0012976774	0.00012811965	0.0015333515
20050	SAS	SAS	shared_plus_specific	2000	sign_corruption	2	0.0008284708	0.020966139	0.48586467	0.89192146	0.4927244	0.08236162	0.020582436	0.004750721
20050	SAS	AMR	shared_plus_specific	2000	ld_mismatch	3	0.9661408	0.43996722	1.1739211e-06	0.00039314813	4.9330152e-05	0.49993676	0.033808704	0.059702866
20050	SAS	SAS	shared_plus_specific	20000	valid	0	0.66684437	0.5637996	0.00010309333	0.00083045353	0.0013073878	0.17893283	0.33174518	0.2564371
20050	SAS	SAS	shared_plus_specific	20000	order_mismatch	1	1.8420034e-05	2.8786575e-05	0.99992245	0.99967325	3.5963087e-05	0.0002946826	2.3178638e-05	3.2608934e-06
20050	SAS	SAS	shared_plus_specific	20000	sign_corruption	2	7.11652e-06	0.0019252467	0.00018344278	0.0034171224	0.99977237	0.9934337	3.7075068e-05	0.001223966
20050	SAS	AMR	shared_plus_specific	20000	ld_mismatch	3	0.32886055	0.51420105	3.7670472e-06	0.00017395843	8.837731e-05	0.1283234	0.6710473	0.35730156
20050	SAS	SAS	distinct_only	2000	valid	0	0.32084858	0.30089924	6.970535e-06	0.00014262412	8.076118e-05	0.6973221	0.67906374	0.0016360234
20050	SAS	SAS	distinct_only	2000	order_mismatch	1	2.5773096e-07	2.1783564e-05	0.99994284	0.9937476	1.1477051e-05	0.00622725	4.541271e-05	3.350592e-06
20050	SAS	SAS	distinct_only	2000	sign_corruption	2	0.0254585	0.0020648567	0.014564342	0.14154688	0.4760011	0.85634923	0.48397604	3.8951046e-05
20050	SAS	AMR	distinct_only	2000	ld_mismatch	3	0.5896766	0.40177503	3.3569277e-06	7.880525e-06	9.2229486e-05	0.5942209	0.41022778	0.0039961957
20050	SAS	SAS	distinct_only	20000	valid	0	0.56953454	0.07646723	4.7053796e-05	0.0006609101	0.00035511356	0.9224688	0.43006328	0.00040312836
20050	SAS	SAS	distinct_only	20000	order_mismatch	1	2.9876712e-06	2.2924496e-05	0.9999268	0.9005819	5.256818e-05	0.09938963	1.763067e-05	5.491709e-06
20050	SAS	SAS	distinct_only	20000	sign_corruption	2	0.027389847	3.5771547e-05	0.057753265	0.21335779	0.9114581	0.7866054	0.0033987758	1.0718848e-06
20050	SAS	AMR	distinct_only	20000	ld_mismatch	3	0.6665893	0.23993206	2.4613766e-05	3.5345984e-05	0.00037464735	0.7587402	0.33301136	0.001292431
20050	AMR	AMR	shared_plus_specific	2000	valid	0	0.9990849	0.2511839	8.1583465e-07	7.9589416e-05	0.00026366743	0.6871134	0.0006505716	0.061623167
20050	AMR	AMR	shared_plus_specific	2000	order_mismatch	1	0.05764255	3.9073206e-05	0.70084184	0.99972194	0.15983254	0.00023155464	0.08168308	7.4206027e-06
20050	AMR	AMR	shared_plus_specific	2000	sign_corruption	2	3.3745895e-05	0.00763094	0.0006611562	0.035654455	0.99923784	0.9526822	6.728161e-05	0.0040324214
20050	AMR	SAS	shared_plus_specific	2000	ld_mismatch	3	0.39924696	0.018031381	0.21776389	0.31871936	0.36941436	0.658656	0.0135748135	0.0045932573
20050	AMR	AMR	shared_plus_specific	20000	valid	0	0.9954641	0.7089865	4.05917e-08	1.6748427e-08	6.957653e-06	0.013422486	0.004528975	0.27759093
20050	AMR	AMR	shared_plus_specific	20000	order_mismatch	1	0.0002738297	0.07164284	0.9796614	0.89844227	0.018132376	0.010231931	0.0019324305	0.01968304
20050	AMR	AMR	shared_plus_specific	20000	sign_corruption	2	6.0482475e-06	0.49589035	2.540761e-05	0.00018191048	0.9999593	0.24309303	9.228031e-06	0.26083475
20050	AMR	SAS	shared_plus_specific	20000	ld_mismatch	3	0.8479306	0.6054111	0.0001557889	0.0050664204	0.001464361	0.084500946	0.1504493	0.3050215
20050	AMR	AMR	distinct_only	2000	valid	0	0.45125127	0.106120326	1.8519595e-05	0.00013533172	0.00019185287	0.8933611	0.5485384	0.00038332777
20050	AMR	AMR	distinct_only	2000	order_mismatch	1	5.917171e-07	3.1689847e-06	0.9999115	0.97882926	2.68809e-05	0.0211669	6.108141e-05	7.053907e-07
20050	AMR	AMR	distinct_only	2000	sign_corruption	2	0.25629684	1.4801063e-05	0.009398104	0.2224546	0.503297	0.77753025	0.2310081	3.735725e-07
20050	AMR	SAS	distinct_only	2000	ld_mismatch	3	0.5464701	0.053419642	2.1507862e-05	0.0071075265	0.00015399186	0.9392043	0.4533545	0.00026858746
20050	AMR	AMR	distinct_only	20000	valid	0	0.89030737	0.051452138	4.6029032e-05	5.054009e-05	0.0014255103	0.9482353	0.10822111	0.00026200444
20050	AMR	AMR	distinct_only	20000	order_mismatch	1	5.358051e-07	7.6249653e-06	0.9999128	0.97556293	4.5816556e-05	0.024427665	4.078866e-05	1.7864103e-06
20050	AMR	AMR	distinct_only	20000	sign_corruption	2	0.06293046	4.3858276e-05	0.018066617	0.13489218	0.8937208	0.86506283	0.025282145	1.1217388e-06
20050	AMR	SAS	distinct_only	20000	ld_mismatch	3	0.99196416	0.044729423	2.7389293e-05	0.0010369925	0.0011179358	0.9539577	0.0068904962	0.0002758694
20051	SAS	SAS	shared_plus_specific	2000	valid	0	0.9905471	0.012920842	6.008444e-06	0.009459105	0.00036399497	0.9744796	0.009082894	0.0031404085
20051	SAS	SAS	shared_plus_specific	2000	order_mismatch	1	1.4601663e-06	4.8063765e-07	0.9998825	0.99912184	0.00010273894	0.00087766343	1.3258207e-05	4.8638185e-08
20051	SAS	SAS	shared_plus_specific	2000	sign_corruption	2	1.9024623e-05	0.00016947286	0.00024803053	0.06953727	0.9996538	0.93023914	7.910184e-05	5.4109165e-05
20051	SAS	AMR	shared_plus_specific	2000	ld_mismatch	3	0.9868317	0.010929318	1.9623067e-05	0.040093064	0.0010799583	0.9449999	0.012068677	0.003977784
20051	SAS	SAS	shared_plus_specific	20000	valid	0	0.93026614	0.5341084	2.1808766e-07	2.1834947e-07	0.0006517843	0.21551676	0.06908185	0.25037464
20051	SAS	SAS	shared_plus_specific	20000	order_mismatch	1	7.703348e-06	2.5542045e-06	0.9997251	0.9997327	0.000237921	0.00026456808	2.9325407e-05	2.0982647e-07
20051	SAS	SAS	shared_plus_specific	20000	sign_corruption	2	8.9212193e-07	6.0071146e-05	9.477021e-06	0.0011081133	0.9999854	0.99880695	4.3283194e-06	2.4905243e-05
20051	SAS	AMR	shared_plus_specific	20000	ld_mismatch	3	0.76414376	0.11070539	1.8398712e-05	1.0128961e-06	0.20319162	0.77478576	0.03264624	0.11450777
20051	SAS	SAS	distinct_only	2000	valid	0	0.9199094	1.4436196e-05	0.003590945	0.9277676	0.016700031	0.07221727	0.05979964	6.126281e-07
20051	SAS	SAS	distinct_only	2000	order_mismatch	1	2.0575706e-06	2.5210527e-06	0.99992305	0.9914072	6.156053e-05	0.008589931	1.334526e-05	4.106559e-07
20051	SAS	SAS	distinct_only	2000	sign_corruption	2	0.0005550991	1.4384369e-07	0.120081484	0.9868247	0.8784609	0.013175121	0.00090252695	1.3709693e-08
20051	SAS	AMR	distinct_only	2000	ld_mismatch	3	0.9716389	3.7837533e-06	0.00028605264	0.9661035	0.013439216	0.033892483	0.014635795	2.4906345e-07
20051	SAS	SAS	distinct_only	20000	valid	0	0.98284197	0.45040855	1.1054897e-07	6.143038e-06	1.400794e-05	0.4173313	0.01714395	0.13225403
20051	SAS	SAS	distinct_only	20000	order_mismatch	1	2.5709116e-06	1.5842949e-06	0.9999461	0.998268	3.9051814e-05	0.001730295	1.2345277e-05	1.7208258e-07
20051	SAS	SAS	distinct_only	20000	sign_corruption	2	1.5485906e-06	2.747644e-06	8.766154e-06	0.00010262752	0.9999649	0.99989307	2.4775049e-05	1.5515529e-06
20051	SAS	AMR	distinct_only	20000	ld_mismatch	3	0.98847675	0.28097716	8.14831e-07	8.923511e-06	6.983215e-05	0.55371505	0.011452667	0.1652989
20051	AMR	AMR	shared_plus_specific	2000	valid	0	0.5983218	0.004801275	9.8422395e-05	1.2402528e-05	0.390751	0.9919844	0.0108287865	0.0032019124
20051	AMR	AMR	shared_plus_specific	2000	order_mismatch	1	2.2982305e-05	3.4796985e-06	0.99926597	0.9976278	0.0006995546	0.002367989	1.1470013e-05	7.8774013e-07
20051	AMR	AMR	shared_plus_specific	2000	sign_corruption	2	1.5377242e-06	0.00019211211	0.00012754272	0.026020437	0.9998639	0.9736912	6.9253197e-06	9.6239135e-05
20051	AMR	SAS	shared_plus_specific	2000	ld_mismatch	3	0.14016964	0.05179771	2.0173555e-05	1.0799399e-05	0.7890484	0.92060894	0.07076182	0.027582616
20051	AMR	AMR	shared_plus_specific	20000	valid	0	0.16930301	0.20474704	4.4197426e-05	5.660768e-09	0.8022066	0.5198163	0.028446237	0.2754367
20051	AMR	AMR	shared_plus_specific	20000	order_mismatch	1	2.312361e-05	3.7885309e-06	0.9998265	0.9998672	0.00014590872	0.00012860741	4.39695e-06	4.0051458e-07
20051	AMR	AMR	shared_plus_specific	20000	sign_corruption	2	2.2834502e-07	0.001409716	7.680987e-06	3.391294e-05	0.9999852	0.9968815	6.9212715e-06	0.0016749281
20051	AMR	SAS	shared_plus_specific	20000	ld_mismatch	3	0.052428324	0.4040091	1.548783e-05	5.2326636e-09	0.27979097	0.096033685	0.6677652	0.4999572
20051	AMR	AMR	distinct_only	2000	valid	0	0.8181419	0.35951084	2.9556693e-08	3.8437933e-11	1.6492237e-05	0.3548644	0.18184161	0.2856248
20051	AMR	AMR	distinct_only	2000	order_mismatch	1	5.3054137e-06	7.460515e-07	0.9999266	0.99992347	2.5780944e-05	7.563641e-05	4.2217758e-05	6.992986e-08
20051	AMR	AMR	distinct_only	2000	sign_corruption	2	3.4141235e-07	0.00013970415	4.6050577e-06	1.2284617e-07	0.999697	0.9996582	0.00029797506	0.00020197828
20051	AMR	SAS	distinct_only	2000	ld_mismatch	3	0.22700286	0.3410921	2.2141464e-08	3.849302e-10	1.8114755e-05	0.34681246	0.772979	0.31209546
20051	AMR	AMR	distinct_only	20000	valid	0	0.99971503	0.37616655	4.846855e-09	1.1710407e-05	1.2374146e-06	0.49949667	0.00028377466	0.12432501
20051	AMR	AMR	distinct_only	20000	order_mismatch	1	0.000102451064	1.4413303e-07	0.99979997	0.99987113	6.50575e-05	0.0001287882	3.2495107e-05	1.1849823e-08
20051	AMR	AMR	distinct_only	20000	sign_corruption	2	4.2405145e-06	1.0373531e-05	8.336035e-06	0.0003336098	0.99980384	0.9996495	0.0001834962	6.436049e-06
20051	AMR	SAS	distinct_only	20000	ld_mismatch	3	0.75201344	0.35459208	6.2413854e-08	6.339506e-05	1.8124743e-05	0.50050056	0.24796836	0.14484395
20052	SAS	SAS	shared_plus_specific	2000	valid	0	0.9983466	0.38952178	6.8986044e-09	4.4056356e-05	2.1452522e-06	0.13511956	0.0016511771	0.47531456
20052	SAS	SAS	shared_plus_specific	2000	order_mismatch	1	3.381724e-06	5.6804027e-05	0.9999285	0.9982805	2.4312316e-05	0.0016497584	4.3813478e-05	1.2920871e-05
20052	SAS	SAS	shared_plus_specific	2000	sign_corruption	2	3.1455377e-06	0.0011252348	4.1651692e-06	0.0023320063	0.99999046	0.9955271	2.273641e-06	0.0010156449
20052	SAS	AMR	shared_plus_specific	2000	ld_mismatch	3	0.9753988	0.3185558	8.661962e-08	9.758474e-05	1.1576456e-05	0.23736836	0.024589585	0.44397822
20052	SAS	SAS	shared_plus_specific	20000	valid	0	0.79417664	0.58017665	3.2102625e-07	3.8694006e-07	1.756464e-05	0.00037226768	0.20580547	0.4194507
20052	SAS	SAS	shared_plus_specific	20000	order_mismatch	1	6.9874714e-06	0.0007346765	0.9999519	0.99657214	3.4029275e-05	0.002487921	7.018462e-06	0.00020524721
20052	SAS	SAS	shared_plus_specific	20000	sign_corruption	2	2.5804377e-06	0.0039536273	4.1720687e-05	0.0037979276	0.99994487	0.98570293	1.084433e-05	0.006545487
20052	SAS	AMR	shared_plus_specific	20000	ld_mismatch	3	0.9987869	0.48877606	3.6615557e-08	8.60388e-07	3.6074669e-06	0.0017607613	0.001209472	0.50946236
20052	SAS	SAS	distinct_only	2000	valid	0	0.78732014	0.6987664	0.00023806693	7.423874e-08	0.019868085	0.015317619	0.19257368	0.28591594
20052	SAS	SAS	distinct_only	2000	order_mismatch	1	0.00014935744	0.00014458047	0.9985533	0.99910444	0.0006923892	0.00069949735	0.00060499914	5.145573e-05
20052	SAS	SAS	distinct_only	2000	sign_corruption	2	0.0001348994	0.39355257	0.0023403522	0.00029771525	0.99727017	0.37739092	0.0002545437	0.22875883
20052	SAS	AMR	distinct_only	2000	ld_mismatch	3	0.17663217	0.68137723	0.0005207739	9.8558075e-08	0.78328794	0.04950575	0.039559152	0.26911697
20052	SAS	SAS	distinct_only	20000	valid	0	0.9034136	0.91800183	9.293837e-08	1.8313077e-11	3.1085834e-05	0.0020452987	0.096555255	0.07995283
20052	SAS	SAS	distinct_only	20000	order_mismatch	1	2.7266603e-06	0.0024250257	0.9997225	0.9923194	0.00013891848	0.004697942	0.00013584718	0.0005576909
20052	SAS	SAS	distinct_only	20000	sign_corruption	2	0.0015271874	0.11835397	3.4013286e-05	0.00015758295	0.9983473	0.8513702	9.148013e-05	0.030118214
20052	SAS	AMR	distinct_only	20000	ld_mismatch	3	0.8528698	0.87862796	2.795057e-07	3.9279764e-12	0.00028382664	0.0032852332	0.14684607	0.11808688
20052	AMR	AMR	shared_plus_specific	2000	valid	0	0.9830551	0.6798018	2.6262015e-08	9.926459e-08	6.151302e-06	0.0046847216	0.016938731	0.31551343
20052	AMR	AMR	shared_plus_specific	2000	order_mismatch	1	0.0003954051	0.012529798	0.99805564	0.97643614	0.00095827715	0.0068914387	0.0005907509	0.0041425386
20052	AMR	AMR	shared_plus_specific	2000	sign_corruption	2	3.1592165e-06	0.004355359	3.482489e-05	0.0034647286	0.99994516	0.98872644	1.6874388e-05	0.0034534847
20052	AMR	SAS	shared_plus_specific	2000	ld_mismatch	3	0.10816624	0.6934295	2.1761296e-07	2.8644777e-07	3.0370096e-05	0.0018695574	0.8918031	0.3047006
20052	AMR	AMR	shared_plus_specific	20000	valid	0	0.9998272	0.8410052	2.18404e-08	0.0004954697	2.074196e-06	0.03946152	0.00017066243	0.119037785
20052	AMR	AMR	shared_plus_specific	20000	order_mismatch	1	2.9675473e-05	0.00031460286	0.9998614	0.99753773	5.288373e-05	0.0020661172	5.6062123e-05	8.142791e-05
20052	AMR	AMR	shared_plus_specific	20000	sign_corruption	2	2.7450898e-05	0.0008385438	4.1424155e-05	0.11857719	0.99991894	0.8802212	1.2166724e-05	0.00036302526
20052	AMR	SAS	shared_plus_specific	20000	ld_mismatch	3	0.9025236	0.76252365	1.8182973e-06	0.010348714	7.2682284e-05	0.084694	0.097401924	0.14243373
20052	AMR	AMR	distinct_only	2000	valid	0	0.92380077	0.92558473	5.527303e-05	2.0444371e-07	0.0013530483	0.05090238	0.07479092	0.023512695
20052	AMR	AMR	distinct_only	2000	order_mismatch	1	3.567575e-05	0.00066591415	0.9992814	0.9975229	0.000105535415	0.001695771	0.0005773992	0.00011543747
20052	AMR	AMR	distinct_only	2000	sign_corruption	2	0.1771685	0.13118473	0.007979115	0.031462606	0.7876336	0.8273444	0.027218804	0.010008294
20052	AMR	SAS	distinct_only	2000	ld_mismatch	3	0.924359	0.9537151	6.423935e-05	7.342322e-05	0.0026784036	0.01944708	0.07289838	0.026764415
20052	AMR	AMR	distinct_only	20000	valid	0	0.9368971	0.9402748	1.5541478e-06	3.128091e-10	0.00015793722	0.030847274	0.06294336	0.028877905
20052	AMR	AMR	distinct_only	20000	order_mismatch	1	1.8619625e-05	0.0015972876	0.99931026	0.87085325	0.0006633995	0.12703592	7.710409e-06	0.00051356846
20052	AMR	AMR	distinct_only	20000	sign_corruption	2	0.23056002	0.028683688	0.00015141374	5.698947e-05	0.76039153	0.96833336	0.008896974	0.0029259084
20052	AMR	SAS	distinct_only	20000	ld_mismatch	3	0.98825413	0.85563153	6.14498e-07	7.03802e-08	9.286203e-05	0.105943315	0.011652365	0.03842508
20053	SAS	SAS	shared_plus_specific	2000	valid	0	0.3802507	0.6055865	7.1647417e-09	6.5888076e-12	1.360956e-05	0.011251555	0.6197357	0.38316193
20053	SAS	SAS	shared_plus_specific	2000	order_mismatch	1	7.028313e-07	2.1072497e-06	0.9999442	0.99998534	4.6070825e-05	1.2453844e-05	8.945423e-06	1.722961e-07
20053	SAS	SAS	shared_plus_specific	2000	sign_corruption	2	1.2877598e-05	0.10591343	5.490172e-06	3.0085353e-06	0.9993344	0.80618894	0.00064726226	0.08789468
20053	SAS	AMR	shared_plus_specific	2000	ld_mismatch	3	0.4044585	0.36578244	2.9574243e-08	5.7559964e-11	4.232254e-05	0.049468	0.5954991	0.5847495
20053	SAS	SAS	shared_plus_specific	20000	valid	0	0.66372883	0.7302998	2.0978839e-09	2.8376718e-16	1.672575e-06	0.006711342	0.3362695	0.2629889
20053	SAS	SAS	shared_plus_specific	20000	order_mismatch	1	5.7780625e-07	1.1460199e-06	0.99991685	0.9999379	2.5416268e-05	6.0748043e-05	5.71757e-05	7.379751e-08
20053	SAS	SAS	shared_plus_specific	20000	sign_corruption	2	2.574768e-06	0.0036090259	1.1142141e-06	3.1895508e-10	0.9998037	0.9929864	0.00019263662	0.0034045528
20053	SAS	AMR	shared_plus_specific	20000	ld_mismatch	3	0.6002908	0.5804984	9.2268655e-09	5.621406e-16	2.9993096e-06	0.015236568	0.3997062	0.40426502
20053	SAS	SAS	distinct_only	2000	valid	0	0.88702613	0.00012037801	0.001543303	0.5624072	0.068927236	0.4374682	0.042503268	4.1606104e-06
20053	SAS	SAS	distinct_only	2000	order_mismatch	1	8.161005e-07	4.857444e-07	0.99995637	0.99908686	3.5201072e-05	0.0009126881	7.656072e-06	4.8308546e-08
20053	SAS	SAS	distinct_only	2000	sign_corruption	2	0.001186287	1.1326599e-06	0.3705553	0.9866291	0.62750787	0.013369525	0.0007504897	7.872699e-08
20053	SAS	AMR	distinct_only	2000	ld_mismatch	3	0.57345575	3.7147314e-05	0.0025432357	0.84318346	0.09841466	0.15677713	0.3255864	2.230925e-06
20053	SAS	SAS	distinct_only	20000	valid	0	0.7992444	0.14097023	5.0951105e-08	3.243066e-08	9.371693e-05	0.79691833	0.20066178	0.062111404
20053	SAS	SAS	distinct_only	20000	order_mismatch	1	6.573307e-07	4.947503e-07	0.9999461	0.9989686	2.7634836e-05	0.0010309038	2.55853e-05	4.0467597e-08
20053	SAS	SAS	distinct_only	20000	sign_corruption	2	3.02476e-06	9.196549e-06	7.467786e-06	2.9865994e-06	0.9998748	0.99998033	0.00011477092	7.4776835e-06
20053	SAS	AMR	distinct_only	20000	ld_mismatch	3	0.43548417	0.06902395	3.3157118e-08	8.0120415e-08	2.3299004e-05	0.87041056	0.5644926	0.060565393
20053	AMR	AMR	shared_plus_specific	2000	valid	0	0.9694914	0.54098773	4.7838635e-09	1.747734e-17	3.4630164e-06	0.0013210417	0.030505052	0.4576912
20053	AMR	AMR	shared_plus_specific	2000	order_mismatch	1	1.4081915e-05	5.01356e-06	0.9998946	0.999897	7.878408e-05	9.742587e-05	1.2529024e-05	6.3624867e-07
20053	AMR	AMR	shared_plus_specific	2000	sign_corruption	2	2.2905353e-07	0.10651428	4.1311523e-06	1.5650176e-08	0.99996585	0.7546068	2.9839992e-05	0.13887896
20053	AMR	SAS	shared_plus_specific	2000	ld_mismatch	3	0.33243784	0.49298266	1.3902363e-08	2.0423772e-16	1.0918321e-05	0.00058417674	0.6675512	0.5064332
20053	AMR	AMR	shared_plus_specific	20000	valid	0	0.9985927	0.5344407	2.490377e-09	4.6321576e-15	1.2333156e-06	0.016613424	0.0014060782	0.4489459
20053	AMR	AMR	shared_plus_specific	20000	order_mismatch	1	6.3771535e-05	1.7467795e-06	0.99975044	0.9998869	0.00017103773	0.000111157715	1.4776979e-05	1.691998e-07
20053	AMR	AMR	shared_plus_specific	20000	sign_corruption	2	2.1064928e-07	0.003171946	2.7748956e-06	1.1861005e-07	0.9999749	0.99325025	2.2089554e-05	0.0035777336
20053	AMR	SAS	shared_plus_specific	20000	ld_mismatch	3	0.21314426	0.48253456	6.6161543e-09	3.848951e-13	1.0499353e-05	0.012366166	0.7868452	0.5050993
20053	AMR	AMR	distinct_only	2000	valid	0	0.9689848	0.010962372	1.6534783e-07	2.4321848e-06	4.4568198e-05	0.9851698	0.030970544	0.0038653992
20053	AMR	AMR	distinct_only	2000	order_mismatch	1	3.3315802e-05	2.366303e-06	0.99852556	0.9917155	0.0014164207	0.008281843	2.4715444e-05	3.327766e-07
20053	AMR	AMR	distinct_only	2000	sign_corruption	2	1.1157296e-06	0.00019662343	9.076655e-05	0.0019704371	0.99933	0.99774843	0.00057819835	8.446085e-05
20053	AMR	SAS	distinct_only	2000	ld_mismatch	3	0.5114618	0.026457187	3.566639e-07	3.8944418e-06	0.00012102085	0.9631886	0.48841688	0.010350262
20053	AMR	AMR	distinct_only	20000	valid	0	0.99482566	0.18475936	2.0322558e-08	0.0003794997	3.3497809e-06	0.7740214	0.0051709316	0.04083979
20053	AMR	AMR	distinct_only	20000	order_mismatch	1	0.00035765383	8.946471e-08	0.9984112	0.9999391	0.0001469244	6.0765964e-05	0.0010842793	5.7636718e-09
20053	AMR	AMR	distinct_only	20000	sign_corruption	2	1.5749427e-05	0.00012225493	7.1872305e-06	0.001660637	0.9997718	0.99817646	0.00020532114	4.0735613e-05
20053	AMR	SAS	distinct_only	20000	ld_mismatch	3	0.1883443	0.21967413	6.6179445e-07	0.004265443	8.3070074e-05	0.7181915	0.811572	0.057868958
20054	SAS	SAS	shared_plus_specific	2000	valid	0	0.1323622	0.35706234	6.0138314e-07	0.000120304	5.996083e-05	0.26365015	0.86757725	0.37916723
20054	SAS	SAS	shared_plus_specific	2000	order_mismatch	1	1.8219638e-06	0.0037962995	0.9993949	0.9868954	0.00045665106	0.008217151	0.00014663635	0.0010910416
20054	SAS	SAS	shared_plus_specific	2000	sign_corruption	2	9.387016e-07	0.018131943	5.4013173e-05	0.050241366	0.99968404	0.92094755	0.0002610131	0.010679195
20054	SAS	AMR	shared_plus_specific	2000	ld_mismatch	3	0.4741005	0.2426735	1.3590665e-06	0.00023075876	0.0045114444	0.3758426	0.5213867	0.3812531
20054	SAS	SAS	shared_plus_specific	20000	valid	0	0.8156123	0.61631477	1.1194438e-07	8.8150495e-07	4.159327e-05	0.013062414	0.18434606	0.37062195
20054	SAS	SAS	shared_plus_specific	20000	order_mismatch	1	1.9028945e-06	0.004195808	0.9998441	0.9932126	7.92872e-05	0.00097640755	7.471583e-05	0.0016151492
20054	SAS	SAS	shared_plus_specific	20000	sign_corruption	2	7.6314136e-05	0.22927451	5.3312677e-05	0.2566588	0.9997732	0.41669646	9.7243086e-05	0.09737028
20054	SAS	AMR	shared_plus_specific	20000	ld_mismatch	3	0.8800675	0.58554775	1.1440839e-07	3.787996e-07	6.980882e-05	0.01840274	0.11986259	0.39604917
20054	SAS	SAS	distinct_only	2000	valid	0	0.94978523	0.07232116	0.00012039014	0.46445462	0.021298027	0.46063182	0.028796278	0.0025923694
20054	SAS	SAS	distinct_only	2000	order_mismatch	1	2.0414159e-06	6.6713046e-06	0.99874973	0.9995727	0.0012056065	0.00041925165	4.2613803e-05	1.4140071e-06
20054	SAS	SAS	distinct_only	2000	sign_corruption	2	0.0006219957	1.45896365e-05	0.02173824	0.99868816	0.97592026	0.0012958472	0.0017194329	1.289135e-06
20054	SAS	AMR	distinct_only	2000	ld_mismatch	3	0.39503288	0.038473472	5.4519085e-05	0.57813823	0.038014933	0.38130075	0.5668977	0.0020875991
20054	SAS	SAS	distinct_only	20000	valid	0	0.9916508	0.9442644	5.806172e-06	3.1661907e-07	0.0016158872	0.032171927	0.0067274645	0.023563344
20054	SAS	SAS	distinct_only	20000	order_mismatch	1	2.374051e-07	7.954068e-06	0.9999717	0.99992263	3.495116e-06	6.791284e-05	2.4595749e-05	1.3720719e-06
20054	SAS	SAS	distinct_only	20000	sign_corruption	2	0.10701164	0.06389782	0.009503417	0.3209698	0.8159241	0.6111768	0.067560874	0.0039556166
20054	SAS	AMR	distinct_only	20000	ld_mismatch	3	0.946455	0.8989007	2.7150063e-06	8.981404e-07	0.00055046	0.05725911	0.052991804	0.043839347
20054	AMR	AMR	shared_plus_specific	2000	valid	0	0.9813412	0.39587012	2.6177472e-07	5.781986e-10	0.0011734056	0.0065541896	0.01748512	0.59757566
20054	AMR	AMR	shared_plus_specific	2000	order_mismatch	1	2.8185423e-05	0.00014253217	0.9978261	0.9972066	0.00053387944	0.0026035518	0.0016118474	4.7337973e-05
20054	AMR	AMR	shared_plus_specific	2000	sign_corruption	2	9.231583e-05	0.05431054	1.10523715e-05	0.0015253633	0.99983627	0.87451196	6.0372124e-05	0.069652215
20054	AMR	SAS	shared_plus_specific	2000	ld_mismatch	3	0.25401285	0.3717972	7.619169e-07	1.8007557e-09	0.0015820119	0.003753035	0.7444043	0.62444973
20054	AMR	AMR	shared_plus_specific	20000	valid	0	0.95327514	0.40303272	9.293182e-08	1.2596059e-08	0.0041250684	0.0130098	0.042599726	0.5839575
20054	AMR	AMR	shared_plus_specific	20000	order_mismatch	1	2.316712e-05	0.00037450585	0.9997609	0.9963707	9.112688e-05	0.0031657359	0.00012482502	8.912739e-05
20054	AMR	AMR	shared_plus_specific	20000	sign_corruption	2	1.0532342e-05	0.03200322	3.9747833e-06	0.0005446249	0.9999409	0.9350629	4.4608518e-05	0.032389354
20054	AMR	SAS	shared_plus_specific	20000	ld_mismatch	3	0.051525306	0.41369924	1.251285e-07	4.0066176e-08	0.005872403	0.009316017	0.94260216	0.57698464
20054	AMR	AMR	distinct_only	2000	valid	0	0.7435622	0.0770466	5.4048684e-05	6.7854075e-05	0.0008924751	0.92224455	0.25549123	0.00064111454
20054	AMR	AMR	distinct_only	2000	order_mismatch	1	2.4585877e-06	1.5903697e-05	0.9998703	0.9706104	0.00010207587	0.029370124	2.513949e-05	3.569353e-06
20054	AMR	AMR	distinct_only	2000	sign_corruption	2	0.34954938	0.0007159309	0.004109738	0.018361043	0.56536907	0.98090774	0.080971785	1.5376012e-05
20054	AMR	SAS	distinct_only	2000	ld_mismatch	3	0.7663135	0.04749819	0.0003080848	0.0066963546	0.009263936	0.94528484	0.22411449	0.0005206181
20054	AMR	AMR	distinct_only	20000	valid	0	0.54434156	0.40651345	1.3835631e-05	2.40637e-06	0.0002528044	0.5904802	0.45539173	0.003003921
20054	AMR	AMR	distinct_only	20000	order_mismatch	1	1.1839827e-06	9.960943e-06	0.9999676	0.9941988	1.9488883e-05	0.005788818	1.16874035e-05	2.4569392e-06
20054	AMR	AMR	distinct_only	20000	sign_corruption	2	0.07949291	0.00028308915	0.0025395881	0.037569746	0.70738155	0.96213776	0.2105859	9.355935e-06
20054	AMR	SAS	distinct_only	20000	ld_mismatch	3	0.60969085	0.30666927	2.9260375e-05	0.0003084347	0.0006590054	0.6904158	0.3896209	0.0026065027
20055	SAS	SAS	shared_plus_specific	2000	valid	0	0.14119469	0.49400663	2.3340857e-05	0.00089574856	0.0009336612	0.27429157	0.85784835	0.23080607
20055	SAS	SAS	shared_plus_specific	2000	order_mismatch	1	1.2454344e-06	1.6064709e-05	0.9999402	0.9952899	2.9899937e-05	0.0046908627	2.8711029e-05	3.1706682e-06
20055	SAS	SAS	shared_plus_specific	2000	sign_corruption	2	2.1165499e-05	0.007892665	0.0005997237	0.009050971	0.99760646	0.9769966	0.001772625	0.006059799
20055	SAS	AMR	shared_plus_specific	2000	ld_mismatch	3	0.7270377	0.21422459	2.129947e-05	0.0023276974	0.016620489	0.6565494	0.2563205	0.12689829
20055	SAS	SAS	shared_plus_specific	20000	valid	0	0.9582848	0.33101422	8.531284e-08	3.8572973e-05	1.2728156e-05	0.04670331	0.041702475	0.6222439
20055	SAS	SAS	shared_plus_specific	20000	order_mismatch	1	1.02951335e-05	0.000103824896	0.9999442	0.99425745	3.273509e-05	0.0056054704	1.2806715e-05	3.320856e-05
20055	SAS	SAS	shared_plus_specific	20000	sign_corruption	2	3.134396e-06	0.0045953495	1.0512843e-05	0.0018895437	0.9999814	0.986999	4.95256e-06	0.0065161353
20055	SAS	AMR	shared_plus_specific	20000	ld_mismatch	3	0.9837518	0.29000467	1.5701605e-08	1.6408725e-05	4.750905e-06	0.074812286	0.016243536	0.6351666
20055	SAS	SAS	distinct_only	2000	valid	0	0.92756176	0.41622657	2.337216e-05	3.6073292e-05	0.0014341582	0.57884926	0.070980765	0.0048880316
20055	SAS	SAS	distinct_only	2000	order_mismatch	1	3.415261e-06	0.00012676224	0.9998817	0.93307143	0.00011037806	0.06677056	4.591509e-06	3.1243304e-05
20055	SAS	SAS	distinct_only	2000	sign_corruption	2	0.0025313953	0.00046086396	0.0009659475	0.026660945	0.9963482	0.9728538	0.00015446475	2.43605e-05
20055	SAS	AMR	distinct_only	2000	ld_mismatch	3	0.8161778	0.8121513	1.0241348e-05	1.5656908e-06	0.0010044692	0.17464113	0.1828075	0.013206023
20055	SAS	SAS	distinct_only	20000	valid	0	0.83517414	0.95893425	1.0498553e-06	1.1315368e-09	0.00023710179	0.01323374	0.16458769	0.027832024
20055	SAS	SAS	distinct_only	20000	order_mismatch	1	2.484425e-06	0.00051889726	0.99993426	0.95559895	4.758225e-05	0.043731265	1.5685016e-05	0.00015084793
20055	SAS	SAS	distinct_only	20000	sign_corruption	2	0.013628022	0.1685027	0.00022597822	7.891635e-05	0.9810813	0.81899613	0.005064661	0.012422321
20055	SAS	AMR	distinct_only	20000	ld_mismatch	3	0.8863118	0.9533011	2.4128944e-06	3.5157276e-11	0.0009775221	0.00367481	0.11270818	0.04302406
20055	AMR	AMR	shared_plus_specific	2000	valid	0	0.7182023	0.0039720023	8.766254e-05	0.8289109	0.00033481265	0.16694587	0.28137526	0.00017126999
20055	AMR	AMR	shared_plus_specific	2000	order_mismatch	1	9.00334e-08	5.637908e-05	0.99934816	0.9970409	1.6556882e-06	0.0028921526	0.00065012707	1.0553567e-05
20055	AMR	AMR	shared_plus_specific	2000	sign_corruption	2	0.0010637079	3.101812e-05	0.21039242	0.98855174	0.66761774	0.0114148455	0.12092618	2.3413602e-06
20055	AMR	SAS	shared_plus_specific	2000	ld_mismatch	3	0.5461707	0.00011620402	0.07460444	0.99687153	0.003108666	0.0030035865	0.3761162	8.695592e-06
20055	AMR	AMR	shared_plus_specific	20000	valid	0	0.99994916	0.6657839	2.2238078e-08	0.00078984053	4.429337e-06	0.16017962	4.635943e-05	0.17324665
20055	AMR	AMR	shared_plus_specific	20000	order_mismatch	1	3.8381855e-05	4.177468e-05	0.99986434	0.9980367	9.080433e-05	0.0019145788	6.5057334e-06	7.067746e-06
20055	AMR	AMR	shared_plus_specific	20000	sign_corruption	2	0.0003612962	0.037804723	5.3469685e-05	0.006561187	0.99954873	0.9360143	3.647767e-05	0.019619724
20055	AMR	SAS	shared_plus_specific	20000	ld_mismatch	3	0.9724798	0.33461377	1.261906e-05	0.028793491	0.00014654984	0.51361763	0.027361013	0.12297507
20055	AMR	AMR	distinct_only	2000	valid	0	0.61438066	0.9667595	3.1277972e-07	6.8228058e-12	3.0053176e-05	0.0026955444	0.38558897	0.030544946
20055	AMR	AMR	distinct_only	2000	order_mismatch	1	1.3742044e-05	0.0011359173	0.99988556	0.97323847	6.9282556e-05	0.025207486	3.1423155e-05	0.00041816148
20055	AMR	AMR	distinct_only	2000	sign_corruption	2	0.003656267	0.037136883	0.00083660474	0.0004732535	0.9690449	0.9572253	0.02646222	0.005164513
20055	AMR	SAS	distinct_only	2000	ld_mismatch	3	0.46365884	0.963955	7.6223915e-07	6.4322164e-10	4.8413156e-05	0.0069745164	0.536292	0.029070564
20055	AMR	AMR	distinct_only	20000	valid	0	0.8031237	0.9515452	6.165153e-07	1.1895422e-10	6.539926e-05	0.018794019	0.19681025	0.02966077
20055	AMR	AMR	distinct_only	20000	order_mismatch	1	1.1691805e-05	0.0012299614	0.9996398	0.94381255	0.00031945202	0.054607846	2.8972623e-05	0.000349579
20055	AMR	AMR	distinct_only	20000	sign_corruption	2	0.13421537	0.0056132814	0.00035979378	0.00040756256	0.8649475	0.99302435	0.0004773188	0.0009548505
20055	AMR	SAS	distinct_only	20000	ld_mismatch	3	0.8638086	0.9307084	1.3401619e-06	5.345015e-09	5.6345463e-05	0.026231896	0.13613382	0.04305966
20056	SAS	SAS	shared_plus_specific	2000	valid	0	0.7574379	0.5763446	1.3496332e-07	4.9689346e-15	2.1152451e-05	0.019021738	0.24254084	0.4046337
20056	SAS	SAS	shared_plus_specific	2000	order_mismatch	1	1.6927964e-06	9.152986e-07	0.99997765	0.99659735	1.8230798e-05	0.0034016196	2.3669734e-06	1.4735066e-07
20056	SAS	SAS	shared_plus_specific	2000	sign_corruption	2	2.4659494e-07	0.008200013	9.550046e-06	2.660947e-07	0.99996907	0.98320377	2.1090016e-05	0.008595954
20056	SAS	AMR	shared_plus_specific	2000	ld_mismatch	3	0.12829085	0.5428223	3.2478536e-07	9.95729e-16	7.67092e-05	0.026691524	0.87163216	0.43048614
20056	SAS	SAS	shared_plus_specific	20000	valid	0	0.9985666	0.67758304	4.211492e-08	8.155713e-15	6.505454e-06	0.006952342	0.0014268412	0.3154647
20056	SAS	SAS	shared_plus_specific	20000	order_mismatch	1	5.1262105e-06	2.680658e-07	0.999958	0.998044	3.4045413e-05	0.0019557064	2.8316244e-06	3.3302634e-08
20056	SAS	SAS	shared_plus_specific	20000	sign_corruption	2	2.4595422e-06	0.008080925	1.1792506e-05	1.3310161e-07	0.9999788	0.98502916	6.977664e-06	0.00688979
20056	SAS	AMR	shared_plus_specific	20000	ld_mismatch	3	0.7161479	0.61913085	1.6703078e-06	2.571075e-16	0.00044311545	0.0030936636	0.2834073	0.3777755
20056	SAS	SAS	distinct_only	2000	valid	0	0.9991171	0.6667448	1.1615842e-07	1.8984365e-16	3.560784e-05	0.0025021725	0.000847215	0.330753
20056	SAS	SAS	distinct_only	2000	order_mismatch	1	8.8660266e-07	3.6668969e-06	0.9999897	0.9991449	5.2494e-06	0.0008507322	4.232052e-06	5.804912e-07
20056	SAS	SAS	distinct_only	2000	sign_corruption	2	6.909617e-06	0.35606542	1.6381433e-05	5.9099725e-10	0.9999666	0.39196157	1.00942225e-05	0.25197306
20056	SAS	AMR	distinct_only	2000	ld_mismatch	3	0.98350316	0.64552796	1.7637179e-06	5.091688e-15	0.0003505141	0.03416502	0.016144527	0.32030705
20056	SAS	SAS	distinct_only	20000	valid	0	0.9997429	0.7503615	9.616051e-08	7.165839e-18	4.742116e-05	0.00074309454	0.00020960532	0.24889542
20056	SAS	SAS	distinct_only	20000	order_mismatch	1	1.3582411e-06	2.1012811e-05	0.9999861	0.99922657	5.7690845e-06	0.00074944267	6.802065e-06	2.9648652e-06
20056	SAS	SAS	distinct_only	20000	sign_corruption	2	4.4564567e-06	0.20298257	8.667763e-05	2.7531092e-08	0.9999049	0.6835344	4.028127e-06	0.11348304
20056	SAS	AMR	distinct_only	20000	ld_mismatch	3	0.99453074	0.67060614	4.3683485e-07	1.777614e-16	0.0001143819	0.009139963	0.00535443	0.32025385
20056	AMR	AMR	shared_plus_specific	2000	valid	0	0.9383665	0.5740391	1.5914903e-08	2.6399389e-16	6.282191e-06	0.016905626	0.06162727	0.4090553
20056	AMR	AMR	shared_plus_specific	2000	order_mismatch	1	3.162757e-06	8.4837654e-07	0.9999502	0.9991289	2.0250192e-05	0.00087022525	2.638527e-05	1.1915322e-07
20056	AMR	AMR	shared_plus_specific	2000	sign_corruption	2	1.5408933e-06	0.01616089	6.3702114e-06	2.4019883e-08	0.999897	0.9659225	9.518976e-05	0.017916583
20056	AMR	SAS	shared_plus_specific	2000	ld_mismatch	3	0.5978598	0.57090074	6.3492354e-09	5.472403e-15	4.976738e-06	0.009275332	0.40213525	0.41982397
20056	AMR	AMR	shared_plus_specific	20000	valid	0	0.9924123	0.6894812	4.5232574e-07	2.6122264e-17	9.599392e-05	0.0020667082	0.0074911336	0.3084521
20056	AMR	AMR	shared_plus_specific	20000	order_mismatch	1	2.1749367e-05	1.5136006e-07	0.999577	0.9989624	5.455194e-05	0.0010374635	0.00034677307	1.9767626e-08
20056	AMR	AMR	shared_plus_specific	20000	sign_corruption	2	1.569961e-06	0.0069603235	1.1535078e-05	1.3243314e-09	0.9999802	0.98549587	6.6761495e-06	0.007543746
20056	AMR	SAS	shared_plus_specific	20000	ld_mismatch	3	0.9425581	0.60522485	1.4832294e-07	1.6903915e-14	4.331903e-05	0.018550303	0.057398427	0.3762248
20056	AMR	AMR	distinct_only	2000	valid	0	0.9859255	0.42105192	2.50864e-07	1.5402526e-13	0.00025615699	0.45652696	0.01381798	0.12242108
20056	AMR	AMR	distinct_only	2000	order_mismatch	1	1.6841575e-07	3.8362114e-07	0.9999774	0.99903226	3.3174474e-06	0.0009673634	1.913243e-05	4.3535252e-08
20056	AMR	AMR	distinct_only	2000	sign_corruption	2	4.254325e-06	0.0003401854	2.1437481e-05	1.1197424e-07	0.9999688	0.99943584	5.517495e-06	0.00022392054
20056	AMR	SAS	distinct_only	2000	ld_mismatch	3	0.985779	0.68728614	3.3724527e-07	4.3625077e-14	0.00038164004	0.049958136	0.013839032	0.26275575
20056	AMR	AMR	distinct_only	20000	valid	0	0.9982398	0.09372602	3.5082357e-06	3.8127416e-07	0.00029870428	0.8958447	0.0014579309	0.010428996
20056	AMR	AMR	distinct_only	20000	order_mismatch	1	2.6545792e-06	8.9219675e-06	0.9967678	0.7640602	0.002338157	0.23592825	0.00089144614	2.537262e-06
20056	AMR	AMR	distinct_only	20000	sign_corruption	2	1.037395e-05	0.00014422747	0.0002804711	9.4146955e-05	0.9996696	0.99972075	3.953951e-05	4.0871964e-05
20056	AMR	SAS	distinct_only	20000	ld_mismatch	3	0.98606354	0.13767041	0.00029182364	3.521216e-05	0.000924601	0.8347968	0.012720048	0.027497673
20057	SAS	SAS	shared_plus_specific	2000	valid	0	0.9968465	0.5093596	1.01159294e-07	4.4037514e-13	3.769912e-05	0.0013533824	0.0031157108	0.48928702
20057	SAS	SAS	shared_plus_specific	2000	order_mismatch	1	2.7624144e-06	6.805199e-05	0.99996656	0.999899	9.594236e-06	1.6897417e-05	2.1084228e-05	1.5958518e-05
20057	SAS	SAS	shared_plus_specific	2000	sign_corruption	2	1.8949668e-06	0.32990783	1.39174035e-05	4.687453e-07	0.9999793	0.22738944	4.885346e-06	0.44270223
20057	SAS	AMR	shared_plus_specific	2000	ld_mismatch	3	0.9375797	0.39840466	2.3738069e-06	1.0331704e-12	0.0003676491	0.0024376118	0.062050253	0.5991578
20057	SAS	SAS	shared_plus_specific	20000	valid	0	0.98702097	0.7046615	1.1106412e-09	5.1602735e-16	1.0372642e-06	0.0025849896	0.012978014	0.29275352
20057	SAS	SAS	shared_plus_specific	20000	order_mismatch	1	1.4873841e-06	7.5814006e-07	0.99994993	0.9999906	3.8776798e-05	8.714368e-06	9.763978e-06	4.3817714e-08
20057	SAS	SAS	shared_plus_specific	20000	sign_corruption	2	1.3906584e-06	0.0004664448	3.530742e-06	1.3811849e-06	0.9999892	0.9991327	5.809636e-06	0.00039946364
20057	SAS	AMR	shared_plus_specific	20000	ld_mismatch	3	0.9921406	0.5035032	1.3341398e-09	4.2743358e-15	7.201898e-07	0.014758204	0.007858747	0.48173857
20057	SAS	SAS	distinct_only	2000	valid	0	0.9568836	0.6776483	5.1076075e-08	7.1324923e-13	4.052257e-05	0.06400725	0.043075863	0.25834438
20057	SAS	SAS	distinct_only	2000	order_mismatch	1	1.3449765e-07	7.3649276e-06	0.9999744	0.9989454	1.3646094e-05	0.0010466536	1.1807181e-05	5.8299804e-07
20057	SAS	SAS	distinct_only	2000	sign_corruption	2	4.068295e-07	0.030497711	3.3511815e-06	6.861107e-08	0.99996346	0.95496595	3.2835273e-05	0.014536293
20057	SAS	AMR	distinct_only	2000	ld_mismatch	3	0.2777685	0.52803075	3.1889007e-07	3.0743771e-12	0.0005279256	0.16148596	0.72170323	0.31048328
20057	SAS	SAS	distinct_only	20000	valid	0	0.9997259	0.1728125	1.1598938e-08	2.7421313e-05	2.5117074e-06	0.7913144	0.0002716074	0.035845593
20057	SAS	SAS	distinct_only	20000	order_mismatch	1	9.652007e-07	9.1759534e-07	0.9999458	0.99909925	2.0285961e-05	0.00089964503	3.292602e-05	9.272681e-08
20057	SAS	SAS	distinct_only	20000	sign_corruption	2	1.0361579e-05	5.5638584e-06	6.6491484e-05	0.0013265631	0.99990875	0.99866545	1.4357487e-05	2.4221704e-06
20057	SAS	AMR	distinct_only	20000	ld_mismatch	3	0.9960678	0.009116317	7.8100534e-08	3.8346712e-05	9.530966e-06	0.9878159	0.003922544	0.0030293844
20057	AMR	AMR	shared_plus_specific	2000	valid	0	0.99674326	0.5411761	1.3163141e-08	5.361508e-13	5.311045e-06	0.005955271	0.0032513908	0.45286864
20057	AMR	AMR	shared_plus_specific	2000	order_mismatch	1	6.973571e-05	9.182089e-06	0.9992599	0.9999193	0.00066769874	7.0616334e-05	2.7097033e-06	9.544042e-07
20057	AMR	AMR	shared_plus_specific	2000	sign_corruption	2	4.0729235e-05	0.07132731	1.2450935e-05	1.954867e-07	0.9997082	0.8279952	0.00023863064	0.10067738
20057	AMR	SAS	shared_plus_specific	2000	ld_mismatch	3	0.8523402	0.6637132	2.3170367e-08	3.7921164e-13	8.707647e-06	0.0015308438	0.14765103	0.334756
20057	AMR	AMR	shared_plus_specific	20000	valid	0	0.99975234	0.643135	5.806278e-10	2.298968e-15	2.749145e-07	0.0016538168	0.00024740698	0.3552112
20057	AMR	AMR	shared_plus_specific	20000	order_mismatch	1	3.3282838e-06	5.7535563e-06	0.99994224	0.99993944	4.4297165e-05	5.4407767e-05	1.0140083e-05	4.9094996e-07
20057	AMR	AMR	shared_plus_specific	20000	sign_corruption	2	1.2463314e-06	0.0044107134	2.4700194e-06	2.0925025e-08	0.9999857	0.99052703	1.0538767e-05	0.0050621643
20057	AMR	SAS	shared_plus_specific	20000	ld_mismatch	3	0.82316977	0.7019416	3.9434016e-09	2.0227846e-15	4.242348e-06	0.00048109688	0.17682594	0.2975773
20057	AMR	AMR	distinct_only	2000	valid	0	0.91361284	0.54836357	2.0003789e-07	1.7319625e-08	6.0184433e-05	0.2663982	0.086326785	0.18523826
20057	AMR	AMR	distinct_only	2000	order_mismatch	1	5.1298167e-07	2.367839e-07	0.9982676	0.9999598	6.9019275e-06	3.990567e-05	0.0017250291	3.036067e-08
20057	AMR	AMR	distinct_only	2000	sign_corruption	2	6.867769e-07	0.00039442163	3.6594913e-05	0.00019586709	0.9996831	0.99917287	0.00027965175	0.00023675342
20057	AMR	SAS	distinct_only	2000	ld_mismatch	3	0.69858146	0.518774	5.824624e-06	5.1431323e-07	0.16552399	0.22990364	0.13588877	0.25132197
20057	AMR	AMR	distinct_only	20000	valid	0	0.99964136	0.040945422	1.1335761e-07	0.39711174	7.6042033e-06	0.55779815	0.0003508588	0.0041446737
20057	AMR	AMR	distinct_only	20000	order_mismatch	1	9.664431e-06	6.096069e-08	0.9999009	0.999926	3.1492564e-05	7.3872216e-05	5.787487e-05	6.3580243e-09
20057	AMR	AMR	distinct_only	20000	sign_corruption	2	1.8980949e-05	4.0551286e-06	0.00015212466	0.07625985	0.99964666	0.92373484	0.00018219986	1.2348825e-06
20057	AMR	SAS	distinct_only	20000	ld_mismatch	3	0.99647856	0.0046419315	5.9720187e-06	0.88073474	0.00023890194	0.11395152	0.0032765984	0.0006718668
20058	SAS	SAS	shared_plus_specific	2000	valid	0	0.8419408	0.7113234	1.8350237e-07	9.6206876e-11	1.799447e-05	0.00010686856	0.15804107	0.28856978
20058	SAS	SAS	shared_plus_specific	2000	order_mismatch	1	1.0678101e-06	7.8560064e-05	0.99995804	0.9998375	2.9669674e-05	7.0004826e-05	1.1160929e-05	1.3929604e-05
20058	SAS	SAS	shared_plus_specific	2000	sign_corruption	2	2.7522068e-05	0.030580267	5.8127305e-05	0.004302709	0.9998873	0.9301867	2.7071646e-05	0.03493023
20058	SAS	AMR	shared_plus_specific	2000	ld_mismatch	3	0.5587998	0.58196557	4.21749e-08	8.290405e-11	5.782995e-06	0.00019760398	0.44119442	0.41783687
20058	SAS	SAS	shared_plus_specific	20000	valid	0	0.73930264	0.5703311	7.358166e-05	7.2776755e-05	0.00023431424	0.0121113295	0.26038945	0.41748485
20058	SAS	SAS	shared_plus_specific	20000	order_mismatch	1	6.2369104e-06	0.00012114692	0.99994683	0.9996171	2.3513501e-05	0.00023724168	2.348377e-05	2.4390973e-05
20058	SAS	SAS	shared_plus_specific	20000	sign_corruption	2	2.1755797e-05	0.002067432	0.0002611369	0.018192016	0.9996652	0.97751856	5.192493e-05	0.0022219657
20058	SAS	AMR	shared_plus_specific	20000	ld_mismatch	3	0.9850047	0.48986846	3.1650814e-06	9.366512e-05	0.00010611073	0.017075034	0.014886062	0.49296293
20058	SAS	SAS	distinct_only	2000	valid	0	0.30502656	0.11362634	1.177043e-05	0.00050996116	0.00011880466	0.8839248	0.6948429	0.0019389418
20058	SAS	SAS	distinct_only	2000	order_mismatch	1	1.0156292e-06	0.00015134283	0.999942	0.9695044	2.6135922e-05	0.030312555	3.08906e-05	3.1787535e-05
20058	SAS	SAS	distinct_only	2000	sign_corruption	2	0.010805803	0.000747099	0.0071748146	0.24378149	0.9240574	0.7554361	0.057961997	3.5282934e-05
20058	SAS	AMR	distinct_only	2000	ld_mismatch	3	0.47508553	0.3608057	6.235938e-06	2.391754e-05	0.00010089714	0.62996304	0.52480733	0.009207377
20058	SAS	SAS	distinct_only	20000	valid	0	0.94095904	0.77181524	1.19125025e-05	2.0691612e-06	0.00066417037	0.2034807	0.058364835	0.02470197
20058	SAS	SAS	distinct_only	20000	order_mismatch	1	3.4718994e-06	0.0004655545	0.99993163	0.90668106	4.959287e-05	0.092711054	1.5324511e-05	0.00014234225
20058	SAS	SAS	distinct_only	20000	sign_corruption	2	0.0034570924	0.013153179	0.00042371286	0.008495583	0.9956229	0.97728705	0.0004962915	0.0010641661
20058	SAS	AMR	distinct_only	20000	ld_mismatch	3	0.6634775	0.94764847	3.3095441e-06	5.878742e-09	0.00016854012	0.010153291	0.33635068	0.04219825
20058	AMR	AMR	shared_plus_specific	2000	valid	0	0.18768138	0.0015070596	0.15791081	0.7676163	0.18628919	0.23065276	0.46811867	0.00022392455
20058	AMR	AMR	shared_plus_specific	2000	order_mismatch	1	4.604175e-07	4.194003e-06	0.99961203	0.99831164	6.7207293e-06	0.0016836439	0.00038084286	5.878808e-07
20058	AMR	AMR	shared_plus_specific	2000	sign_corruption	2	0.000121623605	1.6397065e-05	0.64419687	0.8871968	0.3549355	0.1127843	0.0007460708	2.5316117e-06
20058	AMR	SAS	shared_plus_specific	2000	ld_mismatch	3	0.18602736	0.021264141	0.43599334	0.45132285	0.3742425	0.5245059	0.0037367654	0.00290711
20058	AMR	AMR	shared_plus_specific	20000	valid	0	0.99956435	0.76156497	1.05207924e-07	0.024712408	8.621047e-06	0.104601085	0.00042699976	0.10912146
20058	AMR	AMR	shared_plus_specific	20000	order_mismatch	1	6.301048e-05	6.335221e-05	0.99976546	0.99904543	2.8248556e-05	0.00087924005	0.00014324511	1.1898486e-05
20058	AMR	AMR	shared_plus_specific	20000	sign_corruption	2	3.3865977e-05	0.0048967036	3.762941e-05	0.041321546	0.99986106	0.9518326	6.736256e-05	0.0019491
20058	AMR	SAS	shared_plus_specific	20000	ld_mismatch	3	0.84072113	0.40989742	3.014941e-05	0.3923412	0.00049743155	0.12056066	0.15875125	0.07720077
20058	AMR	AMR	distinct_only	2000	valid	0	0.9965689	0.42661965	9.732149e-05	0.00018603643	0.0017346492	0.5603071	0.0015990557	0.012887254
20058	AMR	AMR	distinct_only	2000	order_mismatch	1	1.1065927e-05	0.0031200189	0.9987068	0.83020747	0.0012747901	0.16594997	7.3649885e-06	0.0007225266
20058	AMR	AMR	distinct_only	2000	sign_corruption	2	0.22733112	0.008942387	0.028366322	0.057330888	0.74315166	0.9330885	0.0011508684	0.0006382951
20058	AMR	SAS	distinct_only	2000	ld_mismatch	3	0.9730084	0.3247231	0.0004146543	0.015891863	0.014032043	0.64231396	0.012544972	0.017071111
20058	AMR	AMR	distinct_only	20000	valid	0	0.657093	0.9477701	3.7163866e-06	2.1213291e-09	0.00014042309	0.0369627	0.34276295	0.015267203
20058	AMR	AMR	distinct_only	20000	order_mismatch	1	2.3917719e-05	0.0010464533	0.99970204	0.92584896	0.00026191465	0.07281865	1.2187611e-05	0.00028597977
20058	AMR	AMR	distinct_only	20000	sign_corruption	2	0.27276826	0.009743665	0.00052039354	0.00017923434	0.7088097	0.9894818	0.017901624	0.00059533387
20058	AMR	SAS	distinct_only	20000	ld_mismatch	3	0.6605367	0.938154	6.4863366e-06	8.7531696e-08	7.985478e-05	0.037296236	0.33937702	0.024549736
20059	SAS	SAS	shared_plus_specific	2000	valid	0	0.44503704	4.1635125e-05	0.0723046	0.76820254	0.34749696	0.23175132	0.1351614	4.4497874e-06
20059	SAS	SAS	shared_plus_specific	2000	order_mismatch	1	1.8486024e-05	5.977105e-08	0.99898195	0.99697506	0.0007385572	0.0030247816	0.00026102306	5.469205e-09
20059	SAS	SAS	shared_plus_specific	2000	sign_corruption	2	0.00027613094	1.8616804e-06	0.32941756	0.9426264	0.66853124	0.05737147	0.0017750737	2.5578373e-07
20059	SAS	AMR	shared_plus_specific	2000	ld_mismatch	3	0.0141780665	1.1424833e-05	0.7228865	0.87279916	0.25981268	0.12718756	0.0031228263	1.8831613e-06
20059	SAS	SAS	shared_plus_specific	20000	valid	0	0.9985768	0.21585484	5.0088323e-07	2.230658e-05	2.3088936e-05	0.68233734	0.001399653	0.101785526
20059	SAS	SAS	shared_plus_specific	20000	order_mismatch	1	2.8177285e-06	8.675619e-08	0.99998045	0.9999888	1.02218555e-05	1.1066042e-05	6.4872806e-06	5.2930598e-09
20059	SAS	SAS	shared_plus_specific	20000	sign_corruption	2	6.659604e-05	0.0020821262	0.0013682112	0.15469946	0.99853843	0.8426992	2.6731757e-05	0.0005193148
20059	SAS	AMR	shared_plus_specific	20000	ld_mismatch	3	0.8241078	0.11327975	0.00027206764	4.683103e-06	0.064564236	0.82526994	0.11105588	0.06144573
20059	SAS	SAS	distinct_only	2000	valid	0	0.99863774	0.762979	5.1649886e-07	2.8495544e-16	0.00013894672	0.012026088	0.0012228043	0.22499499
20059	SAS	SAS	distinct_only	2000	order_mismatch	1	2.7399147e-07	2.95441e-06	0.99999	0.9996983	1.8337147e-06	0.00029851735	7.8715875e-06	2.5486838e-07
20059	SAS	SAS	distinct_only	2000	sign_corruption	2	2.853839e-06	0.095047005	2.2527456e-05	6.977601e-09	0.99995995	0.8540435	1.4652723e-05	0.050909538
20059	SAS	AMR	distinct_only	2000	ld_mismatch	3	0.91059965	0.58731985	1.7988747e-06	5.3313287e-14	0.0006237182	0.16147615	0.08877488	0.25120398
20059	SAS	SAS	distinct_only	20000	valid	0	0.9998822	0.7446513	8.1861884e-08	2.2668244e-17	2.701956e-05	0.0020378144	9.06407e-05	0.2533109
20059	SAS	SAS	distinct_only	20000	order_mismatch	1	1.7474963e-06	3.557405e-06	0.9999884	0.99965966	6.7127826e-06	0.00033645812	3.0628162e-06	3.3687596e-07
20059	SAS	SAS	distinct_only	20000	sign_corruption	2	8.823644e-06	0.4082093	2.0287594e-05	6.995074e-10	0.9999674	0.40712598	3.4452348e-06	0.18466473
20059	SAS	AMR	distinct_only	20000	ld_mismatch	3	0.9852931	0.6241221	5.191918e-07	1.5247824e-15	0.00013630581	0.041562036	0.014570113	0.3343158
20059	AMR	AMR	shared_plus_specific	2000	valid	0	0.9939764	0.0048267646	1.3890741e-06	0.0012580618	0.00014610241	0.9925574	0.0058759726	0.001357753
20059	AMR	AMR	shared_plus_specific	2000	order_mismatch	1	1.3171989e-06	2.7924972e-07	0.99897295	0.9994617	9.460645e-05	0.0005380455	0.0009311039	2.5405772e-08
20059	AMR	AMR	shared_plus_specific	2000	sign_corruption	2	0.00016980911	1.9068086e-05	0.0027698278	0.03124568	0.9967785	0.9687269	0.0002819062	8.456668e-06
20059	AMR	SAS	shared_plus_specific	2000	ld_mismatch	3	0.823417	0.0018100329	7.693306e-06	0.0061640413	0.00056517526	0.9914404	0.17601009	0.00058550766
20059	AMR	AMR	shared_plus_specific	20000	valid	0	0.99617153	0.611354	5.6177303e-08	5.305734e-12	8.305239e-06	0.104651056	0.0038200468	0.2839949
20059	AMR	AMR	shared_plus_specific	20000	order_mismatch	1	5.9316545e-07	1.0838208e-07	0.9999649	0.9998516	1.0240549e-05	0.00014830749	2.4332092e-05	8.406787e-09
20059	AMR	AMR	shared_plus_specific	20000	sign_corruption	2	9.3940025e-07	0.00055689	8.598675e-06	1.1081396e-07	0.99992377	0.9989384	6.666716e-05	0.0005046632
20059	AMR	SAS	shared_plus_specific	20000	ld_mismatch	3	0.71258694	0.549165	8.365143e-09	5.1395242e-11	1.9189065e-06	0.13090806	0.28741118	0.3199269
20059	AMR	AMR	distinct_only	2000	valid	0	0.48750713	0.018148644	6.5592896e-05	0.12562177	0.0024772228	0.8556455	0.50995004	0.0005840938
20059	AMR	AMR	distinct_only	2000	order_mismatch	1	1.4820251e-06	3.734208e-05	0.9974267	0.95608234	0.00030150908	0.043874953	0.0022703484	5.374243e-06
20059	AMR	AMR	distinct_only	2000	sign_corruption	2	0.110197656	0.001643164	0.07452756	0.7847165	0.42797446	0.21356696	0.38730034	7.3390394e-05
20059	AMR	SAS	distinct_only	2000	ld_mismatch	3	0.004700438	2.1485273e-05	0.99167234	0.99773216	0.00080247317	0.0022452045	0.0028247277	1.0743671e-06
20059	AMR	AMR	distinct_only	20000	valid	0	0.99730515	0.12101183	6.0253706e-07	1.3916968e-09	5.86032e-05	0.8593091	0.0026356897	0.01967908
20059	AMR	AMR	distinct_only	20000	order_mismatch	1	8.517871e-06	1.23023965e-05	0.91559654	0.51278967	0.07204846	0.48719424	0.012346532	3.7798673e-06
20059	AMR	AMR	distinct_only	20000	sign_corruption	2	1.3538674e-06	4.0474755e-05	1.9776171e-05	1.5528747e-06	0.99997455	0.9999416	4.282718e-06	1.6356742e-05
20059	AMR	SAS	distinct_only	20000	ld_mismatch	3	0.998389	0.08178849	2.8970528e-06	6.654632e-08	8.512148e-05	0.895439	0.0015230092	0.022772402
20060	SAS	SAS	shared_plus_specific	2000	valid	0	0.47819927	0.9569888	1.1400055e-06	1.7498638e-07	2.3762042e-05	0.02147538	0.5217758	0.021535631
20060	SAS	SAS	shared_plus_specific	2000	order_mismatch	1	1.2838769e-06	4.2798314e-05	0.9999718	0.99988043	1.6262413e-05	7.051291e-05	1.0707645e-05	6.2411755e-06
20060	SAS	SAS	shared_plus_specific	2000	sign_corruption	2	0.00059902185	0.011786207	0.00050044217	0.13955362	0.99187607	0.84727585	0.0070244446	0.0013843181
20060	SAS	AMR	shared_plus_specific	2000	ld_mismatch	3	0.6787681	0.9090176	5.5098405e-07	3.9216522e-07	1.9516634e-05	0.065038584	0.32121184	0.025943356
20060	SAS	SAS	shared_plus_specific	20000	valid	0	0.9936466	0.8803168	7.556184e-09	6.441439e-10	2.9291486e-06	0.0005537886	0.006350459	0.11912946
20060	SAS	SAS	shared_plus_specific	20000	order_mismatch	1	5.2559026e-06	0.0005856514	0.9999655	0.9990251	2.1478647e-05	0.0002660583	7.7884615e-06	0.00012318067
20060	SAS	SAS	shared_plus_specific	20000	sign_corruption	2	8.6792854e-05	0.09774484	3.992329e-05	0.00011878535	0.9997079	0.84375346	0.00016540229	0.058382966
20060	SAS	AMR	shared_plus_specific	20000	ld_mismatch	3	0.99509907	0.83095276	3.9778283e-09	1.2446121e-09	2.1721505e-06	0.0022581378	0.0048987963	0.16678914
20060	SAS	SAS	distinct_only	2000	valid	0	0.8522756	0.88793766	2.1219105e-06	2.4283622e-12	0.00038174668	0.00034999714	0.14734048	0.111712344
20060	SAS	SAS	distinct_only	2000	order_mismatch	1	1.3444901e-05	0.004309257	0.99933046	0.98776287	0.0001519157	0.006056736	0.0005042218	0.0018710982
20060	SAS	SAS	distinct_only	2000	sign_corruption	2	0.00022917699	0.32455215	0.0003698306	0.00027174206	0.9992903	0.5544223	0.00011072346	0.12075379
20060	SAS	AMR	distinct_only	2000	ld_mismatch	3	0.66902447	0.86523527	2.724953e-07	5.2482855e-13	2.4274077e-05	0.0002676949	0.3309509	0.1344971
20060	SAS	SAS	distinct_only	20000	valid	0	0.9974442	0.85830766	2.5721532e-08	1.078418e-09	1.5664045e-05	0.007216992	0.0025400994	0.13447532
20060	SAS	SAS	distinct_only	20000	order_mismatch	1	1.0668221e-05	0.003515973	0.99965554	0.9633331	0.0002786149	0.03175566	5.522548e-05	0.0013953028
20060	SAS	SAS	distinct_only	20000	sign_corruption	2	0.0007327874	0.17817499	3.0063014e-05	0.00076450914	0.9992185	0.7555199	1.852471e-05	0.065540604
20060	SAS	AMR	distinct_only	20000	ld_mismatch	3	0.98084766	0.83312774	5.657544e-07	3.7585924e-11	0.0010751609	0.0022144427	0.018076634	0.16465782
20060	AMR	AMR	shared_plus_specific	2000	valid	0	0.993143	0.672764	3.959183e-09	3.5210244e-16	2.3342225e-06	0.00011411176	0.0068547106	0.32712188
20060	AMR	AMR	shared_plus_specific	2000	order_mismatch	1	6.6906273e-06	7.0840826e-05	0.999868	0.99988127	3.5551147e-05	3.9942166e-05	8.98113e-05	7.967556e-06
20060	AMR	AMR	shared_plus_specific	2000	sign_corruption	2	1.3506843e-05	0.07281812	6.4174874e-06	1.4724585e-08	0.99919826	0.8170745	0.0007818644	0.110107385
20060	AMR	SAS	shared_plus_specific	2000	ld_mismatch	3	0.43435678	0.642461	2.373212e-08	3.9234536e-15	1.3773938e-05	0.00019836654	0.5656294	0.3573407
20060	AMR	AMR	shared_plus_specific	20000	valid	0	0.9994299	0.9152708	1.0012059e-08	1.5871296e-12	3.0917724e-06	0.0011441376	0.00056695123	0.08358512
20060	AMR	AMR	shared_plus_specific	20000	order_mismatch	1	0.00023041868	0.0024942656	0.9991276	0.9959286	0.00061377435	0.0011326055	2.8150105e-05	0.00044451968
20060	AMR	AMR	shared_plus_specific	20000	sign_corruption	2	2.0395271e-05	0.16046803	4.2550015e-05	0.00044188573	0.9999259	0.79497087	1.1098062e-05	0.04411918
20060	AMR	SAS	shared_plus_specific	20000	ld_mismatch	3	0.9176705	0.90342546	6.1657566e-08	6.998564e-10	1.0898228e-05	0.001825557	0.08231854	0.09474894
20060	AMR	AMR	distinct_only	2000	valid	0	0.6757143	0.8805195	3.3498975e-06	9.48217e-06	0.000107151	0.10414713	0.32417512	0.015323893
20060	AMR	AMR	distinct_only	2000	order_mismatch	1	2.1907414e-05	0.0004839729	0.99712163	0.90530777	0.0025103788	0.094016045	0.00034599166	0.00019224509
20060	AMR	AMR	distinct_only	2000	sign_corruption	2	0.20995004	0.018332003	0.0023490528	0.039543107	0.7775378	0.9410492	0.010163055	0.0010755977
20060	AMR	SAS	distinct_only	2000	ld_mismatch	3	0.5222668	0.4940704	2.1582746e-06	0.0010522797	0.0001053492	0.49282476	0.47762573	0.012052508
20060	AMR	AMR	distinct_only	20000	valid	0	0.87791014	0.95957756	5.7733837e-06	1.7391176e-09	0.00031226696	0.021459883	0.121771894	0.018962482
20060	AMR	AMR	distinct_only	20000	order_mismatch	1	0.00033414448	0.0022591546	0.9852626	0.8079931	0.014358551	0.18903524	4.474858e-05	0.0007124521
20060	AMR	AMR	distinct_only	20000	sign_corruption	2	0.15154703	0.018412447	0.0006361404	0.0002925567	0.84157866	0.97979194	0.006238218	0.0015031248
20060	AMR	SAS	distinct_only	20000	ld_mismatch	3	0.78400236	0.8536652	3.547422e-05	8.7372985e-07	0.00055333524	0.11966846	0.21540876	0.026665406
20061	SAS	SAS	shared_plus_specific	2000	valid	0	0.6425211	0.7797134	4.2731784e-08	3.2282019e-06	7.672804e-06	0.024796287	0.35747123	0.19548708
20061	SAS	SAS	shared_plus_specific	2000	order_mismatch	1	7.165651e-06	9.381068e-05	0.9998649	0.99797744	0.00012571758	0.0019104874	2.261787e-06	1.8206923e-05
20061	SAS	SAS	shared_plus_specific	2000	sign_corruption	2	1.2721205e-05	0.0012185317	4.849727e-05	0.013875319	0.99983525	0.9839755	0.00010350702	0.0009306817
20061	SAS	AMR	shared_plus_specific	2000	ld_mismatch	3	0.9846377	0.5079559	2.3673726e-08	4.9739152e-05	3.547082e-06	0.27550378	0.015358788	0.2164906
20061	SAS	SAS	shared_plus_specific	20000	valid	0	0.8747568	0.5905907	2.3603737e-07	8.1977334e-05	1.46949815e-05	0.04953437	0.12522829	0.35979298
20061	SAS	SAS	shared_plus_specific	20000	order_mismatch	1	3.029142e-06	3.969084e-05	0.99990934	0.98848325	7.860932e-05	0.011466228	9.030804e-06	1.0823978e-05
20061	SAS	SAS	shared_plus_specific	20000	sign_corruption	2	1.7555225e-05	0.00051258755	9.220096e-06	0.0015323571	0.99993324	0.9974044	3.9994764e-05	0.0005505929
20061	SAS	AMR	shared_plus_specific	20000	ld_mismatch	3	0.99418116	0.33476615	1.9753047e-07	0.0005433682	1.762553e-05	0.33127922	0.005801005	0.3334112
20061	SAS	SAS	distinct_only	2000	valid	0	0.9984439	0.008546872	2.8151626e-07	0.00087671366	3.6281333e-05	0.9876288	0.0015194948	0.0029476276
20061	SAS	SAS	distinct_only	2000	order_mismatch	1	3.8949176e-07	2.748214e-06	0.9999766	0.99858993	1.4840823e-05	0.0014068459	8.215576e-06	4.2272146e-07
20061	SAS	SAS	distinct_only	2000	sign_corruption	2	0.00025123826	0.00038526475	0.00043140177	0.04375304	0.9992989	0.9556789	1.8407356e-05	0.00018281268
20061	SAS	AMR	distinct_only	2000	ld_mismatch	3	0.8420389	0.0014365687	8.791043e-05	0.025365166	0.028039977	0.9726422	0.12983315	0.00055610255
20061	SAS	SAS	distinct_only	20000	valid	0	0.38305664	0.15108222	2.8053682e-06	0.0046490976	2.0638561e-05	0.8411768	0.61691993	0.0030919455
20061	SAS	SAS	distinct_only	20000	order_mismatch	1	2.8783225e-07	7.2921684e-06	0.9999743	0.9980307	1.4269961e-05	0.0019610527	1.1114603e-05	1.0012863e-06
20061	SAS	SAS	distinct_only	20000	sign_corruption	2	0.001506228	4.7147637e-06	0.006699545	0.36493728	0.96247154	0.6350574	0.029322574	6.4211986e-07
20061	SAS	AMR	distinct_only	20000	ld_mismatch	3	0.98798233	0.0045632054	2.6750075e-05	0.025561364	0.00033760525	0.9697371	0.011653237	0.0001383493
20061	AMR	AMR	shared_plus_specific	2000	valid	0	0.98904914	0.14627051	5.5811356e-06	3.6901532e-05	0.008611763	0.80543506	0.0023335184	0.04825748
20061	AMR	AMR	shared_plus_specific	2000	order_mismatch	1	0.0024251041	0.001409969	0.8726178	0.9297776	0.12467762	0.06851273	0.00027948592	0.0002997334
20061	AMR	AMR	shared_plus_specific	2000	sign_corruption	2	0.56578535	0.23864958	0.0002959546	0.00054681627	0.4306487	0.67549014	0.0032699537	0.08531347
20061	AMR	SAS	shared_plus_specific	2000	ld_mismatch	3	0.8337481	0.109099746	2.9847586e-06	9.2425624e-05	0.0014848919	0.8522667	0.164764	0.03854117
20061	AMR	AMR	shared_plus_specific	20000	valid	0	0.9995303	0.30235645	1.2548912e-08	2.3974479e-05	4.707694e-06	0.30646878	0.0004649573	0.39115083
20061	AMR	AMR	shared_plus_specific	20000	order_mismatch	1	9.6357195e-05	2.5523326e-05	0.99974793	0.99870527	0.00010253721	0.0012644801	5.323307e-05	4.8182415e-06
20061	AMR	AMR	shared_plus_specific	20000	sign_corruption	2	1.1992593e-05	0.00019204208	5.944372e-06	0.00022347407	0.9999648	0.99931407	1.7284736e-05	0.0002704684
20061	AMR	SAS	shared_plus_specific	20000	ld_mismatch	3	0.91671324	0.37171194	1.3215192e-08	2.4509662e-05	6.624163e-06	0.16719629	0.08328008	0.46106726
20061	AMR	AMR	distinct_only	2000	valid	0	0.5099761	0.00025473355	0.022137715	0.62872654	0.38158748	0.37101468	0.086298764	4.049671e-06
20061	AMR	AMR	distinct_only	2000	order_mismatch	1	8.957698e-08	1.7238108e-06	0.9999628	0.9984925	2.1883882e-06	0.0015055749	3.4935994e-05	1.9278728e-07
20061	AMR	AMR	distinct_only	2000	sign_corruption	2	0.006319333	1.4692166e-07	0.42977056	0.9751947	0.44860017	0.02480517	0.11530992	1.22094646e-08
20061	AMR	SAS	distinct_only	2000	ld_mismatch	3	0.31636497	0.0003489936	0.006701231	0.8568271	0.3329824	0.14281672	0.34395143	7.1665404e-06
20061	AMR	AMR	distinct_only	20000	valid	0	0.9775192	0.05021123	3.0496392e-05	0.3927372	0.00010308976	0.55551475	0.022347284	0.0015368026
20061	AMR	AMR	distinct_only	20000	order_mismatch	1	3.4151728e-07	6.424407e-06	0.9999431	0.9984143	5.6373024e-06	0.0015780615	5.0845905e-05	1.2330662e-06
20061	AMR	AMR	distinct_only	20000	sign_corruption	2	0.00018321617	1.6572943e-06	0.0043042772	0.68610746	0.9934254	0.31389067	0.002086985	2.672032e-07
20061	AMR	SAS	distinct_only	20000	ld_mismatch	3	0.93724275	0.012487754	0.00017798367	0.8450669	0.00047436348	0.1419685	0.06210488	0.0004768939
20062	SAS	SAS	shared_plus_specific	2000	valid	0	0.91272086	0.54911983	3.179397e-06	7.083722e-05	0.0001856353	0.4385195	0.087090306	0.012289828
20062	SAS	SAS	shared_plus_specific	2000	order_mismatch	1	7.8494495e-06	3.3361604e-05	0.9996186	0.99659413	0.00036849556	0.0033682382	5.1125353e-06	4.277393e-06
20062	SAS	SAS	shared_plus_specific	2000	sign_corruption	2	4.012458e-05	0.0019181326	0.0006848348	0.17085122	0.9991055	0.8270966	0.00016945541	0.00013411972
20062	SAS	AMR	shared_plus_specific	2000	ld_mismatch	3	0.9904968	0.696724	3.8432972e-07	2.2854272e-05	4.0330062e-05	0.28081632	0.009462512	0.022436818
20062	SAS	SAS	shared_plus_specific	20000	valid	0	0.7246327	0.52282447	1.2852638e-06	6.608609e-05	0.0001328552	0.38533723	0.27523327	0.091772296
20062	SAS	SAS	shared_plus_specific	20000	order_mismatch	1	2.1352034e-06	0.00022813969	0.99994963	0.99792886	4.5609908e-05	0.0018172048	2.7036665e-06	2.5815263e-05
20062	SAS	SAS	shared_plus_specific	20000	sign_corruption	2	6.9161647e-06	0.00489213	8.7849134e-05	0.22686474	0.9998688	0.7672021	3.647469e-05	0.0010410217
20062	SAS	AMR	shared_plus_specific	20000	ld_mismatch	3	0.6406417	0.56831706	4.3580644e-06	6.13363e-05	0.0004402363	0.24377713	0.3589137	0.18784449
20062	SAS	SAS	distinct_only	2000	valid	0	0.98971367	0.030011287	0.0036848087	0.78552514	0.003986535	0.17782101	0.0026149442	0.006642593
20062	SAS	SAS	distinct_only	2000	order_mismatch	1	0.00017209351	5.4291155e-05	0.99913454	0.9984359	0.00040520643	0.001495398	0.00028821066	1.4438503e-05
20062	SAS	SAS	distinct_only	2000	sign_corruption	2	0.0014955765	0.0027346713	0.29145905	0.7917348	0.7063617	0.20430377	0.0006837407	0.001226743
20062	SAS	AMR	distinct_only	2000	ld_mismatch	3	0.9889781	0.0031077573	0.0009613228	0.9176195	0.006421738	0.07846336	0.0036388505	0.0008093643
20062	SAS	SAS	distinct_only	20000	valid	0	0.99428815	0.60226876	1.6780781e-07	9.5460734e-08	4.9249084e-05	0.08952162	0.005662443	0.30820957
20062	SAS	SAS	distinct_only	20000	order_mismatch	1	3.617087e-07	2.0419362e-05	0.99998456	0.9995276	1.1321678e-05	0.00044860222	3.713101e-06	3.4602406e-06
20062	SAS	SAS	distinct_only	20000	sign_corruption	2	2.0042264e-06	0.0004245386	4.3311866e-05	0.00035509805	0.99994785	0.9988463	6.790114e-06	0.0003739625
20062	SAS	AMR	distinct_only	20000	ld_mismatch	3	0.9958141	0.48078534	1.2652245e-06	3.3976448e-07	0.0003439173	0.12758136	0.0038407703	0.39163297
20062	AMR	AMR	shared_plus_specific	2000	valid	0	0.9993677	0.7695728	4.820294e-08	0.0032707462	1.3249371e-05	0.11467339	0.00061893294	0.11248317
20062	AMR	AMR	shared_plus_specific	2000	order_mismatch	1	3.2442463e-07	0.0001065838	0.9999523	0.9985512	4.446301e-05	0.0013158288	2.897086e-06	2.6460937e-05
20062	AMR	AMR	shared_plus_specific	2000	sign_corruption	2	7.880305e-05	0.0126899425	0.00020408015	0.21323285	0.9996121	0.7695959	0.00010501241	0.0044812863
20062	AMR	SAS	shared_plus_specific	2000	ld_mismatch	3	0.44835055	0.8288246	6.587032e-06	0.0029583173	0.00221557	0.03069099	0.5494273	0.13752617
20062	AMR	AMR	shared_plus_specific	20000	valid	0	0.99673015	0.87627566	6.554772e-08	4.3811707e-07	7.63865e-06	0.039122026	0.003262167	0.0846019
20062	AMR	AMR	shared_plus_specific	20000	order_mismatch	1	2.3214793e-06	0.0006200011	0.99907035	0.9913686	0.0009240193	0.0079016	3.3903164e-06	0.0001097862
20062	AMR	AMR	shared_plus_specific	20000	sign_corruption	2	8.6921296e-05	0.037974313	5.9605652e-05	0.010083371	0.9998312	0.943396	2.223783e-05	0.0085464595
20062	AMR	SAS	shared_plus_specific	20000	ld_mismatch	3	0.4919634	0.85909355	2.374771e-07	1.5138663e-06	1.3755732e-05	0.033418465	0.5080226	0.10748646
20062	AMR	AMR	distinct_only	2000	valid	0	0.78809595	0.6283799	6.7854873e-09	1.3933302e-14	2.9279172e-06	0.006730351	0.21190111	0.3648898
20062	AMR	AMR	distinct_only	2000	order_mismatch	1	5.2524842e-06	1.4390685e-06	0.9984619	0.9999225	3.271062e-05	7.585116e-05	0.0015000594	1.921272e-07
20062	AMR	AMR	distinct_only	2000	sign_corruption	2	9.3350064e-07	0.002020524	4.4486474e-06	1.0965608e-08	0.99741894	0.99496645	0.002575629	0.003013016
20062	AMR	SAS	distinct_only	2000	ld_mismatch	3	0.06499755	0.57270676	1.5891444e-09	4.4841268e-13	9.057779e-07	0.013146239	0.93500155	0.414147
20062	AMR	AMR	distinct_only	20000	valid	0	0.99594456	0.5204633	2.1992197e-09	1.959781e-11	1.2059111e-06	0.0039986977	0.0040542525	0.47553805
20062	AMR	AMR	distinct_only	20000	order_mismatch	1	2.1863932e-05	0.00039398132	0.9998724	0.99748504	3.008896e-05	0.0020621393	7.566368e-05	5.885397e-05
20062	AMR	AMR	distinct_only	20000	sign_corruption	2	3.9849488e-07	0.0014273276	3.3068825e-06	4.0624946e-06	0.999986	0.996855	1.0233994e-05	0.00171362
20062	AMR	SAS	distinct_only	20000	ld_mismatch	3	0.14278279	0.48678508	4.240502e-09	1.3588605e-10	2.3746554e-06	0.0037571806	0.85721487	0.5094577
20063	SAS	SAS	shared_plus_specific	2000	valid	0	0.94057846	0.46789172	2.4707313e-05	0.18835361	0.0006485078	0.3266628	0.05874826	0.017091842
20063	SAS	SAS	shared_plus_specific	2000	order_mismatch	1	1.6542784e-06	0.0010018164	0.99903655	0.9733074	0.00018045196	0.025367456	0.0007813704	0.00032340985
20063	SAS	SAS	shared_plus_specific	2000	sign_corruption	2	0.0052603628	0.00060655974	0.0014852764	0.6118376	0.99235445	0.38746718	0.0008999238	8.8707246e-05
20063	SAS	AMR	shared_plus_specific	2000	ld_mismatch	3	0.95831543	0.33582792	5.7208526e-06	0.34214342	0.00042748943	0.30683005	0.04125141	0.015198603
20063	SAS	SAS	shared_plus_specific	20000	valid	0	0.9909456	0.00041904228	0.00013687712	0.99544466	0.0019559164	0.0041027507	0.00696161	3.361896e-05
20063	SAS	SAS	shared_plus_specific	20000	order_mismatch	1	7.128981e-07	2.3796205e-05	0.99997205	0.9930038	5.468122e-06	0.006968969	2.181246e-05	3.3797992e-06
20063	SAS	SAS	shared_plus_specific	20000	sign_corruption	2	0.00046994988	3.1085624e-06	0.0059355404	0.17808941	0.99326557	0.82190675	0.00032892404	7.206539e-07
20063	SAS	AMR	shared_plus_specific	20000	ld_mismatch	3	0.9875781	0.00018074946	0.0004869994	0.99166733	0.0063394546	0.008133377	0.005595468	1.8523699e-05
20063	SAS	SAS	distinct_only	2000	valid	0	0.96947557	0.0059066094	5.5763678e-05	0.07984718	0.0015432966	0.9133899	0.028925383	0.0008563194
20063	SAS	SAS	distinct_only	2000	order_mismatch	1	1.6026691e-07	1.2572488e-05	0.9994142	0.9979972	1.2068573e-05	0.0019883986	0.0005735422	1.7795618e-06
20063	SAS	SAS	distinct_only	2000	sign_corruption	2	0.00031396627	0.00028312864	0.113017686	0.74813724	0.8827265	0.25152045	0.003941828	5.9166945e-05
20063	SAS	AMR	distinct_only	2000	ld_mismatch	3	0.81886417	0.0028287435	0.03267007	0.19091326	0.09126135	0.8057834	0.057204396	0.00047464095
20063	SAS	SAS	distinct_only	20000	valid	0	0.99401426	0.685872	5.8706462e-08	4.0891815e-13	1.3783697e-05	0.018514588	0.005971892	0.29561338
20063	SAS	SAS	distinct_only	20000	order_mismatch	1	1.794784e-06	1.1269626e-06	0.9999668	0.9948998	2.1215934e-05	0.005098839	1.0187036e-05	2.2715422e-07
20063	SAS	SAS	distinct_only	20000	sign_corruption	2	1.1810622e-06	0.030946575	9.308577e-06	2.541971e-07	0.9999407	0.9458956	4.8742677e-05	0.023157531
20063	SAS	AMR	distinct_only	20000	ld_mismatch	3	0.8893569	0.63938075	2.9732587e-07	3.1234852e-15	0.0001329605	0.0019139878	0.110509895	0.35870525
20063	AMR	AMR	shared_plus_specific	2000	valid	0	0.91333157	0.2798165	0.00043784166	1.4912552e-05	0.06374697	0.56758237	0.022483593	0.15258618
20063	AMR	AMR	shared_plus_specific	2000	order_mismatch	1	9.0998043e-07	2.3507852e-07	0.9998451	0.99996793	4.257157e-05	3.1837135e-05	0.00011142352	2.7640978e-08
20063	AMR	AMR	shared_plus_specific	2000	sign_corruption	2	2.92176e-06	0.010110414	0.00018684902	0.004428007	0.99975973	0.98024243	5.051667e-05	0.0052191885
20063	AMR	SAS	shared_plus_specific	2000	ld_mismatch	3	0.04857609	0.3721755	5.6062963e-06	2.5601721e-05	0.00031957042	0.25583604	0.95109874	0.37196288
20063	AMR	AMR	shared_plus_specific	20000	valid	0	0.94633466	0.38561094	9.0028525e-06	1.7339838e-05	0.0004931882	0.40278482	0.05316317	0.21158692
20063	AMR	AMR	shared_plus_specific	20000	order_mismatch	1	1.5289148e-06	3.6255702e-07	0.9999232	0.9999417	2.4638835e-05	5.788934e-05	5.0613035e-05	3.9302105e-08
20063	AMR	AMR	shared_plus_specific	20000	sign_corruption	2	7.783791e-05	0.00033532456	0.0002649482	0.0018682437	0.99915045	0.99752575	0.00050675427	0.00027061772
20063	AMR	SAS	shared_plus_specific	20000	ld_mismatch	3	0.6359869	0.42144245	2.6397395e-06	2.1671456e-05	0.00013116575	0.22349098	0.36387923	0.35504484
20063	AMR	AMR	distinct_only	2000	valid	0	0.94039553	0.68336	5.612345e-07	3.5236508e-17	0.00013807422	0.0009977341	0.059465826	0.31564227
20063	AMR	AMR	distinct_only	2000	order_mismatch	1	0.00014428621	3.7670736e-07	0.9991336	0.99938464	0.00012965083	0.0006149216	0.0005924462	4.505646e-08
20063	AMR	AMR	distinct_only	2000	sign_corruption	2	1.3020976e-06	0.07559013	1.2927275e-05	6.9131607e-09	0.9999692	0.8554954	1.6537819e-05	0.068914466
20063	AMR	SAS	distinct_only	2000	ld_mismatch	3	0.4682254	0.6224694	4.4160333e-07	6.3106017e-15	0.00014894668	0.0035462496	0.5316252	0.37398434
20063	AMR	AMR	distinct_only	20000	valid	0	0.88209325	0.6823323	6.244192e-08	2.3750198e-18	6.290363e-05	0.006459699	0.11784372	0.311208
20063	AMR	AMR	distinct_only	20000	order_mismatch	1	4.1070007e-06	4.681542e-08	0.9996529	0.9993356	7.949063e-06	0.0006643586	0.00033500223	4.7484834e-09
20063	AMR	AMR	distinct_only	20000	sign_corruption	2	1.5151762e-06	0.00094579696	3.2854562e-06	2.9232264e-10	0.99998385	0.9978967	1.136282e-05	0.0011574639
20063	AMR	SAS	distinct_only	20000	ld_mismatch	3	0.4798217	0.51630765	1.8439804e-08	1.2231524e-15	5.3003725e-05	0.033606023	0.5201253	0.45008636
20064	SAS	SAS	shared_plus_specific	2000	valid	0	0.9932433	0.16601953	6.581448e-08	0.053748433	2.6982532e-05	0.6168849	0.006729635	0.16334723
20064	SAS	SAS	shared_plus_specific	2000	order_mismatch	1	3.399228e-06	2.0937534e-05	0.9997321	0.99996054	2.2734486e-05	9.485035e-06	0.00024176593	8.955695e-06
20064	SAS	SAS	shared_plus_specific	2000	sign_corruption	2	3.6748403e-05	0.006940966	3.4419256e-05	0.8119318	0.99964505	0.17362176	0.00028361808	0.007505447
20064	SAS	AMR	shared_plus_specific	2000	ld_mismatch	3	0.9938283	0.10437647	7.4256313e-06	0.040842082	0.005270712	0.7261729	0.00089354644	0.12860858
20064	SAS	SAS	shared_plus_specific	20000	valid	0	0.8312535	0.0071220035	0.0010672043	0.80119455	0.0024019943	0.19131765	0.16527729	0.0003658239
20064	SAS	SAS	shared_plus_specific	20000	order_mismatch	1	4.1311e-07	7.811612e-07	0.99994284	0.99769235	9.198796e-06	0.002306773	4.7572394e-05	1.0204682e-07
20064	SAS	SAS	shared_plus_specific	20000	sign_corruption	2	0.006030433	6.3111884e-06	0.08862436	0.7163532	0.8934431	0.2836392	0.011902067	1.2520351e-06
20064	SAS	AMR	shared_plus_specific	20000	ld_mismatch	3	0.9188991	0.00019228391	0.0035801763	0.82193935	0.01443214	0.17785563	0.063088596	1.27e-05
20064	SAS	SAS	distinct_only	2000	valid	0	0.72209936	0.6026304	4.048165e-06	7.258228e-14	0.016166428	0.022362564	0.26173013	0.37500697
20064	SAS	SAS	distinct_only	2000	order_mismatch	1	6.8795707e-06	3.0497806e-06	0.99996394	0.9989691	2.5714928e-05	0.001027442	3.5556957e-06	3.976372e-07
20064	SAS	SAS	distinct_only	2000	sign_corruption	2	2.361657e-06	0.18776833	2.7574342e-05	2.372887e-08	0.9999345	0.6762407	3.5543173e-05	0.13599104
20064	SAS	AMR	distinct_only	2000	ld_mismatch	3	0.25395378	0.6033575	8.589478e-06	7.31573e-14	0.12160634	0.03641039	0.6244312	0.3602321
20064	SAS	SAS	distinct_only	20000	valid	0	0.9617756	1.10803455e-08	0.0045536743	0.009696002	0.013588057	0.99030405	0.020082612	3.4326753e-09
20064	SAS	SAS	distinct_only	20000	order_mismatch	1	9.727931e-06	1.3828878e-07	0.9996645	0.038234178	5.2412146e-05	0.9617656	0.0002734376	8.0480945e-08
20064	SAS	SAS	distinct_only	20000	sign_corruption	2	0.30305448	1.0516236e-07	0.32632905	0.12166665	0.06372013	0.8783333	0.3068963	3.1167776e-08
20064	SAS	AMR	distinct_only	20000	ld_mismatch	3	0.97826475	7.87895e-09	0.00029114968	0.007257914	0.01175684	0.99274206	0.009687274	2.1547206e-09
20064	AMR	AMR	shared_plus_specific	2000	valid	0	0.97846365	0.43330595	8.64277e-08	1.4953015e-05	1.9727799e-05	0.3305447	0.021516522	0.23613441
20064	AMR	AMR	shared_plus_specific	2000	order_mismatch	1	2.1821632e-05	0.0005039902	0.7024565	0.98491436	0.17041428	0.01444499	0.12710737	0.00013667584
20064	AMR	AMR	shared_plus_specific	2000	sign_corruption	2	0.0001789158	0.0018555538	2.9909866e-05	0.0016896807	0.9986923	0.9951108	0.0010989679	0.0013438679
20064	AMR	SAS	shared_plus_specific	2000	ld_mismatch	3	0.92080134	0.51522374	8.022386e-07	6.0443836e-05	0.00014321401	0.1812045	0.07905465	0.30351132
20064	AMR	AMR	shared_plus_specific	20000	valid	0	0.9107873	0.002543859	0.00015402147	0.94559383	0.00088715204	0.051608298	0.08817155	0.0002539621
20064	AMR	AMR	shared_plus_specific	20000	order_mismatch	1	1.185714e-07	5.965557e-07	0.99978906	0.99727625	2.1532612e-06	0.0027230156	0.00020863501	8.612159e-08
20064	AMR	AMR	shared_plus_specific	20000	sign_corruption	2	0.004120691	2.8898169e-06	0.29844376	0.44288328	0.6545456	0.5571132	0.042889982	6.808332e-07
20064	AMR	SAS	shared_plus_specific	20000	ld_mismatch	3	0.91068906	0.0017154157	0.009473821	0.98626536	0.009929827	0.011773536	0.0699073	0.00024569323
20064	AMR	AMR	distinct_only	2000	valid	0	0.6076644	4.8499146e-07	0.001697386	0.14537048	0.17880337	0.854629	0.21183485	1.4688996e-07
20064	AMR	AMR	distinct_only	2000	order_mismatch	1	0.00016375037	9.886051e-08	0.99870354	0.8051218	0.0002609	0.19487815	0.00087182666	2.8422235e-08
20064	AMR	AMR	distinct_only	2000	sign_corruption	2	0.14843972	7.635111e-07	0.015045288	0.46362036	0.6648331	0.5363787	0.17168182	2.1162907e-07
20064	AMR	SAS	distinct_only	2000	ld_mismatch	3	0.26073477	2.4744527e-06	0.21398835	0.6008937	0.11301277	0.3991027	0.41226408	1.1186211e-06
20064	AMR	AMR	distinct_only	20000	valid	0	0.99316007	0.00013541646	3.1330726e-06	1.0501741e-08	0.0037009176	0.99972373	0.0031357957	0.00014091455
20064	AMR	AMR	distinct_only	20000	order_mismatch	1	1.7881304e-05	3.3025614e-08	0.99894494	0.94573087	2.8986868e-05	0.05426917	0.0010082667	8.253247e-09
20064	AMR	AMR	distinct_only	20000	sign_corruption	2	0.009114501	1.6089518e-06	0.0010057832	1.3008227e-05	0.9882783	0.9999838	0.0016013785	1.5622404e-06
20064	AMR	SAS	distinct_only	20000	ld_mismatch	3	0.7509381	0.00019541396	0.00025909452	7.0676845e-07	0.06064865	0.99948764	0.1881541	0.00031622135
20065	SAS	SAS	shared_plus_specific	2000	valid	0	0.9885964	0.6152115	6.6941475e-08	2.8366593e-14	1.3777372e-05	0.025992282	0.011389858	0.35879627
20065	SAS	SAS	shared_plus_specific	2000	order_mismatch	1	1.217123e-06	1.2942207e-05	0.99997205	0.99303836	2.2651931e-05	0.0069467635	4.0879695e-06	2.0393722e-06
20065	SAS	SAS	shared_plus_specific	2000	sign_corruption	2	3.063849e-07	0.12906079	6.0664984e-06	2.4958293e-08	0.9999841	0.7796197	9.452758e-06	0.09131948
20065	SAS	AMR	shared_plus_specific	2000	ld_mismatch	3	0.9583757	0.6421397	6.099246e-07	2.076878e-14	9.019045e-05	0.032108575	0.0415335	0.32575184
20065	SAS	SAS	shared_plus_specific	20000	valid	0	0.99358505	0.63090634	3.728154e-08	5.406663e-18	1.999677e-05	0.012448269	0.0063949954	0.3566454
20065	SAS	SAS	shared_plus_specific	20000	order_mismatch	1	7.3790125e-07	3.8465103e-07	0.9999911	0.99807346	3.8439107e-06	0.0019262097	4.329103e-06	5.418986e-08
20065	SAS	SAS	shared_plus_specific	20000	sign_corruption	2	1.5817528e-06	0.010971184	1.6479622e-05	9.237398e-08	0.99997735	0.97925603	4.5799225e-06	0.009772697
20065	SAS	AMR	shared_plus_specific	20000	ld_mismatch	3	0.5510569	0.58444494	4.2825832e-07	8.295007e-18	0.00020467296	0.024821822	0.44873798	0.39073324
20065	SAS	SAS	distinct_only	2000	valid	0	0.95237327	0.6112405	2.0639573e-07	1.0440507e-13	2.285179e-05	0.010592603	0.047603685	0.37816688
20065	SAS	SAS	distinct_only	2000	order_mismatch	1	1.3641357e-05	5.8194007e-07	0.99994344	0.99810106	3.042332e-05	0.0018982409	1.2546541e-05	8.9482874e-08
20065	SAS	SAS	distinct_only	2000	sign_corruption	2	2.8568481e-06	0.3983609	2.348577e-05	3.3044047e-09	0.99995375	0.32751122	1.9880154e-05	0.2741279
20065	SAS	AMR	distinct_only	2000	ld_mismatch	3	0.715146	0.6674201	1.6728836e-05	4.955741e-16	0.009202204	0.0032937536	0.27563506	0.3292862
20065	SAS	SAS	distinct_only	20000	valid	0	0.99951345	0.7118542	5.148208e-08	7.3033975e-12	1.4008964e-05	0.032834675	0.00047243343	0.2553111
20065	SAS	SAS	distinct_only	20000	order_mismatch	1	1.0787618e-06	9.582046e-08	0.999975	0.9996567	8.216328e-06	0.00034315925	1.5691514e-05	1.297452e-08
20065	SAS	SAS	distinct_only	20000	sign_corruption	2	5.7081415e-06	0.0019771806	1.8451445e-05	3.3849253e-06	0.9999582	0.99646556	1.7703393e-05	0.0015538706
20065	SAS	AMR	distinct_only	20000	ld_mismatch	3	0.974696	0.6610318	5.2296167e-07	4.762655e-14	0.00040206139	0.003333749	0.024901425	0.33563447
20065	AMR	AMR	shared_plus_specific	2000	valid	0	0.9785366	0.6036604	1.08906235e-08	1.4120092e-17	1.015625e-05	0.0011107196	0.021453286	0.39522886
20065	AMR	AMR	shared_plus_specific	2000	order_mismatch	1	4.287651e-06	1.2240839e-06	0.99992055	0.999094	2.8149727e-05	0.0009045777	4.705552e-05	2.650384e-07
20065	AMR	AMR	shared_plus_specific	2000	sign_corruption	2	5.7165817e-06	0.18563095	4.6056043e-06	1.745135e-09	0.99990577	0.63086146	8.390545e-05	0.18350756
20065	AMR	SAS	shared_plus_specific	2000	ld_mismatch	3	0.36133596	0.54343647	5.7294334e-09	2.2522302e-17	5.46594e-06	0.00093685894	0.6386585	0.4556266
20065	AMR	AMR	shared_plus_specific	20000	valid	0	0.79424924	0.62882185	3.0047357e-07	2.480139e-17	6.193658e-05	0.010996128	0.20568855	0.36018196
20065	AMR	AMR	shared_plus_specific	20000	order_mismatch	1	1.4055003e-06	9.9827965e-08	0.99997586	0.99929476	6.3660996e-06	0.0007051561	1.645243e-05	1.3075211e-08
20065	AMR	AMR	shared_plus_specific	20000	sign_corruption	2	1.2653954e-06	0.004846457	2.2076672e-05	7.951125e-07	0.9999396	0.9907584	3.6996396e-05	0.0043943403
20065	AMR	SAS	shared_plus_specific	20000	ld_mismatch	3	0.88705796	0.61868924	5.0802168e-08	7.268223e-17	1.859074e-05	0.0065964255	0.112923436	0.37471437
20065	AMR	AMR	distinct_only	2000	valid	0	0.7832764	0.68826187	1.3814928e-06	1.4069951e-11	0.0025208318	0.017602947	0.2142014	0.29413512
20065	AMR	AMR	distinct_only	2000	order_mismatch	1	3.540699e-06	1.9089873e-07	0.9964764	0.9997613	7.158469e-05	0.00023850412	0.0034484311	3.6103312e-08
20065	AMR	AMR	distinct_only	2000	sign_corruption	2	1.3188384e-06	0.06431825	1.4097401e-05	3.2960328e-05	0.9999489	0.89325875	3.567964e-05	0.042390116
20065	AMR	SAS	distinct_only	2000	ld_mismatch	3	0.96478397	0.6359799	3.4167194e-06	6.7614256e-09	0.031474125	0.1446915	0.0037385335	0.21932867
20065	AMR	AMR	distinct_only	20000	valid	0	0.99925953	0.82198566	5.932866e-07	6.5289484e-13	9.006267e-05	0.01836438	0.0006498082	0.15964991
20065	AMR	AMR	distinct_only	20000	order_mismatch	1	0.00016051876	1.6908496e-07	0.99921757	0.9997334	0.00036802617	0.0002664461	0.00025397856	3.0298498e-08
20065	AMR	AMR	distinct_only	20000	sign_corruption	2	1.6885593e-05	0.010576395	4.128354e-05	3.530954e-07	0.99991864	0.98469627	2.323158e-05	0.0047270283
20065	AMR	SAS	distinct_only	20000	ld_mismatch	3	0.8336096	0.68892133	1.161612e-06	1.1482801e-10	8.5696134e-05	0.050169013	0.16630352	0.26090962
20066	SAS	SAS	shared_plus_specific	2000	valid	0	0.8775566	0.8506026	1.01809455e-07	2.7872516e-16	7.4811556e-05	0.00044089791	0.122368455	0.14895655
20066	SAS	SAS	shared_plus_specific	2000	order_mismatch	1	1.1568242e-06	0.00035054653	0.99995184	0.99949706	2.5705565e-05	0.000116288065	2.129582e-05	3.6134847e-05
20066	SAS	SAS	shared_plus_specific	2000	sign_corruption	2	0.00017462956	0.38042566	5.346109e-05	5.4170563e-08	0.9993685	0.4848755	0.00040342388	0.13469876
20066	SAS	AMR	shared_plus_specific	2000	ld_mismatch	3	0.7591517	0.7627273	4.4927208e-07	1.4731209e-14	0.0008132695	0.0035724537	0.24003457	0.23370023
20066	SAS	SAS	shared_plus_specific	20000	valid	0	0.9225866	0.74067485	1.2189035e-09	4.592856e-15	9.790181e-07	0.0005303202	0.07741242	0.25879487
20066	SAS	SAS	shared_plus_specific	20000	order_mismatch	1	1.1540633e-06	1.4617673e-05	0.9999652	0.999928	3.1226715e-05	5.6347846e-05	2.4561675e-06	9.4205365e-07
20066	SAS	SAS	shared_plus_specific	20000	sign_corruption	2	6.453776e-07	0.0032009	4.4276912e-06	5.3307544e-06	0.9999902	0.9948184	4.6793566e-06	0.0019754083
20066	SAS	AMR	shared_plus_specific	20000	ld_mismatch	3	0.9925539	0.5368577	4.4997153e-09	9.333113e-15	1.3240204e-06	0.0009987009	0.0074448152	0.46214354
20066	SAS	SAS	distinct_only	2000	valid	0	0.9792063	0.27443853	1.3459498e-07	1.0524544e-05	8.746159e-05	0.595552	0.020706102	0.12999894
20066	SAS	SAS	distinct_only	2000	order_mismatch	1	1.2357308e-05	1.4917908e-06	0.9995761	0.99869233	0.00040179642	0.0013058842	9.719289e-06	1.996196e-07
20066	SAS	SAS	distinct_only	2000	sign_corruption	2	8.13177e-06	0.00013919207	4.7323218e-05	0.009037293	0.99994206	0.9907561	2.4492167e-06	6.7462664e-05
20066	SAS	AMR	distinct_only	2000	ld_mismatch	3	0.9981039	0.050759315	2.108864e-07	3.6075453e-05	7.147828e-05	0.89923304	0.00182433	0.04997152
20066	SAS	SAS	distinct_only	20000	valid	0	0.9924078	0.50347215	3.6405077e-09	7.2212597e-10	1.8704068e-06	0.023740355	0.007590348	0.4727875
20066	SAS	SAS	distinct_only	20000	order_mismatch	1	2.5611005e-06	2.4040135e-05	0.99991935	0.9992643	7.332341e-05	0.0007085455	4.783697e-06	3.083647e-06
20066	SAS	SAS	distinct_only	20000	sign_corruption	2	7.4074574e-06	0.0021708156	6.7832657e-06	1.0468974e-05	0.9999811	0.9947931	4.769127e-06	0.0030255334
20066	SAS	AMR	distinct_only	20000	ld_mismatch	3	0.99863964	0.2884627	1.1637357e-08	8.938968e-09	2.8473303e-06	0.072301775	0.0013575148	0.63923556
20066	AMR	AMR	shared_plus_specific	2000	valid	0	0.99975866	0.71751636	6.544235e-08	2.8264658e-08	6.075019e-05	0.037185922	0.0001805992	0.24529769
20066	AMR	AMR	shared_plus_specific	2000	order_mismatch	1	3.1237672e-05	0.00078567816	0.9992066	0.99112904	0.00075907353	0.007971604	3.0655194e-06	0.00011360509
20066	AMR	AMR	shared_plus_specific	2000	sign_corruption	2	1.36400095e-05	0.0067119724	2.7058277e-05	7.01691e-05	0.9999568	0.9884	2.5515594e-06	0.004817906
20066	AMR	SAS	shared_plus_specific	2000	ld_mismatch	3	0.47358194	0.7147768	1.07778355e-07	8.839797e-08	7.894406e-05	0.023443244	0.526339	0.26177984
20066	AMR	AMR	shared_plus_specific	20000	valid	0	0.9999681	0.6619298	1.4803669e-09	1.5979652e-11	5.682476e-07	0.005859509	3.1292977e-05	0.33221072
20066	AMR	AMR	shared_plus_specific	20000	order_mismatch	1	1.9596182e-05	4.8753824e-05	0.9999301	0.99926525	4.8721384e-05	0.0006801739	1.6481014e-06	5.821848e-06
20066	AMR	AMR	shared_plus_specific	20000	sign_corruption	2	2.0380097e-05	0.0069247987	3.178908e-05	1.6006305e-05	0.99993974	0.9879354	8.067183e-06	0.0051236944
20066	AMR	SAS	shared_plus_specific	20000	ld_mismatch	3	0.95554143	0.61176324	6.164051e-09	1.3549671e-11	3.2987973e-06	0.0013178865	0.044455227	0.38691884
20066	AMR	AMR	distinct_only	2000	valid	0	0.9991307	0.028382363	3.3230342e-07	0.49195084	1.1043087e-05	0.47546542	0.0008578433	0.004201382
20066	AMR	AMR	distinct_only	2000	order_mismatch	1	5.218139e-06	6.4012335e-07	0.99991584	0.9997981	4.29239e-05	0.00020113784	3.5982073e-05	7.308364e-08
20066	AMR	AMR	distinct_only	2000	sign_corruption	2	6.9950176e-05	1.8747893e-05	0.00044260008	0.8823461	0.99911183	0.11763133	0.00037562288	3.85864e-06
20066	AMR	SAS	distinct_only	2000	ld_mismatch	3	0.4962245	0.010573128	5.6091507e-05	0.91587096	0.0007334868	0.071469136	0.5029859	0.0020867263
20066	AMR	AMR	distinct_only	20000	valid	0	0.9997503	0.49344355	2.1159325e-09	2.11027e-11	9.817421e-07	0.0029507107	0.00024875576	0.5036057
20066	AMR	AMR	distinct_only	20000	order_mismatch	1	0.00023726509	7.376389e-05	0.9995747	0.9994972	0.00015435876	0.000420469	3.360256e-05	8.5245765e-06
20066	AMR	AMR	distinct_only	20000	sign_corruption	2	7.31472e-07	0.005204344	2.8773056e-06	3.2535927e-06	0.9999916	0.9888466	4.8037564e-06	0.0059458124
20066	AMR	SAS	distinct_only	20000	ld_mismatch	3	0.16951124	0.44240454	2.1833785e-08	9.985958e-10	8.5105685e-06	0.010222919	0.8304803	0.5473725
20067	SAS	SAS	shared_plus_specific	2000	valid	0	0.997277	0.1287448	2.0270492e-07	0.004228571	1.2881578e-05	0.751455	0.002709931	0.11557167
20067	SAS	SAS	shared_plus_specific	2000	order_mismatch	1	4.2596093e-07	1.6123558e-05	0.99996537	0.99984896	2.6921685e-05	0.00013079395	7.2553007e-06	4.179679e-06
20067	SAS	SAS	shared_plus_specific	2000	sign_corruption	2	1.2619174e-05	0.004268008	8.580379e-05	0.083569795	0.9998861	0.9087759	1.5452726e-05	0.0033861648
20067	SAS	AMR	shared_plus_specific	2000	ld_mismatch	3	0.99181366	0.09121619	1.2040576e-05	0.009178073	0.0020775648	0.7927512	0.0060967426	0.10685447
20067	SAS	SAS	shared_plus_specific	20000	valid	0	0.9988244	0.032127034	1.8801711e-06	0.6354861	4.2042728e-05	0.3271498	0.0011317421	0.005236966
20067	SAS	SAS	shared_plus_specific	20000	order_mismatch	1	5.0790766e-07	3.923795e-06	0.9999709	0.9950546	7.4323725e-06	0.0049403654	2.1194086e-05	1.0251957e-06
20067	SAS	SAS	shared_plus_specific	20000	sign_corruption	2	0.00034822218	6.725746e-05	0.0013137748	0.5556385	0.99810195	0.44427451	0.00023605098	1.9745652e-05
20067	SAS	AMR	shared_plus_specific	20000	ld_mismatch	3	0.998349	0.003702128	3.6013416e-06	0.6078895	0.00016663202	0.38751704	0.0014807585	0.0008913034
20067	SAS	SAS	distinct_only	2000	valid	0	0.7174304	0.7456794	4.3794967e-07	1.27443e-07	0.00010895452	0.00747301	0.28246012	0.2468475
20067	SAS	SAS	distinct_only	2000	order_mismatch	1	1.8457058e-06	0.00021985456	0.9999526	0.99966836	1.7775168e-05	5.2003455e-05	2.776942e-05	5.9814465e-05
20067	SAS	SAS	distinct_only	2000	sign_corruption	2	2.8816043e-05	0.18322726	4.1731055e-05	0.0024855128	0.9998805	0.6819726	4.8996673e-05	0.13231461
20067	SAS	AMR	distinct_only	2000	ld_mismatch	3	0.37939703	0.65481895	5.0794466e-08	2.881942e-08	2.8337206e-05	0.012769038	0.62057465	0.33241194
20067	SAS	SAS	distinct_only	20000	valid	0	0.9784639	0.0005160797	0.0009871719	0.54069304	0.008157125	0.45869613	0.012391701	9.4770665e-05
20067	SAS	SAS	distinct_only	20000	order_mismatch	1	1.369299e-06	1.4725094e-06	0.9999688	0.9830147	2.0775338e-05	0.016983494	9.00351e-06	2.6178307e-07
20067	SAS	SAS	distinct_only	20000	sign_corruption	2	0.0005901731	4.707049e-06	0.24031715	0.3717551	0.75902367	0.62823904	6.899586e-05	1.1877077e-06
20067	SAS	AMR	distinct_only	20000	ld_mismatch	3	0.818255	4.7002326e-05	0.0019092266	0.62081194	0.027535014	0.37913048	0.15230079	1.0634784e-05
20067	AMR	AMR	shared_plus_specific	2000	valid	0	0.9994137	0.43859142	5.355169e-07	0.00010237545	0.00015744222	0.14154434	0.00042827506	0.41976184
20067	AMR	AMR	shared_plus_specific	2000	order_mismatch	1	7.751333e-06	0.00015277546	0.9998865	0.998816	8.622322e-05	0.0009901522	1.945533e-05	4.1070285e-05
20067	AMR	AMR	shared_plus_specific	2000	sign_corruption	2	0.0005178533	0.12825657	0.00028577153	0.014198901	0.9990754	0.738426	0.00012096305	0.11911851
20067	AMR	SAS	shared_plus_specific	2000	ld_mismatch	3	0.8707939	0.40859595	3.0293088e-06	0.0014778196	0.00088725466	0.20938466	0.12831582	0.38054153
20067	AMR	AMR	shared_plus_specific	20000	valid	0	0.9922932	0.34957778	1.2206677e-07	5.1979466e-08	2.5650008e-05	0.3394788	0.007681049	0.31094337
20067	AMR	AMR	shared_plus_specific	20000	order_mismatch	1	7.589993e-07	1.2526355e-06	0.99960786	0.9998709	2.9749286e-05	0.00012761058	0.00036161815	1.3619051e-07
20067	AMR	AMR	shared_plus_specific	20000	sign_corruption	2	1.8513245e-05	0.0017856911	4.108807e-05	0.00052742456	0.9998744	0.9964455	6.599238e-05	0.0012413961
20067	AMR	SAS	shared_plus_specific	20000	ld_mismatch	3	0.99214524	0.2226348	2.3407987e-08	1.7470894e-07	5.3098343e-06	0.5509158	0.007849366	0.2264492
20067	AMR	AMR	distinct_only	2000	valid	0	0.73893356	0.18896791	7.1444985e-05	6.197068e-05	0.0014402731	0.7546195	0.25955465	0.056350652
20067	AMR	AMR	distinct_only	2000	order_mismatch	1	5.8060305e-06	1.8933903e-07	0.9944908	0.9981756	0.00050382793	0.0018241644	0.004999639	1.8704512e-08
20067	AMR	AMR	distinct_only	2000	sign_corruption	2	2.482076e-05	0.00037951826	0.14557295	0.10692241	0.81945163	0.8925837	0.034950614	0.00011435585
20067	AMR	SAS	distinct_only	2000	ld_mismatch	3	0.5170486	0.33368966	5.362286e-06	0.00029081164	0.00018148805	0.53296864	0.48276457	0.1330509
20067	AMR	AMR	distinct_only	20000	valid	0	0.9570438	0.0004672273	0.00038862132	0.56790054	0.0027023496	0.43161607	0.039865267	1.6081125e-05
20067	AMR	AMR	distinct_only	20000	order_mismatch	1	4.815654e-07	2.0320593e-05	0.99935657	0.990777	1.4062341e-05	0.009198571	0.0006289489	4.032757e-06
20067	AMR	AMR	distinct_only	20000	sign_corruption	2	0.00011375294	6.471924e-07	0.08406112	0.971714	0.91116184	0.028285218	0.0046632863	6.18351e-08
20067	AMR	SAS	distinct_only	20000	ld_mismatch	3	0.9022479	2.1234655e-05	0.012477274	0.99505913	0.06339554	0.0049185534	0.021879261	1.0703122e-06
20068	SAS	SAS	shared_plus_specific	2000	valid	0	0.71775323	0.23400384	0.0002856228	0.00023653595	0.06679334	0.44517052	0.21516776	0.32058907
20068	SAS	SAS	shared_plus_specific	2000	order_mismatch	1	9.971604e-05	0.00014301915	0.9971223	0.9897488	0.0023003875	0.010057032	0.00047757002	5.11962e-05
20068	SAS	SAS	shared_plus_specific	2000	sign_corruption	2	2.9424918e-05	0.038063634	0.015209281	0.023338763	0.98332673	0.8996868	0.0014345461	0.03891074
20068	SAS	AMR	shared_plus_specific	2000	ld_mismatch	3	0.72167665	0.3353327	1.9791999e-06	5.926463e-06	0.00013569355	0.12849306	0.27818564	0.53616834
20068	SAS	SAS	shared_plus_specific	20000	valid	0	0.9918444	0.2908107	4.5875673e-05	0.3932482	0.0008817634	0.26701906	0.00722798	0.04892199
20068	SAS	SAS	shared_plus_specific	20000	order_mismatch	1	7.934167e-06	0.0022441682	0.99786514	0.98120534	0.0020354853	0.016079484	9.1404276e-05	0.00047103286
20068	SAS	SAS	shared_plus_specific	20000	sign_corruption	2	0.0001298342	0.0010841024	0.06905967	0.91951585	0.93076915	0.079070374	4.1343777e-05	0.00032977207
20068	SAS	AMR	shared_plus_specific	20000	ld_mismatch	3	0.97597003	0.46679938	3.4076876e-07	0.00031105193	3.173672e-05	0.42864165	0.02399794	0.10424783
20068	SAS	SAS	distinct_only	2000	valid	0	0.64838886	4.1122635e-06	0.00023407281	0.9994679	0.00059887953	0.00052773155	0.3507782	2.2729152e-07
20068	SAS	SAS	distinct_only	2000	order_mismatch	1	6.3227077e-07	7.133237e-07	0.9992277	0.99913186	8.309068e-06	0.0008673218	0.000763346	1.3821224e-07
20068	SAS	SAS	distinct_only	2000	sign_corruption	2	0.015029949	5.0354558e-08	0.18804438	0.9850483	0.72780174	0.014951763	0.069123924	1.2819592e-08
20068	SAS	AMR	distinct_only	2000	ld_mismatch	3	0.85750383	5.388867e-07	0.004081353	0.9995053	0.0066233934	0.0004940646	0.13179147	3.9101057e-08
20068	SAS	SAS	distinct_only	20000	valid	0	0.775268	1.4635771e-05	0.00035560838	0.9981839	0.00061435206	0.0018013521	0.22376204	1.7661468e-07
20068	SAS	SAS	distinct_only	20000	order_mismatch	1	2.4529174e-07	1.9004786e-07	0.9999604	0.99889475	7.676484e-06	0.0011050616	3.1721465e-05	2.0970989e-08
20068	SAS	SAS	distinct_only	20000	sign_corruption	2	0.0040200846	1.4090903e-08	0.5104107	0.9936283	0.43599677	0.0063716588	0.049572367	1.3108256e-09
20068	SAS	AMR	distinct_only	20000	ld_mismatch	3	0.8795743	1.8018479e-06	0.0033311378	0.99861634	0.00823547	0.0013818574	0.10885913	5.790716e-08
20068	AMR	AMR	shared_plus_specific	2000	valid	0	0.92938775	0.5258358	2.1064473e-06	1.818239e-06	0.0003496839	0.16128756	0.070260495	0.31287482
20068	AMR	AMR	shared_plus_specific	2000	order_mismatch	1	2.5883317e-05	0.0065225246	0.9647998	0.7933174	0.017230392	0.19695921	0.017943887	0.0032008686
20068	AMR	AMR	shared_plus_specific	2000	sign_corruption	2	0.00066913554	0.024889015	0.0009563368	0.003410072	0.9950816	0.95188206	0.0032929366	0.019818898
20068	AMR	SAS	shared_plus_specific	2000	ld_mismatch	3	0.41716778	0.22799401	0.0037033285	0.025550347	0.0042629167	0.5151209	0.574866	0.23133475
20068	AMR	AMR	shared_plus_specific	20000	valid	0	0.99890834	0.5140568	8.6059675e-09	3.85285e-11	1.7035602e-05	0.075297415	0.0010745762	0.4106458
20068	AMR	AMR	shared_plus_specific	20000	order_mismatch	1	9.31232e-05	0.001782838	0.9988339	0.99635315	0.0010582175	0.0016046376	1.4701363e-05	0.00025937255
20068	AMR	AMR	shared_plus_specific	20000	sign_corruption	2	1.22169995e-05	0.09464048	3.9428746e-06	7.764692e-06	0.9999542	0.8385556	2.9658268e-05	0.06679616
20068	AMR	SAS	shared_plus_specific	20000	ld_mismatch	3	0.74781346	0.43584827	4.2208293e-07	1.825972e-06	0.00012013611	0.034759138	0.2520659	0.5293908
20068	AMR	AMR	distinct_only	2000	valid	0	0.5787887	0.683347	0.00041016727	4.7860076e-06	0.0580046	0.20891024	0.36279655	0.10773798
20068	AMR	AMR	distinct_only	2000	order_mismatch	1	1.1215659e-06	0.00013202209	0.9999573	0.99933594	2.9134368e-05	0.00048623522	1.2447073e-05	4.5738834e-05
20068	AMR	AMR	distinct_only	2000	sign_corruption	2	0.0011538576	0.037961386	0.0004069096	0.02302134	0.9852095	0.92765284	0.013229738	0.011364495
20068	AMR	SAS	distinct_only	2000	ld_mismatch	3	0.42997494	0.784753	2.7314696e-05	0.00072291074	0.002917815	0.07357653	0.5670799	0.14094754
20068	AMR	AMR	distinct_only	20000	valid	0	0.99883956	0.1566223	4.484143e-06	0.60238296	0.00018064897	0.2204127	0.0009753669	0.020582078
20068	AMR	AMR	distinct_only	20000	order_mismatch	1	2.9130235e-06	7.25358e-06	0.99994564	0.9997477	1.6404325e-05	0.00024341885	3.50465e-05	1.6551177e-06
20068	AMR	AMR	distinct_only	20000	sign_corruption	2	0.0007196243	4.7772734e-05	0.00049687875	0.274603	0.9929556	0.7253237	0.005827887	2.5501009e-05
20068	AMR	SAS	distinct_only	20000	ld_mismatch	3	0.9392218	0.012886797	1.4887691e-05	0.9559372	0.00022446341	0.028862495	0.060538884	0.0023135906
20069	SAS	SAS	shared_plus_specific	2000	valid	0	0.9186447	0.31685683	7.1249437e-09	1.9413526e-06	4.6934438e-06	0.05765324	0.0813506	0.625488
20069	SAS	SAS	shared_plus_specific	2000	order_mismatch	1	6.575827e-06	0.0002720553	0.99970645	0.9986066	0.00026867905	0.0010627273	1.8371102e-05	5.8706108e-05
20069	SAS	SAS	shared_plus_specific	2000	sign_corruption	2	2.5452087e-05	0.033811554	1.8848268e-05	0.0040756622	0.9997096	0.9188455	0.00024608747	0.043267235
20069	SAS	AMR	shared_plus_specific	2000	ld_mismatch	3	0.7833435	0.27555612	3.6957047e-08	1.7301743e-06	5.9811515e-05	0.07880854	0.21659671	0.64563364
20069	SAS	SAS	shared_plus_specific	20000	valid	0	0.94183636	0.4953973	3.3462557e-06	0.0004946157	0.0001425214	0.20888956	0.05801777	0.29521862
20069	SAS	SAS	shared_plus_specific	20000	order_mismatch	1	5.514092e-07	0.00020758333	0.9996743	0.9870968	0.00031709258	0.012664828	8.0011205e-06	3.0771436e-05
20069	SAS	SAS	shared_plus_specific	20000	sign_corruption	2	5.2823405e-05	0.057557393	0.0036021925	0.16942255	0.99607307	0.74740994	0.00027196732	0.025610084
20069	SAS	AMR	shared_plus_specific	20000	ld_mismatch	3	0.89294606	0.40848166	1.9179626e-05	0.0001328533	0.00043625812	0.09213918	0.10659843	0.4992463
20069	SAS	SAS	distinct_only	2000	valid	0	0.1996754	0.8667326	9.798151e-08	4.5094876e-07	1.2014651e-05	0.03164502	0.8003125	0.10162194
20069	SAS	SAS	distinct_only	2000	order_mismatch	1	5.097263e-07	0.0003152091	0.9999735	0.99941707	1.2344747e-05	0.0002218382	1.3683498e-05	4.592482e-05
20069	SAS	SAS	distinct_only	2000	sign_corruption	2	0.0007763612	0.01463316	0.00021857221	0.007264881	0.9273444	0.97180194	0.07166063	0.006300033
20069	SAS	AMR	distinct_only	2000	ld_mismatch	3	0.8432556	0.2665401	3.3032737e-07	8.302087e-06	3.685512e-05	0.692311	0.15670726	0.04114068
20069	SAS	SAS	distinct_only	20000	valid	0	0.68143815	0.78891164	2.6232349e-06	5.790523e-07	0.00038551228	0.2062313	0.31817374	0.0048564747
20069	SAS	SAS	distinct_only	20000	order_mismatch	1	3.5984104e-07	3.6423146e-05	0.9999368	0.9993901	8.058375e-06	0.0005684383	5.4765656e-05	5.0123617e-06
20069	SAS	SAS	distinct_only	20000	sign_corruption	2	0.02757475	0.00073433685	0.02667462	0.022131149	0.73421764	0.9771085	0.21153301	2.6079128e-05
20069	SAS	AMR	distinct_only	20000	ld_mismatch	3	0.974706	0.3429029	6.01827e-07	2.1473677e-06	5.12183e-05	0.654339	0.025242219	0.0027559462
20069	AMR	AMR	shared_plus_specific	2000	valid	0	0.9995467	0.38210362	2.093529e-07	6.927191e-08	7.397892e-05	0.013368185	0.00037919907	0.6045281
20069	AMR	AMR	shared_plus_specific	2000	order_mismatch	1	0.00011850701	0.00024921482	0.6354058	0.9991823	0.04211347	0.0004703117	0.3223622	9.825418e-05
20069	AMR	AMR	shared_plus_specific	2000	sign_corruption	2	6.712409e-05	0.30107275	2.900089e-05	0.00014059048	0.99949914	0.16979495	0.00040466132	0.5289917
20069	AMR	SAS	shared_plus_specific	2000	ld_mismatch	3	0.43955925	0.2812787	0.00067134475	2.2886345e-05	0.52072334	0.1045915	0.039046086	0.6141069
20069	AMR	AMR	shared_plus_specific	20000	valid	0	0.99315244	0.29005253	4.9586547e-06	0.005358262	0.00027254448	0.67651993	0.006570036	0.028069252
20069	AMR	AMR	shared_plus_specific	20000	order_mismatch	1	2.842218e-05	0.009365471	0.9400932	0.9161058	0.059559	0.072089486	0.00031932953	0.0024391273
20069	AMR	AMR	shared_plus_specific	20000	sign_corruption	2	0.00013834513	0.09681214	0.013377369	0.39117157	0.9860262	0.501002	0.0004580868	0.011014268
20069	AMR	SAS	shared_plus_specific	20000	ld_mismatch	3	0.9127318	0.008656641	0.0032830134	0.5708626	0.0055914023	0.41911805	0.07839378	0.0013626466
20069	AMR	AMR	distinct_only	2000	valid	0	0.99845177	0.048435092	4.788529e-07	1.9850934e-06	7.578136e-05	0.9512755	0.0014719381	0.00028743732
20069	AMR	AMR	distinct_only	2000	order_mismatch	1	1.776291e-06	4.03385e-05	0.9996373	0.99654406	0.00018895346	0.0034097275	0.00017196168	5.764669e-06
20069	AMR	AMR	distinct_only	2000	sign_corruption	2	0.084961705	0.00030662268	0.0032801835	0.032016583	0.7730145	0.9676694	0.13874367	7.327064e-06
20069	AMR	SAS	distinct_only	2000	ld_mismatch	3	0.9961918	0.16432135	1.2043223e-05	0.00929722	0.00088018895	0.82497466	0.0029159656	0.0014066728
20069	AMR	AMR	distinct_only	20000	valid	0	0.83272487	0.19063279	1.07137685e-05	2.4774897e-06	0.00028937703	0.80862874	0.16697508	0.0007359847
20069	AMR	AMR	distinct_only	20000	order_mismatch	1	7.478848e-07	1.1622504e-05	0.99942297	0.99795604	8.68953e-05	0.0020302848	0.00048946036	2.0294465e-06
20069	AMR	AMR	distinct_only	20000	sign_corruption	2	0.23580156	3.1036237e-05	0.13345054	0.16595648	0.49877837	0.83401144	0.13196953	1.133269e-06
20069	AMR	SAS	distinct_only	20000	ld_mismatch	3	0.9892207	0.27231276	2.7185786e-05	0.010048879	0.0018100914	0.71581435	0.008941995	0.0018240882
20070	SAS	SAS	shared_plus_specific	2000	valid	0	0.25497857	0.5500367	1.4234261e-08	4.0088433e-11	1.1737698e-05	0.10100393	0.74500966	0.34895942
20070	SAS	SAS	shared_plus_specific	2000	order_mismatch	1	1.3314596e-07	2.2178538e-06	0.9999296	0.9994773	1.3442573e-05	0.0005201839	5.6872774e-05	2.3304952e-07
20070	SAS	SAS	shared_plus_specific	2000	sign_corruption	2	8.7792677e-07	0.002333505	1.4228663e-06	6.8738636e-08	0.99984044	0.9955581	0.00015725834	0.0021083935
20070	SAS	AMR	shared_plus_specific	2000	ld_mismatch	3	0.019458057	0.4216537	8.50541e-09	3.8847195e-10	2.1281442e-06	0.14355761	0.9805398	0.4347887
20070	SAS	SAS	shared_plus_specific	20000	valid	0	0.9587681	0.69900954	5.9619526e-10	2.721702e-15	4.6324928e-07	0.0025415374	0.041231405	0.29844892
20070	SAS	SAS	shared_plus_specific	20000	order_mismatch	1	2.6585528e-06	2.291641e-06	0.9999149	0.9999008	7.59287e-05	9.681817e-05	6.5467043e-06	1.5802148e-07
20070	SAS	SAS	shared_plus_specific	20000	sign_corruption	2	6.783773e-07	0.0012211894	1.7585808e-06	8.37126e-07	0.99998075	0.9979122	1.688798e-05	0.0008656284
20070	SAS	AMR	shared_plus_specific	20000	ld_mismatch	3	0.91042656	0.46452138	2.1057982e-09	5.7745404e-15	1.2927226e-06	0.005215248	0.089572154	0.53026336
20070	SAS	SAS	distinct_only	2000	valid	0	0.99815446	0.8805217	1.4636991e-07	3.8923687e-13	2.7039408e-05	0.00046698307	0.0018183269	0.11901131
20070	SAS	SAS	distinct_only	2000	order_mismatch	1	1.8137081e-06	0.00041656094	0.9999617	0.9991478	1.5555817e-05	0.00032816667	2.1052561e-05	0.00010749888
20070	SAS	SAS	distinct_only	2000	sign_corruption	2	0.002915968	0.70972407	0.001900514	6.115805e-07	0.9919794	0.07801479	0.0032040924	0.21226045
20070	SAS	AMR	distinct_only	2000	ld_mismatch	3	0.99778885	0.84418136	1.7353348e-07	2.6701641e-14	3.7994472e-05	0.00053984596	0.002173008	0.15527885
20070	SAS	SAS	distinct_only	20000	valid	0	0.95502454	0.7563792	7.4109594e-09	1.5650204e-16	4.000329e-06	0.0005303182	0.044971433	0.24309051
20070	SAS	SAS	distinct_only	20000	order_mismatch	1	1.2392486e-06	2.771119e-05	0.9999573	0.9999199	1.7409018e-05	4.8673763e-05	2.3956907e-05	3.8302373e-06
20070	SAS	SAS	distinct_only	20000	sign_corruption	2	3.1634256e-06	0.14456391	8.936921e-06	2.2435184e-07	0.9999625	0.7535986	2.5419422e-05	0.10183729
20070	SAS	AMR	distinct_only	20000	ld_mismatch	3	0.99128556	0.603041	6.8561845e-09	2.4759504e-17	2.564585e-06	0.000146371	0.008711846	0.39681265
20070	AMR	AMR	shared_plus_specific	2000	valid	0	0.9558924	0.5700078	7.3703954e-09	3.3753022e-17	4.653853e-06	0.0015833767	0.044102985	0.42840883
20070	AMR	AMR	shared_plus_specific	2000	order_mismatch	1	3.704727e-05	1.4193846e-06	0.9995362	0.99989223	0.00041149766	0.00010618632	1.528718e-05	1.4457757e-07
20070	AMR	AMR	shared_plus_specific	2000	sign_corruption	2	1.3993697e-07	0.004259034	2.6998441e-06	1.15386625e-08	0.99994785	0.98953104	4.9201397e-05	0.006209974
20070	AMR	SAS	shared_plus_specific	2000	ld_mismatch	3	0.06828085	0.5400176	6.6375336e-09	1.2583148e-14	5.336308e-06	0.0014169675	0.93171376	0.45856538
20070	AMR	AMR	shared_plus_specific	20000	valid	0	0.99410224	0.52404326	2.8205511e-09	3.6872308e-16	1.6610452e-06	0.004464657	0.0058960873	0.47149208
20070	AMR	AMR	shared_plus_specific	20000	order_mismatch	1	0.00013177149	2.3764903e-06	0.99956876	0.9999051	0.00028936446	9.220776e-05	1.0072213e-05	2.271588e-07
20070	AMR	AMR	shared_plus_specific	20000	sign_corruption	2	2.2576724e-07	0.0038524417	2.042221e-06	3.4730594e-09	0.99990386	0.9891299	9.391161e-05	0.0070176376
20070	AMR	SAS	shared_plus_specific	20000	ld_mismatch	3	0.15471764	0.41732064	5.0150777e-09	1.7622373e-14	6.6156667e-06	0.004244868	0.8452758	0.5784345
20070	AMR	AMR	distinct_only	2000	valid	0	0.98793155	0.88389426	4.1779725e-08	2.1711714e-13	1.02101685e-05	0.0015320723	0.012058154	0.114573665
20070	AMR	AMR	distinct_only	2000	order_mismatch	1	0.000112990405	0.00088642514	0.99974823	0.998696	7.250612e-05	0.00027429964	6.629242e-05	0.00014318434
20070	AMR	AMR	distinct_only	2000	sign_corruption	2	2.6453068e-05	0.57550174	3.4844976e-05	1.7654895e-06	0.9998982	0.26958263	4.0553015e-05	0.15491377
20070	AMR	SAS	distinct_only	2000	ld_mismatch	3	0.1954028	0.88718766	4.5393175e-08	1.0628176e-11	1.3313068e-05	0.0017074476	0.8045838	0.111104935
20070	AMR	AMR	distinct_only	20000	valid	0	0.99523854	0.7272482	9.877611e-09	1.2035736e-18	2.8033992e-06	0.00052018533	0.004758663	0.2722316
20070	AMR	AMR	distinct_only	20000	order_mismatch	1	0.00012133715	2.636937e-05	0.99939805	0.9993449	0.0004701851	0.00062618416	1.0312518e-05	2.586426e-06
20070	AMR	AMR	distinct_only	20000	sign_corruption	2	1.4012934e-05	0.23813584	9.1027705e-06	8.5217383e-10	0.9999419	0.5917427	3.4890778e-05	0.17012148
20070	AMR	SAS	distinct_only	20000	ld_mismatch	3	0.39133537	0.64983755	5.7059086e-08	3.0030407e-16	2.712153e-05	0.00023403176	0.6086374	0.34992844
20071	SAS	SAS	shared_plus_specific	2000	valid	0	0.31938294	0.22313865	1.12004784e-07	0.0024699706	1.9340264e-06	0.7682341	0.680615	0.0061572995
20071	SAS	SAS	shared_plus_specific	2000	order_mismatch	1	9.678305e-06	8.413003e-06	0.99931216	0.9975853	0.0005690631	0.0024054588	0.00010902652	8.4740935e-07
20071	SAS	SAS	shared_plus_specific	2000	sign_corruption	2	0.003307841	6.771886e-05	0.0006215398	0.07441683	0.9770705	0.9255011	0.019000063	1.4301401e-05
20071	SAS	AMR	shared_plus_specific	2000	ld_mismatch	3	0.98704094	0.0030198528	4.837249e-06	0.0068416805	0.000116711024	0.9899838	0.012837498	0.00015463319
20071	SAS	SAS	shared_plus_specific	20000	valid	0	0.9779944	0.90923506	8.744636e-08	1.042342e-05	9.598465e-06	0.006586272	0.021995926	0.08416826
20071	SAS	SAS	shared_plus_specific	20000	order_mismatch	1	6.6021744e-06	8.9727844e-05	0.99987286	0.9988657	0.0001184264	0.0010284857	2.1194762e-06	1.613196e-05
20071	SAS	SAS	shared_plus_specific	20000	sign_corruption	2	0.0008154556	0.0012482369	4.864206e-05	0.0047071273	0.9977527	0.9933924	0.0013831197	0.00065220025
20071	SAS	AMR	shared_plus_specific	20000	ld_mismatch	3	0.9994169	0.6916573	1.4006141e-08	0.0002630968	2.730163e-06	0.1979639	0.000580323	0.1101157
20071	SAS	SAS	distinct_only	2000	valid	0	0.9659503	0.9191727	9.717672e-07	6.480664e-11	0.00023313447	0.0025783738	0.033815544	0.0782489
20071	SAS	SAS	distinct_only	2000	order_mismatch	1	4.76632e-06	0.0025541144	0.99989027	0.9842435	7.983331e-05	0.012386076	2.5146213e-05	0.00081638334
20071	SAS	SAS	distinct_only	2000	sign_corruption	2	0.010440957	0.58499056	0.00015044339	1.1935268e-05	0.98843884	0.3030067	0.0009698042	0.11199082
20071	SAS	AMR	distinct_only	2000	ld_mismatch	3	0.89381677	0.894582	1.3573452e-06	6.3237133e-12	0.00036505726	0.00133992	0.10581688	0.10407804
20071	SAS	SAS	distinct_only	20000	valid	0	0.97850436	0.945295	1.8466874e-07	5.1164417e-10	5.0768944e-05	0.012865453	0.021444803	0.041839514
20071	SAS	SAS	distinct_only	20000	order_mismatch	1	4.377741e-06	0.00375345	0.99973154	0.92483586	0.00020499925	0.069946036	5.9106034e-05	0.0014646206
20071	SAS	SAS	distinct_only	20000	sign_corruption	2	0.0050420775	0.043244824	8.111816e-05	0.0004033564	0.9945987	0.95015436	0.00027816286	0.006197436
20071	SAS	AMR	distinct_only	20000	ld_mismatch	3	0.78518957	0.94895476	1.6226604e-06	1.8447674e-11	0.00073023024	0.0058041476	0.21407865	0.045241106
20071	AMR	AMR	shared_plus_specific	2000	valid	0	0.8313694	0.8833824	6.058573e-08	2.6130726e-08	2.0079959e-05	0.009667514	0.16861047	0.106950045
20071	AMR	AMR	shared_plus_specific	2000	order_mismatch	1	9.212384e-05	0.0015623497	0.9993346	0.99603456	0.00029587187	0.002059181	0.00027748043	0.00034392378
20071	AMR	AMR	shared_plus_specific	2000	sign_corruption	2	9.192744e-06	0.005079117	3.4500863e-05	0.05018916	0.9998617	0.9431957	9.4484734e-05	0.0015359904
20071	AMR	SAS	shared_plus_specific	2000	ld_mismatch	3	0.33933195	0.87844115	5.2523495e-07	1.0779117e-07	3.8299073e-05	0.005151614	0.6606292	0.116407126
20071	AMR	AMR	shared_plus_specific	20000	valid	0	0.9998913	0.78437203	1.2872147e-08	8.677504e-05	1.6962667e-06	0.13240029	0.00010701717	0.0831409
20071	AMR	AMR	shared_plus_specific	20000	order_mismatch	1	2.7537224e-05	0.00057093985	0.9997847	0.9978097	0.00013421003	0.0015131236	5.34737e-05	0.00010621171
20071	AMR	AMR	shared_plus_specific	20000	sign_corruption	2	2.11929e-05	0.00039287072	6.0966897e-05	0.06887321	0.99990696	0.93062943	1.0890267e-05	0.000104557854
20071	AMR	SAS	shared_plus_specific	20000	ld_mismatch	3	0.88553905	0.43294734	1.7208367e-06	0.008860581	9.172975e-05	0.49250853	0.114367425	0.06568358
20071	AMR	AMR	distinct_only	2000	valid	0	0.7101507	0.922267	3.015072e-06	1.7330542e-08	0.00020104903	0.04376589	0.28964528	0.03396701
20071	AMR	AMR	distinct_only	2000	order_mismatch	1	2.6841395e-05	0.0022702236	0.9996133	0.9613223	0.00033586516	0.035512287	2.3972943e-05	0.00089525606
20071	AMR	AMR	distinct_only	2000	sign_corruption	2	0.09866503	0.027758306	0.00031538735	0.00044032748	0.896642	0.9679195	0.004377582	0.0038819395
20071	AMR	SAS	distinct_only	2000	ld_mismatch	3	0.84496504	0.8854742	7.430853e-06	9.759788e-07	0.0007069578	0.08841359	0.1543206	0.026111282
20071	AMR	AMR	distinct_only	20000	valid	0	0.9947357	0.94685566	2.1113323e-07	1.5967666e-10	3.134576e-05	0.01168787	0.00523274	0.041456446
20071	AMR	AMR	distinct_only	20000	order_mismatch	1	1.8129818e-05	0.002181636	0.99880624	0.94461966	0.001125549	0.052677944	5.0044706e-05	0.00052072236
20071	AMR	AMR	distinct_only	20000	sign_corruption	2	0.00686042	0.026695605	8.832903e-05	0.00018424686	0.99295926	0.9690757	9.2019436e-05	0.004044471
20071	AMR	SAS	distinct_only	20000	ld_mismatch	3	0.68485826	0.90377283	7.1037977e-07	6.387876e-09	4.0380986e-05	0.043562613	0.3151007	0.052664593
20072	SAS	SAS	shared_plus_specific	2000	valid	0	0.99576634	0.33530053	2.7303865e-06	1.6146399e-06	0.0007755494	0.34886226	0.0034553383	0.31583557
20072	SAS	SAS	shared_plus_specific	2000	order_mismatch	1	7.002381e-06	7.005872e-06	0.99993944	0.9996644	4.2965727e-05	0.00032746984	1.050807e-05	1.0483966e-06
20072	SAS	SAS	shared_plus_specific	2000	sign_corruption	2	0.000406938	0.00022901723	4.4879383e-05	0.00015290063	0.9995015	0.99934644	4.6646408e-05	0.00027164814
20072	SAS	AMR	shared_plus_specific	2000	ld_mismatch	3	0.98494536	0.30223054	4.2354727e-06	1.6260192e-06	0.0015369714	0.38949692	0.013513449	0.30827084
20072	SAS	SAS	shared_plus_specific	20000	valid	0	0.9987125	0.3512471	1.9697568e-08	9.702413e-08	1.3154128e-05	0.09570358	0.0012744375	0.5530492
20072	SAS	SAS	shared_plus_specific	20000	order_mismatch	1	6.5598038e-06	9.400629e-05	0.9999388	0.9997304	2.048118e-05	0.00016187254	3.4131535e-05	1.3752606e-05
20072	SAS	SAS	shared_plus_specific	20000	sign_corruption	2	1.2323185e-05	0.005088582	6.2204213e-06	9.432246e-05	0.9999747	0.9867937	6.7144997e-06	0.00802344
20072	SAS	AMR	shared_plus_specific	20000	ld_mismatch	3	0.99515694	0.2996302	3.6071313e-07	6.410011e-08	0.00035865922	0.12499395	0.0044840216	0.57537585
20072	SAS	SAS	distinct_only	2000	valid	0	0.7544187	0.009189095	1.3458241e-05	0.0013091794	0.00043191458	0.9894224	0.24513596	7.942138e-05
20072	SAS	SAS	distinct_only	2000	order_mismatch	1	1.6087019e-07	5.4634314e-05	0.99991244	0.99304104	3.047735e-06	0.006895194	8.432296e-05	9.091245e-06
20072	SAS	SAS	distinct_only	2000	sign_corruption	2	0.4005634	0.00020630831	0.01533524	0.25363946	0.016013697	0.74614966	0.56808764	4.5054317e-06
20072	SAS	AMR	distinct_only	2000	ld_mismatch	3	0.98122233	0.0017539923	6.868324e-05	0.0008386192	0.0011678089	0.997391	0.017541153	1.6394955e-05
20072	SAS	SAS	distinct_only	20000	valid	0	0.9876146	0.023200955	2.1025082e-06	0.013034231	0.00010089535	0.96331936	0.012282358	0.00044543136
20072	SAS	SAS	distinct_only	20000	order_mismatch	1	1.103656e-06	2.9732422e-05	0.9999431	0.9841854	3.8674185e-05	0.015780633	1.7043576e-05	4.1849758e-06
20072	SAS	SAS	distinct_only	20000	sign_corruption	2	0.04352933	0.00027880323	0.009595281	0.28945008	0.90305024	0.71025705	0.043825135	1.4073854e-05
20072	SAS	AMR	distinct_only	20000	ld_mismatch	3	0.99760824	0.00077295175	4.353547e-05	0.15188286	0.0016697847	0.8473216	0.0006783982	2.2539509e-05
20072	AMR	AMR	shared_plus_specific	2000	valid	0	0.9969179	0.4692275	5.924495e-08	1.4252903e-10	0.00019876444	0.0012922615	0.0028833011	0.5294802
20072	AMR	AMR	shared_plus_specific	2000	order_mismatch	1	1.05305635e-05	0.0009978246	0.9992943	0.9962728	0.0006667972	0.0024291044	2.8387976e-05	0.00030024155
20072	AMR	AMR	shared_plus_specific	2000	sign_corruption	2	6.804172e-05	0.18244298	1.5493806e-05	0.0002824243	0.9999034	0.59312606	1.3054702e-05	0.22414854
20072	AMR	SAS	shared_plus_specific	2000	ld_mismatch	3	0.5153846	0.46289545	7.429683e-08	8.179725e-10	0.00021954374	0.0020369624	0.48439583	0.53506756
20072	AMR	AMR	shared_plus_specific	20000	valid	0	0.9990821	0.4028926	4.320319e-09	3.4256193e-09	1.5261548e-06	0.020621438	0.00091637013	0.576486
20072	AMR	AMR	shared_plus_specific	20000	order_mismatch	1	1.5979242e-05	6.923227e-05	0.99924666	0.9992311	0.00048422976	0.00068593863	0.00025309226	1.3775803e-05
20072	AMR	AMR	shared_plus_specific	20000	sign_corruption	2	5.1359616e-06	0.00731948	3.7636826e-06	0.00025522494	0.9999649	0.9857927	2.6247973e-05	0.006632591
20072	AMR	SAS	shared_plus_specific	20000	ld_mismatch	3	0.7309337	0.37343627	9.700038e-09	8.5820036e-09	2.0937505e-06	0.025644077	0.26906416	0.60091966
20072	AMR	AMR	distinct_only	2000	valid	0	0.9873437	0.00042077716	0.00032780855	0.70879096	0.009877822	0.29078335	0.0024506322	4.983816e-06
20072	AMR	AMR	distinct_only	2000	order_mismatch	1	2.49471e-07	1.3996766e-05	0.9990584	0.97017014	2.4059409e-05	0.029813904	0.00091723894	1.9982085e-06
20072	AMR	AMR	distinct_only	2000	sign_corruption	2	0.00265992	2.4109946e-07	0.32791582	0.9536652	0.6646381	0.046334602	0.004786137	1.2141992e-08
20072	AMR	SAS	distinct_only	2000	ld_mismatch	3	0.84310883	0.008135034	0.00024135322	0.65890574	0.0049277754	0.332845	0.15172207	0.00011422803
20072	AMR	AMR	distinct_only	20000	valid	0	0.8540966	0.022659242	9.585721e-05	0.34833694	0.00034337	0.6287544	0.14546426	0.00024942565
20072	AMR	AMR	distinct_only	20000	order_mismatch	1	4.0287432e-07	9.099867e-06	0.9997023	0.99910337	1.4910108e-05	0.0008861827	0.00028244805	1.3633309e-06
20072	AMR	AMR	distinct_only	20000	sign_corruption	2	0.002265149	3.3936055e-07	0.101205565	0.9796332	0.8273749	0.020366406	0.06915444	1.776866e-08
20072	AMR	SAS	distinct_only	20000	ld_mismatch	3	0.7360576	0.021395274	0.00025338365	0.8327044	0.00043495613	0.14556539	0.26325402	0.00033481087
20073	SAS	SAS	shared_plus_specific	2000	valid	0	0.74919623	0.0011500869	0.00012216049	0.6096209	0.0034516985	0.38913178	0.24722993	9.721629e-05
20073	SAS	SAS	shared_plus_specific	2000	order_mismatch	1	2.7252474e-07	2.5020521e-05	0.9997752	0.9996295	1.7022501e-05	0.00034105653	0.00020748966	4.411594e-06
20073	SAS	SAS	shared_plus_specific	2000	sign_corruption	2	0.0003479044	1.1533444e-05	0.28640366	0.9732492	0.69072986	0.026737323	0.02251854	1.9822553e-06
20073	SAS	AMR	shared_plus_specific	2000	ld_mismatch	3	0.5321074	0.0012537141	0.00019889518	0.34318686	0.024042225	0.6554519	0.44365147	0.00010753402
20073	SAS	SAS	shared_plus_specific	20000	valid	0	0.4085687	0.83691466	3.2335447e-06	3.4750099e-06	6.179782e-05	0.15341665	0.59136623	0.00966526
20073	SAS	SAS	shared_plus_specific	20000	order_mismatch	1	3.0330903e-06	4.5807512e-05	0.99997586	0.9967188	1.4430497e-05	0.0032229142	6.622129e-06	1.239913e-05
20073	SAS	SAS	shared_plus_specific	20000	sign_corruption	2	0.04432936	0.0006239205	0.013810951	0.18580045	0.8016513	0.8135279	0.14020836	4.7709123e-05
20073	SAS	AMR	shared_plus_specific	20000	ld_mismatch	3	0.5993972	0.8774267	7.74409e-06	6.5773884e-07	0.00019693225	0.10929304	0.40039816	0.0132796625
20073	SAS	SAS	distinct_only	2000	valid	0	0.6776547	0.35413334	2.349128e-08	7.355543e-15	8.407481e-06	0.000111425594	0.32233694	0.64575523
20073	SAS	SAS	distinct_only	2000	order_mismatch	1	3.0114072e-07	3.977707e-05	0.9998336	0.9999136	5.7930997e-06	2.0289264e-05	0.00016040372	2.6328727e-05
20073	SAS	SAS	distinct_only	2000	sign_corruption	2	6.3321176e-07	0.23624304	6.824643e-06	1.7043537e-07	0.9996271	0.059197474	0.00036538896	0.7045593
20073	SAS	AMR	distinct_only	2000	ld_mismatch	3	0.3533968	0.38775876	1.3422593e-07	1.15516185e-14	3.2228254e-05	0.0003477929	0.6465708	0.6118935
20073	SAS	SAS	distinct_only	20000	valid	0	0.9865641	0.36183643	9.552886e-07	6.0403848e-12	0.00020773459	2.6823946e-06	0.013227145	0.6381609
20073	SAS	SAS	distinct_only	20000	order_mismatch	1	3.7768692e-07	0.0002206757	0.9999679	0.9985707	1.7302744e-05	1.285568e-06	1.4476242e-05	0.0012073007
20073	SAS	SAS	distinct_only	20000	sign_corruption	2	4.93994e-05	0.10230214	0.00030161263	0.0044051306	0.99950266	0.020254467	0.00014631891	0.87303823
20073	SAS	AMR	distinct_only	20000	ld_mismatch	3	0.9923608	0.2860849	7.128299e-07	3.1027468e-12	0.00018040213	4.7703916e-06	0.007458148	0.71391034
20073	AMR	AMR	shared_plus_specific	2000	valid	0	0.16520242	0.73230284	1.993024e-06	0.0001488999	8.3254075e-05	0.24282861	0.8347123	0.024719609
20073	AMR	AMR	shared_plus_specific	2000	order_mismatch	1	2.1252076e-08	0.00016950857	0.99940133	0.99699044	6.7723017e-06	0.0027485332	0.00059185707	9.1521615e-05
20073	AMR	AMR	shared_plus_specific	2000	sign_corruption	2	0.0005455407	0.0015784564	0.008810778	0.8250515	0.60819274	0.17314877	0.3824509	0.0002212104
20073	AMR	SAS	shared_plus_specific	2000	ld_mismatch	3	0.9944809	0.8841741	5.485688e-06	0.00019287912	0.00045591584	0.07911175	0.0050576716	0.036521327
20073	AMR	AMR	shared_plus_specific	20000	valid	0	0.6822249	0.29075718	4.4884587e-06	1.6878543e-05	0.00028097388	0.70691794	0.3174896	0.0023079917
20073	AMR	AMR	shared_plus_specific	20000	order_mismatch	1	1.1856647e-06	1.5155307e-05	0.99995184	0.9933925	3.5885056e-05	0.0065878695	1.1075225e-05	4.3601767e-06
20073	AMR	AMR	shared_plus_specific	20000	sign_corruption	2	0.27251187	3.456723e-05	0.0069305743	0.08114021	0.7113719	0.9188237	0.009185552	1.5823125e-06
20073	AMR	SAS	shared_plus_specific	20000	ld_mismatch	3	0.6501296	0.31505945	7.5563235e-06	0.00013169354	0.00016355181	0.6820492	0.3496993	0.0027596229
20073	AMR	AMR	distinct_only	2000	valid	0	0.9250908	0.589846	2.5821628e-06	2.7387448e-06	0.00014507787	0.4062951	0.07476154	0.0038562303
20073	AMR	AMR	distinct_only	2000	order_mismatch	1	1.9416119e-07	6.683013e-05	0.9754066	0.9912815	0.00020131031	0.008636415	0.024391873	1.5153794e-05
20073	AMR	AMR	distinct_only	2000	sign_corruption	2	0.19247343	0.00022936187	0.013305366	0.20488954	0.34791124	0.79486847	0.44630995	1.2579679e-05
20073	AMR	SAS	distinct_only	2000	ld_mismatch	3	0.92908305	0.5838409	1.1446609e-05	0.010585889	0.00031695366	0.3996863	0.07058858	0.005886883
20073	AMR	AMR	distinct_only	20000	valid	0	0.9988914	0.5829407	1.0385526e-07	1.4966275e-12	5.847873e-05	0.0001363565	0.0010499075	0.41692296
20073	AMR	AMR	distinct_only	20000	order_mismatch	1	3.6701772e-07	0.0004018124	0.9998357	0.9989039	1.0227054e-05	5.2302712e-05	0.00015374391	0.0006420555
20073	AMR	AMR	distinct_only	20000	sign_corruption	2	5.7601737e-06	0.3007371	1.3547741e-05	5.1564184e-05	0.9999278	0.089962095	5.2832318e-05	0.6092492
20073	AMR	SAS	distinct_only	20000	ld_mismatch	3	0.9745969	0.50852543	1.05709255e-07	1.3416798e-09	5.2371604e-05	5.1012048e-05	0.025350628	0.49142358
20074	SAS	SAS	shared_plus_specific	2000	valid	0	0.9976454	0.67053825	4.413407e-08	7.6362297e-16	1.4351786e-05	0.011271687	0.002340304	0.31819007
20074	SAS	SAS	shared_plus_specific	2000	order_mismatch	1	1.166307e-06	5.2196793e-07	0.99998474	0.99968004	8.717966e-06	0.00031949082	5.377696e-06	4.9386777e-08
20074	SAS	SAS	shared_plus_specific	2000	sign_corruption	2	4.1184117e-07	0.0058196727	1.2263648e-05	2.964672e-07	0.99996954	0.9896304	1.7738103e-05	0.0045495806
20074	SAS	AMR	shared_plus_specific	2000	ld_mismatch	3	0.68302655	0.57665163	8.3045296e-07	6.402122e-15	0.00035552963	0.05872867	0.316617	0.36461967
20074	SAS	SAS	shared_plus_specific	20000	valid	0	0.9965754	0.6663922	9.070657e-08	2.4851318e-18	3.5225443e-05	0.0005448562	0.0033892503	0.33306286
20074	SAS	SAS	shared_plus_specific	20000	order_mismatch	1	4.398774e-06	1.8273051e-06	0.9999786	0.9982174	1.4290707e-05	0.0017805274	2.711797e-06	2.8316583e-07
20074	SAS	SAS	shared_plus_specific	20000	sign_corruption	2	1.2220386e-06	0.066466525	4.7107915e-06	4.869713e-10	0.9999924	0.8544761	1.7874909e-06	0.079057395
20074	SAS	AMR	shared_plus_specific	20000	ld_mismatch	3	0.71150666	0.6697471	1.0011626e-06	5.332031e-18	0.00039722282	0.0016363485	0.28809512	0.3286166
20074	SAS	SAS	distinct_only	2000	valid	0	0.99972993	0.6418717	5.3726684e-08	1.2284409e-15	9.1091015e-06	0.010896312	0.00026094416	0.34723204
20074	SAS	SAS	distinct_only	2000	order_mismatch	1	3.3103088e-06	5.9004674e-06	0.99996424	0.9914978	3.0211922e-05	0.008495438	2.278466e-06	7.957256e-07
20074	SAS	SAS	distinct_only	2000	sign_corruption	2	1.2877657e-06	0.040111408	4.4301637e-06	1.6623269e-09	0.9999928	0.921769	1.5104592e-06	0.038119588
20074	SAS	AMR	distinct_only	2000	ld_mismatch	3	0.95369095	0.65872777	2.8676611e-06	2.3208544e-15	0.0001700172	0.008015071	0.0461362	0.33325726
20074	SAS	SAS	distinct_only	20000	valid	0	0.9960491	0.61237544	1.3767388e-08	1.2578742e-16	4.669889e-06	0.0024257745	0.003946264	0.38519883
20074	SAS	SAS	distinct_only	20000	order_mismatch	1	4.827097e-06	1.4351745e-06	0.99997234	0.99653995	2.1707501e-05	0.0034584182	1.1899427e-06	2.0708309e-07
20074	SAS	SAS	distinct_only	20000	sign_corruption	2	1.2047657e-06	0.0050348756	7.0600818e-06	6.378293e-08	0.9999806	0.9895146	1.1126005e-05	0.0054504503
20074	SAS	AMR	distinct_only	20000	ld_mismatch	3	0.6722931	0.6458786	8.2611706e-07	2.0778612e-17	0.00017475616	0.005580928	0.32753134	0.3485404
20074	AMR	AMR	shared_plus_specific	2000	valid	0	0.93152404	0.6237982	1.2663106e-07	2.4789894e-16	1.950388e-05	0.023007201	0.0684563	0.35319462
20074	AMR	AMR	shared_plus_specific	2000	order_mismatch	1	3.200226e-06	7.6174456e-07	0.9999366	0.9894828	2.9159468e-05	0.010516348	3.11145e-05	1.3107234e-07
20074	AMR	AMR	shared_plus_specific	2000	sign_corruption	2	5.3597415e-07	0.008081213	5.8991086e-06	8.698263e-09	0.9999807	0.98470867	1.2895264e-05	0.0072101443
20074	AMR	SAS	shared_plus_specific	2000	ld_mismatch	3	0.9495185	0.6059858	5.340894e-08	6.899987e-16	1.3277525e-05	0.02098148	0.050468117	0.37303275
20074	AMR	AMR	shared_plus_specific	20000	valid	0	0.9911957	0.7173592	2.4280925e-07	1.1468906e-14	3.2301705e-05	0.010239392	0.0087717725	0.2724014
20074	AMR	AMR	shared_plus_specific	20000	order_mismatch	1	1.8905888e-06	1.8626763e-07	0.99989504	0.9998733	1.5447187e-05	0.00012652196	8.756123e-05	2.1626834e-08
20074	AMR	AMR	shared_plus_specific	20000	sign_corruption	2	2.3764899e-06	0.021780262	3.2369673e-05	7.3809576e-07	0.9999468	0.9651138	1.8492477e-05	0.013105164
20074	AMR	SAS	shared_plus_specific	20000	ld_mismatch	3	0.913106	0.6079755	7.6936374e-08	5.6289308e-15	1.5912128e-05	0.0029862123	0.08687797	0.38903826
20074	AMR	AMR	distinct_only	2000	valid	0	0.97889954	0.37284654	7.5851417e-06	1.0315317e-09	0.0021665364	0.43550226	0.01892632	0.19165124
20074	AMR	AMR	distinct_only	2000	order_mismatch	1	6.8154154e-06	5.2491547e-08	0.9993641	0.9997993	0.00015589638	0.00020065949	0.00047332185	4.2095256e-09
20074	AMR	AMR	distinct_only	2000	sign_corruption	2	2.026243e-06	0.022850014	2.5957306e-05	5.997918e-07	0.999733	0.9637525	0.00023907713	0.013396899
20074	AMR	SAS	distinct_only	2000	ld_mismatch	3	0.024086172	0.31297055	2.1905578e-06	2.0120341e-08	0.00066119287	0.4270099	0.9752504	0.26001954
20074	AMR	AMR	distinct_only	20000	valid	0	0.99219114	0.68288803	2.3341966e-07	6.7894947e-18	7.710912e-05	0.0024725017	0.0077314824	0.3146395
20074	AMR	AMR	distinct_only	20000	order_mismatch	1	5.789809e-06	1.2789334e-07	0.99992913	0.9988821	1.4796712e-05	0.0011177845	5.0250033e-05	1.5341106e-08
20074	AMR	AMR	distinct_only	20000	sign_corruption	2	1.1397455e-06	0.026374765	9.421541e-06	1.4474527e-10	0.9999849	0.9457867	4.530831e-06	0.027838461
20074	AMR	SAS	distinct_only	20000	ld_mismatch	3	0.3683199	0.56867117	1.1619313e-07	7.7729614e-16	9.511754e-05	0.005246794	0.6315848	0.42608202
20075	SAS	SAS	shared_plus_specific	2000	valid	0	0.75142956	0.17817762	3.543459e-06	0.0065544564	8.328951e-05	0.7459272	0.24848361	0.06934073
20075	SAS	SAS	shared_plus_specific	2000	order_mismatch	1	4.8006024e-07	3.1787733e-06	0.99982196	0.9487256	0.00016020736	0.051270552	1.7348191e-05	7.083183e-07
20075	SAS	SAS	shared_plus_specific	2000	sign_corruption	2	0.00010869503	8.86819e-06	0.00074908795	0.022822462	0.99868745	0.97716266	0.0004547873	6.088802e-06
20075	SAS	AMR	shared_plus_specific	2000	ld_mismatch	3	0.56037694	0.054511998	4.0266314e-06	0.02702844	0.0001460722	0.8794995	0.43947294	0.03896016
20075	SAS	SAS	shared_plus_specific	20000	valid	0	0.95961064	0.67426944	1.8136567e-09	1.4266205e-07	1.2065728e-06	0.050472226	0.040388126	0.27525812
20075	SAS	SAS	shared_plus_specific	20000	order_mismatch	1	2.939759e-06	1.2168697e-06	0.9998252	0.9995152	0.00016437004	0.0004834715	7.4965865e-06	1.1685643e-07
20075	SAS	SAS	shared_plus_specific	20000	sign_corruption	2	1.3609906e-06	1.6288139e-05	6.2000904e-06	0.00019852823	0.9999855	0.9997737	6.849323e-06	1.1521241e-05
20075	SAS	AMR	shared_plus_specific	20000	ld_mismatch	3	0.9947472	0.3315909	3.746828e-09	9.092215e-07	1.1844091e-06	0.3020304	0.005251544	0.36637774
20075	SAS	SAS	distinct_only	2000	valid	0	0.99958795	0.8874058	1.6463281e-07	1.4130656e-10	3.285946e-05	0.0100246975	0.00037903214	0.10256947
20075	SAS	SAS	distinct_only	2000	order_mismatch	1	2.6887722e-07	0.00016404416	0.9999085	0.99972254	4.2304046e-06	7.892039e-05	8.6955355e-05	3.456936e-05
20075	SAS	SAS	distinct_only	2000	sign_corruption	2	0.0005530044	0.06544481	0.0001354633	4.0266747e-05	0.9993065	0.9068474	5.048832e-06	0.027667558
20075	SAS	AMR	distinct_only	2000	ld_mismatch	3	0.9991725	0.86448073	1.6626723e-07	4.6128185e-11	0.00010620506	0.0055182534	0.0007211035	0.13000108
20075	SAS	SAS	distinct_only	20000	valid	0	0.99851364	0.7693163	9.676352e-09	7.135884e-17	3.2388605e-06	0.0029408797	0.0014831539	0.22774282
20075	SAS	SAS	distinct_only	20000	order_mismatch	1	1.1230524e-06	2.4856156e-05	0.9999544	0.9995389	3.9554594e-05	0.00043321282	4.994874e-06	2.9434866e-06
20075	SAS	SAS	distinct_only	20000	sign_corruption	2	1.0685352e-05	0.18779457	1.36663575e-05	2.062869e-08	0.9999569	0.71592826	1.8737077e-05	0.09627718
20075	SAS	AMR	distinct_only	20000	ld_mismatch	3	0.9690571	0.65501386	3.1371414e-08	2.7217051e-17	6.6347984e-06	0.0015577199	0.03093628	0.34342843
20075	AMR	AMR	shared_plus_specific	2000	valid	0	0.95786285	0.50117916	6.219715e-08	1.9867788e-05	1.377327e-05	0.21026933	0.04212327	0.28853166
20075	AMR	AMR	shared_plus_specific	2000	order_mismatch	1	7.91971e-06	6.335541e-05	0.9998366	0.99476635	0.00011763826	0.005157559	3.791982e-05	1.2791818e-05
20075	AMR	AMR	shared_plus_specific	2000	sign_corruption	2	1.95938e-06	0.023088766	2.0079164e-05	0.0007017103	0.9999032	0.9582403	7.4753545e-05	0.017969295
20075	AMR	SAS	shared_plus_specific	2000	ld_mismatch	3	0.07064613	0.4291086	4.4333134e-07	0.0004937547	2.81724e-05	0.26992917	0.9293253	0.3004685
20075	AMR	AMR	shared_plus_specific	20000	valid	0	0.9994705	0.6449037	1.282242e-09	5.2395395e-09	4.881177e-07	0.051381916	0.0005290237	0.30371442
20075	AMR	AMR	shared_plus_specific	20000	order_mismatch	1	0.00024411212	7.6931167e-07	0.99950624	0.999848	0.00022536772	0.00015115536	2.4240695e-05	5.980933e-08
20075	AMR	AMR	shared_plus_specific	20000	sign_corruption	2	2.3548755e-06	0.00018738794	4.337766e-06	2.3232822e-05	0.999959	0.99963117	3.431391e-05	0.00015825975
20075	AMR	SAS	shared_plus_specific	20000	ld_mismatch	3	0.5483324	0.5018566	3.6323474e-08	4.644926e-07	2.0991933e-05	0.21989273	0.45164657	0.2782501
20075	AMR	AMR	distinct_only	2000	valid	0	0.8775869	0.54380286	8.496479e-05	3.9738804e-13	0.025309814	0.17468566	0.0970183	0.28151155
20075	AMR	AMR	distinct_only	2000	order_mismatch	1	4.7573732e-05	1.3277413e-06	0.99942833	0.99891603	0.0005142676	0.0010825099	9.7860275e-06	1.3443618e-07
20075	AMR	AMR	distinct_only	2000	sign_corruption	2	1.6968499e-05	0.015506798	0.00014827067	9.85993e-07	0.9997539	0.97633946	8.087044e-05	0.00815278
20075	AMR	SAS	distinct_only	2000	ld_mismatch	3	0.090494245	0.50327325	0.00018503785	3.6945152e-11	0.74985284	0.16718477	0.15946789	0.32954198
20075	AMR	AMR	distinct_only	20000	valid	0	0.9996558	0.8387418	1.056311e-08	5.182739e-15	3.5042656e-06	0.02095403	0.00034069826	0.14030422
20075	AMR	AMR	distinct_only	20000	order_mismatch	1	4.1855717e-05	3.9133614e-05	0.9996484	0.9971282	0.0003078122	0.0028280588	1.9063322e-06	4.683517e-06
20075	AMR	AMR	distinct_only	20000	sign_corruption	2	0.0015166594	0.17323057	0.00016783953	1.9202384e-08	0.9981964	0.7884343	0.00011897399	0.038335066
20075	AMR	SAS	distinct_only	20000	ld_mismatch	3	0.9383447	0.8332636	5.6928936e-08	4.8896593e-14	1.15310495e-05	0.022324398	0.06164364	0.144412
20076	SAS	SAS	shared_plus_specific	2000	valid	0	0.76741236	0.030658849	6.8333866e-05	0.0008514426	0.0008439191	0.96818304	0.23167534	0.00030665382
20076	SAS	SAS	shared_plus_specific	2000	order_mismatch	1	4.3001096e-06	2.7700149e-05	0.9997558	0.99448496	0.00023087057	0.0054828543	9.054272e-06	4.3381215e-06
20076	SAS	SAS	shared_plus_specific	2000	sign_corruption	2	0.000208875	3.7978523e-05	0.006323611	0.5455473	0.9921444	0.45441273	0.0013231266	1.9453526e-06
20076	SAS	AMR	shared_plus_specific	2000	ld_mismatch	3	0.8984776	0.0068355547	0.000100002566	0.0010985617	0.0031979547	0.99199706	0.09822444	6.8859714e-05
20076	SAS	SAS	shared_plus_specific	20000	valid	0	0.61202	0.06987886	3.5766877e-06	0.0010602035	7.845634e-05	0.92502904	0.38789794	0.004031827
20076	SAS	SAS	shared_plus_specific	20000	order_mismatch	1	5.058176e-06	0.00026586535	0.9999087	0.9981692	8.063311e-05	0.0015220364	5.67257e-06	4.2981064e-05
20076	SAS	SAS	shared_plus_specific	20000	sign_corruption	2	1.8248871e-05	0.00014104914	0.0006071676	0.7967264	0.99927974	0.20310955	9.4793504e-05	2.300242e-05
20076	SAS	AMR	shared_plus_specific	20000	ld_mismatch	3	0.42048344	0.011680285	3.0980602e-06	0.0014369268	0.00052387326	0.98617005	0.57898957	0.00071274926
20076	SAS	SAS	distinct_only	2000	valid	0	0.37050787	0.70317155	1.0791239e-08	3.443524e-15	5.5050646e-06	4.880677e-05	0.6294867	0.2967797
20076	SAS	SAS	distinct_only	2000	order_mismatch	1	1.295101e-06	0.00095448596	0.9992717	0.9987214	1.4548659e-05	0.00012568019	0.0007123317	0.0001983622
20076	SAS	SAS	distinct_only	2000	sign_corruption	2	6.0331463e-06	0.23531657	9.5067735e-06	9.3077296e-07	0.99909025	0.5352417	0.0008941681	0.22944076
20076	SAS	AMR	distinct_only	2000	ld_mismatch	3	0.9328446	0.63278234	1.0101741e-08	3.596244e-14	3.2705923e-06	0.0004891845	0.06715212	0.3667285
20076	SAS	SAS	distinct_only	20000	valid	0	0.9743533	0.8276443	1.0339659e-08	9.240827e-16	1.6870803e-05	0.00017366481	0.025629869	0.17218204
20076	SAS	SAS	distinct_only	20000	order_mismatch	1	8.876852e-07	0.00028912548	0.9999233	0.9995876	9.943879e-06	7.223589e-05	6.588804e-05	5.1140672e-05
20076	SAS	SAS	distinct_only	20000	sign_corruption	2	8.0881046e-07	0.2489508	3.6592428e-06	1.4934026e-06	0.99999017	0.63083285	5.4651973e-06	0.12021482
20076	SAS	AMR	distinct_only	20000	ld_mismatch	3	0.7745166	0.76737577	5.1307868e-08	4.691518e-16	4.425946e-05	0.00021476108	0.22543912	0.2324094
20076	AMR	AMR	shared_plus_specific	2000	valid	0	0.6991496	0.034645077	0.00011446804	0.0004688071	0.001114691	0.9645479	0.29962122	0.0003383294
20076	AMR	AMR	shared_plus_specific	2000	order_mismatch	1	4.947729e-06	0.00026518406	0.99966615	0.90662336	0.00025765365	0.093036845	7.1220944e-05	7.458845e-05
20076	AMR	AMR	shared_plus_specific	2000	sign_corruption	2	0.032643218	0.001900948	0.026546314	0.07954595	0.9136235	0.9185195	0.027186953	3.361501e-05
20076	AMR	SAS	shared_plus_specific	2000	ld_mismatch	3	0.8641878	0.013471489	0.00017429776	0.037489597	0.004004814	0.9488098	0.13163312	0.00022906528
20076	AMR	AMR	shared_plus_specific	20000	valid	0	0.74874765	0.003912408	2.5809457e-05	0.046744324	0.00080242846	0.9492688	0.25042412	7.4475705e-05
20076	AMR	AMR	shared_plus_specific	20000	order_mismatch	1	1.2864108e-06	9.292237e-06	0.99977225	0.99730575	0.00021475674	0.0026838023	1.1703801e-05	1.1490165e-06
20076	AMR	AMR	shared_plus_specific	20000	sign_corruption	2	0.000105515704	2.6560776e-06	0.0066177226	0.86250556	0.9930215	0.13749158	0.00025527764	2.287564e-07
20076	AMR	SAS	shared_plus_specific	20000	ld_mismatch	3	0.6624349	0.017065061	3.306074e-05	0.06969573	0.00037822183	0.9128562	0.33715382	0.000383097
20076	AMR	AMR	distinct_only	2000	valid	0	0.99797946	0.6758604	4.041937e-09	1.5444007e-15	2.2628994e-06	0.0014583968	0.002018216	0.3226812
20076	AMR	AMR	distinct_only	2000	order_mismatch	1	0.000103756356	2.7730795e-05	0.9993914	0.99979264	0.00048363247	0.00017684475	2.1251633e-05	2.686319e-06
20076	AMR	AMR	distinct_only	2000	sign_corruption	2	1.8221103e-06	0.14538278	8.264669e-06	8.06121e-08	0.99996716	0.7411899	2.2720269e-05	0.11342728
20076	AMR	SAS	distinct_only	2000	ld_mismatch	3	0.23368299	0.654945	3.3054672e-08	5.509941e-13	2.4845844e-05	0.00091348257	0.7662921	0.34414148
20076	AMR	AMR	distinct_only	20000	valid	0	0.98845434	0.6948519	2.1955323e-08	3.098829e-19	3.1840036e-06	0.00019997546	0.0115425065	0.30494818
20076	AMR	AMR	distinct_only	20000	order_mismatch	1	8.297174e-06	1.1896177e-05	0.99985766	0.99977213	9.27948e-05	0.00021460908	4.1351097e-05	1.2579513e-06
20076	AMR	AMR	distinct_only	20000	sign_corruption	2	8.4178855e-06	0.14399816	1.5141616e-05	2.0480007e-09	0.99989635	0.70204043	8.007914e-05	0.15396138
20076	AMR	SAS	distinct_only	20000	ld_mismatch	3	0.47583595	0.64178306	2.7581438e-08	4.0545346e-17	6.5766358e-06	0.00011040392	0.52415746	0.35810655
20077	SAS	SAS	shared_plus_specific	2000	valid	0	0.84464526	0.18443023	2.632186e-05	0.00084127724	0.0005149288	0.8122049	0.1548135	0.0025236246
20077	SAS	SAS	shared_plus_specific	2000	order_mismatch	1	1.2187901e-06	2.5232192e-05	0.9999663	0.99976164	3.0355724e-05	0.00021121617	2.070478e-06	1.963724e-06
20077	SAS	SAS	shared_plus_specific	2000	sign_corruption	2	0.0004953654	0.0009846897	0.0037505124	0.22076124	0.9953167	0.77821606	0.00043741628	3.8062768e-05
20077	SAS	AMR	shared_plus_specific	2000	ld_mismatch	3	0.82471424	0.23258543	5.355428e-06	0.0023479627	0.00025952057	0.7590941	0.17502086	0.0059725344
20077	SAS	SAS	shared_plus_specific	20000	valid	0	0.950675	0.013250889	9.0462796e-05	0.0030089186	0.0014193393	0.9835746	0.047815207	0.00016552887
20077	SAS	SAS	shared_plus_specific	20000	order_mismatch	1	1.2915917e-06	2.530833e-06	0.9999594	0.99957556	3.441286e-05	0.00042168607	4.9204777e-06	2.1597015e-07
20077	SAS	SAS	shared_plus_specific	20000	sign_corruption	2	9.694951e-05	7.4737873e-06	0.011134037	0.9462728	0.9886014	0.053719446	0.00016757748	3.366386e-07
20077	SAS	AMR	shared_plus_specific	20000	ld_mismatch	3	0.9964383	0.018850794	9.795415e-06	0.01162086	0.0022914398	0.9690615	0.0012604523	0.00046676426
20077	SAS	SAS	distinct_only	2000	valid	0	0.9955264	0.69047636	8.666018e-09	3.2359725e-14	4.4225376e-06	0.000787213	0.0044691656	0.30873647
20077	SAS	SAS	distinct_only	2000	order_mismatch	1	7.997991e-07	0.00024349606	0.999943	0.9991078	1.2460911e-05	0.00057323807	4.3687887e-05	7.546704e-05
20077	SAS	SAS	distinct_only	2000	sign_corruption	2	7.519566e-05	0.5390876	3.4425557e-05	4.6833893e-08	0.99976593	0.10153297	0.00012449398	0.35937938
20077	SAS	AMR	distinct_only	2000	ld_mismatch	3	0.912379	0.51963186	7.721656e-08	6.583296e-13	3.781634e-05	0.004253745	0.08758303	0.47611436
20077	SAS	SAS	distinct_only	20000	valid	0	0.99868727	0.8626688	2.0701421e-08	1.6192675e-14	6.5176077e-06	0.0002046644	0.0013061493	0.13712655
20077	SAS	SAS	distinct_only	20000	order_mismatch	1	6.6132948e-06	0.0003751607	0.9999402	0.9993687	2.6881446e-05	0.0001847868	2.6272814e-05	7.1325885e-05
20077	SAS	SAS	distinct_only	20000	sign_corruption	2	8.675751e-05	0.5929841	0.00018408259	6.0982934e-06	0.99970675	0.20538202	2.236074e-05	0.20162787
20077	SAS	AMR	distinct_only	20000	ld_mismatch	3	0.9983409	0.814081	1.9796952e-08	1.4184059e-15	6.4687524e-06	0.00011182036	0.0016526394	0.18580721
20077	AMR	AMR	shared_plus_specific	2000	valid	0	0.9239537	0.021385387	4.493288e-06	0.00962682	0.00024064061	0.9630669	0.07580108	0.0059208754
20077	AMR	AMR	shared_plus_specific	2000	order_mismatch	1	0.00018379155	3.4534807e-07	0.99935895	0.9993562	0.00042211762	0.00064346433	3.5074325e-05	3.6193327e-08
20077	AMR	AMR	shared_plus_specific	2000	sign_corruption	2	5.1579136e-06	1.1563512e-05	0.0001911213	0.08080513	0.99913454	0.9191789	0.0006692554	4.414365e-06
20077	AMR	SAS	shared_plus_specific	2000	ld_mismatch	3	0.36663425	0.03706375	4.758434e-05	0.19308588	0.0016265371	0.7580921	0.63169163	0.011758379
20077	AMR	AMR	shared_plus_specific	20000	valid	0	0.9980375	0.48237687	1.502129e-08	0.004298367	4.873092e-06	0.47709638	0.0019576754	0.036228415
20077	AMR	AMR	shared_plus_specific	20000	order_mismatch	1	1.8109311e-05	2.6800128e-06	0.99890643	0.99812025	0.0010732776	0.0018765761	2.140224e-06	3.3947052e-07
20077	AMR	AMR	shared_plus_specific	20000	sign_corruption	2	8.185933e-06	0.00014985359	3.9798222e-05	0.25263235	0.9999323	0.74718696	1.9738307e-05	3.0778225e-05
20077	AMR	SAS	shared_plus_specific	20000	ld_mismatch	3	0.88596326	0.5820932	1.9205656e-06	0.06390186	6.141056e-05	0.29540578	0.1139734	0.058599137
20077	AMR	AMR	distinct_only	2000	valid	0	0.6723182	0.66256005	5.6612567e-08	8.272947e-16	1.5328342e-05	0.001629227	0.32766637	0.33581075
20077	AMR	AMR	distinct_only	2000	order_mismatch	1	9.434105e-05	0.0035588392	0.9991824	0.9924233	0.0005122168	0.0032220338	0.00021102029	0.00079571496
20077	AMR	AMR	distinct_only	2000	sign_corruption	2	2.602509e-06	0.45692912	1.6040567e-05	4.578328e-09	0.9999447	0.20967205	3.6613223e-05	0.33339876
20077	AMR	SAS	distinct_only	2000	ld_mismatch	3	0.025284074	0.69222236	2.654024e-08	4.39127e-13	5.526848e-05	0.002534369	0.9746607	0.30524328
20077	AMR	AMR	distinct_only	20000	valid	0	0.99862796	0.80729824	5.459526e-09	1.3800223e-18	3.1357304e-06	0.00019487018	0.0013688611	0.19250688
20077	AMR	AMR	distinct_only	20000	order_mismatch	1	0.00013370851	5.9058355e-05	0.9994891	0.999218	0.00036839768	0.00071735616	8.737086e-06	5.5571345e-06
20077	AMR	AMR	distinct_only	20000	sign_corruption	2	0.0003040564	0.39852154	2.2223847e-05	2.1649182e-09	0.99950266	0.40248844	0.00017102266	0.19899006
20077	AMR	SAS	distinct_only	20000	ld_mismatch	3	0.7277458	0.7916004	5.6728755e-08	7.610453e-16	1.5316224e-05	0.00020694814	0.27223882	0.2081926
20078	SAS	SAS	shared_plus_specific	2000	valid	0	0.9611843	0.17589472	5.0649743e-07	1.5077585e-08	0.0007874197	0.73736423	0.038027752	0.08674108
20078	SAS	SAS	shared_plus_specific	2000	order_mismatch	1	6.9155334e-08	6.2780276e-07	0.9999593	0.9995933	1.4630456e-06	0.00040598353	3.9110226e-05	6.347589e-08
20078	SAS	SAS	shared_plus_specific	2000	sign_corruption	2	2.232089e-06	0.0103527885	0.0001104605	1.6252743e-05	0.99912095	0.98482275	0.000766286	0.0048081935
20078	SAS	AMR	shared_plus_specific	2000	ld_mismatch	3	0.067452714	0.109034926	2.6268544e-06	1.7674931e-07	0.008686502	0.7938092	0.92385817	0.09715572
20078	SAS	SAS	shared_plus_specific	20000	valid	0	0.990251	0.7554329	9.279646e-10	3.5775616e-14	7.415636e-07	0.02423745	0.00974829	0.22032961
20078	SAS	SAS	shared_plus_specific	20000	order_mismatch	1	1.6093198e-06	3.15731e-07	0.9999335	0.9999323	4.5832578e-05	6.731434e-05	1.9140934e-05	1.6532823e-08
20078	SAS	SAS	shared_plus_specific	20000	sign_corruption	2	1.6475688e-06	0.0001040878	5.6888293e-06	7.474403e-07	0.9997694	0.9998367	0.00022337273	5.843224e-05
20078	SAS	AMR	shared_plus_specific	20000	ld_mismatch	3	0.80808824	0.5177358	3.4667338e-09	2.2902058e-13	1.6925102e-06	0.14780396	0.19191009	0.33446026
20078	SAS	SAS	distinct_only	2000	valid	0	0.80931324	0.6147902	1.5660344e-08	9.271196e-15	1.21419e-05	0.00034231803	0.19067462	0.38486752
20078	SAS	SAS	distinct_only	2000	order_mismatch	1	6.377126e-07	4.024584e-05	0.99992275	0.999884	3.8439557e-05	7.0333845e-05	3.816245e-05	5.3111507e-06
20078	SAS	SAS	distinct_only	2000	sign_corruption	2	1.414207e-06	0.025860928	1.7753558e-06	5.8198077e-07	0.9999488	0.9366418	4.793234e-05	0.037496697
20078	SAS	AMR	distinct_only	2000	ld_mismatch	3	0.7460521	0.5324504	2.6653922e-08	2.8863725e-14	6.9486596e-06	0.0022497387	0.2539409	0.4652999
20078	SAS	SAS	distinct_only	20000	valid	0	0.95485026	0.76148903	1.7979799e-08	2.3186026e-17	6.366001e-06	0.00923381	0.045143377	0.22927716
20078	SAS	SAS	distinct_only	20000	order_mismatch	1	2.571151e-07	1.1674733e-06	0.99996823	0.9996136	1.7821336e-05	0.00038512942	1.3747129e-05	9.0896506e-08
20078	SAS	SAS	distinct_only	20000	sign_corruption	2	4.8464887e-07	0.00867212	7.146687e-06	4.099299e-09	0.9997906	0.98587626	0.00020180823	0.0054516275
20078	SAS	AMR	distinct_only	20000	ld_mismatch	3	0.6815985	0.6287021	1.8734944e-08	4.9827835e-17	5.3572526e-06	0.019094542	0.31839612	0.3522034
20078	AMR	AMR	shared_plus_specific	2000	valid	0	0.96122926	0.5565192	4.3591277e-09	6.469819e-14	3.367452e-06	0.0952449	0.03876738	0.34823588
20078	AMR	AMR	shared_plus_specific	2000	order_mismatch	1	1.49721645e-05	5.9188068e-08	0.99982405	0.99996734	0.00011538644	3.269132e-05	4.5612655e-05	3.241703e-09
20078	AMR	AMR	shared_plus_specific	2000	sign_corruption	2	9.010601e-07	0.00047410335	3.9377023e-06	7.3254995e-07	0.9999098	0.9991454	8.535839e-05	0.00037974905
20078	AMR	SAS	shared_plus_specific	2000	ld_mismatch	3	0.08639949	0.587496	9.245041e-09	1.0849633e-11	1.4896787e-05	0.039459635	0.91358566	0.37304434
20078	AMR	AMR	shared_plus_specific	20000	valid	0	0.9687972	0.58008075	2.4143108e-09	6.704387e-14	1.4425958e-06	0.16501828	0.031201378	0.25490105
20078	AMR	AMR	shared_plus_specific	20000	order_mismatch	1	7.689625e-05	2.6826267e-08	0.9997528	0.99998033	0.00011162005	1.970575e-05	5.861979e-05	1.2884839e-09
20078	AMR	AMR	shared_plus_specific	20000	sign_corruption	2	4.830228e-07	0.0011285028	5.0669432e-06	6.0925055e-07	0.9997883	0.99829715	0.00020618607	0.0005737674
20078	AMR	SAS	shared_plus_specific	20000	ld_mismatch	3	0.31578678	0.53993815	7.819515e-09	1.3686851e-11	5.9066697e-06	0.16360287	0.6842074	0.29645893
20078	AMR	AMR	distinct_only	2000	valid	0	0.9848149	0.3287042	0.00017341394	3.1032693e-07	0.009059057	0.63199866	0.0059526856	0.039296813
20078	AMR	AMR	distinct_only	2000	order_mismatch	1	3.7038747e-06	7.4751924e-06	0.99988794	0.98253804	0.000100218494	0.01745209	8.166276e-06	2.291003e-06
20078	AMR	AMR	distinct_only	2000	sign_corruption	2	0.3544151	0.098094516	0.021982813	3.3766715e-05	0.61808187	0.88846195	0.005520165	0.013409771
20078	AMR	SAS	distinct_only	2000	ld_mismatch	3	0.99024916	0.4155646	0.00011497553	5.8610505e-07	0.0037205657	0.5245427	0.0059153475	0.05989217
20078	AMR	AMR	distinct_only	20000	valid	0	0.9956463	0.24884434	2.1093241e-08	4.167081e-12	1.2750733e-05	0.69951516	0.004340921	0.05164056
20078	AMR	AMR	distinct_only	20000	order_mismatch	1	8.479405e-07	9.2775616e-07	0.9999289	0.9936149	5.960911e-05	0.006384005	1.0678996e-05	1.3170256e-07
20078	AMR	AMR	distinct_only	20000	sign_corruption	2	7.631822e-06	3.754024e-05	1.1046849e-05	2.9517787e-07	0.99991465	0.9999416	6.667738e-05	2.0637026e-05
20078	AMR	SAS	distinct_only	20000	ld_mismatch	3	0.9264226	0.48242807	9.529155e-08	1.5479274e-11	2.6750611e-05	0.41478935	0.07355056	0.102782525
20079	SAS	SAS	shared_plus_specific	2000	valid	0	0.9920934	0.70618254	2.681164e-09	3.932809e-15	1.9296567e-06	0.013512651	0.007904662	0.28030485
20079	SAS	SAS	shared_plus_specific	2000	order_mismatch	1	7.43069e-07	4.682299e-07	0.99996835	0.9999362	1.7182692e-05	6.33529e-05	1.3769306e-05	2.8153659e-08
20079	SAS	SAS	shared_plus_specific	2000	sign_corruption	2	2.5896722e-07	0.019625986	2.170091e-06	9.2010154e-08	0.9999742	0.96907747	2.3405451e-05	0.0112964
20079	SAS	AMR	shared_plus_specific	2000	ld_mismatch	3	0.61142	0.53339916	1.9143604e-08	1.1843265e-14	1.1213461e-05	0.044187065	0.38856873	0.42241368
20079	SAS	SAS	shared_plus_specific	20000	valid	0	0.98590726	0.76326746	7.133834e-10	1.8730389e-15	6.851758e-07	0.011516979	0.014092088	0.22521555
20079	SAS	SAS	shared_plus_specific	20000	order_mismatch	1	1.7802364e-06	5.312997e-07	0.99993235	0.99996305	4.4709985e-05	3.6510955e-05	2.1166516e-05	2.4769813e-08
20079	SAS	SAS	shared_plus_specific	20000	sign_corruption	2	1.144854e-07	0.0001441462	1.1845544e-06	3.981894e-08	0.99990386	0.99975795	9.486464e-05	9.7849e-05
20079	SAS	AMR	shared_plus_specific	20000	ld_mismatch	3	0.81448156	0.52204186	3.832699e-09	2.2114785e-14	2.1686249e-06	0.12466966	0.18551628	0.35328847
20079	SAS	SAS	distinct_only	2000	valid	0	0.88732195	0.60237205	4.4035968e-08	2.0180631e-16	0.00014493155	0.00076100527	0.112533145	0.3968669
20079	SAS	SAS	distinct_only	2000	order_mismatch	1	1.103922e-06	2.7406317e-05	0.99995583	0.9994746	9.738861e-06	0.00049319543	3.3299253e-05	4.937865e-06
20079	SAS	SAS	distinct_only	2000	sign_corruption	2	1.0574806e-06	0.37527663	7.9100055e-06	2.616807e-08	0.9998974	0.2673389	9.3602204e-05	0.35738438
20079	SAS	AMR	distinct_only	2000	ld_mismatch	3	0.008273094	0.53497344	8.9802256e-08	7.002323e-17	5.6684123e-05	0.00082895375	0.99167013	0.4641976
20079	SAS	SAS	distinct_only	20000	valid	0	0.96962744	0.68763196	2.265647e-09	3.283197e-17	2.4617527e-06	0.0081337085	0.030370122	0.3042344
20079	SAS	SAS	distinct_only	20000	order_mismatch	1	1.7056624e-06	5.366703e-07	0.999942	0.99981934	1.9854791e-05	0.00018003439	3.6475816e-05	4.148168e-08
20079	SAS	SAS	distinct_only	20000	sign_corruption	2	3.820821e-07	0.017538993	2.0389e-06	3.4129581e-09	0.99994665	0.9706236	5.0924515e-05	0.011837314
20079	SAS	AMR	distinct_only	20000	ld_mismatch	3	0.64717007	0.60701555	8.2429565e-09	4.203292e-17	4.2857637e-06	0.011322771	0.35282564	0.3816617
20079	AMR	AMR	shared_plus_specific	2000	valid	0	0.9913148	0.20895264	4.4702118e-09	1.3040226e-11	2.6763173e-06	0.6335558	0.008682455	0.15749153
20079	AMR	AMR	shared_plus_specific	2000	order_mismatch	1	4.094768e-05	1.3828128e-07	0.9998262	0.99996746	0.000118845695	3.244277e-05	1.4017086e-05	7.6513835e-09
20079	AMR	AMR	shared_plus_specific	2000	sign_corruption	2	8.633695e-07	0.000212146	4.935037e-06	6.651535e-06	0.9999643	0.99963284	2.9866476e-05	0.00014833742
20079	AMR	SAS	shared_plus_specific	2000	ld_mismatch	3	0.19566338	0.29254374	3.610911e-08	2.4154658e-09	4.776759e-05	0.47429118	0.80428886	0.23316504
20079	AMR	AMR	shared_plus_specific	20000	valid	0	0.99368095	0.6235333	1.7828162e-09	3.3506872e-15	1.1392563e-06	0.019219205	0.0063178246	0.3572475
20079	AMR	AMR	shared_plus_specific	20000	order_mismatch	1	2.6924985e-05	1.05657776e-07	0.9998533	0.99994874	7.7168595e-05	5.1176372e-05	4.2565272e-05	7.629134e-09
20079	AMR	AMR	shared_plus_specific	20000	sign_corruption	2	4.6438825e-07	0.009945327	2.1867056e-06	4.2438244e-09	0.99992174	0.97974455	7.561819e-05	0.0103101805
20079	AMR	SAS	shared_plus_specific	20000	ld_mismatch	3	0.23413439	0.62043864	2.7783764e-09	2.28626e-13	4.849514e-06	0.008659518	0.76586074	0.37090182
20079	AMR	AMR	distinct_only	2000	valid	0	0.68764716	0.50920045	1.21807e-08	8.334913e-18	1.770969e-05	0.00092927896	0.31233504	0.4898703
20079	AMR	AMR	distinct_only	2000	order_mismatch	1	2.1984393e-05	1.4444484e-05	0.9998722	0.99980825	9.233269e-05	0.00017481684	1.34428155e-05	2.503047e-06
20079	AMR	AMR	distinct_only	2000	sign_corruption	2	3.9109523e-07	0.27788183	2.9300475e-06	3.2609786e-09	0.9999704	0.35780612	2.6334295e-05	0.36431208
20079	AMR	SAS	distinct_only	2000	ld_mismatch	3	0.026054941	0.51241773	5.3712257e-09	1.0930295e-15	8.674469e-06	0.00061369233	0.9739364	0.48696858
20079	AMR	AMR	distinct_only	20000	valid	0	0.8948191	0.6869718	1.4459921e-08	6.5644293e-19	7.1837526e-06	0.010237712	0.10517376	0.3027905
20079	AMR	AMR	distinct_only	20000	order_mismatch	1	2.96574e-05	8.2876035e-08	0.99953014	0.9998472	0.00034767622	0.00015263683	9.2471506e-05	5.217282e-09
20079	AMR	AMR	distinct_only	20000	sign_corruption	2	1.9802455e-07	0.0056581786	2.8448437e-06	1.6684158e-10	0.99992466	0.9892179	7.233956e-05	0.0051239594
20079	AMR	SAS	distinct_only	20000	ld_mismatch	3	0.037942898	0.66754216	4.3862878e-09	4.795725e-16	4.2129022e-06	0.004874629	0.9620529	0.32758313
20080	SAS	SAS	shared_plus_specific	2000	valid	0	0.99186796	0.30047956	6.517354e-09	9.6858785e-11	1.2474385e-05	0.010367899	0.008119556	0.68915254
20080	SAS	SAS	shared_plus_specific	2000	order_mismatch	1	1.7913786e-06	0.00034786435	0.9999657	0.99918205	2.289156e-05	0.00040227766	9.625005e-06	6.794699e-05
20080	SAS	SAS	shared_plus_specific	2000	sign_corruption	2	1.2749698e-05	0.26401126	2.266325e-06	2.2683656e-05	0.99998015	0.3517722	4.8438233e-06	0.3841939
20080	SAS	AMR	shared_plus_specific	2000	ld_mismatch	3	0.6708359	0.31084254	8.4425714e-08	3.3511346e-11	0.00025384987	0.0075926366	0.32891017	0.6815648
20080	SAS	SAS	shared_plus_specific	20000	valid	0	0.99934024	0.46889305	6.6544836e-09	1.1902127e-10	2.3935338e-06	0.029798064	0.00065743737	0.5013089
20080	SAS	SAS	shared_plus_specific	20000	order_mismatch	1	1.1477218e-06	2.0298668e-05	0.999975	0.99979705	6.963388e-06	0.00018019408	1.6804554e-05	2.4488684e-06
20080	SAS	SAS	shared_plus_specific	20000	sign_corruption	2	0.00012913074	0.011995395	2.3546265e-05	0.00011169266	0.9998209	0.9778347	2.64895e-05	0.010058252
20080	SAS	AMR	shared_plus_specific	20000	ld_mismatch	3	0.9771555	0.42456782	1.5731179e-07	1.2639627e-10	4.7510388e-05	0.053604178	0.022796787	0.52182806
20080	SAS	SAS	distinct_only	2000	valid	0	0.91352224	0.88958466	1.0537493e-07	4.4342144e-07	2.1264505e-05	0.04921144	0.086456366	0.061203487
20080	SAS	SAS	distinct_only	2000	order_mismatch	1	5.3111364e-07	0.00032103827	0.9999035	0.99879885	3.447312e-05	0.0008089881	6.146663e-05	7.122819e-05
20080	SAS	SAS	distinct_only	2000	sign_corruption	2	0.00018756492	0.0035330893	0.00015176572	0.017783374	0.9988155	0.9775029	0.0008452036	0.0011806401
20080	SAS	AMR	distinct_only	2000	ld_mismatch	3	0.99387294	0.66204065	2.8208463e-08	8.434949e-06	5.9151366e-06	0.26399037	0.006121125	0.0739605
20080	SAS	SAS	distinct_only	20000	valid	0	0.9974484	0.08261353	9.71626e-07	0.00039110795	9.0547655e-05	0.9159411	0.0024601559	0.0010543186
20080	SAS	SAS	distinct_only	20000	order_mismatch	1	3.920611e-07	1.1279842e-05	0.9999752	0.99955374	1.801444e-05	0.00043354396	6.3937405e-06	1.4540285e-06
20080	SAS	SAS	distinct_only	20000	sign_corruption	2	0.0048974673	3.551164e-05	0.002017109	0.3886463	0.9869506	0.6113153	0.0061347783	2.910642e-06
20080	SAS	AMR	distinct_only	20000	ld_mismatch	3	0.99959487	0.006014041	1.7011861e-06	0.0011009561	7.493971e-05	0.9927712	0.000328524	0.00011369701
20080	AMR	AMR	shared_plus_specific	2000	valid	0	0.9878585	0.5399344	3.355052e-09	4.2983805e-13	1.2169779e-06	0.0027290434	0.012140338	0.4573366
20080	AMR	AMR	shared_plus_specific	2000	order_mismatch	1	2.380844e-05	7.5187396e-05	0.99826044	0.9985765	0.0015895977	0.0013369116	0.00012615538	1.1257525e-05
20080	AMR	AMR	shared_plus_specific	2000	sign_corruption	2	1.1415105e-05	0.10712001	2.3953398e-06	1.3000885e-06	0.99991626	0.7456986	6.990933e-05	0.1471801
20080	AMR	SAS	shared_plus_specific	2000	ld_mismatch	3	0.902504	0.49993652	1.0795099e-08	2.9066255e-12	4.5597767e-06	0.0036918982	0.097491376	0.49637157
20080	AMR	AMR	shared_plus_specific	20000	valid	0	0.9999253	0.4158146	6.9596613e-09	5.3004573e-08	4.0601117e-06	0.006977464	7.0655886e-05	0.57720786
20080	AMR	AMR	shared_plus_specific	20000	order_mismatch	1	8.799731e-06	9.397021e-05	0.9995386	0.9992685	0.00010321248	0.0006173349	0.00034939116	2.0279636e-05
20080	AMR	AMR	shared_plus_specific	20000	sign_corruption	2	3.008625e-05	0.012714339	4.541717e-06	4.2525036e-05	0.99994594	0.9606106	1.9447463e-05	0.026632514
20080	AMR	SAS	shared_plus_specific	20000	ld_mismatch	3	0.9521293	0.38384098	4.2971276e-08	1.554638e-07	2.2754677e-05	0.0044073607	0.047848005	0.61175156
20080	AMR	AMR	distinct_only	2000	valid	0	0.9690477	0.062356636	1.7200315e-06	2.346801e-05	7.294836e-05	0.93626815	0.030877637	0.0013517793
20080	AMR	AMR	distinct_only	2000	order_mismatch	1	5.189348e-07	9.420135e-06	0.99977523	0.999864	1.1865647e-05	0.00012523735	0.00021239964	1.3166534e-06
20080	AMR	AMR	distinct_only	2000	sign_corruption	2	0.0014734823	0.0002881268	0.0033831086	0.43311754	0.9929233	0.5665729	0.0022200954	2.1390302e-05
20080	AMR	SAS	distinct_only	2000	ld_mismatch	3	0.78056806	0.2176642	4.4132063e-05	0.00012999911	0.0017256968	0.7771351	0.21766216	0.005070711
20080	AMR	AMR	distinct_only	20000	valid	0	0.9966995	0.0022112485	1.4951715e-06	0.00033708834	7.08594e-05	0.99742055	0.003228198	3.1190204e-05
20080	AMR	AMR	distinct_only	20000	order_mismatch	1	2.404304e-07	5.4783002e-05	0.99933887	0.99792826	7.088176e-05	0.0020083624	0.00059002644	8.565916e-06
20080	AMR	AMR	distinct_only	20000	sign_corruption	2	0.00011539892	7.933666e-06	0.007583577	0.58841145	0.98731023	0.41158026	0.004990729	3.659363e-07
20080	AMR	SAS	distinct_only	20000	ld_mismatch	3	0.9019699	0.0042289123	0.00037878557	0.6060029	0.013247288	0.38969657	0.084404014	7.161517e-05
20081	SAS	SAS	shared_plus_specific	2000	valid	0	0.78371745	0.6543168	2.2938279e-08	5.6249075e-13	2.3293565e-05	0.0032305543	0.2162592	0.3424527
20081	SAS	SAS	shared_plus_specific	2000	order_mismatch	1	7.67785e-07	3.3525375e-05	0.9999037	0.9996486	2.2306742e-05	0.0003132764	7.3284056e-05	4.672735e-06
20081	SAS	SAS	shared_plus_specific	2000	sign_corruption	2	1.0735257e-05	0.034611657	7.3579818e-06	2.3411394e-05	0.9999204	0.93971866	6.146337e-05	0.0256463
20081	SAS	AMR	shared_plus_specific	2000	ld_mismatch	3	0.94560534	0.533169	3.3193846e-08	3.3213879e-12	1.6044387e-05	0.010087738	0.05437851	0.4567433
20081	SAS	SAS	shared_plus_specific	20000	valid	0	0.60028845	0.7918059	4.200265e-09	4.4299993e-18	5.1404663e-06	0.00011600905	0.3997064	0.20807809
20081	SAS	SAS	shared_plus_specific	20000	order_mismatch	1	1.9205297e-06	0.00014376377	0.9999377	0.9994686	4.2186726e-05	0.0003732478	1.8240125e-05	1.4356505e-05
20081	SAS	SAS	shared_plus_specific	20000	sign_corruption	2	2.648628e-06	0.24249822	7.679257e-06	2.0094613e-09	0.9999729	0.5920901	1.677223e-05	0.16541168
20081	SAS	AMR	shared_plus_specific	20000	ld_mismatch	3	0.96091455	0.63355553	1.1478669e-08	7.018544e-17	9.435207e-06	0.0005789195	0.03907606	0.36586556
20081	SAS	SAS	distinct_only	2000	valid	0	0.90486366	0.754941	3.6318586e-05	0.010082909	0.0044939057	0.10942846	0.09060607	0.12554772
20081	SAS	SAS	distinct_only	2000	order_mismatch	1	5.420848e-07	0.000202632	0.99681693	0.9995184	6.24596e-06	0.00022362678	0.003176151	5.5243032e-05
20081	SAS	SAS	distinct_only	2000	sign_corruption	2	9.8406505e-05	0.008448904	0.0019177281	0.5281218	0.9979241	0.46015608	5.986541e-05	0.0032731872
20081	SAS	AMR	distinct_only	2000	ld_mismatch	3	0.906008	0.7122143	3.088154e-05	0.00672657	0.0066709775	0.13610895	0.08729014	0.14495027
20081	SAS	SAS	distinct_only	20000	valid	0	0.9942464	0.56750095	5.829884e-08	0.00053270685	1.2165706e-05	0.31155157	0.00574132	0.12041489
20081	SAS	SAS	distinct_only	20000	order_mismatch	1	1.6490026e-06	6.7805745e-06	0.9999542	0.99961424	2.3351706e-05	0.0003780146	2.085793e-05	9.648832e-07
20081	SAS	SAS	distinct_only	20000	sign_corruption	2	6.6327357e-06	2.1442956e-05	2.1835238e-05	0.0012448156	0.9999364	0.99872017	3.506828e-05	1.3594662e-05
20081	SAS	AMR	distinct_only	20000	ld_mismatch	3	0.99744993	0.31552693	2.3041537e-07	0.0005664534	1.8407189e-05	0.5789844	0.002531396	0.10492222
20081	AMR	AMR	shared_plus_specific	2000	valid	0	0.99701	0.7084414	2.0603316e-08	1.7158822e-18	7.76043e-06	0.0014616391	0.0029822837	0.29009703
20081	AMR	AMR	shared_plus_specific	2000	order_mismatch	1	9.1103255e-05	3.5306482e-05	0.99696606	0.9978089	0.0029268463	0.0021520723	1.6005988e-05	3.7446084e-06
20081	AMR	AMR	shared_plus_specific	2000	sign_corruption	2	3.023115e-06	0.10498929	1.1250901e-05	7.1726025e-10	0.999969	0.82160205	1.673354e-05	0.07340868
20081	AMR	SAS	shared_plus_specific	2000	ld_mismatch	3	0.1411261	0.69415236	3.807547e-07	7.964757e-15	0.00026227455	0.0013132876	0.8586113	0.3045343
20081	AMR	AMR	shared_plus_specific	20000	valid	0	0.9917343	0.6556852	2.0663289e-09	1.9656977e-18	1.7301558e-06	0.0002333124	0.008263867	0.34408155
20081	AMR	AMR	shared_plus_specific	20000	order_mismatch	1	0.0004107185	0.00013316014	0.99901086	0.99946195	0.0005526154	0.00039069992	2.5744752e-05	1.4126664e-05
20081	AMR	AMR	shared_plus_specific	20000	sign_corruption	2	7.473422e-07	0.2107653	3.248899e-06	3.215549e-08	0.99999017	0.64199835	5.802591e-06	0.14723635
20081	AMR	SAS	shared_plus_specific	20000	ld_mismatch	3	0.23706734	0.5778848	3.3350194e-09	1.9405437e-16	3.661782e-06	0.00040927762	0.762929	0.4217059
20081	AMR	AMR	distinct_only	2000	valid	0	0.9941819	0.58760774	1.3781089e-07	0.00015555754	6.3890016e-06	0.03304387	0.005811551	0.37919277
20081	AMR	AMR	distinct_only	2000	order_mismatch	1	5.084013e-06	7.193621e-05	0.99777824	0.9992785	4.0116964e-05	0.0006345019	0.002176619	1.5137116e-05
20081	AMR	AMR	distinct_only	2000	sign_corruption	2	3.6147758e-06	0.0011747571	2.9954288e-05	0.005321341	0.99994713	0.99242824	1.9241821e-05	0.0010756942
20081	AMR	SAS	distinct_only	2000	ld_mismatch	3	0.13702828	0.6133126	2.1042496e-07	8.7247136e-05	7.961968e-06	0.007081901	0.8629635	0.37951824
20081	AMR	AMR	distinct_only	20000	valid	0	0.9991576	0.54753363	3.795168e-09	2.0826342e-10	1.318439e-06	0.009753058	0.00084108394	0.4427133
20081	AMR	AMR	distinct_only	20000	order_mismatch	1	1.0480305e-05	3.859091e-05	0.9999377	0.9989792	2.675834e-05	0.0009763046	2.5035153e-05	5.9901313e-06
20081	AMR	AMR	distinct_only	20000	sign_corruption	2	1.1898993e-06	0.00080946664	8.367805e-06	5.4952175e-06	0.99997026	0.9983315	2.0225418e-05	0.0008535114
20081	AMR	SAS	distinct_only	20000	ld_mismatch	3	0.47056046	0.49022466	1.2124379e-08	1.6057526e-09	7.0568e-06	0.009486216	0.5294325	0.5002891
20082	SAS	SAS	shared_plus_specific	2000	valid	0	0.9870836	0.49630567	4.03815e-06	4.8475965e-07	0.00010091945	0.5012938	0.012811395	0.002400101
20082	SAS	SAS	shared_plus_specific	2000	order_mismatch	1	2.9179577e-07	3.7407335e-05	0.9999272	0.99688244	7.73569e-06	0.0030737163	6.4785105e-05	6.4153082e-06
20082	SAS	SAS	shared_plus_specific	2000	sign_corruption	2	0.43118855	0.001734096	0.039769486	0.035695877	0.36979195	0.96253866	0.15925002	3.1325257e-05
20082	SAS	AMR	shared_plus_specific	2000	ld_mismatch	3	0.9589831	0.5288152	2.232057e-06	1.5755563e-07	8.156464e-05	0.46866184	0.04093306	0.0025227675
20082	SAS	SAS	shared_plus_specific	20000	valid	0	0.8392527	0.772092	6.6940213e-09	1.9030304e-16	3.047526e-06	0.0002400294	0.16074418	0.227668
20082	SAS	SAS	shared_plus_specific	20000	order_mismatch	1	5.7048924e-06	5.9330428e-06	0.99992853	0.9999846	5.7264027e-05	8.984364e-06	8.474991e-06	4.7179105e-07
20082	SAS	SAS	shared_plus_specific	20000	sign_corruption	2	4.0835585e-06	0.07048196	1.8124492e-05	2.9170853e-06	0.99997145	0.8871878	6.3314933e-06	0.042327378
20082	SAS	AMR	shared_plus_specific	20000	ld_mismatch	3	0.93695563	0.59806824	9.627879e-09	2.612718e-15	4.6797504e-06	0.0016403643	0.06303968	0.40029135
20082	SAS	SAS	distinct_only	2000	valid	0	0.9979203	0.5279344	1.9643446e-06	0.0013818615	0.00023427048	0.46180406	0.0018434832	0.008879769
20082	SAS	SAS	distinct_only	2000	order_mismatch	1	6.433354e-07	0.0035529358	0.9996557	0.9520966	0.00017135602	0.04316479	0.00017235639	0.0011855921
20082	SAS	SAS	distinct_only	2000	sign_corruption	2	0.0053473245	0.0049102497	0.002079155	0.5859054	0.9913657	0.40891108	0.0012078536	0.00027332228
20082	SAS	AMR	distinct_only	2000	ld_mismatch	3	0.8984132	0.5645586	1.8089257e-06	8.025181e-05	0.0001300909	0.4242697	0.101454906	0.011091452
20082	SAS	SAS	distinct_only	20000	valid	0	0.93063736	0.055206824	6.465178e-05	0.00027728974	0.001731392	0.9442491	0.067566596	0.00026676102
20082	SAS	SAS	distinct_only	20000	order_mismatch	1	1.2901237e-06	1.1086832e-05	0.9999604	0.9568087	2.6162641e-05	0.04317788	1.2193562e-05	2.3617972e-06
20082	SAS	SAS	distinct_only	20000	sign_corruption	2	0.013932156	5.739367e-06	0.07149267	0.5676461	0.9104189	0.43234795	0.0041562417	2.3241354e-07
20082	SAS	AMR	distinct_only	20000	ld_mismatch	3	0.9536161	0.07795656	2.1483043e-05	1.9924153e-05	0.00094307464	0.92160976	0.04541938	0.00041372076
20082	AMR	AMR	shared_plus_specific	2000	valid	0	0.70302516	0.83507067	3.2536104e-07	5.8380323e-09	1.8215931e-05	0.088042155	0.29695627	0.07688712
20082	AMR	AMR	shared_plus_specific	2000	order_mismatch	1	1.0956141e-05	0.0012887813	0.9895251	0.9957497	0.0018845252	0.00247539	0.008579502	0.0004861125
20082	AMR	AMR	shared_plus_specific	2000	sign_corruption	2	0.0002451059	0.059628915	0.00013580114	0.0019306483	0.9899559	0.92531806	0.009663185	0.013122442
20082	AMR	SAS	shared_plus_specific	2000	ld_mismatch	3	0.22071154	0.86427593	4.32069e-07	9.067918e-06	5.0060262e-05	0.03898192	0.779238	0.09673308
20082	AMR	AMR	shared_plus_specific	20000	valid	0	0.99475765	0.5963769	5.991371e-09	1.50843e-15	3.5978662e-06	0.0016529638	0.0052387523	0.40197012
20082	AMR	AMR	shared_plus_specific	20000	order_mismatch	1	0.00015086116	0.00034305468	0.99907255	0.99941206	0.00047982146	0.0001873449	0.0002967698	5.7633442e-05
20082	AMR	AMR	shared_plus_specific	20000	sign_corruption	2	1.3702423e-06	0.23862892	5.511781e-06	3.3342462e-07	0.9999607	0.5230685	3.241225e-05	0.23830222
20082	AMR	SAS	shared_plus_specific	20000	ld_mismatch	3	0.43282786	0.63682395	3.3047467e-08	2.3422935e-12	2.649228e-05	0.003947596	0.5671456	0.3592285
20082	AMR	AMR	distinct_only	2000	valid	0	0.7280929	0.30251852	3.5434055e-05	5.8486853e-06	0.00062236073	0.696114	0.27124926	0.0013616679
20082	AMR	AMR	distinct_only	2000	order_mismatch	1	4.0292272e-07	5.860242e-05	0.99995106	0.9749673	2.1838818e-05	0.02496123	2.67175e-05	1.2937463e-05
20082	AMR	AMR	distinct_only	2000	sign_corruption	2	0.36702588	3.853026e-05	0.02853254	0.15353148	0.5860018	0.8464287	0.018439775	1.3436177e-06
20082	AMR	SAS	distinct_only	2000	ld_mismatch	3	0.9004758	0.2088768	0.00012586312	0.00044578293	0.0023818098	0.7894175	0.097016506	0.001259854
20082	AMR	AMR	distinct_only	20000	valid	0	0.44386503	0.14609289	2.4912255e-05	1.6429049e-05	0.0002783469	0.85344106	0.5558317	0.00044961108
20082	AMR	AMR	distinct_only	20000	order_mismatch	1	2.4826984e-06	4.0616183e-06	0.9999003	0.9827488	3.8050843e-05	0.01724632	5.9247217e-05	7.8560674e-07
20082	AMR	AMR	distinct_only	20000	sign_corruption	2	0.031613715	3.3354703e-05	0.005495276	0.052477222	0.4786104	0.9474889	0.48428062	5.8375866e-07
20082	AMR	SAS	distinct_only	20000	ld_mismatch	3	0.5214836	0.08499934	6.193941e-05	0.0005371297	0.0005599526	0.91410327	0.4778945	0.00036023834
20083	SAS	SAS	shared_plus_specific	2000	valid	0	0.99643916	0.43656242	1.3963655e-07	3.424655e-10	2.5679568e-05	0.2142108	0.003535059	0.34922677
20083	SAS	SAS	shared_plus_specific	2000	order_mismatch	1	4.5169095e-06	1.4582903e-06	0.99995947	0.9991906	3.4613146e-05	0.00080764655	1.3860881e-06	1.8883821e-07
20083	SAS	SAS	shared_plus_specific	2000	sign_corruption	2	1.4167898e-06	0.0033016922	1.28721e-05	0.000105393185	0.99998087	0.9941327	4.83822e-06	0.0024602376
20083	SAS	AMR	shared_plus_specific	2000	ld_mismatch	3	0.77507204	0.34798506	3.3330155e-06	2.0733396e-10	0.00205906	0.35157767	0.22286558	0.30043727
20083	SAS	SAS	shared_plus_specific	20000	valid	0	0.9964058	0.5400224	8.2662865e-08	6.734713e-08	8.723082e-06	0.15948555	0.0035855642	0.30049205
20083	SAS	SAS	shared_plus_specific	20000	order_mismatch	1	3.0755943e-06	1.5955911e-07	0.99998	0.9999721	1.30814915e-05	2.7804525e-05	3.9044994e-06	1.0912841e-08
20083	SAS	SAS	shared_plus_specific	20000	sign_corruption	2	2.3478931e-05	0.00035283796	7.992665e-05	0.0016778945	0.99987715	0.9977617	1.9430465e-05	0.00020751829
20083	SAS	AMR	shared_plus_specific	20000	ld_mismatch	3	0.8260333	0.43147174	1.9107958e-05	2.4026297e-08	0.0022760218	0.29516253	0.17167164	0.2733658
20083	SAS	SAS	distinct_only	2000	valid	0	0.99782175	0.710014	8.845695e-07	2.070321e-13	0.0005228868	0.0040283822	0.001654501	0.28595763
20083	SAS	SAS	distinct_only	2000	order_mismatch	1	2.7166126e-07	4.1820385e-06	0.9999674	0.99941313	5.11196e-06	0.0005820175	2.7190496e-05	7.448925e-07
20083	SAS	SAS	distinct_only	2000	sign_corruption	2	2.8861493e-06	0.11114309	1.1784655e-05	1.0831389e-07	0.9999778	0.80089426	7.5016173e-06	0.08796252
20083	SAS	AMR	distinct_only	2000	ld_mismatch	3	0.98039716	0.65906465	3.5256016e-07	2.7701589e-12	0.00014013056	0.014469395	0.019462371	0.32646596
20083	SAS	SAS	distinct_only	20000	valid	0	0.9994247	0.7260315	1.0448989e-07	5.8245484e-18	4.088486e-05	0.0018564181	0.0005343446	0.27211207
20083	SAS	SAS	distinct_only	20000	order_mismatch	1	9.245112e-07	2.0564846e-06	0.99999064	0.9997601	4.4138555e-06	0.000237637	4.0644163e-06	2.4773962e-07
20083	SAS	SAS	distinct_only	20000	sign_corruption	2	7.3015544e-06	0.21325709	3.0431596e-05	4.6278104e-10	0.999845	0.662066	0.000117182004	0.124676906
20083	SAS	AMR	distinct_only	20000	ld_mismatch	3	0.9057739	0.6144658	6.458234e-07	3.573103e-16	0.00039436415	0.04568587	0.093831144	0.33984837
20083	AMR	AMR	shared_plus_specific	2000	valid	0	0.99806637	0.043556757	9.633539e-08	0.0078057484	8.950977e-06	0.9342054	0.001924629	0.014432033
20083	AMR	AMR	shared_plus_specific	2000	order_mismatch	1	1.3636709e-06	1.0307974e-05	0.99826616	0.9996518	4.38491e-05	0.0003366731	0.001688657	1.3433194e-06
20083	AMR	AMR	shared_plus_specific	2000	sign_corruption	2	0.0002305206	0.0011815398	0.0005346501	0.039727382	0.99873304	0.958555	0.00050184404	0.0005361304
20083	AMR	SAS	shared_plus_specific	2000	ld_mismatch	3	0.9346482	0.13275613	1.6655405e-07	0.013789332	7.915033e-06	0.7942242	0.06534374	0.059230406
20083	AMR	AMR	shared_plus_specific	20000	valid	0	0.99949235	0.3453007	1.7042072e-07	1.5719318e-07	1.0630796e-05	0.49335065	0.0004968827	0.16134846
20083	AMR	AMR	shared_plus_specific	20000	order_mismatch	1	1.574205e-07	8.910543e-08	0.99996805	0.9999814	4.4645567e-06	1.8436893e-05	2.7293814e-05	6.1350716e-09
20083	AMR	AMR	shared_plus_specific	20000	sign_corruption	2	5.997752e-05	0.00044099466	0.0011396674	0.009648891	0.99864054	0.9897232	0.00015980114	0.00018688965
20083	AMR	SAS	shared_plus_specific	20000	ld_mismatch	3	0.9978747	0.23789592	3.563068e-08	7.657816e-07	3.6515469e-06	0.64129764	0.002121571	0.12080566
20083	AMR	AMR	distinct_only	2000	valid	0	0.9998598	0.7969053	1.7977247e-07	7.968344e-11	4.5518205e-05	0.042984415	9.4520314e-05	0.16011032
20083	AMR	AMR	distinct_only	2000	order_mismatch	1	1.896634e-06	0.00026197248	0.9983272	0.9929075	0.00056084985	0.0067786714	0.0011100721	5.1865678e-05
20083	AMR	AMR	distinct_only	2000	sign_corruption	2	3.933037e-05	0.0377436	1.714269e-05	7.399018e-06	0.99992466	0.94932425	1.881385e-05	0.0129247485
20083	AMR	SAS	distinct_only	2000	ld_mismatch	3	0.9976768	0.7306217	1.5841518e-07	4.86103e-10	9.5531206e-05	0.047157105	0.0022275404	0.22222117
20083	AMR	AMR	distinct_only	20000	valid	0	0.99838644	0.06413169	4.999891e-07	5.7200705e-06	4.769373e-05	0.9288467	0.0015653571	0.007015938
20083	AMR	AMR	distinct_only	20000	order_mismatch	1	2.0062098e-06	1.716568e-05	0.9895465	0.17589074	0.008114579	0.8240839	0.0023369624	8.202797e-06
20083	AMR	AMR	distinct_only	20000	sign_corruption	2	0.00017164975	0.0028026216	0.00053664553	0.0039452543	0.9986088	0.99289966	0.0006828769	0.00035251633
20083	AMR	SAS	distinct_only	20000	ld_mismatch	3	0.9894981	0.0562048	8.359465e-05	0.003499345	0.000979645	0.93007046	0.0094385985	0.010225337
20084	SAS	SAS	shared_plus_specific	2000	valid	0	0.6460025	0.2525422	0.01628803	0.00038456783	0.0120328935	0.69192183	0.32567662	0.05515133
20084	SAS	SAS	shared_plus_specific	2000	order_mismatch	1	1.439666e-05	5.125878e-07	0.99979097	0.9895477	0.00018106135	0.010451697	1.3491429e-05	7.343689e-08
20084	SAS	SAS	shared_plus_specific	2000	sign_corruption	2	7.601725e-05	0.00020424677	0.2698213	0.005146789	0.729765	0.99457294	0.00033766803	7.595077e-05
20084	SAS	AMR	shared_plus_specific	2000	ld_mismatch	3	0.6978896	0.19093712	0.002447311	0.000497452	0.004173759	0.7283144	0.29548928	0.080251075
20084	SAS	SAS	shared_plus_specific	20000	valid	0	0.96853423	0.76696086	1.0705153e-08	3.389952e-19	4.8323423e-06	0.00062941	0.031460967	0.23240982
20084	SAS	SAS	shared_plus_specific	20000	order_mismatch	1	3.606445e-06	3.5443261e-07	0.99994546	0.9999851	2.7863332e-05	1.4490159e-05	2.3036504e-05	2.4467353e-08
20084	SAS	SAS	shared_plus_specific	20000	sign_corruption	2	3.4855e-07	0.04080802	4.9983414e-06	8.992932e-09	0.99999017	0.9309813	4.5536676e-06	0.028210653
20084	SAS	AMR	shared_plus_specific	20000	ld_mismatch	3	0.9607792	0.64146537	6.3047376e-09	2.9134831e-19	2.8008844e-06	0.00089990563	0.039218012	0.35763478
20084	SAS	SAS	distinct_only	2000	valid	0	0.63427013	0.15964337	1.920155e-06	3.6115844e-06	0.0019925218	0.78131855	0.36373544	0.059034497
20084	SAS	SAS	distinct_only	2000	order_mismatch	1	6.655843e-07	3.5517676e-06	0.9998059	0.9899288	0.00017724383	0.010067176	1.6119558e-05	4.5171248e-07
20084	SAS	SAS	distinct_only	2000	sign_corruption	2	9.697306e-06	0.00061309093	6.47734e-05	0.0025493372	0.99988765	0.99658704	3.790661e-05	0.00025051014
20084	SAS	AMR	distinct_only	2000	ld_mismatch	3	0.2257613	0.08485545	8.333998e-07	4.945283e-05	0.0007673311	0.85268563	0.7734706	0.06240951
20084	SAS	SAS	distinct_only	20000	valid	0	0.99923176	0.62100327	4.900011e-09	2.6894081e-06	1.4454653e-06	0.17841208	0.000766835	0.20058192
20084	SAS	SAS	distinct_only	20000	order_mismatch	1	3.201673e-07	1.1795743e-06	0.9999774	0.9986345	1.1631659e-05	0.0013640962	1.0554294e-05	1.500792e-07
20084	SAS	SAS	distinct_only	20000	sign_corruption	2	3.9512274e-06	1.06261205e-05	8.201073e-06	0.00077342486	0.9999806	0.9992095	7.2621483e-06	6.384231e-06
20084	SAS	AMR	distinct_only	20000	ld_mismatch	3	0.99082565	0.24514426	1.613332e-08	7.08604e-06	3.0199847e-06	0.6222733	0.009171346	0.13257536
20084	AMR	AMR	shared_plus_specific	2000	valid	0	0.77606636	0.6664313	3.4711217e-08	3.519566e-19	4.5558554e-06	0.0010567023	0.223929	0.33251202
20084	AMR	AMR	shared_plus_specific	2000	order_mismatch	1	5.86988e-06	1.2126225e-06	0.99989915	0.99998605	6.468643e-05	1.2635648e-05	3.0304805e-05	8.13042e-08
20084	AMR	AMR	shared_plus_specific	2000	sign_corruption	2	4.1325347e-06	0.027485058	1.2938748e-05	9.681816e-10	0.99969554	0.94103837	0.00028739462	0.031476617
20084	AMR	SAS	shared_plus_specific	2000	ld_mismatch	3	0.17578201	0.593964	2.5700603e-08	2.5174276e-18	3.6036608e-06	0.001040614	0.8242143	0.40499535
20084	AMR	AMR	shared_plus_specific	20000	valid	0	0.9838312	0.7368597	4.0071892e-09	4.471368e-20	1.357913e-06	0.0007155015	0.01616733	0.2624249
20084	AMR	AMR	shared_plus_specific	20000	order_mismatch	1	3.4163528e-05	8.332532e-07	0.99982566	0.999967	0.0001220758	3.218273e-05	1.8126515e-05	5.3923817e-08
20084	AMR	AMR	shared_plus_specific	20000	sign_corruption	2	3.8492385e-06	0.016081303	7.634447e-06	1.7816604e-09	0.99994564	0.96916795	4.285542e-05	0.014750736
20084	AMR	SAS	shared_plus_specific	20000	ld_mismatch	3	0.6456504	0.72409034	3.9080764e-08	3.5451356e-18	8.611407e-06	0.004326586	0.35434106	0.27158308
20084	AMR	AMR	distinct_only	2000	valid	0	0.71466845	0.71933943	1.6897146e-06	0.006406751	9.784868e-05	0.07974846	0.28523204	0.19450533
20084	AMR	AMR	distinct_only	2000	order_mismatch	1	2.074638e-07	6.57871e-05	0.9991565	0.99954116	3.8596177e-06	0.00036883113	0.00083943456	2.428132e-05
20084	AMR	AMR	distinct_only	2000	sign_corruption	2	1.7627843e-05	0.0008306998	0.0025440808	0.6987044	0.76683736	0.29990157	0.23060088	0.0005633026
20084	AMR	SAS	distinct_only	2000	ld_mismatch	3	0.5693094	0.7410462	7.966072e-06	0.0034471573	0.00025151708	0.0087731	0.4304311	0.24673352
20084	AMR	AMR	distinct_only	20000	valid	0	0.99767894	0.085133895	6.1647776e-09	0.0003096003	1.1518933e-06	0.8966089	0.0023199057	0.017947653
20084	AMR	AMR	distinct_only	20000	order_mismatch	1	2.7860287e-05	4.5649127e-08	0.9999025	0.99998426	4.7971243e-05	1.5711259e-05	2.1663524e-05	5.197932e-09
20084	AMR	AMR	distinct_only	20000	sign_corruption	2	4.2722153e-05	2.3254126e-05	1.4492941e-05	0.00023782311	0.99873334	0.9997247	0.0012094748	1.4222325e-05
20084	AMR	SAS	distinct_only	20000	ld_mismatch	3	0.97736543	0.041040428	8.0052496e-07	0.003202188	0.0003602472	0.94380003	0.022273555	0.011957323
20085	SAS	SAS	shared_plus_specific	2000	valid	0	0.7313189	0.03487267	0.08039924	0.94759923	0.038490076	0.015943982	0.14979182	0.0015840307
20085	SAS	SAS	shared_plus_specific	2000	order_mismatch	1	1.1583008e-06	0.00011228848	0.9999828	0.99979144	6.5305558e-06	7.9143654e-05	9.564865e-06	1.7219503e-05
20085	SAS	SAS	shared_plus_specific	2000	sign_corruption	2	0.00025983	0.0007033358	0.9548276	0.9972619	0.044330817	0.001980744	0.00058175664	5.4050535e-05
20085	SAS	AMR	shared_plus_specific	2000	ld_mismatch	3	0.9160139	0.0029050482	0.013506051	0.9908625	0.016510082	0.006062291	0.05397004	0.00017023871
20085	SAS	SAS	shared_plus_specific	20000	valid	0	0.8213915	0.43094933	5.5084227e-05	0.0009023106	0.0013031695	0.375875	0.17725022	0.19227338
20085	SAS	SAS	shared_plus_specific	20000	order_mismatch	1	1.5452219e-05	5.223667e-06	0.9999245	0.9998233	4.9621023e-05	0.00017090813	1.0457322e-05	5.484334e-07
20085	SAS	SAS	shared_plus_specific	20000	sign_corruption	2	4.0433213e-07	0.0021632633	4.709547e-05	0.005400587	0.999939	0.991093	1.3415971e-05	0.0013431917
20085	SAS	AMR	shared_plus_specific	20000	ld_mismatch	3	0.985862	0.57115966	1.6534999e-06	8.8415745e-06	1.8908266e-05	0.08547517	0.0141174	0.34335628
20085	SAS	SAS	distinct_only	2000	valid	0	0.4302238	0.21435054	6.904989e-06	0.00021852039	0.00010316971	0.7840798	0.56966615	0.0013510891
20085	SAS	SAS	distinct_only	2000	order_mismatch	1	1.1071226e-06	1.0796621e-05	0.99995583	0.9858213	3.0996966e-05	0.0141660925	1.2000274e-05	1.7042285e-06
20085	SAS	SAS	distinct_only	2000	sign_corruption	2	0.023574203	0.0002058723	0.02613113	0.26280516	0.924398	0.7369826	0.025896639	6.3975367e-06
20085	SAS	AMR	distinct_only	2000	ld_mismatch	3	0.65631753	0.44739902	2.7460922e-06	1.9686378e-05	6.090476e-05	0.54771185	0.34361884	0.0048694294
20085	SAS	SAS	distinct_only	20000	valid	0	0.81627065	0.17955373	4.3636606e-05	0.00016707207	0.0010602003	0.8191246	0.18262547	0.0011546391
20085	SAS	SAS	distinct_only	20000	order_mismatch	1	2.7877925e-06	3.970398e-05	0.99994326	0.9773577	4.3714783e-05	0.022595115	1.0266427e-05	7.4433e-06
20085	SAS	SAS	distinct_only	20000	sign_corruption	2	0.010974164	0.00028253836	0.022684598	0.1253212	0.96545714	0.874388	0.00088420295	8.230074e-06
20085	SAS	AMR	distinct_only	20000	ld_mismatch	3	0.9414208	0.18862802	1.7485692e-05	8.287131e-06	0.0011549518	0.8096817	0.05740674	0.0016819424
20085	AMR	AMR	shared_plus_specific	2000	valid	0	0.999273	0.74696434	1.9678845e-07	6.6863635e-05	6.159229e-05	0.104471825	0.00066519325	0.14849697
20085	AMR	AMR	shared_plus_specific	2000	order_mismatch	1	7.28124e-05	0.0013812566	0.9990325	0.98777676	0.00078028016	0.010421973	0.000114450006	0.0004200283
20085	AMR	AMR	shared_plus_specific	2000	sign_corruption	2	7.0022084e-05	0.15758385	0.00018699496	0.14739552	0.99970156	0.6617833	4.1413572e-05	0.033237334
20085	AMR	SAS	shared_plus_specific	2000	ld_mismatch	3	0.8662972	0.66982156	5.2628515e-05	0.0019346792	0.0016066165	0.19474982	0.13204359	0.13349392
20085	AMR	AMR	shared_plus_specific	20000	valid	0	0.99972945	0.60022616	1.6681854e-08	5.2104734e-11	4.525289e-06	0.022306656	0.00026604132	0.3774672
20085	AMR	AMR	shared_plus_specific	20000	order_mismatch	1	0.00022549972	0.00034688518	0.996527	0.9991934	0.0031884592	0.00042910286	5.8969756e-05	3.075075e-05
20085	AMR	AMR	shared_plus_specific	20000	sign_corruption	2	3.2055934e-05	0.35612515	3.43228e-05	3.313367e-06	0.999924	0.43837988	9.6093e-06	0.2054916
20085	AMR	SAS	shared_plus_specific	20000	ld_mismatch	3	0.73818827	0.49977818	4.6649435e-05	6.7543438e-06	0.008420453	0.074237205	0.25334463	0.42597792
20085	AMR	AMR	distinct_only	2000	valid	0	0.7518564	0.08269254	7.9987694e-05	4.2867017e-05	0.0026827622	0.9169023	0.24538082	0.00036237945
20085	AMR	AMR	distinct_only	2000	order_mismatch	1	1.6255599e-06	4.402182e-05	0.99985	0.9893847	4.699627e-05	0.0105637815	0.000101455116	7.606256e-06
20085	AMR	AMR	distinct_only	2000	sign_corruption	2	0.20812793	2.827553e-05	0.017357124	0.14901046	0.74868864	0.8509605	0.025826395	7.4828114e-07
20085	AMR	SAS	distinct_only	2000	ld_mismatch	3	0.96281815	0.095977396	0.00014020615	0.005925121	0.003906417	0.89754784	0.03313527	0.0005496055
20085	AMR	AMR	distinct_only	20000	valid	0	0.8932286	0.038734585	4.1638956e-05	1.3902522e-05	0.0014279365	0.9610699	0.10530176	0.00018153407
20085	AMR	AMR	distinct_only	20000	order_mismatch	1	4.1891795e-07	1.6775664e-05	0.9998372	0.93651164	8.205759e-05	0.06346755	8.027792e-05	4.1583908e-06
20085	AMR	AMR	distinct_only	20000	sign_corruption	2	0.25435022	4.6560224e-05	0.012872466	0.078069404	0.6669516	0.921883	0.06582566	1.0308e-06
20085	AMR	SAS	distinct_only	20000	ld_mismatch	3	0.9860763	0.01620699	3.0930427e-05	0.00043835622	0.0015443257	0.98324144	0.012348452	0.00011325698
20086	SAS	SAS	shared_plus_specific	2000	valid	0	0.9260717	0.58327925	8.7286506e-10	1.6067833e-10	1.2387792e-06	0.002673028	0.07392708	0.41404775
20086	SAS	SAS	shared_plus_specific	2000	order_mismatch	1	3.887848e-07	2.5742625e-05	0.99996805	0.99978584	1.7843677e-05	0.00018373219	1.3698395e-05	4.698814e-06
20086	SAS	SAS	shared_plus_specific	2000	sign_corruption	2	3.1155992e-07	0.020457761	3.3389658e-06	0.00011237187	0.9999876	0.95496833	8.6567625e-06	0.024461446
20086	SAS	AMR	shared_plus_specific	2000	ld_mismatch	3	0.99612707	0.50517285	3.0608425e-09	1.4346515e-09	1.713205e-06	0.017215993	0.0038712576	0.47761115
20086	SAS	SAS	shared_plus_specific	20000	valid	0	0.9172032	0.73574716	4.1269876e-09	2.7796695e-15	1.0523746e-05	0.00013424114	0.08278633	0.26411855
20086	SAS	SAS	shared_plus_specific	20000	order_mismatch	1	1.2490276e-06	0.00033576702	0.9998861	0.9994671	6.4400774e-05	0.00013780428	4.828277e-05	5.9322098e-05
20086	SAS	SAS	shared_plus_specific	20000	sign_corruption	2	3.0213805e-05	0.24904522	1.3528148e-06	8.394068e-09	0.9972039	0.45875847	0.0027645554	0.2921962
20086	SAS	AMR	shared_plus_specific	20000	ld_mismatch	3	0.99273443	0.6661567	4.629791e-09	4.7641573e-13	2.4766207e-06	0.016219372	0.007263146	0.31762394
20086	SAS	SAS	distinct_only	2000	valid	0	0.701931	0.2557871	4.9271057e-05	9.324425e-05	0.0010838705	0.7432053	0.29693583	0.00091429363
20086	SAS	SAS	distinct_only	2000	order_mismatch	1	3.9371052e-06	1.8037837e-06	0.9999628	0.9993498	1.6749425e-05	0.00064813957	1.6433803e-05	2.3670195e-07
20086	SAS	SAS	distinct_only	2000	sign_corruption	2	0.54216653	0.00043909895	0.014768295	0.13581511	0.3507367	0.8637397	0.09232847	6.0802076e-06
20086	SAS	AMR	distinct_only	2000	ld_mismatch	3	0.5413642	0.035978023	9.3835326e-05	0.00013678368	0.0007930647	0.9637566	0.45774886	0.00012853168
20086	SAS	SAS	distinct_only	20000	valid	0	0.8094587	0.057579644	0.000105036124	0.00014044775	0.0034525383	0.94211805	0.18698376	0.0001618688
20086	SAS	SAS	distinct_only	20000	order_mismatch	1	2.8890827e-06	9.332414e-07	0.99994785	0.9988558	1.3952347e-05	0.0011430437	3.5284178e-05	6.9913575e-08
20086	SAS	SAS	distinct_only	20000	sign_corruption	2	0.13330762	0.00016411074	0.035568085	0.41861585	0.47927055	0.58121836	0.35185382	1.6668029e-06
20086	SAS	AMR	distinct_only	20000	ld_mismatch	3	0.86629003	0.0066306405	9.21427e-05	0.00026275564	0.0036837242	0.9930655	0.12993409	4.1030653e-05
20086	AMR	AMR	shared_plus_specific	2000	valid	0	0.66179556	0.27562305	4.255945e-09	3.9635382e-14	8.81671e-06	0.01642594	0.33819565	0.707951
20086	AMR	AMR	shared_plus_specific	2000	order_mismatch	1	1.9832105e-05	6.9930815e-05	0.99801064	0.99972385	0.0015465595	0.00018832313	0.0004230586	1.7835766e-05
20086	AMR	AMR	shared_plus_specific	2000	sign_corruption	2	1.3422874e-06	0.029877312	2.3347277e-06	2.2754267e-07	0.9997022	0.8926415	0.00029410268	0.07748102
20086	AMR	SAS	shared_plus_specific	2000	ld_mismatch	3	0.22176294	0.26401407	2.9019148e-08	8.396976e-11	0.00069593545	0.001920638	0.7775411	0.7340653
20086	AMR	AMR	shared_plus_specific	20000	valid	0	0.9920597	0.5730978	3.74217e-09	5.6176416e-17	2.5456095e-06	0.0009433892	0.007937674	0.42595878
20086	AMR	AMR	shared_plus_specific	20000	order_mismatch	1	4.963034e-06	7.40147e-06	0.9997807	0.9998068	0.00012533386	0.00018447223	8.902661e-05	1.2752987e-06
20086	AMR	AMR	shared_plus_specific	20000	sign_corruption	2	1.300797e-07	0.03167752	2.260469e-06	1.4559475e-07	0.99997455	0.91683674	2.301381e-05	0.051485553
20086	AMR	SAS	shared_plus_specific	20000	ld_mismatch	3	0.23210377	0.5404469	6.314208e-09	2.37776e-15	1.5234873e-05	0.00018842428	0.767881	0.4593647
20086	AMR	AMR	distinct_only	2000	valid	0	0.99985534	0.22243528	2.1002369e-07	0.0027843069	4.657242e-05	0.7654848	9.788145e-05	0.009295576
20086	AMR	AMR	distinct_only	2000	order_mismatch	1	9.886772e-06	8.638812e-07	0.9995236	0.9939203	0.0004587794	0.0060786745	7.792853e-06	1.0497774e-07
20086	AMR	AMR	distinct_only	2000	sign_corruption	2	0.003357894	0.027559645	0.00017205447	0.06499789	0.99630016	0.90562123	0.00016995799	0.0018212624
20086	AMR	SAS	distinct_only	2000	ld_mismatch	3	0.99639565	0.18709819	1.185067e-05	0.061071947	0.00036351918	0.7403041	0.003228942	0.011525749
20086	AMR	AMR	distinct_only	20000	valid	0	0.9963465	0.0061196103	1.2779702e-05	8.8581495e-05	0.0009323487	0.993505	0.002708372	0.00028670536
20086	AMR	AMR	distinct_only	20000	order_mismatch	1	0.000806262	1.6729332e-07	0.53510743	0.50990146	0.46365485	0.49009833	0.00043149883	2.992005e-08
20086	AMR	AMR	distinct_only	20000	sign_corruption	2	0.0043603205	1.1518076e-06	0.00033050784	0.0074947244	0.9941361	0.9925039	0.0011730356	2.1510135e-07
20086	AMR	SAS	distinct_only	20000	ld_mismatch	3	0.91028565	0.012567108	0.00011496056	0.008438598	0.0013342708	0.97839475	0.08826515	0.0005994543
20087	SAS	SAS	shared_plus_specific	2000	valid	0	0.2959308	0.53548145	1.19144154e-07	1.0391952e-09	0.00011097867	0.26072094	0.7039581	0.20379762
20087	SAS	SAS	shared_plus_specific	2000	order_mismatch	1	3.6024474e-07	5.8846376e-07	0.99994326	0.99980193	3.209549e-05	0.000197508	2.4212663e-05	4.4726114e-08
20087	SAS	SAS	shared_plus_specific	2000	sign_corruption	2	2.9558944e-06	4.3103296e-06	1.09827815e-05	4.5005993e-07	0.99954575	0.99999034	0.00044035155	4.892267e-06
20087	SAS	AMR	shared_plus_specific	2000	ld_mismatch	3	0.1515026	0.10210657	2.2817461e-07	1.0621882e-09	7.105871e-05	0.8411073	0.8484261	0.05678607
20087	SAS	SAS	shared_plus_specific	20000	valid	0	0.93366337	0.28495267	3.5197285e-08	7.924015e-06	8.45579e-06	0.51553637	0.06632819	0.199503
20087	SAS	SAS	shared_plus_specific	20000	order_mismatch	1	1.591684e-05	3.3529486e-05	0.9891054	0.873077	0.010868209	0.1268823	1.05519985e-05	7.3324204e-06
20087	SAS	SAS	shared_plus_specific	20000	sign_corruption	2	1.9827845e-05	0.00069483405	0.00013764108	0.012848048	0.9995339	0.98597604	0.00030861128	0.0004810873
20087	SAS	AMR	shared_plus_specific	20000	ld_mismatch	3	0.97937316	0.22777452	3.782787e-07	1.1940353e-05	5.3634965e-05	0.4616089	0.020572888	0.3106046
20087	SAS	SAS	distinct_only	2000	valid	0	0.9855869	0.027115488	1.1817449e-07	0.0026846821	3.803817e-05	0.96312416	0.014374942	0.0070756925
20087	SAS	SAS	distinct_only	2000	order_mismatch	1	2.298534e-06	2.7498238e-06	0.9996341	0.9951827	9.6851836e-05	0.0048142667	0.00026676277	3.96519e-07
20087	SAS	SAS	distinct_only	2000	sign_corruption	2	1.0956662e-05	2.8669152e-05	0.00082511245	0.061610334	0.99908966	0.93835044	7.430302e-05	1.0477797e-05
20087	SAS	AMR	distinct_only	2000	ld_mismatch	3	0.9466259	0.004261074	3.3864808e-07	0.0027418344	4.7411773e-05	0.9909554	0.05332634	0.0020416928
20087	SAS	SAS	distinct_only	20000	valid	0	0.9977348	0.31971648	1.837899e-08	5.5172903e-05	3.884745e-06	0.5979244	0.0022612738	0.08230391
20087	SAS	SAS	distinct_only	20000	order_mismatch	1	8.9300937e-07	1.5120556e-06	0.9999368	0.99760914	1.8459556e-05	0.0023892252	4.381017e-05	1.686071e-07
20087	SAS	SAS	distinct_only	20000	sign_corruption	2	5.2242817e-06	7.688102e-06	1.2643752e-05	0.00029080428	0.99992555	0.9996972	5.661231e-05	4.278825e-06
20087	SAS	AMR	distinct_only	20000	ld_mismatch	3	0.989319	0.061956197	4.5562956e-08	0.00011921944	3.952919e-06	0.9057637	0.010677076	0.03216089
20087	AMR	AMR	shared_plus_specific	2000	valid	0	0.9880646	0.4454748	2.2342854e-06	6.2083272e-06	0.0002067729	0.1360086	0.011726402	0.4185104
20087	AMR	AMR	shared_plus_specific	2000	order_mismatch	1	1.9459903e-06	8.4050545e-05	0.99985045	0.9967534	0.00012162316	0.003143516	2.5972075e-05	1.902776e-05
20087	AMR	AMR	shared_plus_specific	2000	sign_corruption	2	2.5101428e-05	0.0042285398	0.0005156537	0.0024899053	0.9994097	0.98784256	4.9496637e-05	0.005439006
20087	AMR	SAS	shared_plus_specific	2000	ld_mismatch	3	0.7187681	0.43900222	9.466807e-06	2.6225143e-05	0.0018586828	0.20039356	0.27936372	0.36057806
20087	AMR	AMR	shared_plus_specific	20000	valid	0	0.98714393	0.13333777	2.7740847e-05	0.00046421695	0.0015412889	0.85253686	0.01128702	0.013661099
20087	AMR	AMR	shared_plus_specific	20000	order_mismatch	1	8.247341e-05	0.0032889792	0.6225668	0.6456918	0.37696108	0.3503111	0.0003896436	0.0007081038
20087	AMR	AMR	shared_plus_specific	20000	sign_corruption	2	0.0008255523	0.002438741	0.00097218924	0.25249457	0.99799377	0.74469745	0.00020846676	0.00036919717
20087	AMR	SAS	shared_plus_specific	20000	ld_mismatch	3	0.9789679	0.0016217021	0.00036146902	0.08087544	0.006553339	0.91727775	0.014117297	0.000225092
20087	AMR	AMR	distinct_only	2000	valid	0	0.54123986	0.111904874	0.00023946013	0.000118559714	0.37852827	0.84170425	0.07999241	0.04627235
20087	AMR	AMR	distinct_only	2000	order_mismatch	1	2.9885544e-07	1.8131817e-07	0.9998718	0.9999968	2.9124967e-06	3.0381168e-06	0.00012495385	3.022226e-08
20087	AMR	AMR	distinct_only	2000	sign_corruption	2	4.902511e-05	8.8864814e-05	0.00065208133	0.0017326049	0.99097997	0.9980761	0.008318891	0.000102456856
20087	AMR	SAS	distinct_only	2000	ld_mismatch	3	0.8729624	0.46428835	7.644557e-05	0.0001712967	0.018427188	0.31764153	0.10853395	0.21789886
20087	AMR	AMR	distinct_only	20000	valid	0	0.99910945	0.2959245	4.0913752e-09	2.380575e-05	7.6208266e-07	0.6208044	0.0008897994	0.08324725
20087	AMR	AMR	distinct_only	20000	order_mismatch	1	1.309174e-05	1.2793814e-07	0.99995023	0.9999746	1.8572633e-05	2.5310457e-05	1.8046998e-05	1.2185987e-08
20087	AMR	AMR	distinct_only	20000	sign_corruption	2	5.706681e-05	6.237575e-05	9.588295e-06	3.6631973e-05	0.9984378	0.999856	0.0014955597	4.4968674e-05
20087	AMR	SAS	distinct_only	20000	ld_mismatch	3	0.9824322	0.23437281	2.6532024e-07	0.00016857262	8.736653e-05	0.6964446	0.017480226	0.069014095
20088	SAS	SAS	shared_plus_specific	2000	valid	0	0.74213725	0.71698725	8.441607e-09	1.9853665e-16	7.240597e-06	0.003313801	0.25785545	0.27969894
20088	SAS	SAS	shared_plus_specific	2000	order_mismatch	1	1.0238213e-06	1.1044331e-06	0.99993616	0.99991465	4.39782e-05	8.4123545e-05	1.885154e-05	8.230098e-08
20088	SAS	SAS	shared_plus_specific	2000	sign_corruption	2	8.110922e-07	0.031466022	2.847175e-06	6.556689e-09	0.99991554	0.945847	8.084968e-05	0.02268694
20088	SAS	AMR	shared_plus_specific	2000	ld_mismatch	3	0.28670266	0.54359186	3.5894868e-08	5.015567e-15	1.5644036e-05	0.055863008	0.71328163	0.4005451
20088	SAS	SAS	shared_plus_specific	20000	valid	0	0.8553982	0.72015566	4.9323687e-09	8.9622e-18	3.1351567e-06	0.004550328	0.14459872	0.27529395
20088	SAS	SAS	shared_plus_specific	20000	order_mismatch	1	1.3544051e-06	4.6184354e-07	0.99994916	0.9999368	2.5842144e-05	6.27575e-05	2.3592707e-05	3.194906e-08
20088	SAS	SAS	shared_plus_specific	20000	sign_corruption	2	3.2149853e-07	0.014400851	4.5687266e-06	2.8816198e-09	0.99992734	0.9754647	6.778195e-05	0.010134458
20088	SAS	AMR	shared_plus_specific	20000	ld_mismatch	3	0.7377701	0.5975961	7.2841853e-09	1.3227313e-18	3.054861e-06	0.0012392619	0.26222682	0.4011646
20088	SAS	SAS	distinct_only	2000	valid	0	0.9511328	0.034925792	0.00023346597	2.5261425e-05	0.020682123	0.95858574	0.027951708	0.0064631794
20088	SAS	SAS	distinct_only	2000	order_mismatch	1	2.252572e-06	1.5627284e-06	0.9998183	0.9886177	0.00013400933	0.011380514	4.5388315e-05	2.6928245e-07
20088	SAS	SAS	distinct_only	2000	sign_corruption	2	0.0003357194	0.00037789816	0.0016451976	0.0010242277	0.9978644	0.99847513	0.00015474444	0.00012268857
20088	SAS	AMR	distinct_only	2000	ld_mismatch	3	0.30201432	0.0027369978	0.0035714733	0.0012710657	0.12045475	0.99532986	0.57395947	0.00066207873
20088	SAS	SAS	distinct_only	20000	valid	0	0.9958849	0.17907837	3.5099934e-09	3.35231e-06	1.7257676e-06	0.77455574	0.00411341	0.046362557
20088	SAS	SAS	distinct_only	20000	order_mismatch	1	1.167331e-06	8.056358e-07	0.99990565	0.9970873	6.406484e-05	0.0029118017	2.9076438e-05	8.452364e-08
20088	SAS	SAS	distinct_only	20000	sign_corruption	2	9.611346e-06	1.9166685e-06	1.730518e-05	6.9628644e-05	0.99990827	0.9999273	6.4842265e-05	1.147737e-06
20088	SAS	AMR	distinct_only	20000	ld_mismatch	3	0.9833719	0.009772568	2.7612295e-08	4.109068e-06	7.637206e-06	0.98443896	0.0166204	0.0057844287
20088	AMR	AMR	shared_plus_specific	2000	valid	0	0.50161743	0.68219954	3.973585e-08	1.6033135e-19	6.538618e-06	0.0017184751	0.498376	0.316082
20088	AMR	AMR	shared_plus_specific	2000	order_mismatch	1	7.4501615e-05	2.7179622e-06	0.9993367	0.9996681	0.00057305436	0.00032878347	1.5726759e-05	3.028218e-07
20088	AMR	AMR	shared_plus_specific	2000	sign_corruption	2	8.5603215e-06	0.08563486	1.2145997e-05	7.0323934e-11	0.99988157	0.8367096	9.769943e-05	0.07765553
20088	AMR	SAS	shared_plus_specific	2000	ld_mismatch	3	0.023604592	0.7051909	1.9552054e-08	1.3608883e-16	6.378852e-06	0.002431315	0.976389	0.2923778
20088	AMR	AMR	shared_plus_specific	20000	valid	0	0.9123838	0.68839675	4.6532957e-08	2.1357414e-19	1.1678988e-05	0.0009765595	0.08760449	0.31062672
20088	AMR	AMR	shared_plus_specific	20000	order_mismatch	1	4.183041e-05	4.979268e-07	0.99973816	0.99989784	0.00020895673	0.000101629885	1.10260635e-05	3.9695365e-08
20088	AMR	AMR	shared_plus_specific	20000	sign_corruption	2	1.6557693e-06	0.05640792	6.503485e-06	2.9837727e-10	0.999914	0.89096755	7.793644e-05	0.05262457
20088	AMR	SAS	shared_plus_specific	20000	ld_mismatch	3	0.09689633	0.6272717	1.109758e-08	3.647136e-17	6.531615e-06	0.00063030433	0.90309715	0.372098
20088	AMR	AMR	distinct_only	2000	valid	0	0.8524092	0.6394165	1.8286899e-08	1.0777164e-14	2.6706635e-05	0.079106405	0.14756408	0.28147706
20088	AMR	AMR	distinct_only	2000	order_mismatch	1	2.3745845e-06	7.790049e-08	0.99988484	0.9999757	2.0614303e-05	2.4231093e-05	9.219451e-05	4.709713e-09
20088	AMR	AMR	distinct_only	2000	sign_corruption	2	6.374771e-07	0.006420166	5.2720075e-06	1.4517761e-08	0.9997802	0.9889516	0.00021386334	0.0046281856
20088	AMR	SAS	distinct_only	2000	ld_mismatch	3	0.47737303	0.58968014	1.1722057e-08	3.0453228e-13	9.89834e-05	0.08454155	0.522528	0.32577828
20088	AMR	AMR	distinct_only	20000	valid	0	0.9991134	0.5182193	1.377439e-09	4.4549564e-09	6.1091464e-07	0.2771325	0.0008860212	0.20464826
20088	AMR	AMR	distinct_only	20000	order_mismatch	1	4.8374863e-05	1.13849225e-07	0.99984604	0.99997044	9.13264e-05	2.9416993e-05	1.4201875e-05	5.824125e-09
20088	AMR	AMR	distinct_only	20000	sign_corruption	2	6.979022e-06	0.00014583903	2.3797754e-06	2.2978612e-07	0.9998023	0.99971944	0.0001884302	0.00013443167
20088	AMR	SAS	distinct_only	20000	ld_mismatch	3	0.2784389	0.4036944	5.6112426e-09	4.8246648e-08	5.3100207e-06	0.38114622	0.72155577	0.2151593
20089	SAS	SAS	shared_plus_specific	2000	valid	0	0.9902592	0.37868202	7.488541e-08	1.4857445e-05	1.3052417e-05	0.0079378085	0.009727632	0.6133653
20089	SAS	SAS	shared_plus_specific	2000	order_mismatch	1	6.77639e-07	0.0031300203	0.9983975	0.99473554	0.00013429522	0.0007134737	0.0014674491	0.0014209634
20089	SAS	SAS	shared_plus_specific	2000	sign_corruption	2	5.4730684e-05	0.13257061	7.310634e-05	0.15032335	0.9998467	0.55024123	2.5432697e-05	0.16686484
20089	SAS	AMR	shared_plus_specific	2000	ld_mismatch	3	0.8636585	0.3380297	4.4942713e-05	3.2538814e-05	0.11388447	0.0271886	0.0224121	0.6347491
20089	SAS	SAS	shared_plus_specific	20000	valid	0	0.6240218	0.5327455	1.745051e-06	0.00011367326	0.000119051656	0.38244557	0.37585735	0.08469533
20089	SAS	SAS	shared_plus_specific	20000	order_mismatch	1	8.8293774e-07	0.00046099478	0.9999327	0.9976913	6.0606573e-05	0.0018013039	5.8223923e-06	4.6446534e-05
20089	SAS	SAS	shared_plus_specific	20000	sign_corruption	2	4.378239e-06	0.021568995	8.998476e-05	0.056416646	0.99984956	0.91639304	5.6066976e-05	0.00562131
20089	SAS	AMR	shared_plus_specific	20000	ld_mismatch	3	0.47345886	0.5909332	2.3021903e-05	0.00012563619	0.029981652	0.24149963	0.4965365	0.16744158
20089	SAS	SAS	distinct_only	2000	valid	0	0.9906687	0.5907055	2.7561223e-08	4.1401056e-11	2.3990207e-05	0.013362398	0.009307319	0.39593208
20089	SAS	SAS	distinct_only	2000	order_mismatch	1	6.234117e-07	1.8875227e-05	0.9999849	0.999907	6.1607384e-06	7.205199e-05	8.294077e-06	2.1463945e-06
20089	SAS	SAS	distinct_only	2000	sign_corruption	2	1.0664775e-05	0.02198506	4.2929605e-06	5.425512e-07	0.99997216	0.9551084	1.2816486e-05	0.02290597
20089	SAS	AMR	distinct_only	2000	ld_mismatch	3	0.82153255	0.41215938	8.313082e-07	5.2256074e-11	0.0009384847	0.026293673	0.17752813	0.5615469
20089	SAS	SAS	distinct_only	20000	valid	0	0.9510408	0.3487789	2.0891599e-07	0.0010344902	1.2118221e-05	0.5279632	0.048946857	0.12222344
20089	SAS	SAS	distinct_only	20000	order_mismatch	1	2.1738028e-06	4.4304256e-06	0.999922	0.9991898	2.5918316e-05	0.0008051711	4.9978156e-05	5.8542025e-07
20089	SAS	SAS	distinct_only	20000	sign_corruption	2	1.6811388e-06	1.0123263e-05	3.8396818e-05	0.0025857748	0.9999116	0.9973967	4.8306872e-05	7.3478736e-06
20089	SAS	AMR	distinct_only	20000	ld_mismatch	3	0.9986693	0.34388915	2.131415e-07	0.0009363536	1.5620093e-05	0.39760718	0.0013149626	0.25756738
20089	AMR	AMR	shared_plus_specific	2000	valid	0	0.9092617	0.8402779	3.8482221e-07	2.9830254e-14	4.7362802e-05	0.0006140078	0.09069058	0.15910803
20089	AMR	AMR	shared_plus_specific	2000	order_mismatch	1	1.5010789e-05	0.0051683444	0.99869204	0.94438785	0.001257042	0.0483361	3.592978e-05	0.0021077227
20089	AMR	AMR	shared_plus_specific	2000	sign_corruption	2	0.022179268	0.53294265	0.00010304673	2.0726163e-06	0.9771643	0.23593454	0.0005533137	0.23112069
20089	AMR	SAS	shared_plus_specific	2000	ld_mismatch	3	0.6847275	0.8563702	1.07813435e-07	2.5750287e-13	3.653928e-05	0.000750229	0.31523585	0.14287955
20089	AMR	AMR	shared_plus_specific	20000	valid	0	0.9868962	0.645859	8.3065044e-07	6.6629844e-05	4.5230885e-05	0.31740323	0.0130577395	0.036671173
20089	AMR	AMR	shared_plus_specific	20000	order_mismatch	1	1.0847712e-06	0.00073641504	0.9999285	0.9724398	6.168393e-05	0.026619248	8.738978e-06	0.00020447449
20089	AMR	AMR	shared_plus_specific	20000	sign_corruption	2	8.194238e-05	0.0018936036	0.00043111295	0.13765508	0.99945563	0.8601726	3.143684e-05	0.0002786983
20089	AMR	SAS	shared_plus_specific	20000	ld_mismatch	3	0.6517754	0.7232806	1.9980962e-06	0.00039581736	0.00014666335	0.21676634	0.3480759	0.059557177
20089	AMR	AMR	distinct_only	2000	valid	0	0.97588515	0.5556463	3.4058245e-05	0.015643843	0.019018192	0.3088507	0.005062612	0.11985915
20089	AMR	AMR	distinct_only	2000	order_mismatch	1	7.1938894e-07	0.0007284782	0.98822016	0.9972964	4.821077e-06	0.001538438	0.0117742615	0.00043683246
20089	AMR	AMR	distinct_only	2000	sign_corruption	2	1.5780408e-05	0.001154605	0.00022513563	0.05714349	0.9994127	0.94069016	0.00034639193	0.0010117576
20089	AMR	SAS	distinct_only	2000	ld_mismatch	3	0.9778765	0.7554416	1.0773826e-05	0.004593824	0.003681361	0.05511877	0.018431323	0.1848458
20089	AMR	AMR	distinct_only	20000	valid	0	0.9985506	0.42429233	6.366522e-09	1.997049e-11	1.5312443e-06	0.00825717	0.0014479002	0.5674505
20089	AMR	AMR	distinct_only	20000	order_mismatch	1	9.394496e-06	3.7893275e-05	0.99967116	0.999703	3.0195915e-05	0.00024856481	0.0002893182	1.054056e-05
20089	AMR	AMR	distinct_only	20000	sign_corruption	2	4.1269524e-07	0.001085806	4.841147e-06	2.6775285e-06	0.9999737	0.99627197	2.1091384e-05	0.002639493
20089	AMR	SAS	distinct_only	20000	ld_mismatch	3	0.31743363	0.3570104	2.3416222e-08	6.1838906e-10	3.1048567e-05	0.01690956	0.68253535	0.62608
20090	SAS	SAS	shared_plus_specific	2000	valid	0	0.99746776	0.2857217	2.7839121e-08	2.5739104e-05	1.0329543e-05	0.6067412	0.00252192	0.10751132
20090	SAS	SAS	shared_plus_specific	2000	order_mismatch	1	4.9636787e-05	3.9893337e-05	0.9960308	0.9389901	0.003836328	0.06095854	8.323951e-05	1.1497742e-05
20090	SAS	SAS	shared_plus_specific	2000	sign_corruption	2	6.777491e-06	1.3767749e-05	1.0044663e-05	0.0012178216	0.9999707	0.9987594	1.2513773e-05	9.062565e-06
20090	SAS	AMR	shared_plus_specific	2000	ld_mismatch	3	0.95828503	0.021235054	1.6513395e-07	3.381949e-05	3.5565143e-05	0.96740717	0.041679177	0.011323949
20090	SAS	SAS	shared_plus_specific	20000	valid	0	0.7828183	0.7449727	1.4737896e-09	2.9443054e-12	1.3147913e-06	0.010511336	0.2171803	0.24451593
20090	SAS	SAS	shared_plus_specific	20000	order_mismatch	1	1.0607262e-05	1.0934642e-06	0.9998896	0.9998	8.9881905e-05	0.00019875869	9.882116e-06	6.5182704e-08
20090	SAS	SAS	shared_plus_specific	20000	sign_corruption	2	1.0235494e-06	7.827006e-05	6.0089224e-06	1.1815315e-06	0.9992409	0.99987197	0.0007520555	4.847863e-05
20090	SAS	AMR	shared_plus_specific	20000	ld_mismatch	3	0.8644666	0.5890656	1.4429595e-09	6.4871303e-12	1.3130597e-06	0.039240774	0.13553213	0.37169358
20090	SAS	SAS	distinct_only	2000	valid	0	0.9291678	0.8196679	6.8218476e-08	5.188366e-17	1.7122e-05	0.00032654312	0.07081502	0.18000561
20090	SAS	SAS	distinct_only	2000	order_mismatch	1	2.9282044e-06	1.6156975e-05	0.99992824	0.9999167	2.1754118e-05	6.520023e-05	4.7116282e-05	1.9289046e-06
20090	SAS	SAS	distinct_only	2000	sign_corruption	2	3.9657007e-05	0.38193175	2.4162737e-05	2.736682e-08	0.9998562	0.41805166	8.001004e-05	0.20001651
20090	SAS	AMR	distinct_only	2000	ld_mismatch	3	0.6113959	0.7525953	1.508552e-07	1.4506424e-16	1.6736338e-05	0.000653335	0.38858712	0.24675132
20090	SAS	SAS	distinct_only	20000	valid	0	0.99426794	0.82566804	1.535759e-08	6.2873854e-18	4.864242e-06	0.00010628876	0.0057272413	0.17422566
20090	SAS	SAS	distinct_only	20000	order_mismatch	1	2.244598e-06	3.0004672e-05	0.99992245	0.99991846	2.167165e-05	4.8144633e-05	5.3673284e-05	3.3595486e-06
20090	SAS	SAS	distinct_only	20000	sign_corruption	2	0.00027654434	0.60154873	3.0531966e-05	2.29536e-09	0.99965304	0.10452801	3.9895498e-05	0.29392326
20090	SAS	AMR	distinct_only	20000	ld_mismatch	3	0.9876496	0.7726438	1.4295229e-08	1.5078242e-17	3.6730225e-06	0.00027903274	0.0123466775	0.22707716
20090	AMR	AMR	shared_plus_specific	2000	valid	0	0.5044363	0.63912123	1.26032305e-08	2.0930001e-16	4.1797484e-06	0.017758176	0.49555942	0.3431206
20090	AMR	AMR	shared_plus_specific	2000	order_mismatch	1	4.9443593e-06	2.6822642e-07	0.9997401	0.999938	0.00015253961	6.172406e-05	0.000102356564	2.2899851e-08
20090	AMR	AMR	shared_plus_specific	2000	sign_corruption	2	1.764832e-07	0.0042284704	5.791471e-06	5.194933e-08	0.99972063	0.9914875	0.00027334632	0.0042839404
20090	AMR	SAS	shared_plus_specific	2000	ld_mismatch	3	0.09625255	0.61815	2.2521138e-09	1.31068e-14	1.5688298e-06	0.012221477	0.9037459	0.36962852
20090	AMR	AMR	shared_plus_specific	20000	valid	0	0.998959	0.5073145	2.5185274e-09	1.1494826e-11	1.1718408e-06	0.04770712	0.0010398336	0.44497836
20090	AMR	AMR	shared_plus_specific	20000	order_mismatch	1	0.00020858058	1.5098158e-06	0.9995937	0.9999099	0.00018044095	8.839333e-05	1.734323e-05	1.2548071e-07
20090	AMR	AMR	shared_plus_specific	20000	sign_corruption	2	5.611319e-07	0.0007453126	3.5789499e-06	1.3159201e-06	0.9999671	0.99854016	2.8775523e-05	0.00071320526
20090	AMR	SAS	shared_plus_specific	20000	ld_mismatch	3	0.41738138	0.43067792	4.18218e-09	2.0611939e-10	6.3135976e-06	0.054509766	0.5826123	0.51481235
20090	AMR	AMR	distinct_only	2000	valid	0	0.9934589	0.8557682	8.886503e-08	8.0597064e-17	1.312597e-05	0.00032867637	0.006527947	0.14390305
20090	AMR	AMR	distinct_only	2000	order_mismatch	1	4.44961e-05	8.154783e-05	0.9997441	0.9989287	0.00012167045	0.0009786389	8.973965e-05	1.110415e-05
20090	AMR	AMR	distinct_only	2000	sign_corruption	2	0.22505838	0.5069286	0.00018659396	4.8846056e-09	0.747968	0.3056008	0.026786953	0.18747053
20090	AMR	SAS	distinct_only	2000	ld_mismatch	3	0.9692537	0.8550619	2.2322911e-07	1.884381e-14	5.0989707e-05	0.00037847026	0.030695083	0.1445596
20090	AMR	AMR	distinct_only	20000	valid	0	0.99870676	0.77583164	8.934999e-09	6.621164e-18	4.4568155e-06	0.000907389	0.0012887913	0.22326097
20090	AMR	AMR	distinct_only	20000	order_mismatch	1	9.831797e-05	0.00012092364	0.99928063	0.9978986	0.0006157799	0.0019659582	5.3309304e-06	1.4492299e-05
20090	AMR	AMR	distinct_only	20000	sign_corruption	2	8.3941995e-06	0.30678052	8.728365e-06	7.521887e-09	0.99997014	0.5294278	1.27848025e-05	0.16379163
20090	AMR	SAS	distinct_only	20000	ld_mismatch	3	0.56157273	0.7199619	8.425108e-08	1.9851212e-14	6.181957e-05	0.00040626302	0.4383653	0.27963182
20091	SAS	SAS	shared_plus_specific	2000	valid	0	0.9986469	0.5573225	1.3671305e-08	3.622644e-10	3.1229395e-06	0.020240515	0.0013500279	0.42243695
20091	SAS	SAS	shared_plus_specific	2000	order_mismatch	1	4.994325e-07	2.4615458e-06	0.9999797	0.99987364	7.758471e-06	0.00012361057	1.205643e-05	2.0432043e-07
20091	SAS	SAS	shared_plus_specific	2000	sign_corruption	2	1.5834807e-05	0.0030582151	2.4121984e-05	0.00020565759	0.99991345	0.9942676	4.6624587e-05	0.002468537
20091	SAS	AMR	shared_plus_specific	2000	ld_mismatch	3	0.77787465	0.53793544	2.988104e-06	6.423884e-11	0.0011863015	0.016777795	0.22093606	0.44528675
20091	SAS	SAS	shared_plus_specific	20000	valid	0	0.92890406	0.56988853	1.0266041e-07	2.2727742e-16	6.159027e-05	0.00014859618	0.07103432	0.42996284
20091	SAS	SAS	shared_plus_specific	20000	order_mismatch	1	3.1817524e-06	0.00016629414	0.9999611	0.99320847	2.1704383e-05	0.006574991	1.4089099e-05	5.023485e-05
20091	SAS	SAS	shared_plus_specific	20000	sign_corruption	2	1.6422787e-06	0.15830328	1.411581e-05	1.5145453e-07	0.9999563	0.58888394	2.7959244e-05	0.2528126
20091	SAS	AMR	shared_plus_specific	20000	ld_mismatch	3	0.8993558	0.5546343	8.63075e-07	6.3383215e-18	0.0008482321	7.12625e-05	0.09979513	0.44529447
20091	SAS	SAS	distinct_only	2000	valid	0	0.9256134	0.0102740405	0.00024537928	0.03293737	0.017204704	0.9565096	0.056936506	0.00027897788
20091	SAS	SAS	distinct_only	2000	order_mismatch	1	5.6385574e-07	0.00018257982	0.9998603	0.9854613	8.863623e-06	0.014316658	0.0001302745	3.952326e-05
20091	SAS	SAS	distinct_only	2000	sign_corruption	2	0.0040819147	2.595572e-05	0.09156462	0.46700147	0.9010522	0.53296965	0.003301297	2.9116263e-06
20091	SAS	AMR	distinct_only	2000	ld_mismatch	3	0.84126806	0.0010333622	0.001425092	0.24730136	0.061778024	0.75164044	0.09552886	2.4832701e-05
20091	SAS	SAS	distinct_only	20000	valid	0	0.9790013	0.13759367	8.650177e-07	0.0006440611	7.5433236e-05	0.86005217	0.020922467	0.0017101625
20091	SAS	SAS	distinct_only	20000	order_mismatch	1	1.1402911e-06	7.4204596e-05	0.9999612	0.9966313	1.9996483e-05	0.0032831328	1.7689608e-05	1.1327088e-05
20091	SAS	SAS	distinct_only	20000	sign_corruption	2	0.0026503047	9.131834e-05	0.0037810307	0.06636516	0.97363967	0.9335384	0.019929003	5.1239726e-06
20091	SAS	AMR	distinct_only	20000	ld_mismatch	3	0.9881072	0.017405674	5.925545e-07	0.0026030368	4.418197e-05	0.97971743	0.011848147	0.00027385578
20091	AMR	AMR	shared_plus_specific	2000	valid	0	0.894758	0.745212	2.1813555e-06	9.5083425e-17	0.0015401398	0.00094615977	0.10369969	0.25384176
20091	AMR	AMR	shared_plus_specific	2000	order_mismatch	1	0.00025369902	3.3278312e-07	0.991172	0.99977726	0.00037842046	0.00022238914	0.008195813	3.6344954e-08
20091	AMR	AMR	shared_plus_specific	2000	sign_corruption	2	4.598514e-06	0.4505702	1.3839464e-05	5.052798e-10	0.9999171	0.28332964	6.4434134e-05	0.2661001
20091	AMR	SAS	shared_plus_specific	2000	ld_mismatch	3	0.44460213	0.7298046	2.175745e-06	5.0579354e-13	0.0005439354	0.0021508043	0.55485183	0.26804465
20091	AMR	AMR	shared_plus_specific	20000	valid	0	0.8812139	0.6808994	1.024682e-06	5.022873e-18	0.0002502377	8.39153e-05	0.118534826	0.3190167
20091	AMR	AMR	shared_plus_specific	20000	order_mismatch	1	0.000929703	2.7708768e-06	0.99732095	0.9992755	0.00088435336	0.0007212362	0.00086502795	5.3183584e-07
20091	AMR	AMR	shared_plus_specific	20000	sign_corruption	2	1.982817e-06	0.08064119	1.4054698e-05	1.3565087e-08	0.99997133	0.82590264	1.264202e-05	0.09345618
20091	AMR	SAS	shared_plus_specific	20000	ld_mismatch	3	0.20067997	0.60146177	5.0490553e-07	9.690854e-16	0.000100486905	0.00039722075	0.7992191	0.39814103
20091	AMR	AMR	distinct_only	2000	valid	0	0.6736986	0.01177621	6.307767e-05	0.009794805	0.00022685221	0.97834253	0.32601148	8.649821e-05
20091	AMR	AMR	distinct_only	2000	order_mismatch	1	1.7633247e-06	3.2674068e-06	0.9987301	0.9990675	0.00061432243	0.00092893856	0.00065382716	4.057829e-07
20091	AMR	AMR	distinct_only	2000	sign_corruption	2	0.06595242	4.9529563e-06	0.022963107	0.7649946	0.3013781	0.23500028	0.6097064	1.6320122e-07
20091	AMR	SAS	distinct_only	2000	ld_mismatch	3	0.54201716	0.022661626	0.00011977513	0.16871889	0.00052793167	0.8083998	0.45733508	0.00021971336
20091	AMR	AMR	distinct_only	20000	valid	0	0.99133396	0.0034093894	7.1449663e-06	0.11243575	0.00019937339	0.8841083	0.008459535	4.6581943e-05
20091	AMR	AMR	distinct_only	20000	order_mismatch	1	1.220349e-07	2.0933596e-05	0.9989951	0.9769295	1.7926097e-05	0.023045659	0.0009868767	4.008964e-06
20091	AMR	AMR	distinct_only	20000	sign_corruption	2	0.0013475128	2.749263e-05	0.013509548	0.83649045	0.9735873	0.16348101	0.011555721	1.028678e-06
20091	AMR	SAS	distinct_only	20000	ld_mismatch	3	0.98852205	0.0013834253	0.00018071542	0.93030083	0.003758016	0.06828958	0.0075391587	2.6270684e-05
20092	SAS	SAS	shared_plus_specific	2000	valid	0	0.95929617	0.6368428	5.7546128e-08	5.890549e-17	7.539525e-05	0.0008531636	0.040628407	0.362304
20092	SAS	SAS	shared_plus_specific	2000	order_mismatch	1	2.200081e-06	2.614377e-06	0.99997425	0.9997577	6.5912577e-06	0.00023930664	1.6993936e-05	3.8135343e-07
20092	SAS	SAS	shared_plus_specific	2000	sign_corruption	2	1.3936202e-05	0.28767565	1.1026107e-05	1.3109657e-09	0.99965745	0.41527146	0.00031754593	0.29705295
20092	SAS	AMR	shared_plus_specific	2000	ld_mismatch	3	0.039808583	0.58690804	1.9255799e-08	5.810249e-16	7.758175e-06	0.0033640896	0.9601836	0.40972784
20092	SAS	SAS	shared_plus_specific	20000	valid	0	0.9950374	0.62230545	1.2335872e-07	5.2957943e-19	3.2986907e-05	0.000150009	0.004929448	0.37754458
20092	SAS	SAS	shared_plus_specific	20000	order_mismatch	1	9.7149685e-05	1.9681129e-05	0.99979615	0.9989157	9.469571e-05	0.0010600358	1.2023132e-05	4.6563955e-06
20092	SAS	SAS	shared_plus_specific	20000	sign_corruption	2	4.8458805e-06	0.3404379	2.8095441e-05	7.153096e-10	0.99996024	0.2958812	6.832755e-06	0.36368096
20092	SAS	AMR	shared_plus_specific	20000	ld_mismatch	3	0.88011765	0.5644938	7.6238e-07	1.8251411e-18	0.00016138218	0.00044417006	0.11972023	0.43506202
20092	SAS	SAS	distinct_only	2000	valid	0	0.7825446	2.5118613e-06	0.0009998777	0.9953017	0.005121472	0.0046956404	0.21133405	6.14981e-08
20092	SAS	SAS	distinct_only	2000	order_mismatch	1	2.3307036e-06	7.510698e-07	0.99877024	0.99033797	0.0007144061	0.00966129	0.0005129922	1.2561384e-07
20092	SAS	SAS	distinct_only	2000	sign_corruption	2	0.0046541314	9.689641e-08	0.20390713	0.992525	0.7795028	0.007474904	0.011935956	8.18368e-09
20092	SAS	AMR	distinct_only	2000	ld_mismatch	3	0.59624225	4.847581e-08	0.067192435	0.9996456	0.20730026	0.00035442892	0.1292651	2.5379385e-09
20092	SAS	SAS	distinct_only	20000	valid	0	0.9603238	1.741066e-05	0.0001512851	0.9781789	0.0005472127	0.021802686	0.038977686	1.002615e-06
20092	SAS	SAS	distinct_only	20000	order_mismatch	1	3.909881e-07	1.9602376e-07	0.99987555	0.9920185	7.3980445e-05	0.007981271	5.013258e-05	3.04084e-08
20092	SAS	SAS	distinct_only	20000	sign_corruption	2	0.00031776412	1.6355746e-07	0.0641629	0.96759677	0.93460315	0.03240317	0.00091616163	2.4428408e-08
20092	SAS	AMR	distinct_only	20000	ld_mismatch	3	0.9487229	5.1851703e-06	0.000937559	0.9807746	0.0044397656	0.019219661	0.045899823	6.035114e-07
20092	AMR	AMR	shared_plus_specific	2000	valid	0	0.9236037	0.5200072	2.462297e-08	3.2616364e-11	5.699829e-06	0.003635796	0.076390594	0.47635698
20092	AMR	AMR	shared_plus_specific	2000	order_mismatch	1	3.703128e-07	7.3979565e-05	0.99501157	0.9989943	6.9386464e-05	0.00090231595	0.0049186684	2.9452838e-05
20092	AMR	AMR	shared_plus_specific	2000	sign_corruption	2	2.8486581e-06	0.13033403	1.4228608e-05	5.397282e-06	0.9992873	0.7035764	0.0006955793	0.16608422
20092	AMR	SAS	shared_plus_specific	2000	ld_mismatch	3	0.6949695	0.5272984	1.202944e-07	1.3545025e-10	1.2541936e-05	0.007904446	0.30501792	0.46479717
20092	AMR	AMR	shared_plus_specific	20000	valid	0	0.99435836	0.88994884	8.856398e-08	3.20741e-15	6.224041e-05	0.00061448646	0.0055792686	0.109436706
20092	AMR	AMR	shared_plus_specific	20000	order_mismatch	1	1.1592641e-05	0.0006986858	0.99980116	0.9606873	0.00017369581	0.038406406	1.35178025e-05	0.00020757929
20092	AMR	AMR	shared_plus_specific	20000	sign_corruption	2	0.0029150809	0.16076039	5.6667417e-05	5.5124934e-07	0.99696225	0.7805703	6.608745e-05	0.058668755
20092	AMR	SAS	shared_plus_specific	20000	ld_mismatch	3	0.75380355	0.8720739	1.3347814e-07	1.5175379e-15	2.507645e-05	0.00019783234	0.24617118	0.12772828
20092	AMR	AMR	distinct_only	2000	valid	0	0.90552735	0.7738651	7.8168915e-07	1.7453523e-08	0.00010544298	0.061169017	0.09436646	0.16496585
20092	AMR	AMR	distinct_only	2000	order_mismatch	1	2.7529882e-07	0.00023665225	0.9998617	0.9989698	1.6995593e-05	0.00071723544	0.000121018966	7.631186e-05
20092	AMR	AMR	distinct_only	2000	sign_corruption	2	5.9843605e-06	0.0070044235	2.6924734e-05	0.0017917263	0.9990499	0.987703	0.0009172142	0.0035008995
20092	AMR	SAS	distinct_only	2000	ld_mismatch	3	0.7607437	0.7264443	6.009404e-07	1.7732993e-05	4.953105e-05	0.0381585	0.23920618	0.23537944
20092	AMR	AMR	distinct_only	20000	valid	0	0.99727964	0.42748606	3.4889065e-06	0.17917258	0.000105199724	0.3608128	0.0026116201	0.032528453
20092	AMR	AMR	distinct_only	20000	order_mismatch	1	5.8902657e-07	9.605676e-06	0.99998474	0.9996762	8.406215e-06	0.00031130688	6.2716463e-06	2.8532054e-06
20092	AMR	AMR	distinct_only	20000	sign_corruption	2	0.0010285809	7.7604755e-06	0.00040741047	0.38597068	0.9936629	0.61401814	0.0049011125	3.4679001e-06
20092	AMR	SAS	distinct_only	20000	ld_mismatch	3	0.6279436	0.3814979	1.0859699e-05	0.44402212	7.8298894e-05	0.1374153	0.37196723	0.037064727
20093	SAS	SAS	shared_plus_specific	2000	valid	0	0.7367299	0.55093443	1.7055917e-09	8.05856e-12	2.2600318e-06	0.24699809	0.2632678	0.20206748
20093	SAS	SAS	shared_plus_specific	2000	order_mismatch	1	1.7775507e-06	1.3468468e-06	0.9999006	0.9989969	8.3105486e-05	0.001001615	1.4529214e-05	1.2367313e-07
20093	SAS	SAS	shared_plus_specific	2000	sign_corruption	2	1.4412766e-06	2.226236e-05	1.7083066e-05	6.4961323e-06	0.99987227	0.9999579	0.00010920531	1.3341826e-05
20093	SAS	AMR	shared_plus_specific	2000	ld_mismatch	3	0.86766034	0.24926929	7.6117965e-09	4.667406e-11	7.9740175e-06	0.5713552	0.1323317	0.17937548
20093	SAS	SAS	shared_plus_specific	20000	valid	0	0.98004746	0.7363841	1.3178264e-09	1.0162029e-12	8.31279e-07	0.034761917	0.019951707	0.22885397
20093	SAS	SAS	shared_plus_specific	20000	order_mismatch	1	8.559073e-07	2.9476098e-06	0.9999339	0.99977523	5.9967457e-05	0.00022158673	5.283347e-06	1.8100937e-07
20093	SAS	SAS	shared_plus_specific	20000	sign_corruption	2	2.201137e-07	0.00015900917	1.9116767e-06	5.962038e-08	0.99997425	0.9997167	2.3617738e-05	0.00012421685
20093	SAS	AMR	shared_plus_specific	20000	ld_mismatch	3	0.93028873	0.52028185	5.1609335e-09	4.1237604e-12	1.5998703e-06	0.10393109	0.06970968	0.37578708
20093	SAS	SAS	distinct_only	2000	valid	0	0.37185	0.68954283	4.35278e-09	1.1039437e-15	2.3039145e-06	0.00074328965	0.6281478	0.30971393
20093	SAS	SAS	distinct_only	2000	order_mismatch	1	9.852209e-07	3.610612e-06	0.99995214	0.9999486	3.2634456e-05	4.74389e-05	1.4259128e-05	3.4477665e-07
20093	SAS	SAS	distinct_only	2000	sign_corruption	2	1.8575868e-07	0.033493403	6.8347185e-06	6.044427e-07	0.99995613	0.94311434	3.691855e-05	0.023391627
20093	SAS	AMR	distinct_only	2000	ld_mismatch	3	0.77532285	0.45947558	1.5247802e-09	7.3931016e-16	1.0176785e-06	0.00070746127	0.22467612	0.5398169
20093	SAS	SAS	distinct_only	20000	valid	0	0.99517184	0.72471434	4.8574997e-09	2.7518824e-15	3.2266662e-06	0.00077260466	0.004824942	0.2745131
20093	SAS	SAS	distinct_only	20000	order_mismatch	1	3.073057e-06	3.1580457e-05	0.9999456	0.9998124	4.5424265e-05	0.00015193615	5.9483377e-06	4.021301e-06
20093	SAS	SAS	distinct_only	20000	sign_corruption	2	1.604081e-05	0.41165388	1.1642613e-05	2.2719126e-08	0.9999669	0.3210942	5.3317713e-06	0.26725194
20093	SAS	AMR	distinct_only	20000	ld_mismatch	3	0.9992051	0.57387984	9.5910595e-09	2.8301393e-15	4.9558244e-06	0.0005078565	0.00078998087	0.42561233
20093	AMR	AMR	shared_plus_specific	2000	valid	0	0.9760415	0.7337155	6.653995e-07	4.5300715e-11	0.0012534047	0.053988427	0.02270441	0.21229605
20093	AMR	AMR	shared_plus_specific	2000	order_mismatch	1	2.4694828e-05	5.877221e-06	0.99963474	0.9988462	0.00033736893	0.0011471147	3.1358693e-06	8.354454e-07
20093	AMR	AMR	shared_plus_specific	2000	sign_corruption	2	2.1314781e-05	0.043363404	2.6899317e-05	1.2576284e-06	0.99990815	0.93318844	4.3603708e-05	0.023446959
20093	AMR	SAS	shared_plus_specific	2000	ld_mismatch	3	0.64560145	0.718935	2.397478e-06	1.1902676e-10	0.003168014	0.020834792	0.3512282	0.26023018
20093	AMR	AMR	shared_plus_specific	20000	valid	0	0.99935466	0.6625564	1.2961933e-09	1.4232874e-13	5.3885924e-07	0.012419984	0.0006447882	0.3250236
20093	AMR	AMR	shared_plus_specific	20000	order_mismatch	1	1.5545555e-05	1.2918516e-06	0.99992377	0.9998807	5.735802e-05	0.00011792489	3.298018e-06	1.1482008e-07
20093	AMR	AMR	shared_plus_specific	20000	sign_corruption	2	2.8696259e-06	0.0008265159	7.1716454e-06	2.9307519e-06	0.9999754	0.99856097	1.4667311e-05	0.0006095924
20093	AMR	SAS	shared_plus_specific	20000	ld_mismatch	3	0.852762	0.61187375	3.967863e-09	1.03998e-13	2.753598e-06	0.002100138	0.14723524	0.38602617
20093	AMR	AMR	distinct_only	2000	valid	0	0.9995117	0.9418206	8.1278394e-08	2.7561754e-14	2.7491993e-05	0.001943311	0.0004606723	0.056235965
20093	AMR	AMR	distinct_only	2000	order_mismatch	1	0.0014596205	0.00046796104	0.99746376	0.9972953	0.0010105532	0.0021548695	6.603412e-05	8.185615e-05
20093	AMR	AMR	distinct_only	2000	sign_corruption	2	0.17663948	0.056392908	0.00016912981	3.5544274e-06	0.82288074	0.9273296	0.0003106132	0.016273947
20093	AMR	SAS	distinct_only	2000	ld_mismatch	3	0.9705625	0.9283384	7.775393e-07	1.585256e-11	0.00022037938	0.007184443	0.029216332	0.06447707
20093	AMR	AMR	distinct_only	20000	valid	0	0.983741	0.7666776	6.243236e-08	4.559545e-18	6.6291595e-06	0.0003685194	0.016252244	0.23295386
20093	AMR	AMR	distinct_only	20000	order_mismatch	1	0.0003031716	4.225849e-05	0.9945221	0.9991178	0.0051454664	0.00083645596	2.9232986e-05	3.4263262e-06
20093	AMR	AMR	distinct_only	20000	sign_corruption	2	1.9621033e-05	0.44390914	3.6407295e-05	5.420267e-09	0.9998576	0.31031567	8.6456836e-05	0.24577518
20093	AMR	SAS	distinct_only	20000	ld_mismatch	3	0.27103338	0.7032937	2.7164816e-07	3.9843335e-14	6.7193214e-05	0.00040456315	0.7288992	0.2963018
20094	SAS	SAS	shared_plus_specific	2000	valid	0	0.9992826	0.29025576	1.0236065e-08	3.518556e-08	4.6319806e-06	0.47617948	0.0007127567	0.23356472
20094	SAS	SAS	shared_plus_specific	2000	order_mismatch	1	8.338225e-06	6.766349e-07	0.9999668	0.9999417	2.2342268e-05	5.7572168e-05	2.5289298e-06	5.103046e-08
20094	SAS	SAS	shared_plus_specific	2000	sign_corruption	2	8.620713e-06	0.0010488551	6.687738e-06	0.00010340839	0.9999809	0.9979938	3.6907998e-06	0.00085401075
20094	SAS	AMR	shared_plus_specific	2000	ld_mismatch	3	0.901658	0.21896116	4.3188527e-07	4.881149e-09	0.00015142815	0.5722578	0.098190166	0.20878102
20094	SAS	SAS	shared_plus_specific	20000	valid	0	0.99930763	0.03306432	8.5295704e-07	0.0005222414	2.943309e-05	0.9536818	0.0006620301	0.012731706
20094	SAS	SAS	shared_plus_specific	20000	order_mismatch	1	6.2734887e-07	1.7321507e-07	0.9999792	0.9999776	1.5093366e-05	2.234294e-05	5.07056e-06	1.0861858e-08
20094	SAS	SAS	shared_plus_specific	20000	sign_corruption	2	1.3198446e-05	0.000109132045	0.00068924	0.015317568	0.9992854	0.98452973	1.2243466e-05	4.3499324e-05
20094	SAS	AMR	shared_plus_specific	20000	ld_mismatch	3	0.84717363	0.018387815	0.00048019784	0.00031038272	0.11498407	0.97205	0.03736212	0.009251822
20094	SAS	SAS	distinct_only	2000	valid	0	0.99546915	0.12040689	3.7231018e-06	8.586558e-09	0.0034325647	0.83825666	0.0010945728	0.041336454
20094	SAS	SAS	distinct_only	2000	order_mismatch	1	4.744336e-07	7.068092e-06	0.9999671	0.9945774	9.503538e-06	0.005414322	2.2994122e-05	1.207574e-06
20094	SAS	SAS	distinct_only	2000	sign_corruption	2	0.000112316826	0.00921619	0.0016902125	2.057885e-05	0.9979885	0.9873526	0.00020888985	0.0034106357
20094	SAS	AMR	distinct_only	2000	ld_mismatch	3	0.82338375	0.021757884	0.00011019843	9.341504e-07	0.016337702	0.9692854	0.16016829	0.008955768
20094	SAS	SAS	distinct_only	20000	valid	0	0.9995119	0.8035022	2.1311092e-07	2.479069e-17	5.8530855e-05	0.0014756351	0.0004294087	0.19502214
20094	SAS	SAS	distinct_only	20000	order_mismatch	1	1.0867807e-06	6.6952766e-06	0.9999841	0.9993364	4.2029983e-06	0.0006562273	1.0654489e-05	6.8196596e-07
20094	SAS	SAS	distinct_only	20000	sign_corruption	2	6.831462e-06	0.20003952	3.8353315e-05	2.6938903e-08	0.9999525	0.724107	2.3615e-06	0.07585346
20094	SAS	AMR	distinct_only	20000	ld_mismatch	3	0.97063684	0.7474766	7.308261e-07	1.3150589e-15	0.00022661204	0.027264273	0.02913571	0.22525917
20094	AMR	AMR	shared_plus_specific	2000	valid	0	0.9993953	0.42187944	1.6518852e-08	6.804812e-07	4.324154e-06	0.356335	0.0006003792	0.22178486
20094	AMR	AMR	shared_plus_specific	2000	order_mismatch	1	3.4467212e-06	2.0000543e-06	0.99966294	0.9999659	0.00011088368	3.1869757e-05	0.00022271818	2.370612e-07
20094	AMR	AMR	shared_plus_specific	2000	sign_corruption	2	2.4669162e-05	0.007630748	1.31153465e-05	0.008855023	0.99987245	0.9798146	8.9745736e-05	0.0036996524
20094	AMR	SAS	shared_plus_specific	2000	ld_mismatch	3	0.30190185	0.35080016	5.8610336e-08	3.941863e-06	1.5232342e-05	0.35779202	0.6980829	0.2914039
20094	AMR	AMR	shared_plus_specific	20000	valid	0	0.9942301	0.26345557	4.0446892e-07	4.720021e-06	1.7166074e-05	0.6274353	0.005752332	0.109104425
20094	AMR	AMR	shared_plus_specific	20000	order_mismatch	1	1.71362e-07	2.2253984e-07	0.99992007	0.99979156	6.184748e-06	0.00020825403	7.3578405e-05	2.3924443e-08
20094	AMR	AMR	shared_plus_specific	20000	sign_corruption	2	3.2728432e-05	0.000120218174	6.0796796e-05	0.000627286	0.99929833	0.9991943	0.00060809264	5.814929e-05
20094	AMR	SAS	shared_plus_specific	20000	ld_mismatch	3	0.99401706	0.28140956	4.0258735e-07	1.1597936e-05	1.6537728e-05	0.5769699	0.0059660138	0.14160897
20094	AMR	AMR	distinct_only	2000	valid	0	0.9997582	0.5774507	1.6574403e-07	4.0202258e-10	1.5023591e-05	0.013774628	0.00022664551	0.40877467
20094	AMR	AMR	distinct_only	2000	order_mismatch	1	6.6825837e-06	4.6751347e-06	0.9994712	0.99991214	0.00015289008	8.251183e-05	0.00036923788	7.2628757e-07
20094	AMR	AMR	distinct_only	2000	sign_corruption	2	1.5039859e-06	0.014919243	1.8176157e-05	5.6019344e-05	0.99997187	0.9680438	8.428719e-06	0.01698082
20094	AMR	SAS	distinct_only	2000	ld_mismatch	3	0.9932957	0.48006403	4.4812605e-08	2.6240737e-10	4.9799182e-05	0.0025026475	0.0066544055	0.5174333
20094	AMR	AMR	distinct_only	20000	valid	0	0.99457735	0.017532336	4.6660077e-07	3.7333597e-10	8.518816e-05	0.97865844	0.005337093	0.003809223
20094	AMR	AMR	distinct_only	20000	order_mismatch	1	2.6201053e-06	4.2900547e-06	0.9968624	0.5269649	0.0013712803	0.47302938	0.0017636932	1.4649725e-06
20094	AMR	AMR	distinct_only	20000	sign_corruption	2	7.743692e-05	2.1422376e-05	3.1926058e-05	5.47177e-06	0.9998328	0.99996305	5.786381e-05	1.0068311e-05
20094	AMR	SAS	distinct_only	20000	ld_mismatch	3	0.9690874	0.033434	1.7112929e-05	1.0251735e-07	0.0003495904	0.95505816	0.03054589	0.011507814
20095	SAS	SAS	shared_plus_specific	2000	valid	0	0.9984099	0.08493151	9.518556e-07	3.6661483e-08	0.00019371351	0.8566524	0.0013954779	0.058416083
20095	SAS	SAS	shared_plus_specific	2000	order_mismatch	1	7.2773914e-06	5.9952226e-06	0.99971706	0.996336	0.00026940167	0.0036569338	6.2009162e-06	1.1694883e-06
20095	SAS	SAS	shared_plus_specific	2000	sign_corruption	2	2.143367e-06	0.0067754174	4.733643e-05	9.839041e-05	0.9999421	0.98845065	8.293665e-06	0.004675535
20095	SAS	AMR	shared_plus_specific	2000	ld_mismatch	3	0.9904595	0.22982608	4.4450594e-06	2.8375464e-09	0.0025227212	0.6181433	0.0070131994	0.15203054
20095	SAS	SAS	shared_plus_specific	20000	valid	0	0.9979308	0.4290871	2.4331277e-08	3.6286416e-09	5.895899e-06	0.035643954	0.0020632462	0.53526896
20095	SAS	SAS	shared_plus_specific	20000	order_mismatch	1	5.9698505e-06	4.1833184e-05	0.9999506	0.9997662	4.070216e-05	0.0001857715	2.696014e-06	6.16007e-06
20095	SAS	SAS	shared_plus_specific	20000	sign_corruption	2	1.8320528e-05	0.0015135709	6.6350135e-06	0.0002745133	0.9999721	0.99699783	2.950331e-06	0.0012140545
20095	SAS	AMR	shared_plus_specific	20000	ld_mismatch	3	0.9910161	0.39027646	4.02882e-08	1.0364343e-09	2.108376e-05	0.03653469	0.008962843	0.57318884
20095	SAS	SAS	distinct_only	2000	valid	0	0.97012216	0.0015830764	4.9186692e-05	0.7435233	0.00069508614	0.25487107	0.029133523	2.2526418e-05
20095	SAS	SAS	distinct_only	2000	order_mismatch	1	2.6771008e-07	5.7030087e-07	0.99991816	0.99632	5.4043223e-05	0.0036794369	2.750357e-05	5.608873e-08
20095	SAS	SAS	distinct_only	2000	sign_corruption	2	0.005873093	2.8087769e-07	0.25939962	0.93963677	0.7319185	0.06036293	0.0028088351	2.6788591e-08
20095	SAS	AMR	distinct_only	2000	ld_mismatch	3	0.9678807	5.5500146e-05	0.0004622341	0.9367764	0.005813441	0.06316671	0.02584367	1.2944486e-06
20095	SAS	SAS	distinct_only	20000	valid	0	0.90786487	9.7583084e-05	0.00016634748	0.99128693	0.00069732446	0.008614618	0.09127141	8.4250894e-07
20095	SAS	SAS	distinct_only	20000	order_mismatch	1	2.1622958e-07	9.498194e-08	0.9999127	0.9998585	9.385303e-06	0.00014134191	7.771845e-05	8.787708e-09
20095	SAS	SAS	distinct_only	20000	sign_corruption	2	0.003813523	1.906802e-08	0.32172635	0.9701562	0.6627733	0.029843766	0.011686776	1.8235435e-09
20095	SAS	AMR	distinct_only	20000	ld_mismatch	3	0.7678147	8.71249e-06	0.0023751685	0.9953988	0.009064783	0.004592336	0.22074528	2.1485042e-07
20095	AMR	AMR	shared_plus_specific	2000	valid	0	0.9809325	0.40538818	7.694169e-05	3.1085392e-06	0.015001682	0.11417853	0.0039889184	0.48043013
20095	AMR	AMR	shared_plus_specific	2000	order_mismatch	1	6.361674e-05	0.0003797271	0.99886316	0.9284189	0.0010647114	0.071034	8.517675e-06	0.00016742531
20095	AMR	AMR	shared_plus_specific	2000	sign_corruption	2	0.0001796694	0.066573866	0.0006803817	0.002045978	0.9989856	0.86543393	0.00015432357	0.065946184
20095	AMR	SAS	shared_plus_specific	2000	ld_mismatch	3	0.64476365	0.3888456	3.5317913e-05	1.0688473e-05	0.0027132032	0.051127024	0.3524879	0.5600167
20095	AMR	AMR	shared_plus_specific	20000	valid	0	0.9994715	0.590543	4.313894e-09	5.722315e-10	5.8205424e-06	0.0033508963	0.000522647	0.40610614
20095	AMR	AMR	shared_plus_specific	20000	order_mismatch	1	3.357018e-05	0.0019256137	0.99928117	0.9885151	0.00067874504	0.009260724	6.486498e-06	0.00029855804
20095	AMR	AMR	shared_plus_specific	20000	sign_corruption	2	4.4749127e-06	0.036722865	1.8727184e-06	1.0951734e-06	0.9999769	0.91901267	1.6752803e-05	0.044263348
20095	AMR	SAS	shared_plus_specific	20000	ld_mismatch	3	0.3281589	0.5084815	2.7513536e-07	6.021953e-07	7.519543e-05	0.006308685	0.6717656	0.4852092
20095	AMR	AMR	distinct_only	2000	valid	0	0.99946755	0.55780333	9.3316197e-07	1.0499866e-06	3.976144e-05	0.1758448	0.0004918076	0.26635078
20095	AMR	AMR	distinct_only	2000	order_mismatch	1	1.6860442e-07	4.1425524e-06	0.99980015	0.9989353	3.6488436e-05	0.0010598291	0.00016321843	6.5748986e-07
20095	AMR	AMR	distinct_only	2000	sign_corruption	2	1.892454e-05	0.0011271462	9.279508e-05	0.0041584135	0.99981856	0.994173	6.976601e-05	0.00054149935
20095	AMR	SAS	distinct_only	2000	ld_mismatch	3	0.9734392	0.53633004	8.416618e-07	3.288193e-06	3.5954534e-05	0.109160885	0.026524024	0.35450584
20095	AMR	AMR	distinct_only	20000	valid	0	0.9995864	0.18333267	1.8474351e-06	0.68282187	5.244697e-05	0.1133059	0.00035925917	0.020539584
20095	AMR	AMR	distinct_only	20000	order_mismatch	1	1.2823592e-06	6.0300754e-06	0.99998075	0.99980944	1.02050435e-05	0.00018326612	7.7125e-06	1.2510636e-06
20095	AMR	AMR	distinct_only	20000	sign_corruption	2	0.0020687806	1.8196757e-05	0.0006210087	0.6495649	0.9941154	0.3504098	0.003194822	7.0673013e-06
20095	AMR	SAS	distinct_only	20000	ld_mismatch	3	0.910532	0.052714344	5.165768e-06	0.9225022	7.574416e-05	0.016180154	0.08938705	0.0086033745
20096	SAS	SAS	shared_plus_specific	2000	valid	0	0.9954214	0.32183096	5.4350892e-08	0.00040871603	2.5115287e-05	0.39906228	0.004553425	0.27869806
20096	SAS	SAS	shared_plus_specific	2000	order_mismatch	1	1.0441706e-05	2.1066113e-05	0.99990416	0.99668413	6.328581e-05	0.003290551	2.2119779e-05	4.280342e-06
20096	SAS	SAS	shared_plus_specific	2000	sign_corruption	2	0.0005947197	0.001684549	3.0091998e-05	0.012208159	0.99931496	0.98485076	6.0289636e-05	0.0012565746
20096	SAS	AMR	shared_plus_specific	2000	ld_mismatch	3	0.99555635	0.1342431	2.0688721e-07	0.00059410126	6.8836205e-05	0.7214415	0.0043746396	0.14372128
20096	SAS	SAS	shared_plus_specific	20000	valid	0	0.99057597	0.9589531	1.659288e-08	3.0103853e-09	6.409436e-06	0.004023774	0.009417686	0.037023135
20096	SAS	SAS	shared_plus_specific	20000	order_mismatch	1	1.3476937e-06	7.568923e-05	0.99997616	0.9998529	1.9180412e-05	6.0110713e-05	3.320144e-06	1.1372029e-05
20096	SAS	SAS	shared_plus_specific	20000	sign_corruption	2	0.0001853307	0.011858736	7.0998845e-05	0.00447143	0.99957085	0.98124677	0.00017289848	0.0024231293
20096	SAS	AMR	shared_plus_specific	20000	ld_mismatch	3	0.9914543	0.9223033	5.9362075e-09	1.728461e-08	2.5610927e-06	0.025197675	0.008543199	0.052498937
20096	SAS	SAS	distinct_only	2000	valid	0	0.98445696	0.5850305	1.5903469e-08	1.18286355e-14	5.491695e-06	0.00028019905	0.015537548	0.4146893
20096	SAS	SAS	distinct_only	2000	order_mismatch	1	1.0036466e-05	0.0015039705	0.99987143	0.9973942	9.914395e-05	0.00079342735	1.9416419e-05	0.0003084544
20096	SAS	SAS	distinct_only	2000	sign_corruption	2	1.1357417e-05	0.27540973	1.2142834e-05	4.206677e-07	0.99997026	0.37506387	6.1974583e-06	0.34952596
20096	SAS	AMR	distinct_only	2000	ld_mismatch	3	0.9690605	0.5138608	7.7246256e-08	5.0271634e-15	3.234386e-05	0.0015176287	0.030907115	0.48462152
20096	SAS	SAS	distinct_only	20000	valid	0	0.9984519	0.8526555	2.6462155e-08	4.4907182e-13	1.9244275e-05	0.0005804388	0.0015289154	0.1467641
20096	SAS	SAS	distinct_only	20000	order_mismatch	1	3.887519e-06	0.0022537757	0.99990815	0.955201	6.037034e-05	0.041399416	2.7603217e-05	0.001145692
20096	SAS	SAS	distinct_only	20000	sign_corruption	2	5.7281537e-05	0.3573656	1.7671884e-05	2.3209443e-06	0.99992126	0.46390173	3.810812e-06	0.17873035
20096	SAS	AMR	distinct_only	20000	ld_mismatch	3	0.9717355	0.8018834	2.2722888e-07	2.0232932e-14	0.00018503143	0.00024080912	0.028079286	0.19787584
20096	AMR	AMR	shared_plus_specific	2000	valid	0	0.9941402	0.10223261	1.2288815e-06	0.0012333712	0.00018775316	0.8932578	0.005670788	0.0032762235
20096	AMR	AMR	shared_plus_specific	2000	order_mismatch	1	3.860804e-06	2.7652961e-06	0.99917275	0.99978536	0.00018202204	0.00021163374	0.00064131944	2.5072077e-07
20096	AMR	AMR	shared_plus_specific	2000	sign_corruption	2	0.00010353226	5.693443e-05	0.00090585527	0.37841052	0.998769	0.6215249	0.00022163508	7.7367085e-06
20096	AMR	SAS	shared_plus_specific	2000	ld_mismatch	3	0.6355004	0.7070353	1.1741523e-06	0.00042408236	6.6973975e-05	0.27296123	0.3644314	0.019579364
20096	AMR	AMR	shared_plus_specific	20000	valid	0	0.9987633	0.93886894	6.7669244e-09	2.5709768e-09	1.6905011e-06	0.0035045682	0.001234986	0.057626504
20096	AMR	AMR	shared_plus_specific	20000	order_mismatch	1	7.491158e-05	0.00028182162	0.9996572	0.9993709	0.000186934	0.00029744417	8.0963655e-05	4.985461e-05
20096	AMR	AMR	shared_plus_specific	20000	sign_corruption	2	8.6531094e-05	0.0010792557	5.0072238e-05	0.00025121422	0.99980146	0.9983564	6.19791e-05	0.0003131819
20096	AMR	SAS	shared_plus_specific	20000	ld_mismatch	3	0.6705579	0.93660444	2.5982527e-07	8.681674e-09	1.748364e-05	0.0025060326	0.3294244	0.06088949
20096	AMR	AMR	distinct_only	2000	valid	0	0.99283624	0.75034153	2.2826879e-07	3.8889337e-17	1.965971e-05	0.00038650463	0.00714382	0.24927196
20096	AMR	AMR	distinct_only	2000	order_mismatch	1	0.0008482341	0.00012417552	0.9958461	0.994926	0.0032224061	0.0049254145	8.32868e-05	2.448783e-05
20096	AMR	AMR	distinct_only	2000	sign_corruption	2	5.8309994e-05	0.11836526	1.7009364e-05	2.5967065e-08	0.999887	0.7856741	3.7707505e-05	0.09596056
20096	AMR	SAS	distinct_only	2000	ld_mismatch	3	0.95061326	0.74738973	2.2271179e-07	1.2403726e-15	2.872079e-05	0.00044532272	0.049357783	0.25216502
20096	AMR	AMR	distinct_only	20000	valid	0	0.87639457	0.9672199	4.472664e-07	9.211696e-11	6.4382e-05	0.011034358	0.12354059	0.021745754
20096	AMR	AMR	distinct_only	20000	order_mismatch	1	1.19248225e-05	0.0016914769	0.99983686	0.92042017	0.00013629143	0.07735776	1.4909558e-05	0.00053056603
20096	AMR	AMR	distinct_only	20000	sign_corruption	2	0.24690562	0.040602155	0.00012300808	5.5568824e-05	0.73667985	0.95602435	0.016291553	0.0033178942
20096	AMR	SAS	distinct_only	20000	ld_mismatch	3	0.898261	0.9530137	1.6738094e-06	6.808374e-09	9.698273e-05	0.014596601	0.10164035	0.03238968
20097	SAS	SAS	shared_plus_specific	2000	valid	0	0.5553033	0.41821727	4.811142e-06	0.00021368555	0.00026026275	0.008057908	0.44443163	0.5735112
20097	SAS	SAS	shared_plus_specific	2000	order_mismatch	1	2.6197071e-08	0.0005795378	0.9999741	0.9990343	8.766405e-06	0.00023987718	1.713407e-05	0.00014636699
20097	SAS	SAS	shared_plus_specific	2000	sign_corruption	2	0.00011456024	0.16431974	0.0016480846	0.3639583	0.99768186	0.31567568	0.00055545545	0.15604629
20097	SAS	AMR	shared_plus_specific	2000	ld_mismatch	3	0.17136844	0.33676085	0.00026850885	0.0017232051	0.15716575	0.014838894	0.67119724	0.6466771
20097	SAS	SAS	shared_plus_specific	20000	valid	0	0.37500238	0.040186863	2.3215865e-05	0.02342202	0.0003521221	0.9347276	0.6246223	0.0016634628
20097	SAS	SAS	shared_plus_specific	20000	order_mismatch	1	6.3227037e-07	4.7482798e-05	0.99996567	0.99741024	2.7791866e-05	0.0025369856	5.9178724e-06	5.352667e-06
20097	SAS	SAS	shared_plus_specific	20000	sign_corruption	2	3.718545e-05	4.1961317e-05	0.0007911913	0.93621445	0.9989671	0.06374038	0.0002045298	3.211178e-06
20097	SAS	AMR	shared_plus_specific	20000	ld_mismatch	3	0.6720697	0.04529292	4.3475616e-06	0.006445351	0.00057059847	0.9445653	0.32735536	0.00369643
20097	SAS	SAS	distinct_only	2000	valid	0	0.022057138	0.6642976	2.2116322e-09	1.2173534e-17	1.0405664e-06	0.00050764	0.9779418	0.33519483
20097	SAS	SAS	distinct_only	2000	order_mismatch	1	4.1919895e-07	3.723461e-06	0.999902	0.9999747	5.8652146e-05	2.1313277e-05	3.886838e-05	2.8838156e-07
20097	SAS	SAS	distinct_only	2000	sign_corruption	2	4.4095688e-07	0.041445035	2.407358e-06	4.214893e-09	0.9988664	0.91777724	0.0011307372	0.040777784
20097	SAS	AMR	distinct_only	2000	ld_mismatch	3	0.052850146	0.50054705	1.2480661e-08	6.6797865e-17	1.5055333e-06	0.002194509	0.9471483	0.49725837
20097	SAS	SAS	distinct_only	20000	valid	0	0.82799786	0.7633229	2.3681224e-09	1.4696311e-17	1.192992e-06	0.00032883167	0.17200096	0.23634827
20097	SAS	SAS	distinct_only	20000	order_mismatch	1	2.0243342e-06	1.47046485e-05	0.9999309	0.9999553	5.4170418e-05	2.8477854e-05	1.2835185e-05	1.583444e-06
20097	SAS	SAS	distinct_only	20000	sign_corruption	2	6.905055e-07	0.11206517	6.209113e-06	1.2318483e-07	0.99996823	0.8192232	2.4892104e-05	0.06871152
20097	SAS	AMR	distinct_only	20000	ld_mismatch	3	0.93825716	0.54257023	8.030008e-09	9.882176e-18	1.5703345e-06	0.0002778538	0.061741244	0.4571519
20097	AMR	AMR	shared_plus_specific	2000	valid	0	0.99980515	0.00016660355	3.4209805e-07	0.83169657	1.7423292e-05	0.16812505	0.00017714345	1.1845723e-05
20097	AMR	AMR	shared_plus_specific	2000	order_mismatch	1	1.5560337e-06	5.4741328e-08	0.9998817	0.9998312	2.0029234e-05	0.00016880094	9.674256e-05	5.7269993e-09
20097	AMR	AMR	shared_plus_specific	2000	sign_corruption	2	0.00031938788	1.7386485e-06	0.0009104459	0.9775163	0.99657947	0.022481672	0.0021907473	2.1014698e-07
20097	AMR	SAS	shared_plus_specific	2000	ld_mismatch	3	0.8886442	0.00041232636	1.4799963e-05	0.92412025	0.00045338614	0.07543985	0.11088765	2.7541744e-05
20097	AMR	AMR	shared_plus_specific	20000	valid	0	0.9998978	0.12716459	4.9688193e-08	0.01802766	6.145054e-06	0.8471767	9.5943775e-05	0.0076311403
20097	AMR	AMR	shared_plus_specific	20000	order_mismatch	1	1.1714556e-06	4.2306954e-05	0.9998608	0.9985147	0.00013407989	0.001436772	3.834009e-06	6.2515333e-06
20097	AMR	AMR	shared_plus_specific	20000	sign_corruption	2	7.435042e-05	0.00035525803	0.00012757431	0.36936805	0.9997856	0.63022006	1.2447483e-05	5.6667268e-05
20097	AMR	SAS	shared_plus_specific	20000	ld_mismatch	3	0.64721376	0.2998958	1.9787292e-06	0.06637184	0.00010365113	0.6098664	0.3526806	0.023865953
20097	AMR	AMR	distinct_only	2000	valid	0	0.8631343	0.78127897	0.04268137	2.1727341e-05	0.05348478	0.10270125	0.04069951	0.11599806
20097	AMR	AMR	distinct_only	2000	order_mismatch	1	0.00013676124	4.284999e-05	0.9990223	0.8118034	0.0008259373	0.18813747	1.4948452e-05	1.6252889e-05
20097	AMR	AMR	distinct_only	2000	sign_corruption	2	0.0032644316	0.64511466	0.07800892	0.00023966788	0.9162679	0.2318422	0.0024587954	0.12280349
20097	AMR	SAS	distinct_only	2000	ld_mismatch	3	0.27837035	0.7210911	0.3023276	0.00026035626	0.034785207	0.13804068	0.38451684	0.14060782
20097	AMR	AMR	distinct_only	20000	valid	0	0.9970729	0.78288686	7.472036e-09	2.7674829e-18	4.006932e-06	0.00022685749	0.0029230912	0.21688628
20097	AMR	AMR	distinct_only	20000	order_mismatch	1	0.000115432	0.00013347408	0.9994614	0.99907434	0.00040420788	0.00077779015	1.893908e-05	1.430665e-05
20097	AMR	AMR	distinct_only	20000	sign_corruption	2	3.0485671e-05	0.42167673	1.34416105e-05	1.1615842e-09	0.9999358	0.36902004	2.0234052e-05	0.20930326
20097	AMR	SAS	distinct_only	20000	ld_mismatch	3	0.33861634	0.73905295	4.789658e-08	1.4875615e-15	2.1003e-05	0.00016986832	0.6613626	0.2607772
20098	SAS	SAS	shared_plus_specific	2000	valid	0	0.97508866	0.6191328	5.8400274e-06	0.064976916	0.00017212199	0.21437909	0.024733378	0.10151124
20098	SAS	SAS	shared_plus_specific	2000	order_mismatch	1	1.03755265e-05	0.00012818546	0.9997098	0.99654883	0.00025862808	0.0032619142	2.1232983e-05	6.1005067e-05
20098	SAS	SAS	shared_plus_specific	2000	sign_corruption	2	0.001977008	0.0026967642	0.0020890464	0.26461506	0.9956109	0.72997236	0.00032305738	0.0027158267
20098	SAS	AMR	shared_plus_specific	2000	ld_mismatch	3	0.9714918	0.15812898	0.000109043125	0.47802666	0.0006940516	0.32710004	0.027705079	0.036744345
20098	SAS	SAS	shared_plus_specific	20000	valid	0	0.99351424	0.8715132	2.1902007e-07	0.00068028556	1.2873131e-05	0.026787981	0.006472709	0.10101861
20098	SAS	SAS	shared_plus_specific	20000	order_mismatch	1	4.5120087e-06	7.0152826e-05	0.9999482	0.9992955	4.556531e-05	0.00062076334	1.7501238e-06	1.3545651e-05
20098	SAS	SAS	shared_plus_specific	20000	sign_corruption	2	0.00064160355	0.0004561001	6.060154e-05	0.011955751	0.9992161	0.9873576	8.174695e-05	0.00023061593
20098	SAS	AMR	shared_plus_specific	20000	ld_mismatch	3	0.9990912	0.6052554	5.2927096e-08	0.0042839213	3.8009546e-06	0.27218443	0.0009049207	0.118276164
20098	SAS	SAS	distinct_only	2000	valid	0	0.7458077	0.81695634	9.596226e-06	7.059854e-06	0.0009615349	0.15306708	0.25322115	0.02996955
20098	SAS	SAS	distinct_only	2000	order_mismatch	1	9.5033323e-07	0.0023320783	0.99996215	0.98437446	2.406588e-05	0.012769567	1.2767695e-05	0.000523967
20098	SAS	SAS	distinct_only	2000	sign_corruption	2	0.00011150131	0.015283242	0.00016138119	0.010367069	0.9996467	0.97293943	8.042456e-05	0.0014101889
20098	SAS	AMR	distinct_only	2000	ld_mismatch	3	0.36909667	0.88344175	3.0261683e-05	7.560167e-07	0.0049315584	0.07280343	0.6259416	0.043754023
20098	SAS	SAS	distinct_only	20000	valid	0	0.9842453	0.9094139	1.8222158e-07	1.8453906e-10	5.1835075e-05	0.0019699468	0.015702745	0.0886162
20098	SAS	SAS	distinct_only	20000	order_mismatch	1	4.9493588e-06	0.0067503075	0.9994378	0.92107916	0.00019333341	0.069154635	0.00036385134	0.0030158148
20098	SAS	SAS	distinct_only	20000	sign_corruption	2	0.00402803	0.19210975	8.997921e-05	0.00020424156	0.9954052	0.75627285	0.00047674248	0.051413186
20098	SAS	AMR	distinct_only	20000	ld_mismatch	3	0.9490302	0.88547224	5.234593e-07	3.829179e-12	0.00027784423	0.0008474287	0.050691377	0.11368034
20098	AMR	AMR	shared_plus_specific	2000	valid	0	0.96867913	0.10991452	8.825961e-07	0.053646386	1.745911e-05	0.81865597	0.031302504	0.017783068
20098	AMR	AMR	shared_plus_specific	2000	order_mismatch	1	7.1394743e-07	0.00012493123	0.9998484	0.9957842	9.355418e-06	0.004055146	0.00014142491	3.5745437e-05
20098	AMR	AMR	shared_plus_specific	2000	sign_corruption	2	0.002624246	4.877783e-05	0.0023883192	0.52313864	0.8428933	0.47679603	0.1520941	1.6551454e-05
20098	AMR	SAS	shared_plus_specific	2000	ld_mismatch	3	0.21775542	0.08345124	6.199191e-06	0.40293273	3.4983907e-05	0.4997446	0.7822034	0.013871458
20098	AMR	AMR	shared_plus_specific	20000	valid	0	0.9996753	0.8338494	3.9240625e-08	0.0001063071	2.070501e-06	0.039969496	0.00032261809	0.12607484
20098	AMR	AMR	shared_plus_specific	20000	order_mismatch	1	2.3030878e-05	0.00051459164	0.99988985	0.9972632	5.8162706e-05	0.002076854	2.8946828e-05	0.0001452478
20098	AMR	AMR	shared_plus_specific	20000	sign_corruption	2	0.00010205977	0.0007610938	6.070099e-05	0.012768077	0.9997859	0.9860212	5.139473e-05	0.00044964958
20098	AMR	SAS	shared_plus_specific	20000	ld_mismatch	3	0.5941375	0.7417063	3.920271e-06	0.0034851371	4.2421354e-05	0.1069453	0.40581623	0.14786334
20098	AMR	AMR	distinct_only	2000	valid	0	0.81188184	0.76192504	1.352505e-07	5.201401e-12	1.625486e-05	0.0005224079	0.18810166	0.2375525
20098	AMR	AMR	distinct_only	2000	order_mismatch	1	2.0711568e-05	0.00034960333	0.9977115	0.99446577	0.0021976496	0.0050773234	7.003043e-05	0.000107304055
20098	AMR	AMR	distinct_only	2000	sign_corruption	2	0.0062728007	0.22841552	9.244323e-05	2.7053356e-05	0.9935677	0.60069513	6.702158e-05	0.1708623
20098	AMR	SAS	distinct_only	2000	ld_mismatch	3	0.102565266	0.7404815	1.3211267e-07	4.3472358e-11	1.4544454e-05	0.00086245214	0.89742	0.2586561
20098	AMR	AMR	distinct_only	20000	valid	0	0.44308138	0.9771827	3.1073084e-06	2.2943288e-10	0.00014560607	0.00376261	0.55676985	0.01905469
20098	AMR	AMR	distinct_only	20000	order_mismatch	1	0.00013807886	0.0025422461	0.9987046	0.9580029	0.0011030209	0.038672548	5.434148e-05	0.0007823134
20098	AMR	AMR	distinct_only	20000	sign_corruption	2	0.016900081	0.019306974	0.0019121176	0.0016699675	0.94463205	0.9770627	0.036555734	0.0019604194
20098	AMR	SAS	distinct_only	20000	ld_mismatch	3	0.5430886	0.9517657	2.4275649e-05	1.2216792e-07	0.0002325484	0.015802477	0.45665464	0.032431647
20099	SAS	SAS	shared_plus_specific	2000	valid	0	0.63969606	0.7307839	8.300348e-09	2.383257e-16	3.5818841e-06	0.0033271739	0.3603003	0.265889
20099	SAS	SAS	shared_plus_specific	2000	order_mismatch	1	3.1918793e-07	2.478117e-06	0.9999692	0.9999131	2.2672588e-05	8.4155676e-05	7.801941e-06	2.8296142e-07
20099	SAS	SAS	shared_plus_specific	2000	sign_corruption	2	2.527119e-06	0.0043044304	6.5293934e-06	2.2572438e-07	0.99992156	0.9918473	6.935436e-05	0.0038480854
20099	SAS	AMR	shared_plus_specific	2000	ld_mismatch	3	0.69076806	0.5555037	1.7098602e-08	3.7163388e-16	6.0302723e-06	0.002367989	0.30922583	0.44212827
20099	SAS	SAS	shared_plus_specific	20000	valid	0	0.98372203	0.7453692	2.594584e-09	1.2796272e-13	1.4269699e-06	0.021487812	0.016276488	0.233143
20099	SAS	SAS	shared_plus_specific	20000	order_mismatch	1	9.440301e-07	1.1274346e-06	0.9999535	0.9998708	2.3427943e-05	0.00012807167	2.2075015e-05	7.330073e-08
20099	SAS	SAS	shared_plus_specific	20000	sign_corruption	2	6.4486053e-06	0.0006529834	1.0318278e-06	2.6079359e-09	0.99992484	0.9987827	6.764193e-05	0.00056438084
20099	SAS	AMR	shared_plus_specific	20000	ld_mismatch	3	0.93290836	0.5651798	4.2727475e-09	6.204467e-13	1.7834988e-06	0.106247984	0.06708986	0.32857218
20099	SAS	SAS	distinct_only	2000	valid	0	0.9943915	0.0019586217	1.1780808e-05	0.0005251027	0.0011572852	0.99717253	0.0044393437	0.00034380553
20099	SAS	SAS	distinct_only	2000	order_mismatch	1	1.7771476e-05	1.1694909e-06	0.9994781	0.8660845	0.0004113464	0.13391414	9.282521e-05	2.1557577e-07
20099	SAS	SAS	distinct_only	2000	sign_corruption	2	0.0030724073	0.0012409865	0.00031456025	0.0029189452	0.99614954	0.99562657	0.00046347594	0.00021356803
20099	SAS	AMR	distinct_only	2000	ld_mismatch	3	0.9787898	0.00015745654	0.000105475985	0.0038998774	0.004463839	0.99590755	0.01664084	3.5140074e-05
20099	SAS	SAS	distinct_only	20000	valid	0	0.8545297	0.556733	7.604605e-09	3.972458e-13	5.0748404e-06	0.23923206	0.1454652	0.20403491
20099	SAS	SAS	distinct_only	20000	order_mismatch	1	5.7093785e-06	2.819723e-07	0.99990726	0.9996444	7.069996e-05	0.00035530416	1.6328022e-05	1.5265856e-08
20099	SAS	SAS	distinct_only	20000	sign_corruption	2	4.661164e-07	0.0013864595	1.7004444e-06	1.05189216e-07	0.9999483	0.99786216	4.946827e-05	0.00075130706
20099	SAS	AMR	distinct_only	20000	ld_mismatch	3	0.3911109	0.34365156	2.4683233e-08	2.912278e-12	7.182089e-06	0.44078925	0.6088819	0.21555923
20099	AMR	AMR	shared_plus_specific	2000	valid	0	0.940939	0.5967895	5.5800897e-09	3.235173e-15	2.7719173e-06	0.007506108	0.05905819	0.39570433
20099	AMR	AMR	shared_plus_specific	2000	order_mismatch	1	3.6221516e-06	7.0815497e-07	0.9992066	0.9999025	0.0001238429	9.668971e-05	0.00066595175	8.258238e-08
20099	AMR	AMR	shared_plus_specific	2000	sign_corruption	2	2.7858366e-07	0.0026186837	6.8833547e-06	1.2885195e-07	0.99993104	0.9940262	6.1817256e-05	0.003355019
20099	AMR	SAS	shared_plus_specific	2000	ld_mismatch	3	0.25288406	0.57806665	7.880722e-09	1.9016411e-13	8.049989e-06	0.0045172526	0.747108	0.41741613
20099	AMR	AMR	shared_plus_specific	20000	valid	0	0.975528	0.59207237	2.2292348e-09	9.55673e-15	1.9139454e-06	0.0384525	0.024470083	0.3694752
20099	AMR	AMR	shared_plus_specific	20000	order_mismatch	1	1.8520626e-05	1.8108663e-07	0.9998781	0.99996066	7.333442e-05	3.909696e-05	3.0090632e-05	1.36185525e-08
20099	AMR	AMR	shared_plus_specific	20000	sign_corruption	2	3.467767e-07	0.0013743697	4.062507e-06	4.1113628e-07	0.99994254	0.99747866	5.309546e-05	0.0011465311
20099	AMR	SAS	shared_plus_specific	20000	ld_mismatch	3	0.19390629	0.57257175	3.5100969e-09	5.0139005e-13	2.7745502e-06	0.03454273	0.806091	0.3928855
20099	AMR	AMR	distinct_only	2000	valid	0	0.9212759	0.6828431	9.808817e-09	8.221561e-16	5.3600324e-06	0.017489843	0.078718744	0.29966706
20099	AMR	AMR	distinct_only	2000	order_mismatch	1	1.6828568e-05	2.5790928e-07	0.9992881	0.9999144	0.00012225576	8.534152e-05	0.00057277665	1.6457522e-08
20099	AMR	AMR	distinct_only	2000	sign_corruption	2	9.156656e-08	0.019846238	5.960255e-06	9.226952e-08	0.99983835	0.9670719	0.00015557591	0.013081774
20099	AMR	SAS	distinct_only	2000	ld_mismatch	3	0.48792386	0.578591	3.6132588e-09	4.3278508e-14	1.4115948e-05	0.0030288098	0.512062	0.41838014
20099	AMR	AMR	distinct_only	20000	valid	0	0.94388884	0.565893	8.086762e-09	3.1695246e-13	3.708488e-06	0.14467542	0.0561074	0.2894316
20099	AMR	AMR	distinct_only	20000	order_mismatch	1	4.5582903e-05	1.0550466e-07	0.99979043	0.9999691	0.0001194975	3.0742096e-05	4.4446573e-05	4.9706883e-09
20099	AMR	AMR	distinct_only	20000	sign_corruption	2	3.4068867e-07	0.0025765179	5.5075816e-06	6.2712104e-07	0.9998686	0.9957967	0.00012564384	0.0016261576
20099	AMR	SAS	distinct_only	20000	ld_mismatch	3	0.06531324	0.58691984	8.673434e-09	3.3527865e-11	8.073838e-06	0.086907595	0.93467873	0.32617262
20100	SAS	SAS	shared_plus_specific	2000	valid	0	0.84979457	0.46865794	8.899232e-08	7.0834023e-09	2.1528032e-05	0.112074606	0.1501838	0.4192674
20100	SAS	SAS	shared_plus_specific	2000	order_mismatch	1	1.5394688e-05	1.1299281e-05	0.997904	0.99958473	0.00022584572	0.0004025972	0.0018547565	1.2994092e-06
20100	SAS	SAS	shared_plus_specific	2000	sign_corruption	2	0.00011492948	0.013869367	4.4249853e-05	7.3946736e-05	0.9993867	0.9742362	0.00045411885	0.011820517
20100	SAS	AMR	shared_plus_specific	2000	ld_mismatch	3	0.44858208	0.4482123	2.4266598e-07	2.4815214e-09	9.268686e-05	0.121262066	0.551325	0.43052557
20100	SAS	SAS	shared_plus_specific	20000	valid	0	0.85649014	0.3264569	3.4306364e-09	2.0956945e-10	4.1778817e-06	0.009075159	0.14350572	0.66446793
20100	SAS	SAS	shared_plus_specific	20000	order_mismatch	1	1.0175248e-06	0.00022747718	0.99995464	0.99945134	2.1671554e-05	0.00027903216	2.2669867e-05	4.2229363e-05
20100	SAS	SAS	shared_plus_specific	20000	sign_corruption	2	1.626926e-05	0.069974944	2.3842629e-06	1.7796057e-05	0.99992085	0.8144798	6.048921e-05	0.11552749
20100	SAS	AMR	shared_plus_specific	20000	ld_mismatch	3	0.8443869	0.28749004	1.8360282e-07	3.6014003e-10	0.0005004301	0.011032817	0.15511246	0.70147717
20100	SAS	SAS	distinct_only	2000	valid	0	0.53251904	0.44114316	1.1135973e-05	0.010116257	0.0017308258	0.5285532	0.46573898	0.020187374
20100	SAS	SAS	distinct_only	2000	order_mismatch	1	3.7553616e-07	7.1315546e-05	0.99996763	0.997551	1.0530472e-05	0.0023604555	2.1409694e-05	1.7130951e-05
20100	SAS	SAS	distinct_only	2000	sign_corruption	2	6.628183e-05	0.00078477955	0.00030702812	0.76227015	0.99863863	0.2368186	0.0009881138	0.00012650368
20100	SAS	AMR	distinct_only	2000	ld_mismatch	3	0.6802306	0.89202857	7.020812e-06	1.1265607e-05	0.0035089192	0.0566937	0.3162534	0.05126649
20100	SAS	SAS	distinct_only	20000	valid	0	0.99825734	0.35808685	8.3119994e-07	4.836616e-05	0.00018410654	0.6343858	0.0015576868	0.0074789557
20100	SAS	SAS	distinct_only	20000	order_mismatch	1	8.3273585e-07	1.35621085e-05	0.9999334	0.9944443	5.7212965e-05	0.0055386564	8.493258e-06	3.5223e-06
20100	SAS	SAS	distinct_only	20000	sign_corruption	2	0.00012396328	0.0006179361	0.00070376525	0.17814358	0.99910116	0.82118344	7.109355e-05	5.513322e-05
20100	SAS	AMR	distinct_only	20000	ld_mismatch	3	0.93622476	0.8502688	6.768935e-06	1.8014251e-06	0.000913596	0.12699935	0.06285491	0.022730112
20100	AMR	AMR	shared_plus_specific	2000	valid	0	0.80779105	0.22084959	7.645677e-06	9.1647096e-05	0.0037255727	0.53801847	0.18847568	0.24104027
20100	AMR	AMR	shared_plus_specific	2000	order_mismatch	1	3.131806e-06	3.4562845e-06	0.9904828	0.9999199	4.5761728e-05	7.5951146e-05	0.009468309	7.23503e-07
20100	AMR	AMR	shared_plus_specific	2000	sign_corruption	2	6.487137e-05	0.017803065	8.365392e-05	0.0067471107	0.9917331	0.9575669	0.008118398	0.017882874
20100	AMR	SAS	shared_plus_specific	2000	ld_mismatch	3	0.24924551	0.16857602	1.5479547e-05	0.00033670058	0.0026068548	0.62786514	0.74813217	0.2032222
20100	AMR	AMR	shared_plus_specific	20000	valid	0	0.9752328	0.54731476	3.3221834e-08	1.0420813e-08	7.833557e-06	0.022432392	0.024759375	0.4302528
20100	AMR	AMR	shared_plus_specific	20000	order_mismatch	1	1.3255268e-06	2.0047077e-05	0.9992936	0.99925965	0.00035267894	0.00071746716	0.00035239474	2.8767681e-06
20100	AMR	AMR	shared_plus_specific	20000	sign_corruption	2	2.1432112e-05	0.016364403	8.491194e-06	2.8560322e-05	0.9996503	0.96888226	0.00031973244	0.014724692
20100	AMR	SAS	shared_plus_specific	20000	ld_mismatch	3	0.6435236	0.5307827	2.4469097e-08	2.5052426e-08	7.744077e-06	0.019485358	0.35646868	0.44973195
20100	AMR	AMR	distinct_only	2000	valid	0	0.9971674	0.23466943	0.00016190637	0.07561685	0.0009931676	0.67411315	0.0016774178	0.015600564
20100	AMR	AMR	distinct_only	2000	order_mismatch	1	3.4108976e-07	0.0004043744	0.9999509	0.998187	1.5416457e-05	0.0013438165	3.3285178e-05	6.490434e-05
20100	AMR	AMR	distinct_only	2000	sign_corruption	2	0.033355247	0.0036390913	0.052488077	0.9307503	0.9134868	0.065314874	0.00066983077	0.0002957433
20100	AMR	SAS	distinct_only	2000	ld_mismatch	3	0.3441433	0.011186479	0.22152595	0.9402925	0.38439652	0.04769494	0.04993422	0.00082600076
20100	AMR	AMR	distinct_only	20000	valid	0	0.5472321	0.97906804	1.7158333e-06	6.343192e-11	0.00031276603	0.004147766	0.4524534	0.016784217
20100	AMR	AMR	distinct_only	20000	order_mismatch	1	3.938448e-05	0.00040423454	0.99973464	0.9793203	0.00021681159	0.020166991	9.2029195e-06	0.00010843312
20100	AMR	AMR	distinct_only	20000	sign_corruption	2	0.011850993	0.025745371	0.00035922474	0.00012587797	0.9791389	0.971838	0.008650897	0.0022906882
20100	AMR	SAS	distinct_only	20000	ld_mismatch	3	0.57964945	0.965415	3.5065852e-06	7.629765e-09	0.000100524725	0.011465844	0.4202465	0.023119105
