variant_id	chr11_2040128_A_G	chr11_2063051_C_T	chr11_2063598_G_A	chr11_2063846_C_T	chr11_2064769_A_G	chr11_2065099_T_C	chr11_2065765_C_A	chr11_2065900_C_T	chr11_2066031_T_G	chr11_2066970_G_A	chr11_2067320_C_T	chr11_2068717_A_G	chr11_2068776_A_G	chr11_2069125_TCTCCATACTCCATTTTCCACA_T	chr11_2070333_C_T	chr11_2070570_C_T	chr11_2070926_A_T	chr11_2070993_T_G	chr11_2070994_C_T	chr11_2072504_T_C	chr11_2073182_A_G	chr11_2073444_A_G	chr11_2073476_A_C	chr11_2073913_A_G	chr11_2074576_C_A	chr11_2075149_A_G	chr11_2075252_T_C	chr11_2075720_C_G	chr11_2075736_C_T	chr11_2076798_T_C	chr11_2076994_T_C	chr11_2077046_CCA_C	chr11_2077271_C_T	chr11_2077486_A_G	chr11_2078638_T_C	chr11_2078742_G_A	chr11_2078858_A_AT	chr11_2080612_C_T	chr11_2081637_C_CT	chr11_2081917_A_G	chr11_2082423_C_T	chr11_2082702_C_CA	chr11_2083709_C_T	chr11_2084014_C_T	chr11_2084913_T_C	chr11_2086132_G_A	chr11_2087220_T_C	chr11_2087727_T_G	chr11_2087911_T_C	chr11_2088229_C_T	chr11_2089861_A_G	chr11_2090336_T_G	chr11_2090456_T_G	chr11_2093065_C_T	chr11_2093603_C_A	chr11_2093897_G_A	chr11_2094303_C_T	chr11_2094599_G_A	chr11_2095273_C_T	chr11_2095799_A_G	chr11_2095814_GACA_G	chr11_2095968_T_C	chr11_2096707_G_A	chr11_2096919_G_A	chr11_2097561_T_C	chr11_2097954_C_T	chr11_2098180_AC_A	chr11_2098701_A_AT	chr11_2099854_G_A	chr11_2101283_G_A	chr11_2101345_C_T	chr11_2101804_G_A	chr11_2102033_G_A	chr11_2103073_T_TC	chr11_2104138_A_G	chr11_2107025_C_T	chr11_2107107_G_A	chr11_2107122_C_T	chr11_2107655_C_A	chr11_2107854_G_T	chr11_2108072_G_A	chr11_2108091_G_GAGTC	chr11_2108689_C_T	chr11_2108794_C_T	chr11_2109320_TG_T	chr11_2109650_G_GC	chr11_2110067_G_A	chr11_2111124_C_G	chr11_2111243_A_G	chr11_2111406_A_C	chr11_2111509_A_G	chr11_2111531_A_G	chr11_2113931_G_A	chr11_2114571_C_G	chr11_2116492_C_G	chr11_2116493_T_A	chr11_2116686_G_C	chr11_2116776_T_C	chr11_2117403_A_G	chr11_2118860_T_G
chr11_2040128_A_G	1	-0.01597949143	-0.007808565769	0.09186259514	0.09451594267	-0.003984925397	-0.0009937400254	-0.003984925397	-0.003984925397	-0.05617829675	0.08876924769	0.06857260762	-0.04590953858	0.06564245409	0.08287225626	0.08413984485	0.08287225626	-0.02966799946	-0.02966799946	-0.0311890736	0.06899939811	-0.08753660022	-0.08753660022	-0.03504808825	-0.03999087351	-0.03999087351	-0.03999087351	0.06005929975	-0.04864240146	-0.04092644902	0.0544910459	0.01003116769	0.01003116769	-0.09251732926	-0.07240547518	-0.06740187578	-0.07240547518	0.03507663555	-0.09677399806	0.03507663555	-0.07240547518	-0.0732351711	-0.07940148676	-0.08054228397	-0.1049323786	-0.07240547518	-0.09211681414	-0.0732351711	-0.0732351711	-0.08050741981	-0.0732351711	-0.0732351711	0.005731412538	0.03373128045	0.02949444104	-0.1010222491	0.02949444104	0.02949444104	0.03373128045	0.02827656165	-0.07694860796	0.02949444104	-0.06943438229	0.03373128045	-0.06943438229	0.02827656165	0.03373128045	0.02827656165	-0.06712620957	0.03239093639	0.02222579408	0.02343100414	-0.06501933861	-0.07928580556	-0.04338564549	-0.04338564549	0.02817331462	0.02817331462	0.02972486561	-0.04338564549	-0.04338564549	-0.06341551339	0.02972486561	0.02706134107	0.02839893543	-0.06204114551	-0.06641807516	-0.03096479652	-0.0232918833	-0.0232918833	-0.0232918833	-0.02432857881	-0.01367995202	0.0009937400254	0.04500193857	0.04500193857	0.02568374345	0.04417012333	0.008245066716	0.0235722305
chr11_2063051_C_T	-0.01597949143	1	0.9726402183	-0.4688401406	-0.4368579345	0.9480423093	0.9455547014	0.9480423093	0.9480423093	0.8091458908	-0.4299400693	0.4044417173	0.8113494451	-0.375170902	-0.4118781723	-0.4103830836	-0.4118781723	0.8044365284	0.8044365284	0.4185007613	-0.3039902838	0.6868819917	0.6868819917	0.4020725444	0.4074712761	0.4074712761	0.4074712761	-0.3093482568	0.4089205465	0.40877924	-0.2310444871	-0.2072630272	-0.2072630272	0.6741386632	0.473928161	0.4726109408	0.473928161	-0.2047669312	0.6159669371	-0.2047669312	0.473928161	0.4792491308	0.4768741953	0.4754014831	0.6177678136	0.473928161	0.6757134403	0.4748886726	0.4748886726	0.60437411	0.4748886726	0.4748886726	-0.1350166493	-0.208494664	-0.2446698927	0.6715869175	-0.2446698927	-0.2446698927	-0.208494664	-0.2424961927	0.5523746645	-0.2446698927	0.5488121657	-0.208494664	0.5488121657	-0.2424961927	-0.208494664	-0.2424961927	0.5665616354	-0.2122143269	-0.2374168054	-0.2395583991	0.5327548686	0.4806015856	0.3450240312	0.3450240312	-0.2033088736	-0.2033088736	-0.2012117052	0.3450240312	0.3450240312	0.5184052519	-0.2012117052	-0.2289363213	-0.198806976	0.5088484124	0.5008259115	0.3158391947	0.3252540484	0.3252540484	0.3252540484	0.3234390879	0.2871389837	0.2061977304	0.1881192419	0.1881192419	0.1838181125	0.1855793815	0.1819844109	0.157505636
chr11_2063598_G_A	-0.007808565769	0.9726402183	1	-0.4783812898	-0.4473403505	0.9764254001	0.9742172453	0.9764254001	0.9764254001	0.7844823485	-0.4399877047	0.4247393921	0.7867050173	-0.3830688879	-0.4216937007	-0.4201216038	-0.4216937007	0.8329686271	0.8329686271	0.4300161726	-0.3011746086	0.6823740645	0.6823740645	0.3957368871	0.4017113147	0.4017113147	0.4017113147	-0.3050290748	0.398704747	0.4029103454	-0.2198202417	-0.2155844507	-0.2155844507	0.6690596153	0.4578841688	0.4571017353	0.4578841688	-0.2145964513	0.6069058622	-0.2145964513	0.4578841688	0.4631173474	0.4567974989	0.4551586339	0.6044890983	0.4578841688	0.670657411	0.4587558887	0.4587558887	0.5894144868	0.4587558887	0.4587558887	-0.1370524744	-0.2184604821	-0.258384836	0.6666257484	-0.258384836	-0.258384836	-0.2184604821	-0.2563379613	0.5434556783	-0.258384836	0.5396257695	-0.2184604821	0.5396257695	-0.2563379613	-0.2184604821	-0.2563379613	0.5588005816	-0.222316193	-0.251893744	-0.2539085826	0.5263841208	0.4713913799	0.3272843436	0.3272843436	-0.213729791	-0.213729791	-0.2115807237	0.3272843436	0.3272843436	0.5122255355	-0.2115807237	-0.2429022764	-0.2093099408	0.5028204964	0.4942910476	0.297466718	0.3078272036	0.3078272036	0.3078272036	0.3058361021	0.2688650733	0.192080665	0.1869034676	0.1869034676	0.1793413026	0.1842534137	0.1776216718	0.1506108559
chr11_2063846_C_T	0.09186259514	-0.4688401406	-0.4783812898	1	0.9698479576	-0.4575188269	-0.456262356	-0.4575188269	-0.4575188269	-0.3788987186	0.9783201395	0.4642234523	-0.3800387478	0.883457494	0.9407248135	0.9383644538	0.9407248135	-0.50986117	-0.50986117	0.06763645826	0.5938816656	-0.4673705981	-0.4673705981	0.07191151009	0.07790270357	0.07790270357	0.07790270357	0.6039260594	0.08058136264	0.08815084035	0.4887077678	0.4599229963	0.4720428651	-0.4704336398	-0.08075177199	-0.06419452329	-0.08075177199	0.4901325334	-0.425207044	0.4901325334	-0.08914892596	-0.09187971985	-0.08299430842	-0.08606187355	-0.4216611755	-0.08914892596	-0.4727186384	-0.08768582617	-0.08768582617	-0.4382591865	-0.08768582617	-0.08768582617	0.4131853894	0.4853279937	0.5061319194	-0.471135956	0.5061319194	0.5061319194	0.4853279937	0.5074468928	-0.5474193834	0.5061319194	-0.5425915223	0.4853279937	-0.5425915223	0.5074468928	0.4853279937	0.5074468928	-0.5244520711	0.4805483755	0.4758789564	0.4745052079	-0.5124042438	-0.456411338	-0.1287525409	-0.1287525409	0.4509515309	0.4509515309	0.4474420235	-0.1287525409	-0.1287525409	-0.5000851059	0.4474420235	0.4649327842	0.4486669953	-0.4982467835	-0.483179653	-0.1329416534	-0.1220912187	-0.1220912187	-0.1220912187	-0.1254951161	-0.1674816742	-0.05641848177	-0.20752296	-0.20752296	-0.1836999366	-0.2023241681	-0.1846784294	-0.1583996364
chr11_2064769_A_G	0.09451594267	-0.4368579345	-0.4473403505	0.9698479576	1	-0.4715211559	-0.4653960893	-0.4715211559	-0.4715211559	-0.3805362602	0.9913050284	0.4770917083	-0.3817702211	0.8990912686	0.9537608189	0.9514842547	0.9537608189	-0.5285730954	-0.5285730954	0.06794931054	0.5944815833	-0.4472395739	-0.4472395739	0.09055750597	0.07908471104	0.07908471104	0.07908471104	0.584778511	0.08185053936	0.08932497432	0.4655826698	0.4432943024	0.4554916304	-0.4506083324	-0.07619564356	-0.05907967264	-0.07619564356	0.4729982087	-0.4086166094	0.4729982087	-0.08042105405	-0.08746941927	-0.07834470484	-0.08148566408	-0.4050124807	-0.08464646454	-0.4530067758	-0.08324872201	-0.08324872201	-0.4159056391	-0.08324872201	-0.08324872201	0.3920673319	0.468098374	0.4876643184	-0.4512780886	0.4876643184	0.4876643184	0.468098374	0.4889174786	-0.5331204287	0.4876643184	-0.5283270059	0.468098374	-0.5283270059	0.4889174786	0.468098374	0.4889174786	-0.509353821	0.4632234381	0.4567936807	0.4554823826	-0.5005714968	-0.446266881	-0.1321198739	-0.1321198739	0.4275191772	0.4275191772	0.4297754084	-0.1321198739	-0.1321198739	-0.4924266516	0.4297754084	0.4515755492	0.430942886	-0.4905749232	-0.4756157558	-0.136874419	-0.1253706581	-0.1253706581	-0.1253706581	-0.1288776068	-0.170309196	-0.05977486663	-0.215295064	-0.215295064	-0.1891789264	-0.2101439344	-0.1900870428	-0.1666653527
chr11_2065099_T_C	-0.003984925397	0.9480423093	0.9764254001	-0.4575188269	-0.4715211559	1	0.9927597592	1	1	0.7949517128	-0.4641844027	0.4233330381	0.797297197	-0.4094557436	-0.445793049	-0.4442840611	-0.445793049	0.8560018705	0.8560018705	0.427116908	-0.2870419291	0.6659058252	0.6659058252	0.3919647539	0.3978867221	0.3978867221	0.3978867221	-0.2910207189	0.3948265289	0.3991568525	-0.2038890032	-0.2000698038	-0.2000698038	0.6524107088	0.4535256051	0.4524107323	0.4535256051	-0.1988791331	0.5915089882	-0.1988791331	0.4535256051	0.458918699	0.4524247422	0.4507480292	0.5890539799	0.4535256051	0.6541734064	0.4544671549	0.4544671549	0.5699217515	0.4544671549	0.4544671549	-0.1191523745	-0.202804368	-0.2435371954	0.6499347216	-0.2435371954	-0.2435371954	-0.202804368	-0.2414190996	0.5266006754	-0.2435371954	0.5226416919	-0.202804368	0.5226416919	-0.2414190996	-0.202804368	-0.2414190996	0.5419915425	-0.206720783	-0.2367346069	-0.2388212594	0.5128514894	0.4579910135	0.3259452072	0.3259452072	-0.1918507362	-0.1918507362	-0.1957247287	0.3259452072	0.3259452072	0.5029207195	-0.1957247287	-0.233492615	-0.1933871376	0.4934132778	0.4846999326	0.2959378673	0.3062304396	0.3062304396	0.3062304396	0.3042072575	0.2685141745	0.1879104495	0.1852505285	0.1852505285	0.1743244109	0.1825723004	0.1725507281	0.1443436017
chr11_2065765_C_A	-0.0009937400254	0.9455547014	0.9742172453	-0.456262356	-0.4653960893	0.9927597592	1	0.9927597592	0.9927597592	0.7900007881	-0.4581854011	0.424549901	0.7923901583	-0.4038085297	-0.439872756	-0.4383783894	-0.439872756	0.8512762634	0.8512762634	0.4266866371	-0.2843983089	0.6619920436	0.6619920436	0.3914458194	0.3972083918	0.3972083918	0.3972083918	-0.2886918852	0.3941259503	0.3985039109	-0.2045962385	-0.2006716384	-0.2006716384	0.6486647184	0.4509460245	0.4496591222	0.4509460245	-0.1990380407	0.5890521384	-0.1990380407	0.4509460245	0.4563544858	0.4498021352	0.4481524503	0.5865778364	0.4509460245	0.6504321616	0.4519140738	0.4519140738	0.5700449438	0.4519140738	0.4519140738	-0.1224347595	-0.2029138476	-0.2423576652	0.6461699494	-0.2423576652	-0.2423576652	-0.2029138476	-0.2402097704	0.5252551789	-0.2423576652	0.5213634266	-0.2029138476	0.5213634266	-0.2402097704	-0.2029138476	-0.2402097704	0.5403227789	-0.206780997	-0.2353623084	-0.2374785791	0.5108791823	0.4569025149	0.3249567746	0.3249567746	-0.1980197487	-0.1980197487	-0.1957339067	0.3249567746	0.3249567746	0.5009120056	-0.1957339067	-0.2322680675	-0.1933630927	0.491404561	0.482822377	0.2952547068	0.3052943958	0.3052943958	0.3052943958	0.3033041288	0.2656968254	0.1874107992	0.1795512609	0.1795512609	0.1695567282	0.1768975955	0.1677692512	0.1391616673
chr11_2065900_C_T	-0.003984925397	0.9480423093	0.9764254001	-0.4575188269	-0.4715211559	1	0.9927597592	1	1	0.7949517128	-0.4641844027	0.4233330381	0.797297197	-0.4094557436	-0.445793049	-0.4442840611	-0.445793049	0.8560018705	0.8560018705	0.427116908	-0.2870419291	0.6659058252	0.6659058252	0.3919647539	0.3978867221	0.3978867221	0.3978867221	-0.2910207189	0.3948265289	0.3991568525	-0.2038890032	-0.2000698038	-0.2000698038	0.6524107088	0.4535256051	0.4524107323	0.4535256051	-0.1988791331	0.5915089882	-0.1988791331	0.4535256051	0.458918699	0.4524247422	0.4507480292	0.5890539799	0.4535256051	0.6541734064	0.4544671549	0.4544671549	0.5699217515	0.4544671549	0.4544671549	-0.1191523745	-0.202804368	-0.2435371954	0.6499347216	-0.2435371954	-0.2435371954	-0.202804368	-0.2414190996	0.5266006754	-0.2435371954	0.5226416919	-0.202804368	0.5226416919	-0.2414190996	-0.202804368	-0.2414190996	0.5419915425	-0.206720783	-0.2367346069	-0.2388212594	0.5128514894	0.4579910135	0.3259452072	0.3259452072	-0.1918507362	-0.1918507362	-0.1957247287	0.3259452072	0.3259452072	0.5029207195	-0.1957247287	-0.233492615	-0.1933871376	0.4934132778	0.4846999326	0.2959378673	0.3062304396	0.3062304396	0.3062304396	0.3042072575	0.2685141745	0.1879104495	0.1852505285	0.1852505285	0.1743244109	0.1825723004	0.1725507281	0.1443436017
chr11_2066031_T_G	-0.003984925397	0.9480423093	0.9764254001	-0.4575188269	-0.4715211559	1	0.9927597592	1	1	0.7949517128	-0.4641844027	0.4233330381	0.797297197	-0.4094557436	-0.445793049	-0.4442840611	-0.445793049	0.8560018705	0.8560018705	0.427116908	-0.2870419291	0.6659058252	0.6659058252	0.3919647539	0.3978867221	0.3978867221	0.3978867221	-0.2910207189	0.3948265289	0.3991568525	-0.2038890032	-0.2000698038	-0.2000698038	0.6524107088	0.4535256051	0.4524107323	0.4535256051	-0.1988791331	0.5915089882	-0.1988791331	0.4535256051	0.458918699	0.4524247422	0.4507480292	0.5890539799	0.4535256051	0.6541734064	0.4544671549	0.4544671549	0.5699217515	0.4544671549	0.4544671549	-0.1191523745	-0.202804368	-0.2435371954	0.6499347216	-0.2435371954	-0.2435371954	-0.202804368	-0.2414190996	0.5266006754	-0.2435371954	0.5226416919	-0.202804368	0.5226416919	-0.2414190996	-0.202804368	-0.2414190996	0.5419915425	-0.206720783	-0.2367346069	-0.2388212594	0.5128514894	0.4579910135	0.3259452072	0.3259452072	-0.1918507362	-0.1918507362	-0.1957247287	0.3259452072	0.3259452072	0.5029207195	-0.1957247287	-0.233492615	-0.1933871376	0.4934132778	0.4846999326	0.2959378673	0.3062304396	0.3062304396	0.3062304396	0.3042072575	0.2685141745	0.1879104495	0.1852505285	0.1852505285	0.1743244109	0.1825723004	0.1725507281	0.1443436017
chr11_2066970_G_A	-0.05617829675	0.8091458908	0.7844823485	-0.3788987186	-0.3805362602	0.7949517128	0.7900007881	0.7949517128	0.7949517128	1	-0.3762983134	0.3391408546	0.9971343947	-0.3350253046	-0.3577500763	-0.356617125	-0.3577500763	0.6882063534	0.6882063534	0.3523890193	-0.2312236048	0.5691389582	0.5691389582	0.3395119531	0.3462505367	0.3462505367	0.3462505367	-0.2464902535	0.3473735005	0.3435576109	-0.1949148954	-0.1256063031	-0.1256063031	0.5638313866	0.4241762648	0.4216515071	0.4241762648	-0.1182646275	0.5055735566	-0.1182646275	0.4241762648	0.4262288298	0.4263490379	0.4252622464	0.5070318482	0.4241762648	0.5613905142	0.4213663368	0.4213663368	0.4869476976	0.4213663368	0.4213663368	-0.06119198123	-0.121377423	-0.1656196059	0.5553495222	-0.1656196059	-0.1656196059	-0.121377423	-0.1685221441	0.4568056744	-0.1656196059	0.4539391543	-0.121377423	0.4539391543	-0.1685221441	-0.121377423	-0.1685221441	0.4692865242	-0.1244824646	-0.157672747	-0.1610974714	0.4747140093	0.4211028367	0.3483060471	0.3483060471	-0.1191274177	-0.1191274177	-0.1169772524	0.3483060471	0.3483060471	0.4717451623	-0.1169772524	-0.1523634719	-0.1132455932	0.4506286875	0.444399228	0.308302135	0.3218445354	0.3218445354	0.3218445354	0.3205758887	0.3316423064	0.2130719679	0.1457217955	0.1457217955	0.11064221	0.1436414352	0.1127253039	0.08503774504
chr11_2067320_C_T	0.08876924769	-0.4299400693	-0.4399877047	0.9783201395	0.9913050284	-0.4641844027	-0.4581854011	-0.4641844027	-0.4641844027	-0.3762983134	1	0.4773678435	-0.3775198931	0.9076205395	0.9623889143	0.9601015724	0.9623889143	-0.5192180608	-0.5192180608	0.07932640226	0.5790173883	-0.4418668674	-0.4418668674	0.0837899813	0.08999304184	0.08999304184	0.08999304184	0.5891795673	0.09268375033	0.1002740743	0.4729423517	0.4444201225	0.4566309072	-0.4450424338	-0.06824343386	-0.05126177517	-0.06824343386	0.4746832701	-0.401883538	0.4746832701	-0.07670357815	-0.07950404812	-0.07051062515	-0.07359740702	-0.398322151	-0.07670357815	-0.4474697707	-0.0752786944	-0.0752786944	-0.4114887709	-0.0752786944	-0.0752786944	0.3966073233	0.469825028	0.4907696738	-0.4457577552	0.4907696738	0.4907696738	0.469825028	0.4920670389	-0.5248725656	0.4907696738	-0.5199610593	0.469825028	-0.5199610593	0.4920670389	0.469825028	0.4920670389	-0.5014757522	0.464991583	0.4601213629	0.4587659727	-0.4930830142	-0.4378737816	-0.122030739	-0.122030739	0.4293766985	0.4293766985	0.4316000161	-0.122030739	-0.122030739	-0.4849620429	0.4316000161	0.4547266956	0.4328152829	-0.4831971206	-0.4680096364	-0.1266557868	-0.1154563751	-0.1154563751	-0.1154563751	-0.1188943922	-0.1631337499	-0.04911756553	-0.2038464077	-0.2038464077	-0.176799913	-0.1986338303	-0.1777681543	-0.1506862671
chr11_2068717_A_G	0.06857260762	0.4044417173	0.4247393921	0.4642234523	0.4770917083	0.4233330381	0.424549901	0.4233330381	0.4233330381	0.3391408546	0.4773678435	1	0.3399146704	0.4359312036	0.4514926585	0.4507198099	0.4514926585	0.4691137717	0.4691137717	0.5640037338	0.282040028	0.3222661121	0.3222661121	0.5508533773	0.5473777487	0.5473777487	0.5473777487	0.2679878678	0.5475856188	0.5542636343	0.2312353864	0.2048859101	0.2179799714	0.3118468018	0.4466300756	0.4676405819	0.4466300756	0.2371845812	0.2778811529	0.2371845812	0.4420940179	0.4439266114	0.4439003141	0.4384733469	0.279599118	0.4375579602	0.3104967914	0.4393956134	0.4393956134	0.2789151284	0.4393956134	0.4393956134	0.2082094069	0.2272671203	0.2009244146	0.3089749255	0.2009244146	0.2009244146	0.2272671203	0.2037798349	0.07842807468	0.2009244146	0.08368771907	0.2272671203	0.08368771907	0.2037798349	0.2272671203	0.2037798349	0.1248759222	0.2173861869	0.1649346627	0.1620438488	0.1132052337	0.1040851724	0.2526664374	0.2526664374	0.1927809208	0.1927809208	0.1913511768	0.2526664374	0.2526664374	0.113646846	0.1913511768	0.1770345229	0.1943247713	0.1056796704	0.1116148786	0.2162396278	0.238727769	0.238727769	0.238727769	0.2325570165	0.1721663016	0.1787945806	0.04134191794	0.04134191794	0.04934417156	0.04374898288	0.04695353542	0.04384329702
chr11_2068776_A_G	-0.04590953858	0.8113494451	0.7867050173	-0.3800387478	-0.3817702211	0.797297197	0.7923901583	0.797297197	0.797297197	0.9971343947	-0.3775198931	0.3399146704	1	-0.3366498134	-0.3590869661	-0.357963014	-0.3590869661	0.6901474765	0.6901474765	0.3535199919	-0.2324965805	0.5716033443	0.5716033443	0.3407632198	0.3475100124	0.3475100124	0.3475100124	-0.2475981061	0.3486240874	0.3448203066	-0.1957294237	-0.1267977317	-0.1267977317	0.5662936225	0.425438516	0.4230144325	0.425438516	-0.1196160045	0.5077811183	-0.1196160045	0.425438516	0.4274649701	0.4275963019	0.4265169715	0.5092318182	0.425438516	0.5638420909	0.4226310038	0.4226310038	0.4851942757	0.4226310038	0.4226310038	-0.05755456337	-0.1227211834	-0.1669640395	0.557863064	-0.1669640395	-0.1669640395	-0.1227211834	-0.1698603336	0.4592112557	-0.1669640395	0.4563636613	-0.1227211834	0.4563636613	-0.1698603336	-0.1227211834	-0.1698603336	0.4717023746	-0.1258186589	-0.1591287433	-0.1625225119	0.4772794026	0.4186117447	0.3497428867	0.3497428867	-0.1205103415	-0.1205103415	-0.1183787945	0.3497428867	0.3497428867	0.4743758454	-0.1183787945	-0.1538072585	-0.1146796956	0.453358317	0.4471674999	0.3098386812	0.323374628	0.323374628	0.323374628	0.32211556	0.3337721174	0.2153501521	0.1499929983	0.1499929983	0.1147478255	0.1479241854	0.1168189785	0.08947436186
chr11_2069125_TCTCCATACTCCATTTTCCACA_T	0.06564245409	-0.375170902	-0.3830688879	0.883457494	0.8990912686	-0.4094557436	-0.4038085297	-0.4094557436	-0.4094557436	-0.3350253046	0.9076205395	0.4359312036	-0.3366498134	1	0.9068195901	0.9031975325	0.9068195901	-0.468497015	-0.468497015	0.1296624448	0.5558332587	-0.3932326617	-0.3932326617	0.1327876089	0.1383635718	0.1383635718	0.1383635718	0.5614048354	0.1410099591	0.1452811985	0.4226101564	0.4501360376	0.4640890992	-0.4000837775	0.0008006632071	-0.01012264636	0.0008006632071	0.4832981677	-0.3391927242	0.4832981677	-0.004032970228	-0.007049825395	0.002004701816	-0.001005279618	-0.3356041971	-0.004032970228	-0.398351782	-0.002221583633	-0.002221583633	-0.3613448846	-0.002221583633	-0.002221583633	0.4267456014	0.478234406	0.4865352979	-0.3963604884	0.4865352979	0.4865352979	0.478234406	0.4884480042	-0.4783945185	0.4865352979	-0.4767431479	0.478234406	-0.4767431479	0.4884480042	0.478234406	0.4884480042	-0.4600745559	0.4731962695	0.4917842161	0.4898463907	-0.4532753815	-0.409136671	-0.05757578766	-0.05757578766	0.4815256	0.4815256	0.4835896456	-0.05757578766	-0.05757578766	-0.4491476009	0.4835896456	0.4840564975	0.4853818092	-0.4481097469	-0.4338549946	-0.06178297576	-0.05152153295	-0.05152153295	-0.05152153295	-0.05486778137	-0.1176338993	-0.03359143814	-0.1877906086	-0.1877906086	-0.163331519	-0.1863176299	-0.1647874353	-0.1479191065
chr11_2070333_C_T	0.08287225626	-0.4118781723	-0.4216937007	0.9407248135	0.9537608189	-0.445793049	-0.439872756	-0.445793049	-0.445793049	-0.3577500763	0.9623889143	0.4514926585	-0.3590869661	0.9068195901	1	0.9977604833	1	-0.5496743936	-0.5496743936	0.08535685143	0.5718693747	-0.4576937544	-0.4576937544	0.08967393686	0.09579971455	0.09579971455	0.09579971455	0.5814944099	0.09847375398	0.1062181201	0.4642381798	0.4358922239	0.4482370128	-0.4608023541	-0.06182988298	-0.07060790431	-0.06182988298	0.4671546829	-0.3902009924	0.4671546829	-0.07038287103	-0.07319585654	-0.06421597448	-0.06728981953	-0.3866542051	-0.07038287103	-0.4632092464	-0.06892413273	-0.06892413273	-0.4277588481	-0.06892413273	-0.06892413273	0.4237503779	0.4623010048	0.4855218856	-0.4615362654	0.4855218856	0.4855218856	0.4623010048	0.4868775965	-0.5485995227	0.4855218856	-0.5436599549	0.4623010048	-0.5436599549	0.4868775965	0.4623010048	0.4868775965	-0.5206824456	0.4574719641	0.4881678062	0.486782876	-0.5081715841	-0.4515345237	-0.1144770731	-0.1144770731	0.4574806049	0.4574806049	0.4599152799	-0.1144770731	-0.1144770731	-0.5000657384	0.4599152799	0.4770762051	0.4611442542	-0.498244999	-0.4828594763	-0.1190677569	-0.1079889549	-0.1079889549	-0.1079889549	-0.1114054445	-0.1626183912	-0.04968519815	-0.2025680002	-0.2025680002	-0.1660315509	-0.1972655884	-0.1670615448	-0.148531222
chr11_2070570_C_T	0.08413984485	-0.4103830836	-0.4201216038	0.9383644538	0.9514842547	-0.4442840611	-0.4383783894	-0.4442840611	-0.4442840611	-0.356617125	0.9601015724	0.4507198099	-0.357963014	0.9031975325	0.9977604833	1	0.9977604833	-0.548078738	-0.548078738	0.08283730347	0.5660526971	-0.4556950754	-0.4556950754	0.08713074521	0.09323694719	0.09323694719	0.09323694719	0.5754214804	0.09592296705	0.1037052361	0.4677005331	0.4268321831	0.4392228591	-0.4587584688	-0.0653865343	-0.07427334221	-0.0653865343	0.4585536323	-0.3876919	0.4585536323	-0.07397131488	-0.0767822776	-0.06777950817	-0.07086574162	-0.384147446	-0.07397131488	-0.4611905711	-0.07249467525	-0.07249467525	-0.4258964747	-0.07249467525	-0.07249467525	0.417151145	0.4537112003	0.4781569073	-0.4595098135	0.4781569073	0.4781569073	0.4537112003	0.479537607	-0.5461464309	0.4781569073	-0.5411497263	0.4537112003	-0.5411497263	0.479537607	0.4537112003	0.479537607	-0.5182348476	0.4488932038	0.4809297791	0.4795206061	-0.5057589064	-0.4487230515	-0.1179894786	-0.1179894786	0.4490681272	0.4490681272	0.4514027262	-0.1179894786	-0.1179894786	-0.497619891	0.4514027262	0.4697195577	0.4526644067	-0.4958298092	-0.4803148322	-0.1224775	-0.1114222616	-0.1114222616	-0.1114222616	-0.1148533452	-0.162451464	-0.04831952515	-0.1992833414	-0.1992833414	-0.1623967613	-0.1939451356	-0.1634476895	-0.1449830627
chr11_2070926_A_T	0.08287225626	-0.4118781723	-0.4216937007	0.9407248135	0.9537608189	-0.445793049	-0.439872756	-0.445793049	-0.445793049	-0.3577500763	0.9623889143	0.4514926585	-0.3590869661	0.9068195901	1	0.9977604833	1	-0.5496743936	-0.5496743936	0.08535685143	0.5718693747	-0.4576937544	-0.4576937544	0.08967393686	0.09579971455	0.09579971455	0.09579971455	0.5814944099	0.09847375398	0.1062181201	0.4642381798	0.4358922239	0.4482370128	-0.4608023541	-0.06182988298	-0.07060790431	-0.06182988298	0.4671546829	-0.3902009924	0.4671546829	-0.07038287103	-0.07319585654	-0.06421597448	-0.06728981953	-0.3866542051	-0.07038287103	-0.4632092464	-0.06892413273	-0.06892413273	-0.4277588481	-0.06892413273	-0.06892413273	0.4237503779	0.4623010048	0.4855218856	-0.4615362654	0.4855218856	0.4855218856	0.4623010048	0.4868775965	-0.5485995227	0.4855218856	-0.5436599549	0.4623010048	-0.5436599549	0.4868775965	0.4623010048	0.4868775965	-0.5206824456	0.4574719641	0.4881678062	0.486782876	-0.5081715841	-0.4515345237	-0.1144770731	-0.1144770731	0.4574806049	0.4574806049	0.4599152799	-0.1144770731	-0.1144770731	-0.5000657384	0.4599152799	0.4770762051	0.4611442542	-0.498244999	-0.4828594763	-0.1190677569	-0.1079889549	-0.1079889549	-0.1079889549	-0.1114054445	-0.1626183912	-0.04968519815	-0.2025680002	-0.2025680002	-0.1660315509	-0.1972655884	-0.1670615448	-0.148531222
chr11_2070993_T_G	-0.02966799946	0.8044365284	0.8329686271	-0.50986117	-0.5285730954	0.8560018705	0.8512762634	0.8560018705	0.8560018705	0.6882063534	-0.5192180608	0.4691137717	0.6901474765	-0.468497015	-0.5496743936	-0.548078738	-0.5496743936	1	1	0.4759883494	-0.3338816542	0.7708142225	0.7708142225	0.4413573034	0.4500239191	0.4500239191	0.4500239191	-0.3362435991	0.447455087	0.4460849766	-0.2479680595	-0.2505655943	-0.2505655943	0.7641012208	0.5116271581	0.5146849053	0.5116271581	-0.2514588161	0.6863527635	-0.2514588161	0.5116271581	0.5203302606	0.5112881554	0.5093356279	0.6843898815	0.5116271581	0.7651646607	0.5118459078	0.5118459078	0.7010249756	0.5118459078	0.5118459078	-0.2044956771	-0.2559328643	-0.3036643562	0.762137359	-0.3036643562	-0.3036643562	-0.2559328643	-0.3023510747	0.6316133369	-0.3036643562	0.6316561215	-0.2559328643	0.6316561215	-0.3023510747	-0.2559328643	-0.3023510747	0.6475055809	-0.2603973365	-0.3069335014	-0.3082222297	0.6245121636	0.5590981545	0.3833450014	0.3833450014	-0.2478957401	-0.2478957401	-0.2513796227	0.3833450014	0.3833450014	0.6169823816	-0.2513796227	-0.2899600136	-0.2498809676	0.6076416909	0.5979598152	0.3531559137	0.3632620493	0.3632620493	0.3632620493	0.3609779546	0.3515371502	0.2460826972	0.2701040882	0.2701040882	0.2487555314	0.2671291719	0.2474822683	0.2223793126
chr11_2070994_C_T	-0.02966799946	0.8044365284	0.8329686271	-0.50986117	-0.5285730954	0.8560018705	0.8512762634	0.8560018705	0.8560018705	0.6882063534	-0.5192180608	0.4691137717	0.6901474765	-0.468497015	-0.5496743936	-0.548078738	-0.5496743936	1	1	0.4759883494	-0.3338816542	0.7708142225	0.7708142225	0.4413573034	0.4500239191	0.4500239191	0.4500239191	-0.3362435991	0.447455087	0.4460849766	-0.2479680595	-0.2505655943	-0.2505655943	0.7641012208	0.5116271581	0.5146849053	0.5116271581	-0.2514588161	0.6863527635	-0.2514588161	0.5116271581	0.5203302606	0.5112881554	0.5093356279	0.6843898815	0.5116271581	0.7651646607	0.5118459078	0.5118459078	0.7010249756	0.5118459078	0.5118459078	-0.2044956771	-0.2559328643	-0.3036643562	0.762137359	-0.3036643562	-0.3036643562	-0.2559328643	-0.3023510747	0.6316133369	-0.3036643562	0.6316561215	-0.2559328643	0.6316561215	-0.3023510747	-0.2559328643	-0.3023510747	0.6475055809	-0.2603973365	-0.3069335014	-0.3082222297	0.6245121636	0.5590981545	0.3833450014	0.3833450014	-0.2478957401	-0.2478957401	-0.2513796227	0.3833450014	0.3833450014	0.6169823816	-0.2513796227	-0.2899600136	-0.2498809676	0.6076416909	0.5979598152	0.3531559137	0.3632620493	0.3632620493	0.3632620493	0.3609779546	0.3515371502	0.2460826972	0.2701040882	0.2701040882	0.2487555314	0.2671291719	0.2474822683	0.2223793126
chr11_2072504_T_C	-0.0311890736	0.4185007613	0.4300161726	0.06763645826	0.06794931054	0.427116908	0.4266866371	0.427116908	0.427116908	0.3523890193	0.07932640226	0.5640037338	0.3535199919	0.1296624448	0.08535685143	0.08283730347	0.08535685143	0.4759883494	0.4759883494	1	0.3476511543	0.5908596207	0.5908596207	0.9681098306	0.9754241674	0.9754241674	0.9754241674	0.3508195507	0.9733820179	0.9730603526	0.2558842265	0.2873283207	0.2935846013	0.5931641787	0.8425815639	0.8321574357	0.8425815639	0.2991988435	0.6285272947	0.2991988435	0.83824695	0.8400036515	0.8409185559	0.8374186451	0.6290793476	0.83824695	0.5950578879	0.8400036515	0.8400036515	0.5721211011	0.8400036515	0.8400036515	0.3517904915	0.2902672389	0.3189516785	0.5939656407	0.3189516785	0.3189516785	0.2902672389	0.3165145405	0.3153793544	0.3189516785	0.3087818111	0.2902672389	0.3087818111	0.3221765104	0.2902672389	0.3221765104	0.3493884532	0.2813701791	0.3270130904	0.3237826789	0.3429742317	0.3713764441	0.608829896	0.608829896	0.2951243332	0.2951243332	0.294158681	0.608829896	0.608829896	0.3481729816	0.294158681	0.3254002797	0.2974877822	0.3384964287	0.3435121272	0.5678898223	0.588966603	0.588966603	0.588966603	0.5848767497	0.4405630984	0.4050580286	0.3206212854	0.3206212854	0.3559723363	0.3238997074	0.3526106305	0.3298387848
chr11_2073182_A_G	0.06899939811	-0.3039902838	-0.3011746086	0.5938816656	0.5944815833	-0.2870419291	-0.2843983089	-0.2870419291	-0.2870419291	-0.2312236048	0.5790173883	0.282040028	-0.2324965805	0.5558332587	0.5718693747	0.5660526971	0.5718693747	-0.3338816542	-0.3338816542	0.3476511543	1	-0.4309139615	-0.4309139615	0.370061406	0.3554848106	0.3554848106	0.3554848106	0.9681461999	0.3564417974	0.3529166237	0.7014127398	0.7375318666	0.7375318666	-0.4033336619	0.08325941253	0.09722329401	0.08325941253	0.757878925	-0.4502454938	0.757878925	0.08325941253	0.07607899316	0.08232643178	0.08035802632	-0.4472709364	0.07837941101	-0.4066105239	0.07607899316	0.07607899316	-0.36759271	0.07607899316	0.07607899316	0.5303485067	0.7535103462	0.6363439007	-0.4054780089	0.6363439007	0.6363439007	0.7535103462	0.6328612908	-0.5299225285	0.6363439007	-0.5318419048	0.7535103462	-0.5318419048	0.6328612908	0.7535103462	0.6328612908	-0.5149023549	0.7491704399	0.609336045	0.6063841162	-0.4942549027	-0.5333245691	-0.001427040118	-0.001427040118	0.7168716949	0.7168716949	0.7199845853	-0.001427040118	-0.001427040118	-0.4868787598	0.7199845853	0.6039203083	0.7226126301	-0.4813592349	-0.4636480612	0.005559772298	0.003675365702	0.003675365702	0.003675365702	0.001375474692	-0.05506754468	-0.05078890953	-0.1553439335	-0.1553439335	-0.1776873239	-0.1480666581	-0.1799571073	-0.1577643865
chr11_2073444_A_G	-0.08753660022	0.6868819917	0.6823740645	-0.4673705981	-0.4472395739	0.6659058252	0.6619920436	0.6659058252	0.6659058252	0.5691389582	-0.4418668674	0.3222661121	0.5716033443	-0.3932326617	-0.4576937544	-0.4556950754	-0.4576937544	0.7708142225	0.7708142225	0.5908596207	-0.4309139615	1	1	0.6009383789	0.6053490558	0.6053490558	0.6053490558	-0.4290419521	0.6022886059	0.6012479359	-0.3015605973	-0.302730611	-0.302730611	0.980567837	0.6933306168	0.6939963925	0.6933306168	-0.3159244747	0.912635655	-0.3159244747	0.6933306168	0.6932439362	0.6920898149	0.6906076733	0.9103868958	0.6933306168	0.9849732359	0.6932439362	0.6932439362	0.9167218922	0.6932439362	0.6932439362	-0.2380486752	-0.3203752836	-0.3500524339	0.9827223636	-0.3500524339	-0.3500524339	-0.3203752836	-0.3488305989	0.8277629901	-0.3500524339	0.8240950894	-0.3203752836	0.8240950894	-0.3488305989	-0.3203752836	-0.3488305989	0.8480713825	-0.3248178329	-0.3482968776	-0.3494867618	0.8195962298	0.7587471003	0.5416214019	0.5416214019	-0.3178505432	-0.3178505432	-0.3218592152	0.5416214019	0.5416214019	0.8178111515	-0.3218592152	-0.3366484624	-0.3203959908	0.8028890996	0.7945629897	0.4953665915	0.5144874354	0.5144874354	0.5144874354	0.5126943723	0.5026919466	0.3779760116	0.4086581804	0.4086581804	0.3951848572	0.4058752978	0.3937214182	0.3543206167
chr11_2073476_A_C	-0.08753660022	0.6868819917	0.6823740645	-0.4673705981	-0.4472395739	0.6659058252	0.6619920436	0.6659058252	0.6659058252	0.5691389582	-0.4418668674	0.3222661121	0.5716033443	-0.3932326617	-0.4576937544	-0.4556950754	-0.4576937544	0.7708142225	0.7708142225	0.5908596207	-0.4309139615	1	1	0.6009383789	0.6053490558	0.6053490558	0.6053490558	-0.4290419521	0.6022886059	0.6012479359	-0.3015605973	-0.302730611	-0.302730611	0.980567837	0.6933306168	0.6939963925	0.6933306168	-0.3159244747	0.912635655	-0.3159244747	0.6933306168	0.6932439362	0.6920898149	0.6906076733	0.9103868958	0.6933306168	0.9849732359	0.6932439362	0.6932439362	0.9167218922	0.6932439362	0.6932439362	-0.2380486752	-0.3203752836	-0.3500524339	0.9827223636	-0.3500524339	-0.3500524339	-0.3203752836	-0.3488305989	0.8277629901	-0.3500524339	0.8240950894	-0.3203752836	0.8240950894	-0.3488305989	-0.3203752836	-0.3488305989	0.8480713825	-0.3248178329	-0.3482968776	-0.3494867618	0.8195962298	0.7587471003	0.5416214019	0.5416214019	-0.3178505432	-0.3178505432	-0.3218592152	0.5416214019	0.5416214019	0.8178111515	-0.3218592152	-0.3366484624	-0.3203959908	0.8028890996	0.7945629897	0.4953665915	0.5144874354	0.5144874354	0.5144874354	0.5126943723	0.5026919466	0.3779760116	0.4086581804	0.4086581804	0.3951848572	0.4058752978	0.3937214182	0.3543206167
chr11_2073913_A_G	-0.03504808825	0.4020725444	0.3957368871	0.07191151009	0.09055750597	0.3919647539	0.3914458194	0.3919647539	0.3919647539	0.3395119531	0.0837899813	0.5508533773	0.3407632198	0.1327876089	0.08967393686	0.08713074521	0.08967393686	0.4413573034	0.4413573034	0.9681098306	0.370061406	0.6009383789	0.6009383789	1	0.9887423085	0.9887423085	0.9887423085	0.3519476568	0.9865834027	0.986435379	0.2520822808	0.2960141797	0.30223521	0.6035445836	0.8608923439	0.8503677023	0.8608923439	0.3084424015	0.6402577536	0.3084424015	0.8608923439	0.8540506798	0.8589988122	0.855638023	0.6407279301	0.8565821529	0.605368217	0.858356063	0.858356063	0.5807990651	0.858356063	0.858356063	0.364018729	0.2996180075	0.3295314622	0.6042663222	0.3295314622	0.3295314622	0.2996180075	0.3271656858	0.3180671051	0.3295314622	0.3116383173	0.2996180075	0.3116383173	0.3327957541	0.2996180075	0.3327957541	0.3558171679	0.2908279907	0.3378944928	0.3346242264	0.3487889362	0.3783744328	0.623325389	0.623325389	0.3045864813	0.3045864813	0.3036583546	0.623325389	0.623325389	0.3538853264	0.3036583546	0.3360590708	0.3070257062	0.3441573925	0.3494313527	0.5827875693	0.6032547281	0.6032547281	0.6032547281	0.5993073667	0.451537208	0.3980189264	0.3043512481	0.3043512481	0.3413144297	0.3076380593	0.3379447778	0.3101185254
chr11_2074576_C_A	-0.03999087351	0.4074712761	0.4017113147	0.07790270357	0.07908471104	0.3978867221	0.3972083918	0.3978867221	0.3978867221	0.3462505367	0.08999304184	0.5473777487	0.3475100124	0.1383635718	0.09579971455	0.09323694719	0.09579971455	0.4500239191	0.4500239191	0.9754241674	0.3554848106	0.6053490558	0.6053490558	0.9887423085	1	1	1	0.357553308	0.9977490447	0.9931937618	0.2604405779	0.2979670744	0.3041794859	0.6081952722	0.8688449998	0.8581326091	0.8688449998	0.3110177294	0.6463649857	0.3110177294	0.8645407802	0.8620465744	0.8668131441	0.8635272017	0.6467787654	0.8645407802	0.609992626	0.8620465744	0.8620465744	0.5839742517	0.8620465744	0.8620465744	0.3647779575	0.3022628511	0.3337472177	0.6088623387	0.3337472177	0.3337472177	0.3022628511	0.3314378837	0.326608121	0.3337472177	0.3203215156	0.3022628511	0.3203215156	0.3314378837	0.3022628511	0.3314378837	0.3638110152	0.2935421756	0.3424173004	0.3390985092	0.3562647589	0.3869097487	0.6343398935	0.6343398935	0.3074262485	0.3074262485	0.3064687244	0.6343398935	0.6343398935	0.3613008872	0.3064687244	0.3403720859	0.3098882151	0.3514883498	0.3570058287	0.589556228	0.6096075097	0.6096075097	0.6096075097	0.6057377942	0.4635758705	0.4099333399	0.3155653633	0.3155653633	0.3494209972	0.3189127199	0.3459956054	0.3259960684
chr11_2075149_A_G	-0.03999087351	0.4074712761	0.4017113147	0.07790270357	0.07908471104	0.3978867221	0.3972083918	0.3978867221	0.3978867221	0.3462505367	0.08999304184	0.5473777487	0.3475100124	0.1383635718	0.09579971455	0.09323694719	0.09579971455	0.4500239191	0.4500239191	0.9754241674	0.3554848106	0.6053490558	0.6053490558	0.9887423085	1	1	1	0.357553308	0.9977490447	0.9931937618	0.2604405779	0.2979670744	0.3041794859	0.6081952722	0.8688449998	0.8581326091	0.8688449998	0.3110177294	0.6463649857	0.3110177294	0.8645407802	0.8620465744	0.8668131441	0.8635272017	0.6467787654	0.8645407802	0.609992626	0.8620465744	0.8620465744	0.5839742517	0.8620465744	0.8620465744	0.3647779575	0.3022628511	0.3337472177	0.6088623387	0.3337472177	0.3337472177	0.3022628511	0.3314378837	0.326608121	0.3337472177	0.3203215156	0.3022628511	0.3203215156	0.3314378837	0.3022628511	0.3314378837	0.3638110152	0.2935421756	0.3424173004	0.3390985092	0.3562647589	0.3869097487	0.6343398935	0.6343398935	0.3074262485	0.3074262485	0.3064687244	0.6343398935	0.6343398935	0.3613008872	0.3064687244	0.3403720859	0.3098882151	0.3514883498	0.3570058287	0.589556228	0.6096075097	0.6096075097	0.6096075097	0.6057377942	0.4635758705	0.4099333399	0.3155653633	0.3155653633	0.3494209972	0.3189127199	0.3459956054	0.3259960684
chr11_2075252_T_C	-0.03999087351	0.4074712761	0.4017113147	0.07790270357	0.07908471104	0.3978867221	0.3972083918	0.3978867221	0.3978867221	0.3462505367	0.08999304184	0.5473777487	0.3475100124	0.1383635718	0.09579971455	0.09323694719	0.09579971455	0.4500239191	0.4500239191	0.9754241674	0.3554848106	0.6053490558	0.6053490558	0.9887423085	1	1	1	0.357553308	0.9977490447	0.9931937618	0.2604405779	0.2979670744	0.3041794859	0.6081952722	0.8688449998	0.8581326091	0.8688449998	0.3110177294	0.6463649857	0.3110177294	0.8645407802	0.8620465744	0.8668131441	0.8635272017	0.6467787654	0.8645407802	0.609992626	0.8620465744	0.8620465744	0.5839742517	0.8620465744	0.8620465744	0.3647779575	0.3022628511	0.3337472177	0.6088623387	0.3337472177	0.3337472177	0.3022628511	0.3314378837	0.326608121	0.3337472177	0.3203215156	0.3022628511	0.3203215156	0.3314378837	0.3022628511	0.3314378837	0.3638110152	0.2935421756	0.3424173004	0.3390985092	0.3562647589	0.3869097487	0.6343398935	0.6343398935	0.3074262485	0.3074262485	0.3064687244	0.6343398935	0.6343398935	0.3613008872	0.3064687244	0.3403720859	0.3098882151	0.3514883498	0.3570058287	0.589556228	0.6096075097	0.6096075097	0.6096075097	0.6057377942	0.4635758705	0.4099333399	0.3155653633	0.3155653633	0.3494209972	0.3189127199	0.3459956054	0.3259960684
chr11_2075720_C_G	0.06005929975	-0.3093482568	-0.3050290748	0.6039260594	0.584778511	-0.2910207189	-0.2886918852	-0.2910207189	-0.2910207189	-0.2464902535	0.5891795673	0.2679878678	-0.2475981061	0.5614048354	0.5814944099	0.5754214804	0.5814944099	-0.3362435991	-0.3362435991	0.3508195507	0.9681461999	-0.4290419521	-0.4290419521	0.3519476568	0.357553308	0.357553308	0.357553308	1	0.3584353635	0.3550509366	0.7315496942	0.7683438376	0.7683438376	-0.4002430103	0.0824618444	0.09603555805	0.0824618444	0.7482474166	-0.4442641171	0.7482474166	0.07747497302	0.07523915454	0.08130069985	0.07939277179	-0.4413631019	0.07747497302	-0.4036432517	0.07523915454	0.07523915454	-0.3675576933	0.07523915454	0.07523915454	0.5292753087	0.7439845321	0.6308928937	-0.4025680251	0.6308928937	0.6308928937	0.7439845321	0.627498483	-0.5207259359	0.6308928937	-0.5223570807	0.7439845321	-0.5223570807	0.627498483	0.7439845321	0.627498483	-0.506630026	0.7397497941	0.6042717081	0.6010935249	-0.4868940898	-0.5239901384	0.001350270053	0.001350270053	0.7075380916	0.7075380916	0.7103218187	0.001350270053	0.001350270053	-0.479502591	0.7103218187	0.5980875818	0.7132042803	-0.4740983561	-0.4553772043	0.004181349861	0.006514391813	0.006514391813	0.006514391813	0.004291330148	-0.04131933786	-0.02665104752	-0.1370658179	-0.1370658179	-0.1567584283	-0.1294776486	-0.1592377705	-0.1334430575
chr11_2075736_C_T	-0.04864240146	0.4089205465	0.398704747	0.08058136264	0.08185053936	0.3948265289	0.3941259503	0.3948265289	0.3948265289	0.3473735005	0.09268375033	0.5475856188	0.3486240874	0.1410099591	0.09847375398	0.09592296705	0.09847375398	0.447455087	0.447455087	0.9733820179	0.3564417974	0.6022886059	0.6022886059	0.9865834027	0.9977490447	0.9977490447	0.9977490447	0.3584353635	1	0.9909772921	0.2611696747	0.2985249401	0.3047133625	0.6051669271	0.866454461	0.8557371658	0.866454461	0.3116287516	0.6435547465	0.3116287516	0.8621668622	0.8596899701	0.868669926	0.8654206196	0.6482208393	0.8621668622	0.6069602834	0.8596899701	0.8596899701	0.5851677984	0.8596899701	0.8596899701	0.3604647427	0.3029171115	0.3345104593	0.6058233886	0.3345104593	0.3345104593	0.3029171115	0.3322195973	0.3253377344	0.3345104593	0.3190938367	0.3029171115	0.3190938367	0.3322195973	0.3029171115	0.3322195973	0.3623054132	0.2942395466	0.3432045994	0.3398889983	0.3546672779	0.385433972	0.6333485315	0.6333485315	0.3080835736	0.3080835736	0.3071350664	0.6333485315	0.6333485315	0.3596642701	0.3071350664	0.3411288684	0.3105508043	0.3498819787	0.3554133153	0.5887890309	0.6086856799	0.6086856799	0.6086856799	0.604845287	0.4625563196	0.4098990182	0.3140925513	0.3140925513	0.3480890146	0.3174353065	0.3446681825	0.324598697
chr11_2076798_T_C	-0.04092644902	0.40877924	0.4029103454	0.08815084035	0.08932497432	0.3991568525	0.3985039109	0.3991568525	0.3991568525	0.3435576109	0.1002740743	0.5542636343	0.3448203066	0.1452811985	0.1062181201	0.1037052361	0.1062181201	0.4460849766	0.4460849766	0.9730603526	0.3529166237	0.6012479359	0.6012479359	0.986435379	0.9931937618	0.9931937618	0.9931937618	0.3550509366	0.9909772921	1	0.2649297975	0.2960594897	0.3022678644	0.6084820744	0.8673128321	0.8566538217	0.8673128321	0.3089977793	0.6462603095	0.3089977793	0.8587099868	0.8562144924	0.8610291535	0.8577213215	0.6466820235	0.8587099868	0.6058479056	0.8605111171	0.8605111171	0.5801351193	0.8605111171	0.8605111171	0.3674549244	0.300239128	0.3314717355	0.6047167914	0.3314717355	0.3314717355	0.300239128	0.3291543166	0.3218941362	0.3314717355	0.3155727584	0.300239128	0.3155727584	0.3347729315	0.300239128	0.3347729315	0.3591823513	0.2915146527	0.3400784622	0.3367714838	0.3517225946	0.382159008	0.6279086672	0.6279086672	0.3053760929	0.3053760929	0.3044138544	0.6279086672	0.6279086672	0.3567524047	0.3044138544	0.3380731145	0.3078216412	0.3469837477	0.3524252251	0.5876589098	0.6077746162	0.6077746162	0.6077746162	0.6038929892	0.4537107274	0.4034237123	0.3113141862	0.3113141862	0.3491765907	0.3146432496	0.3457621199	0.3216753427
chr11_2076994_T_C	0.0544910459	-0.2310444871	-0.2198202417	0.4887077678	0.4655826698	-0.2038890032	-0.2045962385	-0.2038890032	-0.2038890032	-0.1949148954	0.4729423517	0.2312353864	-0.1957294237	0.4226101564	0.4642381798	0.4677005331	0.4642381798	-0.2479680595	-0.2479680595	0.2558842265	0.7014127398	-0.3015605973	-0.3015605973	0.2520822808	0.2604405779	0.2604405779	0.2604405779	0.7315496942	0.2611696747	0.2649297975	1	0.3876719816	0.3876719816	-0.2984753918	-0.07835583744	-0.06893330999	-0.07835583744	0.3802608765	-0.3455288972	0.3802608765	-0.08442137559	-0.08597509478	-0.08064788665	-0.08252840601	-0.3432963213	-0.08442137559	-0.3034264524	-0.08597509478	-0.08597509478	-0.2731612022	-0.08597509478	-0.08597509478	0.2190604308	0.377308498	0.2879875134	-0.3025849693	0.2879875134	0.2879875134	0.377308498	0.2855661658	-0.3926546156	0.2879875134	-0.3915134074	0.377308498	-0.3915134074	0.2855661658	0.377308498	0.2855661658	-0.380221754	0.3743729565	0.273587658	0.2759667334	-0.380165746	-0.4141571765	-0.1587021375	-0.1587021375	0.3543095084	0.3543095084	0.3514896608	-0.1587021375	-0.1587021375	-0.3721585503	0.3514896608	0.2673220812	0.348629332	-0.3679855588	-0.3393971844	-0.1700825025	-0.1558754278	-0.1558754278	-0.1558754278	-0.1581666257	-0.1635721428	-0.1458909525	-0.04920406163	-0.04920406163	-0.07506206656	-0.0448693483	-0.08523238867	-0.0637835748
chr11_2077046_CCA_C	0.01003116769	-0.2072630272	-0.2155844507	0.4599229963	0.4432943024	-0.2000698038	-0.2006716384	-0.2000698038	-0.2000698038	-0.1256063031	0.4444201225	0.2048859101	-0.1267977317	0.4501360376	0.4358922239	0.4268321831	0.4358922239	-0.2505655943	-0.2505655943	0.2873283207	0.7375318666	-0.302730611	-0.302730611	0.2960141797	0.2979670744	0.2979670744	0.2979670744	0.7683438376	0.2985249401	0.2960594897	0.3876719816	1	0.9915059927	-0.3120602782	0.327394014	0.3394855954	0.327394014	0.9554049972	-0.3461019086	0.9554049972	0.327394014	0.3254059402	0.3287112938	0.3280518158	-0.3438932334	0.327394014	-0.3107093436	0.3254059402	0.3254059402	-0.2927229158	0.3254059402	0.3254059402	0.7476122916	0.9515486694	0.8354627267	-0.3099143744	0.8354627267	0.8354627267	0.9515486694	0.8325675705	-0.3809424927	0.8354627267	-0.3860854283	0.9515486694	-0.3860854283	0.8325675705	0.9515486694	0.8325675705	-0.3747759212	0.947723167	0.8183552393	0.8135033397	-0.3496356497	-0.3773576536	0.3095378335	0.3095378335	0.9125906081	0.9125906081	0.9153321624	0.3095378335	0.3095378335	-0.3417191539	0.9153321624	0.8066498498	0.9198989223	-0.3377718356	-0.3224649141	0.3158775281	0.3162696458	0.3162696458	0.3162696458	0.3157269201	0.2481089131	0.239168473	0.01180552349	0.01180552349	-0.01481729132	0.01609463114	-0.007393899445	0.008236297054
chr11_2077271_C_T	0.01003116769	-0.2072630272	-0.2155844507	0.4720428651	0.4554916304	-0.2000698038	-0.2006716384	-0.2000698038	-0.2000698038	-0.1256063031	0.4566309072	0.2179799714	-0.1267977317	0.4640890992	0.4482370128	0.4392228591	0.4482370128	-0.2505655943	-0.2505655943	0.2935846013	0.7375318666	-0.302730611	-0.302730611	0.30223521	0.3041794859	0.3041794859	0.3041794859	0.7683438376	0.3047133625	0.3022678644	0.3876719816	0.9915059927	1	-0.3120602782	0.3332790189	0.3454115059	0.3332790189	0.9554049972	-0.3402418679	0.9554049972	0.3332790189	0.3312843807	0.3345619097	0.3339195263	-0.3380432442	0.3332790189	-0.3107093436	0.3312843807	0.3312843807	-0.2927229158	0.3312843807	0.3312843807	0.7548328167	0.9515486694	0.8431569707	-0.3099143744	0.8431569707	0.8431569707	0.9515486694	0.840254696	-0.3809424927	0.8431569707	-0.3860854283	0.9515486694	-0.3860854283	0.840254696	0.9515486694	0.840254696	-0.3747759212	0.947723167	0.8260086849	0.8211632695	-0.3496356497	-0.3712269551	0.3220050109	0.3220050109	0.9207890357	0.9207890357	0.9236090481	0.3220050109	0.3220050109	-0.3417191539	0.9236090481	0.8220101214	0.9281630054	-0.3377718356	-0.3224649141	0.3281570504	0.3285147651	0.3285147651	0.3285147651	0.3280167083	0.2541225567	0.239168473	0.01769023397	0.01769023397	-0.009011477651	0.02198996793	-0.001599641707	0.01404805645
chr11_2077486_A_G	-0.09251732926	0.6741386632	0.6690596153	-0.4704336398	-0.4506083324	0.6524107088	0.6486647184	0.6524107088	0.6524107088	0.5638313866	-0.4450424338	0.3118468018	0.5662936225	-0.4000837775	-0.4608023541	-0.4587584688	-0.4608023541	0.7641012208	0.7641012208	0.5931641787	-0.4033336619	0.980567837	0.980567837	0.6035445836	0.6081952722	0.6081952722	0.6081952722	-0.4002430103	0.6051669271	0.6084820744	-0.2984753918	-0.3120602782	-0.3120602782	1	0.6949391498	0.6958637093	0.6949391498	-0.3317700502	0.9253843902	-0.3317700502	0.6907241062	0.6905993965	0.6895928812	0.6880496844	0.9231545024	0.6907241062	0.9956709179	0.6905993965	0.6905993965	0.92870011	0.6905993965	0.6905993965	-0.2555336218	-0.3362711753	-0.3667272929	0.9934793646	-0.3667272929	-0.3667272929	-0.3362711753	-0.3655435629	0.8347767539	-0.3667272929	0.8310269183	-0.3362711753	0.8310269183	-0.3655435629	-0.3362711753	-0.3655435629	0.8555804135	-0.3407641837	-0.3652199269	-0.3663708059	0.8320935907	0.7697750529	0.5450508649	0.5450508649	-0.3278951791	-0.3278951791	-0.3319423384	0.5450508649	0.5450508649	0.8304444785	-0.3319423384	-0.3478651718	-0.3305210674	0.8154555973	0.8070038036	0.4982674264	0.5178019834	0.5178019834	0.5178019834	0.5159647123	0.5090662832	0.3761229141	0.4027363176	0.4027363176	0.4004746737	0.399888729	0.3990410562	0.3602549284
chr11_2078638_T_C	-0.07240547518	0.473928161	0.4578841688	-0.08075177199	-0.07619564356	0.4535256051	0.4509460245	0.4535256051	0.4535256051	0.4241762648	-0.06824343386	0.4466300756	0.425438516	0.0008006632071	-0.06182988298	-0.0653865343	-0.06182988298	0.5116271581	0.5116271581	0.8425815639	0.08325941253	0.6933306168	0.6933306168	0.8608923439	0.8688449998	0.8688449998	0.8688449998	0.0824618444	0.866454461	0.8673128321	-0.07835583744	0.327394014	0.3332790189	0.6949391498	1	0.9878579622	1	0.3471949204	0.7515137398	0.3471949204	0.9959226215	0.9938955417	0.9959802001	0.9939103933	0.7511364586	0.9959226215	0.6961274975	0.9938955417	0.9938955417	0.6578566417	0.9938955417	0.9938955417	0.4389163785	0.3395697152	0.39306904	0.694841732	0.39306904	0.39306904	0.3395697152	0.3915073155	0.4670484366	0.39306904	0.4586339219	0.3395697152	0.4586339219	0.3915073155	0.3395697152	0.3915073155	0.4960995293	0.3319757689	0.4050384024	0.4012682683	0.4958729864	0.5417824888	0.8235393919	0.8235393919	0.3466789593	0.3466789593	0.3455520578	0.8235393919	0.8235393919	0.5003098113	0.3455520578	0.4005965899	0.349455274	0.4894178989	0.4895417677	0.7822188624	0.8003870568	0.8003870568	0.8003870568	0.7980916351	0.6527012859	0.5714892013	0.4261606195	0.4261606195	0.4688241231	0.426011347	0.4728085362	0.445342086
chr11_2078742_G_A	-0.06740187578	0.4726109408	0.4571017353	-0.06419452329	-0.05907967264	0.4524107323	0.4496591222	0.4524107323	0.4524107323	0.4216515071	-0.05126177517	0.4676405819	0.4230144325	-0.01012264636	-0.07060790431	-0.07427334221	-0.07060790431	0.5146849053	0.5146849053	0.8321574357	0.09722329401	0.6939963925	0.6939963925	0.8503677023	0.8581326091	0.8581326091	0.8581326091	0.09603555805	0.8557371658	0.8566538217	-0.06893330999	0.3394855954	0.3454115059	0.6958637093	0.9878579622	1	0.9878579622	0.3600190868	0.7304016801	0.3600190868	0.9837522426	0.9817826908	0.9838216251	0.9817319074	0.7300168713	0.9837522426	0.6970772257	0.9817826908	0.9817826908	0.6568128316	0.9817826908	0.9817826908	0.4252787025	0.352395068	0.4075909205	0.6957194835	0.4075909205	0.4075909205	0.352395068	0.4060732368	0.4702419739	0.4075909205	0.4618748724	0.352395068	0.4618748724	0.4060732368	0.352395068	0.4060732368	0.4989689561	0.3448025513	0.3879371399	0.3840583559	0.498045528	0.5456532804	0.8115478516	0.8115478516	0.3253677097	0.3253677097	0.323935116	0.8115478516	0.8115478516	0.5024000685	0.323935116	0.3884901292	0.3279733572	0.4913885248	0.4917152841	0.7706272294	0.7885501325	0.7885501325	0.7885501325	0.7862278831	0.6406878836	0.5619777865	0.4112398697	0.4112398697	0.4478794049	0.4111077329	0.4518900874	0.4314231015
chr11_2078858_A_AT	-0.07240547518	0.473928161	0.4578841688	-0.08075177199	-0.07619564356	0.4535256051	0.4509460245	0.4535256051	0.4535256051	0.4241762648	-0.06824343386	0.4466300756	0.425438516	0.0008006632071	-0.06182988298	-0.0653865343	-0.06182988298	0.5116271581	0.5116271581	0.8425815639	0.08325941253	0.6933306168	0.6933306168	0.8608923439	0.8688449998	0.8688449998	0.8688449998	0.0824618444	0.866454461	0.8673128321	-0.07835583744	0.327394014	0.3332790189	0.6949391498	1	0.9878579622	1	0.3471949204	0.7515137398	0.3471949204	0.9959226215	0.9938955417	0.9959802001	0.9939103933	0.7511364586	0.9959226215	0.6961274975	0.9938955417	0.9938955417	0.6578566417	0.9938955417	0.9938955417	0.4389163785	0.3395697152	0.39306904	0.694841732	0.39306904	0.39306904	0.3395697152	0.3915073155	0.4670484366	0.39306904	0.4586339219	0.3395697152	0.4586339219	0.3915073155	0.3395697152	0.3915073155	0.4960995293	0.3319757689	0.4050384024	0.4012682683	0.4958729864	0.5417824888	0.8235393919	0.8235393919	0.3466789593	0.3466789593	0.3455520578	0.8235393919	0.8235393919	0.5003098113	0.3455520578	0.4005965899	0.349455274	0.4894178989	0.4895417677	0.7822188624	0.8003870568	0.8003870568	0.8003870568	0.7980916351	0.6527012859	0.5714892013	0.4261606195	0.4261606195	0.4688241231	0.426011347	0.4728085362	0.445342086
chr11_2080612_C_T	0.03507663555	-0.2047669312	-0.2145964513	0.4901325334	0.4729982087	-0.1988791331	-0.1990380407	-0.1988791331	-0.1988791331	-0.1182646275	0.4746832701	0.2371845812	-0.1196160045	0.4832981677	0.4671546829	0.4585536323	0.4671546829	-0.2514588161	-0.2514588161	0.2991988435	0.757878925	-0.3159244747	-0.3159244747	0.3084424015	0.3110177294	0.3110177294	0.3110177294	0.7482474166	0.3116287516	0.3089977793	0.3802608765	0.9554049972	0.9554049972	-0.3317700502	0.3471949204	0.3600190868	0.3471949204	1	-0.3577566346	1	0.3471949204	0.3450863953	0.3485922916	0.3478927178	-0.3554300805	0.3471949204	-0.3303337904	0.3450863953	0.3450863953	-0.308346775	0.3450863953	0.3450863953	0.7903555657	0.9959316793	0.8870511118	-0.329492886	0.8870511118	0.8870511118	0.9959316793	0.8839795983	-0.4097705475	0.8870511118	-0.4152511103	0.9959316793	-0.4152511103	0.8839795983	0.9959316793	0.8839795983	-0.4022252756	0.9918957259	0.8689016851	0.8643686058	-0.376098772	-0.3943954116	0.3186537948	0.3186537948	0.9480710532	0.9480710532	0.9514503781	0.3186537948	0.3186537948	-0.3682270533	0.9514503781	0.8507993303	0.955663506	-0.3640025292	-0.3498106525	0.3295817121	0.3249869313	0.3249869313	0.3249869313	0.3243731824	0.2378092257	0.2116226802	0.01534251682	0.01534251682	-0.009093734736	0.01942559542	-0.001696597489	0.01582834657
chr11_2081637_C_CT	-0.09677399806	0.6159669371	0.6069058622	-0.425207044	-0.4086166094	0.5915089882	0.5890521384	0.5915089882	0.5915089882	0.5055735566	-0.401883538	0.2778811529	0.5077811183	-0.3391927242	-0.3902009924	-0.3876919	-0.3902009924	0.6863527635	0.6863527635	0.6285272947	-0.4502454938	0.912635655	0.912635655	0.6402577536	0.6463649857	0.6463649857	0.6463649857	-0.4442641171	0.6435547465	0.6462603095	-0.3455288972	-0.3461019086	-0.3402418679	0.9253843902	0.7515137398	0.7304016801	0.7515137398	-0.3577566346	1	-0.3577566346	0.7474536576	0.7469184793	0.746527971	0.7449590796	0.9979876379	0.7474536576	0.9255573186	0.7469184793	0.7469184793	0.8719814101	0.7469184793	0.7469184793	-0.1189438554	-0.3624875165	-0.2326199709	0.923685449	-0.2326199709	-0.2326199709	-0.3624875165	-0.2320143261	0.7533320843	-0.2326199709	0.7488087236	-0.3624875165	0.7488087236	-0.2320143261	-0.3624875165	-0.2320143261	0.7769520036	-0.3672100418	-0.2079336466	-0.2084988628	0.7583469815	0.8169330325	0.595879755	0.595879755	-0.3217394965	-0.3217394965	-0.3252389009	0.595879755	0.595879755	0.7572273985	-0.3252389009	-0.1996219949	-0.3243160881	0.7434098268	0.7335494865	0.5470469501	0.5683704053	0.5683704053	0.5683704053	0.5665164802	0.4826387826	0.420192879	0.4135597067	0.4135597067	0.4732326149	0.4105387084	0.4719963972	0.4323180342
chr11_2081917_A_G	0.03507663555	-0.2047669312	-0.2145964513	0.4901325334	0.4729982087	-0.1988791331	-0.1990380407	-0.1988791331	-0.1988791331	-0.1182646275	0.4746832701	0.2371845812	-0.1196160045	0.4832981677	0.4671546829	0.4585536323	0.4671546829	-0.2514588161	-0.2514588161	0.2991988435	0.757878925	-0.3159244747	-0.3159244747	0.3084424015	0.3110177294	0.3110177294	0.3110177294	0.7482474166	0.3116287516	0.3089977793	0.3802608765	0.9554049972	0.9554049972	-0.3317700502	0.3471949204	0.3600190868	0.3471949204	1	-0.3577566346	1	0.3471949204	0.3450863953	0.3485922916	0.3478927178	-0.3554300805	0.3471949204	-0.3303337904	0.3450863953	0.3450863953	-0.308346775	0.3450863953	0.3450863953	0.7903555657	0.9959316793	0.8870511118	-0.329492886	0.8870511118	0.8870511118	0.9959316793	0.8839795983	-0.4097705475	0.8870511118	-0.4152511103	0.9959316793	-0.4152511103	0.8839795983	0.9959316793	0.8839795983	-0.4022252756	0.9918957259	0.8689016851	0.8643686058	-0.376098772	-0.3943954116	0.3186537948	0.3186537948	0.9480710532	0.9480710532	0.9514503781	0.3186537948	0.3186537948	-0.3682270533	0.9514503781	0.8507993303	0.955663506	-0.3640025292	-0.3498106525	0.3295817121	0.3249869313	0.3249869313	0.3249869313	0.3243731824	0.2378092257	0.2116226802	0.01534251682	0.01534251682	-0.009093734736	0.01942559542	-0.001696597489	0.01582834657
chr11_2082423_C_T	-0.07240547518	0.473928161	0.4578841688	-0.08914892596	-0.08042105405	0.4535256051	0.4509460245	0.4535256051	0.4535256051	0.4241762648	-0.07670357815	0.4420940179	0.425438516	-0.004032970228	-0.07038287103	-0.07397131488	-0.07038287103	0.5116271581	0.5116271581	0.83824695	0.08325941253	0.6933306168	0.6933306168	0.8608923439	0.8645407802	0.8645407802	0.8645407802	0.07747497302	0.8621668622	0.8587099868	-0.08442137559	0.327394014	0.3332790189	0.6907241062	0.9959226215	0.9837522426	0.9959226215	0.3471949204	0.7474536576	0.3471949204	1	0.9938955417	0.9959802001	0.9939103933	0.7470833404	0.9959226215	0.6961274975	0.9938955417	0.9938955417	0.6578566417	0.9938955417	0.9938955417	0.4389163785	0.3395697152	0.39306904	0.694841732	0.39306904	0.39306904	0.3395697152	0.3915073155	0.4670484366	0.39306904	0.4586339219	0.3395697152	0.4586339219	0.3915073155	0.3395697152	0.3915073155	0.4960995293	0.3319757689	0.4050384024	0.4012682683	0.4958729864	0.5417824888	0.8235393919	0.8235393919	0.3466789593	0.3466789593	0.3455520578	0.8235393919	0.8235393919	0.5003098113	0.3455520578	0.4005965899	0.349455274	0.4894178989	0.4895417677	0.7822188624	0.8003870568	0.8003870568	0.8003870568	0.7980916351	0.6527012859	0.5714892013	0.4261606195	0.4261606195	0.4688241231	0.426011347	0.4728085362	0.445342086
chr11_2082702_C_CA	-0.0732351711	0.4792491308	0.4631173474	-0.09187971985	-0.08746941927	0.458918699	0.4563544858	0.458918699	0.458918699	0.4262288298	-0.07950404812	0.4439266114	0.4274649701	-0.007049825395	-0.07319585654	-0.0767822776	-0.07319585654	0.5203302606	0.5203302606	0.8400036515	0.07607899316	0.6932439362	0.6932439362	0.8540506798	0.8620465744	0.8620465744	0.8620465744	0.07523915454	0.8596899701	0.8562144924	-0.08597509478	0.3254059402	0.3312843807	0.6905993965	0.9938955417	0.9817826908	0.9938955417	0.3450863953	0.7469184793	0.3450863953	0.9938955417	1	0.9939749702	0.9918965548	0.7465563424	0.9938955417	0.695993965	0.9918634253	0.9918634253	0.6580514128	0.9918634253	0.9918634253	0.4361888233	0.3374607366	0.390681377	0.6947200562	0.390681377	0.390681377	0.3374607366	0.3891123185	0.4708074561	0.390681377	0.4624041022	0.3374607366	0.4624041022	0.3891123185	0.3374607366	0.3891123185	0.4998964096	0.3298662978	0.4025827334	0.3988259479	0.499822773	0.545403672	0.8255497585	0.8255497585	0.3445401998	0.3445401998	0.3434095024	0.8255497585	0.8255497585	0.5042949387	0.3434095024	0.3981823654	0.3472993867	0.4933941884	0.4935196833	0.7841617176	0.8023710793	0.8023710793	0.8023710793	0.8000800157	0.6554031458	0.5782615013	0.4340720381	0.4340720381	0.476320789	0.433929733	0.4802929959	0.453021212
chr11_2083709_C_T	-0.07940148676	0.4768741953	0.4567974989	-0.08299430842	-0.07834470484	0.4524247422	0.4498021352	0.4524247422	0.4524247422	0.4263490379	-0.07051062515	0.4439003141	0.4275963019	0.002004701816	-0.06421597448	-0.06777950817	-0.06421597448	0.5112881554	0.5112881554	0.8409185559	0.08232643178	0.6920898149	0.6920898149	0.8589988122	0.8668131441	0.8668131441	0.8668131441	0.08130069985	0.868669926	0.8610291535	-0.08064788665	0.3287112938	0.3345619097	0.6895928812	0.9959802001	0.9838216251	0.9959802001	0.3485922916	0.746527971	0.3485922916	0.9959802001	0.9939749702	1	0.9979875686	0.7501668674	0.9959802001	0.6949521218	0.9939749702	0.9939749702	0.6605330811	0.9939749702	0.9939749702	0.4358328743	0.3410294772	0.3946521237	0.6936649679	0.3946521237	0.3946521237	0.3410294772	0.3931175913	0.4685528964	0.3946521237	0.4602415959	0.3410294772	0.4602415959	0.3931175913	0.3410294772	0.3931175913	0.497244485	0.3334977476	0.4066603354	0.4028940323	0.496827959	0.5428739182	0.8257777778	0.8257777778	0.3481406735	0.3481406735	0.3470304152	0.8257777778	0.8257777778	0.5012231132	0.3470304152	0.4021718444	0.3509286941	0.4903522768	0.4905769089	0.7847309503	0.8026351496	0.8026351496	0.8026351496	0.8003957145	0.6544863495	0.5754972949	0.427242941	0.427242941	0.4701162745	0.4271176	0.4740530567	0.4464808763
chr11_2084014_C_T	-0.08054228397	0.4754014831	0.4551586339	-0.08606187355	-0.08148566408	0.4507480292	0.4481524503	0.4507480292	0.4507480292	0.4252622464	-0.07359740702	0.4384733469	0.4265169715	-0.001005279618	-0.06728981953	-0.07086574162	-0.06728981953	0.5093356279	0.5093356279	0.8374186451	0.08035802632	0.6906076733	0.6906076733	0.855638023	0.8635272017	0.8635272017	0.8635272017	0.07939277179	0.8654206196	0.8577213215	-0.08252840601	0.3280518158	0.3339195263	0.6880496844	0.9939103933	0.9817319074	0.9939103933	0.3478927178	0.7449590796	0.3478927178	0.9939103933	0.9918965548	0.9979875686	1	0.7486233048	0.9979757895	0.6934399871	0.9959574163	0.9959574163	0.6591932205	0.9959574163	0.9959574163	0.4398604089	0.3460439401	0.3991748072	0.6921475967	0.3991748072	0.3991748072	0.3460439401	0.3976218142	0.4656671947	0.3991748072	0.4572948848	0.3460439401	0.4572948848	0.3976218142	0.3460439401	0.3976218142	0.4945461024	0.3384720001	0.4111353663	0.4073716644	0.4942054783	0.5402076651	0.826808006	0.826808006	0.3530725489	0.3530725489	0.3520082022	0.826808006	0.826808006	0.4986105958	0.3520082022	0.4066886216	0.3559000655	0.4877434429	0.4879002886	0.7855926677	0.8036223841	0.8036223841	0.8036223841	0.8013627712	0.6556680484	0.5757104349	0.4287323619	0.4287323619	0.4714734758	0.4285987617	0.4754299788	0.447916786
chr11_2084913_T_C	-0.1049323786	0.6177678136	0.6044890983	-0.4216611755	-0.4050124807	0.5890539799	0.5865778364	0.5890539799	0.5890539799	0.5070318482	-0.398322151	0.279599118	0.5092318182	-0.3356041971	-0.3866542051	-0.384147446	-0.3866542051	0.6843898815	0.6843898815	0.6290793476	-0.4472709364	0.9103868958	0.9103868958	0.6407279301	0.6467787654	0.6467787654	0.6467787654	-0.4413631019	0.6482208393	0.6466820235	-0.3432963213	-0.3438932334	-0.3380432442	0.9231545024	0.7511364586	0.7300168713	0.7511364586	-0.3554300805	0.9979876379	-0.3554300805	0.7470833404	0.7465563424	0.7501668674	0.7486233048	1	0.7470833404	0.9233299162	0.7465563424	0.7465563424	0.8737457116	0.7465563424	0.7465563424	-0.1214856207	-0.3601439322	-0.2302811917	0.9214508853	-0.2302811917	-0.2302811917	-0.3601439322	-0.2296675536	0.7520312475	-0.2302811917	0.7475330694	-0.3601439322	0.7475330694	-0.2296675536	-0.3601439322	-0.2296675536	0.7755241029	-0.3648494373	-0.2055828202	-0.2061561658	0.7568365926	0.8155490665	0.5962360665	0.5962360665	-0.3194440596	-0.3194440596	-0.3229324332	0.5962360665	0.5962360665	0.7557003174	-0.3229324332	-0.1973217381	-0.3220022686	0.7418992194	0.7320890321	0.5475354533	0.568749351	0.568749351	0.568749351	0.5669121991	0.4825393415	0.4209360847	0.4126099961	0.4126099961	0.472437262	0.4096020486	0.4711949714	0.4314455388
chr11_2086132_G_A	-0.07240547518	0.473928161	0.4578841688	-0.08914892596	-0.08464646454	0.4535256051	0.4509460245	0.4535256051	0.4535256051	0.4241762648	-0.07670357815	0.4375579602	0.425438516	-0.004032970228	-0.07038287103	-0.07397131488	-0.07038287103	0.5116271581	0.5116271581	0.83824695	0.07837941101	0.6933306168	0.6933306168	0.8565821529	0.8645407802	0.8645407802	0.8645407802	0.07747497302	0.8621668622	0.8587099868	-0.08442137559	0.327394014	0.3332790189	0.6907241062	0.9959226215	0.9837522426	0.9959226215	0.3471949204	0.7474536576	0.3471949204	0.9959226215	0.9938955417	0.9959802001	0.9979757895	0.7470833404	1	0.6961274975	0.9979683721	0.9979683721	0.6578566417	0.9979683721	0.9979683721	0.4439190615	0.3453317247	0.3983999353	0.694841732	0.3983999353	0.3983999353	0.3453317247	0.3968332788	0.4670484366	0.3983999353	0.4586339219	0.3453317247	0.4586339219	0.3968332788	0.3453317247	0.3968332788	0.4960995293	0.337728494	0.4103410309	0.4065753893	0.4958729864	0.5417824888	0.8278582839	0.8278582839	0.3523591741	0.3523591741	0.3512866317	0.8278582839	0.8278582839	0.5003098113	0.3512866317	0.4059177105	0.3551809778	0.4894178989	0.4895417677	0.7864727468	0.8046290231	0.8046290231	0.8046290231	0.8023490757	0.6568677906	0.5759345719	0.430237794	0.430237794	0.4728466345	0.4300958839	0.4768230412	0.4493687169
chr11_2087220_T_C	-0.09211681414	0.6757134403	0.670657411	-0.4727186384	-0.4530067758	0.6541734064	0.6504321616	0.6541734064	0.6541734064	0.5613905142	-0.4474697707	0.3104967914	0.5638420909	-0.398351782	-0.4632092464	-0.4611905711	-0.4632092464	0.7651646607	0.7651646607	0.5950578879	-0.4066105239	0.9849732359	0.9849732359	0.605368217	0.609992626	0.609992626	0.609992626	-0.4036432517	0.6069602834	0.6058479056	-0.3034264524	-0.3107093436	-0.3107093436	0.9956709179	0.6961274975	0.6970772257	0.6961274975	-0.3303337904	0.9255573186	-0.3303337904	0.6961274975	0.695993965	0.6949521218	0.6934399871	0.9233299162	0.6961274975	1	0.695993965	0.695993965	0.93334441	0.695993965	0.695993965	-0.2544273958	-0.3348154297	-0.3651397003	0.9978424602	-0.3651397003	-0.3651397003	-0.3348154297	-0.3639610948	0.839965455	-0.3651397003	0.8362715938	-0.3348154297	0.8362715938	-0.3639610948	-0.3348154297	-0.3639610948	0.8606446268	-0.3392889875	-0.3636388598	-0.3647847566	0.8329142791	0.7708146422	0.5471366782	0.5471366782	-0.326475694	-0.326475694	-0.3305053327	0.5471366782	0.5471366782	0.8312945499	-0.3305053327	-0.3463592349	-0.3290902146	0.8163414477	0.807962479	0.5004888575	0.5199265807	0.5199265807	0.5199265807	0.5181131907	0.5111510263	0.3790702132	0.4051894254	0.4051894254	0.4028813083	0.4023617422	0.4014456561	0.3628399177
chr11_2087727_T_G	-0.0732351711	0.4748886726	0.4587558887	-0.08768582617	-0.08324872201	0.4544671549	0.4519140738	0.4544671549	0.4544671549	0.4213663368	-0.0752786944	0.4393956134	0.4226310038	-0.002221583633	-0.06892413273	-0.07249467525	-0.06892413273	0.5118459078	0.5118459078	0.8400036515	0.07607899316	0.6932439362	0.6932439362	0.858356063	0.8620465744	0.8620465744	0.8620465744	0.07523915454	0.8596899701	0.8605111171	-0.08597509478	0.3254059402	0.3312843807	0.6905993965	0.9938955417	0.9817826908	0.9938955417	0.3450863953	0.7469184793	0.3450863953	0.9938955417	0.9918634253	0.9939749702	0.9959574163	0.7465563424	0.9979683721	0.695993965	1	1	0.6580514128	1	1	0.4461830288	0.343216319	0.3960063259	0.6947200562	0.3960063259	0.3960063259	0.343216319	0.3944323409	0.4665362024	0.3960063259	0.4581135649	0.343216319	0.4581135649	0.3997523634	0.343216319	0.3997523634	0.495641861	0.335612606	0.4078794471	0.4041271491	0.4955305275	0.5411608047	0.8255497585	0.8255497585	0.3502140786	0.3502140786	0.3491376797	0.8255497585	0.8255497585	0.4999811064	0.3491376797	0.4034975505	0.3530187037	0.4891086053	0.4891989341	0.7884108569	0.806608314	0.806608314	0.806608314	0.8043327073	0.6512412885	0.5738210893	0.4299994115	0.4299994115	0.476320789	0.4298497522	0.4802929959	0.4489990726
chr11_2087911_T_C	-0.0732351711	0.4748886726	0.4587558887	-0.08768582617	-0.08324872201	0.4544671549	0.4519140738	0.4544671549	0.4544671549	0.4213663368	-0.0752786944	0.4393956134	0.4226310038	-0.002221583633	-0.06892413273	-0.07249467525	-0.06892413273	0.5118459078	0.5118459078	0.8400036515	0.07607899316	0.6932439362	0.6932439362	0.858356063	0.8620465744	0.8620465744	0.8620465744	0.07523915454	0.8596899701	0.8605111171	-0.08597509478	0.3254059402	0.3312843807	0.6905993965	0.9938955417	0.9817826908	0.9938955417	0.3450863953	0.7469184793	0.3450863953	0.9938955417	0.9918634253	0.9939749702	0.9959574163	0.7465563424	0.9979683721	0.695993965	1	1	0.6580514128	1	1	0.4461830288	0.343216319	0.3960063259	0.6947200562	0.3960063259	0.3960063259	0.343216319	0.3944323409	0.4665362024	0.3960063259	0.4581135649	0.343216319	0.4581135649	0.3997523634	0.343216319	0.3997523634	0.495641861	0.335612606	0.4078794471	0.4041271491	0.4955305275	0.5411608047	0.8255497585	0.8255497585	0.3502140786	0.3502140786	0.3491376797	0.8255497585	0.8255497585	0.4999811064	0.3491376797	0.4034975505	0.3530187037	0.4891086053	0.4891989341	0.7884108569	0.806608314	0.806608314	0.806608314	0.8043327073	0.6512412885	0.5738210893	0.4299994115	0.4299994115	0.476320789	0.4298497522	0.4802929959	0.4489990726
chr11_2088229_C_T	-0.08050741981	0.60437411	0.5894144868	-0.4382591865	-0.4159056391	0.5699217515	0.5700449438	0.5699217515	0.5699217515	0.4869476976	-0.4114887709	0.2789151284	0.4851942757	-0.3613448846	-0.4277588481	-0.4258964747	-0.4277588481	0.7010249756	0.7010249756	0.5721211011	-0.36759271	0.9167218922	0.9167218922	0.5807990651	0.5839742517	0.5839742517	0.5839742517	-0.3675576933	0.5851677984	0.5801351193	-0.2731612022	-0.2927229158	-0.2927229158	0.92870011	0.6578566417	0.6568128316	0.6578566417	-0.308346775	0.8719814101	-0.308346775	0.6578566417	0.6580514128	0.6605330811	0.6591932205	0.8737457116	0.6578566417	0.93334441	0.6580514128	0.6580514128	1	0.6580514128	0.6580514128	-0.3802555884	-0.3124776174	-0.3327513644	0.9306898182	-0.3327513644	-0.3327513644	-0.3124776174	-0.3367272316	0.784743051	-0.3327513644	0.7813764203	-0.3124776174	0.7813764203	-0.3312292311	-0.3124776174	-0.3312292311	0.8027411462	-0.3166010854	-0.3292071055	-0.3306960022	0.770502666	0.7210456483	0.511266234	0.511266234	-0.3028616385	-0.3028616385	-0.3070674399	0.511266234	0.511266234	0.7679503317	-0.3070674399	-0.3132358716	-0.3052870503	0.753085311	0.7453484931	0.4630253301	0.4846439038	0.4846439038	0.4846439038	0.4829875362	0.4601901921	0.347747686	0.3476323169	0.3476323169	0.3506395926	0.3449748257	0.3490263985	0.3136904091
chr11_2089861_A_G	-0.0732351711	0.4748886726	0.4587558887	-0.08768582617	-0.08324872201	0.4544671549	0.4519140738	0.4544671549	0.4544671549	0.4213663368	-0.0752786944	0.4393956134	0.4226310038	-0.002221583633	-0.06892413273	-0.07249467525	-0.06892413273	0.5118459078	0.5118459078	0.8400036515	0.07607899316	0.6932439362	0.6932439362	0.858356063	0.8620465744	0.8620465744	0.8620465744	0.07523915454	0.8596899701	0.8605111171	-0.08597509478	0.3254059402	0.3312843807	0.6905993965	0.9938955417	0.9817826908	0.9938955417	0.3450863953	0.7469184793	0.3450863953	0.9938955417	0.9918634253	0.9939749702	0.9959574163	0.7465563424	0.9979683721	0.695993965	1	1	0.6580514128	1	1	0.4461830288	0.343216319	0.3960063259	0.6947200562	0.3960063259	0.3960063259	0.343216319	0.3944323409	0.4665362024	0.3960063259	0.4581135649	0.343216319	0.4581135649	0.3997523634	0.343216319	0.3997523634	0.495641861	0.335612606	0.4078794471	0.4041271491	0.4955305275	0.5411608047	0.8255497585	0.8255497585	0.3502140786	0.3502140786	0.3491376797	0.8255497585	0.8255497585	0.4999811064	0.3491376797	0.4034975505	0.3530187037	0.4891086053	0.4891989341	0.7884108569	0.806608314	0.806608314	0.806608314	0.8043327073	0.6512412885	0.5738210893	0.4299994115	0.4299994115	0.476320789	0.4298497522	0.4802929959	0.4489990726
chr11_2090336_T_G	-0.0732351711	0.4748886726	0.4587558887	-0.08768582617	-0.08324872201	0.4544671549	0.4519140738	0.4544671549	0.4544671549	0.4213663368	-0.0752786944	0.4393956134	0.4226310038	-0.002221583633	-0.06892413273	-0.07249467525	-0.06892413273	0.5118459078	0.5118459078	0.8400036515	0.07607899316	0.6932439362	0.6932439362	0.858356063	0.8620465744	0.8620465744	0.8620465744	0.07523915454	0.8596899701	0.8605111171	-0.08597509478	0.3254059402	0.3312843807	0.6905993965	0.9938955417	0.9817826908	0.9938955417	0.3450863953	0.7469184793	0.3450863953	0.9938955417	0.9918634253	0.9939749702	0.9959574163	0.7465563424	0.9979683721	0.695993965	1	1	0.6580514128	1	1	0.4461830288	0.343216319	0.3960063259	0.6947200562	0.3960063259	0.3960063259	0.343216319	0.3944323409	0.4665362024	0.3960063259	0.4581135649	0.343216319	0.4581135649	0.3997523634	0.343216319	0.3997523634	0.495641861	0.335612606	0.4078794471	0.4041271491	0.4955305275	0.5411608047	0.8255497585	0.8255497585	0.3502140786	0.3502140786	0.3491376797	0.8255497585	0.8255497585	0.4999811064	0.3491376797	0.4034975505	0.3530187037	0.4891086053	0.4891989341	0.7884108569	0.806608314	0.806608314	0.806608314	0.8043327073	0.6512412885	0.5738210893	0.4299994115	0.4299994115	0.476320789	0.4298497522	0.4802929959	0.4489990726
chr11_2090456_T_G	0.005731412538	-0.1350166493	-0.1370524744	0.4131853894	0.3920673319	-0.1191523745	-0.1224347595	-0.1191523745	-0.1191523745	-0.06119198123	0.3966073233	0.2082094069	-0.05755456337	0.4267456014	0.4237503779	0.417151145	0.4237503779	-0.2044956771	-0.2044956771	0.3517904915	0.5303485067	-0.2380486752	-0.2380486752	0.364018729	0.3647779575	0.3647779575	0.3647779575	0.5292753087	0.3604647427	0.3674549244	0.2190604308	0.7476122916	0.7548328167	-0.2555336218	0.4389163785	0.4252787025	0.4389163785	0.7903555657	-0.1189438554	0.7903555657	0.4389163785	0.4361888233	0.4358328743	0.4398604089	-0.1214856207	0.4439190615	-0.2544273958	0.4461830288	0.4461830288	-0.3802555884	0.4461830288	0.4461830288	1	0.7929682282	0.8819067695	-0.252837046	0.8819067695	0.8819067695	0.7929682282	0.8846989279	-0.3596525092	0.8819067695	-0.3659966979	0.7929682282	-0.3659966979	0.8846989279	0.7929682282	0.8846989279	-0.3452933793	0.7885294643	0.8922780899	0.8894387384	-0.3071132705	-0.1922834615	0.4063653869	0.4063653869	0.7901346037	0.7901346037	0.7938112372	0.4063653869	0.4063653869	-0.2986130345	0.7938112372	0.8679132606	0.7964622515	-0.2943000605	-0.2849935587	0.418083891	0.4147413098	0.4147413098	0.4147413098	0.4139148341	0.2529673391	0.2915145188	0.1149945736	0.1149945736	0.1683171311	0.1179692921	0.1751135703	0.1786734357
chr11_2093065_C_T	0.03373128045	-0.208494664	-0.2184604821	0.4853279937	0.468098374	-0.202804368	-0.2029138476	-0.202804368	-0.202804368	-0.121377423	0.469825028	0.2272671203	-0.1227211834	0.478234406	0.4623010048	0.4537112003	0.4623010048	-0.2559328643	-0.2559328643	0.2902672389	0.7535103462	-0.3203752836	-0.3203752836	0.2996180075	0.3022628511	0.3022628511	0.3022628511	0.7439845321	0.3029171115	0.300239128	0.377308498	0.9515486694	0.9515486694	-0.3362711753	0.3395697152	0.352395068	0.3395697152	0.9959316793	-0.3624875165	0.9959316793	0.3395697152	0.3374607366	0.3410294772	0.3460439401	-0.3601439322	0.3453317247	-0.3348154297	0.343216319	0.343216319	-0.3124776174	0.343216319	0.343216319	0.7929682282	1	0.8903781792	-0.3339779901	0.8903781792	0.8903781792	1	0.8872918722	-0.4151316812	0.8903781792	-0.420655345	1	-0.420655345	0.8872918722	1	0.8872918722	-0.4074520573	0.9959448371	0.8721411261	0.867634734	-0.3812589206	-0.3997784042	0.3161738212	0.3161738212	0.9520710368	0.9520710368	0.9555145125	0.3161738212	0.3161738212	-0.3734041379	0.9555145125	0.8541460921	0.9596955228	-0.369136274	-0.3550645816	0.3270150393	0.3225315168	0.3225315168	0.3225315168	0.3218994457	0.2363853258	0.2091958907	0.01565915662	0.01565915662	-0.009102132244	0.01972437982	-0.001705428161	0.01598868126
chr11_2093603_C_A	0.02949444104	-0.2446698927	-0.258384836	0.5061319194	0.4876643184	-0.2435371954	-0.2423576652	-0.2435371954	-0.2435371954	-0.1656196059	0.4907696738	0.2009244146	-0.1669640395	0.4865352979	0.4855218856	0.4781569073	0.4855218856	-0.3036643562	-0.3036643562	0.3189516785	0.6363439007	-0.3500524339	-0.3500524339	0.3295314622	0.3337472177	0.3337472177	0.3337472177	0.6308928937	0.3345104593	0.3314717355	0.2879875134	0.8354627267	0.8431569707	-0.3667272929	0.39306904	0.4075909205	0.39306904	0.8870511118	-0.2326199709	0.8870511118	0.39306904	0.390681377	0.3946521237	0.3991748072	-0.2302811917	0.3983999353	-0.3651397003	0.3960063259	0.3960063259	-0.3327513644	0.3960063259	0.3960063259	0.8819067695	0.8903781792	1	-0.3641620313	1	1	0.8903781792	0.9965258808	-0.4563835618	1	-0.4625554132	0.8903781792	-0.4625554132	0.9965258808	0.8903781792	0.9965258808	-0.4453515433	0.8861903092	0.9725380234	0.9689632086	-0.4113266178	-0.2706315736	0.3643768632	0.3643768632	0.8445853455	0.8445853455	0.8479148934	0.3643768632	0.3643768632	-0.4036152236	0.8479148934	0.9513311132	0.851349052	-0.3989188154	-0.3878513338	0.3704136923	0.3689789611	0.3689789611	0.3689789611	0.3682873894	0.1880418822	0.253981705	0.02460373982	0.02460373982	0.07503714152	0.02803360536	0.08205778024	0.1045373103
chr11_2093897_G_A	-0.1010222491	0.6715869175	0.6666257484	-0.471135956	-0.4512780886	0.6499347216	0.6461699494	0.6499347216	0.6499347216	0.5553495222	-0.4457577552	0.3089749255	0.557863064	-0.3963604884	-0.4615362654	-0.4595098135	-0.4615362654	0.762137359	0.762137359	0.5939656407	-0.4054780089	0.9827223636	0.9827223636	0.6042663222	0.6088623387	0.6088623387	0.6088623387	-0.4025680251	0.6058233886	0.6047167914	-0.3025849693	-0.3099143744	-0.3099143744	0.9934793646	0.694841732	0.6957194835	0.694841732	-0.329492886	0.923685449	-0.329492886	0.694841732	0.6947200562	0.6936649679	0.6921475967	0.9214508853	0.694841732	0.9978424602	0.6947200562	0.6947200562	0.9306898182	0.6947200562	0.6947200562	-0.252837046	-0.3339779901	-0.3641620313	1	-0.3641620313	-0.3641620313	-0.3339779901	-0.3629707011	0.8379272097	-0.3641620313	0.8342210281	-0.3339779901	0.8342210281	-0.3629707011	-0.3339779901	-0.3629707011	0.8585924764	-0.3384549853	-0.362600452	-0.36375905	0.8306256599	0.7686363799	0.5456632147	0.5456632147	-0.3255919992	-0.3255919992	-0.3296278559	0.5456632147	0.5456632147	0.8289596986	-0.3296278559	-0.34530948	-0.3281994429	0.8139858343	0.8055812558	0.4990003604	0.5184297818	0.5184297818	0.5184297818	0.5166093863	0.5090577607	0.3770779155	0.4060901128	0.4060901128	0.4040420091	0.4032625735	0.4025937734	0.3637339707
chr11_2094303_C_T	0.02949444104	-0.2446698927	-0.258384836	0.5061319194	0.4876643184	-0.2435371954	-0.2423576652	-0.2435371954	-0.2435371954	-0.1656196059	0.4907696738	0.2009244146	-0.1669640395	0.4865352979	0.4855218856	0.4781569073	0.4855218856	-0.3036643562	-0.3036643562	0.3189516785	0.6363439007	-0.3500524339	-0.3500524339	0.3295314622	0.3337472177	0.3337472177	0.3337472177	0.6308928937	0.3345104593	0.3314717355	0.2879875134	0.8354627267	0.8431569707	-0.3667272929	0.39306904	0.4075909205	0.39306904	0.8870511118	-0.2326199709	0.8870511118	0.39306904	0.390681377	0.3946521237	0.3991748072	-0.2302811917	0.3983999353	-0.3651397003	0.3960063259	0.3960063259	-0.3327513644	0.3960063259	0.3960063259	0.8819067695	0.8903781792	1	-0.3641620313	1	1	0.8903781792	0.9965258808	-0.4563835618	1	-0.4625554132	0.8903781792	-0.4625554132	0.9965258808	0.8903781792	0.9965258808	-0.4453515433	0.8861903092	0.9725380234	0.9689632086	-0.4113266178	-0.2706315736	0.3643768632	0.3643768632	0.8445853455	0.8445853455	0.8479148934	0.3643768632	0.3643768632	-0.4036152236	0.8479148934	0.9513311132	0.851349052	-0.3989188154	-0.3878513338	0.3704136923	0.3689789611	0.3689789611	0.3689789611	0.3682873894	0.1880418822	0.253981705	0.02460373982	0.02460373982	0.07503714152	0.02803360536	0.08205778024	0.1045373103
chr11_2094599_G_A	0.02949444104	-0.2446698927	-0.258384836	0.5061319194	0.4876643184	-0.2435371954	-0.2423576652	-0.2435371954	-0.2435371954	-0.1656196059	0.4907696738	0.2009244146	-0.1669640395	0.4865352979	0.4855218856	0.4781569073	0.4855218856	-0.3036643562	-0.3036643562	0.3189516785	0.6363439007	-0.3500524339	-0.3500524339	0.3295314622	0.3337472177	0.3337472177	0.3337472177	0.6308928937	0.3345104593	0.3314717355	0.2879875134	0.8354627267	0.8431569707	-0.3667272929	0.39306904	0.4075909205	0.39306904	0.8870511118	-0.2326199709	0.8870511118	0.39306904	0.390681377	0.3946521237	0.3991748072	-0.2302811917	0.3983999353	-0.3651397003	0.3960063259	0.3960063259	-0.3327513644	0.3960063259	0.3960063259	0.8819067695	0.8903781792	1	-0.3641620313	1	1	0.8903781792	0.9965258808	-0.4563835618	1	-0.4625554132	0.8903781792	-0.4625554132	0.9965258808	0.8903781792	0.9965258808	-0.4453515433	0.8861903092	0.9725380234	0.9689632086	-0.4113266178	-0.2706315736	0.3643768632	0.3643768632	0.8445853455	0.8445853455	0.8479148934	0.3643768632	0.3643768632	-0.4036152236	0.8479148934	0.9513311132	0.851349052	-0.3989188154	-0.3878513338	0.3704136923	0.3689789611	0.3689789611	0.3689789611	0.3682873894	0.1880418822	0.253981705	0.02460373982	0.02460373982	0.07503714152	0.02803360536	0.08205778024	0.1045373103
chr11_2095273_C_T	0.03373128045	-0.208494664	-0.2184604821	0.4853279937	0.468098374	-0.202804368	-0.2029138476	-0.202804368	-0.202804368	-0.121377423	0.469825028	0.2272671203	-0.1227211834	0.478234406	0.4623010048	0.4537112003	0.4623010048	-0.2559328643	-0.2559328643	0.2902672389	0.7535103462	-0.3203752836	-0.3203752836	0.2996180075	0.3022628511	0.3022628511	0.3022628511	0.7439845321	0.3029171115	0.300239128	0.377308498	0.9515486694	0.9515486694	-0.3362711753	0.3395697152	0.352395068	0.3395697152	0.9959316793	-0.3624875165	0.9959316793	0.3395697152	0.3374607366	0.3410294772	0.3460439401	-0.3601439322	0.3453317247	-0.3348154297	0.343216319	0.343216319	-0.3124776174	0.343216319	0.343216319	0.7929682282	1	0.8903781792	-0.3339779901	0.8903781792	0.8903781792	1	0.8872918722	-0.4151316812	0.8903781792	-0.420655345	1	-0.420655345	0.8872918722	1	0.8872918722	-0.4074520573	0.9959448371	0.8721411261	0.867634734	-0.3812589206	-0.3997784042	0.3161738212	0.3161738212	0.9520710368	0.9520710368	0.9555145125	0.3161738212	0.3161738212	-0.3734041379	0.9555145125	0.8541460921	0.9596955228	-0.369136274	-0.3550645816	0.3270150393	0.3225315168	0.3225315168	0.3225315168	0.3218994457	0.2363853258	0.2091958907	0.01565915662	0.01565915662	-0.009102132244	0.01972437982	-0.001705428161	0.01598868126
chr11_2095799_A_G	0.02827656165	-0.2424961927	-0.2563379613	0.5074468928	0.4889174786	-0.2414190996	-0.2402097704	-0.2414190996	-0.2414190996	-0.1685221441	0.4920670389	0.2037798349	-0.1698603336	0.4884480042	0.4868775965	0.479537607	0.4868775965	-0.3023510747	-0.3023510747	0.3165145405	0.6328612908	-0.3488305989	-0.3488305989	0.3271656858	0.3314378837	0.3314378837	0.3314378837	0.627498483	0.3322195973	0.3291543166	0.2855661658	0.8325675705	0.840254696	-0.3655435629	0.3915073155	0.4060732368	0.3915073155	0.8839795983	-0.2320143261	0.8839795983	0.3915073155	0.3891123185	0.3931175913	0.3976218142	-0.2296675536	0.3968332788	-0.3639610948	0.3944323409	0.3944323409	-0.3367272316	0.3944323409	0.3944323409	0.8846989279	0.8872918722	0.9965258808	-0.3629707011	0.9965258808	0.9965258808	0.8872918722	1	-0.455949908	0.9965258808	-0.4621389453	0.8872918722	-0.4621389453	0.9930431071	0.8872918722	0.9930431071	-0.4448143658	0.8830961556	0.9690178401	0.9654582891	-0.4106705923	-0.2704038863	0.3622284954	0.3622284954	0.8415128305	0.8415128305	0.8448326903	0.3622284954	0.3622284954	-0.4029418748	0.8448326903	0.9478782669	0.8482519314	-0.3982403153	-0.387226752	0.3737526174	0.3668585967	0.3668585967	0.3668585967	0.3661498027	0.1923531469	0.2576296989	0.03022251297	0.03022251297	0.08020052438	0.03364848185	0.08721497602	0.1098723671
chr11_2095814_GACA_G	-0.07694860796	0.5523746645	0.5434556783	-0.5474193834	-0.5331204287	0.5266006754	0.5252551789	0.5266006754	0.5266006754	0.4568056744	-0.5248725656	0.07842807468	0.4592112557	-0.4783945185	-0.5485995227	-0.5461464309	-0.5485995227	0.6316133369	0.6316133369	0.3153793544	-0.5299225285	0.8277629901	0.8277629901	0.3180671051	0.326608121	0.326608121	0.326608121	-0.5207259359	0.3253377344	0.3218941362	-0.3926546156	-0.3809424927	-0.3809424927	0.8347767539	0.4670484366	0.4702419739	0.4670484366	-0.4097705475	0.7533320843	-0.4097705475	0.4670484366	0.4708074561	0.4685528964	0.4656671947	0.7520312475	0.4670484366	0.839965455	0.4665362024	0.4665362024	0.784743051	0.4665362024	0.4665362024	-0.3596525092	-0.4151316812	-0.4563835618	0.8379272097	-0.4563835618	-0.4563835618	-0.4151316812	-0.455949908	1	-0.4563835618	0.9955239776	-0.4151316812	0.9955239776	-0.455949908	-0.4151316812	-0.455949908	0.9691967543	-0.408417447	-0.4483344112	-0.4487256301	0.9326005511	0.8597451058	0.5812049947	0.5812049947	-0.3972760477	-0.3972760477	-0.4010902423	0.5812049947	0.5812049947	0.9236851713	-0.4010902423	-0.4276221183	-0.4004575599	0.9176272	0.9115851187	0.5279184385	0.5530583916	0.5530583916	0.5530583916	0.5506201615	0.5731718822	0.45841492	0.4658096581	0.4658096581	0.4429580041	0.4623760231	0.4420677282	0.4094737685
chr11_2095968_T_C	0.02949444104	-0.2446698927	-0.258384836	0.5061319194	0.4876643184	-0.2435371954	-0.2423576652	-0.2435371954	-0.2435371954	-0.1656196059	0.4907696738	0.2009244146	-0.1669640395	0.4865352979	0.4855218856	0.4781569073	0.4855218856	-0.3036643562	-0.3036643562	0.3189516785	0.6363439007	-0.3500524339	-0.3500524339	0.3295314622	0.3337472177	0.3337472177	0.3337472177	0.6308928937	0.3345104593	0.3314717355	0.2879875134	0.8354627267	0.8431569707	-0.3667272929	0.39306904	0.4075909205	0.39306904	0.8870511118	-0.2326199709	0.8870511118	0.39306904	0.390681377	0.3946521237	0.3991748072	-0.2302811917	0.3983999353	-0.3651397003	0.3960063259	0.3960063259	-0.3327513644	0.3960063259	0.3960063259	0.8819067695	0.8903781792	1	-0.3641620313	1	1	0.8903781792	0.9965258808	-0.4563835618	1	-0.4625554132	0.8903781792	-0.4625554132	0.9965258808	0.8903781792	0.9965258808	-0.4453515433	0.8861903092	0.9725380234	0.9689632086	-0.4113266178	-0.2706315736	0.3643768632	0.3643768632	0.8445853455	0.8445853455	0.8479148934	0.3643768632	0.3643768632	-0.4036152236	0.8479148934	0.9513311132	0.851349052	-0.3989188154	-0.3878513338	0.3704136923	0.3689789611	0.3689789611	0.3689789611	0.3682873894	0.1880418822	0.253981705	0.02460373982	0.02460373982	0.07503714152	0.02803360536	0.08205778024	0.1045373103
chr11_2096707_G_A	-0.06943438229	0.5488121657	0.5396257695	-0.5425915223	-0.5283270059	0.5226416919	0.5213634266	0.5226416919	0.5226416919	0.4539391543	-0.5199610593	0.08368771907	0.4563636613	-0.4767431479	-0.5436599549	-0.5411497263	-0.5436599549	0.6316561215	0.6316561215	0.3087818111	-0.5318419048	0.8240950894	0.8240950894	0.3116383173	0.3203215156	0.3203215156	0.3203215156	-0.5223570807	0.3190938367	0.3155727584	-0.3915134074	-0.3860854283	-0.3860854283	0.8310269183	0.4586339219	0.4618748724	0.4586339219	-0.4152511103	0.7488087236	-0.4152511103	0.4586339219	0.4624041022	0.4602415959	0.4572948848	0.7475330694	0.4586339219	0.8362715938	0.4581135649	0.4581135649	0.7813764203	0.4581135649	0.4581135649	-0.3659966979	-0.420655345	-0.4625554132	0.8342210281	-0.4625554132	-0.4625554132	-0.420655345	-0.4621389453	0.9955239776	-0.4625554132	1	-0.420655345	1	-0.4621389453	-0.420655345	-0.4621389453	0.973774291	-0.4139297036	-0.4545852038	-0.4549589036	0.9372553392	0.8635900266	0.5809074651	0.5809074651	-0.4027651872	-0.4027651872	-0.4066072599	0.5809074651	0.5809074651	0.9283391582	-0.4066072599	-0.4337024339	-0.4059906582	0.9222691542	0.9161293413	0.5272776822	0.5526858239	0.5526858239	0.5526858239	0.5502077746	0.5742157465	0.4620646933	0.4727172209	0.4727172209	0.449160709	0.469259161	0.4482753453	0.4158418898
chr11_2096919_G_A	0.03373128045	-0.208494664	-0.2184604821	0.4853279937	0.468098374	-0.202804368	-0.2029138476	-0.202804368	-0.202804368	-0.121377423	0.469825028	0.2272671203	-0.1227211834	0.478234406	0.4623010048	0.4537112003	0.4623010048	-0.2559328643	-0.2559328643	0.2902672389	0.7535103462	-0.3203752836	-0.3203752836	0.2996180075	0.3022628511	0.3022628511	0.3022628511	0.7439845321	0.3029171115	0.300239128	0.377308498	0.9515486694	0.9515486694	-0.3362711753	0.3395697152	0.352395068	0.3395697152	0.9959316793	-0.3624875165	0.9959316793	0.3395697152	0.3374607366	0.3410294772	0.3460439401	-0.3601439322	0.3453317247	-0.3348154297	0.343216319	0.343216319	-0.3124776174	0.343216319	0.343216319	0.7929682282	1	0.8903781792	-0.3339779901	0.8903781792	0.8903781792	1	0.8872918722	-0.4151316812	0.8903781792	-0.420655345	1	-0.420655345	0.8872918722	1	0.8872918722	-0.4074520573	0.9959448371	0.8721411261	0.867634734	-0.3812589206	-0.3997784042	0.3161738212	0.3161738212	0.9520710368	0.9520710368	0.9555145125	0.3161738212	0.3161738212	-0.3734041379	0.9555145125	0.8541460921	0.9596955228	-0.369136274	-0.3550645816	0.3270150393	0.3225315168	0.3225315168	0.3225315168	0.3218994457	0.2363853258	0.2091958907	0.01565915662	0.01565915662	-0.009102132244	0.01972437982	-0.001705428161	0.01598868126
chr11_2097561_T_C	-0.06943438229	0.5488121657	0.5396257695	-0.5425915223	-0.5283270059	0.5226416919	0.5213634266	0.5226416919	0.5226416919	0.4539391543	-0.5199610593	0.08368771907	0.4563636613	-0.4767431479	-0.5436599549	-0.5411497263	-0.5436599549	0.6316561215	0.6316561215	0.3087818111	-0.5318419048	0.8240950894	0.8240950894	0.3116383173	0.3203215156	0.3203215156	0.3203215156	-0.5223570807	0.3190938367	0.3155727584	-0.3915134074	-0.3860854283	-0.3860854283	0.8310269183	0.4586339219	0.4618748724	0.4586339219	-0.4152511103	0.7488087236	-0.4152511103	0.4586339219	0.4624041022	0.4602415959	0.4572948848	0.7475330694	0.4586339219	0.8362715938	0.4581135649	0.4581135649	0.7813764203	0.4581135649	0.4581135649	-0.3659966979	-0.420655345	-0.4625554132	0.8342210281	-0.4625554132	-0.4625554132	-0.420655345	-0.4621389453	0.9955239776	-0.4625554132	1	-0.420655345	1	-0.4621389453	-0.420655345	-0.4621389453	0.973774291	-0.4139297036	-0.4545852038	-0.4549589036	0.9372553392	0.8635900266	0.5809074651	0.5809074651	-0.4027651872	-0.4027651872	-0.4066072599	0.5809074651	0.5809074651	0.9283391582	-0.4066072599	-0.4337024339	-0.4059906582	0.9222691542	0.9161293413	0.5272776822	0.5526858239	0.5526858239	0.5526858239	0.5502077746	0.5742157465	0.4620646933	0.4727172209	0.4727172209	0.449160709	0.469259161	0.4482753453	0.4158418898
chr11_2097954_C_T	0.02827656165	-0.2424961927	-0.2563379613	0.5074468928	0.4889174786	-0.2414190996	-0.2402097704	-0.2414190996	-0.2414190996	-0.1685221441	0.4920670389	0.2037798349	-0.1698603336	0.4884480042	0.4868775965	0.479537607	0.4868775965	-0.3023510747	-0.3023510747	0.3221765104	0.6328612908	-0.3488305989	-0.3488305989	0.3327957541	0.3314378837	0.3314378837	0.3314378837	0.627498483	0.3322195973	0.3347729315	0.2855661658	0.8325675705	0.840254696	-0.3655435629	0.3915073155	0.4060732368	0.3915073155	0.8839795983	-0.2320143261	0.8839795983	0.3915073155	0.3891123185	0.3931175913	0.3976218142	-0.2296675536	0.3968332788	-0.3639610948	0.3997523634	0.3997523634	-0.3312292311	0.3997523634	0.3997523634	0.8846989279	0.8872918722	0.9965258808	-0.3629707011	0.9965258808	0.9965258808	0.8872918722	0.9930431071	-0.455949908	0.9965258808	-0.4621389453	0.8872918722	-0.4621389453	1	0.8872918722	1	-0.4448143658	0.8830961556	0.9690178401	0.9654582891	-0.4106705923	-0.2704038863	0.3622284954	0.3622284954	0.8415128305	0.8415128305	0.8448326903	0.3622284954	0.3622284954	-0.4029418748	0.8448326903	0.9478782669	0.8482519314	-0.3982403153	-0.387226752	0.3737526174	0.3723995484	0.3723995484	0.3723995484	0.3717109673	0.1814683828	0.2518230561	0.02489681609	0.02489681609	0.08020052438	0.02831316809	0.08721497602	0.1046126914
chr11_2098180_AC_A	0.03373128045	-0.208494664	-0.2184604821	0.4853279937	0.468098374	-0.202804368	-0.2029138476	-0.202804368	-0.202804368	-0.121377423	0.469825028	0.2272671203	-0.1227211834	0.478234406	0.4623010048	0.4537112003	0.4623010048	-0.2559328643	-0.2559328643	0.2902672389	0.7535103462	-0.3203752836	-0.3203752836	0.2996180075	0.3022628511	0.3022628511	0.3022628511	0.7439845321	0.3029171115	0.300239128	0.377308498	0.9515486694	0.9515486694	-0.3362711753	0.3395697152	0.352395068	0.3395697152	0.9959316793	-0.3624875165	0.9959316793	0.3395697152	0.3374607366	0.3410294772	0.3460439401	-0.3601439322	0.3453317247	-0.3348154297	0.343216319	0.343216319	-0.3124776174	0.343216319	0.343216319	0.7929682282	1	0.8903781792	-0.3339779901	0.8903781792	0.8903781792	1	0.8872918722	-0.4151316812	0.8903781792	-0.420655345	1	-0.420655345	0.8872918722	1	0.8872918722	-0.4074520573	0.9959448371	0.8721411261	0.867634734	-0.3812589206	-0.3997784042	0.3161738212	0.3161738212	0.9520710368	0.9520710368	0.9555145125	0.3161738212	0.3161738212	-0.3734041379	0.9555145125	0.8541460921	0.9596955228	-0.369136274	-0.3550645816	0.3270150393	0.3225315168	0.3225315168	0.3225315168	0.3218994457	0.2363853258	0.2091958907	0.01565915662	0.01565915662	-0.009102132244	0.01972437982	-0.001705428161	0.01598868126
chr11_2098701_A_AT	0.02827656165	-0.2424961927	-0.2563379613	0.5074468928	0.4889174786	-0.2414190996	-0.2402097704	-0.2414190996	-0.2414190996	-0.1685221441	0.4920670389	0.2037798349	-0.1698603336	0.4884480042	0.4868775965	0.479537607	0.4868775965	-0.3023510747	-0.3023510747	0.3221765104	0.6328612908	-0.3488305989	-0.3488305989	0.3327957541	0.3314378837	0.3314378837	0.3314378837	0.627498483	0.3322195973	0.3347729315	0.2855661658	0.8325675705	0.840254696	-0.3655435629	0.3915073155	0.4060732368	0.3915073155	0.8839795983	-0.2320143261	0.8839795983	0.3915073155	0.3891123185	0.3931175913	0.3976218142	-0.2296675536	0.3968332788	-0.3639610948	0.3997523634	0.3997523634	-0.3312292311	0.3997523634	0.3997523634	0.8846989279	0.8872918722	0.9965258808	-0.3629707011	0.9965258808	0.9965258808	0.8872918722	0.9930431071	-0.455949908	0.9965258808	-0.4621389453	0.8872918722	-0.4621389453	1	0.8872918722	1	-0.4448143658	0.8830961556	0.9690178401	0.9654582891	-0.4106705923	-0.2704038863	0.3622284954	0.3622284954	0.8415128305	0.8415128305	0.8448326903	0.3622284954	0.3622284954	-0.4029418748	0.8448326903	0.9478782669	0.8482519314	-0.3982403153	-0.387226752	0.3737526174	0.3723995484	0.3723995484	0.3723995484	0.3717109673	0.1814683828	0.2518230561	0.02489681609	0.02489681609	0.08020052438	0.02831316809	0.08721497602	0.1046126914
chr11_2099854_G_A	-0.06712620957	0.5665616354	0.5588005816	-0.5244520711	-0.509353821	0.5419915425	0.5403227789	0.5419915425	0.5419915425	0.4692865242	-0.5014757522	0.1248759222	0.4717023746	-0.4600745559	-0.5206824456	-0.5182348476	-0.5206824456	0.6475055809	0.6475055809	0.3493884532	-0.5149023549	0.8480713825	0.8480713825	0.3558171679	0.3638110152	0.3638110152	0.3638110152	-0.506630026	0.3623054132	0.3591823513	-0.380221754	-0.3747759212	-0.3747759212	0.8555804135	0.4960995293	0.4989689561	0.4960995293	-0.4022252756	0.7769520036	-0.4022252756	0.4960995293	0.4998964096	0.497244485	0.4945461024	0.7755241029	0.4960995293	0.8606446268	0.495641861	0.495641861	0.8027411462	0.495641861	0.495641861	-0.3452933793	-0.4074520573	-0.4453515433	0.8585924764	-0.4453515433	-0.4453515433	-0.4074520573	-0.4448143658	0.9691967543	-0.4453515433	0.973774291	-0.4074520573	0.973774291	-0.4448143658	-0.4074520573	-0.4448143658	1	-0.4006509495	-0.4367032471	-0.4371979397	0.96266011	0.8920610449	0.6204864629	0.6204864629	-0.3892668564	-0.3892668564	-0.3931268594	0.6204864629	0.6204864629	0.9537646074	-0.3931268594	-0.4164922	-0.3923842284	0.9474180441	0.9375245447	0.5675098192	0.5917097966	0.5917097966	0.5917097966	0.589520938	0.6046991222	0.4534312638	0.4912756183	0.4912756183	0.4708113237	0.4879919424	0.469779883	0.4359400187
chr11_2101283_G_A	0.03239093639	-0.2122143269	-0.222316193	0.4805483755	0.4632234381	-0.206720783	-0.206780997	-0.206720783	-0.206720783	-0.1244824646	0.464991583	0.2173861869	-0.1258186589	0.4731962695	0.4574719641	0.4488932038	0.4574719641	-0.2603973365	-0.2603973365	0.2813701791	0.7491704399	-0.3248178329	-0.3248178329	0.2908279907	0.2935421756	0.2935421756	0.2935421756	0.7397497941	0.2942395466	0.2915146527	0.3743729565	0.947723167	0.947723167	-0.3407641837	0.3319757689	0.3448025513	0.3319757689	0.9918957259	-0.3672100418	0.9918957259	0.3319757689	0.3298662978	0.3334977476	0.3384720001	-0.3648494373	0.337728494	-0.3392889875	0.335612606	0.335612606	-0.3166010854	0.335612606	0.335612606	0.7885294643	0.9959448371	0.8861903092	-0.3384549853	0.8861903092	0.8861903092	0.9959448371	0.8830961556	-0.408417447	0.8861903092	-0.4139297036	0.9959448371	-0.4139297036	0.8830961556	0.9959448371	0.8830961556	-0.4006509495	1	0.8753868596	0.8709069816	-0.3803470413	-0.3991587481	0.3198014495	0.3198014495	0.9560763867	0.9560763867	0.9595838714	0.3198014495	0.3198014495	-0.3724784978	0.9595838714	0.857498452	0.9637329487	-0.3682072535	-0.3542054139	0.3304647397	0.3260752135	0.3260752135	0.3260752135	0.3254466999	0.2408490663	0.2130529178	0.01022263409	0.01022263409	-0.01478599175	0.0142597506	-0.007378280811	0.01046767802
chr11_2101345_C_T	0.02222579408	-0.2374168054	-0.251893744	0.4758789564	0.4567936807	-0.2367346069	-0.2353623084	-0.2367346069	-0.2367346069	-0.157672747	0.4601213629	0.1649346627	-0.1591287433	0.4917842161	0.4881678062	0.4809297791	0.4881678062	-0.3069335014	-0.3069335014	0.3270130904	0.609336045	-0.3482968776	-0.3482968776	0.3378944928	0.3424173004	0.3424173004	0.3424173004	0.6042717081	0.3432045994	0.3400784622	0.273587658	0.8183552393	0.8260086849	-0.3652199269	0.4050384024	0.3879371399	0.4050384024	0.8689016851	-0.2079336466	0.8689016851	0.4050384024	0.4025827334	0.4066603354	0.4111353663	-0.2055828202	0.4103410309	-0.3636388598	0.4078794471	0.4078794471	-0.3292071055	0.4078794471	0.4078794471	0.8922780899	0.8721411261	0.9725380234	-0.362600452	0.9725380234	0.9725380234	0.8721411261	0.9690178401	-0.4483344112	0.9725380234	-0.4545852038	0.8721411261	-0.4545852038	0.9690178401	0.8721411261	0.9690178401	-0.4367032471	0.8753868596	1	0.9965564618	-0.4130882414	-0.2748561296	0.3853251397	0.3853251397	0.8781302273	0.8781302273	0.8818975064	0.3853251397	0.3853251397	-0.4052997393	0.8818975064	0.9724388146	0.8851625719	-0.4005347261	-0.3898326395	0.3904425296	0.3894953034	0.3894953034	0.3894953034	0.3888214411	0.2084197647	0.2700495202	0.03696473656	0.03696473656	0.09543598176	0.04033379469	0.1024420596	0.1154843192
chr11_2101804_G_A	0.02343100414	-0.2395583991	-0.2539085826	0.4745052079	0.4554823826	-0.2388212594	-0.2374785791	-0.2388212594	-0.2388212594	-0.1610974714	0.4587659727	0.1620438488	-0.1625225119	0.4898463907	0.486782876	0.4795206061	0.486782876	-0.3082222297	-0.3082222297	0.3237826789	0.6063841162	-0.3494867618	-0.3494867618	0.3346242264	0.3390985092	0.3390985092	0.3390985092	0.6010935249	0.3398889983	0.3367714838	0.2759667334	0.8135033397	0.8211632695	-0.3663708059	0.4012682683	0.3840583559	0.4012682683	0.8643686058	-0.2084988628	0.8643686058	0.4012682683	0.3988259479	0.4028940323	0.4073716644	-0.2061561658	0.4065753893	-0.3647847566	0.4041271491	0.4041271491	-0.3306960022	0.4041271491	0.4041271491	0.8894387384	0.867634734	0.9689632086	-0.36375905	0.9689632086	0.9689632086	0.867634734	0.9654582891	-0.4487256301	0.9689632086	-0.4549589036	0.867634734	-0.4549589036	0.9654582891	0.867634734	0.9654582891	-0.4371979397	0.8709069816	0.9965564618	1	-0.4193057529	-0.2750663805	0.3818349689	0.3818349689	0.8811572212	0.8811572212	0.8849342763	0.3818349689	0.3818349689	-0.411563152	0.8849342763	0.9758262857	0.8807612236	-0.4067667543	-0.3960578996	0.3871047246	0.3860766452	0.3860766452	0.3860766452	0.3853998696	0.2041269747	0.2664090787	0.03668133227	0.03668133227	0.09553825081	0.04006354849	0.1025395361	0.1154106727
chr11_2102033_G_A	-0.06501933861	0.5327548686	0.5263841208	-0.5124042438	-0.5005714968	0.5128514894	0.5108791823	0.5128514894	0.5128514894	0.4747140093	-0.4930830142	0.1132052337	0.4772794026	-0.4532753815	-0.5081715841	-0.5057589064	-0.5081715841	0.6245121636	0.6245121636	0.3429742317	-0.4942549027	0.8195962298	0.8195962298	0.3487889362	0.3562647589	0.3562647589	0.3562647589	-0.4868940898	0.3546672779	0.3517225946	-0.380165746	-0.3496356497	-0.3496356497	0.8320935907	0.4958729864	0.498045528	0.4958729864	-0.376098772	0.7583469815	-0.376098772	0.4958729864	0.499822773	0.496827959	0.4942054783	0.7568365926	0.4958729864	0.8329142791	0.4955305275	0.4955305275	0.770502666	0.4955305275	0.4955305275	-0.3071132705	-0.3812589206	-0.4113266178	0.8306256599	-0.4113266178	-0.4113266178	-0.3812589206	-0.4106705923	0.9326005511	-0.4113266178	0.9372553392	-0.3812589206	0.9372553392	-0.4106705923	-0.3812589206	-0.4106705923	0.96266011	-0.3803470413	-0.4130882414	-0.4193057529	1	0.9270616705	0.6722910108	0.6722910108	-0.3746715424	-0.3746715424	-0.3785537295	0.6722910108	0.6722910108	0.9909285828	-0.3785537295	-0.3988063829	-0.3716378666	0.9842175536	0.9749542361	0.6191014183	0.6424345827	0.6424345827	0.6424345827	0.6405115245	0.6464418437	0.4963647526	0.5223935877	0.5223935877	0.5048827986	0.519243585	0.5036702314	0.4719460391
chr11_2103073_T_TC	-0.07928580556	0.4806015856	0.4713913799	-0.456411338	-0.446266881	0.4579910135	0.4569025149	0.4579910135	0.4579910135	0.4211028367	-0.4378737816	0.1040851724	0.4186117447	-0.409136671	-0.4515345237	-0.4487230515	-0.4515345237	0.5590981545	0.5590981545	0.3713764441	-0.5333245691	0.7587471003	0.7587471003	0.3783744328	0.3869097487	0.3869097487	0.3869097487	-0.5239901384	0.385433972	0.382159008	-0.4141571765	-0.3773576536	-0.3712269551	0.7697750529	0.5417824888	0.5456532804	0.5417824888	-0.3943954116	0.8169330325	-0.3943954116	0.5417824888	0.545403672	0.5428739182	0.5402076651	0.8155490665	0.5417824888	0.7708146422	0.5411608047	0.5411608047	0.7210456483	0.5411608047	0.5411608047	-0.1922834615	-0.3997784042	-0.2706315736	0.7686363799	-0.2706315736	-0.2706315736	-0.3997784042	-0.2704038863	0.8597451058	-0.2706315736	0.8635900266	-0.3997784042	0.8635900266	-0.2704038863	-0.3997784042	-0.2704038863	0.8920610449	-0.3991587481	-0.2748561296	-0.2750663805	0.9270616705	1	0.7169832224	0.7169832224	-0.3882827909	-0.3882827909	-0.3919741888	0.7169832224	0.7169832224	0.9182640582	-0.3919741888	-0.2535508701	-0.3913922823	0.9122690685	0.9016564738	0.6661629242	0.6909555425	0.6909555425	0.6909555425	0.6890227489	0.606136646	0.5294921135	0.5186857023	0.5186857023	0.561485706	0.5153498533	0.5603852263	0.5330063647
chr11_2104138_A_G	-0.04338564549	0.3450240312	0.3272843436	-0.1287525409	-0.1321198739	0.3259452072	0.3249567746	0.3259452072	0.3259452072	0.3483060471	-0.122030739	0.2526664374	0.3497428867	-0.05757578766	-0.1144770731	-0.1179894786	-0.1144770731	0.3833450014	0.3833450014	0.608829896	-0.001427040118	0.5416214019	0.5416214019	0.623325389	0.6343398935	0.6343398935	0.6343398935	0.001350270053	0.6333485315	0.6279086672	-0.1587021375	0.3095378335	0.3220050109	0.5450508649	0.8235393919	0.8115478516	0.8235393919	0.3186537948	0.595879755	0.3186537948	0.8235393919	0.8255497585	0.8257777778	0.826808006	0.5962360665	0.8278582839	0.5471366782	0.8255497585	0.8255497585	0.511266234	0.8255497585	0.8255497585	0.4063653869	0.3161738212	0.3643768632	0.5456632147	0.3643768632	0.3643768632	0.3161738212	0.3622284954	0.5812049947	0.3643768632	0.5809074651	0.3161738212	0.5809074651	0.3622284954	0.3161738212	0.3622284954	0.6204864629	0.3198014495	0.3853251397	0.3818349689	0.6722910108	0.7169832224	1	1	0.3460753202	0.3460753202	0.3452632011	1	1	0.6694606084	0.3452632011	0.3995436488	0.3488468008	0.6665357047	0.6661208969	0.9508454932	0.9732021267	0.9732021267	0.9732021267	0.9707947694	0.8225880961	0.7156617597	0.5584516033	0.5584516033	0.5895117747	0.5580709546	0.5939559574	0.5721129454
chr11_2107025_C_T	-0.04338564549	0.3450240312	0.3272843436	-0.1287525409	-0.1321198739	0.3259452072	0.3249567746	0.3259452072	0.3259452072	0.3483060471	-0.122030739	0.2526664374	0.3497428867	-0.05757578766	-0.1144770731	-0.1179894786	-0.1144770731	0.3833450014	0.3833450014	0.608829896	-0.001427040118	0.5416214019	0.5416214019	0.623325389	0.6343398935	0.6343398935	0.6343398935	0.001350270053	0.6333485315	0.6279086672	-0.1587021375	0.3095378335	0.3220050109	0.5450508649	0.8235393919	0.8115478516	0.8235393919	0.3186537948	0.595879755	0.3186537948	0.8235393919	0.8255497585	0.8257777778	0.826808006	0.5962360665	0.8278582839	0.5471366782	0.8255497585	0.8255497585	0.511266234	0.8255497585	0.8255497585	0.4063653869	0.3161738212	0.3643768632	0.5456632147	0.3643768632	0.3643768632	0.3161738212	0.3622284954	0.5812049947	0.3643768632	0.5809074651	0.3161738212	0.5809074651	0.3622284954	0.3161738212	0.3622284954	0.6204864629	0.3198014495	0.3853251397	0.3818349689	0.6722910108	0.7169832224	1	1	0.3460753202	0.3460753202	0.3452632011	1	1	0.6694606084	0.3452632011	0.3995436488	0.3488468008	0.6665357047	0.6661208969	0.9508454932	0.9732021267	0.9732021267	0.9732021267	0.9707947694	0.8225880961	0.7156617597	0.5584516033	0.5584516033	0.5895117747	0.5580709546	0.5939559574	0.5721129454
chr11_2107107_G_A	0.02817331462	-0.2033088736	-0.213729791	0.4509515309	0.4275191772	-0.1918507362	-0.1980197487	-0.1918507362	-0.1918507362	-0.1191274177	0.4293766985	0.1927809208	-0.1205103415	0.4815256	0.4574806049	0.4490681272	0.4574806049	-0.2478957401	-0.2478957401	0.2951243332	0.7168716949	-0.3178505432	-0.3178505432	0.3045864813	0.3074262485	0.3074262485	0.3074262485	0.7075380916	0.3080835736	0.3053760929	0.3543095084	0.9125906081	0.9207890357	-0.3278951791	0.3466789593	0.3253677097	0.3466789593	0.9480710532	-0.3217394965	0.9480710532	0.3466789593	0.3445401998	0.3481406735	0.3530725489	-0.3194440596	0.3523591741	-0.326475694	0.3502140786	0.3502140786	-0.3028616385	0.3502140786	0.3502140786	0.7901346037	0.9520710368	0.8445853455	-0.3255919992	0.8445853455	0.8445853455	0.9520710368	0.8415128305	-0.3972760477	0.8445853455	-0.4027651872	0.9520710368	-0.4027651872	0.8415128305	0.9520710368	0.8415128305	-0.3892668564	0.9560763867	0.8781302273	0.8811572212	-0.3746715424	-0.3882827909	0.3460753202	0.3460753202	1	1	0.9960590953	0.3460753202	0.3460753202	-0.3728402559	0.9960590953	0.8829358845	0.9920553074	-0.3685530666	-0.3549165109	0.3558572071	0.3517302349	0.3517302349	0.3517302349	0.3511818362	0.2637727326	0.2289840801	0.0395039758	0.0395039758	0.02455807592	0.04350840472	0.03182878709	0.03893395634
chr11_2107122_C_T	0.02817331462	-0.2033088736	-0.213729791	0.4509515309	0.4275191772	-0.1918507362	-0.1980197487	-0.1918507362	-0.1918507362	-0.1191274177	0.4293766985	0.1927809208	-0.1205103415	0.4815256	0.4574806049	0.4490681272	0.4574806049	-0.2478957401	-0.2478957401	0.2951243332	0.7168716949	-0.3178505432	-0.3178505432	0.3045864813	0.3074262485	0.3074262485	0.3074262485	0.7075380916	0.3080835736	0.3053760929	0.3543095084	0.9125906081	0.9207890357	-0.3278951791	0.3466789593	0.3253677097	0.3466789593	0.9480710532	-0.3217394965	0.9480710532	0.3466789593	0.3445401998	0.3481406735	0.3530725489	-0.3194440596	0.3523591741	-0.326475694	0.3502140786	0.3502140786	-0.3028616385	0.3502140786	0.3502140786	0.7901346037	0.9520710368	0.8445853455	-0.3255919992	0.8445853455	0.8445853455	0.9520710368	0.8415128305	-0.3972760477	0.8445853455	-0.4027651872	0.9520710368	-0.4027651872	0.8415128305	0.9520710368	0.8415128305	-0.3892668564	0.9560763867	0.8781302273	0.8811572212	-0.3746715424	-0.3882827909	0.3460753202	0.3460753202	1	1	0.9960590953	0.3460753202	0.3460753202	-0.3728402559	0.9960590953	0.8829358845	0.9920553074	-0.3685530666	-0.3549165109	0.3558572071	0.3517302349	0.3517302349	0.3517302349	0.3511818362	0.2637727326	0.2289840801	0.0395039758	0.0395039758	0.02455807592	0.04350840472	0.03182878709	0.03893395634
chr11_2107655_C_A	0.02972486561	-0.2012117052	-0.2115807237	0.4474420235	0.4297754084	-0.1957247287	-0.1957339067	-0.1957247287	-0.1957247287	-0.1169772524	0.4316000161	0.1913511768	-0.1183787945	0.4835896456	0.4599152799	0.4514027262	0.4599152799	-0.2513796227	-0.2513796227	0.294158681	0.7199845853	-0.3218592152	-0.3218592152	0.3036583546	0.3064687244	0.3064687244	0.3064687244	0.7103218187	0.3071350664	0.3044138544	0.3514896608	0.9153321624	0.9236090481	-0.3319423384	0.3455520578	0.323935116	0.3455520578	0.9514503781	-0.3252389009	0.9514503781	0.3455520578	0.3434095024	0.3470304152	0.3520082022	-0.3229324332	0.3512866317	-0.3305053327	0.3491376797	0.3491376797	-0.3070674399	0.3491376797	0.3491376797	0.7938112372	0.9555145125	0.8479148934	-0.3296278559	0.8479148934	0.8479148934	0.9555145125	0.8448326903	-0.4010902423	0.8479148934	-0.4066072599	0.9555145125	-0.4066072599	0.8448326903	0.9555145125	0.8448326903	-0.3931268594	0.9595838714	0.8818975064	0.8849342763	-0.3785537295	-0.3919741888	0.3452632011	0.3452632011	0.9960590953	0.9960590953	1	0.3452632011	0.3452632011	-0.3767312517	1	0.8866717674	0.9959830127	-0.3724132593	-0.3585991729	0.3552986527	0.3510456876	0.3510456876	0.3510456876	0.3504895097	0.2614676694	0.226994564	0.03380766802	0.03380766802	0.01915882617	0.03785119793	0.02649878557	0.03345805105
chr11_2107854_G_T	-0.04338564549	0.3450240312	0.3272843436	-0.1287525409	-0.1321198739	0.3259452072	0.3249567746	0.3259452072	0.3259452072	0.3483060471	-0.122030739	0.2526664374	0.3497428867	-0.05757578766	-0.1144770731	-0.1179894786	-0.1144770731	0.3833450014	0.3833450014	0.608829896	-0.001427040118	0.5416214019	0.5416214019	0.623325389	0.6343398935	0.6343398935	0.6343398935	0.001350270053	0.6333485315	0.6279086672	-0.1587021375	0.3095378335	0.3220050109	0.5450508649	0.8235393919	0.8115478516	0.8235393919	0.3186537948	0.595879755	0.3186537948	0.8235393919	0.8255497585	0.8257777778	0.826808006	0.5962360665	0.8278582839	0.5471366782	0.8255497585	0.8255497585	0.511266234	0.8255497585	0.8255497585	0.4063653869	0.3161738212	0.3643768632	0.5456632147	0.3643768632	0.3643768632	0.3161738212	0.3622284954	0.5812049947	0.3643768632	0.5809074651	0.3161738212	0.5809074651	0.3622284954	0.3161738212	0.3622284954	0.6204864629	0.3198014495	0.3853251397	0.3818349689	0.6722910108	0.7169832224	1	1	0.3460753202	0.3460753202	0.3452632011	1	1	0.6694606084	0.3452632011	0.3995436488	0.3488468008	0.6665357047	0.6661208969	0.9508454932	0.9732021267	0.9732021267	0.9732021267	0.9707947694	0.8225880961	0.7156617597	0.5584516033	0.5584516033	0.5895117747	0.5580709546	0.5939559574	0.5721129454
chr11_2108072_G_A	-0.04338564549	0.3450240312	0.3272843436	-0.1287525409	-0.1321198739	0.3259452072	0.3249567746	0.3259452072	0.3259452072	0.3483060471	-0.122030739	0.2526664374	0.3497428867	-0.05757578766	-0.1144770731	-0.1179894786	-0.1144770731	0.3833450014	0.3833450014	0.608829896	-0.001427040118	0.5416214019	0.5416214019	0.623325389	0.6343398935	0.6343398935	0.6343398935	0.001350270053	0.6333485315	0.6279086672	-0.1587021375	0.3095378335	0.3220050109	0.5450508649	0.8235393919	0.8115478516	0.8235393919	0.3186537948	0.595879755	0.3186537948	0.8235393919	0.8255497585	0.8257777778	0.826808006	0.5962360665	0.8278582839	0.5471366782	0.8255497585	0.8255497585	0.511266234	0.8255497585	0.8255497585	0.4063653869	0.3161738212	0.3643768632	0.5456632147	0.3643768632	0.3643768632	0.3161738212	0.3622284954	0.5812049947	0.3643768632	0.5809074651	0.3161738212	0.5809074651	0.3622284954	0.3161738212	0.3622284954	0.6204864629	0.3198014495	0.3853251397	0.3818349689	0.6722910108	0.7169832224	1	1	0.3460753202	0.3460753202	0.3452632011	1	1	0.6694606084	0.3452632011	0.3995436488	0.3488468008	0.6665357047	0.6661208969	0.9508454932	0.9732021267	0.9732021267	0.9732021267	0.9707947694	0.8225880961	0.7156617597	0.5584516033	0.5584516033	0.5895117747	0.5580709546	0.5939559574	0.5721129454
chr11_2108091_G_GAGTC	-0.06341551339	0.5184052519	0.5122255355	-0.5000851059	-0.4924266516	0.5029207195	0.5009120056	0.5029207195	0.5029207195	0.4717451623	-0.4849620429	0.113646846	0.4743758454	-0.4491476009	-0.5000657384	-0.497619891	-0.5000657384	0.6169823816	0.6169823816	0.3481729816	-0.4868787598	0.8178111515	0.8178111515	0.3538853264	0.3613008872	0.3613008872	0.3613008872	-0.479502591	0.3596642701	0.3567524047	-0.3721585503	-0.3417191539	-0.3417191539	0.8304444785	0.5003098113	0.5024000685	0.5003098113	-0.3682270533	0.7572273985	-0.3682270533	0.5003098113	0.5042949387	0.5012231132	0.4986105958	0.7557003174	0.5003098113	0.8312945499	0.4999811064	0.4999811064	0.7679503317	0.4999811064	0.4999811064	-0.2986130345	-0.3734041379	-0.4036152236	0.8289596986	-0.4036152236	-0.4036152236	-0.3734041379	-0.4029418748	0.9236851713	-0.4036152236	0.9283391582	-0.3734041379	0.9283391582	-0.4029418748	-0.3734041379	-0.4029418748	0.9537646074	-0.3724784978	-0.4052997393	-0.411563152	0.9909285828	0.9182640582	0.6694606084	0.6694606084	-0.3728402559	-0.3728402559	-0.3767312517	0.6694606084	0.6694606084	1	-0.3767312517	-0.4022758271	-0.3697615672	0.9841213782	0.9748450202	0.6162444296	0.6395646606	0.6395646606	0.6395646606	0.6376281186	0.6512452062	0.4972723704	0.5331455011	0.5331455011	0.5117173724	0.5300120215	0.5104727665	0.4783053839
chr11_2108689_C_T	0.02972486561	-0.2012117052	-0.2115807237	0.4474420235	0.4297754084	-0.1957247287	-0.1957339067	-0.1957247287	-0.1957247287	-0.1169772524	0.4316000161	0.1913511768	-0.1183787945	0.4835896456	0.4599152799	0.4514027262	0.4599152799	-0.2513796227	-0.2513796227	0.294158681	0.7199845853	-0.3218592152	-0.3218592152	0.3036583546	0.3064687244	0.3064687244	0.3064687244	0.7103218187	0.3071350664	0.3044138544	0.3514896608	0.9153321624	0.9236090481	-0.3319423384	0.3455520578	0.323935116	0.3455520578	0.9514503781	-0.3252389009	0.9514503781	0.3455520578	0.3434095024	0.3470304152	0.3520082022	-0.3229324332	0.3512866317	-0.3305053327	0.3491376797	0.3491376797	-0.3070674399	0.3491376797	0.3491376797	0.7938112372	0.9555145125	0.8479148934	-0.3296278559	0.8479148934	0.8479148934	0.9555145125	0.8448326903	-0.4010902423	0.8479148934	-0.4066072599	0.9555145125	-0.4066072599	0.8448326903	0.9555145125	0.8448326903	-0.3931268594	0.9595838714	0.8818975064	0.8849342763	-0.3785537295	-0.3919741888	0.3452632011	0.3452632011	0.9960590953	0.9960590953	1	0.3452632011	0.3452632011	-0.3767312517	1	0.8866717674	0.9959830127	-0.3724132593	-0.3585991729	0.3552986527	0.3510456876	0.3510456876	0.3510456876	0.3504895097	0.2614676694	0.226994564	0.03380766802	0.03380766802	0.01915882617	0.03785119793	0.02649878557	0.03345805105
chr11_2108794_C_T	0.02706134107	-0.2289363213	-0.2429022764	0.4649327842	0.4515755492	-0.233492615	-0.2322680675	-0.233492615	-0.233492615	-0.1523634719	0.4547266956	0.1770345229	-0.1538072585	0.4840564975	0.4770762051	0.4697195577	0.4770762051	-0.2899600136	-0.2899600136	0.3254002797	0.6039203083	-0.3366484624	-0.3366484624	0.3360590708	0.3403720859	0.3403720859	0.3403720859	0.5980875818	0.3411288684	0.3380731145	0.2673220812	0.8066498498	0.8220101214	-0.3478651718	0.4005965899	0.3884901292	0.4005965899	0.8507993303	-0.1996219949	0.8507993303	0.4005965899	0.3981823654	0.4021718444	0.4066886216	-0.1973217381	0.4059177105	-0.3463592349	0.4034975505	0.4034975505	-0.3132358716	0.4034975505	0.4034975505	0.8679132606	0.8541460921	0.9513311132	-0.34530948	0.9513311132	0.9513311132	0.8541460921	0.9478782669	-0.4276221183	0.9513311132	-0.4337024339	0.8541460921	-0.4337024339	0.9478782669	0.8541460921	0.9478782669	-0.4164922	0.857498452	0.9724388146	0.9758262857	-0.3988063829	-0.2535508701	0.3995436488	0.3995436488	0.8829358845	0.8829358845	0.8866717674	0.3995436488	0.3995436488	-0.4022758271	0.8866717674	1	0.8825344719	-0.3975690549	-0.3866091452	0.4048483812	0.4034990379	0.4034990379	0.4034990379	0.4029144034	0.2129717027	0.2670762456	0.03583143855	0.03583143855	0.09060516432	0.03925356949	0.09760309715	0.1099444025
chr11_2109320_TG_T	0.02839893543	-0.198806976	-0.2093099408	0.4486669953	0.430942886	-0.1933871376	-0.1933630927	-0.1933871376	-0.1933871376	-0.1132455932	0.4328152829	0.1943247713	-0.1146796956	0.4853818092	0.4611442542	0.4526644067	0.4611442542	-0.2498809676	-0.2498809676	0.2974877822	0.7226126301	-0.3203959908	-0.3203959908	0.3070257062	0.3098882151	0.3098882151	0.3098882151	0.7132042803	0.3105508043	0.3078216412	0.348629332	0.9198989223	0.9281630054	-0.3305210674	0.349455274	0.3279733572	0.349455274	0.955663506	-0.3243160881	0.955663506	0.349455274	0.3472993867	0.3509286941	0.3559000655	-0.3220022686	0.3551809778	-0.3290902146	0.3530187037	0.3530187037	-0.3052870503	0.3530187037	0.3530187037	0.7964622515	0.9596955228	0.851349052	-0.3281994429	0.851349052	0.851349052	0.9596955228	0.8482519314	-0.4004575599	0.851349052	-0.4059906582	0.9596955228	-0.4059906582	0.8482519314	0.9596955228	0.8482519314	-0.3923842284	0.9637329487	0.8851625719	0.8807612236	-0.3716378666	-0.3913922823	0.3488468008	0.3488468008	0.9920553074	0.9920553074	0.9959830127	0.3488468008	0.3488468008	-0.3697615672	0.9959830127	0.8825344719	1	-0.3654797583	-0.3516845593	0.3587070241	0.3545470018	0.3545470018	0.3545470018	0.3539942114	0.2658851081	0.230817857	0.03409491879	0.03409491879	0.01910608858	0.03812107777	0.02644626902	0.03359131081
chr11_2109650_G_GC	-0.06204114551	0.5088484124	0.5028204964	-0.4982467835	-0.4905749232	0.4934132778	0.491404561	0.4934132778	0.4934132778	0.4506286875	-0.4831971206	0.1056796704	0.453358317	-0.4481097469	-0.498244999	-0.4958298092	-0.498244999	0.6076416909	0.6076416909	0.3384964287	-0.4813592349	0.8028890996	0.8028890996	0.3441573925	0.3514883498	0.3514883498	0.3514883498	-0.4740983561	0.3498819787	0.3469837477	-0.3679855588	-0.3377718356	-0.3377718356	0.8154555973	0.4894178989	0.4913885248	0.4894178989	-0.3640025292	0.7434098268	-0.3640025292	0.4894178989	0.4933941884	0.4903522768	0.4877434429	0.7418992194	0.4894178989	0.8163414477	0.4891086053	0.4891086053	0.753085311	0.4891086053	0.4891086053	-0.2943000605	-0.369136274	-0.3989188154	0.8139858343	-0.3989188154	-0.3989188154	-0.369136274	-0.3982403153	0.9176272	-0.3989188154	0.9222691542	-0.369136274	0.9222691542	-0.3982403153	-0.369136274	-0.3982403153	0.9474180441	-0.3682072535	-0.4005347261	-0.4067667543	0.9842175536	0.9122690685	0.6665357047	0.6665357047	-0.3685530666	-0.3685530666	-0.3724132593	0.6665357047	0.6665357047	0.9841213782	-0.3724132593	-0.3975690549	-0.3654797583	1	0.9910047961	0.6360997538	0.6591273146	0.6591273146	0.6591273146	0.6572992559	0.6652881542	0.5095983528	0.5422702238	0.5422702238	0.5210815999	0.5391888344	0.5198111973	0.48774547
chr11_2110067_G_A	-0.06641807516	0.5008259115	0.4942910476	-0.483179653	-0.4756157558	0.4846999326	0.482822377	0.4846999326	0.4846999326	0.444399228	-0.4680096364	0.1116148786	0.4471674999	-0.4338549946	-0.4828594763	-0.4803148322	-0.4828594763	0.5979598152	0.5979598152	0.3435121272	-0.4636480612	0.7945629897	0.7945629897	0.3494313527	0.3570058287	0.3570058287	0.3570058287	-0.4553772043	0.3554133153	0.3524252251	-0.3393971844	-0.3224649141	-0.3224649141	0.8070038036	0.4895417677	0.4917152841	0.4895417677	-0.3498106525	0.7335494865	-0.3498106525	0.4895417677	0.4935196833	0.4905769089	0.4879002886	0.7320890321	0.4895417677	0.807962479	0.4891989341	0.4891989341	0.7453484931	0.4891989341	0.4891989341	-0.2849935587	-0.3550645816	-0.3878513338	0.8055812558	-0.3878513338	-0.3878513338	-0.3550645816	-0.387226752	0.9115851187	-0.3878513338	0.9161293413	-0.3550645816	0.9161293413	-0.387226752	-0.3550645816	-0.387226752	0.9375245447	-0.3542054139	-0.3898326395	-0.3960578996	0.9749542361	0.9016564738	0.6661208969	0.6661208969	-0.3549165109	-0.3549165109	-0.3585991729	0.6661208969	0.6661208969	0.9748450202	-0.3585991729	-0.3866091452	-0.3516845593	0.9910047961	1	0.6352284491	0.6587565215	0.6587565215	0.6587565215	0.6568554342	0.6676378338	0.5122465355	0.5477459696	0.5477459696	0.5252876089	0.544605703	0.5240417582	0.4923068298
chr11_2111124_C_G	-0.03096479652	0.3158391947	0.297466718	-0.1329416534	-0.136874419	0.2959378673	0.2952547068	0.2959378673	0.2959378673	0.308302135	-0.1266557868	0.2162396278	0.3098386812	-0.06178297576	-0.1190677569	-0.1224775	-0.1190677569	0.3531559137	0.3531559137	0.5678898223	0.005559772298	0.4953665915	0.4953665915	0.5827875693	0.589556228	0.589556228	0.589556228	0.004181349861	0.5887890309	0.5876589098	-0.1700825025	0.3158775281	0.3281570504	0.4982674264	0.7822188624	0.7706272294	0.7822188624	0.3295817121	0.5470469501	0.3295817121	0.7822188624	0.7841617176	0.7847309503	0.7855926677	0.5475354533	0.7864727468	0.5004888575	0.7884108569	0.7884108569	0.4630253301	0.7884108569	0.7884108569	0.418083891	0.3270150393	0.3704136923	0.4990003604	0.3704136923	0.3704136923	0.3270150393	0.3737526174	0.5279184385	0.3704136923	0.5272776822	0.3270150393	0.5272776822	0.3737526174	0.3270150393	0.3737526174	0.5675098192	0.3304647397	0.3904425296	0.3871047246	0.6191014183	0.6661629242	0.9508454932	0.9508454932	0.3558572071	0.3558572071	0.3552986527	0.9508454932	0.9508454932	0.6162444296	0.3552986527	0.4048483812	0.3587070241	0.6360997538	0.6352284491	1	0.9781655599	0.9781655599	0.9781655599	0.9846767962	0.8214781942	0.7018736733	0.5520639316	0.5520639316	0.5846978145	0.5516229412	0.589135544	0.5646011749
chr11_2111243_A_G	-0.0232918833	0.3252540484	0.3078272036	-0.1220912187	-0.1253706581	0.3062304396	0.3052943958	0.3062304396	0.3062304396	0.3218445354	-0.1154563751	0.238727769	0.323374628	-0.05152153295	-0.1079889549	-0.1114222616	-0.1079889549	0.3632620493	0.3632620493	0.588966603	0.003675365702	0.5144874354	0.5144874354	0.6032547281	0.6096075097	0.6096075097	0.6096075097	0.006514391813	0.6086856799	0.6077746162	-0.1558754278	0.3162696458	0.3285147651	0.5178019834	0.8003870568	0.7885501325	0.8003870568	0.3249869313	0.5683704053	0.3249869313	0.8003870568	0.8023710793	0.8026351496	0.8036223841	0.568749351	0.8046290231	0.5199265807	0.806608314	0.806608314	0.4846439038	0.806608314	0.806608314	0.4147413098	0.3225315168	0.3689789611	0.5184297818	0.3689789611	0.3689789611	0.3225315168	0.3668585967	0.5530583916	0.3689789611	0.5526858239	0.3225315168	0.5526858239	0.3723995484	0.3225315168	0.3723995484	0.5917097966	0.3260752135	0.3894953034	0.3860766452	0.6424345827	0.6909555425	0.9732021267	0.9732021267	0.3517302349	0.3517302349	0.3510456876	0.9732021267	0.9732021267	0.6395646606	0.3510456876	0.4034990379	0.3545470018	0.6591273146	0.6587565215	0.9781655599	1	1	1	0.9977965098	0.83827947	0.7167892493	0.5697135606	0.5697135606	0.6041210432	0.5693779896	0.608436091	0.5828686557
chr11_2111406_A_C	-0.0232918833	0.3252540484	0.3078272036	-0.1220912187	-0.1253706581	0.3062304396	0.3052943958	0.3062304396	0.3062304396	0.3218445354	-0.1154563751	0.238727769	0.323374628	-0.05152153295	-0.1079889549	-0.1114222616	-0.1079889549	0.3632620493	0.3632620493	0.588966603	0.003675365702	0.5144874354	0.5144874354	0.6032547281	0.6096075097	0.6096075097	0.6096075097	0.006514391813	0.6086856799	0.6077746162	-0.1558754278	0.3162696458	0.3285147651	0.5178019834	0.8003870568	0.7885501325	0.8003870568	0.3249869313	0.5683704053	0.3249869313	0.8003870568	0.8023710793	0.8026351496	0.8036223841	0.568749351	0.8046290231	0.5199265807	0.806608314	0.806608314	0.4846439038	0.806608314	0.806608314	0.4147413098	0.3225315168	0.3689789611	0.5184297818	0.3689789611	0.3689789611	0.3225315168	0.3668585967	0.5530583916	0.3689789611	0.5526858239	0.3225315168	0.5526858239	0.3723995484	0.3225315168	0.3723995484	0.5917097966	0.3260752135	0.3894953034	0.3860766452	0.6424345827	0.6909555425	0.9732021267	0.9732021267	0.3517302349	0.3517302349	0.3510456876	0.9732021267	0.9732021267	0.6395646606	0.3510456876	0.4034990379	0.3545470018	0.6591273146	0.6587565215	0.9781655599	1	1	1	0.9977965098	0.83827947	0.7167892493	0.5697135606	0.5697135606	0.6041210432	0.5693779896	0.608436091	0.5828686557
chr11_2111509_A_G	-0.0232918833	0.3252540484	0.3078272036	-0.1220912187	-0.1253706581	0.3062304396	0.3052943958	0.3062304396	0.3062304396	0.3218445354	-0.1154563751	0.238727769	0.323374628	-0.05152153295	-0.1079889549	-0.1114222616	-0.1079889549	0.3632620493	0.3632620493	0.588966603	0.003675365702	0.5144874354	0.5144874354	0.6032547281	0.6096075097	0.6096075097	0.6096075097	0.006514391813	0.6086856799	0.6077746162	-0.1558754278	0.3162696458	0.3285147651	0.5178019834	0.8003870568	0.7885501325	0.8003870568	0.3249869313	0.5683704053	0.3249869313	0.8003870568	0.8023710793	0.8026351496	0.8036223841	0.568749351	0.8046290231	0.5199265807	0.806608314	0.806608314	0.4846439038	0.806608314	0.806608314	0.4147413098	0.3225315168	0.3689789611	0.5184297818	0.3689789611	0.3689789611	0.3225315168	0.3668585967	0.5530583916	0.3689789611	0.5526858239	0.3225315168	0.5526858239	0.3723995484	0.3225315168	0.3723995484	0.5917097966	0.3260752135	0.3894953034	0.3860766452	0.6424345827	0.6909555425	0.9732021267	0.9732021267	0.3517302349	0.3517302349	0.3510456876	0.9732021267	0.9732021267	0.6395646606	0.3510456876	0.4034990379	0.3545470018	0.6591273146	0.6587565215	0.9781655599	1	1	1	0.9977965098	0.83827947	0.7167892493	0.5697135606	0.5697135606	0.6041210432	0.5693779896	0.608436091	0.5828686557
chr11_2111531_A_G	-0.02432857881	0.3234390879	0.3058361021	-0.1254951161	-0.1288776068	0.3042072575	0.3033041288	0.3042072575	0.3042072575	0.3205758887	-0.1188943922	0.2325570165	0.32211556	-0.05486778137	-0.1114054445	-0.1148533452	-0.1114054445	0.3609779546	0.3609779546	0.5848767497	0.001375474692	0.5126943723	0.5126943723	0.5993073667	0.6057377942	0.6057377942	0.6057377942	0.004291330148	0.604845287	0.6038929892	-0.1581666257	0.3157269201	0.3280167083	0.5159647123	0.7980916351	0.7862278831	0.7980916351	0.3243731824	0.5665164802	0.3243731824	0.7980916351	0.8000800157	0.8003957145	0.8013627712	0.5669121991	0.8023490757	0.5181131907	0.8043327073	0.8043327073	0.4829875362	0.8043327073	0.8043327073	0.4139148341	0.3218994457	0.3682873894	0.5166093863	0.3682873894	0.3682873894	0.3218994457	0.3661498027	0.5506201615	0.3682873894	0.5502077746	0.3218994457	0.5502077746	0.3717109673	0.3218994457	0.3717109673	0.589520938	0.3254466999	0.3888214411	0.3853998696	0.6405115245	0.6890227489	0.9707947694	0.9707947694	0.3511818362	0.3511818362	0.3504895097	0.9707947694	0.9707947694	0.6376281186	0.3504895097	0.4029144034	0.3539942114	0.6572992559	0.6568554342	0.9846767962	0.9977965098	0.9977965098	0.9977965098	1	0.836221801	0.7132245996	0.5677870601	0.5677870601	0.6021074823	0.5674343116	0.6064552373	0.5809280146
chr11_2113931_G_A	-0.01367995202	0.2871389837	0.2688650733	-0.1674816742	-0.170309196	0.2685141745	0.2656968254	0.2685141745	0.2685141745	0.3316423064	-0.1631337499	0.1721663016	0.3337721174	-0.1176338993	-0.1626183912	-0.162451464	-0.1626183912	0.3515371502	0.3515371502	0.4405630984	-0.05506754468	0.5026919466	0.5026919466	0.451537208	0.4635758705	0.4635758705	0.4635758705	-0.04131933786	0.4625563196	0.4537107274	-0.1635721428	0.2481089131	0.2541225567	0.5090662832	0.6527012859	0.6406878836	0.6527012859	0.2378092257	0.4826387826	0.2378092257	0.6527012859	0.6554031458	0.6544863495	0.6556680484	0.4825393415	0.6568677906	0.5111510263	0.6512412885	0.6512412885	0.4601901921	0.6512412885	0.6512412885	0.2529673391	0.2363853258	0.1880418822	0.5090577607	0.1880418822	0.1880418822	0.2363853258	0.1923531469	0.5731718822	0.1880418822	0.5742157465	0.2363853258	0.5742157465	0.1814683828	0.2363853258	0.1814683828	0.6046991222	0.2408490663	0.2084197647	0.2041269747	0.6464418437	0.606136646	0.8225880961	0.8225880961	0.2637727326	0.2637727326	0.2614676694	0.8225880961	0.8225880961	0.6512452062	0.2614676694	0.2129717027	0.2658851081	0.6652881542	0.6676378338	0.8214781942	0.83827947	0.83827947	0.83827947	0.836221801	1	0.7382046577	0.6378608163	0.6378608163	0.5822364562	0.6382785873	0.5859012866	0.5629410519
chr11_2114571_C_G	0.0009937400254	0.2061977304	0.192080665	-0.05641848177	-0.05977486663	0.1879104495	0.1874107992	0.1879104495	0.1879104495	0.2130719679	-0.04911756553	0.1787945806	0.2153501521	-0.03359143814	-0.04968519815	-0.04831952515	-0.04968519815	0.2460826972	0.2460826972	0.4050580286	-0.05078890953	0.3779760116	0.3779760116	0.3980189264	0.4099333399	0.4099333399	0.4099333399	-0.02665104752	0.4098990182	0.4034237123	-0.1458909525	0.239168473	0.239168473	0.3761229141	0.5714892013	0.5619777865	0.5714892013	0.2116226802	0.420192879	0.2116226802	0.5714892013	0.5782615013	0.5754972949	0.5757104349	0.4209360847	0.5759345719	0.3790702132	0.5738210893	0.5738210893	0.347747686	0.5738210893	0.5738210893	0.2915145188	0.2091958907	0.253981705	0.3770779155	0.253981705	0.253981705	0.2091958907	0.2576296989	0.45841492	0.253981705	0.4620646933	0.2091958907	0.4620646933	0.2518230561	0.2091958907	0.2518230561	0.4534312638	0.2130529178	0.2700495202	0.2664090787	0.4963647526	0.5294921135	0.7156617597	0.7156617597	0.2289840801	0.2289840801	0.226994564	0.7156617597	0.7156617597	0.4972723704	0.226994564	0.2670762456	0.230817857	0.5095983528	0.5122465355	0.7018736733	0.7167892493	0.7167892493	0.7167892493	0.7132245996	0.7382046577	1	0.5583433346	0.5583433346	0.5847581611	0.557876278	0.5806674227	0.5632452001
chr11_2116492_C_G	0.04500193857	0.1881192419	0.1869034676	-0.20752296	-0.215295064	0.1852505285	0.1795512609	0.1852505285	0.1852505285	0.1457217955	-0.2038464077	0.04134191794	0.1499929983	-0.1877906086	-0.2025680002	-0.1992833414	-0.2025680002	0.2701040882	0.2701040882	0.3206212854	-0.1553439335	0.4086581804	0.4086581804	0.3043512481	0.3155653633	0.3155653633	0.3155653633	-0.1370658179	0.3140925513	0.3113141862	-0.04920406163	0.01180552349	0.01769023397	0.4027363176	0.4261606195	0.4112398697	0.4261606195	0.01534251682	0.4135597067	0.01534251682	0.4261606195	0.4340720381	0.427242941	0.4287323619	0.4126099961	0.430237794	0.4051894254	0.4299994115	0.4299994115	0.3476323169	0.4299994115	0.4299994115	0.1149945736	0.01565915662	0.02460373982	0.4060901128	0.02460373982	0.02460373982	0.01565915662	0.03022251297	0.4658096581	0.02460373982	0.4727172209	0.01565915662	0.4727172209	0.02489681609	0.01565915662	0.02489681609	0.4912756183	0.01022263409	0.03696473656	0.03668133227	0.5223935877	0.5186857023	0.5584516033	0.5584516033	0.0395039758	0.0395039758	0.03380766802	0.5584516033	0.5584516033	0.5331455011	0.03380766802	0.03583143855	0.03409491879	0.5422702238	0.5477459696	0.5520639316	0.5697135606	0.5697135606	0.5697135606	0.5677870601	0.6378608163	0.5583433346	1	1	0.9376753701	0.9979636374	0.9315566441	0.902126055
chr11_2116493_T_A	0.04500193857	0.1881192419	0.1869034676	-0.20752296	-0.215295064	0.1852505285	0.1795512609	0.1852505285	0.1852505285	0.1457217955	-0.2038464077	0.04134191794	0.1499929983	-0.1877906086	-0.2025680002	-0.1992833414	-0.2025680002	0.2701040882	0.2701040882	0.3206212854	-0.1553439335	0.4086581804	0.4086581804	0.3043512481	0.3155653633	0.3155653633	0.3155653633	-0.1370658179	0.3140925513	0.3113141862	-0.04920406163	0.01180552349	0.01769023397	0.4027363176	0.4261606195	0.4112398697	0.4261606195	0.01534251682	0.4135597067	0.01534251682	0.4261606195	0.4340720381	0.427242941	0.4287323619	0.4126099961	0.430237794	0.4051894254	0.4299994115	0.4299994115	0.3476323169	0.4299994115	0.4299994115	0.1149945736	0.01565915662	0.02460373982	0.4060901128	0.02460373982	0.02460373982	0.01565915662	0.03022251297	0.4658096581	0.02460373982	0.4727172209	0.01565915662	0.4727172209	0.02489681609	0.01565915662	0.02489681609	0.4912756183	0.01022263409	0.03696473656	0.03668133227	0.5223935877	0.5186857023	0.5584516033	0.5584516033	0.0395039758	0.0395039758	0.03380766802	0.5584516033	0.5584516033	0.5331455011	0.03380766802	0.03583143855	0.03409491879	0.5422702238	0.5477459696	0.5520639316	0.5697135606	0.5697135606	0.5697135606	0.5677870601	0.6378608163	0.5583433346	1	1	0.9376753701	0.9979636374	0.9315566441	0.902126055
chr11_2116686_G_C	0.02568374345	0.1838181125	0.1793413026	-0.1836999366	-0.1891789264	0.1743244109	0.1695567282	0.1743244109	0.1743244109	0.11064221	-0.176799913	0.04934417156	0.1147478255	-0.163331519	-0.1660315509	-0.1623967613	-0.1660315509	0.2487555314	0.2487555314	0.3559723363	-0.1776873239	0.3951848572	0.3951848572	0.3413144297	0.3494209972	0.3494209972	0.3494209972	-0.1567584283	0.3480890146	0.3491765907	-0.07506206656	-0.01481729132	-0.009011477651	0.4004746737	0.4688241231	0.4478794049	0.4688241231	-0.009093734736	0.4732326149	-0.009093734736	0.4688241231	0.476320789	0.4701162745	0.4714734758	0.472437262	0.4728466345	0.4028813083	0.476320789	0.476320789	0.3506395926	0.476320789	0.476320789	0.1683171311	-0.009102132244	0.07503714152	0.4040420091	0.07503714152	0.07503714152	-0.009102132244	0.08020052438	0.4429580041	0.07503714152	0.449160709	-0.009102132244	0.449160709	0.08020052438	-0.009102132244	0.08020052438	0.4708113237	-0.01478599175	0.09543598176	0.09553825081	0.5048827986	0.561485706	0.5895117747	0.5895117747	0.02455807592	0.02455807592	0.01915882617	0.5895117747	0.5895117747	0.5117173724	0.01915882617	0.09060516432	0.01910608858	0.5210815999	0.5252876089	0.5846978145	0.6041210432	0.6041210432	0.6041210432	0.6021074823	0.5822364562	0.5847581611	0.9376753701	0.9376753701	1	0.9353225228	0.9940653082	0.9615920812
chr11_2116776_T_C	0.04417012333	0.1855793815	0.1842534137	-0.2023241681	-0.2101439344	0.1825723004	0.1768975955	0.1825723004	0.1825723004	0.1436414352	-0.1986338303	0.04374898288	0.1479241854	-0.1863176299	-0.1972655884	-0.1939451356	-0.1972655884	0.2671291719	0.2671291719	0.3238997074	-0.1480666581	0.4058752978	0.4058752978	0.3076380593	0.3189127199	0.3189127199	0.3189127199	-0.1294776486	0.3174353065	0.3146432496	-0.0448693483	0.01609463114	0.02198996793	0.399888729	0.426011347	0.4111077329	0.426011347	0.01942559542	0.4105387084	0.01942559542	0.426011347	0.433929733	0.4271176	0.4285987617	0.4096020486	0.4300958839	0.4023617422	0.4298497522	0.4298497522	0.3449748257	0.4298497522	0.4298497522	0.1179692921	0.01972437982	0.02803360536	0.4032625735	0.02803360536	0.02803360536	0.01972437982	0.03364848185	0.4623760231	0.02803360536	0.469259161	0.01972437982	0.469259161	0.02831316809	0.01972437982	0.02831316809	0.4879919424	0.0142597506	0.04033379469	0.04006354849	0.519243585	0.5153498533	0.5580709546	0.5580709546	0.04350840472	0.04350840472	0.03785119793	0.5580709546	0.5580709546	0.5300120215	0.03785119793	0.03925356949	0.03812107777	0.5391888344	0.544605703	0.5516229412	0.5693779896	0.5693779896	0.5693779896	0.5674343116	0.6382785873	0.557876278	0.9979636374	0.9979636374	0.9353225228	1	0.9332305783	0.9038870509
chr11_2117403_A_G	0.008245066716	0.1819844109	0.1776216718	-0.1846784294	-0.1900870428	0.1725507281	0.1677692512	0.1725507281	0.1725507281	0.1127253039	-0.1777681543	0.04695353542	0.1168189785	-0.1647874353	-0.1670615448	-0.1634476895	-0.1670615448	0.2474822683	0.2474822683	0.3526106305	-0.1799571073	0.3937214182	0.3937214182	0.3379447778	0.3459956054	0.3459956054	0.3459956054	-0.1592377705	0.3446681825	0.3457621199	-0.08523238867	-0.007393899445	-0.001599641707	0.3990410562	0.4728085362	0.4518900874	0.4728085362	-0.001696597489	0.4719963972	-0.001696597489	0.4728085362	0.4802929959	0.4740530567	0.4754299788	0.4711949714	0.4768230412	0.4014456561	0.4802929959	0.4802929959	0.3490263985	0.4802929959	0.4802929959	0.1751135703	-0.001705428161	0.08205778024	0.4025937734	0.08205778024	0.08205778024	-0.001705428161	0.08721497602	0.4420677282	0.08205778024	0.4482753453	-0.001705428161	0.4482753453	0.08721497602	-0.001705428161	0.08721497602	0.469779883	-0.007378280811	0.1024420596	0.1025395361	0.5036702314	0.5603852263	0.5939559574	0.5939559574	0.03182878709	0.03182878709	0.02649878557	0.5939559574	0.5939559574	0.5104727665	0.02649878557	0.09760309715	0.02644626902	0.5198111973	0.5240417582	0.589135544	0.608436091	0.608436091	0.608436091	0.6064552373	0.5859012866	0.5806674227	0.9315566441	0.9315566441	0.9940653082	0.9332305783	1	0.9674774835
chr11_2118860_T_G	0.0235722305	0.157505636	0.1506108559	-0.1583996364	-0.1666653527	0.1443436017	0.1391616673	0.1443436017	0.1443436017	0.08503774504	-0.1506862671	0.04384329702	0.08947436186	-0.1479191065	-0.148531222	-0.1449830627	-0.148531222	0.2223793126	0.2223793126	0.3298387848	-0.1577643865	0.3543206167	0.3543206167	0.3101185254	0.3259960684	0.3259960684	0.3259960684	-0.1334430575	0.324598697	0.3216753427	-0.0637835748	0.008236297054	0.01404805645	0.3602549284	0.445342086	0.4314231015	0.445342086	0.01582834657	0.4323180342	0.01582834657	0.445342086	0.453021212	0.4464808763	0.447916786	0.4314455388	0.4493687169	0.3628399177	0.4489990726	0.4489990726	0.3136904091	0.4489990726	0.4489990726	0.1786734357	0.01598868126	0.1045373103	0.3637339707	0.1045373103	0.1045373103	0.01598868126	0.1098723671	0.4094737685	0.1045373103	0.4158418898	0.01598868126	0.4158418898	0.1046126914	0.01598868126	0.1046126914	0.4359400187	0.01046767802	0.1154843192	0.1154106727	0.4719460391	0.5330063647	0.5721129454	0.5721129454	0.03893395634	0.03893395634	0.03345805105	0.5721129454	0.5721129454	0.4783053839	0.03345805105	0.1099444025	0.03359131081	0.48774547	0.4923068298	0.5646011749	0.5828686557	0.5828686557	0.5828686557	0.5809280146	0.5629410519	0.5632452001	0.902126055	0.902126055	0.9615920812	0.9038870509	0.9674774835	1
