variant_id	chr11_2040128_A_G	chr11_2063051_C_T	chr11_2063598_G_A	chr11_2063846_C_T	chr11_2064769_A_G	chr11_2065099_T_C	chr11_2065765_C_A	chr11_2065900_C_T	chr11_2066031_T_G	chr11_2066970_G_A	chr11_2067320_C_T	chr11_2068717_A_G	chr11_2068776_A_G	chr11_2069125_TCTCCATACTCCATTTTCCACA_T	chr11_2070333_C_T	chr11_2070570_C_T	chr11_2070926_A_T	chr11_2070993_T_G	chr11_2070994_C_T	chr11_2072504_T_C	chr11_2073182_A_G	chr11_2073444_A_G	chr11_2073476_A_C	chr11_2073913_A_G	chr11_2074576_C_A	chr11_2075149_A_G	chr11_2075252_T_C	chr11_2075720_C_G	chr11_2075736_C_T	chr11_2076798_T_C	chr11_2076994_T_C	chr11_2077046_CCA_C	chr11_2077271_C_T	chr11_2077486_A_G	chr11_2078638_T_C	chr11_2078742_G_A	chr11_2078858_A_AT	chr11_2080612_C_T	chr11_2081637_C_CT	chr11_2081917_A_G	chr11_2082423_C_T	chr11_2082702_C_CA	chr11_2083709_C_T	chr11_2084014_C_T	chr11_2084913_T_C	chr11_2086132_G_A	chr11_2087220_T_C	chr11_2087727_T_G	chr11_2087911_T_C	chr11_2088229_C_T	chr11_2089861_A_G	chr11_2090336_T_G	chr11_2090456_T_G	chr11_2093065_C_T	chr11_2093603_C_A	chr11_2093897_G_A	chr11_2094303_C_T	chr11_2094599_G_A	chr11_2095273_C_T	chr11_2095799_A_G	chr11_2095814_GACA_G	chr11_2095968_T_C	chr11_2096707_G_A	chr11_2096919_G_A	chr11_2097561_T_C	chr11_2097954_C_T	chr11_2098180_AC_A	chr11_2098701_A_AT	chr11_2099854_G_A	chr11_2101283_G_A	chr11_2101345_C_T	chr11_2101804_G_A	chr11_2102033_G_A	chr11_2103073_T_TC	chr11_2104138_A_G	chr11_2107025_C_T	chr11_2107107_G_A	chr11_2107122_C_T	chr11_2107655_C_A	chr11_2107854_G_T	chr11_2108072_G_A	chr11_2108091_G_GAGTC	chr11_2108689_C_T	chr11_2108794_C_T	chr11_2109320_TG_T	chr11_2109650_G_GC	chr11_2110067_G_A	chr11_2111124_C_G	chr11_2111243_A_G	chr11_2111406_A_C	chr11_2111509_A_G	chr11_2111531_A_G	chr11_2113931_G_A	chr11_2114571_C_G	chr11_2116492_C_G	chr11_2116493_T_A	chr11_2116686_G_C	chr11_2116776_T_C	chr11_2117403_A_G	chr11_2118860_T_G
chr11_2040128_A_G	1	-0.01056429919	0.04578192458	-0.1474633615	-0.1137669228	0.05184828876	0.0502329118	0.05184828876	0.05184828876	-0.02382907306	-0.1448391421	0.07158293565	-0.0271841222	-0.0738066279	-0.001113416447	-0.001113416447	0.008599011222	0.01948213348	0.01471916964	0.01172957498	0.006032019608	-0.06503931228	-0.0682970867	0.004262100015	0.00131251745	0.004262100015	0.004262100015	-0.06776361882	0.00131251745	0.0005102776456	0.004026096874	0.01525682565	-0.02334229271	-0.01838207183	0.00131251745	0.004230762319	0.00131251745	0.004721387499	-0.03499031523	0.02092293703	0.03757708491	-0.005554418518	0.03150770483	0.03757708491	0.007406126529	0.03455574953	-0.02645937966	0.08578534343	0.02141132075	-0.02177405704	0.02141132075	0.05139530576	0.03713655461	0.01606392694	0.03729922761	-0.02558870101	0.06667992777	0.06223706381	-0.009703870804	-0.03213571663	0.1124328827	-0.05840486393	0.1146259841	0.01416163976	0.1146259841	0.06133154324	-0.03623077356	0.04175008551	0.1066823233	0.0240323259	0.04943794957	0.05151082578	0.1187441149	-0.04333274519	0.05493997133	0.002269669676	-0.01319777001	-0.01796719766	-0.01319777001	0.0442486183	0.04268635693	0.08624037478	-0.006878198919	-0.08753481476	0.03772513943	0.08420955077	0.09597695509	0.004296703069	0.06807855614	0.06807855614	0.04854489861	0.05083423995	0.007778866048	0.04669093487	0.004893304689	0.008901922593	0.1374558038	0.02242559001	0.1374558038	0.1401042742
chr11_2063051_C_T	-0.01056429919	1	0.5793942824	-0.1505523085	-0.2051860783	0.5743284757	0.5732879696	0.5743284757	0.5743284757	0.4555109546	-0.152175466	0.05039234482	0.4592225045	-0.1984563124	-0.3440202923	-0.3440202923	-0.3382241553	0.3462731994	0.3421693153	-0.01560170675	0.04283142713	0.00281389477	0.004466813702	-0.09779602634	-0.09056126864	-0.09779602634	-0.09779602634	-0.04330627138	-0.09056126864	-0.09484088128	0.08036380913	0.1007277231	0.09802997681	0.01525441702	-0.09056126864	-0.0877411802	-0.09056126864	0.06952338982	-0.1341666252	0.05673022969	-0.06737544658	-0.06826316844	-0.06489363313	-0.06737544658	-0.09218938544	-0.07041788008	0.0227580597	-0.08274918671	-0.1140789908	0.01636581397	-0.1140789908	0.006168068479	-0.03682781377	-0.00722389466	-0.06802377207	0.01180518875	0.01756212443	-0.01211831793	0.06433891918	-0.02502462827	0.05769969001	-0.01691349561	0.05391604112	0.05453802714	0.05391604112	-0.004694447164	-0.0481809014	0.001582229802	0.06516943946	0.04625805973	-0.0222756565	-0.02369750794	0.08408355426	-0.05704680154	0.006097199406	-0.05850813944	-0.051789075	-0.04205907139	-0.051789075	-0.01964021396	-0.02115070496	0.05744969719	-0.05531660415	-0.1819710029	-0.0502591333	0.05984381355	0.08626096203	-0.06422232958	0.02490188048	0.02490188048	-0.02791473747	-0.02947480864	-0.01194481697	-0.07239357869	-0.0943232315	0.01258754978	-0.02512774453	-0.03243427704	-0.02512774453	-0.01295699944
chr11_2063598_G_A	0.04578192458	0.5793942824	1	-0.3122941555	-0.3836470168	0.9950005379	0.9933388271	0.9950005379	0.9950005379	0.3012828583	-0.3107737354	0.1142275435	0.3088489801	-0.3569308016	-0.5533032696	-0.5533032696	-0.5481842896	0.5643597605	0.5705629202	0.03392231415	0.02764034166	0.05533443843	0.05737149411	-0.05722966783	-0.04066891863	-0.05722966783	-0.05722966783	-0.05850694431	-0.04066891863	-0.05892318057	0.04867751854	0.05992150071	0.0732348927	0.09635447598	-0.04066891863	-0.04238535097	-0.04066891863	0.0526825621	-0.09508766775	0.05452832117	-0.04238732793	-0.04319000514	-0.038696019	-0.04238732793	-0.06695103488	-0.04054940037	0.0978670835	-0.002641513064	-0.06863988587	0.09249446749	-0.06863988587	0.01829202989	-0.0458057279	0.01723993714	-0.06164637243	0.09249446749	-0.01221561121	-0.02741761627	0.05750370327	-0.1040402263	0.2147586113	-0.09422827747	0.2135980565	0.03913799738	0.2135980565	-0.03271281399	-0.02006875511	-0.0307812189	0.2137026682	0.02993401273	-0.03896638338	-0.04128907437	0.2009685414	-0.01402497741	0.02342764004	0.01934337338	-0.04438435685	-0.03057187296	-0.04438435685	0.03749535536	0.03524071648	0.1408353672	-0.04063061264	-0.1526396122	-0.03414085899	0.07902132503	0.1866368728	0.06811953458	0.04904557185	0.04904557185	0.04020878403	0.04143251856	-0.0138548638	0.01008834919	-0.09587642334	-0.0602709939	-0.0125274558	-0.006669957783	-0.0125274558	-0.01462568158
chr11_2063846_C_T	-0.1474633615	-0.1505523085	-0.3122941555	1	0.8670168758	-0.3162157744	-0.3137570106	-0.3162157744	-0.3162157744	-0.1247213744	0.9974699835	0.04566045328	-0.1270846603	0.7105274581	0.5520005447	0.5520005447	0.5538125511	-0.5241038458	-0.5243006963	-0.06944312704	-0.07545993757	-0.1505117493	-0.153150772	0.09368304039	0.0896892986	0.09368304039	0.09368304039	0.1249869185	0.0896892986	0.08845722139	-0.05121144931	0.003681664982	-0.01428363564	-0.1498172079	0.0896892986	0.09195806299	0.0896892986	-0.009537146639	0.08187134986	-0.01438364058	0.1045420652	0.09136866761	0.0998349608	0.1045420652	0.06995030703	0.1021973447	-0.1471481604	0.0444195232	0.09813739594	-0.1396844274	0.09813739594	-0.08817222511	0.03721313105	0.008905315595	0.05717491927	-0.1439397231	0.03576070235	0.04524712133	-0.007887270498	-0.004715562744	-0.1404771712	-0.004234850749	-0.1387338565	-0.01735267984	-0.1387338565	0.03114709183	-0.006405364593	0.02792353992	-0.1328393363	-0.04293964568	0.03895970827	0.03752449899	-0.1317993435	0.11968181	0.01997527003	-0.09470531175	0.02462573847	0.01991169533	0.02462573847	-0.1037795194	-0.1013551887	-0.04153480403	0.01991169533	0.02587950376	0.02223620331	0.05310894021	-0.1042556074	-0.1632932545	0.01124376964	0.01124376964	-0.1110270929	-0.1129056784	-0.03369512384	0.0485022143	-0.05253396585	-0.01989619133	0.02485659565	-0.05288386034	0.02485659565	0.03624287225
chr11_2064769_A_G	-0.1137669228	-0.2051860783	-0.3836470168	0.8670168758	1	-0.3880906749	-0.3862331009	-0.3880906749	-0.3880906749	-0.1584410134	0.8643281798	0.04549537905	-0.1610493835	0.77086891	0.6250724047	0.6250724047	0.6253168755	-0.5925165888	-0.5936427866	-0.08952146042	-0.01193774218	-0.1887788866	-0.1917513404	0.09116851536	0.09206647146	0.09116851536	0.09116851536	0.08353124406	0.09206647146	0.08696587586	-0.05962535301	-0.002161939334	-0.0277822009	-0.1935293828	0.09206647146	0.09469660389	0.09206647146	-0.01037460004	0.07587260562	-0.005380942139	0.101008677	0.08846030929	0.09545659959	0.101008677	0.06797598545	0.09824350656	-0.1905296664	0.06414406877	0.09755974621	-0.1820091657	0.09755974621	-0.1449001807	0.05346765954	0.018845453	0.07251306878	-0.1859067929	0.04894934823	0.0637016949	-0.0003843774648	-0.01811973696	-0.1539907159	-0.02310211357	-0.1519927453	-0.01183721452	-0.1519927453	0.06274089353	0.08715771994	0.06191869432	-0.146484759	0.005933802213	0.06943669818	0.06781077168	-0.1452637446	0.08414170242	0.02085108043	-0.07111928871	0.1261252629	0.1194044826	0.1261252629	-0.08230816362	-0.08038972163	-0.06535096289	0.1194044826	0.03274392508	0.1094438877	0.01695670353	-0.1294291528	-0.1363323474	0.01080168099	0.01080168099	-0.0910517926	-0.09308362787	-0.03658052857	0.03810414	-0.01069423237	-0.001040428939	0.01233230646	-0.05008232288	0.01233230646	0.02350293275
chr11_2065099_T_C	0.05184828876	0.5743284757	0.9950005379	-0.3162157744	-0.3880906749	1	0.9983296501	1	1	0.2984508124	-0.3147130152	0.1154275345	0.3059877883	-0.362039831	-0.5604046156	-0.5604046156	-0.5553093336	0.5717152571	0.5778648115	0.02593135552	0.02293865439	0.05556565437	0.05756736627	-0.07276519697	-0.05555171478	-0.07276519697	-0.07276519697	-0.05984139364	-0.05555171478	-0.07436773192	0.04579242987	0.05738632839	0.07058294004	0.09606899921	-0.05555171478	-0.05718583531	-0.05555171478	0.04970847763	-0.1033820155	0.05149525149	-0.05910987888	-0.0588355943	-0.05563922012	-0.05910987888	-0.07588606486	-0.05738142493	0.09761043204	-0.00106381905	-0.07857315632	0.09232395081	-0.07857315632	0.01532456813	-0.04934488411	0.01505895682	-0.06401727626	0.09232395081	-0.01562343875	-0.03089121873	0.05474687887	-0.1072496823	0.2142414245	-0.09737371602	0.2131017306	0.0359883887	0.2131017306	-0.03611956034	-0.02184163149	-0.0342662417	0.2129800454	0.02658613641	-0.0423176179	-0.044654104	0.2002810448	-0.01639583604	0.01815982271	0.01595977382	-0.04589139794	-0.03212312645	-0.04589139794	0.03376395628	0.03148578652	0.1400929411	-0.04216730175	-0.1513348153	-0.03587320711	0.08118178151	0.1862172195	0.06431811955	0.043082991	0.043082991	0.03614077015	0.03733399403	-0.01792790083	0.01315502515	-0.09850901868	-0.06270129051	-0.01011257381	-0.006439157351	-0.01011257381	-0.01218958649
chr11_2065765_C_A	0.0502329118	0.5732879696	0.9933388271	-0.3137570106	-0.3862331009	0.9983296501	1	0.9983296501	0.9983296501	0.297843635	-0.3122614737	0.115957189	0.3053793907	-0.3598423546	-0.560082209	-0.560082209	-0.5550011379	0.5715855333	0.5777244612	0.02796521267	0.02139851868	0.05686865777	0.05885780307	-0.0718833876	-0.05461412013	-0.0718833876	-0.0718833876	-0.06035323743	-0.05461412013	-0.07348131781	0.04488307414	0.05660657302	0.06977914961	0.0972314175	-0.05461412013	-0.05624375742	-0.05461412013	0.04877389029	-0.101947641	0.05054303028	-0.05828812894	-0.0579504761	-0.0548269598	-0.05828812894	-0.07449259803	-0.05656441435	0.09878681336	-0.0005395427233	-0.07774070724	0.09352360257	-0.07774070724	0.01771311448	-0.04832092762	0.01434950663	-0.06254107771	0.09352360257	-0.01450465905	-0.02980471776	0.0538903268	-0.1073626396	0.2171522136	-0.09745104321	0.2160205203	0.0349798906	0.2160205203	-0.03503512169	-0.02245670938	-0.03320667826	0.2157822516	0.02550101474	-0.04125206323	-0.04359447851	0.203097595	-0.01720394839	0.01947045306	0.01485078794	-0.04644501725	-0.03267596728	-0.04644501725	0.03599439375	0.03371625384	0.1427645155	-0.04272660217	-0.1534248102	-0.03649058705	0.08199277	0.1891516978	0.06312442907	0.04436876429	0.04436876429	0.03830710454	0.03950270861	-0.01494512857	0.01419124033	-0.09615781826	-0.06102346162	-0.009319649237	-0.003501509683	-0.009319649237	-0.01139193544
chr11_2065900_C_T	0.05184828876	0.5743284757	0.9950005379	-0.3162157744	-0.3880906749	1	0.9983296501	1	1	0.2984508124	-0.3147130152	0.1154275345	0.3059877883	-0.362039831	-0.5604046156	-0.5604046156	-0.5553093336	0.5717152571	0.5778648115	0.02593135552	0.02293865439	0.05556565437	0.05756736627	-0.07276519697	-0.05555171478	-0.07276519697	-0.07276519697	-0.05984139364	-0.05555171478	-0.07436773192	0.04579242987	0.05738632839	0.07058294004	0.09606899921	-0.05555171478	-0.05718583531	-0.05555171478	0.04970847763	-0.1033820155	0.05149525149	-0.05910987888	-0.0588355943	-0.05563922012	-0.05910987888	-0.07588606486	-0.05738142493	0.09761043204	-0.00106381905	-0.07857315632	0.09232395081	-0.07857315632	0.01532456813	-0.04934488411	0.01505895682	-0.06401727626	0.09232395081	-0.01562343875	-0.03089121873	0.05474687887	-0.1072496823	0.2142414245	-0.09737371602	0.2131017306	0.0359883887	0.2131017306	-0.03611956034	-0.02184163149	-0.0342662417	0.2129800454	0.02658613641	-0.0423176179	-0.044654104	0.2002810448	-0.01639583604	0.01815982271	0.01595977382	-0.04589139794	-0.03212312645	-0.04589139794	0.03376395628	0.03148578652	0.1400929411	-0.04216730175	-0.1513348153	-0.03587320711	0.08118178151	0.1862172195	0.06431811955	0.043082991	0.043082991	0.03614077015	0.03733399403	-0.01792790083	0.01315502515	-0.09850901868	-0.06270129051	-0.01011257381	-0.006439157351	-0.01011257381	-0.01218958649
chr11_2066031_T_G	0.05184828876	0.5743284757	0.9950005379	-0.3162157744	-0.3880906749	1	0.9983296501	1	1	0.2984508124	-0.3147130152	0.1154275345	0.3059877883	-0.362039831	-0.5604046156	-0.5604046156	-0.5553093336	0.5717152571	0.5778648115	0.02593135552	0.02293865439	0.05556565437	0.05756736627	-0.07276519697	-0.05555171478	-0.07276519697	-0.07276519697	-0.05984139364	-0.05555171478	-0.07436773192	0.04579242987	0.05738632839	0.07058294004	0.09606899921	-0.05555171478	-0.05718583531	-0.05555171478	0.04970847763	-0.1033820155	0.05149525149	-0.05910987888	-0.0588355943	-0.05563922012	-0.05910987888	-0.07588606486	-0.05738142493	0.09761043204	-0.00106381905	-0.07857315632	0.09232395081	-0.07857315632	0.01532456813	-0.04934488411	0.01505895682	-0.06401727626	0.09232395081	-0.01562343875	-0.03089121873	0.05474687887	-0.1072496823	0.2142414245	-0.09737371602	0.2131017306	0.0359883887	0.2131017306	-0.03611956034	-0.02184163149	-0.0342662417	0.2129800454	0.02658613641	-0.0423176179	-0.044654104	0.2002810448	-0.01639583604	0.01815982271	0.01595977382	-0.04589139794	-0.03212312645	-0.04589139794	0.03376395628	0.03148578652	0.1400929411	-0.04216730175	-0.1513348153	-0.03587320711	0.08118178151	0.1862172195	0.06431811955	0.043082991	0.043082991	0.03614077015	0.03733399403	-0.01792790083	0.01315502515	-0.09850901868	-0.06270129051	-0.01011257381	-0.006439157351	-0.01011257381	-0.01218958649
chr11_2066970_G_A	-0.02382907306	0.4555109546	0.3012828583	-0.1247213744	-0.1584410134	0.2984508124	0.297843635	0.2984508124	0.2984508124	1	-0.1256124023	-0.002203147452	0.99246451	-0.1032172036	-0.1682011598	-0.1682011598	-0.1699576279	0.1689121641	0.1665886396	0.004875906175	-0.09509861456	-0.01586061896	-0.01005952624	-0.1544702818	-0.1385414333	-0.1544702818	-0.1544702818	0.04443726234	-0.1385414333	-0.1524097925	-0.0330661266	-0.03832113758	-0.05676204353	-0.002780049838	-0.1385414333	-0.1366342179	-0.1385414333	-0.08263250439	-0.03909047356	-0.08715648803	-0.1810166316	-0.156552033	-0.1858122621	-0.1810166316	-0.04788727545	-0.1833996318	0.01359764737	-0.1843136203	-0.1717655374	0.002988411307	-0.1717655374	-0.01866935389	-0.02121635221	-0.05108663639	0.03004036243	0.002988411307	-0.003505306339	-0.01487891745	-0.06676143029	-0.06891672066	0.06487603382	-0.05757446164	0.06594753821	-0.09513180367	0.06594753821	-0.02759287712	-0.03707016959	-0.02440198059	0.07088034648	-0.0787882605	-0.01296376945	-0.01376987519	0.03624785626	-0.0753898192	-0.03848808845	-0.008627325987	0.004206315363	0.02317661159	0.004206315363	0.004243292929	0.00343383677	0.02758310564	0.001750401434	-0.02828979083	-0.01931416533	-0.006089732836	0.04099181402	0.005120193336	-0.01797860945	-0.01797860945	0.01902689386	0.01825476695	0.007676871238	-0.1391019078	-0.1529469622	-0.03977112826	-0.09622240854	-0.01282026171	-0.09622240854	-0.07930183768
chr11_2067320_C_T	-0.1448391421	-0.152175466	-0.3107737354	0.9974699835	0.8643281798	-0.3147130152	-0.3122614737	-0.3147130152	-0.3147130152	-0.1256124023	1	0.04618695879	-0.1279814114	0.7129935795	0.5524341383	0.5524341383	0.554223304	-0.5243299398	-0.5245445786	-0.06691118507	-0.07221983167	-0.1488424413	-0.1514965605	0.0947561605	0.09082035043	0.0947561605	0.0947561605	0.1243127876	0.09082035043	0.08954111742	-0.05232836473	0.002674578417	-0.0153175006	-0.1441128465	0.09082035043	0.09309425166	0.09082035043	-0.01071885521	0.08365695395	-0.01558488341	0.1055225299	0.09243654254	0.1008044731	0.1055225299	0.07167262433	0.1031723389	-0.1456703096	0.0450324655	0.0991511261	-0.1381792677	0.0991511261	-0.08931378305	0.0343180346	0.008014329324	0.05468597641	-0.1424314324	0.03293243778	0.04237167055	-0.008978205864	-0.004766185877	-0.142205907	-0.004249819028	-0.1404574434	-0.01860868554	-0.1404574434	0.02831763699	-0.007139834289	0.025066042	-0.1346347707	-0.04426362361	0.03616225213	0.03472026305	-0.1335991172	0.1186128515	0.02155809753	-0.09601214458	0.02396304302	0.01924253603	0.02396304302	-0.1052115666	-0.1028000118	-0.04342302353	0.01924253603	0.02775269017	0.02148892579	0.04997142618	-0.1060016856	-0.1604196158	0.01278273842	0.01278273842	-0.1083096998	-0.1101849195	-0.03534938581	0.04973051819	-0.05363219138	-0.0224872126	0.02582148879	-0.05451786412	0.02582148879	0.03720684291
chr11_2068717_A_G	0.07158293565	0.05039234482	0.1142275435	0.04566045328	0.04549537905	0.1154275345	0.115957189	0.1154275345	0.1154275345	-0.002203147452	0.04618695879	1	-0.001225070166	0.004889066395	0.05336786607	0.05336786607	0.05452324193	0.2230573692	0.224351582	0.1211784375	0.03947940559	0.05503180535	0.05583455286	0.298561805	0.283275776	0.298561805	0.298561805	-0.03472418311	0.283275776	0.2965680498	0.08440385552	0.03147581636	0.03460528504	0.05604220315	0.283275776	0.30199153	0.283275776	0.04913406915	0.163367082	0.05166669522	0.3246635184	0.3005809861	0.3294576859	0.3246635184	0.178421881	0.3270428843	0.05523018935	0.5194176947	0.3154819496	0.05290452522	0.3154819496	0.1114280787	0.06907560533	0.01407855395	0.04547942842	0.05290452522	0.07523363074	0.07778359703	0.04020805504	0.1156554573	0.001271073147	0.1133537586	0.0006918536347	0.05619227424	0.0006918536347	0.06451069265	-0.03962958313	0.06678956614	0.007544471558	0.04768104852	0.05207952804	0.05256492335	0.007014737254	0.09507735641	0.1990662189	0.08878307999	-0.09381362168	-0.09117050654	-0.09381362168	0.08651107317	0.08724245997	-0.002946614957	-0.09117050654	0.008202051442	-0.06731481962	0.07914233069	-0.0004720409074	0.05097584099	0.204538755	0.204538755	0.0721032354	0.07281015345	-0.05815581789	0.1706999857	0.01383398575	0.07107376791	0.2647226698	-0.0562184319	0.2647226698	0.2623255961
chr11_2068776_A_G	-0.0271841222	0.4592225045	0.3088489801	-0.1270846603	-0.1610493835	0.3059877883	0.3053793907	0.3059877883	0.3059877883	0.99246451	-0.1279814114	-0.001225070166	1	-0.106591197	-0.1728049173	-0.1728049173	-0.1745626371	0.173702747	0.1713612514	0.009122578511	-0.08027190913	-0.02047932787	-0.01472210072	-0.1515998252	-0.1356692631	-0.1515998252	-0.1515998252	0.04317444232	-0.1356692631	-0.1495394296	-0.01198997917	-0.02697341217	-0.03264683289	-0.007738665657	-0.1356692631	-0.1337614605	-0.1356692631	-0.06105206109	-0.05396439936	-0.06610667616	-0.1781369954	-0.1536813885	-0.1829294531	-0.1781369954	-0.06343384823	-0.1805184749	0.008554147112	-0.1821242982	-0.1688907409	-0.001939988236	-0.1688907409	-0.01351895764	-0.01167576717	-0.03681323473	0.03308074156	-0.001939988236	0.006128492052	-0.005204591475	-0.04376585478	-0.06176110184	0.06133983921	-0.05040278684	0.06241616754	-0.07435576346	0.06241616754	-0.01790015148	-0.01899133433	-0.01478597441	0.06720382081	-0.0596557669	-0.003484702148	-0.004291358446	0.03276748983	-0.08380203494	-0.03551028402	-0.01094903398	0.00307096725	0.02191332522	0.00307096725	0.001619112573	0.0007954431286	0.02411539732	0.000612284087	-0.03234773346	-0.02046089736	-0.01139358796	0.03761119098	0.00247274086	-0.01520727044	-0.01520727044	0.01608117006	0.01529323803	0.004738564349	-0.1361110975	-0.1469361284	-0.03589738373	-0.09396600407	-0.006510620617	-0.09396600407	-0.07713143275
chr11_2069125_TCTCCATACTCCATTTTCCACA_T	-0.0738066279	-0.1984563124	-0.3569308016	0.7105274581	0.77086891	-0.362039831	-0.3598423546	-0.362039831	-0.362039831	-0.1032172036	0.7129935795	0.004889066395	-0.106591197	1	0.6413891181	0.6413891181	0.6420061355	-0.6195966807	-0.6208116979	-0.02249338493	-0.03760445938	-0.1455954473	-0.1491157098	0.09924456655	0.09237674515	0.09924456655	0.09924456655	0.06899679846	0.09237674515	0.09442040787	-0.07014243432	0.001734985861	-0.03509342406	-0.1377786511	0.09237674515	0.08774116226	0.09237674515	-0.01388811001	0.08994395184	-0.01480359155	0.1108262709	0.09618360066	0.112935645	0.1108262709	0.07586942144	0.1077013456	-0.1386651268	0.05808872352	0.1067716312	-0.1290413293	0.1067716312	-0.09114074753	0.05557445707	-0.0124233222	0.05688653111	-0.1334884783	0.04127803928	0.05819953611	-0.01071686105	-0.007983128587	-0.118691125	-0.009614413112	-0.1163978067	-0.01499766693	-0.1163978067	0.07460763736	0.04446957336	0.06944194128	-0.09972775835	0.006066357326	0.08650817582	0.08468329102	-0.1197234289	0.03055921873	0.0229821207	-0.02692657949	0.1203921782	0.1131219371	0.1203921782	-0.03899826741	-0.0366157549	-0.04522883668	0.1131219371	0.02944446173	0.1167033209	-0.01407200281	-0.1068908125	-0.08217420284	0.01207057881	0.01207057881	-0.0432854223	-0.0453815547	-0.05153621798	0.02420760746	-0.05039334855	0.009713460627	0.001014737291	-0.0667453988	0.001014737291	0.01377831484
chr11_2070333_C_T	-0.001113416447	-0.3440202923	-0.5533032696	0.5520005447	0.6250724047	-0.5604046156	-0.560082209	-0.5604046156	-0.5604046156	-0.1682011598	0.5524341383	0.05336786607	-0.1728049173	0.6413891181	1	1	0.9951129411	-0.9457113137	-0.9500397715	0.005583385868	-0.02043221812	-0.07050069468	-0.07234644079	0.11817695	0.09906934868	0.11817695	0.11817695	0.01950390715	0.09906934868	0.1164701062	-0.04459881852	0.007885104912	-0.04106950004	-0.06975984629	0.09906934868	0.09750807487	0.09906934868	-0.03208054704	0.1055009199	-0.03121154291	0.133739063	0.1076855181	0.1311815907	0.133739063	0.1014207525	0.1292484099	-0.07132874472	0.1203074364	0.1387794871	-0.06460672782	0.1387794871	-0.01095689989	0.02892674992	-0.01903632012	0.03182441567	-0.07146037043	0.01668537214	0.03038109605	-0.0115335374	0.03474401532	-0.107617636	0.02446032276	-0.104347679	-0.0181197491	-0.104347679	0.03211231976	0.01837216929	0.02547954764	-0.105053602	-0.008620751074	0.05156717273	0.04896311834	-0.131706476	0.1041590065	0.04218441843	-0.01207944313	0.07064706235	0.06177407354	0.07064706235	-0.004914021316	-0.004226286093	-0.07293912508	0.0717356892	0.1181040509	0.08876259594	-0.0275509003	-0.1111083219	-0.06076822537	0.01251272801	0.01251272801	-0.01290122891	-0.01223067816	-0.001771517008	0.03383554637	0.01870475646	-0.01483739993	0.01628482741	-0.01704929811	0.01628482741	0.02849198121
chr11_2070570_C_T	-0.001113416447	-0.3440202923	-0.5533032696	0.5520005447	0.6250724047	-0.5604046156	-0.560082209	-0.5604046156	-0.5604046156	-0.1682011598	0.5524341383	0.05336786607	-0.1728049173	0.6413891181	1	1	0.9951129411	-0.9457113137	-0.9500397715	0.005583385868	-0.02043221812	-0.07050069468	-0.07234644079	0.11817695	0.09906934868	0.11817695	0.11817695	0.01950390715	0.09906934868	0.1164701062	-0.04459881852	0.007885104912	-0.04106950004	-0.06975984629	0.09906934868	0.09750807487	0.09906934868	-0.03208054704	0.1055009199	-0.03121154291	0.133739063	0.1076855181	0.1311815907	0.133739063	0.1014207525	0.1292484099	-0.07132874472	0.1203074364	0.1387794871	-0.06460672782	0.1387794871	-0.01095689989	0.02892674992	-0.01903632012	0.03182441567	-0.07146037043	0.01668537214	0.03038109605	-0.0115335374	0.03474401532	-0.107617636	0.02446032276	-0.104347679	-0.0181197491	-0.104347679	0.03211231976	0.01837216929	0.02547954764	-0.105053602	-0.008620751074	0.05156717273	0.04896311834	-0.131706476	0.1041590065	0.04218441843	-0.01207944313	0.07064706235	0.06177407354	0.07064706235	-0.004914021316	-0.004226286093	-0.07293912508	0.0717356892	0.1181040509	0.08876259594	-0.0275509003	-0.1111083219	-0.06076822537	0.01251272801	0.01251272801	-0.01290122891	-0.01223067816	-0.001771517008	0.03383554637	0.01870475646	-0.01483739993	0.01628482741	-0.01704929811	0.01628482741	0.02849198121
chr11_2070926_A_T	0.008599011222	-0.3382241553	-0.5481842896	0.5538125511	0.6253168755	-0.5553093336	-0.5550011379	-0.5553093336	-0.5553093336	-0.1699576279	0.554223304	0.05452324193	-0.1745626371	0.6420061355	0.9951129411	0.9951129411	1	-0.9501159341	-0.9544712699	0.008083231038	-0.02087189817	-0.06993693454	-0.071807987	0.1204987679	0.1015930517	0.1204987679	0.1204987679	0.01803067077	0.1015930517	0.1188148199	-0.04721813794	0.01142675597	-0.04343612341	-0.06965066944	0.1015930517	0.100053845	0.1015930517	-0.02943495323	0.1053045535	-0.02874526209	0.1358003978	0.1100287102	0.133217489	0.1358003978	0.1009258695	0.1313087234	-0.07118321984	0.1214256638	0.140891293	-0.06440819243	0.140891293	-0.01050551019	0.02860405163	-0.02109769647	0.02927773017	-0.07123693815	0.01660439901	0.03017372694	-0.008426627141	0.03129742771	-0.1032209024	0.02112839192	-0.09994040999	-0.01588998245	-0.09994040999	0.03192983222	0.0165247983	0.02524524744	-0.1009280854	-0.006960404143	0.05131489798	0.04870526843	-0.1274425476	0.1047550756	0.04136932261	-0.01535148309	0.06883769628	0.05997301334	0.06883769628	-0.008529806286	-0.007871048021	-0.06911625354	0.06989844194	0.1117714853	0.08667943567	-0.02196555157	-0.1066090474	-0.0642064822	0.01141990708	0.01141990708	-0.01681675193	-0.01617703606	0.00280068315	0.03675748858	0.02249287207	-0.009693253173	0.01859407803	-0.01252038782	0.01859407803	0.03077484765
chr11_2070993_T_G	0.01948213348	0.3462731994	0.5643597605	-0.5241038458	-0.5925165888	0.5717152571	0.5715855333	0.5717152571	0.5717152571	0.1689121641	-0.5243299398	0.2230573692	0.173702747	-0.6195966807	-0.9457113137	-0.9457113137	-0.9501159341	1	0.9953669411	0.03299195392	0.03483222335	0.0807573149	0.08286262906	-0.02108832614	-0.007652152254	-0.02108832614	-0.02108832614	-0.02496550843	-0.007652152254	-0.0200979592	0.07404635073	0.001554703089	0.05606422904	0.08152089728	-0.007652152254	-0.006743249329	-0.007652152254	0.04702530571	-0.05193927897	0.04714847069	-0.02748272407	-0.01022238955	-0.02340016916	-0.02748272407	-0.04278883393	-0.02232755138	0.08273394943	0.05154772329	-0.03544253421	0.07535518403	-0.03544253421	0.04598437499	-0.0006906855389	0.02794753599	-0.01305475673	0.0820120202	0.009165011775	-0.003215147638	0.02370082906	0.005010432315	0.09993947735	0.01415094976	0.09654839588	0.03609961759	0.09654839588	-0.008708373625	-0.02424866996	-0.004697904016	0.09980182474	0.0253650246	-0.02790694458	-0.02519908108	0.1254663745	-0.07180935976	0.02642629836	0.04506964819	-0.08089075319	-0.07160794091	-0.08089075319	0.03830337136	0.03790783525	0.06609149945	-0.08128350284	-0.1038816528	-0.0919731731	0.04610508475	0.1026548719	0.08272662659	0.05837301942	0.05837301942	0.04290468169	0.0425240165	-0.01234929189	0.02767156283	-0.003982680861	0.03574055818	0.07849867201	0.003101422658	0.07849867201	0.0657807032
chr11_2070994_C_T	0.01471916964	0.3421693153	0.5705629202	-0.5243006963	-0.5936427866	0.5778648115	0.5777244612	0.5778648115	0.5778648115	0.1665886396	-0.5245445786	0.224351582	0.1713612514	-0.6208116979	-0.9500397715	-0.9500397715	-0.9544712699	0.9953669411	1	0.0253391929	0.03432803447	0.07433021367	0.07642173677	-0.03022167751	-0.01630917882	-0.03022167751	-0.03022167751	-0.0263301177	-0.01630917882	-0.02916913308	0.071328341	-0.0008037767016	0.05360671572	0.07473470053	-0.01630917882	-0.01534377425	-0.01630917882	0.04422969665	-0.05590423163	0.04429860911	-0.0374301757	-0.01941981941	-0.03349754347	-0.0374301757	-0.04719629172	-0.03234970759	0.07596234335	0.03450229008	-0.04510276548	0.06865665395	-0.04510276548	0.03991331283	-0.000902739914	0.02586821346	-0.01204744917	0.0753128652	0.009144304823	-0.003309400097	0.02112340066	0.001773479488	0.09562822202	0.01098848551	0.09225256087	0.03311707734	0.09225256087	-0.008771727438	-0.02598203562	-0.001574044846	0.09534716645	0.02217968218	-0.02796763299	-0.0252746786	0.1210009148	-0.07735883208	0.01698626478	0.03853629364	-0.08239665824	-0.07313803947	-0.08239665824	0.0314512394	0.0310198885	0.06157989062	-0.08281269308	-0.1028279878	-0.09368076959	0.04198095194	0.09836522145	0.07580833733	0.04803880846	0.04803880846	0.03568803216	0.0352689416	-0.01629064688	0.02540542848	-0.01307986052	0.03331225829	0.06741422779	-0.0008269684012	0.06741422779	0.05478861088
chr11_2072504_T_C	0.01172957498	-0.01560170675	0.03392231415	-0.06944312704	-0.08952146042	0.02593135552	0.02796521267	0.02593135552	0.02593135552	0.004875906175	-0.06691118507	0.1211784375	0.009122578511	-0.02249338493	0.005583385868	0.005583385868	0.008083231038	0.03299195392	0.0253391929	1	-0.06087089155	0.4292360172	0.4250286765	0.4513904952	0.4654056585	0.4513904952	0.4513904952	0.1067417869	0.4654056585	0.4459500211	0.2046495812	0.1920803568	0.1930668896	0.45904553	0.4654056585	0.4601817276	0.4654056585	0.1508955256	0.2002929252	0.1189658871	0.4136071692	0.4246844568	0.4048715851	0.4136071692	0.1892752792	0.4126417906	0.4523187047	0.2443002	0.417542377	0.4565688485	0.417542377	0.7242199571	0.2947879772	0.02649203745	0.2791184756	0.4565688485	0.3410366092	0.3130653362	0.1980708693	0.4699353967	0.3036211081	0.4900916652	0.3013005412	0.09036470051	0.3013005412	0.2674757464	-0.03433623434	0.2598695078	0.3009780567	0.0452267294	0.2743637986	0.2730419377	0.2869857529	-0.0285456689	0.3228595141	0.6354362081	-0.08948271453	-0.08221059538	-0.08948271453	0.6535678736	0.6540271907	0.287965686	-0.09271537086	0.2620359384	-0.1283047212	-0.1890914972	0.2713412495	0.5317577765	0.2671105897	0.2671105897	0.6235419602	0.6203527224	0.1199036748	0.03379845031	0.07147541615	-0.05058541814	0.09587942255	0.110016271	0.09587942255	0.09118616773
chr11_2073182_A_G	0.006032019608	0.04283142713	0.02764034166	-0.07545993757	-0.01193774218	0.02293865439	0.02139851868	0.02293865439	0.02293865439	-0.09509861456	-0.07221983167	0.03947940559	-0.08027190913	-0.03760445938	-0.02043221812	-0.02043221812	-0.02087189817	0.03483222335	0.03432803447	-0.06087089155	1	-0.3108410402	-0.3089509098	0.1786780079	0.1734202811	0.1786780079	0.1786780079	0.2972940886	0.1734202811	0.1808218069	0.6535450889	0.5751082635	0.5760195206	-0.2724223097	0.1734202811	0.1755628067	0.1734202811	0.5481503864	-0.2920613917	0.5301128294	0.183976032	0.1917776498	0.1796342486	0.183976032	-0.3126881597	0.1818115153	-0.2698352545	0.1253479789	0.1768088909	-0.2704914324	0.1768088909	-0.1015100408	0.1227993167	0.3495020149	-0.04208588609	-0.2662120989	0.131429454	0.1281191738	0.5702906536	-0.04148820684	-0.1248760026	-0.03659390247	-0.1282778639	0.5273517608	-0.1282778639	0.1847710246	0.3966370538	0.1768308409	-0.1030187237	0.5756978205	0.1698688375	0.1766966616	-0.1069127013	-0.09841883153	0.008680047085	-0.0383270038	0.2931333732	0.284478789	0.2931333732	-0.06184113673	-0.06362902552	-0.1149396104	0.284478789	-0.0959168537	0.2389673687	-0.01053324405	-0.09861710758	0.04656843348	0.009170760316	0.009170760316	-0.06590287491	-0.06773640447	0.0341875039	0.1002186559	0.100590954	0.07149925441	0.05606100009	-0.0235060315	0.05606100009	0.05040516136
chr11_2073444_A_G	-0.06503931228	0.00281389477	0.05533443843	-0.1505117493	-0.1887788866	0.05556565437	0.05686865777	0.05556565437	0.05556565437	-0.01586061896	-0.1488424413	0.05503180535	-0.02047932787	-0.1455954473	-0.07050069468	-0.07050069468	-0.06993693454	0.0807573149	0.07433021367	0.4292360172	-0.3108410402	1	0.9963857317	0.1323893769	0.147706142	0.1323893769	0.1323893769	-0.07960003686	0.147706142	0.1359333532	-0.1813734208	-0.1750386705	-0.1524606446	0.9430577604	0.147706142	0.1511241555	0.147706142	-0.1680249051	0.2405021592	-0.1819918598	0.1214977212	0.1288217875	0.1139733762	0.1214977212	0.2289328711	0.1177505891	0.9317900224	0.06961781953	0.1295879612	0.92928391	0.1295879612	0.4905542631	-0.4759684371	-0.1402596708	-0.4307844944	0.92928391	-0.4706343867	-0.4762674116	-0.1503888343	0.007636165767	0.5148689287	0.01718752067	0.5136774917	-0.1937510159	0.5136774917	-0.4820445698	-0.103758551	-0.4754424481	0.5034409424	-0.1995567807	-0.4651036582	-0.4675956169	0.4916553736	0.4355514289	0.212991011	0.4156788296	-0.09192693237	-0.07639587306	-0.09192693237	0.4106803912	0.4132317044	0.4291675966	-0.09734926397	0.2997431116	-0.09701414486	0.1074599247	0.4648452248	0.3886445191	0.1993171006	0.1993171006	0.4035308513	0.4025109803	0.1415968057	0.1507737036	0.140767913	0.03410138226	0.1044058529	0.1788608055	0.1044058529	0.09400654764
chr11_2073476_A_C	-0.0682970867	0.004466813702	0.05737149411	-0.153150772	-0.1917513404	0.05756736627	0.05885780307	0.05756736627	0.05756736627	-0.01005952624	-0.1514965605	0.05583455286	-0.01472210072	-0.1491157098	-0.07234644079	-0.07234644079	-0.071807987	0.08286262906	0.07642173677	0.4250286765	-0.3089509098	0.9963857317	1	0.1275917814	0.1431495627	0.1275917814	0.1275917814	-0.08037569835	0.1431495627	0.1311630277	-0.1828501845	-0.1762780586	-0.1538268251	0.9392902185	0.1431495627	0.1465920544	0.1431495627	-0.1695943516	0.2385082504	-0.1835637599	0.1229670454	0.123996551	0.1154380458	0.1229670454	0.226700321	0.1192175671	0.931663686	0.07052693729	0.1310843579	0.9256250319	0.1310843579	0.48722898	-0.4760477602	-0.1413874128	-0.4337924919	0.9256250319	-0.4741382832	-0.47627166	-0.1518489758	0.004166275135	0.514853864	0.01037517426	0.5136800664	-0.1953883806	0.5136800664	-0.4855263163	-0.1047363737	-0.478992919	0.5076634831	-0.2013256824	-0.4685659812	-0.4710646576	0.4959556073	0.4397785416	0.2151337746	0.4158231608	-0.09277580883	-0.07730224361	-0.09277580883	0.4106253359	0.4131622253	0.4334106235	-0.09820072337	0.2984854923	-0.08891970397	0.1121641888	0.4694797352	0.3886696456	0.2014106843	0.2014106843	0.4033109302	0.4022854427	0.142919399	0.1468653025	0.1350055136	0.0335956153	0.1057945099	0.1800363371	0.1057945099	0.09543506275
chr11_2073913_A_G	0.004262100015	-0.09779602634	-0.05722966783	0.09368304039	0.09116851536	-0.07276519697	-0.0718833876	-0.07276519697	-0.07276519697	-0.1544702818	0.0947561605	0.298561805	-0.1515998252	0.09924456655	0.11817695	0.11817695	0.1204987679	-0.02108832614	-0.03022167751	0.4513904952	0.1786780079	0.1323893769	0.1275917814	1	0.9572950337	1	1	0.08677515599	0.9572950337	0.9944118764	0.1325319183	0.1274710933	0.133541942	0.1395532862	0.9572950337	0.9522593571	0.9572950337	0.1471560994	0.5788358706	0.141483852	0.9197097437	0.9604778076	0.9079855175	0.9197097437	0.5767621143	0.9138562888	0.1379553651	0.5752161029	0.9313291537	0.1395632067	0.9313291537	0.3153212102	0.2101084632	0.09161194428	0.204000964	0.1395632067	0.2365193345	0.179322508	0.1316941522	0.2330890208	0.09335758422	0.2818411639	0.09225116221	0.1503566694	0.09225116221	0.2257017159	0.07707578163	0.2240998007	0.1049117678	0.1384569246	0.2287963721	0.2298573995	0.0966184939	0.2391352793	0.5237524913	0.2616882159	0.05872060976	0.06070925858	0.05872060976	0.2626220242	0.2643751876	0.09619689966	0.06070925858	0.0675153583	-0.06708748445	0.101277763	0.09053035998	0.2009344169	0.4163739086	0.4163739086	0.2005167085	0.2021302458	0.01851057703	0.1802215869	0.05316201925	0.1140802563	0.2995588257	0.02065261935	0.2995588257	0.2833170732
chr11_2074576_C_A	0.00131251745	-0.09056126864	-0.04066891863	0.0896892986	0.09206647146	-0.05555171478	-0.05461412013	-0.05555171478	-0.05555171478	-0.1385414333	0.09082035043	0.283275776	-0.1356692631	0.09237674515	0.09906934868	0.09906934868	0.1015930517	-0.007652152254	-0.01630917882	0.4654056585	0.1734202811	0.147706142	0.1431495627	0.9572950337	1	0.9572950337	0.9572950337	0.07107255729	1	0.9626693845	0.1323854933	0.135335736	0.1416904524	0.1504445226	1	0.9947338494	1	0.1565737094	0.5480793187	0.1513360636	0.8918417867	0.9299822905	0.8807370329	0.8918417867	0.547152415	0.8862971912	0.14877919	0.5679310094	0.9025853428	0.1499742979	0.9025853428	0.2960760081	0.1828604624	0.09914591141	0.2138241843	0.1499742979	0.2498481334	0.1947668258	0.1405031506	0.2096003121	0.1042234492	0.2564470918	0.1030689863	0.09477307401	0.1030689863	0.1912195077	0.06729350152	0.1900405986	0.116247158	0.0795198986	0.1945971712	0.1956829937	0.1081945796	0.2614726986	0.5060707681	0.2394333106	0.04632074246	0.04861227876	0.04632074246	0.241776077	0.2435119471	0.100829051	0.04861227876	0.07503852365	-0.07218168934	0.0758272154	0.1013111105	0.1878656291	0.4033931108	0.4033931108	0.1826782347	0.1842810076	0.03739621766	0.1796174094	0.05881093188	0.1340450353	0.3164574457	0.03940405083	0.3164574457	0.3004041572
chr11_2075149_A_G	0.004262100015	-0.09779602634	-0.05722966783	0.09368304039	0.09116851536	-0.07276519697	-0.0718833876	-0.07276519697	-0.07276519697	-0.1544702818	0.0947561605	0.298561805	-0.1515998252	0.09924456655	0.11817695	0.11817695	0.1204987679	-0.02108832614	-0.03022167751	0.4513904952	0.1786780079	0.1323893769	0.1275917814	1	0.9572950337	1	1	0.08677515599	0.9572950337	0.9944118764	0.1325319183	0.1274710933	0.133541942	0.1395532862	0.9572950337	0.9522593571	0.9572950337	0.1471560994	0.5788358706	0.141483852	0.9197097437	0.9604778076	0.9079855175	0.9197097437	0.5767621143	0.9138562888	0.1379553651	0.5752161029	0.9313291537	0.1395632067	0.9313291537	0.3153212102	0.2101084632	0.09161194428	0.204000964	0.1395632067	0.2365193345	0.179322508	0.1316941522	0.2330890208	0.09335758422	0.2818411639	0.09225116221	0.1503566694	0.09225116221	0.2257017159	0.07707578163	0.2240998007	0.1049117678	0.1384569246	0.2287963721	0.2298573995	0.0966184939	0.2391352793	0.5237524913	0.2616882159	0.05872060976	0.06070925858	0.05872060976	0.2626220242	0.2643751876	0.09619689966	0.06070925858	0.0675153583	-0.06708748445	0.101277763	0.09053035998	0.2009344169	0.4163739086	0.4163739086	0.2005167085	0.2021302458	0.01851057703	0.1802215869	0.05316201925	0.1140802563	0.2995588257	0.02065261935	0.2995588257	0.2833170732
chr11_2075252_T_C	0.004262100015	-0.09779602634	-0.05722966783	0.09368304039	0.09116851536	-0.07276519697	-0.0718833876	-0.07276519697	-0.07276519697	-0.1544702818	0.0947561605	0.298561805	-0.1515998252	0.09924456655	0.11817695	0.11817695	0.1204987679	-0.02108832614	-0.03022167751	0.4513904952	0.1786780079	0.1323893769	0.1275917814	1	0.9572950337	1	1	0.08677515599	0.9572950337	0.9944118764	0.1325319183	0.1274710933	0.133541942	0.1395532862	0.9572950337	0.9522593571	0.9572950337	0.1471560994	0.5788358706	0.141483852	0.9197097437	0.9604778076	0.9079855175	0.9197097437	0.5767621143	0.9138562888	0.1379553651	0.5752161029	0.9313291537	0.1395632067	0.9313291537	0.3153212102	0.2101084632	0.09161194428	0.204000964	0.1395632067	0.2365193345	0.179322508	0.1316941522	0.2330890208	0.09335758422	0.2818411639	0.09225116221	0.1503566694	0.09225116221	0.2257017159	0.07707578163	0.2240998007	0.1049117678	0.1384569246	0.2287963721	0.2298573995	0.0966184939	0.2391352793	0.5237524913	0.2616882159	0.05872060976	0.06070925858	0.05872060976	0.2626220242	0.2643751876	0.09619689966	0.06070925858	0.0675153583	-0.06708748445	0.101277763	0.09053035998	0.2009344169	0.4163739086	0.4163739086	0.2005167085	0.2021302458	0.01851057703	0.1802215869	0.05316201925	0.1140802563	0.2995588257	0.02065261935	0.2995588257	0.2833170732
chr11_2075720_C_G	-0.06776361882	-0.04330627138	-0.05850694431	0.1249869185	0.08353124406	-0.05984139364	-0.06035323743	-0.05984139364	-0.05984139364	0.04443726234	0.1243127876	-0.03472418311	0.04317444232	0.06899679846	0.01950390715	0.01950390715	0.01803067077	-0.02496550843	-0.0263301177	0.1067417869	0.2972940886	-0.07960003686	-0.08037569835	0.08677515599	0.07107255729	0.08677515599	0.08677515599	1	0.07107255729	0.08730176207	0.3624921799	0.2273199005	0.2026498039	-0.05824954661	0.07107255729	0.07166009745	0.07107255729	0.1830415229	-0.07567866468	0.175177433	0.08034215427	0.08624722528	0.07924680451	0.08034215427	-0.08823830618	0.07979540124	-0.0574055499	0.04905582132	0.08251164216	-0.05498828445	0.08251164216	0.1213689762	0.1664818421	0.2500828858	0.1769049952	-0.05498828445	0.1623391583	0.1604111072	0.2059668242	0.09291696474	0.003056164301	0.09594013895	0.003661795784	0.1858678752	0.003661795784	0.06957003568	0.3054393675	0.06714753206	0.0105083026	0.1616550409	0.05747386752	0.0682012161	-0.002947296978	0.004419251622	0.1213827165	0.169751556	0.3250829976	0.3192402379	0.3250829976	0.1605393963	0.1605398279	0.03389691399	0.3192402379	0.1555598874	0.2649430898	-0.01661741665	0.004902994961	0.1280579509	0.117562093	0.117562093	0.1538011355	0.1538023513	0.1197634724	0.07790240396	0.04733821871	0.01970139742	-0.06452340175	0.04517959095	-0.06452340175	-0.06319083786
chr11_2075736_C_T	0.00131251745	-0.09056126864	-0.04066891863	0.0896892986	0.09206647146	-0.05555171478	-0.05461412013	-0.05555171478	-0.05555171478	-0.1385414333	0.09082035043	0.283275776	-0.1356692631	0.09237674515	0.09906934868	0.09906934868	0.1015930517	-0.007652152254	-0.01630917882	0.4654056585	0.1734202811	0.147706142	0.1431495627	0.9572950337	1	0.9572950337	0.9572950337	0.07107255729	1	0.9626693845	0.1323854933	0.135335736	0.1416904524	0.1504445226	1	0.9947338494	1	0.1565737094	0.5480793187	0.1513360636	0.8918417867	0.9299822905	0.8807370329	0.8918417867	0.547152415	0.8862971912	0.14877919	0.5679310094	0.9025853428	0.1499742979	0.9025853428	0.2960760081	0.1828604624	0.09914591141	0.2138241843	0.1499742979	0.2498481334	0.1947668258	0.1405031506	0.2096003121	0.1042234492	0.2564470918	0.1030689863	0.09477307401	0.1030689863	0.1912195077	0.06729350152	0.1900405986	0.116247158	0.0795198986	0.1945971712	0.1956829937	0.1081945796	0.2614726986	0.5060707681	0.2394333106	0.04632074246	0.04861227876	0.04632074246	0.241776077	0.2435119471	0.100829051	0.04861227876	0.07503852365	-0.07218168934	0.0758272154	0.1013111105	0.1878656291	0.4033931108	0.4033931108	0.1826782347	0.1842810076	0.03739621766	0.1796174094	0.05881093188	0.1340450353	0.3164574457	0.03940405083	0.3164574457	0.3004041572
chr11_2076798_T_C	0.0005102776456	-0.09484088128	-0.05892318057	0.08845722139	0.08696587586	-0.07436773192	-0.07348131781	-0.07436773192	-0.07436773192	-0.1524097925	0.08954111742	0.2965680498	-0.1495394296	0.09442040787	0.1164701062	0.1164701062	0.1188148199	-0.0200979592	-0.02916913308	0.4459500211	0.1808218069	0.1359333532	0.1311630277	0.9944118764	0.9626693845	0.9944118764	0.9944118764	0.08730176207	0.9626693845	1	0.1337303451	0.1284661786	0.1345727836	0.137000275	0.9626693845	0.9576046889	0.9626693845	0.1483482752	0.5817185011	0.1427324053	0.9263524534	0.9663065894	0.9148049998	0.9263524534	0.5800182253	0.9205868392	0.1353848868	0.589619482	0.9376761115	0.1369377689	0.9376761115	0.3158851073	0.2135484957	0.09256852148	0.2068399205	0.1369377689	0.2397589215	0.1828444269	0.132809934	0.2381607393	0.08793056243	0.2866871121	0.08681249922	0.1516552392	0.08681249922	0.2289902176	0.0778732775	0.2274396967	0.09963656786	0.1399306899	0.2320167822	0.233085314	0.09133446912	0.2396608517	0.5276815184	0.2627134077	0.05944908299	0.06144473849	0.05944908299	0.2638394082	0.2656020679	0.09110856534	0.06144473849	0.0708912592	-0.06574111505	0.09949798064	0.08503817489	0.2024075542	0.4212844256	0.4212844256	0.2021784642	0.2038032249	0.02093152021	0.1875674839	0.05464308418	0.117504987	0.3096293578	0.02305610998	0.3096293578	0.2933698967
chr11_2076994_T_C	0.004026096874	0.08036380913	0.04867751854	-0.05121144931	-0.05962535301	0.04579242987	0.04488307414	0.04579242987	0.04579242987	-0.0330661266	-0.05232836473	0.08440385552	-0.01198997917	-0.07014243432	-0.04459881852	-0.04459881852	-0.04721813794	0.07404635073	0.071328341	0.2046495812	0.6535450889	-0.1813734208	-0.1828501845	0.1325319183	0.1323854933	0.1325319183	0.1325319183	0.3624921799	0.1323854933	0.1337303451	1	0.8163455849	0.834756604	-0.1349738005	0.1323854933	0.1335811026	0.1323854933	0.7800916025	-0.5142905434	0.7551745832	0.1385262989	0.1412594976	0.1361602182	0.1385262989	-0.5367903199	0.1373459584	-0.1333443594	0.09729171629	0.1329724905	-0.1285592832	0.1329724905	0.2567590051	0.3485081212	0.4559991608	0.09471064564	-0.1285592832	0.3629499193	0.3592491242	0.7939929315	0.2417317181	-0.03564740978	0.2478975804	-0.03448055409	0.74590253	-0.03448055409	0.3145400594	0.2378374769	0.3096659212	-0.04812918112	0.6903091916	0.304920319	0.3095518692	-0.0540510925	-0.2295078968	0.1818552519	0.1844760939	0.06707414864	0.06334378238	0.06707414864	0.1712929812	0.1708470956	-0.04886279136	0.06334378238	-0.06199697505	0.05867973438	-0.03371179491	-0.03924336911	0.1630000057	0.1786178916	0.1786178916	0.1615969295	0.1611378444	0.04205883202	0.1291654889	0.05468090089	0.00926097641	0.02490227639	-0.03717219247	0.02490227639	0.02670399393
chr11_2077046_CCA_C	0.01525682565	0.1007277231	0.05992150071	0.003681664982	-0.002161939334	0.05738632839	0.05660657302	0.05738632839	0.05738632839	-0.03832113758	0.002674578417	0.03147581636	-0.02697341217	0.001734985861	0.007885104912	0.007885104912	0.01142675597	0.001554703089	-0.0008037767016	0.1920803568	0.5751082635	-0.1750386705	-0.1762780586	0.1274710933	0.135335736	0.1274710933	0.1274710933	0.2273199005	0.135335736	0.1284661786	0.8163455849	1	0.8689464579	-0.1286010386	0.135335736	0.1363043596	0.135335736	0.8234450697	-0.5549993648	0.7985329612	0.1386101986	0.1376351159	0.1367204479	0.1386101986	-0.5744538452	0.1376669137	-0.1272091658	0.08463349283	0.1308612384	-0.1230518636	0.1308612384	0.2313441001	0.3236012518	0.4271971495	0.0286396126	-0.1230518636	0.3424545007	0.3393154628	0.8821227524	0.2152675301	-0.03168091945	0.2206459367	-0.03066643046	0.781665877	-0.03066643046	0.3382221867	0.1811508407	0.3339567276	-0.03491320658	0.7290759927	0.3336731706	0.3330511246	-0.04175497797	-0.2632597446	0.1680504574	0.185616015	0.1739058704	0.169088983	0.1739058704	0.1756291302	0.1753221075	-0.04146164767	0.169088983	-0.09737248097	0.1572016405	-0.008309813314	-0.02100717222	0.1658696294	0.1590341438	0.1590341438	0.1626665401	0.1623382724	0.07208928155	0.1164694322	0.05056446622	0.005940790875	0.01552920044	-0.001096431858	0.01552920044	0.01713025025
chr11_2077271_C_T	-0.02334229271	0.09802997681	0.0732348927	-0.01428363564	-0.0277822009	0.07058294004	0.06977914961	0.07058294004	0.07058294004	-0.05676204353	-0.0153175006	0.03460528504	-0.03264683289	-0.03509342406	-0.04106950004	-0.04106950004	-0.04343612341	0.05606422904	0.05360671572	0.1930668896	0.5760195206	-0.1524606446	-0.1538268251	0.133541942	0.1416904524	0.133541942	0.133541942	0.2026498039	0.1416904524	0.1345727836	0.834756604	0.8689464579	1	-0.1448957127	0.1416904524	0.1426942322	0.1416904524	0.8911860176	-0.6036588656	0.8645008249	0.1441300953	0.1436154219	0.1421650887	0.1441300953	-0.6254812436	0.1431492457	-0.1434739459	0.08800386628	0.1365865043	-0.1391562874	0.1365865043	0.2473614473	0.3479455742	0.5912882253	0.09001177782	-0.1391562874	0.367340106	0.3641098404	0.9026210813	0.266301263	-0.08836952147	0.2720195316	-0.08736019349	0.8466264971	-0.08736019349	0.368991816	0.3712371482	0.364549671	-0.09131558524	0.7890276636	0.364028955	0.3633920632	-0.09841967875	-0.2920870506	0.1683603028	0.1457662901	0.1692747102	0.1644231963	0.1692747102	0.1349640554	0.134500068	-0.08983571262	0.1644231963	-0.06034049369	0.1521461511	-0.05007046827	-0.0703174185	0.1311037738	0.1586107951	0.1586107951	0.1208562893	0.1203595834	0.01474190549	0.1037159833	0.025595401	0.01138390488	-0.01638218309	-0.04191777862	-0.01638218309	-0.01453838619
chr11_2077486_A_G	-0.01838207183	0.01525441702	0.09635447598	-0.1498172079	-0.1935293828	0.09606899921	0.0972314175	0.09606899921	0.09606899921	-0.002780049838	-0.1441128465	0.05604220315	-0.007738665657	-0.1377786511	-0.06975984629	-0.06975984629	-0.06965066944	0.08152089728	0.07473470053	0.45904553	-0.2724223097	0.9430577604	0.9392902185	0.1395532862	0.1504445226	0.1395532862	0.1395532862	-0.05824954661	0.1504445226	0.137000275	-0.1349738005	-0.1286010386	-0.1448957127	1	0.1504445226	0.1540732476	0.1504445226	-0.1667367673	0.2424317296	-0.1817236354	0.125749536	0.1357852224	0.117780713	0.125749536	0.2325288432	0.1217811126	0.9857786903	0.06459944389	0.1282543283	0.9841142819	0.1282543283	0.5141271618	-0.5049492668	-0.1525042937	-0.4633089687	0.9841142819	-0.4943720652	-0.5007971747	-0.1454418557	-0.04699276712	0.622164621	-0.03684037518	0.6212736939	-0.1949929646	0.6212736939	-0.5059527212	-0.1204493629	-0.5001842943	0.6072379199	-0.2045347227	-0.4922605972	-0.4948925895	0.5920948013	0.4586540329	0.2303878558	0.4442295666	-0.1064639465	-0.09136232752	-0.1064639465	0.4398242725	0.4422926173	0.5181153442	-0.1120617272	0.2475117596	-0.1135859745	0.169324687	0.5565402845	0.4185969191	0.2195346347	0.2195346347	0.437549521	0.4365094532	0.1529814621	0.1572518922	0.1527159582	0.02968322939	0.1126939098	0.1715120234	0.1126939098	0.1098009044
chr11_2078638_T_C	0.00131251745	-0.09056126864	-0.04066891863	0.0896892986	0.09206647146	-0.05555171478	-0.05461412013	-0.05555171478	-0.05555171478	-0.1385414333	0.09082035043	0.283275776	-0.1356692631	0.09237674515	0.09906934868	0.09906934868	0.1015930517	-0.007652152254	-0.01630917882	0.4654056585	0.1734202811	0.147706142	0.1431495627	0.9572950337	1	0.9572950337	0.9572950337	0.07107255729	1	0.9626693845	0.1323854933	0.135335736	0.1416904524	0.1504445226	1	0.9947338494	1	0.1565737094	0.5480793187	0.1513360636	0.8918417867	0.9299822905	0.8807370329	0.8918417867	0.547152415	0.8862971912	0.14877919	0.5679310094	0.9025853428	0.1499742979	0.9025853428	0.2960760081	0.1828604624	0.09914591141	0.2138241843	0.1499742979	0.2498481334	0.1947668258	0.1405031506	0.2096003121	0.1042234492	0.2564470918	0.1030689863	0.09477307401	0.1030689863	0.1912195077	0.06729350152	0.1900405986	0.116247158	0.0795198986	0.1945971712	0.1956829937	0.1081945796	0.2614726986	0.5060707681	0.2394333106	0.04632074246	0.04861227876	0.04632074246	0.241776077	0.2435119471	0.100829051	0.04861227876	0.07503852365	-0.07218168934	0.0758272154	0.1013111105	0.1878656291	0.4033931108	0.4033931108	0.1826782347	0.1842810076	0.03739621766	0.1796174094	0.05881093188	0.1340450353	0.3164574457	0.03940405083	0.3164574457	0.3004041572
chr11_2078742_G_A	0.004230762319	-0.0877411802	-0.04238535097	0.09195806299	0.09469660389	-0.05718583531	-0.05624375742	-0.05718583531	-0.05718583531	-0.1366342179	0.09309425166	0.30199153	-0.1337614605	0.08774116226	0.09750807487	0.09750807487	0.100053845	-0.006743249329	-0.01534377425	0.4601817276	0.1755628067	0.1511241555	0.1465920544	0.9522593571	0.9947338494	0.9522593571	0.9522593571	0.07166009745	0.9947338494	0.9576046889	0.1335811026	0.1363043596	0.1426942322	0.1540732476	0.9947338494	1	0.9947338494	0.1577328733	0.5434780135	0.1525470709	0.8871598992	0.9250533338	0.8761152436	0.8871598992	0.5426582629	0.8816453077	0.1524047841	0.5649895168	0.8978242579	0.153551224	0.8978242579	0.2908107154	0.1743361429	0.1000697721	0.2103770856	0.153551224	0.2469623034	0.1921158352	0.141586616	0.2089361702	0.1064953813	0.2555651772	0.1053357348	0.0962664387	0.1053357348	0.1885787719	0.06812076256	0.1874502493	0.1185645627	0.08119238931	0.1860424277	0.1871288054	0.1105456474	0.267952016	0.5100727371	0.2405697995	0.02902217636	0.03156562518	0.02902217636	0.2430943906	0.2448399594	0.1032379505	0.03156562518	0.07204521812	-0.08634880683	0.08002509295	0.1035799343	0.1893900011	0.4083057231	0.4083057231	0.1844025158	0.1860166077	0.03195544317	0.1771594237	0.05432212794	0.13052445	0.3139197438	0.034049264	0.3139197438	0.2979125467
chr11_2078858_A_AT	0.00131251745	-0.09056126864	-0.04066891863	0.0896892986	0.09206647146	-0.05555171478	-0.05461412013	-0.05555171478	-0.05555171478	-0.1385414333	0.09082035043	0.283275776	-0.1356692631	0.09237674515	0.09906934868	0.09906934868	0.1015930517	-0.007652152254	-0.01630917882	0.4654056585	0.1734202811	0.147706142	0.1431495627	0.9572950337	1	0.9572950337	0.9572950337	0.07107255729	1	0.9626693845	0.1323854933	0.135335736	0.1416904524	0.1504445226	1	0.9947338494	1	0.1565737094	0.5480793187	0.1513360636	0.8918417867	0.9299822905	0.8807370329	0.8918417867	0.547152415	0.8862971912	0.14877919	0.5679310094	0.9025853428	0.1499742979	0.9025853428	0.2960760081	0.1828604624	0.09914591141	0.2138241843	0.1499742979	0.2498481334	0.1947668258	0.1405031506	0.2096003121	0.1042234492	0.2564470918	0.1030689863	0.09477307401	0.1030689863	0.1912195077	0.06729350152	0.1900405986	0.116247158	0.0795198986	0.1945971712	0.1956829937	0.1081945796	0.2614726986	0.5060707681	0.2394333106	0.04632074246	0.04861227876	0.04632074246	0.241776077	0.2435119471	0.100829051	0.04861227876	0.07503852365	-0.07218168934	0.0758272154	0.1013111105	0.1878656291	0.4033931108	0.4033931108	0.1826782347	0.1842810076	0.03739621766	0.1796174094	0.05881093188	0.1340450353	0.3164574457	0.03940405083	0.3164574457	0.3004041572
chr11_2080612_C_T	0.004721387499	0.06952338982	0.0526825621	-0.009537146639	-0.01037460004	0.04970847763	0.04877389029	0.04970847763	0.04970847763	-0.08263250439	-0.01071885521	0.04913406915	-0.06105206109	-0.01388811001	-0.03208054704	-0.03208054704	-0.02943495323	0.04702530571	0.04422969665	0.1508955256	0.5481503864	-0.1680249051	-0.1695943516	0.1471560994	0.1565737094	0.1471560994	0.1471560994	0.1830415229	0.1565737094	0.1483482752	0.7800916025	0.8234450697	0.8911860176	-0.1667367673	0.1565737094	0.1577328733	0.1565737094	1	-0.677337753	0.9699474293	0.1535193706	0.1560092276	0.1511847626	0.1535193706	-0.7056060262	0.1523543899	-0.1820305217	0.08444800312	0.1477889832	-0.1771247825	0.1477889832	0.2675883347	0.4003147601	0.685710657	0.1236696763	-0.1771247825	0.4209808574	0.4173127244	0.9325249352	0.2971608799	-0.1104508497	0.3036519095	-0.1093101255	0.9497404592	-0.1093101255	0.4158915488	0.3565229118	0.4108370381	-0.1154391663	0.8808764843	0.4102978964	0.4095706217	-0.1218144432	-0.3395700792	0.1882669694	0.1160014829	0.1824867724	0.177103229	0.1824867724	0.1021132106	0.1014286736	-0.1153256432	0.177103229	-0.07499686958	0.1571014961	-0.07440914543	-0.09359943296	0.09860110134	0.1769727293	0.1769727293	0.08537578004	0.08464251712	0.04521859394	0.107472583	-0.01846966889	-0.060111629	0.005129223581	-0.02100552047	0.005129223581	0.00709704506
chr11_2081637_C_CT	-0.03499031523	-0.1341666252	-0.09508766775	0.08187134986	0.07587260562	-0.1033820155	-0.101947641	-0.1033820155	-0.1033820155	-0.03909047356	0.08365695395	0.163367082	-0.05396439936	0.08994395184	0.1055009199	0.1055009199	0.1053045535	-0.05193927897	-0.05590423163	0.2002929252	-0.2920613917	0.2405021592	0.2385082504	0.5788358706	0.5480793187	0.5788358706	0.5788358706	-0.07567866468	0.5480793187	0.5817185011	-0.5142905434	-0.5549993648	-0.6036588656	0.2424317296	0.5480793187	0.5434780135	0.5480793187	-0.677337753	1	-0.6914996338	0.5272723412	0.5680109543	0.5212287415	0.5272723412	0.955722067	0.5242539285	0.2532431877	0.3411349816	0.5392814887	0.2500658399	0.5392814887	-0.007981456463	-0.1600582676	-0.512325463	0.04736360653	0.2500658399	-0.1940082564	-0.2045408694	-0.6365672929	-0.08267860346	0.1558315098	-0.05407410975	0.1540473153	-0.6613127131	0.1540473153	-0.149158076	-0.2290207193	-0.1415052953	0.1690222322	-0.5928182374	-0.1428440604	-0.1414273054	0.1681479207	0.4191535783	0.2093520158	0.1330686795	-0.1072309252	-0.1012672174	-0.1072309252	0.111154037	0.1130360892	0.1688167007	-0.1012672174	0.1218589874	-0.1725309622	0.1214613195	0.1457663671	0.1063741403	0.1441908832	0.1441908832	0.08241550111	0.08424581878	0.0001529320646	0.03854321305	0.07603030797	0.1581865308	0.2109797407	0.04834304372	0.2109797407	0.1978118945
chr11_2081917_A_G	0.02092293703	0.05673022969	0.05452832117	-0.01438364058	-0.005380942139	0.05149525149	0.05054303028	0.05149525149	0.05149525149	-0.08715648803	-0.01558488341	0.05166669522	-0.06610667616	-0.01480359155	-0.03121154291	-0.03121154291	-0.02874526209	0.04714847069	0.04429860911	0.1189658871	0.5301128294	-0.1819918598	-0.1835637599	0.141483852	0.1513360636	0.141483852	0.141483852	0.175177433	0.1513360636	0.1427324053	0.7551745832	0.7985329612	0.8645008249	-0.1817236354	0.1513360636	0.1525470709	0.1513360636	0.9699474293	-0.6914996338	1	0.1466460351	0.1500553872	0.1441743408	0.1466460351	-0.6854427743	0.1454129692	-0.1966350244	0.08674583475	0.1414105152	-0.1916390919	0.1414105152	0.2645015718	0.4105867773	0.722953895	0.1441854725	-0.1916390919	0.4314367971	0.427704214	0.9045765085	0.3004704087	-0.1198584102	0.3070802813	-0.1187014872	0.962433709	-0.1187014872	0.4046189003	0.3581603034	0.3886690354	-0.1251311684	0.8603067317	0.3991768625	0.3984243502	-0.1313871434	-0.3329516939	0.1871332763	0.0935644324	0.1904763083	0.1849277081	0.1904763083	0.07909937863	0.07832562103	-0.1251861372	0.1849277081	-0.07231580703	0.1627716347	-0.06147063438	-0.1033232281	0.0754740621	0.1753386368	0.1753386368	0.06170678706	0.06087778243	0.03332431684	0.1045989427	-0.01477897244	-0.05730603873	0.0003018822764	-0.02452087952	0.0003018822764	0.002335054046
chr11_2082423_C_T	0.03757708491	-0.06737544658	-0.04238732793	0.1045420652	0.101008677	-0.05910987888	-0.05828812894	-0.05910987888	-0.05910987888	-0.1810166316	0.1055225299	0.3246635184	-0.1781369954	0.1108262709	0.133739063	0.133739063	0.1358003978	-0.02748272407	-0.0374301757	0.4136071692	0.183976032	0.1214977212	0.1229670454	0.9197097437	0.8918417867	0.9197097437	0.9197097437	0.08034215427	0.8918417867	0.9263524534	0.1385262989	0.1386101986	0.1441300953	0.125749536	0.8918417867	0.8871598992	0.8918417867	0.1535193706	0.5272723412	0.1466460351	1	0.9368156555	0.9875093123	1	0.5542819627	0.9937634724	0.1242621726	0.6359373014	0.9635989835	0.1265494239	0.9635989835	0.3414510906	0.2454930369	0.1079523464	0.1888775276	0.1265494239	0.2421163662	0.2406397838	0.1402106022	0.2816020138	0.08840977465	0.2774440066	0.08738699825	0.1547073743	0.08738699825	0.2369510402	0.08459701224	0.2346726286	0.09908050062	0.1583996917	0.2208644817	0.2218521021	0.09043478582	0.2852836758	0.5899230746	0.3022715782	0.06930310365	0.07094116551	0.06930310365	0.3208046255	0.3226636437	0.08906542505	0.07094116551	0.1066441519	0.08403354691	0.09882770367	0.07752053561	0.223023625	0.4765179588	0.4765179588	0.2538558986	0.2555692629	0.00469392915	0.2134018745	0.07317741785	0.1227914227	0.3470847248	-0.001456134391	0.3470847248	0.3300629689
chr11_2082702_C_CA	-0.005554418518	-0.06826316844	-0.04319000514	0.09136866761	0.08846030929	-0.0588355943	-0.0579504761	-0.0588355943	-0.0588355943	-0.156552033	0.09243654254	0.3005809861	-0.1536813885	0.09618360066	0.1076855181	0.1076855181	0.1100287102	-0.01022238955	-0.01941981941	0.4246844568	0.1917776498	0.1288217875	0.123996551	0.9604778076	0.9299822905	0.9604778076	0.9604778076	0.08624722528	0.9299822905	0.9663065894	0.1412594976	0.1376351159	0.1436154219	0.1357852224	0.9299822905	0.9250533338	0.9299822905	0.1560092276	0.5680109543	0.1500553872	0.9368156555	1	0.9251340762	0.9368156555	0.581697991	0.9309830788	0.1341903519	0.5961972715	0.9016110194	0.1358506848	0.9016110194	0.2962135393	0.2066481662	0.1041099737	0.2011462799	0.1358506848	0.2458029873	0.2009361322	0.1412096422	0.233930095	0.09883040295	0.2829289705	0.09773567785	0.1587815938	0.09773567785	0.2473484559	0.07627451115	0.2456848496	0.1102319446	0.1460976715	0.2317125813	0.232769659	0.1019472951	0.2448329726	0.5366202662	0.2669671468	0.0579883083	0.05996995997	0.0579883083	0.2677258716	0.2694887213	0.0937060458	0.05996995997	0.05761604564	-0.05238015638	0.115141186	0.08816073692	0.1994562132	0.4292343999	0.4292343999	0.2052540976	0.2068769858	0.02409460505	0.1928283112	0.05781612925	0.124755068	0.3150114442	0.01823086434	0.3150114442	0.2986461926
chr11_2083709_C_T	0.03150770483	-0.06489363313	-0.038696019	0.0998349608	0.09545659959	-0.05563922012	-0.0548269598	-0.05563922012	-0.05563922012	-0.1858122621	0.1008044731	0.3294576859	-0.1829294531	0.112935645	0.1311815907	0.1311815907	0.133217489	-0.02340016916	-0.03349754347	0.4048715851	0.1796342486	0.1139733762	0.1154380458	0.9079855175	0.8807370329	0.9079855175	0.9079855175	0.07924680451	0.8807370329	0.9148049998	0.1361602182	0.1367204479	0.1421650887	0.117780713	0.8807370329	0.8761152436	0.8807370329	0.1511847626	0.5212287415	0.1441743408	0.9875093123	0.9251340762	1	0.9875093123	0.5477105979	0.9937056286	0.1162993343	0.6438986726	0.9513037246	0.1187054573	0.9513037246	0.3342690266	0.2452933378	0.1061570234	0.1897158732	0.1187054573	0.2354992034	0.2405340281	0.1380433563	0.2777627753	0.08343258677	0.2736614564	0.08242065398	0.1521304143	0.08242065398	0.2368698733	0.08304418191	0.2344713743	0.09400925019	0.1555823095	0.220664373	0.2216401635	0.08527177096	0.2848330881	0.5737979882	0.2940590754	0.06790745776	0.06952931891	0.06790745776	0.3123273834	0.3141485944	0.08381993413	0.06952931891	0.106752525	0.08250164418	0.08993863543	0.07247149306	0.2135278247	0.4576149545	0.4576149545	0.2442354021	0.245905589	-0.0005777569588	0.2088093104	0.07025933896	0.1156853119	0.3398918034	-0.006765614283	0.3398918034	0.3228097329
chr11_2084014_C_T	0.03757708491	-0.06737544658	-0.04238732793	0.1045420652	0.101008677	-0.05910987888	-0.05828812894	-0.05910987888	-0.05910987888	-0.1810166316	0.1055225299	0.3246635184	-0.1781369954	0.1108262709	0.133739063	0.133739063	0.1358003978	-0.02748272407	-0.0374301757	0.4136071692	0.183976032	0.1214977212	0.1229670454	0.9197097437	0.8918417867	0.9197097437	0.9197097437	0.08034215427	0.8918417867	0.9263524534	0.1385262989	0.1386101986	0.1441300953	0.125749536	0.8918417867	0.8871598992	0.8918417867	0.1535193706	0.5272723412	0.1466460351	1	0.9368156555	0.9875093123	1	0.5542819627	0.9937634724	0.1242621726	0.6359373014	0.9635989835	0.1265494239	0.9635989835	0.3414510906	0.2454930369	0.1079523464	0.1888775276	0.1265494239	0.2421163662	0.2406397838	0.1402106022	0.2816020138	0.08840977465	0.2774440066	0.08738699825	0.1547073743	0.08738699825	0.2369510402	0.08459701224	0.2346726286	0.09908050062	0.1583996917	0.2208644817	0.2218521021	0.09043478582	0.2852836758	0.5899230746	0.3022715782	0.06930310365	0.07094116551	0.06930310365	0.3208046255	0.3226636437	0.08906542505	0.07094116551	0.1066441519	0.08403354691	0.09882770367	0.07752053561	0.223023625	0.4765179588	0.4765179588	0.2538558986	0.2555692629	0.00469392915	0.2134018745	0.07317741785	0.1227914227	0.3470847248	-0.001456134391	0.3470847248	0.3300629689
chr11_2084913_T_C	0.007406126529	-0.09218938544	-0.06695103488	0.06995030703	0.06797598545	-0.07588606486	-0.07449259803	-0.07588606486	-0.07588606486	-0.04788727545	0.07167262433	0.178421881	-0.06343384823	0.07586942144	0.1014207525	0.1014207525	0.1009258695	-0.04278883393	-0.04719629172	0.1892752792	-0.3126881597	0.2289328711	0.226700321	0.5767621143	0.547152415	0.5767621143	0.5767621143	-0.08823830618	0.547152415	0.5800182253	-0.5367903199	-0.5744538452	-0.6254812436	0.2325288432	0.547152415	0.5426582629	0.547152415	-0.7056060262	0.955722067	-0.6854427743	0.5542819627	0.581697991	0.5477105979	0.5542819627	1	0.5510003484	0.243876802	0.363502576	0.5335687359	0.2411437361	0.5335687359	0.002163956991	-0.1788917456	-0.486064288	0.04389170492	0.2411437361	-0.1582113096	-0.1967931871	-0.6610586383	-0.06483830618	0.1575894631	-0.03460843894	0.1558813659	-0.6627725282	0.1558813659	-0.1620413625	-0.2373162457	-0.1591880449	0.1697691977	-0.6159494294	-0.1687603612	-0.1674172288	0.1689734205	0.4563937823	0.2377959317	0.0908233401	-0.1083495488	-0.1025464966	-0.1083495488	0.116114689	0.1179515127	0.1576743783	-0.1025464966	0.1022309181	-0.167613623	0.1372375156	0.1361487041	0.0558411176	0.1692703502	0.1692703502	0.08443294775	0.08620865597	-0.02310452842	0.05445540036	0.05440417858	0.1335895749	0.2256690851	0.02669642332	0.2256690851	0.2122491593
chr11_2086132_G_A	0.03455574953	-0.07041788008	-0.04054940037	0.1021973447	0.09824350656	-0.05738142493	-0.05656441435	-0.05738142493	-0.05738142493	-0.1833996318	0.1031723389	0.3270428843	-0.1805184749	0.1077013456	0.1292484099	0.1292484099	0.1313087234	-0.02232755138	-0.03234970759	0.4126417906	0.1818115153	0.1177505891	0.1192175671	0.9138562888	0.8862971912	0.9138562888	0.9138562888	0.07979540124	0.8862971912	0.9205868392	0.1373459584	0.1376669137	0.1431492457	0.1217811126	0.8862971912	0.8816453077	0.8862971912	0.1523543899	0.5242539285	0.1454129692	0.9937634724	0.9309830788	0.9937056286	0.9937634724	0.5510003484	1	0.1202967577	0.6398866058	0.9574604522	0.1226431222	0.9574604522	0.3411247093	0.2486704638	0.107056676	0.192688472	0.1226431222	0.2388182751	0.2438930257	0.1391291827	0.2828151806	0.08593096692	0.2786947328	0.0849136078	0.1534217572	0.0849136078	0.2401897933	0.08382249676	0.2378503685	0.09655466447	0.1569943479	0.2240001977	0.2249837949	0.08786345578	0.2850536579	0.586310704	0.30149659	0.06860712427	0.07023709031	0.06860712427	0.3199072956	0.3217575676	0.0864530765	0.07023709031	0.1101170304	0.08326945796	0.09440184243	0.07500618796	0.221658861	0.4717847519	0.4717847519	0.2524348757	0.2541375663	0.002070250929	0.2163772084	0.07819330139	0.1266867051	0.3502340233	-0.004098497182	0.3502340233	0.333145531
chr11_2087220_T_C	-0.02645937966	0.0227580597	0.0978670835	-0.1471481604	-0.1905296664	0.09761043204	0.09878681336	0.09761043204	0.09761043204	0.01359764737	-0.1456703096	0.05523018935	0.008554147112	-0.1386651268	-0.07132874472	-0.07132874472	-0.07118321984	0.08273394943	0.07596234335	0.4523187047	-0.2698352545	0.9317900224	0.931663686	0.1379553651	0.14877919	0.1379553651	0.1379553651	-0.0574055499	0.14877919	0.1353848868	-0.1333443594	-0.1272091658	-0.1434739459	0.9857786903	0.14877919	0.1524047841	0.14877919	-0.1820305217	0.2532431877	-0.1966350244	0.1242621726	0.1341903519	0.1162993343	0.1242621726	0.243876802	0.1202967577	1	0.07361179482	0.1267247656	0.9911464406	0.1267247656	0.5103919713	-0.515274823	-0.151368364	-0.4638804295	0.9911464406	-0.5048650096	-0.5112795614	-0.1618269992	-0.05367743745	0.6266615031	-0.04358201776	0.6257577448	-0.2096767638	0.6257577448	-0.5128939627	-0.1194839691	-0.5070571652	0.6161427937	-0.2180730691	-0.499092741	-0.5017236181	0.6009973002	0.4718124074	0.2282330471	0.4440200614	-0.1056253823	-0.09047258038	-0.1056253823	0.4398156422	0.4422973095	0.5267945548	-0.1112192849	0.2485460779	-0.1126187712	0.1816788894	0.5653063696	0.4149320423	0.2174394197	0.2174394197	0.4341256541	0.4330798802	0.1381511276	0.149880479	0.1549731272	0.04600451658	0.1113012575	0.1658314895	0.1113012575	0.1083891269
chr11_2087727_T_G	0.08578534343	-0.08274918671	-0.002641513064	0.0444195232	0.06414406877	-0.00106381905	-0.0005395427233	-0.00106381905	-0.00106381905	-0.1843136203	0.0450324655	0.5194176947	-0.1821242982	0.05808872352	0.1203074364	0.1203074364	0.1214256638	0.05154772329	0.03450229008	0.2443002	0.1253479789	0.06961781953	0.07052693729	0.5752161029	0.5679310094	0.5752161029	0.5752161029	0.04905582132	0.5679310094	0.589619482	0.09729171629	0.08463349283	0.08800386628	0.06459944389	0.5679310094	0.5649895168	0.5679310094	0.08444800312	0.3411349816	0.08674583475	0.6359373014	0.5961972715	0.6438986726	0.6359373014	0.363502576	0.6398866058	0.07361179482	1	0.6207349773	0.07093563839	0.6207349773	0.2177172009	0.1636353584	0.07452646374	0.1355168752	0.07093563839	0.1576409914	0.1607932974	0.07578034999	0.1812414643	0.04394185356	0.1787301656	0.0433091074	0.09169541886	0.0433091074	0.1486709213	0.03629473841	0.1317604222	0.05059411656	0.08569174783	0.1370447033	0.1376490033	0.05023677028	0.1993957578	0.3781270046	0.1751511733	0.02498308444	0.02621902414	0.02498308444	0.1864394388	0.1875458627	0.0424595479	0.02621902414	0.07435675416	0.03645996408	0.1384106061	0.04227279848	0.1779950364	0.3985028459	0.3985028459	0.1887028503	0.189857442	0.0410860765	0.2846179673	0.1150225661	0.1753846827	0.4775845598	0.05427742242	0.4775845598	0.4539673514
chr11_2087911_T_C	0.02141132075	-0.1140789908	-0.06863988587	0.09813739594	0.09755974621	-0.07857315632	-0.07774070724	-0.07857315632	-0.07857315632	-0.1717655374	0.0991511261	0.3154819496	-0.1688907409	0.1067716312	0.1387794871	0.1387794871	0.140891293	-0.03544253421	-0.04510276548	0.417542377	0.1768088909	0.1295879612	0.1310843579	0.9313291537	0.9025853428	0.9313291537	0.9313291537	0.08251164216	0.9025853428	0.9376761115	0.1329724905	0.1308612384	0.1365865043	0.1282543283	0.9025853428	0.8978242579	0.9025853428	0.1477889832	0.5392814887	0.1414105152	0.9635989835	0.9016110194	0.9513037246	0.9635989835	0.5335687359	0.9574604522	0.1267247656	0.6207349773	1	0.1287756031	1	0.3555901053	0.2588319689	0.09764128676	0.2006223294	0.1287756031	0.2292881164	0.2280078111	0.1335451124	0.2769652995	0.08198643217	0.2726587825	0.08092879521	0.1497798388	0.08092879521	0.2243743176	0.08765900141	0.222333674	0.09306540725	0.1545669874	0.2276925058	0.2287072975	0.08449799232	0.2670842934	0.5783201249	0.3054192304	0.07205202037	0.07372237872	0.07205202037	0.3049119899	0.3067466342	0.09147046837	0.07372237872	0.1198638863	0.07051442532	0.09754389666	0.07924377891	0.2350295772	0.4677336218	0.4677336218	0.2397281553	0.2414202748	0.006697944683	0.2121435882	0.06623915307	0.1221419534	0.3349002987	0.008878560722	0.3349002987	0.3181330191
chr11_2088229_C_T	-0.02177405704	0.01636581397	0.09249446749	-0.1396844274	-0.1820091657	0.09232395081	0.09352360257	0.09232395081	0.09232395081	0.002988411307	-0.1381792677	0.05290452522	-0.001939988236	-0.1290413293	-0.06460672782	-0.06460672782	-0.06440819243	0.07535518403	0.06865665395	0.4565688485	-0.2704914324	0.92928391	0.9256250319	0.1395632067	0.1499742979	0.1395632067	0.1395632067	-0.05498828445	0.1499742979	0.1369377689	-0.1285592832	-0.1230518636	-0.1391562874	0.9841142819	0.1499742979	0.153551224	0.1499742979	-0.1771247825	0.2500658399	-0.1916390919	0.1265494239	0.1358506848	0.1187054573	0.1265494239	0.2411437361	0.1226431222	0.9911464406	0.07093563839	0.1287756031	1	0.1287756031	0.5156936082	-0.5139689268	-0.1477258054	-0.4574450903	0.9928597662	-0.4968550035	-0.5031143148	-0.15729804	-0.04013295477	0.6214388547	-0.03014452007	0.620496822	-0.2044478221	0.620496822	-0.5048504376	-0.1164363666	-0.4988818673	0.6070100714	-0.2124836425	-0.4911541941	-0.4937554062	0.5917675672	0.4691701692	0.2310644066	0.4535416114	-0.1029685056	-0.08776697024	-0.1029685056	0.4498993512	0.4524390875	0.5179877809	-0.1085233092	0.2589495328	-0.1096026855	0.1643059149	0.5554735206	0.4250883754	0.2210297424	0.2210297424	0.4448264474	0.4438412421	0.1362607234	0.1502557207	0.1563699541	0.03715515466	0.1072255429	0.1640469261	0.1072255429	0.1185607657
chr11_2089861_A_G	0.02141132075	-0.1140789908	-0.06863988587	0.09813739594	0.09755974621	-0.07857315632	-0.07774070724	-0.07857315632	-0.07857315632	-0.1717655374	0.0991511261	0.3154819496	-0.1688907409	0.1067716312	0.1387794871	0.1387794871	0.140891293	-0.03544253421	-0.04510276548	0.417542377	0.1768088909	0.1295879612	0.1310843579	0.9313291537	0.9025853428	0.9313291537	0.9313291537	0.08251164216	0.9025853428	0.9376761115	0.1329724905	0.1308612384	0.1365865043	0.1282543283	0.9025853428	0.8978242579	0.9025853428	0.1477889832	0.5392814887	0.1414105152	0.9635989835	0.9016110194	0.9513037246	0.9635989835	0.5335687359	0.9574604522	0.1267247656	0.6207349773	1	0.1287756031	1	0.3555901053	0.2588319689	0.09764128676	0.2006223294	0.1287756031	0.2292881164	0.2280078111	0.1335451124	0.2769652995	0.08198643217	0.2726587825	0.08092879521	0.1497798388	0.08092879521	0.2243743176	0.08765900141	0.222333674	0.09306540725	0.1545669874	0.2276925058	0.2287072975	0.08449799232	0.2670842934	0.5783201249	0.3054192304	0.07205202037	0.07372237872	0.07205202037	0.3049119899	0.3067466342	0.09147046837	0.07372237872	0.1198638863	0.07051442532	0.09754389666	0.07924377891	0.2350295772	0.4677336218	0.4677336218	0.2397281553	0.2414202748	0.006697944683	0.2121435882	0.06623915307	0.1221419534	0.3349002987	0.008878560722	0.3349002987	0.3181330191
chr11_2090336_T_G	0.05139530576	0.006168068479	0.01829202989	-0.08817222511	-0.1449001807	0.01532456813	0.01771311448	0.01532456813	0.01532456813	-0.01866935389	-0.08931378305	0.1114280787	-0.01351895764	-0.09114074753	-0.01095689989	-0.01095689989	-0.01050551019	0.04598437499	0.03991331283	0.7242199571	-0.1015100408	0.4905542631	0.48722898	0.3153212102	0.2960760081	0.3153212102	0.3153212102	0.1213689762	0.2960760081	0.3158851073	0.2567590051	0.2313441001	0.2473614473	0.5141271618	0.2960760081	0.2908107154	0.2960760081	0.2675883347	-0.007981456463	0.2645015718	0.3414510906	0.2962135393	0.3342690266	0.3414510906	0.002163956991	0.3411247093	0.5103919713	0.2177172009	0.3555901053	0.5156936082	0.3555901053	1	0.3641848755	0.1982752284	0.2797671416	0.5156936082	0.3553449214	0.3582639627	0.250598529	0.5716630057	0.335975743	0.5595451626	0.3375017789	0.2722794232	0.3375017789	0.2859262638	0.02856325621	0.277450353	0.3009706335	0.2042839964	0.2887913831	0.287979054	0.2912963834	-0.0662885462	0.315700098	0.5874401686	-0.01970494015	-0.01229681882	-0.01970494015	0.6069597027	0.6077935356	0.2173257523	-0.03246604274	0.3510966179	-0.00121913974	-0.1852703637	0.2734615239	0.5311602655	0.2775853843	0.2775853843	0.5826461001	0.5799942193	0.06806278903	0.01362047747	-0.004799815891	-0.1100015617	0.08504696182	0.06464427597	0.08504696182	0.07966675113
chr11_2090456_T_G	0.03713655461	-0.03682781377	-0.0458057279	0.03721313105	0.05346765954	-0.04934488411	-0.04832092762	-0.04934488411	-0.04934488411	-0.02121635221	0.0343180346	0.06907560533	-0.01167576717	0.05557445707	0.02892674992	0.02892674992	0.02860405163	-0.0006906855389	-0.000902739914	0.2947879772	0.1227993167	-0.4759684371	-0.4760477602	0.2101084632	0.1828604624	0.2101084632	0.2101084632	0.1664818421	0.1828604624	0.2135484957	0.3485081212	0.3236012518	0.3479455742	-0.5049492668	0.1828604624	0.1743361429	0.1828604624	0.4003147601	-0.1600582676	0.4105867773	0.2454930369	0.2066481662	0.2452933378	0.2454930369	-0.1788917456	0.2486704638	-0.515274823	0.1636353584	0.2588319689	-0.5139689268	0.2588319689	0.3641848755	1	0.3126383154	0.8687655254	-0.5069732724	0.936689832	0.9656335107	0.3670885623	0.6954549941	-0.310537699	0.6749958622	-0.3078220222	0.4289171558	-0.3078220222	0.9042403378	0.1343931369	0.9023694884	-0.3300054628	0.3751190192	0.8920784985	0.8936522668	-0.3247752315	-0.6235502609	0.1081635261	0.2367236062	0.07830209713	0.07023783552	0.07830209713	0.2312808319	0.2295837007	-0.3159248139	0.07023783552	0.0723253397	0.09736254337	-0.4201307467	-0.3040481428	0.2081899647	0.07530743879	0.07530743879	0.2083102734	0.2065488834	-0.05508077003	-0.1097237039	-0.07758559007	-0.09024069724	-0.01888893091	-0.08645976144	-0.01888893091	-0.03495597215
chr11_2093065_C_T	0.01606392694	-0.00722389466	0.01723993714	0.008905315595	0.018845453	0.01505895682	0.01434950663	0.01505895682	0.01505895682	-0.05108663639	0.008014329324	0.01407855395	-0.03681323473	-0.0124233222	-0.01903632012	-0.01903632012	-0.02109769647	0.02794753599	0.02586821346	0.02649203745	0.3495020149	-0.1402596708	-0.1413874128	0.09161194428	0.09914591141	0.09161194428	0.09161194428	0.2500828858	0.09914591141	0.09256852148	0.4559991608	0.4271971495	0.5912882253	-0.1525042937	0.09914591141	0.1000697721	0.09914591141	0.685710657	-0.512325463	0.722953895	0.1079523464	0.1041099737	0.1061570234	0.1079523464	-0.486064288	0.107056676	-0.151368364	0.07452646374	0.09764128676	-0.1477258054	0.09764128676	0.1982752284	0.3126383154	1	0.3456251597	-0.1477258054	0.3314074552	0.3287329248	0.5549758864	0.2477463613	-0.1090732707	0.2455785203	-0.1082466599	0.6963613513	-0.1082466599	0.305317829	0.5062868989	0.2941583818	-0.1083366096	0.6120884618	0.3012113695	0.3006679042	-0.1173217183	-0.2387043652	0.1544821529	-0.009280207879	0.2816620907	0.2756722128	0.2816620907	-0.01656068167	-0.01735101208	-0.1038957982	0.2756722128	0.02561128372	0.2588261632	0.03612353745	-0.08840900676	-0.02358851842	0.1469236319	0.1469236319	-0.03023482483	-0.03108204231	-0.05099335113	0.03907590059	-0.08018522737	-0.08289952732	-0.0687381716	-0.03337656896	-0.0687381716	-0.06687486208
chr11_2093603_C_A	0.03729922761	-0.06802377207	-0.06164637243	0.05717491927	0.07251306878	-0.06401727626	-0.06254107771	-0.06401727626	-0.06401727626	0.03004036243	0.05468597641	0.04547942842	0.03308074156	0.05688653111	0.03182441567	0.03182441567	0.02927773017	-0.01305475673	-0.01204744917	0.2791184756	-0.04208588609	-0.4307844944	-0.4337924919	0.204000964	0.2138241843	0.204000964	0.204000964	0.1769049952	0.2138241843	0.2068399205	0.09471064564	0.0286396126	0.09001177782	-0.4633089687	0.2138241843	0.2103770856	0.2138241843	0.1236696763	0.04736360653	0.1441854725	0.1888775276	0.2011462799	0.1897158732	0.1888775276	0.04389170492	0.192688472	-0.4638804295	0.1355168752	0.2006223294	-0.4574450903	0.2006223294	0.2797671416	0.8687655254	0.3456251597	1	-0.4574450903	0.8822845604	0.8783605409	0.06738539401	0.6120227062	-0.2859641368	0.6185981942	-0.2836642506	0.1318555329	-0.2836642506	0.8184748214	0.1422097824	0.8045366193	-0.3007401595	0.08618945631	0.8039640337	0.8059479179	-0.2956143534	-0.5468625288	0.0461911415	0.1415510135	0.0716193403	0.06467311933	0.0716193403	0.1443199633	0.1427108702	-0.287437969	0.06467311933	0.1123932275	0.03173161386	-0.3783594072	-0.2760947601	0.1261794217	0.01812543548	0.01812543548	0.1272254162	0.1255599826	-0.09787634254	-0.1769403029	-0.1252663321	-0.09673724781	-0.05740975591	-0.08367454102	-0.05740975591	-0.06022740543
chr11_2093897_G_A	-0.02558870101	0.01180518875	0.09249446749	-0.1439397231	-0.1859067929	0.09232395081	0.09352360257	0.09232395081	0.09232395081	0.002988411307	-0.1424314324	0.05290452522	-0.001939988236	-0.1334884783	-0.07146037043	-0.07146037043	-0.07123693815	0.0820120202	0.0753128652	0.4565688485	-0.2662120989	0.92928391	0.9256250319	0.1395632067	0.1499742979	0.1395632067	0.1395632067	-0.05498828445	0.1499742979	0.1369377689	-0.1285592832	-0.1230518636	-0.1391562874	0.9841142819	0.1499742979	0.153551224	0.1499742979	-0.1771247825	0.2500658399	-0.1916390919	0.1265494239	0.1358506848	0.1187054573	0.1265494239	0.2411437361	0.1226431222	0.9911464406	0.07093563839	0.1287756031	0.9928597662	0.1287756031	0.5156936082	-0.5069732724	-0.1477258054	-0.4574450903	1	-0.4968550035	-0.5031143148	-0.15729804	-0.04013295477	0.6214388547	-0.03014452007	0.620496822	-0.2044478221	0.620496822	-0.5048504376	-0.1164363666	-0.4988818673	0.6070100714	-0.2124836425	-0.4911541941	-0.4937554062	0.5917675672	0.4691701692	0.2263485153	0.4570783424	-0.1029685056	-0.08776697024	-0.1029685056	0.4534465138	0.4559970226	0.5265410071	-0.1085233092	0.255303211	-0.1096026855	0.1643059149	0.5643472426	0.4286755046	0.2160374082	0.2160374082	0.4484204224	0.4474467805	0.1452639559	0.1502557207	0.1529221893	0.03715515466	0.1072255429	0.1729314012	0.1072255429	0.1042807609
chr11_2094303_C_T	0.06667992777	0.01756212443	-0.01221561121	0.03576070235	0.04894934823	-0.01562343875	-0.01450465905	-0.01562343875	-0.01562343875	-0.003505306339	0.03293243778	0.07523363074	0.006128492052	0.04127803928	0.01668537214	0.01668537214	0.01660439901	0.009165011775	0.009144304823	0.3410366092	0.131429454	-0.4706343867	-0.4741382832	0.2365193345	0.2498481334	0.2365193345	0.2365193345	0.1623391583	0.2498481334	0.2397589215	0.3629499193	0.3424545007	0.367340106	-0.4943720652	0.2498481334	0.2469623034	0.2498481334	0.4209808574	-0.1940082564	0.4314367971	0.2421163662	0.2458029873	0.2354992034	0.2421163662	-0.1582113096	0.2388182751	-0.5048650096	0.1576409914	0.2292881164	-0.4968550035	0.2292881164	0.3553449214	0.936689832	0.3314074552	0.8822845604	-0.4968550035	1	0.9705130696	0.3868962984	0.6803518753	-0.2969720631	0.6922957129	-0.2943133656	0.4127800543	-0.2943133656	0.9051845465	0.1247486179	0.8898523499	-0.3158367561	0.346487844	0.8793989024	0.8810383827	-0.3105635841	-0.6131808561	0.1101975378	0.17971356	0.05458536525	0.04700421309	0.05458536525	0.2138925563	0.2121976443	-0.3139779746	0.04700421309	0.0308332627	0.01695962714	-0.4192642335	-0.2949519665	0.1550381123	0.07878123227	0.07878123227	0.1917952329	0.1900364688	-0.05952115975	-0.1128956606	-0.1167712636	-0.1173967687	-0.01542363737	-0.09523331936	-0.01542363737	-0.01766992488
chr11_2094599_G_A	0.06223706381	-0.01211831793	-0.02741761627	0.04524712133	0.0637016949	-0.03089121873	-0.02980471776	-0.03089121873	-0.03089121873	-0.01487891745	0.04237167055	0.07778359703	-0.005204591475	0.05819953611	0.03038109605	0.03038109605	0.03017372694	-0.003215147638	-0.003309400097	0.3130653362	0.1281191738	-0.4762674116	-0.47627166	0.179322508	0.1947668258	0.179322508	0.179322508	0.1604111072	0.1947668258	0.1828444269	0.3592491242	0.3393154628	0.3641098404	-0.5007971747	0.1947668258	0.1921158352	0.1947668258	0.4173127244	-0.2045408694	0.427704214	0.2406397838	0.2009361322	0.2405340281	0.2406397838	-0.1967931871	0.2438930257	-0.5112795614	0.1607932974	0.2280078111	-0.5031143148	0.2280078111	0.3582639627	0.9656335107	0.3287329248	0.8783605409	-0.5031143148	0.9705130696	1	0.3835074886	0.6854674685	-0.2967647435	0.6645399263	-0.2940642224	0.4087551512	-0.2940642224	0.9031767976	0.1312713664	0.8876696278	-0.3160581343	0.352020465	0.8773772819	0.8789931422	-0.3107320746	-0.6087450642	0.1124958973	0.2164900621	0.06247397425	0.05468738878	0.06247397425	0.2293121146	0.2276303891	-0.3144284748	0.05468738878	0.06400540266	0.0941646284	-0.4266882837	-0.2990156455	0.1882018046	0.08050336925	0.08050336925	0.2068597792	0.2051153929	-0.06221741359	-0.1135367898	-0.09116930864	-0.1011497242	-0.01139043944	-0.09807003785	-0.01139043944	-0.01361253692
chr11_2095273_C_T	-0.009703870804	0.06433891918	0.05750370327	-0.007887270498	-0.0003843774648	0.05474687887	0.0538903268	0.05474687887	0.05474687887	-0.06676143029	-0.008978205864	0.04020805504	-0.04376585478	-0.01071686105	-0.0115335374	-0.0115335374	-0.008426627141	0.02370082906	0.02112340066	0.1980708693	0.5702906536	-0.1503888343	-0.1518489758	0.1316941522	0.1405031506	0.1316941522	0.1316941522	0.2059668242	0.1405031506	0.132809934	0.7939929315	0.8821227524	0.9026210813	-0.1454418557	0.1405031506	0.141586616	0.1405031506	0.9325249352	-0.6365672929	0.9045765085	0.1402106022	0.1412096422	0.1380433563	0.1402106022	-0.6610586383	0.1391291827	-0.1618269992	0.07578034999	0.1335451124	-0.15729804	0.1335451124	0.250598529	0.3670885623	0.5549758864	0.06738539401	-0.15729804	0.3868962984	0.3835074886	1	0.2654453795	-0.08568051985	0.2714083033	-0.08461473275	0.8858380884	-0.08461473275	0.3822085302	0.3149488239	0.3775457442	-0.08957362222	0.8238977357	0.3770679071	0.3763960505	-0.09628918462	-0.3153868986	0.1813785886	0.1872089122	0.2066935164	0.2012052164	0.2066935164	0.1753919766	0.1750069517	-0.09595408317	0.2012052164	-0.05215959318	0.1816458699	-0.04747068446	-0.07551764366	0.1663019183	0.1714085446	0.1714085446	0.16102109	0.1606092121	0.07567501162	0.09651039076	0.03896197785	-0.01538803363	-0.01526805011	0.005560322616	-0.01526805011	-0.01334245693
chr11_2095799_A_G	-0.03213571663	-0.02502462827	-0.1040402263	-0.004715562744	-0.01811973696	-0.1072496823	-0.1073626396	-0.1072496823	-0.1072496823	-0.06891672066	-0.004766185877	0.1156554573	-0.06176110184	-0.007983128587	0.03474401532	0.03474401532	0.03129742771	0.005010432315	0.001773479488	0.4699353967	-0.04148820684	0.007636165767	0.004166275135	0.2330890208	0.2096003121	0.2330890208	0.2330890208	0.09291696474	0.2096003121	0.2381607393	0.2417317181	0.2152675301	0.266301263	-0.04699276712	0.2096003121	0.2089361702	0.2096003121	0.2971608799	-0.08267860346	0.3004704087	0.2816020138	0.233930095	0.2777627753	0.2816020138	-0.06483830618	0.2828151806	-0.05367743745	0.1812414643	0.2769652995	-0.04013295477	0.2769652995	0.5716630057	0.6954549941	0.2477463613	0.6120227062	-0.04013295477	0.6803518753	0.6854674685	0.2654453795	1	-0.4529664767	0.9750840551	-0.4491669489	0.3174329929	-0.4491669489	0.6407653058	0.0906010953	0.6435590063	-0.4757939277	0.2677595836	0.6224685142	0.6227865688	-0.4622909426	-0.3883831934	0.2139584688	0.4165480186	0.0249396009	0.01477195403	0.0249396009	0.4400730876	0.4380401014	-0.4490741343	0.01477195403	0.5141558815	0.05379409854	-0.6417409925	-0.4356982831	0.361290195	0.1741764002	0.1741764002	0.4148369791	0.41275716	-0.1716778366	-0.02253550202	0.07894785947	0.02232152745	0.04718839848	-0.1944287931	0.04718839848	0.04701958436
chr11_2095814_GACA_G	0.1124328827	0.05769969001	0.2147586113	-0.1404771712	-0.1539907159	0.2142414245	0.2171522136	0.2142414245	0.2142414245	0.06487603382	-0.142205907	0.001271073147	0.06133983921	-0.118691125	-0.107617636	-0.107617636	-0.1032209024	0.09993947735	0.09562822202	0.3036211081	-0.1248760026	0.5148689287	0.514853864	0.09335758422	0.1042234492	0.09335758422	0.09335758422	0.003056164301	0.1042234492	0.08793056243	-0.03564740978	-0.03168091945	-0.08836952147	0.622164621	0.1042234492	0.1064953813	0.1042234492	-0.1104508497	0.1558315098	-0.1198584102	0.08840977465	0.09883040295	0.08343258677	0.08840977465	0.1575894631	0.08593096692	0.6266615031	0.04394185356	0.08198643217	0.6214388547	0.08198643217	0.335975743	-0.310537699	-0.1090732707	-0.2859641368	0.6214388547	-0.2969720631	-0.2967647435	-0.08568051985	-0.4529664767	1	-0.4539078144	0.9972888399	-0.1351442214	0.9972888399	-0.3258688493	-0.1077833993	-0.3246505292	0.9657910946	-0.147471196	-0.3172287008	-0.3189018504	0.9358153971	0.3204463738	0.1494284597	0.2813113432	-0.07629959839	-0.05414277391	-0.07629959839	0.290933995	0.2902845614	0.8224372198	-0.07973331631	-0.2848049093	-0.08586611663	0.5111018756	0.8660487433	0.278067245	0.1483919177	0.1483919177	0.2846243747	0.283986651	0.3144638763	0.09467692273	-0.01680367656	-0.1199494355	0.04921292605	0.3119647831	0.04921292605	0.04321557894
chr11_2095968_T_C	-0.05840486393	-0.01691349561	-0.09422827747	-0.004234850749	-0.02310211357	-0.09737371602	-0.09745104321	-0.09737371602	-0.09737371602	-0.05757446164	-0.004249819028	0.1133537586	-0.05040278684	-0.009614413112	0.02446032276	0.02446032276	0.02112839192	0.01415094976	0.01098848551	0.4900916652	-0.03659390247	0.01718752067	0.01037517426	0.2818411639	0.2564470918	0.2818411639	0.2818411639	0.09594013895	0.2564470918	0.2866871121	0.2478975804	0.2206459367	0.2720195316	-0.03684037518	0.2564470918	0.2555651772	0.2564470918	0.3036519095	-0.05407410975	0.3070802813	0.2774440066	0.2829289705	0.2736614564	0.2774440066	-0.03460843894	0.2786947328	-0.04358201776	0.1787301656	0.2726587825	-0.03014452007	0.2726587825	0.5595451626	0.6749958622	0.2455785203	0.6185981942	-0.03014452007	0.6922957129	0.6645399263	0.2714083033	0.9750840551	-0.4539078144	1	-0.4501341831	0.3243618975	-0.4501341831	0.6493506112	0.08562197095	0.652298744	-0.4764020506	0.2653598033	0.6341454628	0.6344995669	-0.4669844017	-0.3979822326	0.2070504818	0.3977655437	0.01819700017	0.008180254212	0.01819700017	0.4185807016	0.4198367744	-0.4533680048	0.008180254212	0.489660928	-0.01861913447	-0.6385298068	-0.4366985306	0.3460000724	0.1673880334	0.1673880334	0.3968871455	0.3947701354	-0.1642598384	-0.0285689935	0.05870186291	0.01241259029	0.04268686326	-0.1829444186	0.04268686326	0.04248235426
chr11_2096707_G_A	0.1146259841	0.05391604112	0.2135980565	-0.1387338565	-0.1519927453	0.2131017306	0.2160205203	0.2131017306	0.2131017306	0.06594753821	-0.1404574434	0.0006918536347	0.06241616754	-0.1163978067	-0.104347679	-0.104347679	-0.09994040999	0.09654839588	0.09225256087	0.3013005412	-0.1282778639	0.5136774917	0.5136800664	0.09225116221	0.1030689863	0.09225116221	0.09225116221	0.003661795784	0.1030689863	0.08681249922	-0.03448055409	-0.03066643046	-0.08736019349	0.6212736939	0.1030689863	0.1053357348	0.1030689863	-0.1093101255	0.1540473153	-0.1187014872	0.08738699825	0.09773567785	0.08242065398	0.08738699825	0.1558813659	0.0849136078	0.6257577448	0.0433091074	0.08092879521	0.620496822	0.08092879521	0.3375017789	-0.3078220222	-0.1082466599	-0.2836642506	0.620496822	-0.2943133656	-0.2940642224	-0.08461473275	-0.4491669489	0.9972888399	-0.4501341831	1	-0.133940866	1	-0.323229155	-0.1071062074	-0.3219783237	0.9685463038	-0.1461880496	-0.3146210104	-0.3162874174	0.9385496689	0.3260318198	0.1537152744	0.2873326779	-0.07569453947	-0.05350921196	-0.07569453947	0.2971127502	0.2964874627	0.8251011153	-0.07912078988	-0.2825001061	-0.08517947322	0.5147319692	0.8686490419	0.2798694341	0.1469109603	0.1469109603	0.2865624284	0.2859363939	0.3053526284	0.09344525679	-0.01563968574	-0.1222371803	0.04823480596	0.3084730056	0.04823480596	0.04222480496
chr11_2096919_G_A	0.01416163976	0.05453802714	0.03913799738	-0.01735267984	-0.01183721452	0.0359883887	0.0349798906	0.0359883887	0.0359883887	-0.09513180367	-0.01860868554	0.05619227424	-0.07435576346	-0.01499766693	-0.0181197491	-0.0181197491	-0.01588998245	0.03609961759	0.03311707734	0.09036470051	0.5273517608	-0.1937510159	-0.1953883806	0.1503566694	0.09477307401	0.1503566694	0.1503566694	0.1858678752	0.09477307401	0.1516552392	0.74590253	0.781665877	0.8466264971	-0.1949929646	0.09477307401	0.0962664387	0.09477307401	0.9497404592	-0.6613127131	0.962433709	0.1547073743	0.1587815938	0.1521304143	0.1547073743	-0.6627725282	0.1534217572	-0.2096767638	0.09169541886	0.1497798388	-0.2044478221	0.1497798388	0.2722794232	0.4289171558	0.6963613513	0.1318555329	-0.2044478221	0.4127800543	0.4087551512	0.8858380884	0.3174329929	-0.1351442214	0.3243618975	-0.133940866	1	-0.133940866	0.4289407804	0.3622555927	0.4182024732	-0.1409140382	0.9022745119	0.4231716186	0.4223867885	-0.1471406925	-0.3545019353	0.185230094	0.1073134492	0.1988999676	0.1930977955	0.1988999676	0.09188504603	0.09110246776	-0.1346599051	0.1930977955	-0.07690225692	0.1683873616	-0.04730617461	-0.1186877667	0.08302177444	0.1722541262	0.1722541262	0.07379480097	0.07295640162	0.01790941555	0.1063495692	-0.01957823865	-0.07409981592	-0.01282024611	-0.0393125521	-0.01282024611	-0.01061924951
chr11_2097561_T_C	0.1146259841	0.05391604112	0.2135980565	-0.1387338565	-0.1519927453	0.2131017306	0.2160205203	0.2131017306	0.2131017306	0.06594753821	-0.1404574434	0.0006918536347	0.06241616754	-0.1163978067	-0.104347679	-0.104347679	-0.09994040999	0.09654839588	0.09225256087	0.3013005412	-0.1282778639	0.5136774917	0.5136800664	0.09225116221	0.1030689863	0.09225116221	0.09225116221	0.003661795784	0.1030689863	0.08681249922	-0.03448055409	-0.03066643046	-0.08736019349	0.6212736939	0.1030689863	0.1053357348	0.1030689863	-0.1093101255	0.1540473153	-0.1187014872	0.08738699825	0.09773567785	0.08242065398	0.08738699825	0.1558813659	0.0849136078	0.6257577448	0.0433091074	0.08092879521	0.620496822	0.08092879521	0.3375017789	-0.3078220222	-0.1082466599	-0.2836642506	0.620496822	-0.2943133656	-0.2940642224	-0.08461473275	-0.4491669489	0.9972888399	-0.4501341831	1	-0.133940866	1	-0.323229155	-0.1071062074	-0.3219783237	0.9685463038	-0.1461880496	-0.3146210104	-0.3162874174	0.9385496689	0.3260318198	0.1537152744	0.2873326779	-0.07569453947	-0.05350921196	-0.07569453947	0.2971127502	0.2964874627	0.8251011153	-0.07912078988	-0.2825001061	-0.08517947322	0.5147319692	0.8686490419	0.2798694341	0.1469109603	0.1469109603	0.2865624284	0.2859363939	0.3053526284	0.09344525679	-0.01563968574	-0.1222371803	0.04823480596	0.3084730056	0.04823480596	0.04222480496
chr11_2097954_C_T	0.06133154324	-0.004694447164	-0.03271281399	0.03114709183	0.06274089353	-0.03611956034	-0.03503512169	-0.03611956034	-0.03611956034	-0.02759287712	0.02831763699	0.06451069265	-0.01790015148	0.07460763736	0.03211231976	0.03211231976	0.03192983222	-0.008708373625	-0.008771727438	0.2674757464	0.1847710246	-0.4820445698	-0.4855263163	0.2257017159	0.1912195077	0.2257017159	0.2257017159	0.06957003568	0.1912195077	0.2289902176	0.3145400594	0.3382221867	0.368991816	-0.5059527212	0.1912195077	0.1885787719	0.1912195077	0.4158915488	-0.149158076	0.4046189003	0.2369510402	0.2473484559	0.2368698733	0.2369510402	-0.1620413625	0.2401897933	-0.5128939627	0.1486709213	0.2243743176	-0.5048504376	0.2243743176	0.2859262638	0.9042403378	0.305317829	0.8184748214	-0.5048504376	0.9051845465	0.9031767976	0.3822085302	0.6407653058	-0.3258688493	0.6493506112	-0.323229155	0.4289407804	-0.323229155	1	0.2776753545	0.984629193	-0.3444348986	0.4668034762	0.973008746	0.9746815216	-0.3393519164	-0.7048373381	0.108955262	0.2378081159	0.2280699869	0.2181178501	0.2280699869	0.2403719818	0.2387536498	-0.3338809904	0.2181178501	0.06037213394	0.1741433995	-0.4280891267	-0.3196935953	0.2102797827	0.07730449494	0.07730449494	0.2184637561	0.2167869093	-0.07660305051	-0.1532116878	-0.1156010954	-0.1154622321	-0.04107190106	-0.1206530088	-0.04107190106	-0.04313336759
chr11_2098180_AC_A	-0.03623077356	-0.0481809014	-0.02006875511	-0.006405364593	0.08715771994	-0.02184163149	-0.02245670938	-0.02184163149	-0.02184163149	-0.03707016959	-0.007139834289	-0.03962958313	-0.01899133433	0.04446957336	0.01837216929	0.01837216929	0.0165247983	-0.02424866996	-0.02598203562	-0.03433623434	0.3966370538	-0.103758551	-0.1047363737	0.07707578163	0.06729350152	0.07707578163	0.07707578163	0.3054393675	0.06729350152	0.0778732775	0.2378374769	0.1811508407	0.3712371482	-0.1204493629	0.06729350152	0.06812076256	0.06729350152	0.3565229118	-0.2290207193	0.3581603034	0.08459701224	0.07627451115	0.08304418191	0.08459701224	-0.2373162457	0.08382249676	-0.1194839691	0.03629473841	0.08765900141	-0.1164363666	0.08765900141	0.02856325621	0.1343931369	0.5062868989	0.1422097824	-0.1164363666	0.1247486179	0.1312713664	0.3149488239	0.0906010953	-0.1077833993	0.08562197095	-0.1071062074	0.3622555927	-0.1071062074	0.2776753545	1	0.2745248031	-0.1032780309	0.5374726109	0.2739406804	0.2734993778	-0.1145497144	-0.2039882908	0.1294904461	0.1258133282	0.7895818354	0.7770375789	0.7895818354	0.1138518638	0.1135791249	-0.1069360634	0.7770375789	0.2777769555	0.6827869934	-0.148645311	-0.09474595039	0.1251260304	0.1231954764	0.1231954764	0.1041086079	0.1038167986	-0.04442731202	-0.02461049769	-0.05565768277	-0.03410713652	-0.1301388931	-0.05698665934	-0.1301388931	-0.1281816365
chr11_2098701_A_AT	0.04175008551	0.001582229802	-0.0307812189	0.02792353992	0.06191869432	-0.0342662417	-0.03320667826	-0.0342662417	-0.0342662417	-0.02440198059	0.025066042	0.06678956614	-0.01478597441	0.06944194128	0.02547954764	0.02547954764	0.02524524744	-0.004697904016	-0.001574044846	0.2598695078	0.1768308409	-0.4754424481	-0.478992919	0.2240998007	0.1900405986	0.2240998007	0.2240998007	0.06714753206	0.1900405986	0.2274396967	0.3096659212	0.3339567276	0.364549671	-0.5001842943	0.1900405986	0.1874502493	0.1900405986	0.4108370381	-0.1415052953	0.3886690354	0.2346726286	0.2456848496	0.2344713743	0.2346726286	-0.1591880449	0.2378503685	-0.5070571652	0.1317604222	0.222333674	-0.4988818673	0.222333674	0.277450353	0.9023694884	0.2941583818	0.8045366193	-0.4988818673	0.8898523499	0.8876696278	0.3775457442	0.6435590063	-0.3246505292	0.652298744	-0.3219783237	0.4182024732	-0.3219783237	0.984629193	0.2745248031	1	-0.3435781459	0.4610424662	0.9612340447	0.9628739234	-0.3384604306	-0.6983354521	0.1108630301	0.2424493353	0.225328218	0.2153391423	0.225328218	0.2445002473	0.2428690033	-0.3374522379	0.2153391423	0.06098624854	0.1710676833	-0.4373502607	-0.3227184796	0.2144940876	0.07385441562	0.07385441562	0.2221768281	0.2204861382	-0.07465735578	-0.1534508042	-0.1100961967	-0.1106059613	-0.04404680084	-0.1144276324	-0.04404680084	-0.04603806716
chr11_2099854_G_A	0.1066823233	0.06516943946	0.2137026682	-0.1328393363	-0.146484759	0.2129800454	0.2157822516	0.2129800454	0.2129800454	0.07088034648	-0.1346347707	0.007544471558	0.06720382081	-0.09972775835	-0.105053602	-0.105053602	-0.1009280854	0.09980182474	0.09534716645	0.3009780567	-0.1030187237	0.5034409424	0.5076634831	0.1049117678	0.116247158	0.1049117678	0.1049117678	0.0105083026	0.116247158	0.09963656786	-0.04812918112	-0.03491320658	-0.09131558524	0.6072379199	0.116247158	0.1185645627	0.116247158	-0.1154391663	0.1690222322	-0.1251311684	0.09908050062	0.1102319446	0.09400925019	0.09908050062	0.1697691977	0.09655466447	0.6161427937	0.05059411656	0.09306540725	0.6070100714	0.09306540725	0.3009706335	-0.3300054628	-0.1083366096	-0.3007401595	0.6070100714	-0.3158367561	-0.3160581343	-0.08957362222	-0.4757939277	0.9657910946	-0.4764020506	0.9685463038	-0.1409140382	0.9685463038	-0.3444348986	-0.1032780309	-0.3435781459	1	-0.1544621521	-0.3356030756	-0.3373365401	0.9708077054	0.3517414308	0.1710688443	0.2878223672	-0.08249895713	-0.06075572795	-0.08249895713	0.295908638	0.2952232055	0.8624860816	-0.08599742259	-0.2995786379	-0.09290478576	0.5557798576	0.9093094766	0.2790283245	0.1637467049	0.1637467049	0.2841232013	0.2834320747	0.2913190416	0.0939335017	-0.04192177601	-0.1379434489	0.05958455343	0.3159338936	0.05958455343	0.05375269915
chr11_2101283_G_A	0.0240323259	0.04625805973	0.02993401273	-0.04293964568	0.005933802213	0.02658613641	0.02550101474	0.02658613641	0.02658613641	-0.0787882605	-0.04426362361	0.04768104852	-0.0596557669	0.006066357326	-0.008620751074	-0.008620751074	-0.006960404143	0.0253650246	0.02217968218	0.0452267294	0.5756978205	-0.1995567807	-0.2013256824	0.1384569246	0.0795198986	0.1384569246	0.1384569246	0.1616550409	0.0795198986	0.1399306899	0.6903091916	0.7290759927	0.7890276636	-0.2045347227	0.0795198986	0.08119238931	0.0795198986	0.8808764843	-0.5928182374	0.8603067317	0.1583996917	0.1460976715	0.1555823095	0.1583996917	-0.6159494294	0.1569943479	-0.2180730691	0.08569174783	0.1545669874	-0.2124836425	0.1545669874	0.2042839964	0.3751190192	0.6120884618	0.08618945631	-0.2124836425	0.346487844	0.352020465	0.8238977357	0.2677595836	-0.147471196	0.2653598033	-0.1461880496	0.9022745119	-0.1461880496	0.4668034762	0.5374726109	0.4610424662	-0.1544621521	1	0.4704249691	0.4695970918	-0.160264738	-0.3886423958	0.208278222	0.1569827306	0.4289197269	0.4197769017	0.4289197269	0.1399141699	0.1392048251	-0.1555630211	0.4197769017	0.005480042094	0.3875587442	-0.08236470144	-0.1380487827	0.1323498876	0.1950227855	0.1950227855	0.1211372227	0.1203775462	-0.006677597384	0.08687213318	-0.008389308027	-0.05209333028	-0.001012053755	-0.06673330321	-0.001012053755	0.001269719725
chr11_2101345_C_T	0.04943794957	-0.0222756565	-0.03896638338	0.03895970827	0.06943669818	-0.0423176179	-0.04125206323	-0.0423176179	-0.0423176179	-0.01296376945	0.03616225213	0.05207952804	-0.003484702148	0.08650817582	0.05156717273	0.05156717273	0.05131489798	-0.02790694458	-0.02796763299	0.2743637986	0.1698688375	-0.4651036582	-0.4685659812	0.2287963721	0.1945971712	0.2287963721	0.2287963721	0.05747386752	0.1945971712	0.2320167822	0.304920319	0.3336731706	0.364028955	-0.4922605972	0.1945971712	0.1860424277	0.1945971712	0.4102978964	-0.1428440604	0.3991768625	0.2208644817	0.2317125813	0.220664373	0.2208644817	-0.1687603612	0.2240001977	-0.499092741	0.1370447033	0.2276925058	-0.4911541941	0.2276925058	0.2887913831	0.8920784985	0.3012113695	0.8039640337	-0.4911541941	0.8793989024	0.8773772819	0.3770679071	0.6224685142	-0.3172287008	0.6341454628	-0.3146210104	0.4231716186	-0.3146210104	0.973008746	0.2739406804	0.9612340447	-0.3356030756	0.4704249691	1	0.9983318084	-0.3432369697	-0.7257337737	0.09836731251	0.248292709	0.2453550976	0.2352599722	0.2453550976	0.2440007398	0.2424250127	-0.3293903625	0.2352599722	0.07014043017	0.189238536	-0.4354272745	-0.3153937848	0.2213296087	0.06660748434	0.06660748434	0.2190015976	0.2173584884	-0.07992676889	-0.1565788946	-0.1173810015	-0.1254051482	-0.04746359045	-0.1233268329	-0.04746359045	-0.04945912229
chr11_2101804_G_A	0.05151082578	-0.02369750794	-0.04128907437	0.03752449899	0.06781077168	-0.044654104	-0.04359447851	-0.044654104	-0.044654104	-0.01376987519	0.03472026305	0.05256492335	-0.004291358446	0.08468329102	0.04896311834	0.04896311834	0.04870526843	-0.02519908108	-0.0252746786	0.2730419377	0.1766966616	-0.4675956169	-0.4710646576	0.2298573995	0.1956829937	0.2298573995	0.2298573995	0.0682012161	0.1956829937	0.233085314	0.3095518692	0.3330511246	0.3633920632	-0.4948925895	0.1956829937	0.1871288054	0.1956829937	0.4095706217	-0.1414273054	0.3984243502	0.2218521021	0.232769659	0.2216401635	0.2218521021	-0.1674172288	0.2249837949	-0.5017236181	0.1376490033	0.2287072975	-0.4937554062	0.2287072975	0.287979054	0.8936522668	0.3006679042	0.8059479179	-0.4937554062	0.8810383827	0.8789931422	0.3763960505	0.6227865688	-0.3189018504	0.6344995669	-0.3162874174	0.4223867885	-0.3162874174	0.9746815216	0.2734993778	0.9628739234	-0.3373365401	0.4695970918	0.9983318084	1	-0.3449777779	-0.7269528558	0.09972257724	0.2473186283	0.2449740431	0.2348649761	0.2449740431	0.2429169958	0.2413314208	-0.3311410167	0.2348649761	0.06818992416	0.1887546907	-0.434922248	-0.3170583027	0.2202241221	0.06790342112	0.06790342112	0.2177924246	0.2161387807	-0.08133755556	-0.1556429082	-0.1150363749	-0.123761109	-0.04669231574	-0.1247578716	-0.04669231574	-0.04868295006
chr11_2102033_G_A	0.1187441149	0.08408355426	0.2009685414	-0.1317993435	-0.1452637446	0.2002810448	0.203097595	0.2002810448	0.2002810448	0.03624785626	-0.1335991172	0.007014737254	0.03276748983	-0.1197234289	-0.131706476	-0.131706476	-0.1274425476	0.1254663745	0.1210009148	0.2869857529	-0.1069127013	0.4916553736	0.4959556073	0.0966184939	0.1081945796	0.0966184939	0.0966184939	-0.002947296978	0.1081945796	0.09133446912	-0.0540510925	-0.04175497797	-0.09841967875	0.5920948013	0.1081945796	0.1105456474	0.1081945796	-0.1218144432	0.1681479207	-0.1313871434	0.09043478582	0.1019472951	0.08527177096	0.09043478582	0.1689734205	0.08786345578	0.6009973002	0.05023677028	0.08449799232	0.5917675672	0.08449799232	0.2912963834	-0.3247752315	-0.1173217183	-0.2956143534	0.5917675672	-0.3105635841	-0.3107320746	-0.09628918462	-0.4622909426	0.9358153971	-0.4669844017	0.9385496689	-0.1471406925	0.9385496689	-0.3393519164	-0.1145497144	-0.3384604306	0.9708077054	-0.160264738	-0.3432369697	-0.3449777779	1	0.3591446197	0.1762316246	0.2866492405	-0.09520779156	-0.07314782782	-0.09520779156	0.2949071105	0.2942156459	0.890599701	-0.09854211049	-0.3256387328	-0.1037440362	0.5830288756	0.9383917644	0.2778866757	0.1692550869	0.1692550869	0.2831333435	0.2824360015	0.2948048237	0.1000687933	-0.03678922794	-0.136100777	0.07650230701	0.3195621685	0.07650230701	0.07053087886
chr11_2103073_T_TC	-0.04333274519	-0.05704680154	-0.01402497741	0.11968181	0.08414170242	-0.01639583604	-0.01720394839	-0.01639583604	-0.01639583604	-0.0753898192	0.1186128515	0.09507735641	-0.08380203494	0.03055921873	0.1041590065	0.1041590065	0.1047550756	-0.07180935976	-0.07735883208	-0.0285456689	-0.09841883153	0.4355514289	0.4397785416	0.2391352793	0.2614726986	0.2391352793	0.2391352793	0.004419251622	0.2614726986	0.2396608517	-0.2295078968	-0.2632597446	-0.2920870506	0.4586540329	0.2614726986	0.267952016	0.2614726986	-0.3395700792	0.4191535783	-0.3329516939	0.2852836758	0.2448329726	0.2848330881	0.2852836758	0.4563937823	0.2850536579	0.4718124074	0.1993957578	0.2670842934	0.4691701692	0.2670842934	-0.0662885462	-0.6235502609	-0.2387043652	-0.5468625288	0.4691701692	-0.6131808561	-0.6087450642	-0.3153868986	-0.3883831934	0.3204463738	-0.3979822326	0.3260318198	-0.3545019353	0.3260318198	-0.7048373381	-0.2039882908	-0.6983354521	0.3517414308	-0.3886423958	-0.7257337737	-0.7269528558	0.3591446197	1	0.2736616113	0.0242770022	-0.1853592243	-0.1750879379	-0.1853592243	0.03572038233	0.03848577574	0.3646511232	-0.1750879379	0.138890292	-0.1288170939	0.4404018575	0.3347570294	-0.01213642921	0.2322396945	0.2322396945	0.01072998856	0.01345697284	0.04904626924	0.2715247793	0.09035209934	0.07689873332	0.2381499268	0.1027960099	0.2381499268	0.231507712
chr11_2104138_A_G	0.05493997133	0.006097199406	0.02342764004	0.01997527003	0.02085108043	0.01815982271	0.01947045306	0.01815982271	0.01815982271	-0.03848808845	0.02155809753	0.1990662189	-0.03551028402	0.0229821207	0.04218441843	0.04218441843	0.04136932261	0.02642629836	0.01698626478	0.3228595141	0.008680047085	0.212991011	0.2151337746	0.5237524913	0.5060707681	0.5237524913	0.5237524913	0.1213827165	0.5060707681	0.5276815184	0.1818552519	0.1680504574	0.1683603028	0.2303878558	0.5060707681	0.5100727371	0.5060707681	0.1882669694	0.2093520158	0.1871332763	0.5899230746	0.5366202662	0.5737979882	0.5899230746	0.2377959317	0.586310704	0.2282330471	0.3781270046	0.5783201249	0.2310644066	0.5783201249	0.315700098	0.1081635261	0.1544821529	0.0461911415	0.2263485153	0.1101975378	0.1124958973	0.1813785886	0.2139584688	0.1494284597	0.2070504818	0.1537152744	0.185230094	0.1537152744	0.108955262	0.1294904461	0.1108630301	0.1710688443	0.208278222	0.09836731251	0.09972257724	0.1762316246	0.2736616113	1	0.5532997622	0.106599845	0.1090488866	0.106599845	0.5815848867	0.5846878309	0.1741059156	0.1090488866	0.231617184	0.1285834653	0.2659714211	0.1573461781	0.3877787785	0.9369545126	0.9369545126	0.5328586556	0.5359277009	0.0170923575	0.08486173652	-0.07720214778	-0.01668181605	0.2122847442	0.008468959338	0.2122847442	0.2084342157
chr11_2107025_C_T	0.002269669676	-0.05850813944	0.01934337338	-0.09470531175	-0.07111928871	0.01595977382	0.01485078794	0.01595977382	0.01595977382	-0.008627325987	-0.09601214458	0.08878307999	-0.01094903398	-0.02692657949	-0.01207944313	-0.01207944313	-0.01535148309	0.04506964819	0.03853629364	0.6354362081	-0.0383270038	0.4156788296	0.4158231608	0.2616882159	0.2394333106	0.2616882159	0.2616882159	0.169751556	0.2394333106	0.2627134077	0.1844760939	0.185616015	0.1457662901	0.4442295666	0.2394333106	0.2405697995	0.2394333106	0.1160014829	0.1330686795	0.0935644324	0.3022715782	0.2669671468	0.2940590754	0.3022715782	0.0908233401	0.30149659	0.4440200614	0.1751511733	0.3054192304	0.4535416114	0.3054192304	0.5874401686	0.2367236062	-0.009280207879	0.1415510135	0.4570783424	0.17971356	0.2164900621	0.1872089122	0.4165480186	0.2813113432	0.3977655437	0.2873326779	0.1073134492	0.2873326779	0.2378081159	0.1258133282	0.2424493353	0.2878223672	0.1569827306	0.248292709	0.2473186283	0.2866492405	0.0242770022	0.5532997622	1	0.1656152107	0.1702839379	0.1656152107	0.9588996751	0.9606600151	0.311952429	0.1600028196	0.4483200938	0.199092962	-0.1844415623	0.2790827107	0.8855789972	0.5203106533	0.5203106533	0.9292501457	0.927500965	0.05956595731	-0.01752766796	0.07240805571	-0.08742051219	0.06283846267	0.04710276042	0.06283846267	0.06480408173
chr11_2107107_G_A	-0.01319777001	-0.051789075	-0.04438435685	0.02462573847	0.1261252629	-0.04589139794	-0.04644501725	-0.04589139794	-0.04589139794	0.004206315363	0.02396304302	-0.09381362168	0.00307096725	0.1203921782	0.07064706235	0.07064706235	0.06883769628	-0.08089075319	-0.08239665824	-0.08948271453	0.2931333732	-0.09192693237	-0.09277580883	0.05872060976	0.04632074246	0.05872060976	0.05872060976	0.3250829976	0.04632074246	0.05944908299	0.06707414864	0.1739058704	0.1692747102	-0.1064639465	0.04632074246	0.02902217636	0.04632074246	0.1824867724	-0.1072309252	0.1904763083	0.06930310365	0.0579883083	0.06790745776	0.06930310365	-0.1083495488	0.06860712427	-0.1056253823	0.02498308444	0.07205202037	-0.1029685056	0.07205202037	-0.01970494015	0.07830209713	0.2816620907	0.0716193403	-0.1029685056	0.05458536525	0.06247397425	0.2066935164	0.0249396009	-0.07629959839	0.01819700017	-0.07569453947	0.1988999676	-0.07569453947	0.2280699869	0.7895818354	0.225328218	-0.08249895713	0.4289197269	0.2453550976	0.2449740431	-0.09520779156	-0.1853592243	0.106599845	0.1656152107	1	0.9848244735	1	0.1553495735	0.1552820219	-0.111008693	0.9848244735	0.3203762716	0.8682959616	-0.1409562426	-0.1010442345	0.1576436922	0.1007402495	0.1007402495	0.1475933046	0.1475216263	0.03120927562	-0.009432666048	0.01612493373	0.002631903667	-0.1077120916	-0.009823545879	-0.1077120916	-0.1060370931
chr11_2107122_C_T	-0.01796719766	-0.04205907139	-0.03057187296	0.01991169533	0.1194044826	-0.03212312645	-0.03267596728	-0.03212312645	-0.03212312645	0.02317661159	0.01924253603	-0.09117050654	0.02191332522	0.1131219371	0.06177407354	0.06177407354	0.05997301334	-0.07160794091	-0.07313803947	-0.08221059538	0.284478789	-0.07639587306	-0.07730224361	0.06070925858	0.04861227876	0.06070925858	0.06070925858	0.3192402379	0.04861227876	0.06144473849	0.06334378238	0.169088983	0.1644231963	-0.09136232752	0.04861227876	0.03156562518	0.04861227876	0.177103229	-0.1012672174	0.1849277081	0.07094116551	0.05996995997	0.06952931891	0.07094116551	-0.1025464966	0.07023709031	-0.09047258038	0.02621902414	0.07372237872	-0.08776697024	0.07372237872	-0.01229681882	0.07023783552	0.2756722128	0.06467311933	-0.08776697024	0.04700421309	0.05468738878	0.2012052164	0.01477195403	-0.05414277391	0.008180254212	-0.05350921196	0.1930977955	-0.05350921196	0.2181178501	0.7770375789	0.2153391423	-0.06075572795	0.4197769017	0.2352599722	0.2348649761	-0.07314782782	-0.1750879379	0.1090488866	0.1702839379	0.9848244735	1	0.9848244735	0.1598663569	0.1598042116	-0.08931800169	0.9698311273	0.3100370392	0.8547011872	-0.1269213862	-0.07832313417	0.1622197461	0.1031462695	0.1031462695	0.1520185856	0.1519527233	0.03977271811	-0.006219359909	0.01313083616	-0.00376347913	-0.1038473226	-0.0008595899276	-0.1038473226	-0.1021769111
chr11_2107655_C_A	-0.01319777001	-0.051789075	-0.04438435685	0.02462573847	0.1261252629	-0.04589139794	-0.04644501725	-0.04589139794	-0.04589139794	0.004206315363	0.02396304302	-0.09381362168	0.00307096725	0.1203921782	0.07064706235	0.07064706235	0.06883769628	-0.08089075319	-0.08239665824	-0.08948271453	0.2931333732	-0.09192693237	-0.09277580883	0.05872060976	0.04632074246	0.05872060976	0.05872060976	0.3250829976	0.04632074246	0.05944908299	0.06707414864	0.1739058704	0.1692747102	-0.1064639465	0.04632074246	0.02902217636	0.04632074246	0.1824867724	-0.1072309252	0.1904763083	0.06930310365	0.0579883083	0.06790745776	0.06930310365	-0.1083495488	0.06860712427	-0.1056253823	0.02498308444	0.07205202037	-0.1029685056	0.07205202037	-0.01970494015	0.07830209713	0.2816620907	0.0716193403	-0.1029685056	0.05458536525	0.06247397425	0.2066935164	0.0249396009	-0.07629959839	0.01819700017	-0.07569453947	0.1988999676	-0.07569453947	0.2280699869	0.7895818354	0.225328218	-0.08249895713	0.4289197269	0.2453550976	0.2449740431	-0.09520779156	-0.1853592243	0.106599845	0.1656152107	1	0.9848244735	1	0.1553495735	0.1552820219	-0.111008693	0.9848244735	0.3203762716	0.8682959616	-0.1409562426	-0.1010442345	0.1576436922	0.1007402495	0.1007402495	0.1475933046	0.1475216263	0.03120927562	-0.009432666048	0.01612493373	0.002631903667	-0.1077120916	-0.009823545879	-0.1077120916	-0.1060370931
chr11_2107854_G_T	0.0442486183	-0.01964021396	0.03749535536	-0.1037795194	-0.08230816362	0.03376395628	0.03599439375	0.03376395628	0.03376395628	0.004243292929	-0.1052115666	0.08651107317	0.001619112573	-0.03899826741	-0.004914021316	-0.004914021316	-0.008529806286	0.03830337136	0.0314512394	0.6535678736	-0.06184113673	0.4106803912	0.4106253359	0.2626220242	0.241776077	0.2626220242	0.2626220242	0.1605393963	0.241776077	0.2638394082	0.1712929812	0.1756291302	0.1349640554	0.4398242725	0.241776077	0.2430943906	0.241776077	0.1021132106	0.111154037	0.07909937863	0.3208046255	0.2677258716	0.3123273834	0.3208046255	0.116114689	0.3199072956	0.4398156422	0.1864394388	0.3049119899	0.4498993512	0.3049119899	0.6069597027	0.2312808319	-0.01656068167	0.1443199633	0.4534465138	0.2138925563	0.2293121146	0.1753919766	0.4400730876	0.290933995	0.4185807016	0.2971127502	0.09188504603	0.2971127502	0.2403719818	0.1138518638	0.2445002473	0.295908638	0.1399141699	0.2440007398	0.2429169958	0.2949071105	0.03572038233	0.5815848867	0.9588996751	0.1553495735	0.1598663569	0.1553495735	1	0.998239742	0.3106033367	0.1598663569	0.4268692562	0.1964418362	-0.1963217071	0.2803527002	0.8450286132	0.5476595455	0.5476595455	0.9652524344	0.9634967202	0.05856427166	-0.00206667208	0.07078185459	-0.09572382933	0.07942726055	0.03698540217	0.07942726055	0.08152306809
chr11_2108072_G_A	0.04268635693	-0.02115070496	0.03524071648	-0.1013551887	-0.08038972163	0.03148578652	0.03371625384	0.03148578652	0.03148578652	0.00343383677	-0.1028000118	0.08724245997	0.0007954431286	-0.0366157549	-0.004226286093	-0.004226286093	-0.007871048021	0.03790783525	0.0310198885	0.6540271907	-0.06362902552	0.4132317044	0.4131622253	0.2643751876	0.2435119471	0.2643751876	0.2643751876	0.1605398279	0.2435119471	0.2656020679	0.1708470956	0.1753221075	0.134500068	0.4422926173	0.2435119471	0.2448399594	0.2435119471	0.1014286736	0.1130360892	0.07832562103	0.3226636437	0.2694887213	0.3141485944	0.3226636437	0.1179515127	0.3217575676	0.4422973095	0.1875458627	0.3067466342	0.4524390875	0.3067466342	0.6077935356	0.2295837007	-0.01735101208	0.1427108702	0.4559970226	0.2121976443	0.2276303891	0.1750069517	0.4380401014	0.2902845614	0.4198367744	0.2964874627	0.09110246776	0.2964874627	0.2387536498	0.1135791249	0.2428690033	0.2952232055	0.1392048251	0.2424250127	0.2413314208	0.2942156459	0.03848577574	0.5846878309	0.9606600151	0.1552820219	0.1598042116	0.1552820219	0.998239742	1	0.3099411089	0.1598042116	0.4261150467	0.1964268355	-0.1961370914	0.2796789216	0.8463239631	0.5506173865	0.5506173865	0.9668075174	0.9650366068	0.05733720348	-0.001015321685	0.06660954646	-0.09819478486	0.08049114001	0.04012501684	0.08049114001	0.08259955083
chr11_2108091_G_GAGTC	0.08624037478	0.05744969719	0.1408353672	-0.04153480403	-0.06535096289	0.1400929411	0.1427645155	0.1400929411	0.1400929411	0.02758310564	-0.04342302353	-0.002946614957	0.02411539732	-0.04522883668	-0.07293912508	-0.07293912508	-0.06911625354	0.06609149945	0.06157989062	0.287965686	-0.1149396104	0.4291675966	0.4334106235	0.09619689966	0.100829051	0.09619689966	0.09619689966	0.03389691399	0.100829051	0.09110856534	-0.04886279136	-0.04146164767	-0.08983571262	0.5181153442	0.100829051	0.1032379505	0.100829051	-0.1153256432	0.1688167007	-0.1251861372	0.08906542505	0.0937060458	0.08381993413	0.08906542505	0.1576743783	0.0864530765	0.5267945548	0.0424595479	0.09147046837	0.5179877809	0.09147046837	0.2173257523	-0.3159248139	-0.1038957982	-0.287437969	0.5265410071	-0.3139779746	-0.3144284748	-0.09595408317	-0.4490741343	0.8224372198	-0.4533680048	0.8251011153	-0.1346599051	0.8251011153	-0.3338809904	-0.1069360634	-0.3374522379	0.8624860816	-0.1555630211	-0.3293903625	-0.3311410167	0.890599701	0.3646511232	0.1741059156	0.311952429	-0.111008693	-0.08931800169	-0.111008693	0.3106033367	0.3099411089	1	-0.1141818463	-0.3210834876	-0.1074579685	0.6107974165	0.9466434133	0.2254848188	0.1662082267	0.1662082267	0.2984260476	0.2977592312	0.2805296888	0.1081486272	-0.03690801319	-0.149477158	0.08281500734	0.2887842067	0.08281500734	0.07702829933
chr11_2108689_C_T	-0.006878198919	-0.05531660415	-0.04063061264	0.01991169533	0.1194044826	-0.04216730175	-0.04272660217	-0.04216730175	-0.04216730175	0.001750401434	0.01924253603	-0.09117050654	0.000612284087	0.1131219371	0.0717356892	0.0717356892	0.06989844194	-0.08128350284	-0.08281269308	-0.09271537086	0.284478789	-0.09734926397	-0.09820072337	0.06070925858	0.04861227876	0.06070925858	0.06070925858	0.3192402379	0.04861227876	0.06144473849	0.06334378238	0.169088983	0.1644231963	-0.1120617272	0.04861227876	0.03156562518	0.04861227876	0.177103229	-0.1012672174	0.1849277081	0.07094116551	0.05996995997	0.06952931891	0.07094116551	-0.1025464966	0.07023709031	-0.1112192849	0.02621902414	0.07372237872	-0.1085233092	0.07372237872	-0.03246604274	0.07023783552	0.2756722128	0.06467311933	-0.1085233092	0.04700421309	0.05468738878	0.2012052164	0.01477195403	-0.07973331631	0.008180254212	-0.07912078988	0.1930977955	-0.07912078988	0.2181178501	0.7770375789	0.2153391423	-0.08599742259	0.4197769017	0.2352599722	0.2348649761	-0.09854211049	-0.1750879379	0.1090488866	0.1600028196	0.9848244735	0.9698311273	0.9848244735	0.1598663569	0.1598042116	-0.1141818463	1	0.3206367331	0.8809051521	-0.1466011976	-0.1041186457	0.1622197461	0.1031462695	0.1031462695	0.1520185856	0.1519527233	0.03977271811	-0.006219359909	0.0231533335	0.007753463948	-0.1038473226	-0.0008595899276	-0.1038473226	-0.1021769111
chr11_2108794_C_T	-0.08753481476	-0.1819710029	-0.1526396122	0.02587950376	0.03274392508	-0.1513348153	-0.1534248102	-0.1513348153	-0.1513348153	-0.02828979083	0.02775269017	0.008202051442	-0.03234773346	0.02944446173	0.1181040509	0.1181040509	0.1117714853	-0.1038816528	-0.1028279878	0.2620359384	-0.0959168537	0.2997431116	0.2984854923	0.0675153583	0.07503852365	0.0675153583	0.0675153583	0.1555598874	0.07503852365	0.0708912592	-0.06199697505	-0.09737248097	-0.06034049369	0.2475117596	0.07503852365	0.07204521812	0.07503852365	-0.07499686958	0.1218589874	-0.07231580703	0.1066441519	0.05761604564	0.106752525	0.1066441519	0.1022309181	0.1101170304	0.2485460779	0.07435675416	0.1198638863	0.2589495328	0.1198638863	0.3510966179	0.0723253397	0.02561128372	0.1123932275	0.255303211	0.0308332627	0.06400540266	-0.05215959318	0.5141558815	-0.2848049093	0.489660928	-0.2825001061	-0.07690225692	-0.2825001061	0.06037213394	0.2777769555	0.06098624854	-0.2995786379	0.005480042094	0.07014043017	0.06818992416	-0.3256387328	0.138890292	0.231617184	0.4483200938	0.3203762716	0.3100370392	0.3203762716	0.4268692562	0.4261150467	-0.3210834876	0.3206367331	1	0.3370243806	-0.5001284329	-0.3247302996	0.4227551962	0.2195534022	0.2195534022	0.4209131033	0.4201893558	-0.1462501228	0.1177115914	0.1751302974	0.08510347407	0.06516278193	-0.1222191488	0.06516278193	0.06891931795
chr11_2109320_TG_T	0.03772513943	-0.0502591333	-0.03414085899	0.02223620331	0.1094438877	-0.03587320711	-0.03649058705	-0.03587320711	-0.03587320711	-0.01931416533	0.02148892579	-0.06731481962	-0.02046089736	0.1167033209	0.08876259594	0.08876259594	0.08667943567	-0.0919731731	-0.09368076959	-0.1283047212	0.2389673687	-0.09701414486	-0.08891970397	-0.06708748445	-0.07218168934	-0.06708748445	-0.06708748445	0.2649430898	-0.07218168934	-0.06574111505	0.05867973438	0.1572016405	0.1521461511	-0.1135859745	-0.07218168934	-0.08634880683	-0.07218168934	0.1571014961	-0.1725309622	0.1627716347	0.08403354691	-0.05238015638	0.08250164418	0.08403354691	-0.167613623	0.08326945796	-0.1126187712	0.03645996408	0.07051442532	-0.1096026855	0.07051442532	-0.00121913974	0.09736254337	0.2588261632	0.03173161386	-0.1096026855	0.01695962714	0.0941646284	0.1816458699	0.05379409854	-0.08586611663	-0.01861913447	-0.08517947322	0.1683873616	-0.08517947322	0.1741433995	0.6827869934	0.1710676833	-0.09290478576	0.3875587442	0.189238536	0.1887546907	-0.1037440362	-0.1288170939	0.1285834653	0.199092962	0.8682959616	0.8547011872	0.8682959616	0.1964418362	0.1964268355	-0.1074579685	0.8809051521	0.3370243806	1	-0.150285003	-0.1066712432	0.1811574151	0.1223906254	0.1223906254	0.1879143038	0.1878991464	0.02168344837	0.007224087175	0.03083073173	-0.008489977716	-0.06935666281	-0.01377852089	-0.06935666281	-0.06774772884
chr11_2109650_G_GC	0.08420955077	0.05984381355	0.07902132503	0.05310894021	0.01695670353	0.08118178151	0.08199277	0.08118178151	0.08118178151	-0.006089732836	0.04997142618	0.07914233069	-0.01139358796	-0.01407200281	-0.0275509003	-0.0275509003	-0.02196555157	0.04610508475	0.04198095194	-0.1890914972	-0.01053324405	0.1074599247	0.1121641888	0.101277763	0.0758272154	0.101277763	0.101277763	-0.01661741665	0.0758272154	0.09949798064	-0.03371179491	-0.008309813314	-0.05007046827	0.169324687	0.0758272154	0.08002509295	0.0758272154	-0.07440914543	0.1214613195	-0.06147063438	0.09882770367	0.115141186	0.08993863543	0.09882770367	0.1372375156	0.09440184243	0.1816788894	0.1384106061	0.09754389666	0.1643059149	0.09754389666	-0.1852703637	-0.4201307467	0.03612353745	-0.3783594072	0.1643059149	-0.4192642335	-0.4266882837	-0.04747068446	-0.6417409925	0.5111018756	-0.6385298068	0.5147319692	-0.04730617461	0.5147319692	-0.4280891267	-0.148645311	-0.4373502607	0.5557798576	-0.08236470144	-0.4354272745	-0.434922248	0.5830288756	0.4404018575	0.2659714211	-0.1844415623	-0.1409562426	-0.1269213862	-0.1409562426	-0.1963217071	-0.1961370914	0.6107974165	-0.1466011976	-0.5001284329	-0.150285003	1	0.5837890423	-0.284348011	0.2470251137	0.2470251137	-0.2256061094	-0.2221221723	0.1575531235	0.154657928	-0.06420685582	0.02060608165	0.1389233464	0.1826957671	0.1389233464	0.1298223024
chr11_2110067_G_A	0.09597695509	0.08626096203	0.1866368728	-0.1042556074	-0.1294291528	0.1862172195	0.1891516978	0.1862172195	0.1862172195	0.04099181402	-0.1060016856	-0.0004720409074	0.03761119098	-0.1068908125	-0.1111083219	-0.1111083219	-0.1066090474	0.1026548719	0.09836522145	0.2713412495	-0.09861710758	0.4648452248	0.4694797352	0.09053035998	0.1013111105	0.09053035998	0.09053035998	0.004902994961	0.1013111105	0.08503817489	-0.03924336911	-0.02100717222	-0.0703174185	0.5565402845	0.1013111105	0.1035799343	0.1013111105	-0.09359943296	0.1457663671	-0.1033232281	0.07752053561	0.08816073692	0.07247149306	0.07752053561	0.1361487041	0.07500618796	0.5653063696	0.04227279848	0.07924377891	0.5554735206	0.07924377891	0.2734615239	-0.3040481428	-0.08840900676	-0.2760947601	0.5643472426	-0.2949519665	-0.2990156455	-0.07551764366	-0.4356982831	0.8660487433	-0.4366985306	0.8686490419	-0.1186877667	0.8686490419	-0.3196935953	-0.09474595039	-0.3227184796	0.9093094766	-0.1380487827	-0.3153937848	-0.3170583027	0.9383917644	0.3347570294	0.1573461781	0.2790827107	-0.1010442345	-0.07832313417	-0.1010442345	0.2803527002	0.2796789216	0.9466434133	-0.1041186457	-0.3247302996	-0.1066712432	0.5837890423	1	0.2716751866	0.1509414897	0.1509414897	0.2697205247	0.2690427424	0.3166440475	0.09845287564	-0.0605123306	-0.1570670295	0.07329702159	0.3197002286	0.07329702159	0.06708101689
chr11_2111124_C_G	0.004296703069	-0.06422232958	0.06811953458	-0.1632932545	-0.1363323474	0.06431811955	0.06312442907	0.06431811955	0.06431811955	0.005120193336	-0.1604196158	0.05097584099	0.00247274086	-0.08217420284	-0.06076822537	-0.06076822537	-0.0642064822	0.08272662659	0.07580833733	0.5317577765	0.04656843348	0.3886445191	0.3886696456	0.2009344169	0.1878656291	0.2009344169	0.2009344169	0.1280579509	0.1878656291	0.2024075542	0.1630000057	0.1658696294	0.1311037738	0.4185969191	0.1878656291	0.1893900011	0.1878656291	0.09860110134	0.1063741403	0.0754740621	0.223023625	0.1994562132	0.2135278247	0.223023625	0.0558411176	0.221658861	0.4149320423	0.1779950364	0.2350295772	0.4250883754	0.2350295772	0.5311602655	0.2081899647	-0.02358851842	0.1261794217	0.4286755046	0.1550381123	0.1882018046	0.1663019183	0.361290195	0.278067245	0.3460000724	0.2798694341	0.08302177444	0.2798694341	0.2102797827	0.1251260304	0.2144940876	0.2790283245	0.1323498876	0.2213296087	0.2202241221	0.2778866757	-0.01213642921	0.3877787785	0.8855789972	0.1576436922	0.1622197461	0.1576436922	0.8450286132	0.8463239631	0.2254848188	0.1622197461	0.4227551962	0.1811574151	-0.284348011	0.2716751866	1	0.4170895413	0.4170895413	0.8764049211	0.8743140494	0.1194404546	-0.003156262622	0.09678779933	-0.06673907236	0.06506533372	0.09237426547	0.06506533372	0.06725784936
chr11_2111243_A_G	0.06807855614	0.02490188048	0.04904557185	0.01124376964	0.01080168099	0.043082991	0.04436876429	0.043082991	0.043082991	-0.01797860945	0.01278273842	0.204538755	-0.01520727044	0.01207057881	0.01251272801	0.01251272801	0.01141990708	0.05837301942	0.04803880846	0.2671105897	0.009170760316	0.1993171006	0.2014106843	0.4163739086	0.4033931108	0.4163739086	0.4163739086	0.117562093	0.4033931108	0.4212844256	0.1786178916	0.1590341438	0.1586107951	0.2195346347	0.4033931108	0.4083057231	0.4033931108	0.1769727293	0.1441908832	0.1753386368	0.4765179588	0.4292343999	0.4576149545	0.4765179588	0.1692703502	0.4717847519	0.2174394197	0.3985028459	0.4677336218	0.2210297424	0.4677336218	0.2775853843	0.07530743879	0.1469236319	0.01812543548	0.2160374082	0.07878123227	0.08050336925	0.1714085446	0.1741764002	0.1483919177	0.1673880334	0.1469109603	0.1722541262	0.1469109603	0.07730449494	0.1231954764	0.07385441562	0.1637467049	0.1950227855	0.06660748434	0.06790342112	0.1692550869	0.2322396945	0.9369545126	0.5203106533	0.1007402495	0.1031462695	0.1007402495	0.5476595455	0.5506173865	0.1662082267	0.1031462695	0.2195534022	0.1223906254	0.2470251137	0.1509414897	0.4170895413	1	1	0.5583237163	0.5614320578	0.08727167397	0.1057330427	-0.0645141854	0.01649467433	0.2431979459	0.05829392703	0.2431979459	0.2392617575
chr11_2111406_A_C	0.06807855614	0.02490188048	0.04904557185	0.01124376964	0.01080168099	0.043082991	0.04436876429	0.043082991	0.043082991	-0.01797860945	0.01278273842	0.204538755	-0.01520727044	0.01207057881	0.01251272801	0.01251272801	0.01141990708	0.05837301942	0.04803880846	0.2671105897	0.009170760316	0.1993171006	0.2014106843	0.4163739086	0.4033931108	0.4163739086	0.4163739086	0.117562093	0.4033931108	0.4212844256	0.1786178916	0.1590341438	0.1586107951	0.2195346347	0.4033931108	0.4083057231	0.4033931108	0.1769727293	0.1441908832	0.1753386368	0.4765179588	0.4292343999	0.4576149545	0.4765179588	0.1692703502	0.4717847519	0.2174394197	0.3985028459	0.4677336218	0.2210297424	0.4677336218	0.2775853843	0.07530743879	0.1469236319	0.01812543548	0.2160374082	0.07878123227	0.08050336925	0.1714085446	0.1741764002	0.1483919177	0.1673880334	0.1469109603	0.1722541262	0.1469109603	0.07730449494	0.1231954764	0.07385441562	0.1637467049	0.1950227855	0.06660748434	0.06790342112	0.1692550869	0.2322396945	0.9369545126	0.5203106533	0.1007402495	0.1031462695	0.1007402495	0.5476595455	0.5506173865	0.1662082267	0.1031462695	0.2195534022	0.1223906254	0.2470251137	0.1509414897	0.4170895413	1	1	0.5583237163	0.5614320578	0.08727167397	0.1057330427	-0.0645141854	0.01649467433	0.2431979459	0.05829392703	0.2431979459	0.2392617575
chr11_2111509_A_G	0.04854489861	-0.02791473747	0.04020878403	-0.1110270929	-0.0910517926	0.03614077015	0.03830710454	0.03614077015	0.03614077015	0.01902689386	-0.1083096998	0.0721032354	0.01608117006	-0.0432854223	-0.01290122891	-0.01290122891	-0.01681675193	0.04290468169	0.03568803216	0.6235419602	-0.06590287491	0.4035308513	0.4033109302	0.2005167085	0.1826782347	0.2005167085	0.2005167085	0.1538011355	0.1826782347	0.2021784642	0.1615969295	0.1626665401	0.1208562893	0.437549521	0.1826782347	0.1844025158	0.1826782347	0.08537578004	0.08241550111	0.06170678706	0.2538558986	0.2052540976	0.2442354021	0.2538558986	0.08443294775	0.2524348757	0.4341256541	0.1887028503	0.2397281553	0.4448264474	0.2397281553	0.5826461001	0.2083102734	-0.03023482483	0.1272254162	0.4484204224	0.1917952329	0.2068597792	0.16102109	0.4148369791	0.2846243747	0.3968871455	0.2865624284	0.07379480097	0.2865624284	0.2184637561	0.1041086079	0.2221768281	0.2841232013	0.1211372227	0.2190015976	0.2177924246	0.2831333435	0.01072998856	0.5328586556	0.9292501457	0.1475933046	0.1520185856	0.1475933046	0.9652524344	0.9668075174	0.2984260476	0.1520185856	0.4209131033	0.1879143038	-0.2256061094	0.2697205247	0.8764049211	0.5583237163	0.5583237163	1	0.9981930884	0.1153629418	0.01713617222	0.078715342	-0.09275742422	0.09543341402	0.07910095746	0.09543341402	0.09767030946
chr11_2111531_A_G	0.05083423995	-0.02947480864	0.04143251856	-0.1129056784	-0.09308362787	0.03733399403	0.03950270861	0.03733399403	0.03733399403	0.01825476695	-0.1101849195	0.07281015345	0.01529323803	-0.0453815547	-0.01223067816	-0.01223067816	-0.01617703606	0.0425240165	0.0352689416	0.6203527224	-0.06773640447	0.4025109803	0.4022854427	0.2021302458	0.1842810076	0.2021302458	0.2021302458	0.1538023513	0.1842810076	0.2038032249	0.1611378444	0.1623382724	0.1203595834	0.4365094532	0.1842810076	0.1860166077	0.1842810076	0.08464251712	0.08424581878	0.06087778243	0.2555692629	0.2068769858	0.245905589	0.2555692629	0.08620865597	0.2541375663	0.4330798802	0.189857442	0.2414202748	0.4438412421	0.2414202748	0.5799942193	0.2065488834	-0.03108204231	0.1255599826	0.4474467805	0.1900364688	0.2051153929	0.1606092121	0.41275716	0.283986651	0.3947701354	0.2859363939	0.07295640162	0.2859363939	0.2167869093	0.1038167986	0.2204861382	0.2834320747	0.1203775462	0.2173584884	0.2161387807	0.2824360015	0.01345697284	0.5359277009	0.927500965	0.1475216263	0.1519527233	0.1475216263	0.9634967202	0.9650366068	0.2977592312	0.1519527233	0.4201893558	0.1878991464	-0.2221221723	0.2690427424	0.8743140494	0.5614320578	0.5614320578	0.9981930884	1	0.1143103968	0.01826308455	0.07800461064	-0.09526528679	0.09657413834	0.07793694599	0.09657413834	0.09882455283
chr11_2113931_G_A	0.007778866048	-0.01194481697	-0.0138548638	-0.03369512384	-0.03658052857	-0.01792790083	-0.01494512857	-0.01792790083	-0.01792790083	0.007676871238	-0.03534938581	-0.05815581789	0.004738564349	-0.05153621798	-0.001771517008	-0.001771517008	0.00280068315	-0.01234929189	-0.01629064688	0.1199036748	0.0341875039	0.1415968057	0.142919399	0.01851057703	0.03739621766	0.01851057703	0.01851057703	0.1197634724	0.03739621766	0.02093152021	0.04205883202	0.07208928155	0.01474190549	0.1529814621	0.03739621766	0.03195544317	0.03739621766	0.04521859394	0.0001529320646	0.03332431684	0.00469392915	0.02409460505	-0.0005777569588	0.00469392915	-0.02310452842	0.002070250929	0.1381511276	0.0410860765	0.006697944683	0.1362607234	0.006697944683	0.06806278903	-0.05508077003	-0.05099335113	-0.09787634254	0.1452639559	-0.05952115975	-0.06221741359	0.07567501162	-0.1716778366	0.3144638763	-0.1642598384	0.3053526284	0.01790941555	0.3053526284	-0.07660305051	-0.04442731202	-0.07465735578	0.2913190416	-0.006677597384	-0.07992676889	-0.08133755556	0.2948048237	0.04904626924	0.0170923575	0.05956595731	0.03120927562	0.03977271811	0.03120927562	0.05856427166	0.05733720348	0.2805296888	0.03977271811	-0.1462501228	0.02168344837	0.1575531235	0.3166440475	0.1194404546	0.08727167397	0.08727167397	0.1153629418	0.1143103968	1	0.1567020236	0.1942886345	0.1083834346	0.03440319513	0.7928574925	0.03440319513	0.01902739526
chr11_2114571_C_G	0.04669093487	-0.07239357869	0.01008834919	0.0485022143	0.03810414	0.01315502515	0.01419124033	0.01315502515	0.01315502515	-0.1391019078	0.04973051819	0.1706999857	-0.1361110975	0.02420760746	0.03383554637	0.03383554637	0.03675748858	0.02767156283	0.02540542848	0.03379845031	0.1002186559	0.1507737036	0.1468653025	0.1802215869	0.1796174094	0.1802215869	0.1802215869	0.07790240396	0.1796174094	0.1875674839	0.1291654889	0.1164694322	0.1037159833	0.1572518922	0.1796174094	0.1771594237	0.1796174094	0.107472583	0.03854321305	0.1045989427	0.2134018745	0.1928283112	0.2088093104	0.2134018745	0.05445540036	0.2163772084	0.149880479	0.2846179673	0.2121435882	0.1502557207	0.2121435882	0.01362047747	-0.1097237039	0.03907590059	-0.1769403029	0.1502557207	-0.1128956606	-0.1135367898	0.09651039076	-0.02253550202	0.09467692273	-0.0285689935	0.09344525679	0.1063495692	0.09344525679	-0.1532116878	-0.02461049769	-0.1534508042	0.0939335017	0.08687213318	-0.1565788946	-0.1556429082	0.1000687933	0.2715247793	0.08486173652	-0.01752766796	-0.009432666048	-0.006219359909	-0.009432666048	-0.00206667208	-0.001015321685	0.1081486272	-0.006219359909	0.1177115914	0.007224087175	0.154657928	0.09845287564	-0.003156262622	0.1057330427	0.1057330427	0.01713617222	0.01826308455	0.1567020236	1	0.4422716092	0.3239889553	0.5826454291	0.1782243311	0.5826454291	0.5660937276
chr11_2116492_C_G	0.004893304689	-0.0943232315	-0.09587642334	-0.05253396585	-0.01069423237	-0.09850901868	-0.09615781826	-0.09850901868	-0.09850901868	-0.1529469622	-0.05363219138	0.01383398575	-0.1469361284	-0.05039334855	0.01870475646	0.01870475646	0.02249287207	-0.003982680861	-0.01307986052	0.07147541615	0.100590954	0.140767913	0.1350055136	0.05316201925	0.05881093188	0.05316201925	0.05316201925	0.04733821871	0.05881093188	0.05464308418	0.05468090089	0.05056446622	0.025595401	0.1527159582	0.05881093188	0.05432212794	0.05881093188	-0.01846966889	0.07603030797	-0.01477897244	0.07317741785	0.05781612925	0.07025933896	0.07317741785	0.05440417858	0.07819330139	0.1549731272	0.1150225661	0.06623915307	0.1563699541	0.06623915307	-0.004799815891	-0.07758559007	-0.08018522737	-0.1252663321	0.1529221893	-0.1167712636	-0.09116930864	0.03896197785	0.07894785947	-0.01680367656	0.05870186291	-0.01563968574	-0.01957823865	-0.01563968574	-0.1156010954	-0.05565768277	-0.1100961967	-0.04192177601	-0.008389308027	-0.1173810015	-0.1150363749	-0.03678922794	0.09035209934	-0.07720214778	0.07240805571	0.01612493373	0.01313083616	0.01612493373	0.07078185459	0.06660954646	-0.03690801319	0.0231533335	0.1751302974	0.03083073173	-0.06420685582	-0.0605123306	0.09678779933	-0.0645141854	-0.0645141854	0.078715342	0.07800461064	0.1942886345	0.4422716092	1	0.7114541454	0.3330890958	0.2279604354	0.3330890958	0.3262700269
chr11_2116493_T_A	0.008901922593	0.01258754978	-0.0602709939	-0.01989619133	-0.001040428939	-0.06270129051	-0.06102346162	-0.06270129051	-0.06270129051	-0.03977112826	-0.0224872126	0.07107376791	-0.03589738373	0.009713460627	-0.01483739993	-0.01483739993	-0.009693253173	0.03574055818	0.03331225829	-0.05058541814	0.07149925441	0.03410138226	0.0335956153	0.1140802563	0.1340450353	0.1140802563	0.1140802563	0.01970139742	0.1340450353	0.117504987	0.00926097641	0.005940790875	0.01138390488	0.02968322939	0.1340450353	0.13052445	0.1340450353	-0.060111629	0.1581865308	-0.05730603873	0.1227914227	0.124755068	0.1156853119	0.1227914227	0.1335895749	0.1266867051	0.04600451658	0.1753846827	0.1221419534	0.03715515466	0.1221419534	-0.1100015617	-0.09024069724	-0.08289952732	-0.09673724781	0.03715515466	-0.1173967687	-0.1011497242	-0.01538803363	0.02232152745	-0.1199494355	0.01241259029	-0.1222371803	-0.07409981592	-0.1222371803	-0.1154622321	-0.03410713652	-0.1106059613	-0.1379434489	-0.05209333028	-0.1254051482	-0.123761109	-0.136100777	0.07689873332	-0.01668181605	-0.08742051219	0.002631903667	-0.00376347913	0.002631903667	-0.09572382933	-0.09819478486	-0.149477158	0.007753463948	0.08510347407	-0.008489977716	0.02060608165	-0.1570670295	-0.06673907236	0.01649467433	0.01649467433	-0.09275742422	-0.09526528679	0.1083834346	0.3239889553	0.7114541454	1	0.453870777	0.1951733437	0.453870777	0.4399018167
chr11_2116686_G_C	0.1374558038	-0.02512774453	-0.0125274558	0.02485659565	0.01233230646	-0.01011257381	-0.009319649237	-0.01011257381	-0.01011257381	-0.09622240854	0.02582148879	0.2647226698	-0.09396600407	0.001014737291	0.01628482741	0.01628482741	0.01859407803	0.07849867201	0.06741422779	0.09587942255	0.05606100009	0.1044058529	0.1057945099	0.2995588257	0.3164574457	0.2995588257	0.2995588257	-0.06452340175	0.3164574457	0.3096293578	0.02490227639	0.01552920044	-0.01638218309	0.1126939098	0.3164574457	0.3139197438	0.3164574457	0.005129223581	0.2109797407	0.0003018822764	0.3470847248	0.3150114442	0.3398918034	0.3470847248	0.2256690851	0.3502340233	0.1113012575	0.4775845598	0.3349002987	0.1072255429	0.3349002987	0.08504696182	-0.01888893091	-0.0687381716	-0.05740975591	0.1072255429	-0.01542363737	-0.01139043944	-0.01526805011	0.04718839848	0.04921292605	0.04268686326	0.04823480596	-0.01282024611	0.04823480596	-0.04107190106	-0.1301388931	-0.04404680084	0.05958455343	-0.001012053755	-0.04746359045	-0.04669231574	0.07650230701	0.2381499268	0.2122847442	0.06283846267	-0.1077120916	-0.1038473226	-0.1077120916	0.07942726055	0.08049114001	0.08281500734	-0.1038473226	0.06516278193	-0.06935666281	0.1389233464	0.07329702159	0.06506533372	0.2431979459	0.2431979459	0.09543341402	0.09657413834	0.03440319513	0.5826454291	0.3330890958	0.453870777	1	0.1074703891	1	0.9784882623
chr11_2116776_T_C	0.02242559001	-0.03243427704	-0.006669957783	-0.05288386034	-0.05008232288	-0.006439157351	-0.003501509683	-0.006439157351	-0.006439157351	-0.01282026171	-0.05451786412	-0.0562184319	-0.006510620617	-0.0667453988	-0.01704929811	-0.01704929811	-0.01252038782	0.003101422658	-0.0008269684012	0.110016271	-0.0235060315	0.1788608055	0.1800363371	0.02065261935	0.03940405083	0.02065261935	0.02065261935	0.04517959095	0.03940405083	0.02305610998	-0.03717219247	-0.001096431858	-0.04191777862	0.1715120234	0.03940405083	0.034049264	0.03940405083	-0.02100552047	0.04834304372	-0.02452087952	-0.001456134391	0.01823086434	-0.006765614283	-0.001456134391	0.02669642332	-0.004098497182	0.1658314895	0.05427742242	0.008878560722	0.1640469261	0.008878560722	0.06464427597	-0.08645976144	-0.03337656896	-0.08367454102	0.1729314012	-0.09523331936	-0.09807003785	0.005560322616	-0.1944287931	0.3119647831	-0.1829444186	0.3084730056	-0.0393125521	0.3084730056	-0.1206530088	-0.05698665934	-0.1144276324	0.3159338936	-0.06673330321	-0.1233268329	-0.1247578716	0.3195621685	0.1027960099	0.008468959338	0.04710276042	-0.009823545879	-0.0008595899276	-0.009823545879	0.03698540217	0.04012501684	0.2887842067	-0.0008595899276	-0.1222191488	-0.01377852089	0.1826957671	0.3197002286	0.09237426547	0.05829392703	0.05829392703	0.07910095746	0.07793694599	0.7928574925	0.1782243311	0.2279604354	0.1951733437	0.1074703891	1	0.1074703891	0.09191975192
chr11_2117403_A_G	0.1374558038	-0.02512774453	-0.0125274558	0.02485659565	0.01233230646	-0.01011257381	-0.009319649237	-0.01011257381	-0.01011257381	-0.09622240854	0.02582148879	0.2647226698	-0.09396600407	0.001014737291	0.01628482741	0.01628482741	0.01859407803	0.07849867201	0.06741422779	0.09587942255	0.05606100009	0.1044058529	0.1057945099	0.2995588257	0.3164574457	0.2995588257	0.2995588257	-0.06452340175	0.3164574457	0.3096293578	0.02490227639	0.01552920044	-0.01638218309	0.1126939098	0.3164574457	0.3139197438	0.3164574457	0.005129223581	0.2109797407	0.0003018822764	0.3470847248	0.3150114442	0.3398918034	0.3470847248	0.2256690851	0.3502340233	0.1113012575	0.4775845598	0.3349002987	0.1072255429	0.3349002987	0.08504696182	-0.01888893091	-0.0687381716	-0.05740975591	0.1072255429	-0.01542363737	-0.01139043944	-0.01526805011	0.04718839848	0.04921292605	0.04268686326	0.04823480596	-0.01282024611	0.04823480596	-0.04107190106	-0.1301388931	-0.04404680084	0.05958455343	-0.001012053755	-0.04746359045	-0.04669231574	0.07650230701	0.2381499268	0.2122847442	0.06283846267	-0.1077120916	-0.1038473226	-0.1077120916	0.07942726055	0.08049114001	0.08281500734	-0.1038473226	0.06516278193	-0.06935666281	0.1389233464	0.07329702159	0.06506533372	0.2431979459	0.2431979459	0.09543341402	0.09657413834	0.03440319513	0.5826454291	0.3330890958	0.453870777	1	0.1074703891	1	0.9784882623
chr11_2118860_T_G	0.1401042742	-0.01295699944	-0.01462568158	0.03624287225	0.02350293275	-0.01218958649	-0.01139193544	-0.01218958649	-0.01218958649	-0.07930183768	0.03720684291	0.2623255961	-0.07713143275	0.01377831484	0.02849198121	0.02849198121	0.03077484765	0.0657807032	0.05478861088	0.09118616773	0.05040516136	0.09400654764	0.09543506275	0.2833170732	0.3004041572	0.2833170732	0.2833170732	-0.06319083786	0.3004041572	0.2933698967	0.02670399393	0.01713025025	-0.01453838619	0.1098009044	0.3004041572	0.2979125467	0.3004041572	0.00709704506	0.1978118945	0.002335054046	0.3300629689	0.2986461926	0.3228097329	0.3300629689	0.2122491593	0.333145531	0.1083891269	0.4539673514	0.3181330191	0.1185607657	0.3181330191	0.07966675113	-0.03495597215	-0.06687486208	-0.06022740543	0.1042807609	-0.01766992488	-0.01361253692	-0.01334245693	0.04701958436	0.04321557894	0.04248235426	0.04222480496	-0.01061924951	0.04222480496	-0.04313336759	-0.1281816365	-0.04603806716	0.05375269915	0.001269719725	-0.04945912229	-0.04868295006	0.07053087886	0.231507712	0.2084342157	0.06480408173	-0.1060370931	-0.1021769111	-0.1060370931	0.08152306809	0.08259955083	0.07702829933	-0.1021769111	0.06891931795	-0.06774772884	0.1298223024	0.06708101689	0.06725784936	0.2392617575	0.2392617575	0.09767030946	0.09882455283	0.01902739526	0.5660937276	0.3262700269	0.4399018167	0.9784882623	0.09191975192	0.9784882623	1
