variant_id	chr11_2040128_A_G	chr11_2063051_C_T	chr11_2063598_G_A	chr11_2063846_C_T	chr11_2064769_A_G	chr11_2065099_T_C	chr11_2065765_C_A	chr11_2065900_C_T	chr11_2066031_T_G	chr11_2066970_G_A	chr11_2067320_C_T	chr11_2068717_A_G	chr11_2068776_A_G	chr11_2069125_TCTCCATACTCCATTTTCCACA_T	chr11_2070333_C_T	chr11_2070570_C_T	chr11_2070926_A_T	chr11_2070993_T_G	chr11_2070994_C_T	chr11_2072504_T_C	chr11_2073182_A_G	chr11_2073444_A_G	chr11_2073476_A_C	chr11_2073913_A_G	chr11_2074576_C_A	chr11_2075149_A_G	chr11_2075252_T_C	chr11_2075720_C_G	chr11_2075736_C_T	chr11_2076798_T_C	chr11_2076994_T_C	chr11_2077046_CCA_C	chr11_2077271_C_T	chr11_2077486_A_G	chr11_2078638_T_C	chr11_2078742_G_A	chr11_2078858_A_AT	chr11_2080612_C_T	chr11_2081637_C_CT	chr11_2081917_A_G	chr11_2082423_C_T	chr11_2082702_C_CA	chr11_2083709_C_T	chr11_2084014_C_T	chr11_2084913_T_C	chr11_2086132_G_A	chr11_2087220_T_C	chr11_2087727_T_G	chr11_2087911_T_C	chr11_2088229_C_T	chr11_2089861_A_G	chr11_2090336_T_G	chr11_2090456_T_G	chr11_2093065_C_T	chr11_2093603_C_A	chr11_2093897_G_A	chr11_2094303_C_T	chr11_2094599_G_A	chr11_2095273_C_T	chr11_2095799_A_G	chr11_2095814_GACA_G	chr11_2095968_T_C	chr11_2096707_G_A	chr11_2096919_G_A	chr11_2097561_T_C	chr11_2097954_C_T	chr11_2098180_AC_A	chr11_2098701_A_AT	chr11_2099854_G_A	chr11_2101283_G_A	chr11_2101345_C_T	chr11_2101804_G_A	chr11_2102033_G_A	chr11_2103073_T_TC	chr11_2104138_A_G	chr11_2107025_C_T	chr11_2107107_G_A	chr11_2107122_C_T	chr11_2107655_C_A	chr11_2107854_G_T	chr11_2108072_G_A	chr11_2108091_G_GAGTC	chr11_2108689_C_T	chr11_2108794_C_T	chr11_2109320_TG_T	chr11_2109650_G_GC	chr11_2110067_G_A	chr11_2111124_C_G	chr11_2111243_A_G	chr11_2111406_A_C	chr11_2111509_A_G	chr11_2111531_A_G	chr11_2113931_G_A	chr11_2114571_C_G	chr11_2116492_C_G	chr11_2116493_T_A	chr11_2116686_G_C	chr11_2116776_T_C	chr11_2117403_A_G	chr11_2118860_T_G
chr11_2040128_A_G	1	-0.1116833618	-0.07771573898	-0.05263031512	-0.03246005584	-0.07904060392	-0.07904060392	-0.07904060392	-0.07904060392	-0.08484382994	-0.05524870266	0.07047069637	-0.09032541659	0.02888237443	0.04014598663	0.04014598663	0.04014598663	0.04016722345	0.04016722345	-0.06494343104	-0.03242749343	-0.07461223368	-0.07461223368	0.001617483836	0.001617483836	0.001617483836	0.001617483836	-0.05190538698	0.001617483836	0.001617483836	-0.01423209097	-0.03298058063	-0.02984442545	-0.09110456316	0.004872466085	-0.004338695949	0.004872466085	-0.03298058063	0.03598137649	-0.03454088829	0.01746487752	0.01907223234	0.01746487752	0.01746487752	0.03006516868	0.01746487752	-0.09005988475	0.01438725148	-0.01441871305	-0.1037674468	0.0160236457	-0.08173335727	0.05477004287	-0.01746487752	0.0388027893	-0.09160954332	0.02939705245	0.03362636023	-0.02045905333	0.104862262	-0.1577249762	0.1019696921	-0.1604708982	-0.009334607679	-0.1604708982	0.03846424319	-0.0221433998	0.0388027893	-0.1604708982	-0.009334607679	0.03483051	0.0474031531	-0.1559373687	-0.01960049105	0.009437735941	-0.1054557207	-0.01085698914	-0.01085698914	-0.01085698914	-0.1037200839	-0.1054557207	-0.1541683192	-0.01085698914	0.07770952036	-0.01234312377	-0.08056075462	-0.1541683192	-0.1154132193	-0.01018595218	-0.01018595218	-0.1118158055	-0.1118158055	-0.1897397226	-0.01764480652	-0.09343275623	-0.01450802892	-0.008089272866	-0.2304714005	-0.005183379962	-0.006281603625
chr11_2063051_C_T	-0.1116833618	1	0.8769209205	-0.4215425659	-0.4097897808	0.8807028633	0.8807028633	0.8807028633	0.8807028633	0.8702221973	-0.4229621807	0.308026244	0.8505398643	-0.4105678735	-0.4656764363	-0.4656764363	-0.4656764363	0.6888291816	0.6888291816	0.2418566784	-0.1981586763	0.3247532748	0.3247532748	0.2049522076	0.2049522076	0.2049522076	0.2049522076	-0.1932720263	0.2049522076	0.2049522076	-0.1941520303	-0.2091431417	-0.2091836295	0.3265049954	0.2027650952	0.2198515826	0.2027650952	-0.2176490805	0.325108189	-0.213378256	0.1941643317	0.1984698871	0.1941643317	0.1941643317	0.3164627354	0.1941643317	0.3303965641	0.1962687065	0.1962633358	0.3435961122	0.2006160683	0.2304325888	-0.1975630364	-0.2199521691	-0.1689635324	0.3345283064	-0.1843434707	-0.1705747254	-0.2176039985	-0.1765670273	0.3039698321	-0.1845065001	0.2979515891	-0.2072178647	0.2979515891	-0.1597215441	-0.1986072389	-0.1611273461	0.2979515891	-0.2072178647	-0.1803511589	-0.1767612836	0.2877511527	0.2704526127	0.1392326708	0.168296273	-0.2092534959	-0.2092534959	-0.2092534959	0.1643234313	0.168296273	0.2777739116	-0.2092534959	-0.1792750802	-0.2112777585	0.2516697106	0.2777739116	0.1652569056	0.1302188549	0.1302188549	0.1654630704	0.1654630704	0.2039184553	0.1746017676	0.187785251	0.1662937958	0.1672954132	0.2266049239	0.1601935886	0.1205530131
chr11_2063598_G_A	-0.07771573898	0.8769209205	1	-0.4911365019	-0.4891246221	0.9969352919	0.9969352919	0.9969352919	0.9969352919	0.7750903782	-0.4877472746	0.3546367416	0.7537890269	-0.4721964712	-0.5204900827	-0.5204900827	-0.5204900827	0.7746461386	0.7746461386	0.2431326678	-0.2484239645	0.3546134693	0.3546134693	0.2098936077	0.2098936077	0.2098936077	0.2098936077	-0.2618572503	0.2098936077	0.2098936077	-0.2385251151	-0.2534662722	-0.2520694934	0.3477733163	0.2092560926	0.2284997094	0.2092560926	-0.2614648896	0.3603331672	-0.2581647891	0.2076488301	0.2124839447	0.2076488301	0.2076488301	0.3555771153	0.2076488301	0.3520993021	0.2083039131	0.2098936077	0.2245238577	0.2131906085	0.2218101371	-0.07194607706	-0.2561483661	-0.2054348055	0.3555439193	-0.2165234427	-0.2082820274	-0.2548862817	-0.1818888877	0.2980829992	-0.1907803076	0.291249589	-0.2404654633	0.291249589	-0.1963379107	-0.2472889081	-0.1980659945	0.291249589	-0.2404654633	-0.2163677111	-0.2136979271	0.2833821524	0.2985760202	0.1439974212	0.1353834147	-0.258761305	-0.258761305	-0.258761305	0.1324828678	0.1353834147	0.2745466241	-0.258761305	-0.2201618032	-0.2607169687	0.2786287992	0.2745466241	0.1358819936	0.1421593331	0.1421593331	0.1377695665	0.1377695665	0.1075058732	0.07088378278	0.1289799972	0.1159289619	0.09627282192	0.1318868501	0.08406146563	-0.02694787734
chr11_2063846_C_T	-0.05263031512	-0.4215425659	-0.4911365019	1	0.9781988618	-0.4894249858	-0.4894249858	-0.4894249858	-0.4894249858	-0.3718099202	0.9938188531	0.3461633781	-0.3741087327	0.825528797	0.9130219567	0.9130219567	0.9130219567	-0.6248422831	-0.6248422831	0.1844812171	0.2721483051	-0.05174652693	-0.05174652693	0.2002519098	0.2002519098	0.2002519098	0.2002519098	0.2866227711	0.2002519098	0.2002519098	0.2849053998	0.2542441487	0.2657506941	-0.01710310692	0.2078151236	0.2190540172	0.2078151236	0.2703255777	-0.03678880891	0.2645881875	0.2143618459	0.2029688862	0.2143618459	0.2143618459	-0.04469651925	0.2143618459	-0.02503664585	0.2151528507	0.208465552	0.03684515468	0.2117982934	0.2045522528	0.1504132323	0.2650602724	0.2408855456	-0.02307160176	0.2238121658	0.2438037324	0.2588821346	0.182464831	-0.01326308513	0.1872314708	-0.003361644769	0.2370445926	-0.003361644769	0.2240979427	0.2488281746	0.2334779521	-0.003361644769	0.2370445926	0.2105906201	0.2057540943	0.007933569636	0.02358787702	0.2170491744	0.2188038416	0.2368515828	0.2368515828	0.2368515828	0.2234766635	0.2188038416	0.0116466183	0.2368515828	0.2117508976	0.2447149729	0.001408635969	0.0116466183	0.1972589373	0.2072447624	0.2072447624	0.2067666681	0.2067666681	0.2044453474	0.2074198244	0.05383528303	0.04659648904	0.09391426023	0.1104025238	0.1030264129	0.1625183722
chr11_2064769_A_G	-0.03246005584	-0.4097897808	-0.4891246221	0.9781988618	1	-0.481208116	-0.481208116	-0.481208116	-0.481208116	-0.3707396502	0.9780699584	0.3585206219	-0.3734301077	0.8422634656	0.9144178004	0.9144178004	0.9144178004	-0.6223470261	-0.6223470261	0.186126469	0.2661870507	-0.04953461469	-0.04953461469	0.2014683431	0.2014683431	0.2014683431	0.2014683431	0.2811837778	0.2014683431	0.2014683431	0.2800445599	0.2571850959	0.2689405847	-0.02118432695	0.209251279	0.2208771701	0.209251279	0.2734140882	-0.03762140151	0.2675528351	0.2157143942	0.2042888856	0.2157143942	0.2157143942	-0.04587298652	0.2157143942	-0.02914566506	0.2163594361	0.2097573536	0.02933233592	0.213047555	0.1989550237	0.1547114138	0.2681069021	0.2416525028	-0.02722934047	0.2240594497	0.2444358023	0.2617235034	0.1816274959	-0.01724285483	0.1863181802	-0.00736170596	0.2401990459	-0.00736170596	0.2247234503	0.2522392041	0.2341769373	-0.00736170596	0.2401990459	0.210993002	0.2060504855	0.004213877939	0.02346954364	0.2180506666	0.2208341385	0.2399209526	0.2399209526	0.2399209526	0.2256173525	0.2208341385	0.01385232477	0.2399209526	0.2117050246	0.2477754521	0.002964476049	0.01385232477	0.206718417	0.208006083	0.208006083	0.2084808405	0.2084808405	0.1855439077	0.2092110636	0.03870841539	0.03075021663	0.09623218997	0.09281101186	0.1055502604	0.160261651
chr11_2065099_T_C	-0.07904060392	0.8807028633	0.9969352919	-0.4894249858	-0.481208116	1	1	1	1	0.7727052082	-0.4860641705	0.3579893284	0.7513377712	-0.4696276566	-0.5192306422	-0.5192306422	-0.5192306422	0.7761073311	0.7761073311	0.2460585812	-0.2438384117	0.3538896318	0.3538896318	0.2126126412	0.2126126412	0.2126126412	0.2126126412	-0.257083225	0.2126126412	0.2126126412	-0.233083095	-0.2481670152	-0.2467000144	0.3468094155	0.2119840442	0.2313189065	0.2119840442	-0.2561731471	0.3584912994	-0.2529039109	0.210338784	0.215196678	0.210338784	0.210338784	0.3536252933	0.210338784	0.3511542647	0.2109848472	0.2126126412	0.2240590716	0.2158944303	0.2247614346	-0.06884865166	-0.2507930341	-0.2011853615	0.354580165	-0.2124703254	-0.2041852087	-0.2496559701	-0.1782626925	0.2970941923	-0.1872050551	0.2902178079	-0.2349174211	0.2902178079	-0.1921186798	-0.241673526	-0.1938096277	0.2902178079	-0.2349174211	-0.2122904338	-0.2096422062	0.2824011016	0.2967356189	0.1465631108	0.1380917584	-0.2533278509	-0.2533278509	-0.2533278509	0.1352066047	0.1380917584	0.2735786352	-0.2533278509	-0.2163428103	-0.2553792186	0.277419568	0.2735786352	0.1385254106	0.1446867793	0.1446867793	0.1404510098	0.1404510098	0.1049189404	0.07347089452	0.1261430732	0.1128914077	0.09921619525	0.1299208745	0.08702982114	-0.02363120752
chr11_2065765_C_A	-0.07904060392	0.8807028633	0.9969352919	-0.4894249858	-0.481208116	1	1	1	1	0.7727052082	-0.4860641705	0.3579893284	0.7513377712	-0.4696276566	-0.5192306422	-0.5192306422	-0.5192306422	0.7761073311	0.7761073311	0.2460585812	-0.2438384117	0.3538896318	0.3538896318	0.2126126412	0.2126126412	0.2126126412	0.2126126412	-0.257083225	0.2126126412	0.2126126412	-0.233083095	-0.2481670152	-0.2467000144	0.3468094155	0.2119840442	0.2313189065	0.2119840442	-0.2561731471	0.3584912994	-0.2529039109	0.210338784	0.215196678	0.210338784	0.210338784	0.3536252933	0.210338784	0.3511542647	0.2109848472	0.2126126412	0.2240590716	0.2158944303	0.2247614346	-0.06884865166	-0.2507930341	-0.2011853615	0.354580165	-0.2124703254	-0.2041852087	-0.2496559701	-0.1782626925	0.2970941923	-0.1872050551	0.2902178079	-0.2349174211	0.2902178079	-0.1921186798	-0.241673526	-0.1938096277	0.2902178079	-0.2349174211	-0.2122904338	-0.2096422062	0.2824011016	0.2967356189	0.1465631108	0.1380917584	-0.2533278509	-0.2533278509	-0.2533278509	0.1352066047	0.1380917584	0.2735786352	-0.2533278509	-0.2163428103	-0.2553792186	0.277419568	0.2735786352	0.1385254106	0.1446867793	0.1446867793	0.1404510098	0.1404510098	0.1049189404	0.07347089452	0.1261430732	0.1128914077	0.09921619525	0.1299208745	0.08702982114	-0.02363120752
chr11_2065900_C_T	-0.07904060392	0.8807028633	0.9969352919	-0.4894249858	-0.481208116	1	1	1	1	0.7727052082	-0.4860641705	0.3579893284	0.7513377712	-0.4696276566	-0.5192306422	-0.5192306422	-0.5192306422	0.7761073311	0.7761073311	0.2460585812	-0.2438384117	0.3538896318	0.3538896318	0.2126126412	0.2126126412	0.2126126412	0.2126126412	-0.257083225	0.2126126412	0.2126126412	-0.233083095	-0.2481670152	-0.2467000144	0.3468094155	0.2119840442	0.2313189065	0.2119840442	-0.2561731471	0.3584912994	-0.2529039109	0.210338784	0.215196678	0.210338784	0.210338784	0.3536252933	0.210338784	0.3511542647	0.2109848472	0.2126126412	0.2240590716	0.2158944303	0.2247614346	-0.06884865166	-0.2507930341	-0.2011853615	0.354580165	-0.2124703254	-0.2041852087	-0.2496559701	-0.1782626925	0.2970941923	-0.1872050551	0.2902178079	-0.2349174211	0.2902178079	-0.1921186798	-0.241673526	-0.1938096277	0.2902178079	-0.2349174211	-0.2122904338	-0.2096422062	0.2824011016	0.2967356189	0.1465631108	0.1380917584	-0.2533278509	-0.2533278509	-0.2533278509	0.1352066047	0.1380917584	0.2735786352	-0.2533278509	-0.2163428103	-0.2553792186	0.277419568	0.2735786352	0.1385254106	0.1446867793	0.1446867793	0.1404510098	0.1404510098	0.1049189404	0.07347089452	0.1261430732	0.1128914077	0.09921619525	0.1299208745	0.08702982114	-0.02363120752
chr11_2066031_T_G	-0.07904060392	0.8807028633	0.9969352919	-0.4894249858	-0.481208116	1	1	1	1	0.7727052082	-0.4860641705	0.3579893284	0.7513377712	-0.4696276566	-0.5192306422	-0.5192306422	-0.5192306422	0.7761073311	0.7761073311	0.2460585812	-0.2438384117	0.3538896318	0.3538896318	0.2126126412	0.2126126412	0.2126126412	0.2126126412	-0.257083225	0.2126126412	0.2126126412	-0.233083095	-0.2481670152	-0.2467000144	0.3468094155	0.2119840442	0.2313189065	0.2119840442	-0.2561731471	0.3584912994	-0.2529039109	0.210338784	0.215196678	0.210338784	0.210338784	0.3536252933	0.210338784	0.3511542647	0.2109848472	0.2126126412	0.2240590716	0.2158944303	0.2247614346	-0.06884865166	-0.2507930341	-0.2011853615	0.354580165	-0.2124703254	-0.2041852087	-0.2496559701	-0.1782626925	0.2970941923	-0.1872050551	0.2902178079	-0.2349174211	0.2902178079	-0.1921186798	-0.241673526	-0.1938096277	0.2902178079	-0.2349174211	-0.2122904338	-0.2096422062	0.2824011016	0.2967356189	0.1465631108	0.1380917584	-0.2533278509	-0.2533278509	-0.2533278509	0.1352066047	0.1380917584	0.2735786352	-0.2533278509	-0.2163428103	-0.2553792186	0.277419568	0.2735786352	0.1385254106	0.1446867793	0.1446867793	0.1404510098	0.1404510098	0.1049189404	0.07347089452	0.1261430732	0.1128914077	0.09921619525	0.1299208745	0.08702982114	-0.02363120752
chr11_2066970_G_A	-0.08484382994	0.8702221973	0.7750903782	-0.3718099202	-0.3707396502	0.7727052082	0.7727052082	0.7727052082	0.7727052082	1	-0.3787756057	0.2615907468	0.981493312	-0.3659313021	-0.405383884	-0.405383884	-0.405383884	0.5986453976	0.5986453976	0.2005188575	-0.1739009587	0.2831520842	0.2831520842	0.1683766995	0.1683766995	0.1683766995	0.1683766995	-0.1741371783	0.1683766995	0.1683766995	-0.177218367	-0.1827364611	-0.1753474951	0.2807042144	0.1740650045	0.1889419538	0.1740650045	-0.1827364611	0.2737289333	-0.1774833203	0.1665759384	0.1703250194	0.1665759384	0.1665759384	0.2673225006	0.1665759384	0.2775700259	0.1607828129	0.1592318076	0.2842464446	0.1645848586	0.1849304934	-0.1693643076	-0.1846701161	-0.1520669024	0.2822601196	-0.1639602127	-0.1519630563	-0.1811740521	-0.1475989044	0.2501400667	-0.1545078885	0.2448715615	-0.1751123938	0.2448715615	-0.1425646535	-0.1676005483	-0.1438194477	0.2448715615	-0.1751123938	-0.1632251404	-0.1587055389	0.2585391709	0.2482373941	0.1400656461	0.1595877855	-0.1769482505	-0.1769482505	-0.1769482505	0.1546145096	0.1595877855	0.2475973885	-0.1769482505	-0.1488479594	-0.1787716122	0.2262433139	0.2475973885	0.1514507379	0.1323151912	0.1323151912	0.1588435772	0.1588435772	0.1747462993	0.1765463421	0.1752031907	0.15794149	0.1584037949	0.1872228835	0.1573961303	0.09563543222
chr11_2067320_C_T	-0.05524870266	-0.4229621807	-0.4877472746	0.9938188531	0.9780699584	-0.4860641705	-0.4860641705	-0.4860641705	-0.4860641705	-0.3787756057	1	0.3528917237	-0.3811714678	0.8258921512	0.9121555061	0.9121555061	0.9121555061	-0.6245432164	-0.6245432164	0.1820672372	0.2747106546	-0.05397109916	-0.05397109916	0.1974749919	0.1974749919	0.1974749919	0.1974749919	0.2895436018	0.1974749919	0.1974749919	0.2886696235	0.2578107171	0.269444766	-0.01973260402	0.205192111	0.2166603704	0.205192111	0.273922436	-0.0412459709	0.2681218004	0.211645237	0.2002839408	0.211645237	0.211645237	-0.04938085798	0.211645237	-0.02765130345	0.2122953129	0.2057041047	0.02980029324	0.2089889534	0.2026074117	0.1570658908	0.2686798862	0.2428577898	-0.02572673707	0.2254785275	0.245625784	0.2623528684	0.1834720968	-0.01584152557	0.1881668731	-0.005994998207	0.2408821085	-0.005994998207	0.2260253182	0.2527986781	0.2354362439	-0.005994998207	0.2408821085	0.2123813708	0.2074930455	0.005438456083	0.01936414665	0.2140294929	0.216641168	0.2405983777	0.2405983777	0.2405983777	0.2213715869	0.216641168	0.009201489111	0.2405983777	0.2131878899	0.248389124	-0.001548975922	0.009201489111	0.2026932502	0.2040942364	0.2040942364	0.2044064601	0.2044064601	0.2056778757	0.2051630961	0.0479837418	0.04035223506	0.08549986008	0.1064047488	0.09472529384	0.1488362595
chr11_2068717_A_G	0.07047069637	0.308026244	0.3546367416	0.3461633781	0.3585206219	0.3579893284	0.3579893284	0.3579893284	0.3579893284	0.2615907468	0.3528917237	1	0.2578682251	0.3053775358	0.3550928947	0.3550928947	0.3550928947	0.4279608845	0.4279608845	0.5415863688	0.01530605732	0.352047583	0.352047583	0.5859474194	0.5859474194	0.5859474194	0.5859474194	0.00724281643	0.5859474194	0.5859474194	0.04393325388	-0.01511297486	-0.004053862317	0.3710296111	0.5789868172	0.596762962	0.5789868172	-0.01511297486	0.4356393074	-0.02060997062	0.589247044	0.5840965853	0.589247044	0.589247044	0.4541181624	0.589247044	0.3756302922	0.6062114273	0.5956170705	0.3179001329	0.6008921966	0.5199841284	0.06345900839	-0.01527289522	0.01977868542	0.3800010854	0.03232844109	0.02148354456	-0.01665710726	0.08324442964	0.2845297084	0.08179324481	0.2909197924	-0.02583056232	0.2909197924	0.01096149054	-0.02429713538	0.01105796898	0.2909197924	-0.02583056232	-0.01613689717	-0.0126060927	0.3010603848	0.4538244947	0.5442369705	0.4643260215	-0.03108281302	-0.03108281302	-0.03108281302	0.4598063932	0.4643260215	0.3038789499	-0.03108281302	0.05326837343	-0.02678310119	0.348696501	0.3038789499	0.4457483344	0.5254680065	0.5254680065	0.4550098842	0.4550098842	0.288548717	0.4416882219	0.2485462359	0.2697055673	0.3310798373	0.1628990019	0.3319836722	0.2828879294
chr11_2068776_A_G	-0.09032541659	0.8505398643	0.7537890269	-0.3741087327	-0.3734301077	0.7513377712	0.7513377712	0.7513377712	0.7513377712	0.981493312	-0.3811714678	0.2578682251	1	-0.3750328466	-0.4157602352	-0.4157602352	-0.4157602352	0.6058048544	0.6058048544	0.2030871966	-0.1779651954	0.291868871	0.291868871	0.1704674668	0.1704674668	0.1704674668	0.1704674668	-0.1774129592	0.1704674668	0.1704674668	-0.1788735296	-0.1844873847	-0.1769851843	0.2881582066	0.1762458239	0.1913459037	0.1762458239	-0.1844873847	0.2771862235	-0.1794382296	0.1686443453	0.1724497083	0.1686443453	0.1686443453	0.2704665089	0.1686443453	0.2851867311	0.1627594938	0.1614736686	0.2947020299	0.1666186672	0.1883776361	-0.178265917	-0.1864395674	-0.1575721107	0.2897554283	-0.1698522173	-0.1576558988	-0.1831848811	-0.1547863152	0.2581432398	-0.1617940545	0.2528072167	-0.1764436398	0.2528072167	-0.1481569072	-0.1688148663	-0.1494609221	0.2528072167	-0.1764436398	-0.1685558543	-0.1642181609	0.2664477969	0.2523757943	0.1420226133	0.1626525712	-0.1783228453	-0.1783228453	-0.1783228453	0.1578745692	0.1626525712	0.2557310514	-0.1783228453	-0.1551319381	-0.1801887266	0.2339982791	0.2557310514	0.1541327217	0.13415692	0.13415692	0.161633404	0.161633404	0.1844317595	0.1790515281	0.1776127973	0.1598616781	0.1558091871	0.1925756837	0.1550434894	0.08979293298
chr11_2069125_TCTCCATACTCCATTTTCCACA_T	0.02888237443	-0.4105678735	-0.4721964712	0.825528797	0.8422634656	-0.4696276566	-0.4696276566	-0.4696276566	-0.4696276566	-0.3659313021	0.8258921512	0.3053775358	-0.3750328466	1	0.8686230926	0.8686230926	0.8686230926	-0.5821997011	-0.5821997011	0.2092515962	0.1965079521	-0.03187984349	-0.03187984349	0.2039568723	0.2039568723	0.2039568723	0.2039568723	0.2080588761	0.2039568723	0.2039568723	0.1986935632	0.2130151223	0.2248478323	-0.02605650521	0.211961308	0.1947071133	0.211961308	0.2317732107	-0.03379837951	0.2258663311	0.2207321672	0.2163342316	0.2207321672	0.2207321672	-0.01198860038	0.2207321672	-0.03577225617	0.2224873895	0.2135376269	0.0008881309327	0.2179990869	0.2012510466	0.1521746054	0.234225756	0.1958440271	-0.03990360612	0.2230887049	0.194137462	0.229332527	0.1673930775	-0.01521638931	0.1740609713	-0.009567656742	0.2167268388	-0.009567656742	0.1855701725	0.2192986713	0.1958440271	-0.009567656742	0.2167268388	0.1975554315	0.1925088459	0.002298904744	0.02105804188	0.2361205667	0.2309019012	0.2368102971	0.2368102971	0.2368102971	0.2357925076	0.2309019012	0.01294468769	0.2368102971	0.2125366012	0.2377553264	0.006512267371	0.01294468769	0.2083727577	0.2258945656	0.2258945656	0.218322941	0.218322941	0.1433573465	0.2009937495	0.05824894458	0.05386073017	0.09107973061	0.06473602431	0.1006335859	0.1397150472
chr11_2070333_C_T	0.04014598663	-0.4656764363	-0.5204900827	0.9130219567	0.9144178004	-0.5192306422	-0.5192306422	-0.5192306422	-0.5192306422	-0.405383884	0.9121555061	0.3550928947	-0.4157602352	0.8686230926	1	1	1	-0.667498957	-0.667498957	0.2155327976	0.2218074243	-0.07372360215	-0.07372360215	0.2190262974	0.2190262974	0.2190262974	0.2190262974	0.2313728762	0.2190262974	0.2190262974	0.2423780223	0.2118218016	0.2239683564	-0.04478299306	0.22712955	0.2084473114	0.22712955	0.2276083491	-0.01776475721	0.2215513018	0.2406142403	0.2298740194	0.2406142403	0.2406142403	0.002791065041	0.2406142403	-0.05225006041	0.240820115	0.2351523584	-0.001039914708	0.2379759404	0.2141453319	0.1706446024	0.2220400255	0.2164763752	-0.05079720912	0.2402980619	0.2255073032	0.2233878094	0.2341294964	-0.06338757169	0.237904044	-0.05451605039	0.2128088479	-0.05451605039	0.2073793472	0.2172130389	0.2237481373	-0.05451605039	0.2128088479	0.2217546419	0.2165466923	-0.04202291329	0.0366269327	0.2576328378	0.2403271281	0.2362471576	0.2362471576	0.2362471576	0.2377553034	0.2403271281	-0.03215955576	0.2362471576	0.2675039864	0.2434213637	-0.0305229158	-0.03215955576	0.217193484	0.2471780625	0.2471780625	0.2274231073	0.2274231073	0.1301347066	0.2355942836	0.08537432291	0.07535313423	0.1330068417	0.03921666276	0.142776045	0.1914342738
chr11_2070570_C_T	0.04014598663	-0.4656764363	-0.5204900827	0.9130219567	0.9144178004	-0.5192306422	-0.5192306422	-0.5192306422	-0.5192306422	-0.405383884	0.9121555061	0.3550928947	-0.4157602352	0.8686230926	1	1	1	-0.667498957	-0.667498957	0.2155327976	0.2218074243	-0.07372360215	-0.07372360215	0.2190262974	0.2190262974	0.2190262974	0.2190262974	0.2313728762	0.2190262974	0.2190262974	0.2423780223	0.2118218016	0.2239683564	-0.04478299306	0.22712955	0.2084473114	0.22712955	0.2276083491	-0.01776475721	0.2215513018	0.2406142403	0.2298740194	0.2406142403	0.2406142403	0.002791065041	0.2406142403	-0.05225006041	0.240820115	0.2351523584	-0.001039914708	0.2379759404	0.2141453319	0.1706446024	0.2220400255	0.2164763752	-0.05079720912	0.2402980619	0.2255073032	0.2233878094	0.2341294964	-0.06338757169	0.237904044	-0.05451605039	0.2128088479	-0.05451605039	0.2073793472	0.2172130389	0.2237481373	-0.05451605039	0.2128088479	0.2217546419	0.2165466923	-0.04202291329	0.0366269327	0.2576328378	0.2403271281	0.2362471576	0.2362471576	0.2362471576	0.2377553034	0.2403271281	-0.03215955576	0.2362471576	0.2675039864	0.2434213637	-0.0305229158	-0.03215955576	0.217193484	0.2471780625	0.2471780625	0.2274231073	0.2274231073	0.1301347066	0.2355942836	0.08537432291	0.07535313423	0.1330068417	0.03921666276	0.142776045	0.1914342738
chr11_2070926_A_T	0.04014598663	-0.4656764363	-0.5204900827	0.9130219567	0.9144178004	-0.5192306422	-0.5192306422	-0.5192306422	-0.5192306422	-0.405383884	0.9121555061	0.3550928947	-0.4157602352	0.8686230926	1	1	1	-0.667498957	-0.667498957	0.2155327976	0.2218074243	-0.07372360215	-0.07372360215	0.2190262974	0.2190262974	0.2190262974	0.2190262974	0.2313728762	0.2190262974	0.2190262974	0.2423780223	0.2118218016	0.2239683564	-0.04478299306	0.22712955	0.2084473114	0.22712955	0.2276083491	-0.01776475721	0.2215513018	0.2406142403	0.2298740194	0.2406142403	0.2406142403	0.002791065041	0.2406142403	-0.05225006041	0.240820115	0.2351523584	-0.001039914708	0.2379759404	0.2141453319	0.1706446024	0.2220400255	0.2164763752	-0.05079720912	0.2402980619	0.2255073032	0.2233878094	0.2341294964	-0.06338757169	0.237904044	-0.05451605039	0.2128088479	-0.05451605039	0.2073793472	0.2172130389	0.2237481373	-0.05451605039	0.2128088479	0.2217546419	0.2165466923	-0.04202291329	0.0366269327	0.2576328378	0.2403271281	0.2362471576	0.2362471576	0.2362471576	0.2377553034	0.2403271281	-0.03215955576	0.2362471576	0.2675039864	0.2434213637	-0.0305229158	-0.03215955576	0.217193484	0.2471780625	0.2471780625	0.2274231073	0.2274231073	0.1301347066	0.2355942836	0.08537432291	0.07535313423	0.1330068417	0.03921666276	0.142776045	0.1914342738
chr11_2070993_T_G	0.04016722345	0.6888291816	0.7746461386	-0.6248422831	-0.6223470261	0.7761073311	0.7761073311	0.7761073311	0.7761073311	0.5986453976	-0.6245432164	0.4279608845	0.6058048544	-0.5821997011	-0.667498957	-0.667498957	-0.667498957	1	1	0.2485446204	-0.2285370359	0.3516773705	0.3516773705	0.2732622282	0.2732622282	0.2732622282	0.2732622282	-0.2445150096	0.2732622282	0.2732622282	-0.2265177874	-0.2444085118	-0.2473211842	0.3386663899	0.2595890708	0.2615170739	0.2595890708	-0.2598088666	0.3987113622	-0.2583433552	0.2547764176	0.2610660966	0.2547764176	0.2547764176	0.3938231019	0.2547764176	0.3496988311	0.2684835923	0.2653964469	0.2534602008	0.2669319423	0.22421619	-0.09907883907	-0.2469947595	-0.1979128397	0.3461685058	-0.2110259976	-0.2122948622	-0.2568922711	-0.1703740101	0.292067332	-0.1752683453	0.2885756972	-0.2466572627	0.2885756972	-0.2032180696	-0.2497433021	-0.2121005797	0.2885756972	-0.2466572627	-0.2115365826	-0.203618018	0.2846929538	0.331392933	0.2096214	0.1605930715	-0.2425281467	-0.2425281467	-0.2425281467	0.1594193337	0.1605930715	0.2773841967	-0.2425281467	-0.2070051198	-0.2462164907	0.3120087362	0.2773841967	0.16069761	0.2045920215	0.2045920215	0.1657973414	0.1657973414	0.1171445955	0.1392637122	0.1349135341	0.1619488529	0.1628575368	0.1038675361	0.1540649803	0.06637758178
chr11_2070994_C_T	0.04016722345	0.6888291816	0.7746461386	-0.6248422831	-0.6223470261	0.7761073311	0.7761073311	0.7761073311	0.7761073311	0.5986453976	-0.6245432164	0.4279608845	0.6058048544	-0.5821997011	-0.667498957	-0.667498957	-0.667498957	1	1	0.2485446204	-0.2285370359	0.3516773705	0.3516773705	0.2732622282	0.2732622282	0.2732622282	0.2732622282	-0.2445150096	0.2732622282	0.2732622282	-0.2265177874	-0.2444085118	-0.2473211842	0.3386663899	0.2595890708	0.2615170739	0.2595890708	-0.2598088666	0.3987113622	-0.2583433552	0.2547764176	0.2610660966	0.2547764176	0.2547764176	0.3938231019	0.2547764176	0.3496988311	0.2684835923	0.2653964469	0.2534602008	0.2669319423	0.22421619	-0.09907883907	-0.2469947595	-0.1979128397	0.3461685058	-0.2110259976	-0.2122948622	-0.2568922711	-0.1703740101	0.292067332	-0.1752683453	0.2885756972	-0.2466572627	0.2885756972	-0.2032180696	-0.2497433021	-0.2121005797	0.2885756972	-0.2466572627	-0.2115365826	-0.203618018	0.2846929538	0.331392933	0.2096214	0.1605930715	-0.2425281467	-0.2425281467	-0.2425281467	0.1594193337	0.1605930715	0.2773841967	-0.2425281467	-0.2070051198	-0.2462164907	0.3120087362	0.2773841967	0.16069761	0.2045920215	0.2045920215	0.1657973414	0.1657973414	0.1171445955	0.1392637122	0.1349135341	0.1619488529	0.1628575368	0.1038675361	0.1540649803	0.06637758178
chr11_2072504_T_C	-0.06494343104	0.2418566784	0.2431326678	0.1844812171	0.186126469	0.2460585812	0.2460585812	0.2460585812	0.2460585812	0.2005188575	0.1820672372	0.5415863688	0.2030871966	0.2092515962	0.2155327976	0.2155327976	0.2155327976	0.2485446204	0.2485446204	1	0.1014310105	0.5688915297	0.5688915297	0.9252887436	0.9252887436	0.9252887436	0.9252887436	0.1296081304	0.9252887436	0.9252887436	0.1052926721	0.0895981481	0.1041811107	0.5886489269	0.9153326427	0.8944282414	0.9153326427	0.0895981481	0.6198597291	0.09292369865	0.9153929329	0.9206868696	0.9153929329	0.9153929329	0.6220863722	0.9153929329	0.5870021311	0.9147003366	0.9144715752	0.5339403625	0.9199892381	0.9448735956	0.1748896605	0.1012477258	0.1437478211	0.5919117276	0.1320685318	0.131299778	0.0962393775	0.1470463963	0.4765156879	0.1530191797	0.4750833696	0.1060452506	0.4750833696	0.1424936518	0.1210598092	0.1437478211	0.4750833696	0.1060452506	0.1461383021	0.1491650621	0.4721320714	0.4821806196	0.8332783851	0.8328986195	0.1402552027	0.1402552027	0.1402552027	0.828197121	0.8328986195	0.4754001222	0.1402552027	0.1768697105	0.1314538315	0.4435593455	0.4754001222	0.8135901128	0.8114948599	0.8114948599	0.8245671828	0.8245671828	0.5980137618	0.6922606674	0.5450684461	0.5223589005	0.6116815532	0.5177135434	0.6138815487	0.5354088799
chr11_2073182_A_G	-0.03242749343	-0.1981586763	-0.2484239645	0.2721483051	0.2661870507	-0.2438384117	-0.2438384117	-0.2438384117	-0.2438384117	-0.1739009587	0.2747106546	0.01530605732	-0.1779651954	0.1965079521	0.2218074243	0.2218074243	0.2218074243	-0.2285370359	-0.2285370359	0.1014310105	1	-0.5828657196	-0.5828657196	0.143049112	0.143049112	0.143049112	0.143049112	0.9675412074	0.143049112	0.143049112	0.8988352779	0.908162754	0.8992753857	-0.5041705594	0.1283332332	0.1319519555	0.1283332332	0.8982740733	-0.5737780429	0.8928876784	0.131525906	0.1249375531	0.131525906	0.131525906	-0.5846558835	0.131525906	-0.4951189382	0.1463766627	0.143049112	-0.4309226057	0.139645444	0.1219080088	0.6108766666	0.8777993461	0.724183487	-0.4852942388	0.7126251661	0.7358469268	0.8875524031	0.6641411036	-0.5067222385	0.6745312059	-0.498857891	0.8552136044	-0.498857891	0.7268957081	0.8462575533	0.724183487	-0.498857891	0.8552136044	0.7069094583	0.7119622717	-0.4950143176	-0.5338641351	0.08508297231	0.07109974306	0.8206416438	0.8206416438	0.8206416438	0.07447172549	0.07109974306	-0.4905121639	0.8206416438	0.6748547769	0.816635639	-0.5093189257	-0.4905121639	0.07407157079	0.08823051757	0.08823051757	0.08089429998	0.08089429998	0.04685581201	0.1584722306	-0.1087021934	-0.1094293958	-0.06269250931	-0.09643272974	-0.05616409256	-0.04362295463
chr11_2073444_A_G	-0.07461223368	0.3247532748	0.3546134693	-0.05174652693	-0.04953461469	0.3538896318	0.3538896318	0.3538896318	0.3538896318	0.2831520842	-0.05397109916	0.352047583	0.291868871	-0.03187984349	-0.07372360215	-0.07372360215	-0.07372360215	0.3516773705	0.3516773705	0.5688915297	-0.5828657196	1	1	0.5216878861	0.5216878861	0.5216878861	0.5216878861	-0.5574586768	0.5216878861	0.5216878861	-0.530839367	-0.5485756068	-0.5328404816	0.9630374136	0.524440398	0.541126043	0.524440398	-0.5410013693	0.8206027445	-0.5337458968	0.51610852	0.5240932799	0.51610852	0.51610852	0.804657193	0.51610852	0.9544994096	0.505546428	0.5062136204	0.8578516484	0.5136250573	0.5620395033	-0.5061232841	-0.5237629055	-0.6144325643	0.9517765908	-0.6411523034	-0.6265863271	-0.5340813865	-0.5937595154	0.8889908714	-0.5957259857	0.8836614328	-0.5068953778	0.8836614328	-0.6159887367	-0.4908469191	-0.6214104108	0.8836614328	-0.5068953778	-0.620591614	-0.6213299044	0.8701448442	0.7410537169	0.4733849204	0.5117701946	-0.494136356	-0.494136356	-0.494136356	0.5049887286	0.5117701946	0.8623477774	-0.494136356	-0.5503600983	-0.4968764539	0.8388205355	0.8623477774	0.5070783391	0.4648855567	0.4648855567	0.507973448	0.507973448	0.5515954575	0.3824898184	0.5349988907	0.5198631747	0.4395527189	0.5843768252	0.4345703835	0.3614816566
chr11_2073476_A_C	-0.07461223368	0.3247532748	0.3546134693	-0.05174652693	-0.04953461469	0.3538896318	0.3538896318	0.3538896318	0.3538896318	0.2831520842	-0.05397109916	0.352047583	0.291868871	-0.03187984349	-0.07372360215	-0.07372360215	-0.07372360215	0.3516773705	0.3516773705	0.5688915297	-0.5828657196	1	1	0.5216878861	0.5216878861	0.5216878861	0.5216878861	-0.5574586768	0.5216878861	0.5216878861	-0.530839367	-0.5485756068	-0.5328404816	0.9630374136	0.524440398	0.541126043	0.524440398	-0.5410013693	0.8206027445	-0.5337458968	0.51610852	0.5240932799	0.51610852	0.51610852	0.804657193	0.51610852	0.9544994096	0.505546428	0.5062136204	0.8578516484	0.5136250573	0.5620395033	-0.5061232841	-0.5237629055	-0.6144325643	0.9517765908	-0.6411523034	-0.6265863271	-0.5340813865	-0.5937595154	0.8889908714	-0.5957259857	0.8836614328	-0.5068953778	0.8836614328	-0.6159887367	-0.4908469191	-0.6214104108	0.8836614328	-0.5068953778	-0.620591614	-0.6213299044	0.8701448442	0.7410537169	0.4733849204	0.5117701946	-0.494136356	-0.494136356	-0.494136356	0.5049887286	0.5117701946	0.8623477774	-0.494136356	-0.5503600983	-0.4968764539	0.8388205355	0.8623477774	0.5070783391	0.4648855567	0.4648855567	0.507973448	0.507973448	0.5515954575	0.3824898184	0.5349988907	0.5198631747	0.4395527189	0.5843768252	0.4345703835	0.3614816566
chr11_2073913_A_G	0.001617483836	0.2049522076	0.2098936077	0.2002519098	0.2014683431	0.2126126412	0.2126126412	0.2126126412	0.2126126412	0.1683766995	0.1974749919	0.5859474194	0.1704674668	0.2039568723	0.2190262974	0.2190262974	0.2190262974	0.2732622282	0.2732622282	0.9252887436	0.143049112	0.5216878861	0.5216878861	1	1	1	1	0.1530051441	1	1	0.1336453249	0.1169792673	0.132234448	0.539093135	0.9894608254	0.968912349	0.9894608254	0.1276193213	0.6398617816	0.1306416953	0.9785525213	0.9840005911	0.9785525213	0.9785525213	0.6494104792	0.9785525213	0.5297947273	0.9782416534	0.9782622314	0.4913071069	0.9836802568	0.8956078616	0.1917907012	0.1289697455	0.1720621914	0.5343087579	0.1682853696	0.1583462427	0.1230581933	0.1881195539	0.4114090467	0.202877737	0.4171682372	0.1135993488	0.4171682372	0.1608442455	0.1292213312	0.162259929	0.4171682372	0.1135993488	0.1637384799	0.1665465956	0.4151127299	0.5180556442	0.8631020713	0.782232027	0.147635027	0.147635027	0.147635027	0.777831009	0.782232027	0.4188004761	0.147635027	0.1925293975	0.1384635296	0.4458163509	0.4188004761	0.7606116482	0.8408261611	0.8408261611	0.7723229543	0.7723229543	0.5557674575	0.7223682085	0.5249130273	0.5529617806	0.6354728686	0.4658437198	0.6380859903	0.5643808537
chr11_2074576_C_A	0.001617483836	0.2049522076	0.2098936077	0.2002519098	0.2014683431	0.2126126412	0.2126126412	0.2126126412	0.2126126412	0.1683766995	0.1974749919	0.5859474194	0.1704674668	0.2039568723	0.2190262974	0.2190262974	0.2190262974	0.2732622282	0.2732622282	0.9252887436	0.143049112	0.5216878861	0.5216878861	1	1	1	1	0.1530051441	1	1	0.1336453249	0.1169792673	0.132234448	0.539093135	0.9894608254	0.968912349	0.9894608254	0.1276193213	0.6398617816	0.1306416953	0.9785525213	0.9840005911	0.9785525213	0.9785525213	0.6494104792	0.9785525213	0.5297947273	0.9782416534	0.9782622314	0.4913071069	0.9836802568	0.8956078616	0.1917907012	0.1289697455	0.1720621914	0.5343087579	0.1682853696	0.1583462427	0.1230581933	0.1881195539	0.4114090467	0.202877737	0.4171682372	0.1135993488	0.4171682372	0.1608442455	0.1292213312	0.162259929	0.4171682372	0.1135993488	0.1637384799	0.1665465956	0.4151127299	0.5180556442	0.8631020713	0.782232027	0.147635027	0.147635027	0.147635027	0.777831009	0.782232027	0.4188004761	0.147635027	0.1925293975	0.1384635296	0.4458163509	0.4188004761	0.7606116482	0.8408261611	0.8408261611	0.7723229543	0.7723229543	0.5557674575	0.7223682085	0.5249130273	0.5529617806	0.6354728686	0.4658437198	0.6380859903	0.5643808537
chr11_2075149_A_G	0.001617483836	0.2049522076	0.2098936077	0.2002519098	0.2014683431	0.2126126412	0.2126126412	0.2126126412	0.2126126412	0.1683766995	0.1974749919	0.5859474194	0.1704674668	0.2039568723	0.2190262974	0.2190262974	0.2190262974	0.2732622282	0.2732622282	0.9252887436	0.143049112	0.5216878861	0.5216878861	1	1	1	1	0.1530051441	1	1	0.1336453249	0.1169792673	0.132234448	0.539093135	0.9894608254	0.968912349	0.9894608254	0.1276193213	0.6398617816	0.1306416953	0.9785525213	0.9840005911	0.9785525213	0.9785525213	0.6494104792	0.9785525213	0.5297947273	0.9782416534	0.9782622314	0.4913071069	0.9836802568	0.8956078616	0.1917907012	0.1289697455	0.1720621914	0.5343087579	0.1682853696	0.1583462427	0.1230581933	0.1881195539	0.4114090467	0.202877737	0.4171682372	0.1135993488	0.4171682372	0.1608442455	0.1292213312	0.162259929	0.4171682372	0.1135993488	0.1637384799	0.1665465956	0.4151127299	0.5180556442	0.8631020713	0.782232027	0.147635027	0.147635027	0.147635027	0.777831009	0.782232027	0.4188004761	0.147635027	0.1925293975	0.1384635296	0.4458163509	0.4188004761	0.7606116482	0.8408261611	0.8408261611	0.7723229543	0.7723229543	0.5557674575	0.7223682085	0.5249130273	0.5529617806	0.6354728686	0.4658437198	0.6380859903	0.5643808537
chr11_2075252_T_C	0.001617483836	0.2049522076	0.2098936077	0.2002519098	0.2014683431	0.2126126412	0.2126126412	0.2126126412	0.2126126412	0.1683766995	0.1974749919	0.5859474194	0.1704674668	0.2039568723	0.2190262974	0.2190262974	0.2190262974	0.2732622282	0.2732622282	0.9252887436	0.143049112	0.5216878861	0.5216878861	1	1	1	1	0.1530051441	1	1	0.1336453249	0.1169792673	0.132234448	0.539093135	0.9894608254	0.968912349	0.9894608254	0.1276193213	0.6398617816	0.1306416953	0.9785525213	0.9840005911	0.9785525213	0.9785525213	0.6494104792	0.9785525213	0.5297947273	0.9782416534	0.9782622314	0.4913071069	0.9836802568	0.8956078616	0.1917907012	0.1289697455	0.1720621914	0.5343087579	0.1682853696	0.1583462427	0.1230581933	0.1881195539	0.4114090467	0.202877737	0.4171682372	0.1135993488	0.4171682372	0.1608442455	0.1292213312	0.162259929	0.4171682372	0.1135993488	0.1637384799	0.1665465956	0.4151127299	0.5180556442	0.8631020713	0.782232027	0.147635027	0.147635027	0.147635027	0.777831009	0.782232027	0.4188004761	0.147635027	0.1925293975	0.1384635296	0.4458163509	0.4188004761	0.7606116482	0.8408261611	0.8408261611	0.7723229543	0.7723229543	0.5557674575	0.7223682085	0.5249130273	0.5529617806	0.6354728686	0.4658437198	0.6380859903	0.5643808537
chr11_2075720_C_G	-0.05190538698	-0.1932720263	-0.2618572503	0.2866227711	0.2811837778	-0.257083225	-0.257083225	-0.257083225	-0.257083225	-0.1741371783	0.2895436018	0.00724281643	-0.1774129592	0.2080588761	0.2313728762	0.2313728762	0.2313728762	-0.2445150096	-0.2445150096	0.1296081304	0.9675412074	-0.5574586768	-0.5574586768	0.1530051441	0.1530051441	0.1530051441	0.1530051441	1	0.1530051441	0.1530051441	0.9086664204	0.9184688472	0.9090981184	-0.483242027	0.1376167961	0.1404049809	0.1376167961	0.9084851775	-0.5753526169	0.9032449178	0.1412794657	0.1344075799	0.1412794657	0.1412794657	-0.5855357858	0.1412794657	-0.4742102995	0.1568143927	0.1530051441	-0.4149006211	0.1497930122	0.1672360957	0.6303681931	0.8979198315	0.7475470561	-0.4640415355	0.7276807988	0.7505287373	0.8980555552	0.6806136871	-0.4860654161	0.6914452049	-0.4777713422	0.8640164167	-0.4777713422	0.7410248665	0.87505245	0.7383494945	-0.4777713422	0.8640164167	0.7210749292	0.7263507814	-0.4744895078	-0.520478917	0.1162372328	0.1262787553	0.8494415142	0.8494415142	0.8494415142	0.1294026872	0.1262787553	-0.4701859256	0.8494415142	0.7074727464	0.8453363439	-0.4939696757	-0.4701859256	0.1214730624	0.1096161476	0.1096161476	0.1278015937	0.1278015937	0.08627684728	0.1571271061	-0.1083836442	-0.1160212309	-0.07043553552	-0.06404457512	-0.06419082151	-0.05610051893
chr11_2075736_C_T	0.001617483836	0.2049522076	0.2098936077	0.2002519098	0.2014683431	0.2126126412	0.2126126412	0.2126126412	0.2126126412	0.1683766995	0.1974749919	0.5859474194	0.1704674668	0.2039568723	0.2190262974	0.2190262974	0.2190262974	0.2732622282	0.2732622282	0.9252887436	0.143049112	0.5216878861	0.5216878861	1	1	1	1	0.1530051441	1	1	0.1336453249	0.1169792673	0.132234448	0.539093135	0.9894608254	0.968912349	0.9894608254	0.1276193213	0.6398617816	0.1306416953	0.9785525213	0.9840005911	0.9785525213	0.9785525213	0.6494104792	0.9785525213	0.5297947273	0.9782416534	0.9782622314	0.4913071069	0.9836802568	0.8956078616	0.1917907012	0.1289697455	0.1720621914	0.5343087579	0.1682853696	0.1583462427	0.1230581933	0.1881195539	0.4114090467	0.202877737	0.4171682372	0.1135993488	0.4171682372	0.1608442455	0.1292213312	0.162259929	0.4171682372	0.1135993488	0.1637384799	0.1665465956	0.4151127299	0.5180556442	0.8631020713	0.782232027	0.147635027	0.147635027	0.147635027	0.777831009	0.782232027	0.4188004761	0.147635027	0.1925293975	0.1384635296	0.4458163509	0.4188004761	0.7606116482	0.8408261611	0.8408261611	0.7723229543	0.7723229543	0.5557674575	0.7223682085	0.5249130273	0.5529617806	0.6354728686	0.4658437198	0.6380859903	0.5643808537
chr11_2076798_T_C	0.001617483836	0.2049522076	0.2098936077	0.2002519098	0.2014683431	0.2126126412	0.2126126412	0.2126126412	0.2126126412	0.1683766995	0.1974749919	0.5859474194	0.1704674668	0.2039568723	0.2190262974	0.2190262974	0.2190262974	0.2732622282	0.2732622282	0.9252887436	0.143049112	0.5216878861	0.5216878861	1	1	1	1	0.1530051441	1	1	0.1336453249	0.1169792673	0.132234448	0.539093135	0.9894608254	0.968912349	0.9894608254	0.1276193213	0.6398617816	0.1306416953	0.9785525213	0.9840005911	0.9785525213	0.9785525213	0.6494104792	0.9785525213	0.5297947273	0.9782416534	0.9782622314	0.4913071069	0.9836802568	0.8956078616	0.1917907012	0.1289697455	0.1720621914	0.5343087579	0.1682853696	0.1583462427	0.1230581933	0.1881195539	0.4114090467	0.202877737	0.4171682372	0.1135993488	0.4171682372	0.1608442455	0.1292213312	0.162259929	0.4171682372	0.1135993488	0.1637384799	0.1665465956	0.4151127299	0.5180556442	0.8631020713	0.782232027	0.147635027	0.147635027	0.147635027	0.777831009	0.782232027	0.4188004761	0.147635027	0.1925293975	0.1384635296	0.4458163509	0.4188004761	0.7606116482	0.8408261611	0.8408261611	0.7723229543	0.7723229543	0.5557674575	0.7223682085	0.5249130273	0.5529617806	0.6354728686	0.4658437198	0.6380859903	0.5643808537
chr11_2076994_T_C	-0.01423209097	-0.1941520303	-0.2385251151	0.2849053998	0.2800445599	-0.233083095	-0.233083095	-0.233083095	-0.233083095	-0.177218367	0.2886696235	0.04393325388	-0.1788735296	0.1986935632	0.2423780223	0.2423780223	0.2423780223	-0.2265177874	-0.2265177874	0.1052926721	0.8988352779	-0.530839367	-0.530839367	0.1336453249	0.1336453249	0.1336453249	0.1336453249	0.9086664204	0.1336453249	0.1336453249	1	0.862757452	0.8514716288	-0.4630312614	0.1274876835	0.1287507319	0.1274876835	0.8521873557	-0.5419945683	0.8473119199	0.1322160101	0.1245146776	0.1322160101	0.1322160101	-0.5504937074	0.1322160101	-0.4537266248	0.1493385291	0.1444427469	-0.3956879535	0.1414727227	0.1536393899	0.5959810971	0.8291590762	0.6937420144	-0.4424336011	0.6861283537	0.7096062292	0.8424840717	0.6453956266	-0.4665424488	0.6577068029	-0.4569815392	0.8004215664	-0.4569815392	0.6973421151	0.7889530817	0.6937420144	-0.4569815392	0.8004215664	0.6786589038	0.6847212213	-0.4548029778	-0.477192032	0.1076817363	0.1029675107	0.7656031907	0.7656031907	0.7656031907	0.1058837622	0.1029675107	-0.4507575615	0.7656031907	0.6507660769	0.7633820153	-0.4625092022	-0.4507575615	0.0995531725	0.1015479879	0.1015479879	0.1054618953	0.1054618953	0.1445757597	0.136699003	-0.1252224626	-0.130414279	-0.08405700641	-0.1062048312	-0.07824206817	-0.07122272367
chr11_2077046_CCA_C	-0.03298058063	-0.2091431417	-0.2534662722	0.2542441487	0.2571850959	-0.2481670152	-0.2481670152	-0.2481670152	-0.2481670152	-0.1827364611	0.2578107171	-0.01511297486	-0.1844873847	0.2130151223	0.2118218016	0.2118218016	0.2118218016	-0.2444085118	-0.2444085118	0.0895981481	0.908162754	-0.5485756068	-0.5485756068	0.1169792673	0.1169792673	0.1169792673	0.1169792673	0.9184688472	0.1169792673	0.1169792673	0.862757452	1	0.9896100483	-0.5655777961	0.1112477615	0.1128404089	0.1112477615	0.9895839587	-0.6578891116	0.9844237337	0.1157281933	0.1082290242	0.1157281933	0.1157281933	-0.6674905621	0.1157281933	-0.5565334275	0.1322579415	0.1276193213	-0.503284287	0.1246001436	0.1382374696	0.7074279247	0.9684766186	0.8103409744	-0.5458861459	0.8007967093	0.8233173499	0.9793168261	0.7451117991	-0.5610269409	0.7570635143	-0.551938521	0.9420916971	-0.551938521	0.8127830875	0.9316146722	0.8103409744	-0.551938521	0.9420916971	0.801267561	0.7977543495	-0.5490212198	-0.5856308251	0.09092241556	0.09813764712	0.9057514854	0.9057514854	0.9057514854	0.1010744871	0.09813764712	-0.544603868	0.9057514854	0.7613522537	0.9016132808	-0.5599801708	-0.544603868	0.08418450603	0.08468247767	0.08468247767	0.09017396212	0.09017396212	0.03030751324	0.1213021622	-0.173624106	-0.1797452931	-0.1217378058	-0.1336817352	-0.1158392043	-0.1150534798
chr11_2077271_C_T	-0.02984442545	-0.2091836295	-0.2520694934	0.2657506941	0.2689405847	-0.2467000144	-0.2467000144	-0.2467000144	-0.2467000144	-0.1753474951	0.269444766	-0.004053862317	-0.1769851843	0.2248478323	0.2239683564	0.2239683564	0.2239683564	-0.2473211842	-0.2473211842	0.1041811107	0.8992753857	-0.5328404816	-0.5328404816	0.132234448	0.132234448	0.132234448	0.132234448	0.9090981184	0.132234448	0.132234448	0.8514716288	0.9896100483	1	-0.5493162906	0.1366687984	0.1378393782	0.1366687984	0.9896100483	-0.6390612683	0.984496863	0.1413893998	0.1337480494	0.1413893998	0.1413893998	-0.6482988585	0.1413893998	-0.5478597757	0.1477619811	0.1429178831	-0.4961001733	0.1399792131	0.1520174383	0.7106858141	0.9683742329	0.8116734273	-0.5370813171	0.8024456111	0.8249048325	0.9794368136	0.7472882292	-0.5524314542	0.759393626	-0.5431920923	0.9415303386	-0.5431920923	0.8141426975	0.9308667606	0.8116734273	-0.5431920923	0.9415303386	0.8027245641	0.7992524506	-0.540462576	-0.5745971824	0.1173457423	0.1220531246	0.9157048728	0.9157048728	0.9157048728	0.1249065636	0.1220531246	-0.5361120143	0.9157048728	0.7722788196	0.9115316332	-0.5506667812	-0.5361120143	0.1087758013	0.111327237	0.111327237	0.1145857388	0.1145857388	0.04557639671	0.1452780527	-0.1580629802	-0.1636135865	-0.1017768875	-0.120872349	-0.09599379338	-0.09736238077
chr11_2077486_A_G	-0.09110456316	0.3265049954	0.3477733163	-0.01710310692	-0.02118432695	0.3468094155	0.3468094155	0.3468094155	0.3468094155	0.2807042144	-0.01973260402	0.3710296111	0.2881582066	-0.02605650521	-0.04478299306	-0.04478299306	-0.04478299306	0.3386663899	0.3386663899	0.5886489269	-0.5041705594	0.9630374136	0.9630374136	0.539093135	0.539093135	0.539093135	0.539093135	-0.483242027	0.539093135	0.539093135	-0.4630312614	-0.5655777961	-0.5493162906	1	0.5421953009	0.5599474621	0.5421953009	-0.5580108815	0.8481656375	-0.5510324824	0.5333276227	0.5415768238	0.5333276227	0.5333276227	0.831300639	0.5333276227	0.9917507422	0.5224171254	0.5236338302	0.9021327948	0.5307632898	0.5830430798	-0.5387914608	-0.5409746077	-0.6387094759	0.9889601039	-0.6667316102	-0.6511891229	-0.5516372499	-0.6150391613	0.9206212952	-0.6175169916	0.9149330384	-0.5227546084	0.9149330384	-0.6400471499	-0.5061698895	-0.6456805761	0.9149330384	-0.5227546084	-0.6447349903	-0.6457263077	0.9018871302	0.7635867794	0.4894571759	0.530833882	-0.5101058403	-0.5101058403	-0.5101058403	0.5243218828	0.530833882	0.8941915139	-0.5101058403	-0.5695411956	-0.5129418758	0.8690325682	0.8941915139	0.5250102498	0.4804097839	0.4804097839	0.5264368745	0.5264368745	0.5860190537	0.4082202006	0.5756709565	0.559029932	0.4701462283	0.6246990778	0.4656617612	0.398867696
chr11_2078638_T_C	0.004872466085	0.2027650952	0.2092560926	0.2078151236	0.209251279	0.2119840442	0.2119840442	0.2119840442	0.2119840442	0.1740650045	0.205192111	0.5789868172	0.1762458239	0.211961308	0.22712955	0.22712955	0.22712955	0.2595890708	0.2595890708	0.9153326427	0.1283332332	0.524440398	0.524440398	0.9894608254	0.9894608254	0.9894608254	0.9894608254	0.1376167961	0.9894608254	0.9894608254	0.1274876835	0.1112477615	0.1366687984	0.5421953009	1	0.9793228211	1	0.1322162423	0.6441284314	0.1352418934	0.9894738858	0.9947302932	0.9894738858	0.9894738858	0.6538774332	0.9894738858	0.5253778403	0.9789178534	0.9787511056	0.4858821276	0.9841828348	0.8957414032	0.1980204914	0.1336153096	0.1772249417	0.5298832635	0.1737289952	0.163722363	0.1278170148	0.193582217	0.4087075318	0.208223158	0.414478122	0.1182316036	0.414478122	0.1661042444	0.1335295919	0.1675662242	0.414478122	0.1182316036	0.1689229931	0.1717380767	0.4123004923	0.5160239746	0.8657521173	0.7842390608	0.1517489574	0.1517489574	0.1517489574	0.7798229344	0.7842390608	0.415878285	0.1517489574	0.1975516509	0.1426935601	0.4431404085	0.415878285	0.7634820561	0.8439992838	0.8439992838	0.7748539182	0.7748539182	0.5546686046	0.7252820838	0.5249735862	0.5531049408	0.6373480434	0.4644953856	0.6397978063	0.5653349973
chr11_2078742_G_A	-0.004338695949	0.2198515826	0.2284997094	0.2190540172	0.2208771701	0.2313189065	0.2313189065	0.2313189065	0.2313189065	0.1889419538	0.2166603704	0.596762962	0.1913459037	0.1947071133	0.2084473114	0.2084473114	0.2084473114	0.2615170739	0.2615170739	0.8944282414	0.1319519555	0.541126043	0.541126043	0.968912349	0.968912349	0.968912349	0.968912349	0.1404049809	0.968912349	0.968912349	0.1287507319	0.1128404089	0.1378393782	0.5599474621	0.9793228211	1	0.9793228211	0.1336512629	0.6270215538	0.1367690817	0.9690655246	0.974187609	0.9690655246	0.9690655246	0.6370555148	0.9690655246	0.5432027714	0.9586389368	0.9582831376	0.500607999	0.9637692192	0.87474817	0.1628803719	0.1350655151	0.1719698388	0.547848968	0.1692072897	0.1589709579	0.1295145673	0.1904127372	0.4272904299	0.2051524573	0.4332442589	0.1192112374	0.4332442589	0.1609669653	0.13415661	0.162383729	0.4332442589	0.1192112374	0.1267477125	0.1296815635	0.4306856678	0.538851312	0.8466089507	0.7649249625	0.1106052677	0.1106052677	0.1106052677	0.7604478421	0.7649249625	0.4340678251	0.1106052677	0.1660137401	0.1022369632	0.4628844896	0.4340678251	0.7446639664	0.8252094796	0.8252094796	0.7557618731	0.7557618731	0.5483097495	0.7166977115	0.5194109956	0.5481044078	0.6177252977	0.4640140573	0.6199671281	0.5437111103
chr11_2078858_A_AT	0.004872466085	0.2027650952	0.2092560926	0.2078151236	0.209251279	0.2119840442	0.2119840442	0.2119840442	0.2119840442	0.1740650045	0.205192111	0.5789868172	0.1762458239	0.211961308	0.22712955	0.22712955	0.22712955	0.2595890708	0.2595890708	0.9153326427	0.1283332332	0.524440398	0.524440398	0.9894608254	0.9894608254	0.9894608254	0.9894608254	0.1376167961	0.9894608254	0.9894608254	0.1274876835	0.1112477615	0.1366687984	0.5421953009	1	0.9793228211	1	0.1322162423	0.6441284314	0.1352418934	0.9894738858	0.9947302932	0.9894738858	0.9894738858	0.6538774332	0.9894738858	0.5253778403	0.9789178534	0.9787511056	0.4858821276	0.9841828348	0.8957414032	0.1980204914	0.1336153096	0.1772249417	0.5298832635	0.1737289952	0.163722363	0.1278170148	0.193582217	0.4087075318	0.208223158	0.414478122	0.1182316036	0.414478122	0.1661042444	0.1335295919	0.1675662242	0.414478122	0.1182316036	0.1689229931	0.1717380767	0.4123004923	0.5160239746	0.8657521173	0.7842390608	0.1517489574	0.1517489574	0.1517489574	0.7798229344	0.7842390608	0.415878285	0.1517489574	0.1975516509	0.1426935601	0.4431404085	0.415878285	0.7634820561	0.8439992838	0.8439992838	0.7748539182	0.7748539182	0.5546686046	0.7252820838	0.5249735862	0.5531049408	0.6373480434	0.4644953856	0.6397978063	0.5653349973
chr11_2080612_C_T	-0.03298058063	-0.2176490805	-0.2614648896	0.2703255777	0.2734140882	-0.2561731471	-0.2561731471	-0.2561731471	-0.2561731471	-0.1827364611	0.273922436	-0.01511297486	-0.1844873847	0.2317732107	0.2276083491	0.2276083491	0.2276083491	-0.2598088666	-0.2598088666	0.0895981481	0.8982740733	-0.5410013693	-0.5410013693	0.1276193213	0.1276193213	0.1276193213	0.1276193213	0.9084851775	0.1276193213	0.1276193213	0.8521873557	0.9895839587	0.9896100483	-0.5580108815	0.1322162423	0.1336512629	0.1322162423	1	-0.6500144127	0.9948192004	0.1367807139	0.1292390781	0.1367807139	0.1367807139	-0.6595524161	0.1367807139	-0.5641119966	0.1429432746	0.1382593752	-0.5107246264	0.1352625974	0.1382374696	0.7160354316	0.9790028789	0.8199368628	-0.5534950028	0.8102627784	0.8327243673	0.9896921487	0.7541338451	-0.5685640638	0.7660792683	-0.5594939538	0.9527310845	-0.5594939538	0.8222952538	0.9423027067	0.8199368628	-0.5594939538	0.9527310845	0.8106030827	0.8070824516	-0.5565290173	-0.5856308251	0.1016793464	0.09813764712	0.9162542678	0.9162542678	0.9162542678	0.1010744871	0.09813764712	-0.5520827956	0.9162542678	0.7704852171	0.9119848972	-0.5599801708	-0.5520827956	0.08418450603	0.09548969347	0.09548969347	0.09017396212	0.09017396212	0.03030751324	0.1312836301	-0.173624106	-0.1711363743	-0.1124719539	-0.1336817352	-0.1065880641	-0.1061260296
chr11_2081637_C_CT	0.03598137649	0.325108189	0.3603331672	-0.03678880891	-0.03762140151	0.3584912994	0.3584912994	0.3584912994	0.3584912994	0.2737289333	-0.0412459709	0.4356393074	0.2771862235	-0.03379837951	-0.01776475721	-0.01776475721	-0.01776475721	0.3987113622	0.3987113622	0.6198597291	-0.5737780429	0.8206027445	0.8206027445	0.6398617816	0.6398617816	0.6398617816	0.6398617816	-0.5753526169	0.6398617816	0.6398617816	-0.5419945683	-0.6578891116	-0.6390612683	0.8481656375	0.6441284314	0.6270215538	0.6441284314	-0.6500144127	1	-0.6515615554	0.6330185652	0.6425445687	0.6330185652	0.6330185652	0.9852449634	0.6330185652	0.845806416	0.6206080706	0.6237736693	0.7775494935	0.6302440335	0.5674400366	-0.3917577624	-0.6409765915	-0.4839708604	0.8413620614	-0.5143608543	-0.5034664192	-0.6531245875	-0.4539675326	0.755707972	-0.4517455798	0.7534285121	-0.6333775874	0.7534285121	-0.4941310263	-0.6142913894	-0.4912255103	0.7534285121	-0.6333775874	-0.482981891	-0.4780862504	0.7491363263	0.819114474	0.5590509398	0.5148034558	-0.5804639722	-0.5804639722	-0.5804639722	0.5091351715	0.5148034558	0.7482924604	-0.5804639722	-0.4578771798	-0.5838804543	0.7648774898	0.7482924604	0.5104296621	0.5476073975	0.5476073975	0.5141741518	0.5141741518	0.4095606975	0.4306309719	0.5108737073	0.5308447517	0.5539104951	0.4682249125	0.5510759328	0.498631248
chr11_2081917_A_G	-0.03454088829	-0.213378256	-0.2581647891	0.2645881875	0.2675528351	-0.2529039109	-0.2529039109	-0.2529039109	-0.2529039109	-0.1774833203	0.2681218004	-0.02060997062	-0.1794382296	0.2258663311	0.2215513018	0.2215513018	0.2215513018	-0.2583433552	-0.2583433552	0.09292369865	0.8928876784	-0.5337458968	-0.5337458968	0.1306416953	0.1306416953	0.1306416953	0.1306416953	0.9032449178	0.1306416953	0.1306416953	0.8473119199	0.9844237337	0.984496863	-0.5510324824	0.1352418934	0.1367690817	0.1352418934	0.9948192004	-0.6515615554	1	0.1397499719	0.1322469124	0.1397499719	0.1397499719	-0.6612176855	0.1397499719	-0.5646542978	0.1458878488	0.1412607321	-0.5105931832	0.1382461004	0.1415259137	0.7187306391	0.9843351029	0.8240854968	-0.5540867802	0.8141891299	0.8366530411	0.9948393875	0.7575744861	-0.5690885112	0.769441014	-0.5600837807	0.9583462941	-0.5600837807	0.8263889026	0.9480342756	0.8240854968	-0.5600837807	0.9583462941	0.8145599423	0.811015019	-0.5570492336	-0.5872279049	0.104634235	0.1012952669	0.9218150621	0.9218150621	0.9218150621	0.1042498311	0.1012952669	-0.5525840563	0.9218150621	0.7741905826	0.9174322444	-0.5607840498	-0.5525840563	0.08728477566	0.09840939395	0.09840939395	0.09330947314	0.09330947314	0.03483132933	0.1342970449	-0.1686329189	-0.1662919102	-0.1085454405	-0.1282844876	-0.1026258392	-0.101577038
chr11_2082423_C_T	0.01746487752	0.1941643317	0.2076488301	0.2143618459	0.2157143942	0.210338784	0.210338784	0.210338784	0.210338784	0.1665759384	0.211645237	0.589247044	0.1686443453	0.2207321672	0.2406142403	0.2406142403	0.2406142403	0.2547764176	0.2547764176	0.9153929329	0.131525906	0.51610852	0.51610852	0.9785525213	0.9785525213	0.9785525213	0.9785525213	0.1412794657	0.9785525213	0.9785525213	0.1322160101	0.1157281933	0.1413893998	0.5333276227	0.9894738858	0.9690655246	0.9894738858	0.1367807139	0.6330185652	0.1397499719	1	0.9947092419	1	1	0.642465141	1	0.5164698969	0.9893763233	0.9893051646	0.4710145171	0.9947105188	0.9065440777	0.2245338858	0.1488657265	0.1896168722	0.5209050425	0.1856180569	0.1851724336	0.1427123275	0.2134601889	0.3993922164	0.2189303043	0.4050713097	0.1338883621	0.4050713097	0.1783496844	0.1494415936	0.1799194434	0.4050713097	0.1338883621	0.1808559379	0.183619025	0.403085925	0.5125151244	0.8756128508	0.7941694933	0.1672839334	0.1672839334	0.1672839334	0.7897833102	0.7941694933	0.4067634069	0.1672839334	0.2181591432	0.1684267809	0.433244839	0.4067634069	0.7731573368	0.8536768119	0.8536768119	0.7846701053	0.7846701053	0.5498236161	0.7247296878	0.5192991689	0.5470479454	0.6286765909	0.4529161031	0.6312617657	0.5583448934
chr11_2082702_C_CA	0.01907223234	0.1984698871	0.2124839447	0.2029688862	0.2042888856	0.215196678	0.215196678	0.215196678	0.215196678	0.1703250194	0.2002839408	0.5840965853	0.1724497083	0.2163342316	0.2298740194	0.2298740194	0.2298740194	0.2610660966	0.2610660966	0.9206868696	0.1249375531	0.5240932799	0.5240932799	0.9840005911	0.9840005911	0.9840005911	0.9840005911	0.1344075799	0.9840005911	0.9840005911	0.1245146776	0.1082290242	0.1337480494	0.5415768238	0.9947302932	0.974187609	0.9947302932	0.1292390781	0.6425445687	0.1322469124	0.9947092419	1	0.9947092419	0.9947092419	0.6521744888	0.9947092419	0.5247454387	0.9841196378	0.9840005911	0.4784549283	0.9894190655	0.9011163789	0.2112470284	0.1412228297	0.1834053486	0.5292309895	0.1796585352	0.1696792457	0.135247441	0.1989482505	0.4078529694	0.2135623368	0.4135870369	0.1260421502	0.4135870369	0.1722117458	0.1414672386	0.1737274812	0.4135870369	0.1260421502	0.1748745134	0.1776636026	0.4114813524	0.5142641787	0.8706575904	0.7891807205	0.1594981568	0.1594981568	0.1594981568	0.7847796118	0.7891807205	0.415094269	0.1594981568	0.2032257078	0.1503016412	0.4420888721	0.415094269	0.7682967556	0.8488137145	0.8488137145	0.7797387324	0.7797387324	0.5522414199	0.7199605496	0.5221330364	0.5500730021	0.6330100585	0.4626741367	0.6355273485	0.5618372343
chr11_2083709_C_T	0.01746487752	0.1941643317	0.2076488301	0.2143618459	0.2157143942	0.210338784	0.210338784	0.210338784	0.210338784	0.1665759384	0.211645237	0.589247044	0.1686443453	0.2207321672	0.2406142403	0.2406142403	0.2406142403	0.2547764176	0.2547764176	0.9153929329	0.131525906	0.51610852	0.51610852	0.9785525213	0.9785525213	0.9785525213	0.9785525213	0.1412794657	0.9785525213	0.9785525213	0.1322160101	0.1157281933	0.1413893998	0.5333276227	0.9894738858	0.9690655246	0.9894738858	0.1367807139	0.6330185652	0.1397499719	1	0.9947092419	1	1	0.642465141	1	0.5164698969	0.9893763233	0.9893051646	0.4710145171	0.9947105188	0.9065440777	0.2245338858	0.1488657265	0.1896168722	0.5209050425	0.1856180569	0.1851724336	0.1427123275	0.2134601889	0.3993922164	0.2189303043	0.4050713097	0.1338883621	0.4050713097	0.1783496844	0.1494415936	0.1799194434	0.4050713097	0.1338883621	0.1808559379	0.183619025	0.403085925	0.5125151244	0.8756128508	0.7941694933	0.1672839334	0.1672839334	0.1672839334	0.7897833102	0.7941694933	0.4067634069	0.1672839334	0.2181591432	0.1684267809	0.433244839	0.4067634069	0.7731573368	0.8536768119	0.8536768119	0.7846701053	0.7846701053	0.5498236161	0.7247296878	0.5192991689	0.5470479454	0.6286765909	0.4529161031	0.6312617657	0.5583448934
chr11_2084014_C_T	0.01746487752	0.1941643317	0.2076488301	0.2143618459	0.2157143942	0.210338784	0.210338784	0.210338784	0.210338784	0.1665759384	0.211645237	0.589247044	0.1686443453	0.2207321672	0.2406142403	0.2406142403	0.2406142403	0.2547764176	0.2547764176	0.9153929329	0.131525906	0.51610852	0.51610852	0.9785525213	0.9785525213	0.9785525213	0.9785525213	0.1412794657	0.9785525213	0.9785525213	0.1322160101	0.1157281933	0.1413893998	0.5333276227	0.9894738858	0.9690655246	0.9894738858	0.1367807139	0.6330185652	0.1397499719	1	0.9947092419	1	1	0.642465141	1	0.5164698969	0.9893763233	0.9893051646	0.4710145171	0.9947105188	0.9065440777	0.2245338858	0.1488657265	0.1896168722	0.5209050425	0.1856180569	0.1851724336	0.1427123275	0.2134601889	0.3993922164	0.2189303043	0.4050713097	0.1338883621	0.4050713097	0.1783496844	0.1494415936	0.1799194434	0.4050713097	0.1338883621	0.1808559379	0.183619025	0.403085925	0.5125151244	0.8756128508	0.7941694933	0.1672839334	0.1672839334	0.1672839334	0.7897833102	0.7941694933	0.4067634069	0.1672839334	0.2181591432	0.1684267809	0.433244839	0.4067634069	0.7731573368	0.8536768119	0.8536768119	0.7846701053	0.7846701053	0.5498236161	0.7247296878	0.5192991689	0.5470479454	0.6286765909	0.4529161031	0.6312617657	0.5583448934
chr11_2084913_T_C	0.03006516868	0.3164627354	0.3555771153	-0.04469651925	-0.04587298652	0.3536252933	0.3536252933	0.3536252933	0.3536252933	0.2673225006	-0.04938085798	0.4541181624	0.2704665089	-0.01198860038	0.002791065041	0.002791065041	0.002791065041	0.3938231019	0.3938231019	0.6220863722	-0.5846558835	0.804657193	0.804657193	0.6494104792	0.6494104792	0.6494104792	0.6494104792	-0.5855357858	0.6494104792	0.6494104792	-0.5504937074	-0.6674905621	-0.6482988585	0.831300639	0.6538774332	0.6370555148	0.6538774332	-0.6595524161	0.9852449634	-0.6612176855	0.642465141	0.6521744888	0.642465141	0.642465141	1	0.642465141	0.8289691312	0.6297856558	0.6331927436	0.7577830005	0.6396074004	0.5701394235	-0.3989030291	-0.6504872858	-0.4950990549	0.824310887	-0.4901889865	-0.5149193163	-0.6628987078	-0.4319252581	0.7440182062	-0.4299013369	0.741511253	-0.6422895903	0.741511253	-0.5052780123	-0.6228322898	-0.502412156	0.741511253	-0.6422895903	-0.4941110109	-0.4892726089	0.7375452309	0.8391244192	0.5756041069	0.5164361596	-0.5890160771	-0.5890160771	-0.5890160771	0.5108363352	0.5164361596	0.7368444763	-0.5890160771	-0.4416081192	-0.5925255838	0.7637476493	0.7368444763	0.5114186239	0.563887331	0.563887331	0.5154282768	0.5154282768	0.393369749	0.4465961754	0.5262547377	0.54576677	0.5654553268	0.4496529357	0.5627898626	0.505609441
chr11_2086132_G_A	0.01746487752	0.1941643317	0.2076488301	0.2143618459	0.2157143942	0.210338784	0.210338784	0.210338784	0.210338784	0.1665759384	0.211645237	0.589247044	0.1686443453	0.2207321672	0.2406142403	0.2406142403	0.2406142403	0.2547764176	0.2547764176	0.9153929329	0.131525906	0.51610852	0.51610852	0.9785525213	0.9785525213	0.9785525213	0.9785525213	0.1412794657	0.9785525213	0.9785525213	0.1322160101	0.1157281933	0.1413893998	0.5333276227	0.9894738858	0.9690655246	0.9894738858	0.1367807139	0.6330185652	0.1397499719	1	0.9947092419	1	1	0.642465141	1	0.5164698969	0.9893763233	0.9893051646	0.4710145171	0.9947105188	0.9065440777	0.2245338858	0.1488657265	0.1896168722	0.5209050425	0.1856180569	0.1851724336	0.1427123275	0.2134601889	0.3993922164	0.2189303043	0.4050713097	0.1338883621	0.4050713097	0.1783496844	0.1494415936	0.1799194434	0.4050713097	0.1338883621	0.1808559379	0.183619025	0.403085925	0.5125151244	0.8756128508	0.7941694933	0.1672839334	0.1672839334	0.1672839334	0.7897833102	0.7941694933	0.4067634069	0.1672839334	0.2181591432	0.1684267809	0.433244839	0.4067634069	0.7731573368	0.8536768119	0.8536768119	0.7846701053	0.7846701053	0.5498236161	0.7247296878	0.5192991689	0.5470479454	0.6286765909	0.4529161031	0.6312617657	0.5583448934
chr11_2087220_T_C	-0.09005988475	0.3303965641	0.3520993021	-0.02503664585	-0.02914566506	0.3511542647	0.3511542647	0.3511542647	0.3511542647	0.2775700259	-0.02765130345	0.3756302922	0.2851867311	-0.03577225617	-0.05225006041	-0.05225006041	-0.05225006041	0.3496988311	0.3496988311	0.5870021311	-0.4951189382	0.9544994096	0.9544994096	0.5297947273	0.5297947273	0.5297947273	0.5297947273	-0.4742102995	0.5297947273	0.5297947273	-0.4537266248	-0.5565334275	-0.5478597757	0.9917507422	0.5253778403	0.5432027714	0.5253778403	-0.5641119966	0.845806416	-0.5646542978	0.5164698969	0.5247454387	0.5164698969	0.5164698969	0.8289691312	0.5164698969	1	0.5130947397	0.5143116119	0.9095753913	0.521453086	0.5813446593	-0.5488800077	-0.5547637119	-0.6508802579	0.9972478812	-0.6786751166	-0.6630997638	-0.5652134904	-0.6261450621	0.9287242384	-0.6285818159	0.9230751446	-0.5367664315	0.9230751446	-0.6521223877	-0.5202613754	-0.657862095	0.9230751446	-0.5367664315	-0.6565723641	-0.6575370305	0.9099194666	0.766770503	0.4800838334	0.5292081678	-0.5239065917	-0.5239065917	-0.5239065917	0.5226689882	0.5292081678	0.9021707703	-0.5239065917	-0.5808742597	-0.5265627068	0.8717634984	0.9021707703	0.5234374688	0.4710204863	0.4710204863	0.5248319738	0.5248319738	0.5835800206	0.3992006541	0.5731689274	0.5503419233	0.4614280762	0.6219190153	0.4569128985	0.3898230351
chr11_2087727_T_G	0.01438725148	0.1962687065	0.2083039131	0.2151528507	0.2163594361	0.2109848472	0.2109848472	0.2109848472	0.2109848472	0.1607828129	0.2122953129	0.6062114273	0.1627594938	0.2224873895	0.240820115	0.240820115	0.240820115	0.2684835923	0.2684835923	0.9147003366	0.1463766627	0.505546428	0.505546428	0.9782416534	0.9782416534	0.9782416534	0.9782416534	0.1568143927	0.9782416534	0.9782416534	0.1493385291	0.1322579415	0.1477619811	0.5224171254	0.9789178534	0.9586389368	0.9789178534	0.1429432746	0.6206080706	0.1458878488	0.9893763233	0.9841196378	0.9893763233	0.9893763233	0.6297856558	0.9893763233	0.5130947397	1	0.9891567906	0.468696095	0.9945490002	0.9067407775	0.2275453387	0.1552542534	0.1944965469	0.5175072392	0.190074232	0.1897784371	0.1488258239	0.2175661851	0.3943089241	0.2230117361	0.3999574827	0.1404095696	0.3999574827	0.183041516	0.1563447977	0.1846525705	0.3999574827	0.1404095696	0.1854381699	0.1881863888	0.3981461047	0.5065478209	0.8732624925	0.7924506889	0.1741899639	0.1741899639	0.1741899639	0.7880793049	0.7924506889	0.4019658002	0.1741899639	0.2228329754	0.1752340819	0.4358655222	0.4019658002	0.7705637455	0.8507943133	0.8507943133	0.7824216591	0.7824216591	0.5509576855	0.7321702622	0.5192508034	0.546916108	0.6267816172	0.4461165118	0.6295333507	0.5573868081
chr11_2087911_T_C	-0.01441871305	0.1962633358	0.2098936077	0.208465552	0.2097573536	0.2126126412	0.2126126412	0.2126126412	0.2126126412	0.1592318076	0.2057041047	0.5956170705	0.1614736686	0.2135376269	0.2351523584	0.2351523584	0.2351523584	0.2653964469	0.2653964469	0.9144715752	0.143049112	0.5062136204	0.5062136204	0.9782622314	0.9782622314	0.9782622314	0.9782622314	0.1530051441	0.9782622314	0.9782622314	0.1444427469	0.1276193213	0.1429178831	0.5236338302	0.9787511056	0.9582831376	0.9787511056	0.1382593752	0.6237736693	0.1412607321	0.9893051646	0.9840005911	0.9893051646	0.9893051646	0.6331927436	0.9893051646	0.5143116119	0.9891567906	1	0.4761063967	0.9945720226	0.905976045	0.2181685741	0.1504750322	0.1916667162	0.5187637643	0.1876246718	0.1871742312	0.1442551122	0.2157677899	0.3960106065	0.2212970397	0.4017323896	0.1353357557	0.4017323896	0.180277725	0.1510571247	0.1818644538	0.4017323896	0.1353357557	0.1828110723	0.1856040296	0.3997742018	0.510038639	0.8740903461	0.7924934255	0.1690923482	0.1690923482	0.1690923482	0.7880761166	0.7924934255	0.4035209297	0.1690923482	0.220517542	0.1702475504	0.4300404715	0.4035209297	0.7710635824	0.8518658023	0.8518658023	0.7827378488	0.7827378488	0.5475037001	0.7223682085	0.5162241554	0.5441677141	0.6260077406	0.4497809414	0.6286358905	0.5643808537
chr11_2088229_C_T	-0.1037674468	0.3435961122	0.2245238577	0.03684515468	0.02933233592	0.2240590716	0.2240590716	0.2240590716	0.2240590716	0.2842464446	0.02980029324	0.3179001329	0.2947020299	0.0008881309327	-0.001039914708	-0.001039914708	-0.001039914708	0.2534602008	0.2534602008	0.5339403625	-0.4309226057	0.8578516484	0.8578516484	0.4913071069	0.4913071069	0.4913071069	0.4913071069	-0.4149006211	0.4913071069	0.4913071069	-0.3956879535	-0.503284287	-0.4961001733	0.9021327948	0.4858821276	0.500607999	0.4858821276	-0.5107246264	0.7775494935	-0.5105931832	0.4710145171	0.4784549283	0.4710145171	0.4710145171	0.7577830005	0.4710145171	0.9095753913	0.468696095	0.4761063967	1	0.4762087961	0.5322752924	-0.6910035796	-0.5086098701	-0.584725661	0.9071331938	-0.6154175553	-0.595757408	-0.5178906984	-0.5642263811	0.845378322	-0.565354753	0.8407596689	-0.4867864899	0.8407596689	-0.5864187411	-0.4719388444	-0.5915801526	0.8407596689	-0.4867864899	-0.5904415779	-0.5907596087	0.8266339842	0.6872242411	0.4383775869	0.4858284731	-0.4739205077	-0.4739205077	-0.4739205077	0.4787395	0.4858284731	0.8187442118	-0.4739205077	-0.5250826695	-0.476285832	0.7878764857	0.8187442118	0.4759139745	0.4231630617	0.4231630617	0.475948454	0.475948454	0.6083570823	0.4525339807	0.6163998337	0.5934517778	0.4992095046	0.6392389552	0.4999784918	0.5354671761
chr11_2089861_A_G	0.0160236457	0.2006160683	0.2131906085	0.2117982934	0.213047555	0.2158944303	0.2158944303	0.2158944303	0.2158944303	0.1645848586	0.2089889534	0.6008921966	0.1666186672	0.2179990869	0.2379759404	0.2379759404	0.2379759404	0.2669319423	0.2669319423	0.9199892381	0.139645444	0.5136250573	0.5136250573	0.9836802568	0.9836802568	0.9836802568	0.9836802568	0.1497930122	0.9836802568	0.9836802568	0.1414727227	0.1246001436	0.1399792131	0.5307632898	0.9841828348	0.9637692192	0.9841828348	0.1352625974	0.6302440335	0.1382461004	0.9947105188	0.9894190655	0.9947105188	0.9947105188	0.6396074004	0.9947105188	0.521453086	0.9945490002	0.9945720226	0.4762087961	1	0.9115363072	0.2228429947	0.1474691803	0.1881637063	0.5259163786	0.1839984517	0.1836554008	0.1412225949	0.212043442	0.402869895	0.217534053	0.4085737845	0.1324192553	0.4085737845	0.1767848221	0.1482221433	0.1783408078	0.4085737845	0.1324192553	0.1793403352	0.1821147185	0.4066401174	0.5163216789	0.8791672921	0.7975993534	0.1662570346	0.1662570346	0.1662570346	0.7931968746	0.7975993534	0.4103936307	0.1662570346	0.2169943036	0.1674239273	0.4368913006	0.4103936307	0.7760373032	0.8568473283	0.8568473283	0.7877844278	0.7877844278	0.5533577274	0.7272457521	0.5220785386	0.5499354738	0.631125121	0.4559928592	0.6338073533	0.5608811703
chr11_2090336_T_G	-0.08173335727	0.2304325888	0.2218101371	0.2045522528	0.1989550237	0.2247614346	0.2247614346	0.2247614346	0.2247614346	0.1849304934	0.2026074117	0.5199841284	0.1883776361	0.2012510466	0.2141453319	0.2141453319	0.2141453319	0.22421619	0.22421619	0.9448735956	0.1219080088	0.5620395033	0.5620395033	0.8956078616	0.8956078616	0.8956078616	0.8956078616	0.1672360957	0.8956078616	0.8956078616	0.1536393899	0.1382374696	0.1520174383	0.5830430798	0.8957414032	0.87474817	0.8957414032	0.1382374696	0.5674400366	0.1415259137	0.9065440777	0.9011163789	0.9065440777	0.9065440777	0.5701394235	0.9065440777	0.5813446593	0.9067407775	0.905976045	0.5322752924	0.9115363072	1	0.2150312203	0.1499575488	0.1825137672	0.586274808	0.1718305509	0.1794233629	0.1448062675	0.1863700503	0.4826863758	0.1836323087	0.481673588	0.143711349	0.481673588	0.1809213733	0.1578748517	0.1731630693	0.481673588	0.143711349	0.1839583203	0.1870079372	0.4782361613	0.4733408795	0.8400158806	0.8830971657	0.1761676861	0.1761676861	0.1761676861	0.8782590791	0.8830971657	0.4738348925	0.1761676861	0.2227978026	0.1775209119	0.4231536705	0.4738348925	0.8571993301	0.8092235049	0.8092235049	0.8670457225	0.8670457225	0.6285781119	0.6800649293	0.5238298613	0.495044576	0.5790329591	0.5300941037	0.5807894586	0.500926518
chr11_2090456_T_G	0.05477004287	-0.1975630364	-0.07194607706	0.1504132323	0.1547114138	-0.06884865166	-0.06884865166	-0.06884865166	-0.06884865166	-0.1693643076	0.1570658908	0.06345900839	-0.178265917	0.1521746054	0.1706446024	0.1706446024	0.1706446024	-0.09907883907	-0.09907883907	0.1748896605	0.6108766666	-0.5061232841	-0.5061232841	0.1917907012	0.1917907012	0.1917907012	0.1917907012	0.6303681931	0.1917907012	0.1917907012	0.5959810971	0.7074279247	0.7106858141	-0.5387914608	0.1980204914	0.1628803719	0.1980204914	0.7160354316	-0.3917577624	0.7187306391	0.2245338858	0.2112470284	0.2245338858	0.2245338858	-0.3989030291	0.2245338858	-0.5488800077	0.2275453387	0.2181685741	-0.6910035796	0.2228429947	0.2150312203	1	0.723612275	0.8486211075	-0.5417779084	0.8361259755	0.8586219554	0.7300133675	0.7910833399	-0.5645636168	0.7976599242	-0.5537178332	0.6839827816	-0.5537178332	0.8412170682	0.6786597171	0.8486211075	-0.5537178332	0.6839827816	0.8484056525	0.8514189895	-0.5405181478	-0.4062336439	0.1884921955	0.1785352895	0.6967111258	0.6967111258	0.6967111258	0.1825749874	0.1785352895	-0.5352159123	0.6967111258	0.7683146244	0.7006810564	-0.5478755202	-0.5352159123	0.1682536233	0.1800565136	0.1800565136	0.176446932	0.176446932	-0.1620618911	0.03682061567	-0.280412705	-0.2779235727	-0.09567970731	-0.2767382458	-0.09519732351	-0.1980624426
chr11_2093065_C_T	-0.01746487752	-0.2199521691	-0.2561483661	0.2650602724	0.2681069021	-0.2507930341	-0.2507930341	-0.2507930341	-0.2507930341	-0.1846701161	0.2686798862	-0.01527289522	-0.1864395674	0.234225756	0.2220400255	0.2220400255	0.2220400255	-0.2469947595	-0.2469947595	0.1012477258	0.8777993461	-0.5237629055	-0.5237629055	0.1289697455	0.1289697455	0.1289697455	0.1289697455	0.8979198315	0.1289697455	0.1289697455	0.8291590762	0.9684766186	0.9683742329	-0.5409746077	0.1336153096	0.1350655151	0.1336153096	0.9790028789	-0.6409765915	0.9843351029	0.1488657265	0.1412228297	0.1488657265	0.1488657265	-0.6504872858	0.1488657265	-0.5547637119	0.1552542534	0.1504750322	-0.5086098701	0.1474691803	0.1499575488	0.723612275	1	0.8383105846	-0.5516625274	0.8188367035	0.832029414	0.9896796237	0.7529963187	-0.5593466589	0.7650745029	-0.5501435648	0.952060591	-0.5501435648	0.8213836816	0.9522738334	0.818915727	-0.5501435648	0.952060591	0.8097463018	0.8061959146	-0.547243533	-0.5759652419	0.1136260397	0.1093277609	0.9259497588	0.9259497588	0.9259497588	0.1122795608	0.1093277609	-0.5428086138	0.9259497588	0.7786382296	0.9216352112	-0.5502985315	-0.5428086138	0.0954154703	0.107421707	0.107421707	0.1014316612	0.1014316612	0.03880359496	0.1326728288	-0.1754613373	-0.1729472812	-0.1136620939	-0.127150815	-0.1077159428	-0.1072490191
chr11_2093603_C_A	0.0388027893	-0.1689635324	-0.2054348055	0.2408855456	0.2416525028	-0.2011853615	-0.2011853615	-0.2011853615	-0.2011853615	-0.1520669024	0.2428577898	0.01977868542	-0.1575721107	0.1958440271	0.2164763752	0.2164763752	0.2164763752	-0.1979128397	-0.1979128397	0.1437478211	0.724183487	-0.6144325643	-0.6144325643	0.1720621914	0.1720621914	0.1720621914	0.1720621914	0.7475470561	0.1720621914	0.1720621914	0.6937420144	0.8103409744	0.8116734273	-0.6387094759	0.1772249417	0.1719698388	0.1772249417	0.8199368628	-0.4839708604	0.8240854968	0.1896168722	0.1834053486	0.1896168722	0.1896168722	-0.4950990549	0.1896168722	-0.6508802579	0.1944965469	0.1916667162	-0.584725661	0.1881637063	0.1825137672	0.8486211075	0.8383105846	1	-0.6492594954	0.9743829892	0.9873105048	0.8282456591	0.9106412611	-0.6612079864	0.9200115038	-0.6544295332	0.788397144	-0.6544295332	0.982512028	0.7899872798	0.9823193723	-0.6544295332	0.788397144	0.9574256991	0.9618407468	-0.6420513787	-0.4954078049	0.1542465912	0.1400426941	0.7744264643	0.7744264643	0.7744264643	0.143494942	0.1400426941	-0.6368423455	0.7744264643	0.8678135683	0.7705098916	-0.6487957777	-0.6368423455	0.1238992345	0.137092277	0.137092277	0.1309311092	0.1309311092	-0.124120107	0.1134469082	-0.2463543403	-0.2428457856	-0.05736763141	-0.2515090185	-0.05049767591	-0.03939231269
chr11_2093897_G_A	-0.09160954332	0.3345283064	0.3555439193	-0.02307160176	-0.02722934047	0.354580165	0.354580165	0.354580165	0.354580165	0.2822601196	-0.02572673707	0.3800010854	0.2897554283	-0.03990360612	-0.05079720912	-0.05079720912	-0.05079720912	0.3461685058	0.3461685058	0.5919117276	-0.4852942388	0.9517765908	0.9517765908	0.5343087579	0.5343087579	0.5343087579	0.5343087579	-0.4640415355	0.5343087579	0.5343087579	-0.4424336011	-0.5458861459	-0.5370813171	0.9889601039	0.5298832635	0.547848968	0.5298832635	-0.5534950028	0.8413620614	-0.5540867802	0.5209050425	0.5292309895	0.5209050425	0.5209050425	0.824310887	0.5209050425	0.9972478812	0.5175072392	0.5187637643	0.9071331938	0.5259163786	0.586274808	-0.5417779084	-0.5516625274	-0.6492594954	1	-0.6773421204	-0.6547985753	-0.5546948999	-0.6184482394	0.9257241734	-0.620939804	0.9200043874	-0.5256521659	0.9200043874	-0.6435948439	-0.5089755201	-0.6492594954	0.9200043874	-0.5256521659	-0.6483086684	-0.6493054805	0.9068861675	0.76208616	0.4843122955	0.5337762218	-0.5129332873	-0.5129332873	-0.5129332873	0.5272281275	0.5337762218	0.8991478955	-0.5129332873	-0.5726980847	-0.5157850426	0.8682087171	0.8991478955	0.52792031	0.4751780222	0.4751780222	0.5293548422	0.5293548422	0.5892672773	0.4031915058	0.5788618221	0.5558397941	0.4659835344	0.6281616996	0.4614849573	0.3945571153
chr11_2094303_C_T	0.02939705245	-0.1843434707	-0.2165234427	0.2238121658	0.2240594497	-0.2124703254	-0.2124703254	-0.2124703254	-0.2124703254	-0.1639602127	0.2254785275	0.03232844109	-0.1698522173	0.2230887049	0.2402980619	0.2402980619	0.2402980619	-0.2110259976	-0.2110259976	0.1320685318	0.7126251661	-0.6411523034	-0.6411523034	0.1682853696	0.1682853696	0.1682853696	0.1682853696	0.7276807988	0.1682853696	0.1682853696	0.6861283537	0.8007967093	0.8024456111	-0.6667316102	0.1737289952	0.1692072897	0.1737289952	0.8102627784	-0.5143608543	0.8141891299	0.1856180569	0.1796585352	0.1856180569	0.1856180569	-0.4901889865	0.1856180569	-0.6786751166	0.190074232	0.1876246718	-0.6154175553	0.1839984517	0.1718305509	0.8361259755	0.8188367035	0.9743829892	-0.6773421204	1	0.9702086982	0.8181275454	0.9334576193	-0.6818132461	0.9423932429	-0.6754357363	0.7800161069	-0.6754357363	0.9658817041	0.772217827	0.9656622727	-0.6754357363	0.7800161069	0.940903354	0.9451149268	-0.6626828483	-0.4823542468	0.1596255655	0.1290715316	0.7564951536	0.7564951536	0.7564951536	0.132649088	0.1290715316	-0.6573140261	0.7564951536	0.876332913	0.7525616819	-0.6574714794	-0.6573140261	0.1121740127	0.1423985748	0.1423985748	0.1194667971	0.1194667971	-0.1562133556	0.12072184	-0.2330858893	-0.2305867611	-0.05319409245	-0.284367996	-0.04613172616	-0.03949067797
chr11_2094599_G_A	0.03362636023	-0.1705747254	-0.2082820274	0.2438037324	0.2444358023	-0.2041852087	-0.2041852087	-0.2041852087	-0.2041852087	-0.1519630563	0.245625784	0.02148354456	-0.1576558988	0.194137462	0.2255073032	0.2255073032	0.2255073032	-0.2122948622	-0.2122948622	0.131299778	0.7358469268	-0.6265863271	-0.6265863271	0.1583462427	0.1583462427	0.1583462427	0.1583462427	0.7505287373	0.1583462427	0.1583462427	0.7096062292	0.8233173499	0.8249048325	-0.6511891229	0.163722363	0.1589709579	0.163722363	0.8327243673	-0.5034664192	0.8366530411	0.1851724336	0.1696792457	0.1851724336	0.1851724336	-0.5149193163	0.1851724336	-0.6630997638	0.1897784371	0.1871742312	-0.595757408	0.1836554008	0.1794233629	0.8586219554	0.832029414	0.9873105048	-0.6547985753	0.9702086982	1	0.8405945261	0.922398123	-0.6730873287	0.9232800674	-0.6666207521	0.8028410357	-0.6666207521	0.9872871327	0.7950511109	0.9873105048	-0.6666207521	0.8028410357	0.9621009864	0.9663376082	-0.6541522939	-0.5073088806	0.1500627666	0.1373124505	0.7791932795	0.7791932795	0.7791932795	0.1407750178	0.1373124505	-0.6488922656	0.7791932795	0.873171839	0.784389817	-0.6621325274	-0.6488922656	0.1210877659	0.13307196	0.13307196	0.1281417723	0.1281417723	-0.1311518856	0.1110840984	-0.2442506094	-0.2413820956	-0.0629186236	-0.2610260371	-0.05602881342	-0.04296196448
chr11_2095273_C_T	-0.02045905333	-0.2176039985	-0.2548862817	0.2588821346	0.2617235034	-0.2496559701	-0.2496559701	-0.2496559701	-0.2496559701	-0.1811740521	0.2623528684	-0.01665710726	-0.1831848811	0.229332527	0.2233878094	0.2233878094	0.2233878094	-0.2568922711	-0.2568922711	0.0962393775	0.8875524031	-0.5340813865	-0.5340813865	0.1230581933	0.1230581933	0.1230581933	0.1230581933	0.8980555552	0.1230581933	0.1230581933	0.8424840717	0.9793168261	0.9794368136	-0.5516372499	0.1278170148	0.1295145673	0.1278170148	0.9896921487	-0.6531245875	0.9948393875	0.1427123275	0.135247441	0.1427123275	0.1427123275	-0.6628987078	0.1427123275	-0.5652134904	0.1488258239	0.1442551122	-0.5178906984	0.1412225949	0.1448062675	0.7300133675	0.9896796237	0.8282456591	-0.5546948999	0.8181275454	0.8405945261	1	0.7610271837	-0.5696300692	0.7728155243	-0.5606901594	0.9639718193	-0.5606901594	0.8304943723	0.953775358	0.8282456591	-0.5606901594	0.9639718193	0.8185287591	0.8149595193	-0.5575861717	-0.5888385128	0.1075810952	0.1044439533	0.9273851547	0.9273851547	0.9273851547	0.107416272	0.1044439533	-0.5531019625	0.9273851547	0.7779075293	0.922889186	-0.5616036674	-0.5531019625	0.09037586441	0.101320994	0.101320994	0.09643586837	0.09643586837	0.03128048366	0.1273607533	-0.1721396083	-0.1700472477	-0.1138675609	-0.1307442215	-0.1078975342	-0.1059418002
chr11_2095799_A_G	0.104862262	-0.1765670273	-0.1818888877	0.182464831	0.1816274959	-0.1782626925	-0.1782626925	-0.1782626925	-0.1782626925	-0.1475989044	0.1834720968	0.08324442964	-0.1547863152	0.1673930775	0.2341294964	0.2341294964	0.2341294964	-0.1703740101	-0.1703740101	0.1470463963	0.6641411036	-0.5937595154	-0.5937595154	0.1881195539	0.1881195539	0.1881195539	0.1881195539	0.6806136871	0.1881195539	0.1881195539	0.6453956266	0.7451117991	0.7472882292	-0.6150391613	0.193582217	0.1904127372	0.193582217	0.7541338451	-0.4539675326	0.7575744861	0.2134601889	0.1989482505	0.2134601889	0.2134601889	-0.4319252581	0.2134601889	-0.6261450621	0.2175661851	0.2157677899	-0.5642263811	0.212043442	0.1863700503	0.7910833399	0.7529963187	0.9106412611	-0.6184482394	0.9334576193	0.922398123	0.7610271837	1	-0.7141186053	0.9844269302	-0.7152310429	0.7358591131	-0.7152310429	0.9191743852	0.7290856738	0.9189529166	-0.7152310429	0.7358591131	0.8947878274	0.898500725	-0.7018948142	-0.4364159406	0.1877425298	0.1434281233	0.7131978179	0.7131978179	0.7131978179	0.138443761	0.1434281233	-0.6962648215	0.7131978179	0.9258464449	0.7181934279	-0.6883117226	-0.6962648215	0.1260420784	0.1707886501	0.1707886501	0.1335866873	0.1335866873	-0.2092843238	0.1433381051	-0.1918117514	-0.1838406277	-0.02495626944	-0.335695473	-0.01766564764	-0.01187756775
chr11_2095814_GACA_G	-0.1577249762	0.3039698321	0.2980829992	-0.01326308513	-0.01724285483	0.2970941923	0.2970941923	0.2970941923	0.2970941923	0.2501400667	-0.01584152557	0.2845297084	0.2581432398	-0.01521638931	-0.06338757169	-0.06338757169	-0.06338757169	0.292067332	0.292067332	0.4765156879	-0.5067222385	0.8889908714	0.8889908714	0.4114090467	0.4114090467	0.4114090467	0.4114090467	-0.4860654161	0.4114090467	0.4114090467	-0.4665424488	-0.5610269409	-0.5524314542	0.9206212952	0.4087075318	0.4272904299	0.4087075318	-0.5685640638	0.755707972	-0.5690885112	0.3993922164	0.4078529694	0.3993922164	0.3993922164	0.7440182062	0.3993922164	0.9287242384	0.3943089241	0.3960106065	0.845378322	0.402869895	0.4826863758	-0.5645636168	-0.5593466589	-0.6612079864	0.9257241734	-0.6818132461	-0.6730873287	-0.5696300692	-0.7141186053	1	-0.7164782915	0.9945672887	-0.541529663	0.9945672887	-0.6623221593	-0.5251500722	-0.6681516408	0.9945672887	-0.541529663	-0.6664921568	-0.6674408098	0.9810009883	0.7682561611	0.4618907307	0.5263139966	-0.5286413036	-0.5286413036	-0.5286413036	0.5270679327	0.5263139966	0.9730022012	-0.5286413036	-0.6570016749	-0.53118798	0.934047143	0.9730022012	0.5205748567	0.4528041767	0.4528041767	0.5219617354	0.5219617354	0.6330728729	0.3681268272	0.5515694636	0.5224142702	0.4320852355	0.6754099831	0.4276373327	0.3618512725
chr11_2095968_T_C	0.1019696921	-0.1845065001	-0.1907803076	0.1872314708	0.1863181802	-0.1872050551	-0.1872050551	-0.1872050551	-0.1872050551	-0.1545078885	0.1881668731	0.08179324481	-0.1617940545	0.1740609713	0.237904044	0.237904044	0.237904044	-0.1752683453	-0.1752683453	0.1530191797	0.6745312059	-0.5957259857	-0.5957259857	0.202877737	0.202877737	0.202877737	0.202877737	0.6914452049	0.202877737	0.202877737	0.6577068029	0.7570635143	0.759393626	-0.6175169916	0.208223158	0.2051524573	0.208223158	0.7660792683	-0.4517455798	0.769441014	0.2189303043	0.2135623368	0.2189303043	0.2189303043	-0.4299013369	0.2189303043	-0.6285818159	0.2230117361	0.2212970397	-0.565354753	0.217534053	0.1836323087	0.7976599242	0.7650745029	0.9200115038	-0.620939804	0.9423932429	0.9232800674	0.7728155243	0.9844269302	-0.7164782915	1	-0.7045928546	0.7299319409	-0.7045928546	0.9119845985	0.7232451126	0.9200115038	-0.7045928546	0.7299319409	0.8876435139	0.8913124677	-0.6912174874	-0.4273020379	0.1930853909	0.1491414031	0.7073035661	0.7073035661	0.7073035661	0.144201323	0.1491414031	-0.6855932855	0.7073035661	0.9105522745	0.7033340483	-0.677777136	-0.6855932855	0.1316201998	0.1760610921	0.1760610921	0.1392411964	0.1392411964	-0.2011877198	0.1489148822	-0.176252932	-0.1684442073	-0.01049327583	-0.3197522344	-0.003138369338	0.003384861557
chr11_2096707_G_A	-0.1604708982	0.2979515891	0.291249589	-0.003361644769	-0.00736170596	0.2902178079	0.2902178079	0.2902178079	0.2902178079	0.2448715615	-0.005994998207	0.2909197924	0.2528072167	-0.009567656742	-0.05451605039	-0.05451605039	-0.05451605039	0.2885756972	0.2885756972	0.4750833696	-0.498857891	0.8836614328	0.8836614328	0.4171682372	0.4171682372	0.4171682372	0.4171682372	-0.4777713422	0.4171682372	0.4171682372	-0.4569815392	-0.551938521	-0.5431920923	0.9149330384	0.414478122	0.4332442589	0.414478122	-0.5594939538	0.7534285121	-0.5600837807	0.4050713097	0.4135870369	0.4050713097	0.4050713097	0.741511253	0.4050713097	0.9230751446	0.3999574827	0.4017323896	0.8407596689	0.4085737845	0.481673588	-0.5537178332	-0.5501435648	-0.6544295332	0.9200043874	-0.6754357363	-0.6666207521	-0.5606901594	-0.7152310429	0.9945672887	-0.7045928546	1	-0.5473822519	1	-0.6694191547	-0.5308942467	-0.6683505783	1	-0.5473822519	-0.6735754271	-0.6745610407	0.9864758893	0.7775051047	0.4675999784	0.5324642685	-0.534448239	-0.534448239	-0.534448239	0.5332542326	0.5324642685	0.9784770497	-0.534448239	-0.6642487941	-0.5369879807	0.9391410179	0.9784770497	0.5265877591	0.4584224288	0.4584224288	0.5280464312	0.5280464312	0.6354055995	0.3737783706	0.559666063	0.5302339091	0.4385195456	0.6788093258	0.4341296421	0.3690380198
chr11_2096919_G_A	-0.009334607679	-0.2072178647	-0.2404654633	0.2370445926	0.2401990459	-0.2349174211	-0.2349174211	-0.2349174211	-0.2349174211	-0.1751123938	0.2408821085	-0.02583056232	-0.1764436398	0.2167268388	0.2128088479	0.2128088479	0.2128088479	-0.2466572627	-0.2466572627	0.1060452506	0.8552136044	-0.5068953778	-0.5068953778	0.1135993488	0.1135993488	0.1135993488	0.1135993488	0.8640164167	0.1135993488	0.1135993488	0.8004215664	0.9420916971	0.9415303386	-0.5227546084	0.1182316036	0.1192112374	0.1182316036	0.9527310845	-0.6333775874	0.9583462941	0.1338883621	0.1260421502	0.1338883621	0.1338883621	-0.6422895903	0.1338883621	-0.5367664315	0.1404095696	0.1353357557	-0.4867864899	0.1324192553	0.143711349	0.6839827816	0.952060591	0.788397144	-0.5256521659	0.7800161069	0.8028410357	0.9639718193	0.7358591131	-0.541529663	0.7299319409	-0.5473822519	1	-0.5473822519	0.8106669394	0.9891561162	0.8080004409	-0.5473822519	1	0.7995422396	0.796106015	-0.5448372429	-0.624178328	0.09869829172	0.09335217835	0.9625509974	0.9625509974	0.9625509974	0.09621531492	0.09335217835	-0.5404966058	0.9625509974	0.7602566391	0.9580099092	-0.5464385962	-0.5404966058	0.07972488988	0.09266991502	0.09266991502	0.08556485381	0.08556485381	0.06534389071	0.1173510374	-0.1490035661	-0.1451056797	-0.1243754461	-0.09856929126	-0.1186226406	-0.1123697958
chr11_2097561_T_C	-0.1604708982	0.2979515891	0.291249589	-0.003361644769	-0.00736170596	0.2902178079	0.2902178079	0.2902178079	0.2902178079	0.2448715615	-0.005994998207	0.2909197924	0.2528072167	-0.009567656742	-0.05451605039	-0.05451605039	-0.05451605039	0.2885756972	0.2885756972	0.4750833696	-0.498857891	0.8836614328	0.8836614328	0.4171682372	0.4171682372	0.4171682372	0.4171682372	-0.4777713422	0.4171682372	0.4171682372	-0.4569815392	-0.551938521	-0.5431920923	0.9149330384	0.414478122	0.4332442589	0.414478122	-0.5594939538	0.7534285121	-0.5600837807	0.4050713097	0.4135870369	0.4050713097	0.4050713097	0.741511253	0.4050713097	0.9230751446	0.3999574827	0.4017323896	0.8407596689	0.4085737845	0.481673588	-0.5537178332	-0.5501435648	-0.6544295332	0.9200043874	-0.6754357363	-0.6666207521	-0.5606901594	-0.7152310429	0.9945672887	-0.7045928546	1	-0.5473822519	1	-0.6694191547	-0.5308942467	-0.6683505783	1	-0.5473822519	-0.6735754271	-0.6745610407	0.9864758893	0.7775051047	0.4675999784	0.5324642685	-0.534448239	-0.534448239	-0.534448239	0.5332542326	0.5324642685	0.9784770497	-0.534448239	-0.6642487941	-0.5369879807	0.9391410179	0.9784770497	0.5265877591	0.4584224288	0.4584224288	0.5280464312	0.5280464312	0.6354055995	0.3737783706	0.559666063	0.5302339091	0.4385195456	0.6788093258	0.4341296421	0.3690380198
chr11_2097954_C_T	0.03846424319	-0.1597215441	-0.1963379107	0.2240979427	0.2247234503	-0.1921186798	-0.1921186798	-0.1921186798	-0.1921186798	-0.1425646535	0.2260253182	0.01096149054	-0.1481569072	0.1855701725	0.2073793472	0.2073793472	0.2073793472	-0.2032180696	-0.2032180696	0.1424936518	0.7268957081	-0.6159887367	-0.6159887367	0.1608442455	0.1608442455	0.1608442455	0.1608442455	0.7410248665	0.1608442455	0.1608442455	0.6973421151	0.8127830875	0.8141426975	-0.6400471499	0.1661042444	0.1609669653	0.1661042444	0.8222952538	-0.4941310263	0.8263889026	0.1783496844	0.1722117458	0.1783496844	0.1783496844	-0.5052780123	0.1783496844	-0.6521223877	0.183041516	0.180277725	-0.5864187411	0.1767848221	0.1809213733	0.8412170682	0.8213836816	0.982512028	-0.6435948439	0.9658817041	0.9872871327	0.8304943723	0.9191743852	-0.6623221593	0.9119845985	-0.6694191547	0.8106669394	-0.6694191547	1	0.8026159216	0.991275212	-0.6694191547	0.8106669394	0.9746485964	0.9790047966	-0.657018492	-0.5197541613	0.143077348	0.1296472015	0.7868525182	0.7868525182	0.7868525182	0.1330838932	0.1296472015	-0.6517758124	0.7868525182	0.8769229395	0.7827305491	-0.6642905332	-0.6517758124	0.113474252	0.1260267801	0.1260267801	0.1204778883	0.1204778883	-0.130424952	0.103341804	-0.2519727681	-0.2485888684	-0.06532889808	-0.2564946859	-0.05850544641	-0.04720137415
chr11_2098180_AC_A	-0.0221433998	-0.1986072389	-0.2472889081	0.2488281746	0.2522392041	-0.241673526	-0.241673526	-0.241673526	-0.241673526	-0.1676005483	0.2527986781	-0.02429713538	-0.1688148663	0.2192986713	0.2172130389	0.2172130389	0.2172130389	-0.2497433021	-0.2497433021	0.1210598092	0.8462575533	-0.4908469191	-0.4908469191	0.1292213312	0.1292213312	0.1292213312	0.1292213312	0.87505245	0.1292213312	0.1292213312	0.7889530817	0.9316146722	0.9308667606	-0.5061698895	0.1335295919	0.13415661	0.1335295919	0.9423027067	-0.6142913894	0.9480342756	0.1494415936	0.1414672386	0.1494415936	0.1494415936	-0.6228322898	0.1494415936	-0.5202613754	0.1563447977	0.1510571247	-0.4719388444	0.1482221433	0.1578748517	0.6786597171	0.9522738334	0.7899872798	-0.5089755201	0.772217827	0.7950511109	0.953775358	0.7290856738	-0.5251500722	0.7232451126	-0.5308942467	0.9891561162	-0.5308942467	0.8026159216	1	0.7998337448	-0.5308942467	0.9891561162	0.7917691245	0.7883814399	-0.5285905415	-0.6052632383	0.1147361302	0.1178104477	0.973350018	0.973350018	0.973350018	0.1205892076	0.1178104477	-0.5243463428	0.973350018	0.7717268924	0.9687696047	-0.5370860933	-0.5243463428	0.1048696375	0.1088808833	0.1088808833	0.1105278896	0.1105278896	0.08942138694	0.1316421459	-0.1417868548	-0.1373682074	-0.1135457223	-0.07730487198	-0.1078941367	-0.1034854241
chr11_2098701_A_AT	0.0388027893	-0.1611273461	-0.1980659945	0.2334779521	0.2341769373	-0.1938096277	-0.1938096277	-0.1938096277	-0.1938096277	-0.1438194477	0.2354362439	0.01105796898	-0.1494609221	0.1958440271	0.2237481373	0.2237481373	0.2237481373	-0.2121005797	-0.2121005797	0.1437478211	0.724183487	-0.6214104108	-0.6214104108	0.162259929	0.162259929	0.162259929	0.162259929	0.7383494945	0.162259929	0.162259929	0.6937420144	0.8103409744	0.8116734273	-0.6456805761	0.1675662242	0.162383729	0.1675662242	0.8199368628	-0.4912255103	0.8240854968	0.1799194434	0.1737274812	0.1799194434	0.1799194434	-0.502412156	0.1799194434	-0.657862095	0.1846525705	0.1818644538	-0.5915801526	0.1783408078	0.1731630693	0.8486211075	0.818915727	0.9823193723	-0.6492594954	0.9656622727	0.9873105048	0.8282456591	0.9189529166	-0.6681516408	0.9200115038	-0.6683505783	0.8080004409	-0.6683505783	0.991275212	0.7998337448	1	-0.6683505783	0.8080004409	0.9660261474	0.9704343598	-0.6558846548	-0.5170985656	0.1443366547	0.1307883017	0.7841022639	0.7841022639	0.7841022639	0.1342552417	0.1307883017	-0.650622428	0.7841022639	0.8678135683	0.7800648531	-0.6630234855	-0.650622428	0.1144730047	0.1271360149	0.1271360149	0.1215382841	0.1215382841	-0.1315728976	0.1042513751	-0.2385181541	-0.2349147279	-0.05736763141	-0.2515090185	-0.05049767591	-0.03939231269
chr11_2099854_G_A	-0.1604708982	0.2979515891	0.291249589	-0.003361644769	-0.00736170596	0.2902178079	0.2902178079	0.2902178079	0.2902178079	0.2448715615	-0.005994998207	0.2909197924	0.2528072167	-0.009567656742	-0.05451605039	-0.05451605039	-0.05451605039	0.2885756972	0.2885756972	0.4750833696	-0.498857891	0.8836614328	0.8836614328	0.4171682372	0.4171682372	0.4171682372	0.4171682372	-0.4777713422	0.4171682372	0.4171682372	-0.4569815392	-0.551938521	-0.5431920923	0.9149330384	0.414478122	0.4332442589	0.414478122	-0.5594939538	0.7534285121	-0.5600837807	0.4050713097	0.4135870369	0.4050713097	0.4050713097	0.741511253	0.4050713097	0.9230751446	0.3999574827	0.4017323896	0.8407596689	0.4085737845	0.481673588	-0.5537178332	-0.5501435648	-0.6544295332	0.9200043874	-0.6754357363	-0.6666207521	-0.5606901594	-0.7152310429	0.9945672887	-0.7045928546	1	-0.5473822519	1	-0.6694191547	-0.5308942467	-0.6683505783	1	-0.5473822519	-0.6735754271	-0.6745610407	0.9864758893	0.7775051047	0.4675999784	0.5324642685	-0.534448239	-0.534448239	-0.534448239	0.5332542326	0.5324642685	0.9784770497	-0.534448239	-0.6642487941	-0.5369879807	0.9391410179	0.9784770497	0.5265877591	0.4584224288	0.4584224288	0.5280464312	0.5280464312	0.6354055995	0.3737783706	0.559666063	0.5302339091	0.4385195456	0.6788093258	0.4341296421	0.3690380198
chr11_2101283_G_A	-0.009334607679	-0.2072178647	-0.2404654633	0.2370445926	0.2401990459	-0.2349174211	-0.2349174211	-0.2349174211	-0.2349174211	-0.1751123938	0.2408821085	-0.02583056232	-0.1764436398	0.2167268388	0.2128088479	0.2128088479	0.2128088479	-0.2466572627	-0.2466572627	0.1060452506	0.8552136044	-0.5068953778	-0.5068953778	0.1135993488	0.1135993488	0.1135993488	0.1135993488	0.8640164167	0.1135993488	0.1135993488	0.8004215664	0.9420916971	0.9415303386	-0.5227546084	0.1182316036	0.1192112374	0.1182316036	0.9527310845	-0.6333775874	0.9583462941	0.1338883621	0.1260421502	0.1338883621	0.1338883621	-0.6422895903	0.1338883621	-0.5367664315	0.1404095696	0.1353357557	-0.4867864899	0.1324192553	0.143711349	0.6839827816	0.952060591	0.788397144	-0.5256521659	0.7800161069	0.8028410357	0.9639718193	0.7358591131	-0.541529663	0.7299319409	-0.5473822519	1	-0.5473822519	0.8106669394	0.9891561162	0.8080004409	-0.5473822519	1	0.7995422396	0.796106015	-0.5448372429	-0.624178328	0.09869829172	0.09335217835	0.9625509974	0.9625509974	0.9625509974	0.09621531492	0.09335217835	-0.5404966058	0.9625509974	0.7602566391	0.9580099092	-0.5464385962	-0.5404966058	0.07972488988	0.09266991502	0.09266991502	0.08556485381	0.08556485381	0.06534389071	0.1173510374	-0.1490035661	-0.1451056797	-0.1243754461	-0.09856929126	-0.1186226406	-0.1123697958
chr11_2101345_C_T	0.03483051	-0.1803511589	-0.2163677111	0.2105906201	0.210993002	-0.2122904338	-0.2122904338	-0.2122904338	-0.2122904338	-0.1632251404	0.2123813708	-0.01613689717	-0.1685558543	0.1975554315	0.2217546419	0.2217546419	0.2217546419	-0.2115365826	-0.2115365826	0.1461383021	0.7069094583	-0.620591614	-0.620591614	0.1637384799	0.1637384799	0.1637384799	0.1637384799	0.7210749292	0.1637384799	0.1637384799	0.6786589038	0.801267561	0.8027245641	-0.6447349903	0.1689229931	0.1267477125	0.1689229931	0.8106030827	-0.482981891	0.8145599423	0.1808559379	0.1748745134	0.1808559379	0.1808559379	-0.4941110109	0.1808559379	-0.6565723641	0.1854381699	0.1828110723	-0.5904415779	0.1793403352	0.1839583203	0.8484056525	0.8097463018	0.9574256991	-0.6483086684	0.940903354	0.9621009864	0.8185287591	0.8947878274	-0.6664921568	0.8876435139	-0.6735754271	0.7995422396	-0.6735754271	0.9746485964	0.7917691245	0.9660261474	-0.6735754271	0.7995422396	1	0.9958321423	-0.6679130851	-0.5361504985	0.146088283	0.1422623865	0.8137184095	0.8137184095	0.8137184095	0.1456632173	0.1422623865	-0.662640319	0.8137184095	0.8945833872	0.8091014026	-0.6761473994	-0.662640319	0.1172339758	0.1292691909	0.1292691909	0.1241920973	0.1241920973	-0.1270208444	0.09835476026	-0.254192095	-0.25131033	-0.05746242346	-0.2566052753	-0.05068067075	-0.038531003
chr11_2101804_G_A	0.0474031531	-0.1767612836	-0.2136979271	0.2057540943	0.2060504855	-0.2096422062	-0.2096422062	-0.2096422062	-0.2096422062	-0.1587055389	0.2074930455	-0.0126060927	-0.1642181609	0.1925088459	0.2165466923	0.2165466923	0.2165466923	-0.203618018	-0.203618018	0.1491650621	0.7119622717	-0.6213299044	-0.6213299044	0.1665465956	0.1665465956	0.1665465956	0.1665465956	0.7263507814	0.1665465956	0.1665465956	0.6847212213	0.7977543495	0.7992524506	-0.6457263077	0.1717380767	0.1296815635	0.1717380767	0.8070824516	-0.4780862504	0.811015019	0.183619025	0.1776636026	0.183619025	0.183619025	-0.4892726089	0.183619025	-0.6575370305	0.1881863888	0.1856040296	-0.5907596087	0.1821147185	0.1870079372	0.8514189895	0.8061959146	0.9618407468	-0.6493054805	0.9451149268	0.9663376082	0.8149595193	0.898500725	-0.6674408098	0.8913124677	-0.6745610407	0.796106015	-0.6745610407	0.9790047966	0.7883814399	0.9704343598	-0.6745610407	0.796106015	0.9958321423	1	-0.6688354804	-0.5381954921	0.1488038924	0.1361605385	0.8102797728	0.8102797728	0.8102797728	0.1395940585	0.1361605385	-0.6635420148	0.8102797728	0.8903839335	0.8056745353	-0.6773239047	-0.6635420148	0.1200719626	0.1319556215	0.1319556215	0.127066793	0.127066793	-0.1300516546	0.1012132964	-0.2498191018	-0.2470668758	-0.05409275209	-0.2588362938	-0.04727391552	-0.03460656516
chr11_2102033_G_A	-0.1559373687	0.2877511527	0.2833821524	0.007933569636	0.004213877939	0.2824011016	0.2824011016	0.2824011016	0.2824011016	0.2585391709	0.005438456083	0.3010603848	0.2664477969	0.002298904744	-0.04202291329	-0.04202291329	-0.04202291329	0.2846929538	0.2846929538	0.4721320714	-0.4950143176	0.8701448442	0.8701448442	0.4151127299	0.4151127299	0.4151127299	0.4151127299	-0.4744895078	0.4151127299	0.4151127299	-0.4548029778	-0.5490212198	-0.540462576	0.9018871302	0.4123004923	0.4306856678	0.4123004923	-0.5565290173	0.7491363263	-0.5570492336	0.403085925	0.4114813524	0.403085925	0.403085925	0.7375452309	0.403085925	0.9099194666	0.3981461047	0.3997742018	0.8266339842	0.4066401174	0.4782361613	-0.5405181478	-0.547243533	-0.6420513787	0.9068861675	-0.6626828483	-0.6541522939	-0.5575861717	-0.7018948142	0.9810009883	-0.6912174874	0.9864758893	-0.5448372429	0.9864758893	-0.657018492	-0.5285905415	-0.6558846548	0.9864758893	-0.5448372429	-0.6679130851	-0.6688354804	1	0.7955405843	0.4965820207	0.5580487859	-0.5319076924	-0.5319076924	-0.5319076924	0.5587253225	0.5580487859	0.9919290645	-0.5319076924	-0.6582206636	-0.5343564361	0.9540558368	0.9919290645	0.5530655261	0.4877462891	0.4877462891	0.5542823332	0.5542823332	0.6447924293	0.393109134	0.570590429	0.541947998	0.4544437338	0.6860760623	0.4499365352	0.3830487499
chr11_2103073_T_TC	-0.01960049105	0.2704526127	0.2985760202	0.02358787702	0.02346954364	0.2967356189	0.2967356189	0.2967356189	0.2967356189	0.2482373941	0.01936414665	0.4538244947	0.2523757943	0.02105804188	0.0366269327	0.0366269327	0.0366269327	0.331392933	0.331392933	0.4821806196	-0.5338641351	0.7410537169	0.7410537169	0.5180556442	0.5180556442	0.5180556442	0.5180556442	-0.520478917	0.5180556442	0.5180556442	-0.477192032	-0.5856308251	-0.5745971824	0.7635867794	0.5160239746	0.538851312	0.5160239746	-0.5856308251	0.819114474	-0.5872279049	0.5125151244	0.5142641787	0.5125151244	0.5125151244	0.8391244192	0.5125151244	0.766770503	0.5065478209	0.510038639	0.6872242411	0.5163216789	0.4733408795	-0.4062336439	-0.5759652419	-0.4954078049	0.76208616	-0.4823542468	-0.5073088806	-0.5888385128	-0.4364159406	0.7682561611	-0.4273020379	0.7775051047	-0.624178328	0.7775051047	-0.5197541613	-0.6052632383	-0.5170985656	0.7775051047	-0.624178328	-0.5361504985	-0.5381954921	0.7955405843	1	0.6067590109	0.5736017765	-0.6110328766	-0.6110328766	-0.6110328766	0.5677911243	0.5736017765	0.8000978883	-0.6110328766	-0.4268879699	-0.6061494185	0.8248135565	0.8000978883	0.5552809605	0.5875836017	0.5875836017	0.5587149982	0.5587149982	0.4282790235	0.481936639	0.517854972	0.5318262206	0.5506393916	0.4787203594	0.5476960704	0.4803996191
chr11_2104138_A_G	0.009437735941	0.1392326708	0.1439974212	0.2170491744	0.2180506666	0.1465631108	0.1465631108	0.1465631108	0.1465631108	0.1400656461	0.2140294929	0.5442369705	0.1420226133	0.2361205667	0.2576328378	0.2576328378	0.2576328378	0.2096214	0.2096214	0.8332783851	0.08508297231	0.4733849204	0.4733849204	0.8631020713	0.8631020713	0.8631020713	0.8631020713	0.1162372328	0.8631020713	0.8631020713	0.1076817363	0.09092241556	0.1173457423	0.4894571759	0.8657521173	0.8466089507	0.8657521173	0.1016793464	0.5590509398	0.104634235	0.8756128508	0.8706575904	0.8756128508	0.8756128508	0.5756041069	0.8756128508	0.4800838334	0.8732624925	0.8740903461	0.4383775869	0.8791672921	0.8400158806	0.1884921955	0.1136260397	0.1542465912	0.4843122955	0.1596255655	0.1500627666	0.1075810952	0.1877425298	0.4618907307	0.1930853909	0.4675999784	0.09869829172	0.4675999784	0.143077348	0.1147361302	0.1443366547	0.4675999784	0.09869829172	0.146088283	0.1488038924	0.4965820207	0.6067590109	1	0.9222798439	0.1440054046	0.1440054046	0.1440054046	0.917771031	0.9222798439	0.5078495186	0.1440054046	0.2122576485	0.1453554583	0.5285518643	0.5078495186	0.9021015686	0.9777533884	0.9777533884	0.9137731519	0.9137731519	0.6190057902	0.7781602233	0.5810812228	0.6001327656	0.6807572664	0.5218780493	0.6836136044	0.6022512247
chr11_2107025_C_T	-0.1054557207	0.168296273	0.1353834147	0.2188038416	0.2208341385	0.1380917584	0.1380917584	0.1380917584	0.1380917584	0.1595877855	0.216641168	0.4643260215	0.1626525712	0.2309019012	0.2403271281	0.2403271281	0.2403271281	0.1605930715	0.1605930715	0.8328986195	0.07109974306	0.5117701946	0.5117701946	0.782232027	0.782232027	0.782232027	0.782232027	0.1262787553	0.782232027	0.782232027	0.1029675107	0.09813764712	0.1220531246	0.530833882	0.7842390608	0.7649249625	0.7842390608	0.09813764712	0.5148034558	0.1012952669	0.7941694933	0.7891807205	0.7941694933	0.7941694933	0.5164361596	0.7941694933	0.5292081678	0.7924506889	0.7924934255	0.4858284731	0.7975993534	0.8830971657	0.1785352895	0.1093277609	0.1400426941	0.5337762218	0.1290715316	0.1373124505	0.1044439533	0.1434281233	0.5263139966	0.1491414031	0.5324642685	0.09335217835	0.5324642685	0.1296472015	0.1178104477	0.1307883017	0.5324642685	0.09335217835	0.1422623865	0.1361605385	0.5580487859	0.5736017765	0.9222798439	1	0.1461847067	0.1461847067	0.1461847067	0.9951789565	1	0.5679172562	0.1461847067	0.2067708783	0.1477028299	0.4970862545	0.5679172562	0.9659875787	0.8918691701	0.8918691701	0.9756557872	0.9756557872	0.6876894472	0.7209145853	0.5699945832	0.5409815123	0.6213551843	0.592308849	0.6233254668	0.5381461245
chr11_2107107_G_A	-0.01085698914	-0.2092534959	-0.258761305	0.2368515828	0.2399209526	-0.2533278509	-0.2533278509	-0.2533278509	-0.2533278509	-0.1769482505	0.2405983777	-0.03108281302	-0.1783228453	0.2368102971	0.2362471576	0.2362471576	0.2362471576	-0.2425281467	-0.2425281467	0.1402552027	0.8206416438	-0.494136356	-0.494136356	0.147635027	0.147635027	0.147635027	0.147635027	0.8494415142	0.147635027	0.147635027	0.7656031907	0.9057514854	0.9157048728	-0.5101058403	0.1517489574	0.1106052677	0.1517489574	0.9162542678	-0.5804639722	0.9218150621	0.1672839334	0.1594981568	0.1672839334	0.1672839334	-0.5890160771	0.1672839334	-0.5239065917	0.1741899639	0.1690923482	-0.4739205077	0.1662570346	0.1761676861	0.6967111258	0.9259497588	0.7744264643	-0.5129332873	0.7564951536	0.7791932795	0.9273851547	0.7131978179	-0.5286413036	0.7073035661	-0.534448239	0.9625509974	-0.534448239	0.7868525182	0.973350018	0.7841022639	-0.534448239	0.9625509974	0.8137184095	0.8102797728	-0.5319076924	-0.6110328766	0.1440054046	0.1461847067	1	1	1	0.1489544465	0.1461847067	-0.5276238731	1	0.7926126148	0.9948650454	-0.5413522833	-0.5276238731	0.1335869859	0.1382093405	0.1382093405	0.1392167164	0.1392167164	0.1017644792	0.1493445952	-0.1252406643	-0.1213284229	-0.08166387149	-0.06833420601	-0.07599644385	-0.07053567852
chr11_2107122_C_T	-0.01085698914	-0.2092534959	-0.258761305	0.2368515828	0.2399209526	-0.2533278509	-0.2533278509	-0.2533278509	-0.2533278509	-0.1769482505	0.2405983777	-0.03108281302	-0.1783228453	0.2368102971	0.2362471576	0.2362471576	0.2362471576	-0.2425281467	-0.2425281467	0.1402552027	0.8206416438	-0.494136356	-0.494136356	0.147635027	0.147635027	0.147635027	0.147635027	0.8494415142	0.147635027	0.147635027	0.7656031907	0.9057514854	0.9157048728	-0.5101058403	0.1517489574	0.1106052677	0.1517489574	0.9162542678	-0.5804639722	0.9218150621	0.1672839334	0.1594981568	0.1672839334	0.1672839334	-0.5890160771	0.1672839334	-0.5239065917	0.1741899639	0.1690923482	-0.4739205077	0.1662570346	0.1761676861	0.6967111258	0.9259497588	0.7744264643	-0.5129332873	0.7564951536	0.7791932795	0.9273851547	0.7131978179	-0.5286413036	0.7073035661	-0.534448239	0.9625509974	-0.534448239	0.7868525182	0.973350018	0.7841022639	-0.534448239	0.9625509974	0.8137184095	0.8102797728	-0.5319076924	-0.6110328766	0.1440054046	0.1461847067	1	1	1	0.1489544465	0.1461847067	-0.5276238731	1	0.7926126148	0.9948650454	-0.5413522833	-0.5276238731	0.1335869859	0.1382093405	0.1382093405	0.1392167164	0.1392167164	0.1017644792	0.1493445952	-0.1252406643	-0.1213284229	-0.08166387149	-0.06833420601	-0.07599644385	-0.07053567852
chr11_2107655_C_A	-0.01085698914	-0.2092534959	-0.258761305	0.2368515828	0.2399209526	-0.2533278509	-0.2533278509	-0.2533278509	-0.2533278509	-0.1769482505	0.2405983777	-0.03108281302	-0.1783228453	0.2368102971	0.2362471576	0.2362471576	0.2362471576	-0.2425281467	-0.2425281467	0.1402552027	0.8206416438	-0.494136356	-0.494136356	0.147635027	0.147635027	0.147635027	0.147635027	0.8494415142	0.147635027	0.147635027	0.7656031907	0.9057514854	0.9157048728	-0.5101058403	0.1517489574	0.1106052677	0.1517489574	0.9162542678	-0.5804639722	0.9218150621	0.1672839334	0.1594981568	0.1672839334	0.1672839334	-0.5890160771	0.1672839334	-0.5239065917	0.1741899639	0.1690923482	-0.4739205077	0.1662570346	0.1761676861	0.6967111258	0.9259497588	0.7744264643	-0.5129332873	0.7564951536	0.7791932795	0.9273851547	0.7131978179	-0.5286413036	0.7073035661	-0.534448239	0.9625509974	-0.534448239	0.7868525182	0.973350018	0.7841022639	-0.534448239	0.9625509974	0.8137184095	0.8102797728	-0.5319076924	-0.6110328766	0.1440054046	0.1461847067	1	1	1	0.1489544465	0.1461847067	-0.5276238731	1	0.7926126148	0.9948650454	-0.5413522833	-0.5276238731	0.1335869859	0.1382093405	0.1382093405	0.1392167164	0.1392167164	0.1017644792	0.1493445952	-0.1252406643	-0.1213284229	-0.08166387149	-0.06833420601	-0.07599644385	-0.07053567852
chr11_2107854_G_T	-0.1037200839	0.1643234313	0.1324828678	0.2234766635	0.2256173525	0.1352066047	0.1352066047	0.1352066047	0.1352066047	0.1546145096	0.2213715869	0.4598063932	0.1578745692	0.2357925076	0.2377553034	0.2377553034	0.2377553034	0.1594193337	0.1594193337	0.828197121	0.07447172549	0.5049887286	0.5049887286	0.777831009	0.777831009	0.777831009	0.777831009	0.1294026872	0.777831009	0.777831009	0.1058837622	0.1010744871	0.1249065636	0.5243218828	0.7798229344	0.7604478421	0.7798229344	0.1010744871	0.5091351715	0.1042498311	0.7897833102	0.7847796118	0.7897833102	0.7897833102	0.5108363352	0.7897833102	0.5226689882	0.7880793049	0.7880761166	0.4787395	0.7931968746	0.8782590791	0.1825749874	0.1122795608	0.143494942	0.5272281275	0.132649088	0.1407750178	0.107416272	0.138443761	0.5270679327	0.144201323	0.5332542326	0.09621531492	0.5332542326	0.1330838932	0.1205892076	0.1342552417	0.5332542326	0.09621531492	0.1456632173	0.1395940585	0.5587253225	0.5677911243	0.917771031	0.9951789565	0.1489544465	0.1489544465	0.1489544465	1	0.9951789565	0.5685513643	0.1489544465	0.2101933483	0.1504614507	0.4981398256	0.5685513643	0.9613024545	0.8874543817	0.8874543817	0.9709098991	0.9709098991	0.6899648938	0.7166125749	0.5646051134	0.5357749189	0.616794819	0.5939865318	0.6187163064	0.5331052087
chr11_2108072_G_A	-0.1054557207	0.168296273	0.1353834147	0.2188038416	0.2208341385	0.1380917584	0.1380917584	0.1380917584	0.1380917584	0.1595877855	0.216641168	0.4643260215	0.1626525712	0.2309019012	0.2403271281	0.2403271281	0.2403271281	0.1605930715	0.1605930715	0.8328986195	0.07109974306	0.5117701946	0.5117701946	0.782232027	0.782232027	0.782232027	0.782232027	0.1262787553	0.782232027	0.782232027	0.1029675107	0.09813764712	0.1220531246	0.530833882	0.7842390608	0.7649249625	0.7842390608	0.09813764712	0.5148034558	0.1012952669	0.7941694933	0.7891807205	0.7941694933	0.7941694933	0.5164361596	0.7941694933	0.5292081678	0.7924506889	0.7924934255	0.4858284731	0.7975993534	0.8830971657	0.1785352895	0.1093277609	0.1400426941	0.5337762218	0.1290715316	0.1373124505	0.1044439533	0.1434281233	0.5263139966	0.1491414031	0.5324642685	0.09335217835	0.5324642685	0.1296472015	0.1178104477	0.1307883017	0.5324642685	0.09335217835	0.1422623865	0.1361605385	0.5580487859	0.5736017765	0.9222798439	1	0.1461847067	0.1461847067	0.1461847067	0.9951789565	1	0.5679172562	0.1461847067	0.2067708783	0.1477028299	0.4970862545	0.5679172562	0.9659875787	0.8918691701	0.8918691701	0.9756557872	0.9756557872	0.6876894472	0.7209145853	0.5699945832	0.5409815123	0.6213551843	0.592308849	0.6233254668	0.5381461245
chr11_2108091_G_GAGTC	-0.1541683192	0.2777739116	0.2745466241	0.0116466183	0.01385232477	0.2735786352	0.2735786352	0.2735786352	0.2735786352	0.2475973885	0.009201489111	0.3038789499	0.2557310514	0.01294468769	-0.03215955576	-0.03215955576	-0.03215955576	0.2773841967	0.2773841967	0.4754001222	-0.4905121639	0.8623477774	0.8623477774	0.4188004761	0.4188004761	0.4188004761	0.4188004761	-0.4701859256	0.4188004761	0.4188004761	-0.4507575615	-0.544603868	-0.5361120143	0.8941915139	0.415878285	0.4340678251	0.415878285	-0.5520827956	0.7482924604	-0.5525840563	0.4067634069	0.415094269	0.4067634069	0.4067634069	0.7368444763	0.4067634069	0.9021707703	0.4019658002	0.4035209297	0.8187442118	0.4103936307	0.4738348925	-0.5352159123	-0.5428086138	-0.6368423455	0.8991478955	-0.6573140261	-0.6488922656	-0.5531019625	-0.6962648215	0.9730022012	-0.6855932855	0.9784770497	-0.5404966058	0.9784770497	-0.6517758124	-0.5243463428	-0.650622428	0.9784770497	-0.5404966058	-0.662640319	-0.6635420148	0.9919290645	0.8000978883	0.5078495186	0.5679172562	-0.5276238731	-0.5276238731	-0.5276238731	0.5685513643	0.5679172562	1	-0.5276238731	-0.6594503141	-0.5300696948	0.9628502206	1	0.5632821037	0.4991540864	0.4991540864	0.5644082954	0.5644082954	0.6506325403	0.4035767468	0.5772670608	0.5489846762	0.463337321	0.6910354214	0.4587922735	0.3912740616
chr11_2108689_C_T	-0.01085698914	-0.2092534959	-0.258761305	0.2368515828	0.2399209526	-0.2533278509	-0.2533278509	-0.2533278509	-0.2533278509	-0.1769482505	0.2405983777	-0.03108281302	-0.1783228453	0.2368102971	0.2362471576	0.2362471576	0.2362471576	-0.2425281467	-0.2425281467	0.1402552027	0.8206416438	-0.494136356	-0.494136356	0.147635027	0.147635027	0.147635027	0.147635027	0.8494415142	0.147635027	0.147635027	0.7656031907	0.9057514854	0.9157048728	-0.5101058403	0.1517489574	0.1106052677	0.1517489574	0.9162542678	-0.5804639722	0.9218150621	0.1672839334	0.1594981568	0.1672839334	0.1672839334	-0.5890160771	0.1672839334	-0.5239065917	0.1741899639	0.1690923482	-0.4739205077	0.1662570346	0.1761676861	0.6967111258	0.9259497588	0.7744264643	-0.5129332873	0.7564951536	0.7791932795	0.9273851547	0.7131978179	-0.5286413036	0.7073035661	-0.534448239	0.9625509974	-0.534448239	0.7868525182	0.973350018	0.7841022639	-0.534448239	0.9625509974	0.8137184095	0.8102797728	-0.5319076924	-0.6110328766	0.1440054046	0.1461847067	1	1	1	0.1489544465	0.1461847067	-0.5276238731	1	0.7926126148	0.9948650454	-0.5413522833	-0.5276238731	0.1335869859	0.1382093405	0.1382093405	0.1392167164	0.1392167164	0.1017644792	0.1493445952	-0.1252406643	-0.1213284229	-0.08166387149	-0.06833420601	-0.07599644385	-0.07053567852
chr11_2108794_C_T	0.07770952036	-0.1792750802	-0.2201618032	0.2117508976	0.2117050246	-0.2163428103	-0.2163428103	-0.2163428103	-0.2163428103	-0.1488479594	0.2131878899	0.05326837343	-0.1551319381	0.2125366012	0.2675039864	0.2675039864	0.2675039864	-0.2070051198	-0.2070051198	0.1768697105	0.6748547769	-0.5503600983	-0.5503600983	0.1925293975	0.1925293975	0.1925293975	0.1925293975	0.7074727464	0.1925293975	0.1925293975	0.6507660769	0.7613522537	0.7722788196	-0.5695411956	0.1975516509	0.1660137401	0.1975516509	0.7704852171	-0.4578771798	0.7741905826	0.2181591432	0.2032257078	0.2181591432	0.2181591432	-0.4416081192	0.2181591432	-0.5808742597	0.2228329754	0.220517542	-0.5250826695	0.2169943036	0.2227978026	0.7683146244	0.7786382296	0.8678135683	-0.5726980847	0.876332913	0.873171839	0.7779075293	0.9258464449	-0.6570016749	0.9105522745	-0.6642487941	0.7602566391	-0.6642487941	0.8769229395	0.7717268924	0.8678135683	-0.6642487941	0.7602566391	0.8945833872	0.8903839335	-0.6582206636	-0.4268879699	0.2122576485	0.2067708783	0.7926126148	0.7926126148	0.7926126148	0.2101933483	0.2067708783	-0.6594503141	0.7926126148	1	0.7970232233	-0.6749008918	-0.6594503141	0.1825064681	0.1956906952	0.1956906952	0.1894854923	0.1894854923	-0.1133285145	0.2067420887	-0.1712581032	-0.1688937921	0.002317928821	-0.2563221418	0.009233618007	0.01628711582
chr11_2109320_TG_T	-0.01234312377	-0.2112777585	-0.2607169687	0.2447149729	0.2477754521	-0.2553792186	-0.2553792186	-0.2553792186	-0.2553792186	-0.1787716122	0.248389124	-0.02678310119	-0.1801887266	0.2377553264	0.2434213637	0.2434213637	0.2434213637	-0.2462164907	-0.2462164907	0.1314538315	0.816635639	-0.4968764539	-0.4968764539	0.1384635296	0.1384635296	0.1384635296	0.1384635296	0.8453363439	0.1384635296	0.1384635296	0.7633820153	0.9016132808	0.9115316332	-0.5129418758	0.1426935601	0.1022369632	0.1426935601	0.9119848972	-0.5838804543	0.9174322444	0.1684267809	0.1503016412	0.1684267809	0.1684267809	-0.5925255838	0.1684267809	-0.5265627068	0.1752340819	0.1702475504	-0.476285832	0.1674239273	0.1775209119	0.7006810564	0.9216352112	0.7705098916	-0.5157850426	0.7525616819	0.784389817	0.922889186	0.7181934279	-0.53118798	0.7033340483	-0.5369879807	0.9580099092	-0.5369879807	0.7827305491	0.9687696047	0.7800648531	-0.5369879807	0.9580099092	0.8091014026	0.8056745353	-0.5343564361	-0.6061494185	0.1453554583	0.1477028299	0.9948650454	0.9948650454	0.9948650454	0.1504614507	0.1477028299	-0.5300696948	0.9948650454	0.7970232233	1	-0.5441860483	-0.5300696948	0.1351777216	0.1395844738	0.1395844738	0.1407841084	0.1407841084	0.09701146753	0.1507447039	-0.1275086657	-0.1238893077	-0.08617447782	-0.07801692042	-0.08051595475	-0.07421474692
chr11_2109650_G_GC	-0.08056075462	0.2516697106	0.2786287992	0.001408635969	0.002964476049	0.277419568	0.277419568	0.277419568	0.277419568	0.2262433139	-0.001548975922	0.348696501	0.2339982791	0.006512267371	-0.0305229158	-0.0305229158	-0.0305229158	0.3120087362	0.3120087362	0.4435593455	-0.5093189257	0.8388205355	0.8388205355	0.4458163509	0.4458163509	0.4458163509	0.4458163509	-0.4939696757	0.4458163509	0.4458163509	-0.4625092022	-0.5599801708	-0.5506667812	0.8690325682	0.4431404085	0.4628844896	0.4431404085	-0.5599801708	0.7648774898	-0.5607840498	0.433244839	0.4420888721	0.433244839	0.433244839	0.7637476493	0.433244839	0.8717634984	0.4358655222	0.4300404715	0.7878764857	0.4368913006	0.4231536705	-0.5478755202	-0.5502985315	-0.6487957777	0.8682087171	-0.6574714794	-0.6621325274	-0.5616036674	-0.6883117226	0.934047143	-0.677777136	0.9391410179	-0.5464385962	0.9391410179	-0.6642905332	-0.5370860933	-0.6630234855	0.9391410179	-0.5464385962	-0.6761473994	-0.6773239047	0.9540558368	0.8248135565	0.5285518643	0.4970862545	-0.5413522833	-0.5413522833	-0.5413522833	0.4981398256	0.4970862545	0.9628502206	-0.5413522833	-0.6749008918	-0.5441860483	1	0.9628502206	0.4893312002	0.5190394992	0.5190394992	0.4913436606	0.4913436606	0.5986762789	0.4162598352	0.5680877191	0.5750758154	0.4770618112	0.6368365293	0.4728455782	0.4095723839
chr11_2110067_G_A	-0.1541683192	0.2777739116	0.2745466241	0.0116466183	0.01385232477	0.2735786352	0.2735786352	0.2735786352	0.2735786352	0.2475973885	0.009201489111	0.3038789499	0.2557310514	0.01294468769	-0.03215955576	-0.03215955576	-0.03215955576	0.2773841967	0.2773841967	0.4754001222	-0.4905121639	0.8623477774	0.8623477774	0.4188004761	0.4188004761	0.4188004761	0.4188004761	-0.4701859256	0.4188004761	0.4188004761	-0.4507575615	-0.544603868	-0.5361120143	0.8941915139	0.415878285	0.4340678251	0.415878285	-0.5520827956	0.7482924604	-0.5525840563	0.4067634069	0.415094269	0.4067634069	0.4067634069	0.7368444763	0.4067634069	0.9021707703	0.4019658002	0.4035209297	0.8187442118	0.4103936307	0.4738348925	-0.5352159123	-0.5428086138	-0.6368423455	0.8991478955	-0.6573140261	-0.6488922656	-0.5531019625	-0.6962648215	0.9730022012	-0.6855932855	0.9784770497	-0.5404966058	0.9784770497	-0.6517758124	-0.5243463428	-0.650622428	0.9784770497	-0.5404966058	-0.662640319	-0.6635420148	0.9919290645	0.8000978883	0.5078495186	0.5679172562	-0.5276238731	-0.5276238731	-0.5276238731	0.5685513643	0.5679172562	1	-0.5276238731	-0.6594503141	-0.5300696948	0.9628502206	1	0.5632821037	0.4991540864	0.4991540864	0.5644082954	0.5644082954	0.6506325403	0.4035767468	0.5772670608	0.5489846762	0.463337321	0.6910354214	0.4587922735	0.3912740616
chr11_2111124_C_G	-0.1154132193	0.1652569056	0.1358819936	0.1972589373	0.206718417	0.1385254106	0.1385254106	0.1385254106	0.1385254106	0.1514507379	0.2026932502	0.4457483344	0.1541327217	0.2083727577	0.217193484	0.217193484	0.217193484	0.16069761	0.16069761	0.8135901128	0.07407157079	0.5070783391	0.5070783391	0.7606116482	0.7606116482	0.7606116482	0.7606116482	0.1214730624	0.7606116482	0.7606116482	0.0995531725	0.08418450603	0.1087758013	0.5250102498	0.7634820561	0.7446639664	0.7634820561	0.08418450603	0.5104296621	0.08728477566	0.7731573368	0.7682967556	0.7731573368	0.7731573368	0.5114186239	0.7731573368	0.5234374688	0.7705637455	0.7710635824	0.4759139745	0.7760373032	0.8571993301	0.1682536233	0.0954154703	0.1238992345	0.52792031	0.1121740127	0.1210877659	0.09037586441	0.1260420784	0.5205748567	0.1316201998	0.5265877591	0.07972488988	0.5265877591	0.113474252	0.1048696375	0.1144730047	0.5265877591	0.07972488988	0.1172339758	0.1200719626	0.5530655261	0.5552809605	0.9021015686	0.9659875787	0.1335869859	0.1335869859	0.1335869859	0.9613024545	0.9659875787	0.5632821037	0.1335869859	0.1825064681	0.1351777216	0.4893312002	0.5632821037	1	0.9131104648	0.9131104648	0.9900486668	0.9900486668	0.6832826393	0.7406018605	0.5783871299	0.5478339729	0.642020889	0.5899525637	0.6442751527	0.5519546982
chr11_2111243_A_G	-0.01018595218	0.1302188549	0.1421593331	0.2072447624	0.208006083	0.1446867793	0.1446867793	0.1446867793	0.1446867793	0.1323151912	0.2040942364	0.5254680065	0.13415692	0.2258945656	0.2471780625	0.2471780625	0.2471780625	0.2045920215	0.2045920215	0.8114948599	0.08823051757	0.4648855567	0.4648855567	0.8408261611	0.8408261611	0.8408261611	0.8408261611	0.1096161476	0.8408261611	0.8408261611	0.1015479879	0.08468247767	0.111327237	0.4804097839	0.8439992838	0.8252094796	0.8439992838	0.09548969347	0.5476073975	0.09840939395	0.8536768119	0.8488137145	0.8536768119	0.8536768119	0.563887331	0.8536768119	0.4710204863	0.8507943133	0.8518658023	0.4231630617	0.8568473283	0.8092235049	0.1800565136	0.107421707	0.137092277	0.4751780222	0.1423985748	0.13307196	0.101320994	0.1707886501	0.4528041767	0.1760610921	0.4584224288	0.09266991502	0.4584224288	0.1260267801	0.1088808833	0.1271360149	0.4584224288	0.09266991502	0.1292691909	0.1319556215	0.4877462891	0.5875836017	0.9777533884	0.8918691701	0.1382093405	0.1382093405	0.1382093405	0.8874543817	0.8918691701	0.4991540864	0.1382093405	0.1956906952	0.1395844738	0.5190394992	0.4991540864	0.9131104648	1	1	0.9249344821	0.9249344821	0.6146427261	0.7989589063	0.5846368783	0.6033757812	0.7012555498	0.5186755277	0.7042083933	0.6140890187
chr11_2111406_A_C	-0.01018595218	0.1302188549	0.1421593331	0.2072447624	0.208006083	0.1446867793	0.1446867793	0.1446867793	0.1446867793	0.1323151912	0.2040942364	0.5254680065	0.13415692	0.2258945656	0.2471780625	0.2471780625	0.2471780625	0.2045920215	0.2045920215	0.8114948599	0.08823051757	0.4648855567	0.4648855567	0.8408261611	0.8408261611	0.8408261611	0.8408261611	0.1096161476	0.8408261611	0.8408261611	0.1015479879	0.08468247767	0.111327237	0.4804097839	0.8439992838	0.8252094796	0.8439992838	0.09548969347	0.5476073975	0.09840939395	0.8536768119	0.8488137145	0.8536768119	0.8536768119	0.563887331	0.8536768119	0.4710204863	0.8507943133	0.8518658023	0.4231630617	0.8568473283	0.8092235049	0.1800565136	0.107421707	0.137092277	0.4751780222	0.1423985748	0.13307196	0.101320994	0.1707886501	0.4528041767	0.1760610921	0.4584224288	0.09266991502	0.4584224288	0.1260267801	0.1088808833	0.1271360149	0.4584224288	0.09266991502	0.1292691909	0.1319556215	0.4877462891	0.5875836017	0.9777533884	0.8918691701	0.1382093405	0.1382093405	0.1382093405	0.8874543817	0.8918691701	0.4991540864	0.1382093405	0.1956906952	0.1395844738	0.5190394992	0.4991540864	0.9131104648	1	1	0.9249344821	0.9249344821	0.6146427261	0.7989589063	0.5846368783	0.6033757812	0.7012555498	0.5186755277	0.7042083933	0.6140890187
chr11_2111509_A_G	-0.1118158055	0.1654630704	0.1377695665	0.2067666681	0.2084808405	0.1404510098	0.1404510098	0.1404510098	0.1404510098	0.1588435772	0.2044064601	0.4550098842	0.161633404	0.218322941	0.2274231073	0.2274231073	0.2274231073	0.1657973414	0.1657973414	0.8245671828	0.08089429998	0.507973448	0.507973448	0.7723229543	0.7723229543	0.7723229543	0.7723229543	0.1278015937	0.7723229543	0.7723229543	0.1054618953	0.09017396212	0.1145857388	0.5264368745	0.7748539182	0.7557618731	0.7748539182	0.09017396212	0.5141741518	0.09330947314	0.7846701053	0.7797387324	0.7846701053	0.7846701053	0.5154282768	0.7846701053	0.5248319738	0.7824216591	0.7827378488	0.475948454	0.7877844278	0.8670457225	0.176446932	0.1014316612	0.1309311092	0.5293548422	0.1194667971	0.1281417723	0.09643586837	0.1335866873	0.5219617354	0.1392411964	0.5280464312	0.08556485381	0.5280464312	0.1204778883	0.1105278896	0.1215382841	0.5280464312	0.08556485381	0.1241920973	0.127066793	0.5542823332	0.5587149982	0.9137731519	0.9756557872	0.1392167164	0.1392167164	0.1392167164	0.9709098991	0.9756557872	0.5644082954	0.1392167164	0.1894854923	0.1407841084	0.4913436606	0.5644082954	0.9900486668	0.9249344821	0.9249344821	1	1	0.6877072515	0.751098155	0.5838715712	0.5539064562	0.65061896	0.5931847099	0.6527435863	0.5589638546
chr11_2111531_A_G	-0.1118158055	0.1654630704	0.1377695665	0.2067666681	0.2084808405	0.1404510098	0.1404510098	0.1404510098	0.1404510098	0.1588435772	0.2044064601	0.4550098842	0.161633404	0.218322941	0.2274231073	0.2274231073	0.2274231073	0.1657973414	0.1657973414	0.8245671828	0.08089429998	0.507973448	0.507973448	0.7723229543	0.7723229543	0.7723229543	0.7723229543	0.1278015937	0.7723229543	0.7723229543	0.1054618953	0.09017396212	0.1145857388	0.5264368745	0.7748539182	0.7557618731	0.7748539182	0.09017396212	0.5141741518	0.09330947314	0.7846701053	0.7797387324	0.7846701053	0.7846701053	0.5154282768	0.7846701053	0.5248319738	0.7824216591	0.7827378488	0.475948454	0.7877844278	0.8670457225	0.176446932	0.1014316612	0.1309311092	0.5293548422	0.1194667971	0.1281417723	0.09643586837	0.1335866873	0.5219617354	0.1392411964	0.5280464312	0.08556485381	0.5280464312	0.1204778883	0.1105278896	0.1215382841	0.5280464312	0.08556485381	0.1241920973	0.127066793	0.5542823332	0.5587149982	0.9137731519	0.9756557872	0.1392167164	0.1392167164	0.1392167164	0.9709098991	0.9756557872	0.5644082954	0.1392167164	0.1894854923	0.1407841084	0.4913436606	0.5644082954	0.9900486668	0.9249344821	0.9249344821	1	1	0.6877072515	0.751098155	0.5838715712	0.5539064562	0.65061896	0.5931847099	0.6527435863	0.5589638546
chr11_2113931_G_A	-0.1897397226	0.2039184553	0.1075058732	0.2044453474	0.1855439077	0.1049189404	0.1049189404	0.1049189404	0.1049189404	0.1747462993	0.2056778757	0.288548717	0.1844317595	0.1433573465	0.1301347066	0.1301347066	0.1301347066	0.1171445955	0.1171445955	0.5980137618	0.04685581201	0.5515954575	0.5515954575	0.5557674575	0.5557674575	0.5557674575	0.5557674575	0.08627684728	0.5557674575	0.5557674575	0.1445757597	0.03030751324	0.04557639671	0.5860190537	0.5546686046	0.5483097495	0.5546686046	0.03030751324	0.4095606975	0.03483132933	0.5498236161	0.5522414199	0.5498236161	0.5498236161	0.393369749	0.5498236161	0.5835800206	0.5509576855	0.5475037001	0.6083570823	0.5533577274	0.6285781119	-0.1620618911	0.03880359496	-0.124120107	0.5892672773	-0.1562133556	-0.1311518856	0.03128048366	-0.2092843238	0.6330728729	-0.2011877198	0.6354055995	0.06534389071	0.6354055995	-0.130424952	0.08942138694	-0.1315728976	0.6354055995	0.06534389071	-0.1270208444	-0.1300516546	0.6447924293	0.4282790235	0.6190057902	0.6876894472	0.1017644792	0.1017644792	0.1017644792	0.6899648938	0.6876894472	0.6506325403	0.1017644792	-0.1133285145	0.09701146753	0.5986762789	0.6506325403	0.6832826393	0.6146427261	0.6146427261	0.6877072515	0.6877072515	1	0.6843656523	0.6681085196	0.6397022402	0.561946271	0.8251345374	0.5600808598	0.4788006817
chr11_2114571_C_G	-0.01764480652	0.1746017676	0.07088378278	0.2074198244	0.2092110636	0.07347089452	0.07347089452	0.07347089452	0.07347089452	0.1765463421	0.2051630961	0.4416882219	0.1790515281	0.2009937495	0.2355942836	0.2355942836	0.2355942836	0.1392637122	0.1392637122	0.6922606674	0.1584722306	0.3824898184	0.3824898184	0.7223682085	0.7223682085	0.7223682085	0.7223682085	0.1571271061	0.7223682085	0.7223682085	0.136699003	0.1213021622	0.1452780527	0.4082202006	0.7252820838	0.7166977115	0.7252820838	0.1312836301	0.4306309719	0.1342970449	0.7247296878	0.7199605496	0.7247296878	0.7247296878	0.4465961754	0.7247296878	0.3992006541	0.7321702622	0.7223682085	0.4525339807	0.7272457521	0.6800649293	0.03682061567	0.1326728288	0.1134469082	0.4031915058	0.12072184	0.1110840984	0.1273607533	0.1433381051	0.3681268272	0.1489148822	0.3737783706	0.1173510374	0.3737783706	0.103341804	0.1316421459	0.1042513751	0.3737783706	0.1173510374	0.09835476026	0.1012132964	0.393109134	0.481936639	0.7781602233	0.7209145853	0.1493445952	0.1493445952	0.1493445952	0.7166125749	0.7209145853	0.4035767468	0.1493445952	0.2067420887	0.1507447039	0.4162598352	0.4035767468	0.7406018605	0.7989589063	0.7989589063	0.751098155	0.751098155	0.6843656523	1	0.6812593118	0.6864402961	0.8109815061	0.5908649201	0.8127340984	0.7227111741
chr11_2116492_C_G	-0.09343275623	0.187785251	0.1289799972	0.05383528303	0.03870841539	0.1261430732	0.1261430732	0.1261430732	0.1261430732	0.1752031907	0.0479837418	0.2485462359	0.1776127973	0.05824894458	0.08537432291	0.08537432291	0.08537432291	0.1349135341	0.1349135341	0.5450684461	-0.1087021934	0.5349988907	0.5349988907	0.5249130273	0.5249130273	0.5249130273	0.5249130273	-0.1083836442	0.5249130273	0.5249130273	-0.1252224626	-0.173624106	-0.1580629802	0.5756709565	0.5249735862	0.5194109956	0.5249735862	-0.173624106	0.5108737073	-0.1686329189	0.5192991689	0.5221330364	0.5192991689	0.5192991689	0.5262547377	0.5192991689	0.5731689274	0.5192508034	0.5162241554	0.6163998337	0.5220785386	0.5238298613	-0.280412705	-0.1754613373	-0.2463543403	0.5788618221	-0.2330858893	-0.2442506094	-0.1721396083	-0.1918117514	0.5515694636	-0.176252932	0.559666063	-0.1490035661	0.559666063	-0.2519727681	-0.1417868548	-0.2385181541	0.559666063	-0.1490035661	-0.254192095	-0.2498191018	0.570590429	0.517854972	0.5810812228	0.5699945832	-0.1252406643	-0.1252406643	-0.1252406643	0.5646051134	0.5699945832	0.5772670608	-0.1252406643	-0.1712581032	-0.1275086657	0.5680877191	0.5772670608	0.5783871299	0.5846368783	0.5846368783	0.5838715712	0.5838715712	0.6681085196	0.6812593118	1	0.972599898	0.8239386322	0.8648807021	0.8219119813	0.7324152302
chr11_2116493_T_A	-0.01450802892	0.1662937958	0.1159289619	0.04659648904	0.03075021663	0.1128914077	0.1128914077	0.1128914077	0.1128914077	0.15794149	0.04035223506	0.2697055673	0.1598616781	0.05386073017	0.07535313423	0.07535313423	0.07535313423	0.1619488529	0.1619488529	0.5223589005	-0.1094293958	0.5198631747	0.5198631747	0.5529617806	0.5529617806	0.5529617806	0.5529617806	-0.1160212309	0.5529617806	0.5529617806	-0.130414279	-0.1797452931	-0.1636135865	0.559029932	0.5531049408	0.5481044078	0.5531049408	-0.1711363743	0.5308447517	-0.1662919102	0.5470479454	0.5500730021	0.5470479454	0.5470479454	0.54576677	0.5470479454	0.5503419233	0.546916108	0.5441677141	0.5934517778	0.5499354738	0.495044576	-0.2779235727	-0.1729472812	-0.2428457856	0.5558397941	-0.2305867611	-0.2413820956	-0.1700472477	-0.1838406277	0.5224142702	-0.1684442073	0.5302339091	-0.1451056797	0.5302339091	-0.2485888684	-0.1373682074	-0.2349147279	0.5302339091	-0.1451056797	-0.25131033	-0.2470668758	0.541947998	0.5318262206	0.6001327656	0.5409815123	-0.1213284229	-0.1213284229	-0.1213284229	0.5357749189	0.5409815123	0.5489846762	-0.1213284229	-0.1688937921	-0.1238893077	0.5750758154	0.5489846762	0.5478339729	0.6033757812	0.6033757812	0.5539064562	0.5539064562	0.6397022402	0.6864402961	0.972599898	1	0.8431391661	0.8378791315	0.8414258905	0.7552741344
chr11_2116686_G_C	-0.008089272866	0.1672954132	0.09627282192	0.09391426023	0.09623218997	0.09921619525	0.09921619525	0.09921619525	0.09921619525	0.1584037949	0.08549986008	0.3310798373	0.1558091871	0.09107973061	0.1330068417	0.1330068417	0.1330068417	0.1628575368	0.1628575368	0.6116815532	-0.06269250931	0.4395527189	0.4395527189	0.6354728686	0.6354728686	0.6354728686	0.6354728686	-0.07043553552	0.6354728686	0.6354728686	-0.08405700641	-0.1217378058	-0.1017768875	0.4701462283	0.6373480434	0.6177252977	0.6373480434	-0.1124719539	0.5539104951	-0.1085454405	0.6286765909	0.6330100585	0.6286765909	0.6286765909	0.5654553268	0.6286765909	0.4614280762	0.6267816172	0.6260077406	0.4992095046	0.631125121	0.5790329591	-0.09567970731	-0.1136620939	-0.05736763141	0.4659835344	-0.05319409245	-0.0629186236	-0.1138675609	-0.02495626944	0.4320852355	-0.01049327583	0.4385195456	-0.1243754461	0.4385195456	-0.06532889808	-0.1135457223	-0.05736763141	0.4385195456	-0.1243754461	-0.05746242346	-0.05409275209	0.4544437338	0.5506393916	0.6807572664	0.6213551843	-0.08166387149	-0.08166387149	-0.08166387149	0.616794819	0.6213551843	0.463337321	-0.08166387149	0.002317928821	-0.08617447782	0.4770618112	0.463337321	0.642020889	0.7012555498	0.7012555498	0.65061896	0.65061896	0.561946271	0.8109815061	0.8239386322	0.8431391661	1	0.7068884253	0.9918191105	0.8918665664
chr11_2116776_T_C	-0.2304714005	0.2266049239	0.1318868501	0.1104025238	0.09281101186	0.1299208745	0.1299208745	0.1299208745	0.1299208745	0.1872228835	0.1064047488	0.1628990019	0.1925756837	0.06473602431	0.03921666276	0.03921666276	0.03921666276	0.1038675361	0.1038675361	0.5177135434	-0.09643272974	0.5843768252	0.5843768252	0.4658437198	0.4658437198	0.4658437198	0.4658437198	-0.06404457512	0.4658437198	0.4658437198	-0.1062048312	-0.1336817352	-0.120872349	0.6246990778	0.4644953856	0.4640140573	0.4644953856	-0.1336817352	0.4682249125	-0.1282844876	0.4529161031	0.4626741367	0.4529161031	0.4529161031	0.4496529357	0.4529161031	0.6219190153	0.4461165118	0.4497809414	0.6392389552	0.4559928592	0.5300941037	-0.2767382458	-0.127150815	-0.2515090185	0.6281616996	-0.284367996	-0.2610260371	-0.1307442215	-0.335695473	0.6754099831	-0.3197522344	0.6788093258	-0.09856929126	0.6788093258	-0.2564946859	-0.07730487198	-0.2515090185	0.6788093258	-0.09856929126	-0.2566052753	-0.2588362938	0.6860760623	0.4787203594	0.5218780493	0.592308849	-0.06833420601	-0.06833420601	-0.06833420601	0.5939865318	0.592308849	0.6910354214	-0.06833420601	-0.2563221418	-0.07801692042	0.6368365293	0.6910354214	0.5899525637	0.5186755277	0.5186755277	0.5931847099	0.5931847099	0.8251345374	0.5908649201	0.8648807021	0.8378791315	0.7068884253	1	0.6966298131	0.6094710797
chr11_2117403_A_G	-0.005183379962	0.1601935886	0.08406146563	0.1030264129	0.1055502604	0.08702982114	0.08702982114	0.08702982114	0.08702982114	0.1573961303	0.09472529384	0.3319836722	0.1550434894	0.1006335859	0.142776045	0.142776045	0.142776045	0.1540649803	0.1540649803	0.6138815487	-0.05616409256	0.4345703835	0.4345703835	0.6380859903	0.6380859903	0.6380859903	0.6380859903	-0.06419082151	0.6380859903	0.6380859903	-0.07824206817	-0.1158392043	-0.09599379338	0.4656617612	0.6397978063	0.6199671281	0.6397978063	-0.1065880641	0.5510759328	-0.1026258392	0.6312617657	0.6355273485	0.6312617657	0.6312617657	0.5627898626	0.6312617657	0.4569128985	0.6295333507	0.6286358905	0.4999784918	0.6338073533	0.5807894586	-0.09519732351	-0.1077159428	-0.05049767591	0.4614849573	-0.04613172616	-0.05602881342	-0.1078975342	-0.01766564764	0.4276373327	-0.003138369338	0.4341296421	-0.1186226406	0.4341296421	-0.05850544641	-0.1078941367	-0.05049767591	0.4341296421	-0.1186226406	-0.05068067075	-0.04727391552	0.4499365352	0.5476960704	0.6836136044	0.6233254668	-0.07599644385	-0.07599644385	-0.07599644385	0.6187163064	0.6233254668	0.4587922735	-0.07599644385	0.009233618007	-0.08051595475	0.4728455782	0.4587922735	0.6442751527	0.7042083933	0.7042083933	0.6527435863	0.6527435863	0.5600808598	0.8127340984	0.8219119813	0.8414258905	0.9918191105	0.6966298131	1	0.8985851995
chr11_2118860_T_G	-0.006281603625	0.1205530131	-0.02694787734	0.1625183722	0.160261651	-0.02363120752	-0.02363120752	-0.02363120752	-0.02363120752	0.09563543222	0.1488362595	0.2828879294	0.08979293298	0.1397150472	0.1914342738	0.1914342738	0.1914342738	0.06637758178	0.06637758178	0.5354088799	-0.04362295463	0.3614816566	0.3614816566	0.5643808537	0.5643808537	0.5643808537	0.5643808537	-0.05610051893	0.5643808537	0.5643808537	-0.07122272367	-0.1150534798	-0.09736238077	0.398867696	0.5653349973	0.5437111103	0.5653349973	-0.1061260296	0.498631248	-0.101577038	0.5583448934	0.5618372343	0.5583448934	0.5583448934	0.505609441	0.5583448934	0.3898230351	0.5573868081	0.5643808537	0.5354671761	0.5608811703	0.500926518	-0.1980624426	-0.1072490191	-0.03939231269	0.3945571153	-0.03949067797	-0.04296196448	-0.1059418002	-0.01187756775	0.3618512725	0.003384861557	0.3690380198	-0.1123697958	0.3690380198	-0.04720137415	-0.1034854241	-0.03939231269	0.3690380198	-0.1123697958	-0.038531003	-0.03460656516	0.3830487499	0.4803996191	0.6022512247	0.5381461245	-0.07053567852	-0.07053567852	-0.07053567852	0.5331052087	0.5381461245	0.3912740616	-0.07053567852	0.01628711582	-0.07421474692	0.4095723839	0.3912740616	0.5519546982	0.6140890187	0.6140890187	0.5589638546	0.5589638546	0.4788006817	0.7227111741	0.7324152302	0.7552741344	0.8918665664	0.6094710797	0.8985851995	1
