variant_id	chr11_2040128_A_G	chr11_2063051_C_T	chr11_2063598_G_A	chr11_2063846_C_T	chr11_2064769_A_G	chr11_2065099_T_C	chr11_2065765_C_A	chr11_2065900_C_T	chr11_2066031_T_G	chr11_2066970_G_A	chr11_2067320_C_T	chr11_2068717_A_G	chr11_2068776_A_G	chr11_2069125_TCTCCATACTCCATTTTCCACA_T	chr11_2070333_C_T	chr11_2070570_C_T	chr11_2070926_A_T	chr11_2070993_T_G	chr11_2070994_C_T	chr11_2072504_T_C	chr11_2073182_A_G	chr11_2073444_A_G	chr11_2073476_A_C	chr11_2073913_A_G	chr11_2074576_C_A	chr11_2075149_A_G	chr11_2075252_T_C	chr11_2075720_C_G	chr11_2075736_C_T	chr11_2076798_T_C	chr11_2076994_T_C	chr11_2077046_CCA_C	chr11_2077271_C_T	chr11_2077486_A_G	chr11_2078638_T_C	chr11_2078742_G_A	chr11_2078858_A_AT	chr11_2080612_C_T	chr11_2081637_C_CT	chr11_2081917_A_G	chr11_2082423_C_T	chr11_2082702_C_CA	chr11_2083709_C_T	chr11_2084014_C_T	chr11_2084913_T_C	chr11_2086132_G_A	chr11_2087220_T_C	chr11_2087727_T_G	chr11_2087911_T_C	chr11_2088229_C_T	chr11_2089861_A_G	chr11_2090336_T_G	chr11_2090456_T_G	chr11_2093065_C_T	chr11_2093603_C_A	chr11_2093897_G_A	chr11_2094303_C_T	chr11_2094599_G_A	chr11_2095273_C_T	chr11_2095799_A_G	chr11_2095814_GACA_G	chr11_2095968_T_C	chr11_2096707_G_A	chr11_2096919_G_A	chr11_2097561_T_C	chr11_2097954_C_T	chr11_2098180_AC_A	chr11_2098701_A_AT	chr11_2099854_G_A	chr11_2101283_G_A	chr11_2101345_C_T	chr11_2101804_G_A	chr11_2102033_G_A	chr11_2103073_T_TC	chr11_2104138_A_G	chr11_2107025_C_T	chr11_2107107_G_A	chr11_2107122_C_T	chr11_2107655_C_A	chr11_2107854_G_T	chr11_2108072_G_A	chr11_2108091_G_GAGTC	chr11_2108689_C_T	chr11_2108794_C_T	chr11_2109320_TG_T	chr11_2109650_G_GC	chr11_2110067_G_A	chr11_2111124_C_G	chr11_2111243_A_G	chr11_2111406_A_C	chr11_2111509_A_G	chr11_2111531_A_G	chr11_2113931_G_A	chr11_2114571_C_G	chr11_2116492_C_G	chr11_2116493_T_A	chr11_2116686_G_C	chr11_2116776_T_C	chr11_2117403_A_G	chr11_2118860_T_G
chr11_2040128_A_G	1	-0.0115328601	-0.02307917634	0.09019197061	0.08929769592	-0.02307917634	-0.02402390015	-0.02307917634	-0.02307917634	0.04137518202	0.09019197061	0.05666134564	0.04137518202	0.07574288753	0.07942500461	0.07942500461	0.07942500461	-0.03484105428	-0.03484105428	0.01461753421	0.101848523	-0.02291046889	-0.02291046889	0.01364979966	0.01364979966	0.01364979966	0.01364979966	0.101848523	0.01461753421	0.01461753421	0.04862617711	0.03923257182	0.03692025909	-0.001813907247	0.01461753421	0.02420496616	0.01558582908	0.03576832202	-0.01519661613	0.03576832202	0.01364979966	0.01461753421	0.01461753421	0.01372108069	-0.01437053324	0.01372108069	-9.203930688e-05	0.01372108069	0.01372108069	0.002042031745	0.01372108069	0.01469390059	0.01052614879	0.0346191169	0.02709499589	-9.203930688e-05	0.02709499589	0.02610087817	0.03807498862	0.007848442909	-0.0002583594388	0.007848442909	-0.001123466086	0.0113694725	-0.001123466086	0.007848442909	0.0113694725	-0.003871290935	0.0006076658721	0.01128749082	0.002818917622	0.002818917622	0.0006102158742	0.003994572108	0.0005568386904	0.0005600066695	0.002165514978	0.001046034385	0.002165514978	0.0005600066695	0.0005600066695	-0.01290810978	0.002165514978	0.006773670389	0.002165514978	-0.005443498034	0.01221991169	0.007392909494	-0.004506194564	-0.004506194564	-0.004506194564	-0.00247838669	-0.04120084226	-0.01388085652	-0.1021569735	-0.1032947106	-0.05000338943	-0.09345204324	-0.05110509464	-0.07613692028
chr11_2063051_C_T	-0.0115328601	1	0.8822160082	-0.3646825141	-0.3673102573	0.8822160082	0.8800648362	0.8822160082	0.8822160082	0.8200810234	-0.3696396891	0.3107794784	0.8200810234	-0.331163917	-0.3726071966	-0.3726071966	-0.3726071966	0.6064096858	0.6064096858	0.2640841831	-0.2465429635	0.5042722517	0.5042722517	0.2613488426	0.2613488426	0.2613488426	0.2613488426	-0.2465429635	0.2588563369	0.2640841831	-0.2300140009	-0.2293635406	-0.2290663122	0.4823667048	0.2640841831	0.2797292808	0.2668234136	-0.2198514082	0.4019404905	-0.2198514082	0.2665756116	0.2640841831	0.2640841831	0.2627136403	0.4003454321	0.2627136403	0.4753657247	0.2627136403	0.2627136403	0.4463386635	0.2627136403	0.2654638381	-0.2187702759	-0.222741625	-0.2571480544	0.4753657247	-0.2571480544	-0.2491386126	-0.2201235855	-0.2530272006	0.4528059117	-0.2530272006	0.4494981986	-0.2059617467	0.4494981986	-0.2530272006	-0.2059617467	-0.2517883292	0.4542263864	-0.2044766215	-0.285423204	-0.285423204	0.4325891477	0.3443106086	0.202054929	0.2032044644	-0.2201235855	-0.2169588825	-0.2201235855	0.2032044644	0.2032044644	0.4256986798	-0.2201235855	-0.2904968351	-0.2201235855	0.4227738502	0.421310072	0.1987321835	0.2003123592	0.2003123592	0.2058026118	0.2003654575	0.1986909746	0.1604384366	0.2262583287	0.2245293361	0.1973378315	0.2225552602	0.1955782794	0.1053590078
chr11_2063598_G_A	-0.02307917634	0.8822160082	1	-0.3955681652	-0.3985224801	1	0.9975821532	1	1	0.724913038	-0.4003192525	0.3719111181	0.724913038	-0.3470572857	-0.4017538262	-0.4017538262	-0.4017538262	0.6875069374	0.6875069374	0.324925819	-0.2564038296	0.5622756313	0.5622756313	0.3218412345	0.3218412345	0.3218412345	0.3218412345	-0.2564038296	0.3199153133	0.3199153133	-0.2417862863	-0.2431631312	-0.2438702408	0.5413890866	0.3199153133	0.3342132877	0.3230034804	-0.2355335038	0.4625236871	-0.2355335038	0.3218412345	0.3199153133	0.3199153133	0.3184862979	0.4615150584	0.3184862979	0.5358522835	0.3184862979	0.3184862979	0.342672058	0.3184862979	0.3215866468	-0.0592923762	-0.2387980508	-0.2694560739	0.5358522835	-0.2694560739	-0.2622414327	-0.2348036193	-0.264706107	0.4971066394	-0.264706107	0.4934085408	-0.2175277223	0.4934085408	-0.264706107	-0.2175277223	-0.2641097758	0.4987328476	-0.2159591984	-0.2978089022	-0.2978089022	0.4827740708	0.391785284	0.2465160035	0.2479184879	-0.2289958783	-0.2264641206	-0.2289958783	0.2479184879	0.2479184879	0.4735002326	-0.2289958783	-0.3008338637	-0.2289958783	0.4746712793	0.4685227474	0.2420876159	0.2428471927	0.2428471927	0.2481091958	0.2438166471	0.1447757276	0.08610710472	0.1822369224	0.1800873393	0.1399195921	0.178548235	0.1376207848	-0.001287721827
chr11_2063846_C_T	0.09019197061	-0.3646825141	-0.3955681652	1	0.9976737341	-0.3955681652	-0.3983746332	-0.3955681652	-0.3955681652	-0.2770087629	0.9953392265	0.3752524475	-0.2770087629	0.8805268007	0.9686829228	0.9686829228	0.9686829228	-0.6087767835	-0.6087767835	0.08969617728	0.6276206778	-0.4904070087	-0.4904070087	0.09680970559	0.09680970559	0.09680970559	0.09680970559	0.6276206778	0.0995266985	0.09461143789	0.599824729	0.6089769528	0.6129096667	-0.4717341967	0.09461143789	0.09675857514	0.09241322061	0.609197565	-0.3825862924	0.609197565	0.09189545774	0.09461143789	0.09461143789	0.09731525849	-0.3808271162	0.09731525849	-0.469100765	0.09731525849	0.09731525849	-0.4090722861	0.09731525849	0.090164777	0.5077321787	0.6111823735	0.6343874102	-0.469100765	0.6343874102	0.6316087625	0.6109407275	0.628239668	-0.517091495	0.628239668	-0.518480715	0.5923313729	-0.518480715	0.628239668	0.5923313729	0.6238198212	-0.5179566716	0.588060258	0.6276917776	0.6276917776	-0.5112759649	-0.4030180318	0.04868608049	0.04380636157	0.5653619985	0.5616839294	0.5653619985	0.04380636157	0.04380636157	-0.5007356102	0.5653619985	0.6185866332	0.5653619985	-0.4945690479	-0.4892686735	0.04827315313	0.05033697397	0.05033697397	0.04001301967	0.04565761916	0.002782958982	0.1034627895	-0.1915582055	-0.1858061473	-0.09182109475	-0.1923305744	-0.09471483736	-0.05667927559
chr11_2064769_A_G	0.08929769592	-0.3673102573	-0.3985224801	0.9976737341	1	-0.3985224801	-0.4013404853	-0.3985224801	-0.3985224801	-0.2791493633	0.9976737341	0.377973152	-0.2791493633	0.8781612668	0.9663096176	0.9663096176	0.9663096176	-0.6086245792	-0.6086245792	0.08745913286	0.6255908426	-0.4901842225	-0.4901842225	0.09456500266	0.09456500266	0.09456500266	0.09456500266	0.6255908426	0.09729193211	0.09237553248	0.5980335478	0.6070880928	0.611003097	-0.4715818219	0.09237553248	0.09462640841	0.0901860933	0.6072808065	-0.383105085	0.6072808065	0.08964961604	0.09237553248	0.09237553248	0.09505883343	-0.3813375798	0.09505883343	-0.4689290304	0.09505883343	0.09505883343	-0.4084032229	0.09505883343	0.08791604559	0.5049499592	0.6092567341	0.6320068722	-0.4689290304	0.6320068722	0.6292175107	0.609043018	0.6258638507	-0.5173079641	0.6258638507	-0.5187060818	0.5904750384	-0.5187060818	0.6258638507	0.5904750384	0.6214187073	-0.5181643643	0.5862173089	0.6252933537	0.6252933537	-0.5114824774	-0.4038212959	0.04597495968	0.04107862163	0.563453727	0.5597654892	0.563453727	0.04107862163	0.04107862163	-0.5009823977	0.563453727	0.6162262146	0.563453727	-0.4948324942	-0.4895399987	0.04548719194	0.04755662431	0.04755662431	0.03723027766	0.04289794238	0.001373244578	0.1011294129	-0.1924534365	-0.1867110534	-0.09342759941	-0.193229415	-0.09633734879	-0.05774535663
chr11_2065099_T_C	-0.02307917634	0.8822160082	1	-0.3955681652	-0.3985224801	1	0.9975821532	1	1	0.724913038	-0.4003192525	0.3719111181	0.724913038	-0.3470572857	-0.4017538262	-0.4017538262	-0.4017538262	0.6875069374	0.6875069374	0.324925819	-0.2564038296	0.5622756313	0.5622756313	0.3218412345	0.3218412345	0.3218412345	0.3218412345	-0.2564038296	0.3199153133	0.3199153133	-0.2417862863	-0.2431631312	-0.2438702408	0.5413890866	0.3199153133	0.3342132877	0.3230034804	-0.2355335038	0.4625236871	-0.2355335038	0.3218412345	0.3199153133	0.3199153133	0.3184862979	0.4615150584	0.3184862979	0.5358522835	0.3184862979	0.3184862979	0.342672058	0.3184862979	0.3215866468	-0.0592923762	-0.2387980508	-0.2694560739	0.5358522835	-0.2694560739	-0.2622414327	-0.2348036193	-0.264706107	0.4971066394	-0.264706107	0.4934085408	-0.2175277223	0.4934085408	-0.264706107	-0.2175277223	-0.2641097758	0.4987328476	-0.2159591984	-0.2978089022	-0.2978089022	0.4827740708	0.391785284	0.2465160035	0.2479184879	-0.2289958783	-0.2264641206	-0.2289958783	0.2479184879	0.2479184879	0.4735002326	-0.2289958783	-0.3008338637	-0.2289958783	0.4746712793	0.4685227474	0.2420876159	0.2428471927	0.2428471927	0.2481091958	0.2438166471	0.1447757276	0.08610710472	0.1822369224	0.1800873393	0.1399195921	0.178548235	0.1376207848	-0.001287721827
chr11_2065765_C_A	-0.02402390015	0.8800648362	0.9975821532	-0.3983746332	-0.4013404853	0.9975821532	1	0.9975821532	0.9975821532	0.7231590481	-0.4031281012	0.3695875529	0.7231590481	-0.3498512571	-0.4046039577	-0.4046039577	-0.4046039577	0.6881504587	0.6881504587	0.322786426	-0.2587503249	0.5629004044	0.5629004044	0.3196908061	0.3196908061	0.3196908061	0.3196908061	-0.2587503249	0.3177734097	0.3177734097	-0.2438755456	-0.2453548412	-0.2460812921	0.5419271871	0.3177734097	0.3321838183	0.3208725942	-0.2377498899	0.46231685	-0.2377498899	0.3196908061	0.3177734097	0.3177734097	0.3163221165	0.4613157929	0.3163221165	0.5364067277	0.3163221165	0.3163221165	0.3436226258	0.3163221165	0.3194335532	-0.0622789493	-0.241025597	-0.2721683028	0.5364067277	-0.2721683028	-0.2649603144	-0.2370006282	-0.2674096898	0.4972571766	-0.2674096898	0.4935484807	-0.2196694897	0.4935484807	-0.2674096898	-0.2196694897	-0.2668378092	0.4988933529	-0.2180855223	-0.300551993	-0.300551993	0.4829262046	0.3912577686	0.2438636196	0.245251014	-0.2311899772	-0.2286664504	-0.2311899772	0.245251014	0.245251014	0.4736041626	-0.2311899772	-0.3035375665	-0.2311899772	0.4747573528	0.4685964542	0.2393567995	0.2401219911	0.2401219911	0.2453866307	0.241114116	0.1434101934	0.08374657109	0.181460672	0.1792987875	0.1383733205	0.1777666383	0.1360577237	-0.002362006263
chr11_2065900_C_T	-0.02307917634	0.8822160082	1	-0.3955681652	-0.3985224801	1	0.9975821532	1	1	0.724913038	-0.4003192525	0.3719111181	0.724913038	-0.3470572857	-0.4017538262	-0.4017538262	-0.4017538262	0.6875069374	0.6875069374	0.324925819	-0.2564038296	0.5622756313	0.5622756313	0.3218412345	0.3218412345	0.3218412345	0.3218412345	-0.2564038296	0.3199153133	0.3199153133	-0.2417862863	-0.2431631312	-0.2438702408	0.5413890866	0.3199153133	0.3342132877	0.3230034804	-0.2355335038	0.4625236871	-0.2355335038	0.3218412345	0.3199153133	0.3199153133	0.3184862979	0.4615150584	0.3184862979	0.5358522835	0.3184862979	0.3184862979	0.342672058	0.3184862979	0.3215866468	-0.0592923762	-0.2387980508	-0.2694560739	0.5358522835	-0.2694560739	-0.2622414327	-0.2348036193	-0.264706107	0.4971066394	-0.264706107	0.4934085408	-0.2175277223	0.4934085408	-0.264706107	-0.2175277223	-0.2641097758	0.4987328476	-0.2159591984	-0.2978089022	-0.2978089022	0.4827740708	0.391785284	0.2465160035	0.2479184879	-0.2289958783	-0.2264641206	-0.2289958783	0.2479184879	0.2479184879	0.4735002326	-0.2289958783	-0.3008338637	-0.2289958783	0.4746712793	0.4685227474	0.2420876159	0.2428471927	0.2428471927	0.2481091958	0.2438166471	0.1447757276	0.08610710472	0.1822369224	0.1800873393	0.1399195921	0.178548235	0.1376207848	-0.001287721827
chr11_2066031_T_G	-0.02307917634	0.8822160082	1	-0.3955681652	-0.3985224801	1	0.9975821532	1	1	0.724913038	-0.4003192525	0.3719111181	0.724913038	-0.3470572857	-0.4017538262	-0.4017538262	-0.4017538262	0.6875069374	0.6875069374	0.324925819	-0.2564038296	0.5622756313	0.5622756313	0.3218412345	0.3218412345	0.3218412345	0.3218412345	-0.2564038296	0.3199153133	0.3199153133	-0.2417862863	-0.2431631312	-0.2438702408	0.5413890866	0.3199153133	0.3342132877	0.3230034804	-0.2355335038	0.4625236871	-0.2355335038	0.3218412345	0.3199153133	0.3199153133	0.3184862979	0.4615150584	0.3184862979	0.5358522835	0.3184862979	0.3184862979	0.342672058	0.3184862979	0.3215866468	-0.0592923762	-0.2387980508	-0.2694560739	0.5358522835	-0.2694560739	-0.2622414327	-0.2348036193	-0.264706107	0.4971066394	-0.264706107	0.4934085408	-0.2175277223	0.4934085408	-0.264706107	-0.2175277223	-0.2641097758	0.4987328476	-0.2159591984	-0.2978089022	-0.2978089022	0.4827740708	0.391785284	0.2465160035	0.2479184879	-0.2289958783	-0.2264641206	-0.2289958783	0.2479184879	0.2479184879	0.4735002326	-0.2289958783	-0.3008338637	-0.2289958783	0.4746712793	0.4685227474	0.2420876159	0.2428471927	0.2428471927	0.2481091958	0.2438166471	0.1447757276	0.08610710472	0.1822369224	0.1800873393	0.1399195921	0.178548235	0.1376207848	-0.001287721827
chr11_2066970_G_A	0.04137518202	0.8200810234	0.724913038	-0.2770087629	-0.2791493633	0.724913038	0.7231590481	0.724913038	0.724913038	1	-0.2825926769	0.2542544416	1	-0.2581497393	-0.2918255769	-0.2918255769	-0.2918255769	0.471048704	0.471048704	0.1950447603	-0.1863343529	0.4007318254	0.4007318254	0.1928157454	0.1928157454	0.1928157454	0.1928157454	-0.1863343529	0.1950447603	0.1950447603	-0.173909644	-0.181383256	-0.1792756436	0.384455127	0.1950447603	0.2105114038	0.1972767364	-0.1748226572	0.3027489433	-0.1748226572	0.1928157454	0.1950447603	0.1950447603	0.1938226543	0.3051683547	0.1938226543	0.3848964265	0.1938226543	0.1938226543	0.3384443815	0.1938226543	0.1960637326	-0.1690695813	-0.1771867986	-0.2203172887	0.3848964265	-0.2203172887	-0.2165058214	-0.1769141746	-0.2170107221	0.3647666126	-0.2170107221	0.3620758611	-0.1602256497	0.3620758611	-0.2170107221	-0.1602256497	-0.2205041695	0.3659370578	-0.1590703131	-0.2258519654	-0.2258519654	0.3515607014	0.2898081823	0.1703953302	0.1713647471	-0.1769141746	-0.1724565534	-0.1769141746	0.1713647471	0.1713647471	0.3435897405	-0.1769141746	-0.222908079	-0.1769141746	0.3411842597	0.3399802689	0.169460541	0.1662285093	0.1662285093	0.1662285093	0.1707511698	0.1536829356	0.1256683136	0.1615266224	0.1600498387	0.1417928593	0.1673767739	0.1402814725	0.01262258441
chr11_2067320_C_T	0.09019197061	-0.3696396891	-0.4003192525	0.9953392265	0.9976737341	-0.4003192525	-0.4031281012	-0.4003192525	-0.4003192525	-0.2825926769	1	0.3752524475	-0.2825926769	0.8805268007	0.9686829228	0.9686829228	0.9686829228	-0.6131145326	-0.6131145326	0.08478091666	0.6220395096	-0.4904070087	-0.4904070087	0.09189545774	0.09189545774	0.09189545774	0.09189545774	0.6220395096	0.09461143789	0.08969617728	0.5938330333	0.6032739235	0.6072179181	-0.4717341967	0.08969617728	0.09185582877	0.08749689592	0.6035113141	-0.3825862924	0.6035113141	0.0869812099	0.08969617728	0.08969617728	0.0923753478	-0.3808271162	0.0923753478	-0.469100765	0.0923753478	0.0923753478	-0.4090722861	0.0923753478	0.08522383759	0.5031749923	0.6055015262	0.6293234255	-0.469100765	0.6293234255	0.6265447778	0.6052433864	0.6231474199	-0.517091495	0.6231474199	-0.518480715	0.5865026171	-0.518480715	0.6231474199	0.5865026171	0.6186991174	-0.5179566716	0.5822735315	0.622655264	0.622655264	-0.5112759649	-0.4030180318	0.04355854731	0.03864965671	0.5596646573	0.5559921808	0.5596646573	0.03864965671	0.03864965671	-0.5007356102	0.5596646573	0.6135502286	0.5596646573	-0.4945690479	-0.4892686735	0.04308260246	0.04517499682	0.04517499682	0.03485104253	0.04049792865	-0.001883135578	0.09850265009	-0.1915582055	-0.1858061473	-0.09182109475	-0.1923305744	-0.09471483736	-0.05667927559
chr11_2068717_A_G	0.05666134564	0.3107794784	0.3719111181	0.3752524475	0.377973152	0.3719111181	0.3695875529	0.3719111181	0.3719111181	0.2542544416	0.3752524475	1	0.2542544416	0.3104711465	0.3286677287	0.3286677287	0.3286677287	0.4950863067	0.4950863067	0.6683278591	0.2215067416	0.4542936759	0.4542936759	0.6709664927	0.6709664927	0.6709664927	0.6709664927	0.2215067416	0.6683278591	0.6683278591	0.2143909229	0.1965028198	0.1963243832	0.4578404661	0.6683278591	0.6978722427	0.6656950292	0.1993472408	0.4390072161	0.1993472408	0.6709664927	0.6683278591	0.6683278591	0.6690711693	0.4372688349	0.6690711693	0.4549989237	0.6690711693	0.6690711693	0.3650411496	0.6690711693	0.666419082	0.236131809	0.1961582157	0.1922877978	0.4549989237	0.1922877978	0.1951487321	0.2057526324	0.1931729036	0.3268563849	0.1931729036	0.3286962858	0.19052522	0.3286962858	0.1931729036	0.19052522	0.1915485391	0.3284734766	0.1891514027	0.150237877	0.150237877	0.3201744025	0.3365551984	0.5268677102	0.5242290294	0.1372550804	0.1341150064	0.1372550804	0.5242290294	0.5242290294	0.3246143399	0.1372550804	0.1333485516	0.1372550804	0.3310221381	0.3294309171	0.5110338335	0.5167788443	0.5167788443	0.5111369335	0.5107199147	0.410893653	0.4257827964	0.2842446388	0.28749151	0.3345371499	0.2806478825	0.3283339295	0.2509218118
chr11_2068776_A_G	0.04137518202	0.8200810234	0.724913038	-0.2770087629	-0.2791493633	0.724913038	0.7231590481	0.724913038	0.724913038	1	-0.2825926769	0.2542544416	1	-0.2581497393	-0.2918255769	-0.2918255769	-0.2918255769	0.471048704	0.471048704	0.1950447603	-0.1863343529	0.4007318254	0.4007318254	0.1928157454	0.1928157454	0.1928157454	0.1928157454	-0.1863343529	0.1950447603	0.1950447603	-0.173909644	-0.181383256	-0.1792756436	0.384455127	0.1950447603	0.2105114038	0.1972767364	-0.1748226572	0.3027489433	-0.1748226572	0.1928157454	0.1950447603	0.1950447603	0.1938226543	0.3051683547	0.1938226543	0.3848964265	0.1938226543	0.1938226543	0.3384443815	0.1938226543	0.1960637326	-0.1690695813	-0.1771867986	-0.2203172887	0.3848964265	-0.2203172887	-0.2165058214	-0.1769141746	-0.2170107221	0.3647666126	-0.2170107221	0.3620758611	-0.1602256497	0.3620758611	-0.2170107221	-0.1602256497	-0.2205041695	0.3659370578	-0.1590703131	-0.2258519654	-0.2258519654	0.3515607014	0.2898081823	0.1703953302	0.1713647471	-0.1769141746	-0.1724565534	-0.1769141746	0.1713647471	0.1713647471	0.3435897405	-0.1769141746	-0.222908079	-0.1769141746	0.3411842597	0.3399802689	0.169460541	0.1662285093	0.1662285093	0.1662285093	0.1707511698	0.1536829356	0.1256683136	0.1615266224	0.1600498387	0.1417928593	0.1673767739	0.1402814725	0.01262258441
chr11_2069125_TCTCCATACTCCATTTTCCACA_T	0.07574288753	-0.331163917	-0.3470572857	0.8805268007	0.8781612668	-0.3470572857	-0.3498512571	-0.3470572857	-0.3470572857	-0.2581497393	0.8805268007	0.3104711465	-0.2581497393	1	0.9013626947	0.9013626947	0.9013626947	-0.5577678617	-0.5577678617	0.09830397005	0.5365370793	-0.4180568769	-0.4180568769	0.1012757469	0.1012757469	0.1012757469	0.1012757469	0.5365370793	0.1040058724	0.09830397005	0.5006236203	0.50907048	0.5149943512	-0.395622461	0.09830397005	0.06251601058	0.09533195497	0.5113626985	-0.3049131265	0.5113626985	0.09557501941	0.09830397005	0.09830397005	0.09607412461	-0.3030176233	0.09607412461	-0.3926116847	0.09607412461	0.09607412461	-0.3503433294	0.09607412461	0.09308584869	0.4491021068	0.5077455168	0.5095336629	-0.3926116847	0.5095336629	0.5067424335	0.5120315522	0.512083911	-0.4316894365	0.512083911	-0.4332597697	0.5022130173	-0.4332597697	0.512083911	0.5022130173	0.5061827378	-0.433434924	0.4985917175	0.55686689	0.55686689	-0.4352537853	-0.3603675556	0.06028559468	0.05464658536	0.5186406997	0.5149943512	0.5186406997	0.05464658536	0.05464658536	-0.4227100026	0.5186406997	0.5445892122	0.5186406997	-0.4243220575	-0.4174634378	0.05560378964	0.05245245367	0.05245245367	0.04646435013	0.05213173077	0.03127190831	0.08308357383	-0.115513289	-0.1131988955	-0.0705644627	-0.1159790423	-0.0733873985	-0.05127930517
chr11_2070333_C_T	0.07942500461	-0.3726071966	-0.4017538262	0.9686829228	0.9663096176	-0.4017538262	-0.4046039577	-0.4017538262	-0.4017538262	-0.2918255769	0.9686829228	0.3286677287	-0.2918255769	0.9013626947	1	1	1	-0.6235123163	-0.6235123163	0.1091380694	0.6047213295	-0.4947771627	-0.4947771627	0.1160095114	0.1160095114	0.1160095114	0.1160095114	0.6047213295	0.1187724059	0.1139552377	0.5748141259	0.5825229437	0.5861836654	-0.4726531617	0.1139552377	0.06410677705	0.1119012754	0.5824488545	-0.345247024	0.5824488545	0.1111933358	0.1139552377	0.1139552377	0.1166153282	-0.3433905104	0.1166153282	-0.4699488046	0.1166153282	0.1166153282	-0.4148142216	0.1166153282	0.1097082394	0.5317134227	0.5842972332	0.6019247645	-0.4699488046	0.6019247645	0.599102903	0.5843507848	0.5959876229	-0.5163791061	0.5959876229	-0.5178073737	0.5609768226	-0.5178073737	0.5959876229	0.5609768226	0.591446045	-0.5171202288	0.5512605531	0.6445357986	0.6445357986	-0.5106127138	-0.4062498192	0.06626676259	0.06158997491	0.5899344258	0.5861836654	0.5899344258	0.06158997491	0.06158997491	-0.5006158489	0.5899344258	0.6360042438	0.5899344258	-0.4947875049	-0.4897014013	0.06568555401	0.06750645501	0.06750645501	0.05738853282	0.06311349643	0.02091931364	0.1074672043	-0.162186353	-0.1565617788	-0.06939262325	-0.1628402936	-0.07223900383	-0.03559345556
chr11_2070570_C_T	0.07942500461	-0.3726071966	-0.4017538262	0.9686829228	0.9663096176	-0.4017538262	-0.4046039577	-0.4017538262	-0.4017538262	-0.2918255769	0.9686829228	0.3286677287	-0.2918255769	0.9013626947	1	1	1	-0.6235123163	-0.6235123163	0.1091380694	0.6047213295	-0.4947771627	-0.4947771627	0.1160095114	0.1160095114	0.1160095114	0.1160095114	0.6047213295	0.1187724059	0.1139552377	0.5748141259	0.5825229437	0.5861836654	-0.4726531617	0.1139552377	0.06410677705	0.1119012754	0.5824488545	-0.345247024	0.5824488545	0.1111933358	0.1139552377	0.1139552377	0.1166153282	-0.3433905104	0.1166153282	-0.4699488046	0.1166153282	0.1166153282	-0.4148142216	0.1166153282	0.1097082394	0.5317134227	0.5842972332	0.6019247645	-0.4699488046	0.6019247645	0.599102903	0.5843507848	0.5959876229	-0.5163791061	0.5959876229	-0.5178073737	0.5609768226	-0.5178073737	0.5959876229	0.5609768226	0.591446045	-0.5171202288	0.5512605531	0.6445357986	0.6445357986	-0.5106127138	-0.4062498192	0.06626676259	0.06158997491	0.5899344258	0.5861836654	0.5899344258	0.06158997491	0.06158997491	-0.5006158489	0.5899344258	0.6360042438	0.5899344258	-0.4947875049	-0.4897014013	0.06568555401	0.06750645501	0.06750645501	0.05738853282	0.06311349643	0.02091931364	0.1074672043	-0.162186353	-0.1565617788	-0.06939262325	-0.1628402936	-0.07223900383	-0.03559345556
chr11_2070926_A_T	0.07942500461	-0.3726071966	-0.4017538262	0.9686829228	0.9663096176	-0.4017538262	-0.4046039577	-0.4017538262	-0.4017538262	-0.2918255769	0.9686829228	0.3286677287	-0.2918255769	0.9013626947	1	1	1	-0.6235123163	-0.6235123163	0.1091380694	0.6047213295	-0.4947771627	-0.4947771627	0.1160095114	0.1160095114	0.1160095114	0.1160095114	0.6047213295	0.1187724059	0.1139552377	0.5748141259	0.5825229437	0.5861836654	-0.4726531617	0.1139552377	0.06410677705	0.1119012754	0.5824488545	-0.345247024	0.5824488545	0.1111933358	0.1139552377	0.1139552377	0.1166153282	-0.3433905104	0.1166153282	-0.4699488046	0.1166153282	0.1166153282	-0.4148142216	0.1166153282	0.1097082394	0.5317134227	0.5842972332	0.6019247645	-0.4699488046	0.6019247645	0.599102903	0.5843507848	0.5959876229	-0.5163791061	0.5959876229	-0.5178073737	0.5609768226	-0.5178073737	0.5959876229	0.5609768226	0.591446045	-0.5171202288	0.5512605531	0.6445357986	0.6445357986	-0.5106127138	-0.4062498192	0.06626676259	0.06158997491	0.5899344258	0.5861836654	0.5899344258	0.06158997491	0.06158997491	-0.5006158489	0.5899344258	0.6360042438	0.5899344258	-0.4947875049	-0.4897014013	0.06568555401	0.06750645501	0.06750645501	0.05738853282	0.06311349643	0.02091931364	0.1074672043	-0.162186353	-0.1565617788	-0.06939262325	-0.1628402936	-0.07223900383	-0.03559345556
chr11_2070993_T_G	-0.03484105428	0.6064096858	0.6875069374	-0.6087767835	-0.6086245792	0.6875069374	0.6881504587	0.6875069374	0.6875069374	0.471048704	-0.6131145326	0.4950863067	0.471048704	-0.5577678617	-0.6235123163	-0.6235123163	-0.6235123163	1	1	0.4831430768	-0.3934800599	0.8346594567	0.8346594567	0.4787790253	0.4787790253	0.4787790253	0.4787790253	-0.3934800599	0.47399388	0.4785684784	-0.3738979035	-0.3975550803	-0.4013498458	0.8204925635	0.4785684784	0.5016434528	0.4783627969	-0.3953123066	0.726268925	-0.3953123066	0.4833526811	0.4785684784	0.4785684784	0.4766817316	0.7231375215	0.4766817316	0.815566431	0.4766817316	0.4766817316	0.6867882167	0.4766817316	0.4810686636	-0.2687728732	-0.3998663901	-0.4196176123	0.815566431	-0.4196176123	-0.4145860239	-0.3914976674	-0.4131216776	0.7514449669	-0.4131216776	0.7543289871	-0.3871870721	0.7543289871	-0.4131216776	-0.3871870721	-0.4103422723	0.7536367013	-0.3843951881	-0.4538903171	-0.4538903171	0.7444383658	0.6582292415	0.4010890559	0.4033709407	-0.4074050932	-0.4066471161	-0.4074050932	0.4033709407	0.4033709407	0.7384895445	-0.4074050932	-0.4598351954	-0.4074050932	0.7382055764	0.7319169228	0.3880013556	0.3909943966	0.3909943966	0.3957986124	0.3901720059	0.3442648436	0.2638487692	0.4130695196	0.4104685534	0.3632210068	0.4106963929	0.3606130702	0.2632896355
chr11_2070994_C_T	-0.03484105428	0.6064096858	0.6875069374	-0.6087767835	-0.6086245792	0.6875069374	0.6881504587	0.6875069374	0.6875069374	0.471048704	-0.6131145326	0.4950863067	0.471048704	-0.5577678617	-0.6235123163	-0.6235123163	-0.6235123163	1	1	0.4831430768	-0.3934800599	0.8346594567	0.8346594567	0.4787790253	0.4787790253	0.4787790253	0.4787790253	-0.3934800599	0.47399388	0.4785684784	-0.3738979035	-0.3975550803	-0.4013498458	0.8204925635	0.4785684784	0.5016434528	0.4783627969	-0.3953123066	0.726268925	-0.3953123066	0.4833526811	0.4785684784	0.4785684784	0.4766817316	0.7231375215	0.4766817316	0.815566431	0.4766817316	0.4766817316	0.6867882167	0.4766817316	0.4810686636	-0.2687728732	-0.3998663901	-0.4196176123	0.815566431	-0.4196176123	-0.4145860239	-0.3914976674	-0.4131216776	0.7514449669	-0.4131216776	0.7543289871	-0.3871870721	0.7543289871	-0.4131216776	-0.3871870721	-0.4103422723	0.7536367013	-0.3843951881	-0.4538903171	-0.4538903171	0.7444383658	0.6582292415	0.4010890559	0.4033709407	-0.4074050932	-0.4066471161	-0.4074050932	0.4033709407	0.4033709407	0.7384895445	-0.4074050932	-0.4598351954	-0.4074050932	0.7382055764	0.7319169228	0.3880013556	0.3909943966	0.3909943966	0.3957986124	0.3901720059	0.3442648436	0.2638487692	0.4130695196	0.4104685534	0.3632210068	0.4106963929	0.3606130702	0.2632896355
chr11_2072504_T_C	0.01461753421	0.2640841831	0.324925819	0.08969617728	0.08745913286	0.324925819	0.322786426	0.324925819	0.324925819	0.1950447603	0.08478091666	0.6683278591	0.1950447603	0.09830397005	0.1091380694	0.1091380694	0.1091380694	0.4831430768	0.4831430768	1	0.3001112332	0.5561655019	0.5561655019	0.9974138853	0.9974138853	0.9974138853	0.9974138853	0.3001112332	0.9948163568	0.9948163568	0.2312851205	0.2634031419	0.2573688675	0.5726140324	0.9948163568	0.9643240906	0.9922280292	0.260363039	0.6754052243	0.260363039	0.9922313102	0.9896327136	0.9896327136	0.986993593	0.6740259154	0.986993593	0.5702615554	0.986993593	0.986993593	0.4852681094	0.986993593	0.9895921276	0.4087121356	0.2513732376	0.3403472752	0.5702615554	0.3403472752	0.3432351732	0.2663895143	0.3471794037	0.4330906115	0.3471794037	0.4347423264	0.2520887975	0.4347423264	0.3471794037	0.2520887975	0.3466393952	0.4342840536	0.2441683719	0.3524291719	0.3524291719	0.426768765	0.5242823018	0.8510425775	0.8504460772	0.2543726608	0.2513663386	0.2543726608	0.8504460772	0.8504460772	0.4258214848	0.2543726608	0.3356214652	0.2543726608	0.4234363022	0.4175904872	0.8240765313	0.8224838444	0.8224838444	0.8224838444	0.8271173864	0.6308303789	0.6812847694	0.5448332771	0.5442643318	0.6101272113	0.5470300623	0.6053706456	0.5346453501
chr11_2073182_A_G	0.101848523	-0.2465429635	-0.2564038296	0.6276206778	0.6255908426	-0.2564038296	-0.2587503249	-0.2564038296	-0.2564038296	-0.1863343529	0.6220395096	0.2215067416	-0.1863343529	0.5365370793	0.6047213295	0.6047213295	0.6047213295	-0.3934800599	-0.3934800599	0.3001112332	1	-0.4701929918	-0.4701929918	0.3036410512	0.3036410512	0.3036410512	0.3036410512	1	0.3059971438	0.3001112332	0.8887910292	0.9441465703	0.9437830964	-0.4323672163	0.3001112332	0.2987402165	0.3024702151	0.9402182241	-0.4532049114	0.9402182241	0.2977563533	0.3001112332	0.3001112332	0.2993112758	-0.4519156298	0.2993112758	-0.4302735588	0.2993112758	0.2993112758	-0.3957453034	0.2993112758	0.2957624438	0.6838222609	0.9366739977	0.8016300209	-0.4302735588	0.8016300209	0.7992671087	0.9405464389	0.7986606404	-0.4670991376	0.7986606404	-0.4629457736	0.9072213515	-0.4629457736	0.7986606404	0.9072213515	0.7884703598	-0.4693055557	0.9006796642	0.7962621661	0.7962621661	-0.4712749442	-0.4515586509	0.2699203543	0.2652809567	0.8654996656	0.8619942525	0.8654996656	0.2652809567	0.2652809567	-0.4506171596	0.8654996656	0.7754902186	0.8654996656	-0.4461703995	-0.4439410544	0.2697653676	0.2720530446	0.2720530446	0.2658716966	0.2705690606	0.1719362728	0.2665167912	-0.05473832585	-0.05172441347	0.03635501726	-0.04976271799	0.03433730338	0.05411070781
chr11_2073444_A_G	-0.02291046889	0.5042722517	0.5622756313	-0.4904070087	-0.4901842225	0.5622756313	0.5629004044	0.5622756313	0.5622756313	0.4007318254	-0.4904070087	0.4542936759	0.4007318254	-0.4180568769	-0.4947771627	-0.4947771627	-0.4947771627	0.8346594567	0.8346594567	0.5561655019	-0.4701929918	1	1	0.5517112065	0.5517112065	0.5517112065	0.5517112065	-0.4701929918	0.5467748825	0.5514701922	-0.4450734538	-0.4602168181	-0.4639220471	0.9794249093	0.5514701922	0.5699448071	0.5512347851	-0.4576317892	0.833860496	-0.4576317892	0.5517112065	0.5467748825	0.5467748825	0.5451546009	0.8307564922	0.5451546009	0.9749429446	0.5451546009	0.5451546009	0.868784425	0.5451546009	0.5496313985	-0.3953849514	-0.4622135795	-0.532294369	0.9749429446	-0.532294369	-0.5270915423	-0.4539042515	-0.5262714709	0.8898174383	-0.5262714709	0.8883627502	-0.434331535	0.8883627502	-0.5262714709	-0.434331535	-0.5190596351	0.8917757461	-0.4311997072	-0.5331275192	-0.5331275192	0.8574568088	0.7372497321	0.4465630332	0.4491036296	-0.4484618583	-0.4476108943	-0.4484618583	0.4491036296	0.4491036296	0.8422236197	-0.4484618583	-0.5297587808	-0.4484618583	0.838165056	0.831923599	0.4287582245	0.4267704683	0.4267704683	0.4317014543	0.4307655105	0.4211389114	0.3224600146	0.5056622333	0.5032549901	0.4228791945	0.5035558746	0.4204314535	0.3332712382
chr11_2073476_A_C	-0.02291046889	0.5042722517	0.5622756313	-0.4904070087	-0.4901842225	0.5622756313	0.5629004044	0.5622756313	0.5622756313	0.4007318254	-0.4904070087	0.4542936759	0.4007318254	-0.4180568769	-0.4947771627	-0.4947771627	-0.4947771627	0.8346594567	0.8346594567	0.5561655019	-0.4701929918	1	1	0.5517112065	0.5517112065	0.5517112065	0.5517112065	-0.4701929918	0.5467748825	0.5514701922	-0.4450734538	-0.4602168181	-0.4639220471	0.9794249093	0.5514701922	0.5699448071	0.5512347851	-0.4576317892	0.833860496	-0.4576317892	0.5517112065	0.5467748825	0.5467748825	0.5451546009	0.8307564922	0.5451546009	0.9749429446	0.5451546009	0.5451546009	0.868784425	0.5451546009	0.5496313985	-0.3953849514	-0.4622135795	-0.532294369	0.9749429446	-0.532294369	-0.5270915423	-0.4539042515	-0.5262714709	0.8898174383	-0.5262714709	0.8883627502	-0.434331535	0.8883627502	-0.5262714709	-0.434331535	-0.5190596351	0.8917757461	-0.4311997072	-0.5331275192	-0.5331275192	0.8574568088	0.7372497321	0.4465630332	0.4491036296	-0.4484618583	-0.4476108943	-0.4484618583	0.4491036296	0.4491036296	0.8422236197	-0.4484618583	-0.5297587808	-0.4484618583	0.838165056	0.831923599	0.4287582245	0.4267704683	0.4267704683	0.4317014543	0.4307655105	0.4211389114	0.3224600146	0.5056622333	0.5032549901	0.4228791945	0.5035558746	0.4204314535	0.3332712382
chr11_2073913_A_G	0.01364979966	0.2613488426	0.3218412345	0.09680970559	0.09456500266	0.3218412345	0.3196908061	0.3218412345	0.3218412345	0.1928157454	0.09189545774	0.6709664927	0.1928157454	0.1012757469	0.1160095114	0.1160095114	0.1160095114	0.4787790253	0.4787790253	0.9974138853	0.3036410512	0.5517112065	0.5517112065	1	1	1	1	0.3036410512	0.9974138853	0.9974138853	0.2355203383	0.2672221738	0.2611576192	0.5681466964	0.9974138853	0.9670235377	0.9948370033	0.2641355435	0.6748126363	0.2641355435	0.9948184927	0.9922313102	0.9922313102	0.9895964329	0.6734419618	0.9895964329	0.5657928688	0.9895964329	0.9895964329	0.4813708121	0.9895964329	0.9869957232	0.4103760735	0.2551320503	0.3429521495	0.5657928688	0.3429521495	0.3458288374	0.270192125	0.3498191488	0.428240981	0.3498191488	0.4298925974	0.2560810772	0.4298925974	0.3498191488	0.2560810772	0.3492836683	0.4294537699	0.2481331219	0.3549853729	0.3549853729	0.4219201356	0.5234259702	0.8534038216	0.8473847253	0.2581777474	0.2551563271	0.2581777474	0.8473847253	0.8473847253	0.4209739673	0.2581777474	0.3382233015	0.2581777474	0.4231921566	0.4126852356	0.8209581482	0.8248139099	0.8248139099	0.8193712007	0.8240267231	0.6292136826	0.6838893087	0.5392671024	0.5432436785	0.6083304457	0.5414414447	0.6035586935	0.5334252352
chr11_2074576_C_A	0.01364979966	0.2613488426	0.3218412345	0.09680970559	0.09456500266	0.3218412345	0.3196908061	0.3218412345	0.3218412345	0.1928157454	0.09189545774	0.6709664927	0.1928157454	0.1012757469	0.1160095114	0.1160095114	0.1160095114	0.4787790253	0.4787790253	0.9974138853	0.3036410512	0.5517112065	0.5517112065	1	1	1	1	0.3036410512	0.9974138853	0.9974138853	0.2355203383	0.2672221738	0.2611576192	0.5681466964	0.9974138853	0.9670235377	0.9948370033	0.2641355435	0.6748126363	0.2641355435	0.9948184927	0.9922313102	0.9922313102	0.9895964329	0.6734419618	0.9895964329	0.5657928688	0.9895964329	0.9895964329	0.4813708121	0.9895964329	0.9869957232	0.4103760735	0.2551320503	0.3429521495	0.5657928688	0.3429521495	0.3458288374	0.270192125	0.3498191488	0.428240981	0.3498191488	0.4298925974	0.2560810772	0.4298925974	0.3498191488	0.2560810772	0.3492836683	0.4294537699	0.2481331219	0.3549853729	0.3549853729	0.4219201356	0.5234259702	0.8534038216	0.8473847253	0.2581777474	0.2551563271	0.2581777474	0.8473847253	0.8473847253	0.4209739673	0.2581777474	0.3382233015	0.2581777474	0.4231921566	0.4126852356	0.8209581482	0.8248139099	0.8248139099	0.8193712007	0.8240267231	0.6292136826	0.6838893087	0.5392671024	0.5432436785	0.6083304457	0.5414414447	0.6035586935	0.5334252352
chr11_2075149_A_G	0.01364979966	0.2613488426	0.3218412345	0.09680970559	0.09456500266	0.3218412345	0.3196908061	0.3218412345	0.3218412345	0.1928157454	0.09189545774	0.6709664927	0.1928157454	0.1012757469	0.1160095114	0.1160095114	0.1160095114	0.4787790253	0.4787790253	0.9974138853	0.3036410512	0.5517112065	0.5517112065	1	1	1	1	0.3036410512	0.9974138853	0.9974138853	0.2355203383	0.2672221738	0.2611576192	0.5681466964	0.9974138853	0.9670235377	0.9948370033	0.2641355435	0.6748126363	0.2641355435	0.9948184927	0.9922313102	0.9922313102	0.9895964329	0.6734419618	0.9895964329	0.5657928688	0.9895964329	0.9895964329	0.4813708121	0.9895964329	0.9869957232	0.4103760735	0.2551320503	0.3429521495	0.5657928688	0.3429521495	0.3458288374	0.270192125	0.3498191488	0.428240981	0.3498191488	0.4298925974	0.2560810772	0.4298925974	0.3498191488	0.2560810772	0.3492836683	0.4294537699	0.2481331219	0.3549853729	0.3549853729	0.4219201356	0.5234259702	0.8534038216	0.8473847253	0.2581777474	0.2551563271	0.2581777474	0.8473847253	0.8473847253	0.4209739673	0.2581777474	0.3382233015	0.2581777474	0.4231921566	0.4126852356	0.8209581482	0.8248139099	0.8248139099	0.8193712007	0.8240267231	0.6292136826	0.6838893087	0.5392671024	0.5432436785	0.6083304457	0.5414414447	0.6035586935	0.5334252352
chr11_2075252_T_C	0.01364979966	0.2613488426	0.3218412345	0.09680970559	0.09456500266	0.3218412345	0.3196908061	0.3218412345	0.3218412345	0.1928157454	0.09189545774	0.6709664927	0.1928157454	0.1012757469	0.1160095114	0.1160095114	0.1160095114	0.4787790253	0.4787790253	0.9974138853	0.3036410512	0.5517112065	0.5517112065	1	1	1	1	0.3036410512	0.9974138853	0.9974138853	0.2355203383	0.2672221738	0.2611576192	0.5681466964	0.9974138853	0.9670235377	0.9948370033	0.2641355435	0.6748126363	0.2641355435	0.9948184927	0.9922313102	0.9922313102	0.9895964329	0.6734419618	0.9895964329	0.5657928688	0.9895964329	0.9895964329	0.4813708121	0.9895964329	0.9869957232	0.4103760735	0.2551320503	0.3429521495	0.5657928688	0.3429521495	0.3458288374	0.270192125	0.3498191488	0.428240981	0.3498191488	0.4298925974	0.2560810772	0.4298925974	0.3498191488	0.2560810772	0.3492836683	0.4294537699	0.2481331219	0.3549853729	0.3549853729	0.4219201356	0.5234259702	0.8534038216	0.8473847253	0.2581777474	0.2551563271	0.2581777474	0.8473847253	0.8473847253	0.4209739673	0.2581777474	0.3382233015	0.2581777474	0.4231921566	0.4126852356	0.8209581482	0.8248139099	0.8248139099	0.8193712007	0.8240267231	0.6292136826	0.6838893087	0.5392671024	0.5432436785	0.6083304457	0.5414414447	0.6035586935	0.5334252352
chr11_2075720_C_G	0.101848523	-0.2465429635	-0.2564038296	0.6276206778	0.6255908426	-0.2564038296	-0.2587503249	-0.2564038296	-0.2564038296	-0.1863343529	0.6220395096	0.2215067416	-0.1863343529	0.5365370793	0.6047213295	0.6047213295	0.6047213295	-0.3934800599	-0.3934800599	0.3001112332	1	-0.4701929918	-0.4701929918	0.3036410512	0.3036410512	0.3036410512	0.3036410512	1	0.3059971438	0.3001112332	0.8887910292	0.9441465703	0.9437830964	-0.4323672163	0.3001112332	0.2987402165	0.3024702151	0.9402182241	-0.4532049114	0.9402182241	0.2977563533	0.3001112332	0.3001112332	0.2993112758	-0.4519156298	0.2993112758	-0.4302735588	0.2993112758	0.2993112758	-0.3957453034	0.2993112758	0.2957624438	0.6838222609	0.9366739977	0.8016300209	-0.4302735588	0.8016300209	0.7992671087	0.9405464389	0.7986606404	-0.4670991376	0.7986606404	-0.4629457736	0.9072213515	-0.4629457736	0.7986606404	0.9072213515	0.7884703598	-0.4693055557	0.9006796642	0.7962621661	0.7962621661	-0.4712749442	-0.4515586509	0.2699203543	0.2652809567	0.8654996656	0.8619942525	0.8654996656	0.2652809567	0.2652809567	-0.4506171596	0.8654996656	0.7754902186	0.8654996656	-0.4461703995	-0.4439410544	0.2697653676	0.2720530446	0.2720530446	0.2658716966	0.2705690606	0.1719362728	0.2665167912	-0.05473832585	-0.05172441347	0.03635501726	-0.04976271799	0.03433730338	0.05411070781
chr11_2075736_C_T	0.01461753421	0.2588563369	0.3199153133	0.0995266985	0.09729193211	0.3199153133	0.3177734097	0.3199153133	0.3199153133	0.1950447603	0.09461143789	0.6683278591	0.1950447603	0.1040058724	0.1187724059	0.1187724059	0.1187724059	0.47399388	0.47399388	0.9948163568	0.3059971438	0.5467748825	0.5467748825	0.9974138853	0.9974138853	0.9974138853	0.9974138853	0.3059971438	1	0.9948163568	0.2376039742	0.2694175675	0.2633713964	0.563361708	0.9948163568	0.9643240906	0.9922280292	0.26635977	0.6708428399	0.26635977	0.9922313102	0.9948163568	0.9948163568	0.9922032322	0.6740259154	0.9922032322	0.5656137888	0.9922032322	0.9922032322	0.4806646381	0.9922032322	0.9895921276	0.4135181531	0.25736427	0.3456877631	0.5656137888	0.3456877631	0.3485756611	0.2723979411	0.3525496983	0.4237716554	0.3525496983	0.4254419377	0.2582358144	0.4254419377	0.3525496983	0.2582358144	0.3520396992	0.4249853613	0.2502710646	0.3577406887	0.3577406887	0.4174310518	0.5196344582	0.8510425775	0.8450078065	0.2603810876	0.2573688675	0.2603810876	0.8450078065	0.8450078065	0.4165756846	0.2603810876	0.340932867	0.2603810876	0.4187929959	0.4082831487	0.8186025667	0.8224838444	0.8224838444	0.8170400135	0.821675967	0.6259095067	0.6812847694	0.5357173826	0.5396935837	0.605267603	0.5378774122	0.6004922221	0.5299918354
chr11_2076798_T_C	0.01461753421	0.2640841831	0.3199153133	0.09461143789	0.09237553248	0.3199153133	0.3177734097	0.3199153133	0.3199153133	0.1950447603	0.08969617728	0.6683278591	0.1950447603	0.09830397005	0.1139552377	0.1139552377	0.1139552377	0.4785684784	0.4785684784	0.9948163568	0.3001112332	0.5514701922	0.5514701922	0.9974138853	0.9974138853	0.9974138853	0.9974138853	0.3001112332	0.9948163568	1	0.2376039742	0.2694175675	0.2633713964	0.5679878702	1	0.9694945362	0.9974127946	0.26635977	0.6754052243	0.26635977	0.9974138853	0.9948163568	0.9948163568	0.9922032322	0.6740259154	0.9922032322	0.5656137888	0.9922032322	0.9922032322	0.4852681094	0.9922032322	0.9895921276	0.4087121356	0.25736427	0.3456877631	0.5656137888	0.3456877631	0.3485756611	0.2723979411	0.3525496983	0.4284311334	0.3525496983	0.4300921321	0.2582358144	0.4300921321	0.3525496983	0.2582358144	0.3520396992	0.4296347074	0.2502710646	0.3577406887	0.3577406887	0.4220999084	0.5242823018	0.8564500838	0.8504460772	0.2603810876	0.2573688675	0.2603810876	0.8504460772	0.8504460772	0.4211985847	0.2603810876	0.340932867	0.2603810876	0.4234363022	0.4129368179	0.8240765313	0.8279276753	0.8279276753	0.8224838444	0.8271173864	0.635751251	0.6917467144	0.5448332771	0.54883508	0.6149868197	0.5470300623	0.610249069	0.5392988647
chr11_2076994_T_C	0.04862617711	-0.2300140009	-0.2417862863	0.599824729	0.5980335478	-0.2417862863	-0.2438755456	-0.2417862863	-0.2417862863	-0.173909644	0.5938330333	0.2143909229	-0.173909644	0.5006236203	0.5748141259	0.5748141259	0.5748141259	-0.3738979035	-0.3738979035	0.2312851205	0.8887910292	-0.4450734538	-0.4450734538	0.2355203383	0.2355203383	0.2355203383	0.2355203383	0.8887910292	0.2376039742	0.2376039742	1	0.9190123522	0.9197984144	-0.4417701649	0.2376039742	0.2383899042	0.2396909505	0.9165556614	-0.4899904793	0.9165556614	0.2355203383	0.2376039742	0.2376039742	0.2367502562	-0.4889884769	0.2367502562	-0.4401838257	0.2367502562	0.2367502562	-0.40772974	0.2367502562	0.2324934233	0.6382185467	0.9133325896	0.749703762	-0.4401838257	0.749703762	0.7476070868	0.915736825	0.7450120562	-0.4574745002	0.7450120562	-0.45838868	0.8812336739	-0.45838868	0.7450120562	0.8812336739	0.7404720896	-0.4603219467	0.8748793756	0.745855598	0.745855598	-0.4679449661	-0.470749935	0.2175799205	0.2121885367	0.8351699238	0.8319935239	0.8351699238	0.2121885367	0.2121885367	-0.4498724046	0.8351699238	0.7218075254	0.8351699238	-0.4441837685	-0.4413293133	0.2183304244	0.2216273092	0.2216273092	0.2149912871	0.2191686525	0.2582113452	0.2297205319	-0.09936969602	-0.09587151239	-0.02794693762	-0.09419182402	-0.02997040934	-0.01502174986
chr11_2077046_CCA_C	0.03923257182	-0.2293635406	-0.2431631312	0.6089769528	0.6070880928	-0.2431631312	-0.2453548412	-0.2431631312	-0.2431631312	-0.181383256	0.6032739235	0.1965028198	-0.181383256	0.50907048	0.5825229437	0.5825229437	0.5825229437	-0.3975550803	-0.3975550803	0.2634031419	0.9441465703	-0.4602168181	-0.4602168181	0.2672221738	0.2672221738	0.2672221738	0.2672221738	0.9441465703	0.2694175675	0.2694175675	0.9190123522	1	0.9930650982	-0.4687203476	0.2694175675	0.2720830244	0.2716166781	0.989629847	-0.5176780641	0.989629847	0.2672221738	0.2694175675	0.2694175675	0.2686176428	-0.5166280566	0.2686176428	-0.467071174	0.2686176428	0.2686176428	-0.4309544391	0.2686176428	0.2647792389	0.6921457811	0.9862157198	0.8159301592	-0.467071174	0.8159301592	0.8137250758	0.9895503319	0.8124568876	-0.4915068117	0.8124568876	-0.4924475802	0.9542258605	-0.4924475802	0.8124568876	0.9542258605	0.8085013352	-0.4939128276	0.9473452385	0.8049245384	0.8049245384	-0.4959854778	-0.5059753533	0.2445927302	0.2396744103	0.9058935656	0.9025258958	0.9058935656	0.2396744103	0.2396744103	-0.4791921023	0.9058935656	0.7828661151	0.9058935656	-0.4743667897	-0.4719474668	0.2449092728	0.2476296288	0.2476296288	0.2413133152	0.2456999348	0.1878926835	0.2485292299	-0.05410409646	-0.05084000266	0.01373183032	-0.04901247333	0.01177069883	0.02319673816
chr11_2077271_C_T	0.03692025909	-0.2290663122	-0.2438702408	0.6129096667	0.611003097	-0.2438702408	-0.2460812921	-0.2438702408	-0.2438702408	-0.1792756436	0.6072179181	0.1963243832	-0.1792756436	0.5149943512	0.5861836654	0.5861836654	0.5861836654	-0.4013498458	-0.4013498458	0.2573688675	0.9437830964	-0.4639220471	-0.4639220471	0.2611576192	0.2611576192	0.2611576192	0.2611576192	0.9437830964	0.2633713964	0.2633713964	0.9197984144	0.9930650982	1	-0.4778681644	0.2633713964	0.2662836792	0.2655888356	0.9965353375	-0.5282706623	0.9965353375	0.2611576192	0.2633713964	0.2633713964	0.2625214183	-0.5272204698	0.2625214183	-0.4762265043	0.2625214183	0.2625214183	-0.4388981937	0.2625214183	0.2587134396	0.6948261658	0.9930919567	0.8205126768	-0.4762265043	0.8205126768	0.8182873659	0.9895709869	0.817130312	-0.5015617065	0.817130312	-0.5025000542	0.9617065247	-0.5025000542	0.817130312	0.9617065247	0.8131928148	-0.5039175782	0.954771962	0.8094218438	0.8094218438	-0.5060322122	-0.5174720911	0.2374612501	0.2325148388	0.9130373032	0.9096398861	0.9130373032	0.2325148388	0.2325148388	-0.4892699309	0.9130373032	0.7875047414	0.9130373032	-0.4845455901	-0.4821772907	0.2375946521	0.2403221618	0.2403221618	0.2340183421	0.2384494125	0.1840771569	0.2422813589	-0.05607469517	-0.05284393772	0.009833798831	-0.0510015204	0.007839097948	0.02057972767
chr11_2077486_A_G	-0.001813907247	0.4823667048	0.5413890866	-0.4717341967	-0.4715818219	0.5413890866	0.5419271871	0.5413890866	0.5413890866	0.384455127	-0.4717341967	0.4578404661	0.384455127	-0.395622461	-0.4726531617	-0.4726531617	-0.4726531617	0.8204925635	0.8204925635	0.5726140324	-0.4323672163	0.9794249093	0.9794249093	0.5681466964	0.5681466964	0.5681466964	0.5681466964	-0.4323672163	0.563361708	0.5679878702	-0.4417701649	-0.4687203476	-0.4778681644	1	0.5679878702	0.5822471936	0.567834857	-0.471735591	0.8590595167	-0.471735591	0.5681466964	0.563361708	0.563361708	0.5618149075	0.8561266752	0.5618149075	0.9958794296	0.5618149075	0.5618149075	0.8904987009	0.5618149075	0.5663048785	-0.4028133112	-0.4763151358	-0.5434819596	0.9958794296	-0.5434819596	-0.538431558	-0.4625707886	-0.5375015002	0.9050942324	-0.5375015002	0.9076884985	-0.4484283253	0.9076884985	-0.5375015002	-0.4484283253	-0.5305785883	0.9070279797	-0.4451948499	-0.5396855173	-0.5396855173	0.873333571	0.7583804501	0.4629265805	0.4655602727	-0.4572085451	-0.4564402449	-0.4572085451	0.4655602727	0.4655602727	0.8618417801	-0.4572085451	-0.5360645161	-0.4572085451	0.8578525196	0.8517084125	0.4453551238	0.4431932468	0.4431932468	0.4480516145	0.4472738673	0.4306699395	0.337312885	0.5162170263	0.5138309138	0.4350771629	0.514214271	0.432667564	0.3495082115
chr11_2078638_T_C	0.01461753421	0.2640841831	0.3199153133	0.09461143789	0.09237553248	0.3199153133	0.3177734097	0.3199153133	0.3199153133	0.1950447603	0.08969617728	0.6683278591	0.1950447603	0.09830397005	0.1139552377	0.1139552377	0.1139552377	0.4785684784	0.4785684784	0.9948163568	0.3001112332	0.5514701922	0.5514701922	0.9974138853	0.9974138853	0.9974138853	0.9974138853	0.3001112332	0.9948163568	1	0.2376039742	0.2694175675	0.2633713964	0.5679878702	1	0.9694945362	0.9974127946	0.26635977	0.6754052243	0.26635977	0.9974138853	0.9948163568	0.9948163568	0.9922032322	0.6740259154	0.9922032322	0.5656137888	0.9922032322	0.9922032322	0.4852681094	0.9922032322	0.9895921276	0.4087121356	0.25736427	0.3456877631	0.5656137888	0.3456877631	0.3485756611	0.2723979411	0.3525496983	0.4284311334	0.3525496983	0.4300921321	0.2582358144	0.4300921321	0.3525496983	0.2582358144	0.3520396992	0.4296347074	0.2502710646	0.3577406887	0.3577406887	0.4220999084	0.5242823018	0.8564500838	0.8504460772	0.2603810876	0.2573688675	0.2603810876	0.8504460772	0.8504460772	0.4211985847	0.2603810876	0.340932867	0.2603810876	0.4234363022	0.4129368179	0.8240765313	0.8279276753	0.8279276753	0.8224838444	0.8271173864	0.635751251	0.6917467144	0.5448332771	0.54883508	0.6149868197	0.5470300623	0.610249069	0.5392988647
chr11_2078742_G_A	0.02420496616	0.2797292808	0.3342132877	0.09675857514	0.09462640841	0.3342132877	0.3321838183	0.3342132877	0.3342132877	0.2105114038	0.09185582877	0.6978722427	0.2105114038	0.06251601058	0.06410677705	0.06410677705	0.06410677705	0.5016434528	0.5016434528	0.9643240906	0.2987402165	0.5699448071	0.5699448071	0.9670235377	0.9670235377	0.9670235377	0.9670235377	0.2987402165	0.9643240906	0.9694945362	0.2383899042	0.2720830244	0.2662836792	0.5822471936	0.9694945362	1	0.9668050506	0.2693798996	0.646353892	0.2693798996	0.9670235377	0.9643240906	0.9643240906	0.9616807096	0.6448432934	0.9616807096	0.5797681702	0.9616807096	0.9616807096	0.5035498421	0.9616807096	0.9589670935	0.3614682714	0.2605225904	0.3554084742	0.5797681702	0.3554084742	0.358394922	0.2751716151	0.3620991181	0.4422995715	0.3620991181	0.4440187499	0.2662817183	0.4440187499	0.3620991181	0.2662817183	0.3617558843	0.4433753558	0.2643616448	0.3147092523	0.3147092523	0.4312650219	0.5350490345	0.8235692191	0.8174058376	0.2092471922	0.2064112146	0.2092471922	0.8174058376	0.8174058376	0.4307235636	0.2092471922	0.2975238323	0.2092471922	0.4331865167	0.4228302134	0.7913349787	0.795452959	0.795452959	0.7900229881	0.7944423771	0.5998815646	0.6678182782	0.5069307762	0.5109104768	0.5816201149	0.5089747374	0.5768680415	0.5072243695
chr11_2078858_A_AT	0.01558582908	0.2668234136	0.3230034804	0.09241322061	0.0901860933	0.3230034804	0.3208725942	0.3230034804	0.3230034804	0.1972767364	0.08749689592	0.6656950292	0.1972767364	0.09533195497	0.1119012754	0.1119012754	0.1119012754	0.4783627969	0.4783627969	0.9922280292	0.3024702151	0.5512347851	0.5512347851	0.9948370033	0.9948370033	0.9948370033	0.9948370033	0.3024702151	0.9922280292	0.9974127946	0.2396909505	0.2716166781	0.2655888356	0.567834857	0.9974127946	0.9668050506	1	0.2685876939	0.6714416827	0.2685876939	0.9948370033	0.9922280292	0.9922280292	0.9896106377	0.6700463447	0.9896106377	0.5654404887	0.9896106377	0.9896106377	0.4845676095	0.9896106377	0.9869880217	0.4070517257	0.2596000973	0.3430864674	0.5654404887	0.3430864674	0.3459856102	0.2746075095	0.3499135942	0.4286258014	0.3499135942	0.4302962035	0.2603941356	0.4302962035	0.3499135942	0.2603941356	0.3493990661	0.4298201692	0.2524125017	0.3551882057	0.3551882057	0.4222841269	0.5204955731	0.8540978227	0.848078079	0.2625880544	0.2595850073	0.2625880544	0.848078079	0.848078079	0.4214276575	0.2625880544	0.3383345554	0.2625880544	0.4236849345	0.4131927814	0.8217296138	0.8256063183	0.8256063183	0.8201613089	0.8247753211	0.632454289	0.6891503921	0.5412895765	0.545291051	0.6119310525	0.5434720734	0.6071896304	0.5358715154
chr11_2080612_C_T	0.03576832202	-0.2198514082	-0.2355335038	0.609197565	0.6072808065	-0.2355335038	-0.2377498899	-0.2355335038	-0.2355335038	-0.1748226572	0.6035113141	0.1993472408	-0.1748226572	0.5113626985	0.5824488545	0.5824488545	0.5824488545	-0.3953123066	-0.3953123066	0.260363039	0.9402182241	-0.4576317892	-0.4576317892	0.2641355435	0.2641355435	0.2641355435	0.2641355435	0.9402182241	0.26635977	0.26635977	0.9165556614	0.989629847	0.9965353375	-0.471735591	0.26635977	0.2693798996	0.2685876939	1	-0.528285058	1	0.2641355435	0.26635977	0.26635977	0.2655148938	-0.527226218	0.2655148938	-0.4754244525	0.2655148938	0.2655148938	-0.4375425528	0.2655148938	0.2617232536	0.6961778072	0.9965419592	0.8228153707	-0.4754244525	0.8228153707	0.8205799266	0.9930786487	0.8194782507	-0.5011951265	0.8194782507	-0.502143028	0.9654571565	-0.502143028	0.8194782507	0.9654571565	0.8155496674	-0.5035377733	0.9584955492	0.8116818113	0.8116818113	-0.5110520102	-0.5232150113	0.2339112608	0.2289507355	0.9166188891	0.913206567	0.9166188891	0.2289507355	0.2289507355	-0.494304859	0.9166188891	0.7898346759	0.9166188891	-0.489630751	-0.4872878357	0.2339533648	0.2366845013	0.2366845013	0.2303867705	0.234840099	0.1821790839	0.2391719811	-0.05705833792	-0.05384412805	0.007890734961	-0.05199424782	0.005879254576	0.01927552794
chr11_2081637_C_CT	-0.01519661613	0.4019404905	0.4625236871	-0.3825862924	-0.383105085	0.4625236871	0.46231685	0.4625236871	0.4625236871	0.3027489433	-0.3825862924	0.4390072161	0.3027489433	-0.3049131265	-0.345247024	-0.345247024	-0.345247024	0.726268925	0.726268925	0.6754052243	-0.4532049114	0.833860496	0.833860496	0.6748126363	0.6748126363	0.6748126363	0.6748126363	-0.4532049114	0.6708428399	0.6754052243	-0.4899904793	-0.5176780641	-0.5282706623	0.8590595167	0.6754052243	0.646353892	0.6714416827	-0.528285058	1	-0.528285058	0.6793740806	0.6754052243	0.6754052243	0.673751331	0.9979942652	0.673751331	0.8597938978	0.673751331	0.673751331	0.7607052434	0.673751331	0.674347524	-0.1683933632	-0.5335801985	-0.324096137	0.8597938978	-0.324096137	-0.3198629455	-0.5176874119	-0.3155119803	0.7583092671	-0.3155119803	0.7604844119	-0.5090950522	0.7604844119	-0.3155119803	-0.5090950522	-0.3082413892	0.761159237	-0.5107954141	-0.3050323663	-0.3050323663	0.7602440621	0.8588566066	0.5733158342	0.5717910606	-0.4700925517	-0.470156268	-0.4700925517	0.5717910606	0.5717910606	0.7466696881	-0.4700925517	-0.3031669857	-0.4700925517	0.7450663131	0.7340342213	0.544720851	0.5508287072	0.5508287072	0.5508287072	0.5467475764	0.4196437448	0.4292925246	0.5261678622	0.5272456917	0.5380834879	0.5202336813	0.5354462424	0.4631175951
chr11_2081917_A_G	0.03576832202	-0.2198514082	-0.2355335038	0.609197565	0.6072808065	-0.2355335038	-0.2377498899	-0.2355335038	-0.2355335038	-0.1748226572	0.6035113141	0.1993472408	-0.1748226572	0.5113626985	0.5824488545	0.5824488545	0.5824488545	-0.3953123066	-0.3953123066	0.260363039	0.9402182241	-0.4576317892	-0.4576317892	0.2641355435	0.2641355435	0.2641355435	0.2641355435	0.9402182241	0.26635977	0.26635977	0.9165556614	0.989629847	0.9965353375	-0.471735591	0.26635977	0.2693798996	0.2685876939	1	-0.528285058	1	0.2641355435	0.26635977	0.26635977	0.2655148938	-0.527226218	0.2655148938	-0.4754244525	0.2655148938	0.2655148938	-0.4375425528	0.2655148938	0.2617232536	0.6961778072	0.9965419592	0.8228153707	-0.4754244525	0.8228153707	0.8205799266	0.9930786487	0.8194782507	-0.5011951265	0.8194782507	-0.502143028	0.9654571565	-0.502143028	0.8194782507	0.9654571565	0.8155496674	-0.5035377733	0.9584955492	0.8116818113	0.8116818113	-0.5110520102	-0.5232150113	0.2339112608	0.2289507355	0.9166188891	0.913206567	0.9166188891	0.2289507355	0.2289507355	-0.494304859	0.9166188891	0.7898346759	0.9166188891	-0.489630751	-0.4872878357	0.2339533648	0.2366845013	0.2366845013	0.2303867705	0.234840099	0.1821790839	0.2391719811	-0.05705833792	-0.05384412805	0.007890734961	-0.05199424782	0.005879254576	0.01927552794
chr11_2082423_C_T	0.01364979966	0.2665756116	0.3218412345	0.09189545774	0.08964961604	0.3218412345	0.3196908061	0.3218412345	0.3218412345	0.1928157454	0.0869812099	0.6709664927	0.1928157454	0.09557501941	0.1111933358	0.1111933358	0.1111933358	0.4833526811	0.4833526811	0.9922313102	0.2977563533	0.5517112065	0.5517112065	0.9948184927	0.9948184927	0.9948184927	0.9948184927	0.2977563533	0.9922313102	0.9974138853	0.2355203383	0.2672221738	0.2611576192	0.5681466964	0.9974138853	0.9670235377	0.9948370033	0.2641355435	0.6793740806	0.2641355435	1	0.9974138853	0.9974138853	0.9948049987	0.6780107798	0.9948049987	0.5657928688	0.9948049987	0.9948049987	0.4859733349	0.9948049987	0.9922053736	0.4103760735	0.2551320503	0.3429521495	0.5657928688	0.3429521495	0.3458288374	0.270192125	0.3498191488	0.428240981	0.3498191488	0.4298925974	0.2560810772	0.4298925974	0.3498191488	0.2560810772	0.3546828596	0.4294537699	0.2481331219	0.3549853729	0.3549853729	0.4219201356	0.5234259702	0.8534038216	0.8473847253	0.2581777474	0.2551563271	0.2581777474	0.8473847253	0.8473847253	0.4209739673	0.2581777474	0.3382233015	0.2581777474	0.4231921566	0.4126852356	0.8209581482	0.8302566191	0.8302566191	0.8248139099	0.8240267231	0.6341335408	0.6943490981	0.5483811187	0.5523832912	0.6180476598	0.5460168268	0.6133135301	0.5427303468
chr11_2082702_C_CA	0.01461753421	0.2640841831	0.3199153133	0.09461143789	0.09237553248	0.3199153133	0.3177734097	0.3199153133	0.3199153133	0.1950447603	0.08969617728	0.6683278591	0.1950447603	0.09830397005	0.1139552377	0.1139552377	0.1139552377	0.4785684784	0.4785684784	0.9896327136	0.3001112332	0.5467748825	0.5467748825	0.9922313102	0.9922313102	0.9922313102	0.9922313102	0.3001112332	0.9948163568	0.9948163568	0.2376039742	0.2694175675	0.2633713964	0.563361708	0.9948163568	0.9643240906	0.9922280292	0.26635977	0.6754052243	0.26635977	0.9974138853	1	1	0.9974128714	0.6785956751	0.9974128714	0.5656137888	0.9974128714	0.9974128714	0.4852681094	0.9974128714	0.9948028516	0.4135181531	0.25736427	0.3456877631	0.5656137888	0.3456877631	0.3485756611	0.2723979411	0.3525496983	0.4237716554	0.3525496983	0.4254419377	0.2582358144	0.4254419377	0.3525496983	0.2582358144	0.3574400032	0.4249853613	0.2502710646	0.3577406887	0.3577406887	0.4174310518	0.5196344582	0.8510425775	0.8450078065	0.2603810876	0.2573688675	0.2603810876	0.8450078065	0.8450078065	0.4165756846	0.2603810876	0.340932867	0.2603810876	0.4187929959	0.4082831487	0.8186025667	0.8279276753	0.8279276753	0.8224838444	0.821675967	0.6308303789	0.6917467144	0.5448332771	0.54883508	0.6149868197	0.5424537373	0.610249069	0.5392988647
chr11_2083709_C_T	0.01461753421	0.2640841831	0.3199153133	0.09461143789	0.09237553248	0.3199153133	0.3177734097	0.3199153133	0.3199153133	0.1950447603	0.08969617728	0.6683278591	0.1950447603	0.09830397005	0.1139552377	0.1139552377	0.1139552377	0.4785684784	0.4785684784	0.9896327136	0.3001112332	0.5467748825	0.5467748825	0.9922313102	0.9922313102	0.9922313102	0.9922313102	0.3001112332	0.9948163568	0.9948163568	0.2376039742	0.2694175675	0.2633713964	0.563361708	0.9948163568	0.9643240906	0.9922280292	0.26635977	0.6754052243	0.26635977	0.9974138853	1	1	0.9974128714	0.6785956751	0.9974128714	0.5656137888	0.9974128714	0.9974128714	0.4852681094	0.9974128714	0.9948028516	0.4135181531	0.25736427	0.3456877631	0.5656137888	0.3456877631	0.3485756611	0.2723979411	0.3525496983	0.4237716554	0.3525496983	0.4254419377	0.2582358144	0.4254419377	0.3525496983	0.2582358144	0.3574400032	0.4249853613	0.2502710646	0.3577406887	0.3577406887	0.4174310518	0.5196344582	0.8510425775	0.8450078065	0.2603810876	0.2573688675	0.2603810876	0.8450078065	0.8450078065	0.4165756846	0.2603810876	0.340932867	0.2603810876	0.4187929959	0.4082831487	0.8186025667	0.8279276753	0.8279276753	0.8224838444	0.821675967	0.6308303789	0.6917467144	0.5448332771	0.54883508	0.6149868197	0.5424537373	0.610249069	0.5392988647
chr11_2084014_C_T	0.01372108069	0.2627136403	0.3184862979	0.09731525849	0.09505883343	0.3184862979	0.3163221165	0.3184862979	0.3184862979	0.1938226543	0.0923753478	0.6690711693	0.1938226543	0.09607412461	0.1166153282	0.1166153282	0.1166153282	0.4766817316	0.4766817316	0.986993593	0.2993112758	0.5451546009	0.5451546009	0.9895964329	0.9895964329	0.9895964329	0.9895964329	0.2993112758	0.9922032322	0.9922032322	0.2367502562	0.2686176428	0.2625214183	0.5618149075	0.9922032322	0.9616807096	0.9896106377	0.2655148938	0.673751331	0.2655148938	0.9948049987	0.9974128714	0.9974128714	1	0.6769587634	1	0.5640764377	1	1	0.4838845932	1	0.9973867993	0.4173492305	0.2624854606	0.3501103608	0.5640764377	0.3501103608	0.3530020711	0.2716031035	0.35164595	0.4211116204	0.35164595	0.4227905223	0.2574183659	0.4227905223	0.35164595	0.2574183659	0.3565350597	0.4223511081	0.2494289054	0.3568391528	0.3568391528	0.4147389156	0.5168170636	0.8469911577	0.846344335	0.2655645444	0.2625214183	0.2655645444	0.846344335	0.846344335	0.4138801802	0.2655645444	0.3453275863	0.2655645444	0.4160689361	0.4054863168	0.819743882	0.8291211956	0.8291211956	0.8236500638	0.8228611898	0.6324995184	0.6927178737	0.5420832255	0.5460805677	0.6115072265	0.539669647	0.6067105556	0.5362108513
chr11_2084913_T_C	-0.01437053324	0.4003454321	0.4615150584	-0.3808271162	-0.3813375798	0.4615150584	0.4613157929	0.4615150584	0.4615150584	0.3051683547	-0.3808271162	0.4372688349	0.3051683547	-0.3030176233	-0.3433905104	-0.3433905104	-0.3433905104	0.7231375215	0.7231375215	0.6740259154	-0.4519156298	0.8307564922	0.8307564922	0.6734419618	0.6734419618	0.6734419618	0.6734419618	-0.4519156298	0.6740259154	0.6740259154	-0.4889884769	-0.5166280566	-0.5272204698	0.8561266752	0.6740259154	0.6448432934	0.6700463447	-0.527226218	0.9979942652	-0.527226218	0.6780107798	0.6785956751	0.6785956751	0.6769587634	1	0.6769587634	0.8609231154	0.6769587634	0.6769587634	0.7612249472	0.6769587634	0.6775472289	-0.1659701616	-0.5325212359	-0.3222707137	0.8609231154	-0.3222707137	-0.3180213191	-0.5166287708	-0.3136783924	0.7555172577	-0.3136783924	0.757712074	-0.5080649874	0.757712074	-0.3136783924	-0.5080649874	-0.3063734872	0.7583724228	-0.5097814597	-0.3031609431	-0.3031609431	0.7574389105	0.856807384	0.5720059606	0.5704659973	-0.4689569721	-0.4690121318	-0.4689569721	0.5704659973	0.5704659973	0.7439228129	-0.4689569721	-0.3013298339	-0.4689569721	0.7423156688	0.7312650725	0.5433756396	0.5495151629	0.5495151629	0.5495151629	0.5454093376	0.4172949235	0.4275661479	0.5237911171	0.524869636	0.5361426751	0.5178343309	0.5334988343	0.4607425333
chr11_2086132_G_A	0.01372108069	0.2627136403	0.3184862979	0.09731525849	0.09505883343	0.3184862979	0.3163221165	0.3184862979	0.3184862979	0.1938226543	0.0923753478	0.6690711693	0.1938226543	0.09607412461	0.1166153282	0.1166153282	0.1166153282	0.4766817316	0.4766817316	0.986993593	0.2993112758	0.5451546009	0.5451546009	0.9895964329	0.9895964329	0.9895964329	0.9895964329	0.2993112758	0.9922032322	0.9922032322	0.2367502562	0.2686176428	0.2625214183	0.5618149075	0.9922032322	0.9616807096	0.9896106377	0.2655148938	0.673751331	0.2655148938	0.9948049987	0.9974128714	0.9974128714	1	0.6769587634	1	0.5640764377	1	1	0.4838845932	1	0.9973867993	0.4173492305	0.2624854606	0.3501103608	0.5640764377	0.3501103608	0.3530020711	0.2716031035	0.35164595	0.4211116204	0.35164595	0.4227905223	0.2574183659	0.4227905223	0.35164595	0.2574183659	0.3565350597	0.4223511081	0.2494289054	0.3568391528	0.3568391528	0.4147389156	0.5168170636	0.8469911577	0.846344335	0.2655645444	0.2625214183	0.2655645444	0.846344335	0.846344335	0.4138801802	0.2655645444	0.3453275863	0.2655645444	0.4160689361	0.4054863168	0.819743882	0.8291211956	0.8291211956	0.8236500638	0.8228611898	0.6324995184	0.6927178737	0.5420832255	0.5460805677	0.6115072265	0.539669647	0.6067105556	0.5362108513
chr11_2087220_T_C	-9.203930688e-05	0.4753657247	0.5358522835	-0.469100765	-0.4689290304	0.5358522835	0.5364067277	0.5358522835	0.5358522835	0.3848964265	-0.469100765	0.4549989237	0.3848964265	-0.3926116847	-0.4699488046	-0.4699488046	-0.4699488046	0.815566431	0.815566431	0.5702615554	-0.4302735588	0.9749429446	0.9749429446	0.5657928688	0.5657928688	0.5657928688	0.5657928688	-0.4302735588	0.5656137888	0.5656137888	-0.4401838257	-0.467071174	-0.4762265043	0.9958794296	0.5656137888	0.5797681702	0.5654404887	-0.4754244525	0.8597938978	-0.4754244525	0.5657928688	0.5656137888	0.5656137888	0.5640764377	0.8609231154	0.5640764377	1	0.5640764377	0.5640764377	0.8932131301	0.5640764377	0.5685687249	-0.4035207944	-0.4800026134	-0.5460295645	1	-0.5460295645	-0.540936538	-0.4662625893	-0.5400595205	0.9053260008	-0.5400595205	0.9079569205	-0.4522647248	0.9079569205	-0.5400595205	-0.4522647248	-0.5330852931	0.9072608906	-0.4490035864	-0.5421585329	-0.5421585329	0.8775785274	0.7632642917	0.4653872818	0.4680349736	-0.4608753039	-0.4600805127	-0.4608753039	0.4680349736	0.4680349736	0.8661138363	-0.4608753039	-0.538596365	-0.4608753039	0.8621401448	0.8559845632	0.4478154989	0.4456608387	0.4456608387	0.4505418952	0.4497215413	0.4309356211	0.3386550399	0.5161497314	0.5137618113	0.4357489828	0.5141276316	0.4333402574	0.3489588159
chr11_2087727_T_G	0.01372108069	0.2627136403	0.3184862979	0.09731525849	0.09505883343	0.3184862979	0.3163221165	0.3184862979	0.3184862979	0.1938226543	0.0923753478	0.6690711693	0.1938226543	0.09607412461	0.1166153282	0.1166153282	0.1166153282	0.4766817316	0.4766817316	0.986993593	0.2993112758	0.5451546009	0.5451546009	0.9895964329	0.9895964329	0.9895964329	0.9895964329	0.2993112758	0.9922032322	0.9922032322	0.2367502562	0.2686176428	0.2625214183	0.5618149075	0.9922032322	0.9616807096	0.9896106377	0.2655148938	0.673751331	0.2655148938	0.9948049987	0.9974128714	0.9974128714	1	0.6769587634	1	0.5640764377	1	1	0.4838845932	1	0.9973867993	0.4173492305	0.2624854606	0.3501103608	0.5640764377	0.3501103608	0.3530020711	0.2716031035	0.35164595	0.4211116204	0.35164595	0.4227905223	0.2574183659	0.4227905223	0.35164595	0.2574183659	0.3565350597	0.4223511081	0.2494289054	0.3568391528	0.3568391528	0.4147389156	0.5168170636	0.8469911577	0.846344335	0.2655645444	0.2625214183	0.2655645444	0.846344335	0.846344335	0.4138801802	0.2655645444	0.3453275863	0.2655645444	0.4160689361	0.4054863168	0.819743882	0.8291211956	0.8291211956	0.8236500638	0.8228611898	0.6324995184	0.6927178737	0.5420832255	0.5460805677	0.6115072265	0.539669647	0.6067105556	0.5362108513
chr11_2087911_T_C	0.01372108069	0.2627136403	0.3184862979	0.09731525849	0.09505883343	0.3184862979	0.3163221165	0.3184862979	0.3184862979	0.1938226543	0.0923753478	0.6690711693	0.1938226543	0.09607412461	0.1166153282	0.1166153282	0.1166153282	0.4766817316	0.4766817316	0.986993593	0.2993112758	0.5451546009	0.5451546009	0.9895964329	0.9895964329	0.9895964329	0.9895964329	0.2993112758	0.9922032322	0.9922032322	0.2367502562	0.2686176428	0.2625214183	0.5618149075	0.9922032322	0.9616807096	0.9896106377	0.2655148938	0.673751331	0.2655148938	0.9948049987	0.9974128714	0.9974128714	1	0.6769587634	1	0.5640764377	1	1	0.4838845932	1	0.9973867993	0.4173492305	0.2624854606	0.3501103608	0.5640764377	0.3501103608	0.3530020711	0.2716031035	0.35164595	0.4211116204	0.35164595	0.4227905223	0.2574183659	0.4227905223	0.35164595	0.2574183659	0.3565350597	0.4223511081	0.2494289054	0.3568391528	0.3568391528	0.4147389156	0.5168170636	0.8469911577	0.846344335	0.2655645444	0.2625214183	0.2655645444	0.846344335	0.846344335	0.4138801802	0.2655645444	0.3453275863	0.2655645444	0.4160689361	0.4054863168	0.819743882	0.8291211956	0.8291211956	0.8236500638	0.8228611898	0.6324995184	0.6927178737	0.5420832255	0.5460805677	0.6115072265	0.539669647	0.6067105556	0.5362108513
chr11_2088229_C_T	0.002042031745	0.4463386635	0.342672058	-0.4090722861	-0.4084032229	0.342672058	0.3436226258	0.342672058	0.342672058	0.3384443815	-0.4090722861	0.3650411496	0.3384443815	-0.3503433294	-0.4148142216	-0.4148142216	-0.4148142216	0.6867882167	0.6867882167	0.4852681094	-0.3957453034	0.868784425	0.868784425	0.4813708121	0.4813708121	0.4813708121	0.4813708121	-0.3957453034	0.4806646381	0.4852681094	-0.40772974	-0.4309544391	-0.4388981937	0.8904987009	0.4852681094	0.5035498421	0.4845676095	-0.4375425528	0.7607052434	-0.4375425528	0.4859733349	0.4852681094	0.4852681094	0.4838845932	0.7612249472	0.4838845932	0.8932131301	0.4838845932	0.4838845932	1	0.4838845932	0.4878032955	-0.5890671771	-0.4415164334	-0.5031475801	0.8932131301	-0.5031475801	-0.4975750712	-0.4295910823	-0.498086078	0.8190059671	-0.498086078	0.8222263796	-0.4198453681	0.8222263796	-0.498086078	-0.4198453681	-0.4904385953	0.8206316685	-0.4168179954	-0.5026593998	-0.5026593998	0.7867586445	0.6858940135	0.4020070652	0.4042941727	-0.4349270244	-0.4335674893	-0.4349270244	0.4042941727	0.4042941727	0.7785002115	-0.4349270244	-0.5012325054	-0.4349270244	0.7710086559	0.7693196184	0.3860431881	0.3847638585	0.3847638585	0.3895983964	0.3877349545	0.4789311049	0.4172271557	0.555844977	0.5540570287	0.4974556266	0.5540220353	0.4958071838	0.4793658426
chr11_2089861_A_G	0.01372108069	0.2627136403	0.3184862979	0.09731525849	0.09505883343	0.3184862979	0.3163221165	0.3184862979	0.3184862979	0.1938226543	0.0923753478	0.6690711693	0.1938226543	0.09607412461	0.1166153282	0.1166153282	0.1166153282	0.4766817316	0.4766817316	0.986993593	0.2993112758	0.5451546009	0.5451546009	0.9895964329	0.9895964329	0.9895964329	0.9895964329	0.2993112758	0.9922032322	0.9922032322	0.2367502562	0.2686176428	0.2625214183	0.5618149075	0.9922032322	0.9616807096	0.9896106377	0.2655148938	0.673751331	0.2655148938	0.9948049987	0.9974128714	0.9974128714	1	0.6769587634	1	0.5640764377	1	1	0.4838845932	1	0.9973867993	0.4173492305	0.2624854606	0.3501103608	0.5640764377	0.3501103608	0.3530020711	0.2716031035	0.35164595	0.4211116204	0.35164595	0.4227905223	0.2574183659	0.4227905223	0.35164595	0.2574183659	0.3565350597	0.4223511081	0.2494289054	0.3568391528	0.3568391528	0.4147389156	0.5168170636	0.8469911577	0.846344335	0.2655645444	0.2625214183	0.2655645444	0.846344335	0.846344335	0.4138801802	0.2655645444	0.3453275863	0.2655645444	0.4160689361	0.4054863168	0.819743882	0.8291211956	0.8291211956	0.8236500638	0.8228611898	0.6324995184	0.6927178737	0.5420832255	0.5460805677	0.6115072265	0.539669647	0.6067105556	0.5362108513
chr11_2090336_T_G	0.01469390059	0.2654638381	0.3215866468	0.090164777	0.08791604559	0.3215866468	0.3194335532	0.3215866468	0.3215866468	0.1960637326	0.08522383759	0.666419082	0.1960637326	0.09308584869	0.1097082394	0.1097082394	0.1097082394	0.4810686636	0.4810686636	0.9895921276	0.2957624438	0.5496313985	0.5496313985	0.9869957232	0.9869957232	0.9869957232	0.9869957232	0.2957624438	0.9895921276	0.9895921276	0.2324934233	0.2647792389	0.2587134396	0.5663048785	0.9895921276	0.9589670935	0.9869880217	0.2617232536	0.674347524	0.2617232536	0.9922053736	0.9948028516	0.9948028516	0.9973867993	0.6775472289	0.9973867993	0.5685687249	0.9973867993	0.9973867993	0.4878032955	0.9973867993	1	0.4156784959	0.2587088181	0.3474937396	0.5685687249	0.3474937396	0.3503967249	0.267781213	0.348993173	0.4259855655	0.348993173	0.4276645739	0.2534057849	0.4276645739	0.348993173	0.2534057849	0.3538788601	0.4272056123	0.2454439806	0.3542703675	0.3542703675	0.4196118368	0.5176770591	0.8446171658	0.8494223806	0.2617413964	0.2587134396	0.2617413964	0.8494223806	0.8494223806	0.4187520009	0.2617413964	0.3427140025	0.2617413964	0.4163133317	0.4104161423	0.822879192	0.8267807466	0.8267807466	0.8267807466	0.8259686486	0.6341260259	0.690102306	0.5476796495	0.5471077319	0.6133146988	0.5452876782	0.6085332833	0.5374384977
chr11_2090456_T_G	0.01052614879	-0.2187702759	-0.0592923762	0.5077321787	0.5049499592	-0.0592923762	-0.0622789493	-0.0592923762	-0.0592923762	-0.1690695813	0.5031749923	0.236131809	-0.1690695813	0.4491021068	0.5317134227	0.5317134227	0.5317134227	-0.2687728732	-0.2687728732	0.4087121356	0.6838222609	-0.3953849514	-0.3953849514	0.4103760735	0.4103760735	0.4103760735	0.4103760735	0.6838222609	0.4135181531	0.4087121356	0.6382185467	0.6921457811	0.6948261658	-0.4028133112	0.4087121356	0.3614682714	0.4070517257	0.6961778072	-0.1683933632	0.6961778072	0.4103760735	0.4135181531	0.4135181531	0.4173492305	-0.1659701616	0.4173492305	-0.4035207944	0.4173492305	0.4173492305	-0.5890671771	0.4173492305	0.4156784959	1	0.6975370914	0.843319152	-0.4035207944	0.843319152	0.840169133	0.6934821594	0.8394239336	-0.4579153885	0.8394239336	-0.4597458819	0.6700933921	-0.4597458819	0.8394239336	0.6700933921	0.8359224707	-0.4584879488	0.6596034451	0.8490438254	0.8490438254	-0.4301108125	-0.234986949	0.3616749152	0.3637325642	0.6934821594	0.689260918	0.6934821594	0.3637325642	0.3637325642	-0.4223664414	0.6934821594	0.8369345593	0.6934821594	-0.4210983366	-0.4247830529	0.3532049128	0.3581440779	0.3581440779	0.3530968272	0.3543145026	0.08349262989	0.1986144476	-0.07599064521	-0.07466228863	0.0447871614	-0.07629704192	0.04208308897	-0.005789847438
chr11_2093065_C_T	0.0346191169	-0.222741625	-0.2387980508	0.6111823735	0.6092567341	-0.2387980508	-0.241025597	-0.2387980508	-0.2387980508	-0.1771867986	0.6055015262	0.1961582157	-0.1771867986	0.5077455168	0.5842972332	0.5842972332	0.5842972332	-0.3998663901	-0.3998663901	0.2513732376	0.9366739977	-0.4622135795	-0.4622135795	0.2551320503	0.2551320503	0.2551320503	0.2551320503	0.9366739977	0.25736427	0.25736427	0.9133325896	0.9862157198	0.9930919567	-0.4763151358	0.25736427	0.2605225904	0.2596000973	0.9965419592	-0.5335801985	0.9965419592	0.2551320503	0.25736427	0.25736427	0.2624854606	-0.5325212359	0.2624854606	-0.4800026134	0.2624854606	0.2624854606	-0.4415164334	0.2624854606	0.2587088181	0.6975370914	1	0.8251257471	-0.4800026134	0.8251257471	0.8228801563	0.9896499056	0.8156269801	-0.5062218394	0.8156269801	-0.5071685606	0.9621103355	-0.5071685606	0.8156269801	0.9621103355	0.8116725522	-0.5085396109	0.9551728611	0.8078105563	0.8078105563	-0.5160697048	-0.5289546218	0.2241217448	0.2253968233	0.9202070868	0.916779838	0.9202070868	0.2253968233	0.2253968233	-0.4993374086	0.9202070868	0.7921717561	0.9202070868	-0.4947133683	-0.4923957542	0.23032249	0.2330572865	0.2330572865	0.2267655403	0.2312411498	0.1802873237	0.2360720737	-0.06330881523	-0.06012586865	0.0003349817202	-0.05827495822	-0.00171502126	0.01259577685
chr11_2093603_C_A	0.02709499589	-0.2571480544	-0.2694560739	0.6343874102	0.6320068722	-0.2694560739	-0.2721683028	-0.2694560739	-0.2694560739	-0.2203172887	0.6293234255	0.1922877978	-0.2203172887	0.5095336629	0.6019247645	0.6019247645	0.6019247645	-0.4196176123	-0.4196176123	0.3403472752	0.8016300209	-0.532294369	-0.532294369	0.3429521495	0.3429521495	0.3429521495	0.3429521495	0.8016300209	0.3456877631	0.3456877631	0.749703762	0.8159301592	0.8205126768	-0.5434819596	0.3456877631	0.3554084742	0.3430864674	0.8228153707	-0.324096137	0.8228153707	0.3429521495	0.3456877631	0.3456877631	0.3501103608	-0.3222707137	0.3501103608	-0.5460295645	0.3501103608	0.3501103608	-0.5031475801	0.3501103608	0.3474937396	0.843319152	0.8251257471	1	-0.5460295645	1	0.9972544301	0.8182176209	0.9945047011	-0.5832037355	0.9945047011	-0.5844324292	0.792709158	-0.5844324292	0.9945047011	0.792709158	0.9861583005	-0.5843353472	0.786993182	0.9480775596	0.9480775596	-0.56273682	-0.3276250713	0.3106760281	0.3124435331	0.7501251187	0.7463028635	0.7501251187	0.3124435331	0.3124435331	-0.5500298471	0.7501251187	0.9316189489	0.7501251187	-0.5476644536	-0.5464847278	0.3088770728	0.3099865811	0.3099865811	0.3043780328	0.3098381186	0.1275101599	0.3003836824	-0.06762785128	-0.06545857681	0.09849063072	-0.06318573518	0.09636393932	0.1204298597
chr11_2093897_G_A	-9.203930688e-05	0.4753657247	0.5358522835	-0.469100765	-0.4689290304	0.5358522835	0.5364067277	0.5358522835	0.5358522835	0.3848964265	-0.469100765	0.4549989237	0.3848964265	-0.3926116847	-0.4699488046	-0.4699488046	-0.4699488046	0.815566431	0.815566431	0.5702615554	-0.4302735588	0.9749429446	0.9749429446	0.5657928688	0.5657928688	0.5657928688	0.5657928688	-0.4302735588	0.5656137888	0.5656137888	-0.4401838257	-0.467071174	-0.4762265043	0.9958794296	0.5656137888	0.5797681702	0.5654404887	-0.4754244525	0.8597938978	-0.4754244525	0.5657928688	0.5656137888	0.5656137888	0.5640764377	0.8609231154	0.5640764377	1	0.5640764377	0.5640764377	0.8932131301	0.5640764377	0.5685687249	-0.4035207944	-0.4800026134	-0.5460295645	1	-0.5460295645	-0.540936538	-0.4662625893	-0.5400595205	0.9053260008	-0.5400595205	0.9079569205	-0.4522647248	0.9079569205	-0.5400595205	-0.4522647248	-0.5330852931	0.9072608906	-0.4490035864	-0.5421585329	-0.5421585329	0.8775785274	0.7632642917	0.4653872818	0.4680349736	-0.4608753039	-0.4600805127	-0.4608753039	0.4680349736	0.4680349736	0.8661138363	-0.4608753039	-0.538596365	-0.4608753039	0.8621401448	0.8559845632	0.4478154989	0.4456608387	0.4456608387	0.4505418952	0.4497215413	0.4309356211	0.3386550399	0.5161497314	0.5137618113	0.4357489828	0.5141276316	0.4333402574	0.3489588159
chr11_2094303_C_T	0.02709499589	-0.2571480544	-0.2694560739	0.6343874102	0.6320068722	-0.2694560739	-0.2721683028	-0.2694560739	-0.2694560739	-0.2203172887	0.6293234255	0.1922877978	-0.2203172887	0.5095336629	0.6019247645	0.6019247645	0.6019247645	-0.4196176123	-0.4196176123	0.3403472752	0.8016300209	-0.532294369	-0.532294369	0.3429521495	0.3429521495	0.3429521495	0.3429521495	0.8016300209	0.3456877631	0.3456877631	0.749703762	0.8159301592	0.8205126768	-0.5434819596	0.3456877631	0.3554084742	0.3430864674	0.8228153707	-0.324096137	0.8228153707	0.3429521495	0.3456877631	0.3456877631	0.3501103608	-0.3222707137	0.3501103608	-0.5460295645	0.3501103608	0.3501103608	-0.5031475801	0.3501103608	0.3474937396	0.843319152	0.8251257471	1	-0.5460295645	1	0.9972544301	0.8182176209	0.9945047011	-0.5832037355	0.9945047011	-0.5844324292	0.792709158	-0.5844324292	0.9945047011	0.792709158	0.9861583005	-0.5843353472	0.786993182	0.9480775596	0.9480775596	-0.56273682	-0.3276250713	0.3106760281	0.3124435331	0.7501251187	0.7463028635	0.7501251187	0.3124435331	0.3124435331	-0.5500298471	0.7501251187	0.9316189489	0.7501251187	-0.5476644536	-0.5464847278	0.3088770728	0.3099865811	0.3099865811	0.3043780328	0.3098381186	0.1275101599	0.3003836824	-0.06762785128	-0.06545857681	0.09849063072	-0.06318573518	0.09636393932	0.1204298597
chr11_2094599_G_A	0.02610087817	-0.2491386126	-0.2622414327	0.6316087625	0.6292175107	-0.2622414327	-0.2649603144	-0.2622414327	-0.2622414327	-0.2165058214	0.6265447778	0.1951487321	-0.2165058214	0.5067424335	0.599102903	0.599102903	0.599102903	-0.4145860239	-0.4145860239	0.3432351732	0.7992671087	-0.5270915423	-0.5270915423	0.3458288374	0.3458288374	0.3458288374	0.3458288374	0.7992671087	0.3485756611	0.3485756611	0.7476070868	0.8137250758	0.8182873659	-0.538431558	0.3485756611	0.358394922	0.3459856102	0.8205799266	-0.3198629455	0.8205799266	0.3458288374	0.3485756611	0.3485756611	0.3530020711	-0.3180213191	0.3530020711	-0.540936538	0.3530020711	0.3530020711	-0.4975750712	0.3530020711	0.3503967249	0.840169133	0.8228801563	0.9972544301	-0.540936538	0.9972544301	1	0.8160024301	0.9917658066	-0.5785082531	0.9917658066	-0.5797558268	0.7905435955	-0.5797558268	0.9917658066	0.7905435955	0.9833930399	-0.579640552	0.7848432348	0.9453142463	0.9453142463	-0.5628324487	-0.3283961779	0.3077187911	0.3094694717	0.747909928	0.7440775527	0.747909928	0.3094694717	0.3094694717	-0.5501718782	0.747909928	0.9288992113	0.747909928	-0.5478261328	-0.5466562996	0.3058386435	0.306953728	0.306953728	0.3013451797	0.3068288995	0.1259781431	0.2978229854	-0.06855208614	-0.06639476927	0.09676866214	-0.06411369657	0.09462531163	0.1192860858
chr11_2095273_C_T	0.03807498862	-0.2201235855	-0.2348036193	0.6109407275	0.609043018	-0.2348036193	-0.2370006282	-0.2348036193	-0.2348036193	-0.1769141746	0.6052433864	0.2057526324	-0.1769141746	0.5120315522	0.5843507848	0.5843507848	0.5843507848	-0.3914976674	-0.3914976674	0.2663895143	0.9405464389	-0.4539042515	-0.4539042515	0.270192125	0.270192125	0.270192125	0.270192125	0.9405464389	0.2723979411	0.2723979411	0.915736825	0.9895503319	0.9895709869	-0.4625707886	0.2723979411	0.2751716151	0.2746075095	0.9930786487	-0.5176874119	0.9930786487	0.270192125	0.2723979411	0.2723979411	0.2716031035	-0.5166287708	0.2716031035	-0.4662625893	0.2716031035	0.2716031035	-0.4295910823	0.2716031035	0.267781213	0.6934821594	0.9896499056	0.8182176209	-0.4662625893	0.8182176209	0.8160024301	1	0.814789873	-0.4911346951	0.814789873	-0.4920850058	0.9579627941	-0.4920850058	0.814789873	0.9579627941	0.8108433864	-0.4935273405	0.9510552263	0.8071694337	0.8071694337	-0.5010101041	-0.5117256196	0.2410216734	0.2360893305	0.9094622286	0.9060796955	0.9094622286	0.2360893305	0.2360893305	-0.4842324155	0.9094622286	0.7851819038	0.9094622286	-0.4794576742	-0.477063906	0.2412465533	0.2439704696	0.2439704696	0.2376604559	0.2420692902	0.1859816528	0.2454003826	-0.05508996287	-0.05184257782	0.01178079774	-0.05000761073	0.009802879597	0.02188677526
chr11_2095799_A_G	0.007848442909	-0.2530272006	-0.264706107	0.628239668	0.6258638507	-0.264706107	-0.2674096898	-0.264706107	-0.264706107	-0.2170107221	0.6231474199	0.1931729036	-0.2170107221	0.512083911	0.5959876229	0.5959876229	0.5959876229	-0.4131216776	-0.4131216776	0.3471794037	0.7986606404	-0.5262714709	-0.5262714709	0.3498191488	0.3498191488	0.3498191488	0.3498191488	0.7986606404	0.3525496983	0.3525496983	0.7450120562	0.8124568876	0.817130312	-0.5375015002	0.3525496983	0.3620991181	0.3499135942	0.8194782507	-0.3155119803	0.8194782507	0.3498191488	0.3525496983	0.3525496983	0.35164595	-0.3136783924	0.35164595	-0.5400595205	0.35164595	0.35164595	-0.498086078	0.35164595	0.348993173	0.8394239336	0.8156269801	0.9945047011	-0.5400595205	0.9945047011	0.9917658066	0.814789873	1	-0.5765931123	1	-0.5778291647	0.7951204261	-0.5778291647	1	0.7951204261	0.9916289523	-0.5777716445	0.7893870633	0.9534237403	0.9534237403	-0.5560113403	-0.3182724121	0.3239596992	0.3201686873	0.746317328	0.7425063134	0.746317328	0.3201686873	0.3201686873	-0.5432353461	0.746317328	0.9312830975	0.746317328	-0.5407749534	-0.5395472754	0.3167117756	0.3178162619	0.3178162619	0.3121764108	0.317619439	0.1313029639	0.307210184	-0.05670237678	-0.05447042276	0.1075380847	-0.05218989425	0.1054525204	0.1282234043
chr11_2095814_GACA_G	-0.0002583594388	0.4528059117	0.4971066394	-0.517091495	-0.5173079641	0.4971066394	0.4972571766	0.4971066394	0.4971066394	0.3647666126	-0.517091495	0.3268563849	0.3647666126	-0.4316894365	-0.5163791061	-0.5163791061	-0.5163791061	0.7514449669	0.7514449669	0.4330906115	-0.4670991376	0.8898174383	0.8898174383	0.428240981	0.428240981	0.428240981	0.428240981	-0.4670991376	0.4237716554	0.4284311334	-0.4574745002	-0.4915068117	-0.5015617065	0.9050942324	0.4284311334	0.4422995715	0.4286258014	-0.5011951265	0.7583092671	-0.5011951265	0.428240981	0.4237716554	0.4237716554	0.4211116204	0.7555172577	0.4211116204	0.9053260008	0.4211116204	0.4211116204	0.8190059671	0.4211116204	0.4259855655	-0.4579153885	-0.5062218394	-0.5832037355	0.9053260008	-0.5832037355	-0.5785082531	-0.4911346951	-0.5765931123	1	-0.5765931123	0.9979161584	-0.4738693305	0.9979161584	-0.5765931123	-0.4738693305	-0.5702128318	0.9979169193	-0.464966814	-0.5708043627	-0.5708043627	0.9685305967	0.8365267802	0.5354602097	0.5385065618	-0.4803329745	-0.4745839125	-0.4803329745	0.5385065618	0.5385065618	0.9543873428	-0.4803329745	-0.5703743765	-0.4803329745	0.9500700495	0.9437327503	0.5170083975	0.5140553004	0.5140553004	0.5189486562	0.5189327021	0.4674341028	0.3609899863	0.5483289054	0.545670461	0.4508721512	0.5464262137	0.4481367867	0.378037732
chr11_2095968_T_C	0.007848442909	-0.2530272006	-0.264706107	0.628239668	0.6258638507	-0.264706107	-0.2674096898	-0.264706107	-0.264706107	-0.2170107221	0.6231474199	0.1931729036	-0.2170107221	0.512083911	0.5959876229	0.5959876229	0.5959876229	-0.4131216776	-0.4131216776	0.3471794037	0.7986606404	-0.5262714709	-0.5262714709	0.3498191488	0.3498191488	0.3498191488	0.3498191488	0.7986606404	0.3525496983	0.3525496983	0.7450120562	0.8124568876	0.817130312	-0.5375015002	0.3525496983	0.3620991181	0.3499135942	0.8194782507	-0.3155119803	0.8194782507	0.3498191488	0.3525496983	0.3525496983	0.35164595	-0.3136783924	0.35164595	-0.5400595205	0.35164595	0.35164595	-0.498086078	0.35164595	0.348993173	0.8394239336	0.8156269801	0.9945047011	-0.5400595205	0.9945047011	0.9917658066	0.814789873	1	-0.5765931123	1	-0.5778291647	0.7951204261	-0.5778291647	1	0.7951204261	0.9916289523	-0.5777716445	0.7893870633	0.9534237403	0.9534237403	-0.5560113403	-0.3182724121	0.3239596992	0.3201686873	0.746317328	0.7425063134	0.746317328	0.3201686873	0.3201686873	-0.5432353461	0.746317328	0.9312830975	0.746317328	-0.5407749534	-0.5395472754	0.3167117756	0.3178162619	0.3178162619	0.3121764108	0.317619439	0.1313029639	0.307210184	-0.05670237678	-0.05447042276	0.1075380847	-0.05218989425	0.1054525204	0.1282234043
chr11_2096707_G_A	-0.001123466086	0.4494981986	0.4934085408	-0.518480715	-0.5187060818	0.4934085408	0.4935484807	0.4934085408	0.4934085408	0.3620758611	-0.518480715	0.3286962858	0.3620758611	-0.4332597697	-0.5178073737	-0.5178073737	-0.5178073737	0.7543289871	0.7543289871	0.4347423264	-0.4629457736	0.8883627502	0.8883627502	0.4298925974	0.4298925974	0.4298925974	0.4298925974	-0.4629457736	0.4254419377	0.4300921321	-0.45838868	-0.4924475802	-0.5025000542	0.9076884985	0.4300921321	0.4440187499	0.4302962035	-0.502143028	0.7604844119	-0.502143028	0.4298925974	0.4254419377	0.4254419377	0.4227905223	0.757712074	0.4227905223	0.9079569205	0.4227905223	0.4227905223	0.8222263796	0.4227905223	0.4276645739	-0.4597458819	-0.5071685606	-0.5844324292	0.9079569205	-0.5844324292	-0.5797558268	-0.4920850058	-0.5778291647	0.9979161584	-0.5778291647	1	-0.4748108278	1	-0.5778291647	-0.4748108278	-0.5714845545	0.9958457188	-0.4659124521	-0.5720732112	-0.5720732112	0.9665175985	0.8383581565	0.5366693674	0.5397225988	-0.4813048069	-0.4755760115	-0.4813048069	0.5397225988	0.5397225988	0.9565092768	-0.4813048069	-0.5716061386	-0.4813048069	0.9522017832	0.9458777932	0.5182432408	0.5152738502	0.5152738502	0.5201574564	0.5201599499	0.4695832444	0.3627336819	0.5505205155	0.5478684393	0.4528339329	0.5486348564	0.4501063915	0.3804632059
chr11_2096919_G_A	0.0113694725	-0.2059617467	-0.2175277223	0.5923313729	0.5904750384	-0.2175277223	-0.2196694897	-0.2175277223	-0.2175277223	-0.1602256497	0.5865026171	0.19052522	-0.1602256497	0.5022130173	0.5609768226	0.5609768226	0.5609768226	-0.3871870721	-0.3871870721	0.2520887975	0.9072213515	-0.434331535	-0.434331535	0.2560810772	0.2560810772	0.2560810772	0.2560810772	0.9072213515	0.2582358144	0.2582358144	0.8812336739	0.9542258605	0.9617065247	-0.4484283253	0.2582358144	0.2662817183	0.2603941356	0.9654571565	-0.5090950522	0.9654571565	0.2560810772	0.2582358144	0.2582358144	0.2574183659	-0.5080649874	0.2574183659	-0.4522647248	0.2574183659	0.2574183659	-0.4198453681	0.2574183659	0.2534057849	0.6700933921	0.9621103355	0.792709158	-0.4522647248	0.792709158	0.7905435955	0.9579627941	0.7951204261	-0.4738693305	0.7951204261	-0.4748108278	1	-0.4748108278	0.7951204261	1	0.7909698273	-0.4764670299	0.9927893151	0.7819474264	0.7819474264	-0.4840030285	-0.5439867791	0.235336912	0.2302268293	0.943712623	0.9403522501	0.943712623	0.2302268293	0.2302268293	-0.4721656126	0.943712623	0.7653515	0.943712623	-0.4670030202	-0.4644137891	0.2358417532	0.2387915576	0.2387915576	0.2323359973	0.2366460577	0.2160493943	0.2374212646	-0.03163504293	-0.02815710654	-0.006667846294	-0.02633576695	-0.008671858142	0.005331859275
chr11_2097561_T_C	-0.001123466086	0.4494981986	0.4934085408	-0.518480715	-0.5187060818	0.4934085408	0.4935484807	0.4934085408	0.4934085408	0.3620758611	-0.518480715	0.3286962858	0.3620758611	-0.4332597697	-0.5178073737	-0.5178073737	-0.5178073737	0.7543289871	0.7543289871	0.4347423264	-0.4629457736	0.8883627502	0.8883627502	0.4298925974	0.4298925974	0.4298925974	0.4298925974	-0.4629457736	0.4254419377	0.4300921321	-0.45838868	-0.4924475802	-0.5025000542	0.9076884985	0.4300921321	0.4440187499	0.4302962035	-0.502143028	0.7604844119	-0.502143028	0.4298925974	0.4254419377	0.4254419377	0.4227905223	0.757712074	0.4227905223	0.9079569205	0.4227905223	0.4227905223	0.8222263796	0.4227905223	0.4276645739	-0.4597458819	-0.5071685606	-0.5844324292	0.9079569205	-0.5844324292	-0.5797558268	-0.4920850058	-0.5778291647	0.9979161584	-0.5778291647	1	-0.4748108278	1	-0.5778291647	-0.4748108278	-0.5714845545	0.9958457188	-0.4659124521	-0.5720732112	-0.5720732112	0.9665175985	0.8383581565	0.5366693674	0.5397225988	-0.4813048069	-0.4755760115	-0.4813048069	0.5397225988	0.5397225988	0.9565092768	-0.4813048069	-0.5716061386	-0.4813048069	0.9522017832	0.9458777932	0.5182432408	0.5152738502	0.5152738502	0.5201574564	0.5201599499	0.4695832444	0.3627336819	0.5505205155	0.5478684393	0.4528339329	0.5486348564	0.4501063915	0.3804632059
chr11_2097954_C_T	0.007848442909	-0.2530272006	-0.264706107	0.628239668	0.6258638507	-0.264706107	-0.2674096898	-0.264706107	-0.264706107	-0.2170107221	0.6231474199	0.1931729036	-0.2170107221	0.512083911	0.5959876229	0.5959876229	0.5959876229	-0.4131216776	-0.4131216776	0.3471794037	0.7986606404	-0.5262714709	-0.5262714709	0.3498191488	0.3498191488	0.3498191488	0.3498191488	0.7986606404	0.3525496983	0.3525496983	0.7450120562	0.8124568876	0.817130312	-0.5375015002	0.3525496983	0.3620991181	0.3499135942	0.8194782507	-0.3155119803	0.8194782507	0.3498191488	0.3525496983	0.3525496983	0.35164595	-0.3136783924	0.35164595	-0.5400595205	0.35164595	0.35164595	-0.498086078	0.35164595	0.348993173	0.8394239336	0.8156269801	0.9945047011	-0.5400595205	0.9945047011	0.9917658066	0.814789873	1	-0.5765931123	1	-0.5778291647	0.7951204261	-0.5778291647	1	0.7951204261	0.9916289523	-0.5777716445	0.7893870633	0.9534237403	0.9534237403	-0.5560113403	-0.3182724121	0.3239596992	0.3201686873	0.746317328	0.7425063134	0.746317328	0.3201686873	0.3201686873	-0.5432353461	0.746317328	0.9312830975	0.746317328	-0.5407749534	-0.5395472754	0.3167117756	0.3178162619	0.3178162619	0.3121764108	0.317619439	0.1313029639	0.307210184	-0.05670237678	-0.05447042276	0.1075380847	-0.05218989425	0.1054525204	0.1282234043
chr11_2098180_AC_A	0.0113694725	-0.2059617467	-0.2175277223	0.5923313729	0.5904750384	-0.2175277223	-0.2196694897	-0.2175277223	-0.2175277223	-0.1602256497	0.5865026171	0.19052522	-0.1602256497	0.5022130173	0.5609768226	0.5609768226	0.5609768226	-0.3871870721	-0.3871870721	0.2520887975	0.9072213515	-0.434331535	-0.434331535	0.2560810772	0.2560810772	0.2560810772	0.2560810772	0.9072213515	0.2582358144	0.2582358144	0.8812336739	0.9542258605	0.9617065247	-0.4484283253	0.2582358144	0.2662817183	0.2603941356	0.9654571565	-0.5090950522	0.9654571565	0.2560810772	0.2582358144	0.2582358144	0.2574183659	-0.5080649874	0.2574183659	-0.4522647248	0.2574183659	0.2574183659	-0.4198453681	0.2574183659	0.2534057849	0.6700933921	0.9621103355	0.792709158	-0.4522647248	0.792709158	0.7905435955	0.9579627941	0.7951204261	-0.4738693305	0.7951204261	-0.4748108278	1	-0.4748108278	0.7951204261	1	0.7909698273	-0.4764670299	0.9927893151	0.7819474264	0.7819474264	-0.4840030285	-0.5439867791	0.235336912	0.2302268293	0.943712623	0.9403522501	0.943712623	0.2302268293	0.2302268293	-0.4721656126	0.943712623	0.7653515	0.943712623	-0.4670030202	-0.4644137891	0.2358417532	0.2387915576	0.2387915576	0.2323359973	0.2366460577	0.2160493943	0.2374212646	-0.03163504293	-0.02815710654	-0.006667846294	-0.02633576695	-0.008671858142	0.005331859275
chr11_2098701_A_AT	-0.003871290935	-0.2517883292	-0.2641097758	0.6238198212	0.6214187073	-0.2641097758	-0.2668378092	-0.2641097758	-0.2641097758	-0.2205041695	0.6186991174	0.1915485391	-0.2205041695	0.5061827378	0.591446045	0.591446045	0.591446045	-0.4103422723	-0.4103422723	0.3466393952	0.7884703598	-0.5190596351	-0.5190596351	0.3492836683	0.3492836683	0.3492836683	0.3492836683	0.7884703598	0.3520396992	0.3520396992	0.7404720896	0.8085013352	0.8131928148	-0.5305785883	0.3520396992	0.3617558843	0.3493990661	0.8155496674	-0.3082413892	0.8155496674	0.3546828596	0.3574400032	0.3574400032	0.3565350597	-0.3063734872	0.3565350597	-0.5330852931	0.3565350597	0.3565350597	-0.4904385953	0.3565350597	0.3538788601	0.8359224707	0.8116725522	0.9861583005	-0.5330852931	0.9861583005	0.9833930399	0.8108433864	0.9916289523	-0.5702128318	0.9916289523	-0.5714845545	0.7909698273	-0.5714845545	0.9916289523	0.7909698273	1	-0.5714092001	0.7852663931	0.9448901995	0.9448901995	-0.5494870507	-0.315988564	0.3227796387	0.3189504295	0.7419882142	0.7381518145	0.7419882142	0.3189504295	0.3189504295	-0.5367823406	0.7419882142	0.9226701371	0.7419882142	-0.534285549	-0.5330394219	0.3154091117	0.3221967754	0.3221967754	0.3165254086	0.3163513845	0.1356140636	0.3117871196	-0.04845690675	-0.04619790028	0.1114604816	-0.04865228655	0.1093660189	0.1326313545
chr11_2099854_G_A	0.0006076658721	0.4542263864	0.4987328476	-0.5179566716	-0.5181643643	0.4987328476	0.4988933529	0.4987328476	0.4987328476	0.3659370578	-0.5179566716	0.3284734766	0.3659370578	-0.433434924	-0.5171202288	-0.5171202288	-0.5171202288	0.7536367013	0.7536367013	0.4342840536	-0.4693055557	0.8917757461	0.8917757461	0.4294537699	0.4294537699	0.4294537699	0.4294537699	-0.4693055557	0.4249853613	0.4296347074	-0.4603219467	-0.4939128276	-0.5039175782	0.9070279797	0.4296347074	0.4433753558	0.4298201692	-0.5035377733	0.761159237	-0.5035377733	0.4294537699	0.4249853613	0.4249853613	0.4223511081	0.7583724228	0.4223511081	0.9072608906	0.4223511081	0.4223511081	0.8206316685	0.4223511081	0.4272056123	-0.4584879488	-0.5085396109	-0.5843353472	0.9072608906	-0.5843353472	-0.579640552	-0.4935273405	-0.5777716445	0.9979169193	-0.5777716445	0.9958457188	-0.4764670299	0.9958457188	-0.5777716445	-0.4764670299	-0.5714092001	1	-0.4730313762	-0.5766855438	-0.5766855438	0.9706954246	0.8395478604	0.5320202549	0.5350470364	-0.4881382242	-0.4823822731	-0.4881382242	0.5350470364	0.5350470364	0.9565821024	-0.4881382242	-0.5762942227	-0.4881382242	0.9523096051	0.9460039934	0.5136196421	0.5106951397	0.5106951397	0.5155778551	0.5155435232	0.4633377693	0.3577425288	0.5520293455	0.5493985733	0.455749571	0.5501505189	0.4530515334	0.3823853102
chr11_2101283_G_A	0.01128749082	-0.2044766215	-0.2159591984	0.588060258	0.5862173089	-0.2159591984	-0.2180855223	-0.2159591984	-0.2159591984	-0.1590703131	0.5822735315	0.1891514027	-0.1590703131	0.4985917175	0.5512605531	0.5512605531	0.5512605531	-0.3843951881	-0.3843951881	0.2441683719	0.9006796642	-0.4311997072	-0.4311997072	0.2481331219	0.2481331219	0.2481331219	0.2481331219	0.9006796642	0.2502710646	0.2502710646	0.8748793756	0.9473452385	0.954771962	-0.4451948499	0.2502710646	0.2643616448	0.2524125017	0.9584955492	-0.5107954141	0.9584955492	0.2481331219	0.2502710646	0.2502710646	0.2494289054	-0.5097814597	0.2494289054	-0.4490035864	0.2494289054	0.2494289054	-0.4168179954	0.2494289054	0.2454439806	0.6596034451	0.9551728611	0.786993182	-0.4490035864	0.786993182	0.7848432348	0.9510552263	0.7893870633	-0.464966814	0.7893870633	-0.4659124521	0.9927893151	-0.4659124521	0.7893870633	0.9927893151	0.7852663931	-0.4730313762	1	0.782562288	0.782562288	-0.4860096707	-0.5455361588	0.2336399717	0.2285667362	0.9439815175	0.9406384316	0.9439815175	0.2285667362	0.2285667362	-0.4742035062	0.9439815175	0.7660858943	0.9439815175	-0.4691021637	-0.4665438031	0.2341411726	0.2370697069	0.2370697069	0.2306606957	0.2349396776	0.2144915302	0.2357092947	-0.042139057	-0.03871633971	-0.01806218091	-0.0369212647	-0.02009604438	-0.005663733986
chr11_2101345_C_T	0.002818917622	-0.285423204	-0.2978089022	0.6276917776	0.6252933537	-0.2978089022	-0.300551993	-0.2978089022	-0.2978089022	-0.2258519654	0.622655264	0.150237877	-0.2258519654	0.55686689	0.6445357986	0.6445357986	0.6445357986	-0.4538903171	-0.4538903171	0.3524291719	0.7962621661	-0.5331275192	-0.5331275192	0.3549853729	0.3549853729	0.3549853729	0.3549853729	0.7962621661	0.3577406887	0.3577406887	0.745855598	0.8049245384	0.8094218438	-0.5396855173	0.3577406887	0.3147092523	0.3551882057	0.8116818113	-0.3050323663	0.8116818113	0.3549853729	0.3577406887	0.3577406887	0.3568391528	-0.3031609431	0.3568391528	-0.5421585329	0.3568391528	0.3568391528	-0.5026593998	0.3568391528	0.3542703675	0.8490438254	0.8078105563	0.9480775596	-0.5421585329	0.9480775596	0.9453142463	0.8071694337	0.9534237403	-0.5708043627	0.9534237403	-0.5720732112	0.7819474264	-0.5720732112	0.9534237403	0.7819474264	0.9448901995	-0.5766855438	0.782562288	1	1	-0.5838895715	-0.3424360408	0.3389534052	0.3353093608	0.801012787	0.7971206372	0.801012787	0.3353093608	0.3353093608	-0.5711545325	0.801012787	0.9783168512	0.801012787	-0.5689651432	-0.5678744269	0.3317896382	0.3327245029	0.3327245029	0.3271463799	0.3326325372	0.1625854341	0.3179138127	-0.04199633211	-0.03979580401	0.112736411	-0.0374764457	0.1106486672	0.1306687765
chr11_2101804_G_A	0.002818917622	-0.285423204	-0.2978089022	0.6276917776	0.6252933537	-0.2978089022	-0.300551993	-0.2978089022	-0.2978089022	-0.2258519654	0.622655264	0.150237877	-0.2258519654	0.55686689	0.6445357986	0.6445357986	0.6445357986	-0.4538903171	-0.4538903171	0.3524291719	0.7962621661	-0.5331275192	-0.5331275192	0.3549853729	0.3549853729	0.3549853729	0.3549853729	0.7962621661	0.3577406887	0.3577406887	0.745855598	0.8049245384	0.8094218438	-0.5396855173	0.3577406887	0.3147092523	0.3551882057	0.8116818113	-0.3050323663	0.8116818113	0.3549853729	0.3577406887	0.3577406887	0.3568391528	-0.3031609431	0.3568391528	-0.5421585329	0.3568391528	0.3568391528	-0.5026593998	0.3568391528	0.3542703675	0.8490438254	0.8078105563	0.9480775596	-0.5421585329	0.9480775596	0.9453142463	0.8071694337	0.9534237403	-0.5708043627	0.9534237403	-0.5720732112	0.7819474264	-0.5720732112	0.9534237403	0.7819474264	0.9448901995	-0.5766855438	0.782562288	1	1	-0.5838895715	-0.3424360408	0.3389534052	0.3353093608	0.801012787	0.7971206372	0.801012787	0.3353093608	0.3353093608	-0.5711545325	0.801012787	0.9783168512	0.801012787	-0.5689651432	-0.5678744269	0.3317896382	0.3327245029	0.3327245029	0.3271463799	0.3326325372	0.1625854341	0.3179138127	-0.04199633211	-0.03979580401	0.112736411	-0.0374764457	0.1106486672	0.1306687765
chr11_2102033_G_A	0.0006102158742	0.4325891477	0.4827740708	-0.5112759649	-0.5114824774	0.4827740708	0.4829262046	0.4827740708	0.4827740708	0.3515607014	-0.5112759649	0.3201744025	0.3515607014	-0.4352537853	-0.5106127138	-0.5106127138	-0.5106127138	0.7444383658	0.7444383658	0.426768765	-0.4712749442	0.8574568088	0.8574568088	0.4219201356	0.4219201356	0.4219201356	0.4219201356	-0.4712749442	0.4174310518	0.4220999084	-0.4679449661	-0.4959854778	-0.5060322122	0.873333571	0.4220999084	0.4312650219	0.4222841269	-0.5110520102	0.7602440621	-0.5110520102	0.4219201356	0.4174310518	0.4174310518	0.4147389156	0.7574389105	0.4147389156	0.8775785274	0.4147389156	0.4147389156	0.7867586445	0.4147389156	0.4196118368	-0.4301108125	-0.5160697048	-0.56273682	0.8775785274	-0.56273682	-0.5628324487	-0.5010101041	-0.5560113403	0.9685305967	-0.5560113403	0.9665175985	-0.4840030285	0.9665175985	-0.5560113403	-0.4840030285	-0.5494870507	0.9706954246	-0.4860096707	-0.5838895715	-0.5838895715	1	0.8640022653	0.5586052579	0.5617832874	-0.495598373	-0.4898129554	-0.495598373	0.5617832874	0.5617832874	0.9855790973	-0.495598373	-0.5834965048	-0.495598373	0.981398949	0.9751228793	0.540426721	0.5373542406	0.5373542406	0.5422574457	0.5422121097	0.4741464772	0.3733782124	0.5748723673	0.5722882033	0.4795470814	0.5730684199	0.4769224545	0.4049468226
chr11_2103073_T_TC	0.003994572108	0.3443106086	0.391785284	-0.4030180318	-0.4038212959	0.391785284	0.3912577686	0.391785284	0.391785284	0.2898081823	-0.4030180318	0.3365551984	0.2898081823	-0.3603675556	-0.4062498192	-0.4062498192	-0.4062498192	0.6582292415	0.6582292415	0.5242823018	-0.4515586509	0.7372497321	0.7372497321	0.5234259702	0.5234259702	0.5234259702	0.5234259702	-0.4515586509	0.5196344582	0.5242823018	-0.470749935	-0.5059753533	-0.5174720911	0.7583804501	0.5242823018	0.5350490345	0.5204955731	-0.5232150113	0.8588566066	-0.5232150113	0.5234259702	0.5196344582	0.5196344582	0.5168170636	0.856807384	0.5168170636	0.7632642917	0.5168170636	0.5168170636	0.6858940135	0.5168170636	0.5176770591	-0.234986949	-0.5289546218	-0.3276250713	0.7632642917	-0.3276250713	-0.3283961779	-0.5117256196	-0.3182724121	0.8365267802	-0.3182724121	0.8383581565	-0.5439867791	0.8383581565	-0.3182724121	-0.5439867791	-0.315988564	0.8395478604	-0.5455361588	-0.3424360408	-0.3424360408	0.8640022653	1	0.6545758749	0.6534237506	-0.5548246169	-0.5497646094	-0.5548246169	0.6534237506	0.6534237506	0.8563053001	-0.5548246169	-0.3441234	-0.5548246169	0.8545809267	0.8432982965	0.6251020144	0.6257559926	0.6257559926	0.6257559926	0.6270501563	0.4302936459	0.462053267	0.535609281	0.5364535568	0.5670643265	0.5336655747	0.5641812837	0.4993491946
chr11_2104138_A_G	0.0005568386904	0.202054929	0.2465160035	0.04868608049	0.04597495968	0.2465160035	0.2438636196	0.2465160035	0.2465160035	0.1703953302	0.04355854731	0.5268677102	0.1703953302	0.06028559468	0.06626676259	0.06626676259	0.06626676259	0.4010890559	0.4010890559	0.8510425775	0.2699203543	0.4465630332	0.4465630332	0.8534038216	0.8534038216	0.8534038216	0.8534038216	0.2699203543	0.8510425775	0.8564500838	0.2175799205	0.2445927302	0.2374612501	0.4629265805	0.8564500838	0.8235692191	0.8540978227	0.2339112608	0.5733158342	0.2339112608	0.8534038216	0.8510425775	0.8510425775	0.8469911577	0.5720059606	0.8469911577	0.4653872818	0.8469911577	0.8469911577	0.4020070652	0.8469911577	0.8446171658	0.3616749152	0.2241217448	0.3106760281	0.4653872818	0.3106760281	0.3077187911	0.2410216734	0.3239596992	0.5354602097	0.3239596992	0.5366693674	0.235336912	0.5366693674	0.3239596992	0.235336912	0.3227796387	0.5320202549	0.2336399717	0.3389534052	0.3389534052	0.5586052579	0.6545758749	1	0.9943429618	0.2410216734	0.2437230068	0.2410216734	0.9943429618	0.9943429618	0.5595975752	0.2410216734	0.3230066825	0.2410216734	0.5617692009	0.5507367511	0.9659032327	0.96892942	0.96892942	0.9632504895	0.9688500444	0.7202968757	0.7647008441	0.6250136749	0.629006145	0.6750971801	0.62753375	0.6699204941	0.6082773782
chr11_2107025_C_T	0.0005600066695	0.2032044644	0.2479184879	0.04380636157	0.04107862163	0.2479184879	0.245251014	0.2479184879	0.2479184879	0.1713647471	0.03864965671	0.5242290294	0.1713647471	0.05464658536	0.06158997491	0.06158997491	0.06158997491	0.4033709407	0.4033709407	0.8504460772	0.2652809567	0.4491036296	0.4491036296	0.8473847253	0.8473847253	0.8473847253	0.8473847253	0.2652809567	0.8450078065	0.8504460772	0.2121885367	0.2396744103	0.2325148388	0.4655602727	0.8504460772	0.8174058376	0.848078079	0.2289507355	0.5717910606	0.2289507355	0.8473847253	0.8450078065	0.8450078065	0.846344335	0.5704659973	0.846344335	0.4680349736	0.846344335	0.846344335	0.4042941727	0.846344335	0.8494223806	0.3637325642	0.2253968233	0.3124435331	0.4680349736	0.3124435331	0.3094694717	0.2360893305	0.3201686873	0.5385065618	0.3201686873	0.5397225988	0.2302268293	0.5397225988	0.3201686873	0.2302268293	0.3189504295	0.5350470364	0.2285667362	0.3353093608	0.3353093608	0.5617832874	0.6534237506	0.9943429618	1	0.2423928993	0.2451096012	0.2423928993	1	1	0.5627812502	0.2423928993	0.3248443394	0.2423928993	0.560093839	0.553870015	0.971398471	0.9687306357	0.9687306357	0.9687306357	0.9743620477	0.7243948047	0.7635634723	0.6285695166	0.6277894313	0.6738396391	0.631103929	0.6686137625	0.6068559019
chr11_2107107_G_A	0.002165514978	-0.2201235855	-0.2289958783	0.5653619985	0.563453727	-0.2289958783	-0.2311899772	-0.2289958783	-0.2289958783	-0.1769141746	0.5596646573	0.1372550804	-0.1769141746	0.5186406997	0.5899344258	0.5899344258	0.5899344258	-0.4074050932	-0.4074050932	0.2543726608	0.8654996656	-0.4484618583	-0.4484618583	0.2581777474	0.2581777474	0.2581777474	0.2581777474	0.8654996656	0.2603810876	0.2603810876	0.8351699238	0.9058935656	0.9130373032	-0.4572085451	0.2603810876	0.2092471922	0.2625880544	0.9166188891	-0.4700925517	0.9166188891	0.2581777474	0.2603810876	0.2603810876	0.2655645444	-0.4689569721	0.2655645444	-0.4608753039	0.2655645444	0.2655645444	-0.4349270244	0.2655645444	0.2617413964	0.6934821594	0.9202070868	0.7501251187	-0.4608753039	0.7501251187	0.747909928	0.9094622286	0.746317328	-0.4803329745	0.746317328	-0.4813048069	0.943712623	-0.4813048069	0.746317328	0.943712623	0.7419882142	-0.4881382242	0.9439815175	0.801012787	0.801012787	-0.495598373	-0.5548246169	0.2410216734	0.2423928993	1	0.9965285946	1	0.2423928993	0.2423928993	-0.5056662648	1	0.8159644713	1	-0.5009861359	-0.498640415	0.2475914954	0.2502804833	0.2502804833	0.2439704696	0.2483765087	0.2373162631	0.2514636694	-0.01810773994	-0.01475649157	0.000515129939	-0.01287627429	-0.00150640581	0.01109887917
chr11_2107122_C_T	0.001046034385	-0.2169588825	-0.2264641206	0.5616839294	0.5597654892	-0.2264641206	-0.2286664504	-0.2264641206	-0.2264641206	-0.1724565534	0.5559921808	0.1341150064	-0.1724565534	0.5149943512	0.5861836654	0.5861836654	0.5861836654	-0.4066471161	-0.4066471161	0.2513663386	0.8619942525	-0.4476108943	-0.4476108943	0.2551563271	0.2551563271	0.2551563271	0.2551563271	0.8619942525	0.2573688675	0.2573688675	0.8319935239	0.9025258958	0.9096398861	-0.4564402449	0.2573688675	0.2064112146	0.2595850073	0.913206567	-0.470156268	0.913206567	0.2551563271	0.2573688675	0.2573688675	0.2625214183	-0.4690121318	0.2625214183	-0.4600805127	0.2625214183	0.2625214183	-0.4335674893	0.2625214183	0.2587134396	0.689260918	0.916779838	0.7463028635	-0.4600805127	0.7463028635	0.7440775527	0.9060796955	0.7425063134	-0.4745839125	0.7425063134	-0.4755760115	0.9403522501	-0.4755760115	0.7425063134	0.9403522501	0.7381518145	-0.4823822731	0.9406384316	0.7971206372	0.7971206372	-0.4898129554	-0.5497646094	0.2437230068	0.2451096012	0.9965285946	1	0.9965285946	0.2451096012	0.2451096012	-0.4999763358	0.9965285946	0.8121066223	0.9965285946	-0.4952992548	-0.4929549554	0.2502720797	0.2529298013	0.2529298013	0.2466259816	0.251051467	0.2410596234	0.254396029	-0.01385078548	-0.01050144362	0.004206494153	-0.008607362563	0.002190005874	0.01519107435
chr11_2107655_C_A	0.002165514978	-0.2201235855	-0.2289958783	0.5653619985	0.563453727	-0.2289958783	-0.2311899772	-0.2289958783	-0.2289958783	-0.1769141746	0.5596646573	0.1372550804	-0.1769141746	0.5186406997	0.5899344258	0.5899344258	0.5899344258	-0.4074050932	-0.4074050932	0.2543726608	0.8654996656	-0.4484618583	-0.4484618583	0.2581777474	0.2581777474	0.2581777474	0.2581777474	0.8654996656	0.2603810876	0.2603810876	0.8351699238	0.9058935656	0.9130373032	-0.4572085451	0.2603810876	0.2092471922	0.2625880544	0.9166188891	-0.4700925517	0.9166188891	0.2581777474	0.2603810876	0.2603810876	0.2655645444	-0.4689569721	0.2655645444	-0.4608753039	0.2655645444	0.2655645444	-0.4349270244	0.2655645444	0.2617413964	0.6934821594	0.9202070868	0.7501251187	-0.4608753039	0.7501251187	0.747909928	0.9094622286	0.746317328	-0.4803329745	0.746317328	-0.4813048069	0.943712623	-0.4813048069	0.746317328	0.943712623	0.7419882142	-0.4881382242	0.9439815175	0.801012787	0.801012787	-0.495598373	-0.5548246169	0.2410216734	0.2423928993	1	0.9965285946	1	0.2423928993	0.2423928993	-0.5056662648	1	0.8159644713	1	-0.5009861359	-0.498640415	0.2475914954	0.2502804833	0.2502804833	0.2439704696	0.2483765087	0.2373162631	0.2514636694	-0.01810773994	-0.01475649157	0.000515129939	-0.01287627429	-0.00150640581	0.01109887917
chr11_2107854_G_T	0.0005600066695	0.2032044644	0.2479184879	0.04380636157	0.04107862163	0.2479184879	0.245251014	0.2479184879	0.2479184879	0.1713647471	0.03864965671	0.5242290294	0.1713647471	0.05464658536	0.06158997491	0.06158997491	0.06158997491	0.4033709407	0.4033709407	0.8504460772	0.2652809567	0.4491036296	0.4491036296	0.8473847253	0.8473847253	0.8473847253	0.8473847253	0.2652809567	0.8450078065	0.8504460772	0.2121885367	0.2396744103	0.2325148388	0.4655602727	0.8504460772	0.8174058376	0.848078079	0.2289507355	0.5717910606	0.2289507355	0.8473847253	0.8450078065	0.8450078065	0.846344335	0.5704659973	0.846344335	0.4680349736	0.846344335	0.846344335	0.4042941727	0.846344335	0.8494223806	0.3637325642	0.2253968233	0.3124435331	0.4680349736	0.3124435331	0.3094694717	0.2360893305	0.3201686873	0.5385065618	0.3201686873	0.5397225988	0.2302268293	0.5397225988	0.3201686873	0.2302268293	0.3189504295	0.5350470364	0.2285667362	0.3353093608	0.3353093608	0.5617832874	0.6534237506	0.9943429618	1	0.2423928993	0.2451096012	0.2423928993	1	1	0.5627812502	0.2423928993	0.3248443394	0.2423928993	0.560093839	0.553870015	0.971398471	0.9687306357	0.9687306357	0.9687306357	0.9743620477	0.7243948047	0.7635634723	0.6285695166	0.6277894313	0.6738396391	0.631103929	0.6686137625	0.6068559019
chr11_2108072_G_A	0.0005600066695	0.2032044644	0.2479184879	0.04380636157	0.04107862163	0.2479184879	0.245251014	0.2479184879	0.2479184879	0.1713647471	0.03864965671	0.5242290294	0.1713647471	0.05464658536	0.06158997491	0.06158997491	0.06158997491	0.4033709407	0.4033709407	0.8504460772	0.2652809567	0.4491036296	0.4491036296	0.8473847253	0.8473847253	0.8473847253	0.8473847253	0.2652809567	0.8450078065	0.8504460772	0.2121885367	0.2396744103	0.2325148388	0.4655602727	0.8504460772	0.8174058376	0.848078079	0.2289507355	0.5717910606	0.2289507355	0.8473847253	0.8450078065	0.8450078065	0.846344335	0.5704659973	0.846344335	0.4680349736	0.846344335	0.846344335	0.4042941727	0.846344335	0.8494223806	0.3637325642	0.2253968233	0.3124435331	0.4680349736	0.3124435331	0.3094694717	0.2360893305	0.3201686873	0.5385065618	0.3201686873	0.5397225988	0.2302268293	0.5397225988	0.3201686873	0.2302268293	0.3189504295	0.5350470364	0.2285667362	0.3353093608	0.3353093608	0.5617832874	0.6534237506	0.9943429618	1	0.2423928993	0.2451096012	0.2423928993	1	1	0.5627812502	0.2423928993	0.3248443394	0.2423928993	0.560093839	0.553870015	0.971398471	0.9687306357	0.9687306357	0.9687306357	0.9743620477	0.7243948047	0.7635634723	0.6285695166	0.6277894313	0.6738396391	0.631103929	0.6686137625	0.6068559019
chr11_2108091_G_GAGTC	-0.01290810978	0.4256986798	0.4735002326	-0.5007356102	-0.5009823977	0.4735002326	0.4736041626	0.4735002326	0.4735002326	0.3435897405	-0.5007356102	0.3246143399	0.3435897405	-0.4227100026	-0.5006158489	-0.5006158489	-0.5006158489	0.7384895445	0.7384895445	0.4258214848	-0.4506171596	0.8422236197	0.8422236197	0.4209739673	0.4209739673	0.4209739673	0.4209739673	-0.4506171596	0.4165756846	0.4211985847	-0.4498724046	-0.4791921023	-0.4892699309	0.8618417801	0.4211985847	0.4307235636	0.4214276575	-0.494304859	0.7466696881	-0.494304859	0.4209739673	0.4165756846	0.4165756846	0.4138801802	0.7439228129	0.4138801802	0.8661138363	0.4138801802	0.4138801802	0.7785002115	0.4138801802	0.4187520009	-0.4223664414	-0.4993374086	-0.5500298471	0.8661138363	-0.5500298471	-0.5501718782	-0.4842324155	-0.5432353461	0.9543873428	-0.5432353461	0.9565092768	-0.4721656126	0.9565092768	-0.5432353461	-0.4721656126	-0.5367823406	0.9565821024	-0.4742035062	-0.5711545325	-0.5711545325	0.9855790973	0.8563053001	0.5595975752	0.5627812502	-0.5056662648	-0.4999763358	-0.5056662648	0.5627812502	0.5627812502	1	-0.5056662648	-0.5942613346	-0.5056662648	0.991744136	0.9855332358	0.5414836372	0.5383580383	0.5383580383	0.5432129801	0.5432617796	0.4760142017	0.36795008	0.5774082092	0.5748319756	0.4803755945	0.5756550587	0.4777550384	0.4084607638
chr11_2108689_C_T	0.002165514978	-0.2201235855	-0.2289958783	0.5653619985	0.563453727	-0.2289958783	-0.2311899772	-0.2289958783	-0.2289958783	-0.1769141746	0.5596646573	0.1372550804	-0.1769141746	0.5186406997	0.5899344258	0.5899344258	0.5899344258	-0.4074050932	-0.4074050932	0.2543726608	0.8654996656	-0.4484618583	-0.4484618583	0.2581777474	0.2581777474	0.2581777474	0.2581777474	0.8654996656	0.2603810876	0.2603810876	0.8351699238	0.9058935656	0.9130373032	-0.4572085451	0.2603810876	0.2092471922	0.2625880544	0.9166188891	-0.4700925517	0.9166188891	0.2581777474	0.2603810876	0.2603810876	0.2655645444	-0.4689569721	0.2655645444	-0.4608753039	0.2655645444	0.2655645444	-0.4349270244	0.2655645444	0.2617413964	0.6934821594	0.9202070868	0.7501251187	-0.4608753039	0.7501251187	0.747909928	0.9094622286	0.746317328	-0.4803329745	0.746317328	-0.4813048069	0.943712623	-0.4813048069	0.746317328	0.943712623	0.7419882142	-0.4881382242	0.9439815175	0.801012787	0.801012787	-0.495598373	-0.5548246169	0.2410216734	0.2423928993	1	0.9965285946	1	0.2423928993	0.2423928993	-0.5056662648	1	0.8159644713	1	-0.5009861359	-0.498640415	0.2475914954	0.2502804833	0.2502804833	0.2439704696	0.2483765087	0.2373162631	0.2514636694	-0.01810773994	-0.01475649157	0.000515129939	-0.01287627429	-0.00150640581	0.01109887917
chr11_2108794_C_T	0.006773670389	-0.2904968351	-0.3008338637	0.6185866332	0.6162262146	-0.3008338637	-0.3035375665	-0.3008338637	-0.3008338637	-0.222908079	0.6135502286	0.1333485516	-0.222908079	0.5445892122	0.6360042438	0.6360042438	0.6360042438	-0.4598351954	-0.4598351954	0.3356214652	0.7754902186	-0.5297587808	-0.5297587808	0.3382233015	0.3382233015	0.3382233015	0.3382233015	0.7754902186	0.340932867	0.340932867	0.7218075254	0.7828661151	0.7875047414	-0.5360645161	0.340932867	0.2975238323	0.3383345554	0.7898346759	-0.3031669857	0.7898346759	0.3382233015	0.340932867	0.340932867	0.3453275863	-0.3013298339	0.3453275863	-0.538596365	0.3453275863	0.3453275863	-0.5012325054	0.3453275863	0.3427140025	0.8369345593	0.7921717561	0.9316189489	-0.538596365	0.9316189489	0.9288992113	0.7851819038	0.9312830975	-0.5703743765	0.9312830975	-0.5716061386	0.7653515	-0.5716061386	0.9312830975	0.7653515	0.9226701371	-0.5762942227	0.7660858943	0.9783168512	0.9783168512	-0.5834965048	-0.3441234	0.3230066825	0.3248443394	0.8159644713	0.8121066223	0.8159644713	0.3248443394	0.3248443394	-0.5942613346	0.8159644713	1	0.8159644713	-0.5920983744	-0.5910214186	0.3214344675	0.3224706346	0.3224706346	0.3168926323	0.3222945335	0.1585922985	0.3227340378	-0.05232947288	-0.05012077148	0.1046461901	-0.0478513515	0.1025669285	0.1209115045
chr11_2109320_TG_T	0.002165514978	-0.2201235855	-0.2289958783	0.5653619985	0.563453727	-0.2289958783	-0.2311899772	-0.2289958783	-0.2289958783	-0.1769141746	0.5596646573	0.1372550804	-0.1769141746	0.5186406997	0.5899344258	0.5899344258	0.5899344258	-0.4074050932	-0.4074050932	0.2543726608	0.8654996656	-0.4484618583	-0.4484618583	0.2581777474	0.2581777474	0.2581777474	0.2581777474	0.8654996656	0.2603810876	0.2603810876	0.8351699238	0.9058935656	0.9130373032	-0.4572085451	0.2603810876	0.2092471922	0.2625880544	0.9166188891	-0.4700925517	0.9166188891	0.2581777474	0.2603810876	0.2603810876	0.2655645444	-0.4689569721	0.2655645444	-0.4608753039	0.2655645444	0.2655645444	-0.4349270244	0.2655645444	0.2617413964	0.6934821594	0.9202070868	0.7501251187	-0.4608753039	0.7501251187	0.747909928	0.9094622286	0.746317328	-0.4803329745	0.746317328	-0.4813048069	0.943712623	-0.4813048069	0.746317328	0.943712623	0.7419882142	-0.4881382242	0.9439815175	0.801012787	0.801012787	-0.495598373	-0.5548246169	0.2410216734	0.2423928993	1	0.9965285946	1	0.2423928993	0.2423928993	-0.5056662648	1	0.8159644713	1	-0.5009861359	-0.498640415	0.2475914954	0.2502804833	0.2502804833	0.2439704696	0.2483765087	0.2373162631	0.2514636694	-0.01810773994	-0.01475649157	0.000515129939	-0.01287627429	-0.00150640581	0.01109887917
chr11_2109650_G_GC	-0.005443498034	0.4227738502	0.4746712793	-0.4945690479	-0.4948324942	0.4746712793	0.4747573528	0.4746712793	0.4746712793	0.3411842597	-0.4945690479	0.3310221381	0.3411842597	-0.4243220575	-0.4947875049	-0.4947875049	-0.4947875049	0.7382055764	0.7382055764	0.4234363022	-0.4461703995	0.838165056	0.838165056	0.4231921566	0.4231921566	0.4231921566	0.4231921566	-0.4461703995	0.4187929959	0.4234363022	-0.4441837685	-0.4743667897	-0.4845455901	0.8578525196	0.4234363022	0.4331865167	0.4236849345	-0.489630751	0.7450663131	-0.489630751	0.4231921566	0.4187929959	0.4187929959	0.4160689361	0.7423156688	0.4160689361	0.8621401448	0.4160689361	0.4160689361	0.7710086559	0.4160689361	0.4163133317	-0.4210983366	-0.4947133683	-0.5476644536	0.8621401448	-0.5476644536	-0.5478261328	-0.4794576742	-0.5407749534	0.9500700495	-0.5407749534	0.9522017832	-0.4670030202	0.9522017832	-0.5407749534	-0.4670030202	-0.534285549	0.9523096051	-0.4691021637	-0.5689651432	-0.5689651432	0.981398949	0.8545809267	0.5617692009	0.560093839	-0.5009861359	-0.4952992548	-0.5009861359	0.560093839	0.560093839	0.991744136	-0.5009861359	-0.5920983744	-0.5009861359	1	0.9895851881	0.5483970153	0.5500897029	0.5500897029	0.5500897029	0.5501754949	0.4842672213	0.3791785617	0.582432654	0.5839300205	0.4882078019	0.5806817468	0.4855804172	0.4082748577
chr11_2110067_G_A	0.01221991169	0.421310072	0.4685227474	-0.4892686735	-0.4895399987	0.4685227474	0.4685964542	0.4685227474	0.4685227474	0.3399802689	-0.4892686735	0.3294309171	0.3399802689	-0.4174634378	-0.4897014013	-0.4897014013	-0.4897014013	0.7319169228	0.7319169228	0.4175904872	-0.4439410544	0.831923599	0.831923599	0.4126852356	0.4126852356	0.4126852356	0.4126852356	-0.4439410544	0.4082831487	0.4129368179	-0.4413293133	-0.4719474668	-0.4821772907	0.8517084125	0.4129368179	0.4228302134	0.4131927814	-0.4872878357	0.7340342213	-0.4872878357	0.4126852356	0.4082831487	0.4082831487	0.4054863168	0.7312650725	0.4054863168	0.8559845632	0.4054863168	0.4054863168	0.7693196184	0.4054863168	0.4104161423	-0.4247830529	-0.4923957542	-0.5464847278	0.8559845632	-0.5464847278	-0.5466562996	-0.477063906	-0.5395472754	0.9437327503	-0.5395472754	0.9458777932	-0.4644137891	0.9458777932	-0.5395472754	-0.4644137891	-0.5330394219	0.9460039934	-0.4665438031	-0.5678744269	-0.5678744269	0.9751228793	0.8432982965	0.5507367511	0.553870015	-0.498640415	-0.4929549554	-0.498640415	0.553870015	0.553870015	0.9855332358	-0.498640415	-0.5910214186	-0.498640415	0.9895851881	1	0.5568018769	0.5535618401	0.5535618401	0.5584490956	0.5585513437	0.4928485478	0.3824895972	0.5911110448	0.5885208812	0.492159636	0.5893859804	0.4895287623	0.3998338873
chr11_2111124_C_G	0.007392909494	0.1987321835	0.2420876159	0.04827315313	0.04548719194	0.2420876159	0.2393567995	0.2420876159	0.2420876159	0.169460541	0.04308260246	0.5110338335	0.169460541	0.05560378964	0.06568555401	0.06568555401	0.06568555401	0.3880013556	0.3880013556	0.8240765313	0.2697653676	0.4287582245	0.4287582245	0.8209581482	0.8209581482	0.8209581482	0.8209581482	0.2697653676	0.8186025667	0.8240765313	0.2183304244	0.2449092728	0.2375946521	0.4453551238	0.8240765313	0.7913349787	0.8217296138	0.2339533648	0.544720851	0.2339533648	0.8209581482	0.8186025667	0.8186025667	0.819743882	0.5433756396	0.819743882	0.4478154989	0.819743882	0.819743882	0.3860431881	0.819743882	0.822879192	0.3532049128	0.23032249	0.3088770728	0.4478154989	0.3088770728	0.3058386435	0.2412465533	0.3167117756	0.5170083975	0.3167117756	0.5182432408	0.2358417532	0.5182432408	0.3167117756	0.2358417532	0.3154091117	0.5136196421	0.2341411726	0.3317896382	0.3317896382	0.540426721	0.6251020144	0.9659032327	0.971398471	0.2475914954	0.2502720797	0.2475914954	0.971398471	0.971398471	0.5414836372	0.2475914954	0.3214344675	0.2475914954	0.5483970153	0.5568018769	1	0.9913978633	0.9913978633	0.9913978633	0.9971504027	0.7280645869	0.7801720771	0.6289057669	0.6280715357	0.6865976752	0.6314415351	0.6813288035	0.5963212415
chr11_2111243_A_G	-0.004506194564	0.2003123592	0.2428471927	0.05033697397	0.04755662431	0.2428471927	0.2401219911	0.2428471927	0.2428471927	0.1662285093	0.04517499682	0.5167788443	0.1662285093	0.05245245367	0.06750645501	0.06750645501	0.06750645501	0.3909943966	0.3909943966	0.8224838444	0.2720530446	0.4267704683	0.4267704683	0.8248139099	0.8248139099	0.8248139099	0.8248139099	0.2720530446	0.8224838444	0.8279276753	0.2216273092	0.2476296288	0.2403221618	0.4431932468	0.8279276753	0.795452959	0.8256063183	0.2366845013	0.5508287072	0.2366845013	0.8302566191	0.8279276753	0.8279276753	0.8291211956	0.5495151629	0.8291211956	0.4456608387	0.8291211956	0.8291211956	0.3847638585	0.8291211956	0.8267807466	0.3581440779	0.2330572865	0.3099865811	0.4456608387	0.3099865811	0.306953728	0.2439704696	0.3178162619	0.5140553004	0.3178162619	0.5152738502	0.2387915576	0.5152738502	0.3178162619	0.2387915576	0.3221967754	0.5106951397	0.2370697069	0.3327245029	0.3327245029	0.5373542406	0.6257559926	0.96892942	0.9687306357	0.2502804833	0.2529298013	0.2502804833	0.9687306357	0.9687306357	0.5383580383	0.2502804833	0.3224706346	0.2502804833	0.5500897029	0.5535618401	0.9913978633	1	1	0.9942829215	0.9943082741	0.7276628637	0.7897476579	0.6292883057	0.6332600934	0.6912697888	0.6270195872	0.6860524592	0.6016468253
chr11_2111406_A_C	-0.004506194564	0.2003123592	0.2428471927	0.05033697397	0.04755662431	0.2428471927	0.2401219911	0.2428471927	0.2428471927	0.1662285093	0.04517499682	0.5167788443	0.1662285093	0.05245245367	0.06750645501	0.06750645501	0.06750645501	0.3909943966	0.3909943966	0.8224838444	0.2720530446	0.4267704683	0.4267704683	0.8248139099	0.8248139099	0.8248139099	0.8248139099	0.2720530446	0.8224838444	0.8279276753	0.2216273092	0.2476296288	0.2403221618	0.4431932468	0.8279276753	0.795452959	0.8256063183	0.2366845013	0.5508287072	0.2366845013	0.8302566191	0.8279276753	0.8279276753	0.8291211956	0.5495151629	0.8291211956	0.4456608387	0.8291211956	0.8291211956	0.3847638585	0.8291211956	0.8267807466	0.3581440779	0.2330572865	0.3099865811	0.4456608387	0.3099865811	0.306953728	0.2439704696	0.3178162619	0.5140553004	0.3178162619	0.5152738502	0.2387915576	0.5152738502	0.3178162619	0.2387915576	0.3221967754	0.5106951397	0.2370697069	0.3327245029	0.3327245029	0.5373542406	0.6257559926	0.96892942	0.9687306357	0.2502804833	0.2529298013	0.2502804833	0.9687306357	0.9687306357	0.5383580383	0.2502804833	0.3224706346	0.2502804833	0.5500897029	0.5535618401	0.9913978633	1	1	0.9942829215	0.9943082741	0.7276628637	0.7897476579	0.6292883057	0.6332600934	0.6912697888	0.6270195872	0.6860524592	0.6016468253
chr11_2111509_A_G	-0.004506194564	0.2058026118	0.2481091958	0.04001301967	0.03723027766	0.2481091958	0.2453866307	0.2481091958	0.2481091958	0.1662285093	0.03485104253	0.5111369335	0.1662285093	0.04646435013	0.05738853282	0.05738853282	0.05738853282	0.3957986124	0.3957986124	0.8224838444	0.2658716966	0.4317014543	0.4317014543	0.8193712007	0.8193712007	0.8193712007	0.8193712007	0.2658716966	0.8170400135	0.8224838444	0.2149912871	0.2413133152	0.2340183421	0.4480516145	0.8224838444	0.7900229881	0.8201613089	0.2303867705	0.5508287072	0.2303867705	0.8248139099	0.8224838444	0.8224838444	0.8236500638	0.5495151629	0.8236500638	0.4505418952	0.8236500638	0.8236500638	0.3895983964	0.8236500638	0.8267807466	0.3530968272	0.2267655403	0.3043780328	0.4505418952	0.3043780328	0.3013451797	0.2376604559	0.3121764108	0.5189486562	0.3121764108	0.5201574564	0.2323359973	0.5201574564	0.3121764108	0.2323359973	0.3165254086	0.5155778551	0.2306606957	0.3271463799	0.3271463799	0.5422574457	0.6257559926	0.9632504895	0.9687306357	0.2439704696	0.2466259816	0.2439704696	0.9687306357	0.9687306357	0.5432129801	0.2439704696	0.3168926323	0.2439704696	0.5500897029	0.5584490956	0.9913978633	0.9942829215	0.9942829215	1	0.9943082741	0.7276628637	0.7842541221	0.6340750345	0.6332600934	0.6912697888	0.6318256163	0.6860524592	0.6016468253
chr11_2111531_A_G	-0.00247838669	0.2003654575	0.2438166471	0.04565761916	0.04289794238	0.2438166471	0.241114116	0.2438166471	0.2438166471	0.1707511698	0.04049792865	0.5107199147	0.1707511698	0.05213173077	0.06311349643	0.06311349643	0.06311349643	0.3901720059	0.3901720059	0.8271173864	0.2705690606	0.4307655105	0.4307655105	0.8240267231	0.8240267231	0.8240267231	0.8240267231	0.2705690606	0.821675967	0.8271173864	0.2191686525	0.2456999348	0.2384494125	0.4472738673	0.8271173864	0.7944423771	0.8247753211	0.234840099	0.5467475764	0.234840099	0.8240267231	0.821675967	0.821675967	0.8228611898	0.5454093376	0.8228611898	0.4497215413	0.8228611898	0.8228611898	0.3877349545	0.8228611898	0.8259686486	0.3543145026	0.2312411498	0.3098381186	0.4497215413	0.3098381186	0.3068288995	0.2420692902	0.317619439	0.5189327021	0.317619439	0.5201599499	0.2366460577	0.5201599499	0.317619439	0.2366460577	0.3163513845	0.5155435232	0.2349396776	0.3326325372	0.3326325372	0.5422121097	0.6270501563	0.9688500444	0.9743620477	0.2483765087	0.251051467	0.2483765087	0.9743620477	0.9743620477	0.5432617796	0.2483765087	0.3222945335	0.2483765087	0.5501754949	0.5585513437	0.9971504027	0.9943082741	0.9943082741	0.9943082741	1	0.7304624667	0.7836337971	0.6308929493	0.630089299	0.6893713259	0.6334367299	0.6841705047	0.5988261616
chr11_2113931_G_A	-0.04120084226	0.1986909746	0.1447757276	0.002782958982	0.001373244578	0.1447757276	0.1434101934	0.1447757276	0.1447757276	0.1536829356	-0.001883135578	0.410893653	0.1536829356	0.03127190831	0.02091931364	0.02091931364	0.02091931364	0.3442648436	0.3442648436	0.6308303789	0.1719362728	0.4211389114	0.4211389114	0.6292136826	0.6292136826	0.6292136826	0.6292136826	0.1719362728	0.6259095067	0.635751251	0.2582113452	0.1878926835	0.1840771569	0.4306699395	0.635751251	0.5998815646	0.632454289	0.1821790839	0.4196437448	0.1821790839	0.6341335408	0.6308303789	0.6308303789	0.6324995184	0.4172949235	0.6324995184	0.4309356211	0.6324995184	0.6324995184	0.4789311049	0.6324995184	0.6341260259	0.08349262989	0.1802873237	0.1275101599	0.4309356211	0.1275101599	0.1259781431	0.1859816528	0.1313029639	0.4674341028	0.1313029639	0.4695832444	0.2160493943	0.4695832444	0.1313029639	0.2160493943	0.1356140636	0.4633377693	0.2144915302	0.1625854341	0.1625854341	0.4741464772	0.4302936459	0.7202968757	0.7243948047	0.2373162631	0.2410596234	0.2373162631	0.7243948047	0.7243948047	0.4760142017	0.2373162631	0.1585922985	0.2373162631	0.4842672213	0.4928485478	0.7280645869	0.7276628637	0.7276628637	0.7276628637	0.7304624667	1	0.7785252503	0.7532408958	0.7540451445	0.6584126638	0.7606223277	0.6549312691	0.5598780768
chr11_2114571_C_G	-0.01388085652	0.1604384366	0.08610710472	0.1034627895	0.1011294129	0.08610710472	0.08374657109	0.08610710472	0.08610710472	0.1256683136	0.09850265009	0.4257827964	0.1256683136	0.08308357383	0.1074672043	0.1074672043	0.1074672043	0.2638487692	0.2638487692	0.6812847694	0.2665167912	0.3224600146	0.3224600146	0.6838893087	0.6838893087	0.6838893087	0.6838893087	0.2665167912	0.6812847694	0.6917467144	0.2297205319	0.2485292299	0.2422813589	0.337312885	0.6917467144	0.6678182782	0.6891503921	0.2391719811	0.4292925246	0.2391719811	0.6943490981	0.6917467144	0.6917467144	0.6927178737	0.4275661479	0.6927178737	0.3386550399	0.6927178737	0.6927178737	0.4172271557	0.6927178737	0.690102306	0.1986144476	0.2360720737	0.3003836824	0.3386550399	0.3003836824	0.2978229854	0.2454003826	0.307210184	0.3609899863	0.307210184	0.3627336819	0.2374212646	0.3627336819	0.307210184	0.2374212646	0.3117871196	0.3577425288	0.2357092947	0.3179138127	0.3179138127	0.3733782124	0.462053267	0.7647008441	0.7635634723	0.2514636694	0.254396029	0.2514636694	0.7635634723	0.7635634723	0.36795008	0.2514636694	0.3227340378	0.2514636694	0.3791785617	0.3824895972	0.7801720771	0.7897476579	0.7897476579	0.7842541221	0.7836337971	0.7785252503	1	0.6851521016	0.6894971931	0.8277877669	0.6832965476	0.8286535937	0.7371885422
chr11_2116492_C_G	-0.1021569735	0.2262583287	0.1822369224	-0.1915582055	-0.1924534365	0.1822369224	0.181460672	0.1822369224	0.1822369224	0.1615266224	-0.1915582055	0.2842446388	0.1615266224	-0.115513289	-0.162186353	-0.162186353	-0.162186353	0.4130695196	0.4130695196	0.5448332771	-0.05473832585	0.5056622333	0.5056622333	0.5392671024	0.5392671024	0.5392671024	0.5392671024	-0.05473832585	0.5357173826	0.5448332771	-0.09936969602	-0.05410409646	-0.05607469517	0.5162170263	0.5448332771	0.5069307762	0.5412895765	-0.05705833792	0.5261678622	-0.05705833792	0.5483811187	0.5448332771	0.5448332771	0.5420832255	0.5237911171	0.5420832255	0.5161497314	0.5420832255	0.5420832255	0.555844977	0.5420832255	0.5476796495	-0.07599064521	-0.06330881523	-0.06762785128	0.5161497314	-0.06762785128	-0.06855208614	-0.05508996287	-0.05670237678	0.5483289054	-0.05670237678	0.5505205155	-0.03163504293	0.5505205155	-0.05670237678	-0.03163504293	-0.04845690675	0.5520293455	-0.042139057	-0.04199633211	-0.04199633211	0.5748723673	0.535609281	0.6250136749	0.6285695166	-0.01810773994	-0.01385078548	-0.01810773994	0.6285695166	0.6285695166	0.5774082092	-0.01810773994	-0.05232947288	-0.01810773994	0.582432654	0.5911110448	0.6289057669	0.6292883057	0.6292883057	0.6340750345	0.6308929493	0.7532408958	0.6851521016	1	0.9979984116	0.8543926932	0.991960224	0.8525668314	0.7462710012
chr11_2116493_T_A	-0.1032947106	0.2245293361	0.1800873393	-0.1858061473	-0.1867110534	0.1800873393	0.1792987875	0.1800873393	0.1800873393	0.1600498387	-0.1858061473	0.28749151	0.1600498387	-0.1131988955	-0.1565617788	-0.1565617788	-0.1565617788	0.4104685534	0.4104685534	0.5442643318	-0.05172441347	0.5032549901	0.5032549901	0.5432436785	0.5432436785	0.5432436785	0.5432436785	-0.05172441347	0.5396935837	0.54883508	-0.09587151239	-0.05084000266	-0.05284393772	0.5138309138	0.54883508	0.5109104768	0.545291051	-0.05384412805	0.5272456917	-0.05384412805	0.5523832912	0.54883508	0.54883508	0.5460805677	0.524869636	0.5460805677	0.5137618113	0.5460805677	0.5460805677	0.5540570287	0.5460805677	0.5471077319	-0.07466228863	-0.06012586865	-0.06545857681	0.5137618113	-0.06545857681	-0.06639476927	-0.05184257782	-0.05447042276	0.545670461	-0.05447042276	0.5478684393	-0.02815710654	0.5478684393	-0.05447042276	-0.02815710654	-0.04619790028	0.5493985733	-0.03871633971	-0.03979580401	-0.03979580401	0.5722882033	0.5364535568	0.629006145	0.6277894313	-0.01475649157	-0.01050144362	-0.01475649157	0.6277894313	0.6277894313	0.5748319756	-0.01475649157	-0.05012077148	-0.01475649157	0.5839300205	0.5885208812	0.6280715357	0.6332600934	0.6332600934	0.6332600934	0.630089299	0.7540451445	0.6894971931	0.9979984116	1	0.8553184498	0.9899166619	0.8534732022	0.7473879595
chr11_2116686_G_C	-0.05000338943	0.1973378315	0.1399195921	-0.09182109475	-0.09342759941	0.1399195921	0.1383733205	0.1399195921	0.1399195921	0.1417928593	-0.09182109475	0.3345371499	0.1417928593	-0.0705644627	-0.06939262325	-0.06939262325	-0.06939262325	0.3632210068	0.3632210068	0.6101272113	0.03635501726	0.4228791945	0.4228791945	0.6083304457	0.6083304457	0.6083304457	0.6083304457	0.03635501726	0.605267603	0.6149868197	-0.02794693762	0.01373183032	0.009833798831	0.4350771629	0.6149868197	0.5816201149	0.6119310525	0.007890734961	0.5380834879	0.007890734961	0.6180476598	0.6149868197	0.6149868197	0.6115072265	0.5361426751	0.6115072265	0.4357489828	0.6115072265	0.6115072265	0.4974556266	0.6115072265	0.6133146988	0.0447871614	0.0003349817202	0.09849063072	0.4357489828	0.09849063072	0.09676866214	0.01178079774	0.1075380847	0.4508721512	0.1075380847	0.4528339329	-0.006667846294	0.4528339329	0.1075380847	-0.006667846294	0.1114604816	0.455749571	-0.01806218091	0.112736411	0.112736411	0.4795470814	0.5670643265	0.6750971801	0.6738396391	0.000515129939	0.004206494153	0.000515129939	0.6738396391	0.6738396391	0.4803755945	0.000515129939	0.1046461901	0.000515129939	0.4882078019	0.492159636	0.6865976752	0.6912697888	0.6912697888	0.6912697888	0.6893713259	0.6584126638	0.8277877669	0.8543926932	0.8553184498	1	0.8535473776	0.9977252783	0.8931486043
chr11_2116776_T_C	-0.09345204324	0.2225552602	0.178548235	-0.1923305744	-0.193229415	0.178548235	0.1777666383	0.178548235	0.178548235	0.1673767739	-0.1923305744	0.2806478825	0.1673767739	-0.1159790423	-0.1628402936	-0.1628402936	-0.1628402936	0.4106963929	0.4106963929	0.5470300623	-0.04976271799	0.5035558746	0.5035558746	0.5414414447	0.5414414447	0.5414414447	0.5414414447	-0.04976271799	0.5378774122	0.5470300623	-0.09419182402	-0.04901247333	-0.0510015204	0.514214271	0.5470300623	0.5089747374	0.5434720734	-0.05199424782	0.5202336813	-0.05199424782	0.5460168268	0.5424537373	0.5424537373	0.539669647	0.5178343309	0.539669647	0.5141276316	0.539669647	0.539669647	0.5540220353	0.539669647	0.5452876782	-0.07629704192	-0.05827495822	-0.06318573518	0.5141276316	-0.06318573518	-0.06411369657	-0.05000761073	-0.05218989425	0.5464262137	-0.05218989425	0.5486348564	-0.02633576695	0.5486348564	-0.05218989425	-0.02633576695	-0.04865228655	0.5501505189	-0.0369212647	-0.0374764457	-0.0374764457	0.5730684199	0.5336655747	0.62753375	0.631103929	-0.01287627429	-0.008607362563	-0.01287627429	0.631103929	0.631103929	0.5756550587	-0.01287627429	-0.0478513515	-0.01287627429	0.5806817468	0.5893859804	0.6314415351	0.6270195872	0.6270195872	0.6318256163	0.6334367299	0.7606223277	0.6832965476	0.991960224	0.9899166619	0.8535473776	1	0.8516975431	0.7451716831
chr11_2117403_A_G	-0.05110509464	0.1955782794	0.1376207848	-0.09471483736	-0.09633734879	0.1376207848	0.1360577237	0.1376207848	0.1376207848	0.1402814725	-0.09471483736	0.3283339295	0.1402814725	-0.0733873985	-0.07223900383	-0.07223900383	-0.07223900383	0.3606130702	0.3606130702	0.6053706456	0.03433730338	0.4204314535	0.4204314535	0.6035586935	0.6035586935	0.6035586935	0.6035586935	0.03433730338	0.6004922221	0.610249069	-0.02997040934	0.01177069883	0.007839097948	0.432667564	0.610249069	0.5768680415	0.6071896304	0.005879254576	0.5354462424	0.005879254576	0.6133135301	0.610249069	0.610249069	0.6067105556	0.5334988343	0.6067105556	0.4333402574	0.6067105556	0.6067105556	0.4958071838	0.6067105556	0.6085332833	0.04208308897	-0.00171502126	0.09636393932	0.4333402574	0.09636393932	0.09462531163	0.009802879597	0.1054525204	0.4481367867	0.1054525204	0.4501063915	-0.008671858142	0.4501063915	0.1054525204	-0.008671858142	0.1093660189	0.4530515334	-0.02009604438	0.1106486672	0.1106486672	0.4769224545	0.5641812837	0.6699204941	0.6686137625	-0.00150640581	0.002190005874	-0.00150640581	0.6686137625	0.6686137625	0.4777550384	-0.00150640581	0.1025669285	-0.00150640581	0.4855804172	0.4895287623	0.6813288035	0.6860524592	0.6860524592	0.6860524592	0.6841705047	0.6549312691	0.8286535937	0.8525668314	0.8534732022	0.9977252783	0.8516975431	1	0.8911823103
chr11_2118860_T_G	-0.07613692028	0.1053590078	-0.001287721827	-0.05667927559	-0.05774535663	-0.001287721827	-0.002362006263	-0.001287721827	-0.001287721827	0.01262258441	-0.05667927559	0.2509218118	0.01262258441	-0.05127930517	-0.03559345556	-0.03559345556	-0.03559345556	0.2632896355	0.2632896355	0.5346453501	0.05411070781	0.3332712382	0.3332712382	0.5334252352	0.5334252352	0.5334252352	0.5334252352	0.05411070781	0.5299918354	0.5392988647	-0.01502174986	0.02319673816	0.02057972767	0.3495082115	0.5392988647	0.5072243695	0.5358715154	0.01927552794	0.4631175951	0.01927552794	0.5427303468	0.5392988647	0.5392988647	0.5362108513	0.4607425333	0.5362108513	0.3489588159	0.5362108513	0.5362108513	0.4793658426	0.5362108513	0.5374384977	-0.005789847438	0.01259577685	0.1204298597	0.3489588159	0.1204298597	0.1192860858	0.02188677526	0.1282234043	0.378037732	0.1282234043	0.3804632059	0.005331859275	0.3804632059	0.1282234043	0.005331859275	0.1326313545	0.3823853102	-0.005663733986	0.1306687765	0.1306687765	0.4049468226	0.4993491946	0.6082773782	0.6068559019	0.01109887917	0.01519107435	0.01109887917	0.6068559019	0.6068559019	0.4084607638	0.01109887917	0.1209115045	0.01109887917	0.4082748577	0.3998338873	0.5963212415	0.6016468253	0.6016468253	0.6016468253	0.5988261616	0.5598780768	0.7371885422	0.7462710012	0.7473879595	0.8931486043	0.7451716831	0.8911823103	1
