variant_id	chr11_2040128_A_G	chr11_2040476_C_T	chr11_2063051_C_T	chr11_2063598_G_A	chr11_2063846_C_T	chr11_2064769_A_G	chr11_2065099_T_C	chr11_2065330_T_C	chr11_2065765_C_A	chr11_2065900_C_T	chr11_2066031_T_G	chr11_2066970_G_A	chr11_2067320_C_T	chr11_2068243_A_AT	chr11_2068717_A_G	chr11_2068776_A_G	chr11_2068968_C_T	chr11_2069125_TCTCCATACTCCATTTTCCACA_T	chr11_2070333_C_T	chr11_2070570_C_T	chr11_2070813_A_C	chr11_2070926_A_T	chr11_2070993_T_G	chr11_2070994_C_T	chr11_2072097_C_T	chr11_2072504_T_C	chr11_2072719_A_T	chr11_2072834_C_T	chr11_2073182_A_G	chr11_2073378_C_T	chr11_2073444_A_G	chr11_2073476_A_C	chr11_2073913_A_G	chr11_2074316_C_T	chr11_2074376_A_G	chr11_2074576_C_A	chr11_2074632_A_C	chr11_2074763_T_TG	chr11_2074764_A_G	chr11_2075149_A_G	chr11_2075252_T_C	chr11_2075577_G_A	chr11_2075720_C_G	chr11_2075736_C_T	chr11_2076043_C_A	chr11_2076311_A_C	chr11_2076798_T_C	chr11_2076844_T_C	chr11_2076994_T_C	chr11_2077046_CCA_C	chr11_2077056_T_G	chr11_2077271_C_T	chr11_2077310_A_G	chr11_2077486_A_G	chr11_2077866_C_T	chr11_2077895_T_G	chr11_2078005_C_G	chr11_2078638_T_C	chr11_2078639_G_A	chr11_2078679_T_C	chr11_2078742_G_A	chr11_2078745_A_T	chr11_2078858_A_AT	chr11_2079295_A_G	chr11_2080254_A_G	chr11_2080612_C_T	chr11_2081637_C_CT	chr11_2081917_A_G	chr11_2082061_G_A	chr11_2082423_C_T	chr11_2082702_C_CA	chr11_2082751_A_G	chr11_2082869_C_T	chr11_2082990_C_T	chr11_2083463_G_A	chr11_2083657_C_G	chr11_2083658_C_T	chr11_2083709_C_T	chr11_2084014_C_T	chr11_2084913_T_C	chr11_2085855_C_T	chr11_2086132_G_A	chr11_2086270_C_T	chr11_2086561_C_G	chr11_2086893_CAGT_C	chr11_2087220_T_C	chr11_2087361_A_G	chr11_2087412_A_T	chr11_2087607_T_C	chr11_2087727_T_G	chr11_2087911_T_C	chr11_2088229_C_T	chr11_2089861_A_G	chr11_2090336_T_G	chr11_2090389_G_A	chr11_2090456_T_G	chr11_2090748_T_C	chr11_2091639_C_T	chr11_2092983_G_C	chr11_2092999_C_G	chr11_2093065_C_T	chr11_2093603_C_A	chr11_2093897_G_A	chr11_2094303_C_T	chr11_2094347_C_T	chr11_2094579_G_A	chr11_2094599_G_A	chr11_2094739_C_T	chr11_2094762_G_A	chr11_2094852_T_C	chr11_2095273_C_T	chr11_2095733_C_A	chr11_2095799_A_G	chr11_2095814_GACA_G	chr11_2095878_C_T	chr11_2095968_T_C	chr11_2096158_C_T	chr11_2096564_C_G	chr11_2096707_G_A	chr11_2096908_C_T	chr11_2096919_G_A	chr11_2097177_C_A	chr11_2097561_T_C	chr11_2097671_G_A	chr11_2097954_C_T	chr11_2098122_C_T	chr11_2098180_AC_A	chr11_2098701_A_AT	chr11_2099684_T_C	chr11_2099854_G_A	chr11_2101283_G_A	chr11_2101317_A_T	chr11_2101345_C_T	chr11_2101692_T_C	chr11_2101748_G_T	chr11_2101749_A_T	chr11_2101804_G_A	chr11_2102033_G_A	chr11_2102146_A_AC	chr11_2102842_G_A	chr11_2102868_G_A	chr11_2102978_A_C	chr11_2103039_T_G	chr11_2103063_T_C	chr11_2103073_T_TC	chr11_2104098_C_T	chr11_2104138_A_G	chr11_2104159_C_T	chr11_2104272_G_A	chr11_2105215_T_G	chr11_2105673_C_T	chr11_2106354_T_C	chr11_2106729_G_A	chr11_2106930_T_C	chr11_2107025_C_T	chr11_2107107_G_A	chr11_2107122_C_T	chr11_2107154_G_A	chr11_2107216_C_A	chr11_2107655_C_A	chr11_2107742_G_A	chr11_2107752_C_T	chr11_2107761_C_T	chr11_2107854_G_T	chr11_2108072_G_A	chr11_2108091_G_GAGTC	chr11_2108136_G_T	chr11_2108689_C_T	chr11_2108712_G_C	chr11_2108794_C_T	chr11_2108997_G_A	chr11_2109059_G_A	chr11_2109282_GC_G	chr11_2109320_TG_T	chr11_2109650_G_GC	chr11_2110046_T_C	chr11_2110067_G_A	chr11_2111124_C_G	chr11_2111243_A_G	chr11_2111386_G_C	chr11_2111406_A_C	chr11_2111509_A_G	chr11_2111531_A_G	chr11_2111568_G_A	chr11_2111990_C_T	chr11_2112258_T_C	chr11_2113165_C_T	chr11_2113931_G_A	chr11_2114221_T_C	chr11_2114571_C_G	chr11_2114583_C_T	chr11_2114811_T_C	chr11_2115390_C_T	chr11_2115704_C_T	chr11_2115906_C_T	chr11_2116314_C_T	chr11_2116492_C_G	chr11_2116493_T_A	chr11_2116519_C_T	chr11_2116686_G_C	chr11_2116776_T_C	chr11_2116887_C_T	chr11_2117063_T_C	chr11_2117403_A_G	chr11_2117677_C_T	chr11_2118063_A_ACT	chr11_2118282_A_G	chr11_2118338_C_CGCTCTGAG	chr11_2118403_A_C	chr11_2118815_G_A	chr11_2118860_T_G	chr11_2119046_G_A	chr11_2119119_G_T	chr11_2119159_G_A	chr11_2119283_C_T	chr11_2119780_C_A	chr11_2119781_G_A	chr11_2119803_C_T	chr11_2120123_C_T	chr11_2120298_A_G	chr11_2120805_A_G	chr11_2121017_G_A
chr11_2040128_A_G	1	-0.06145443524	-0.1116833618	-0.07771573898	-0.05263031512	-0.03246005584	-0.07904060392	-0.004896133113	-0.07904060392	-0.07904060392	-0.07904060392	-0.08484382994	-0.05524870266	-0.01986923321	0.07047069637	-0.09032541659	0.1042811068	0.02888237443	0.04014598663	0.04014598663	0.1815950008	0.04014598663	0.04016722345	0.04016722345	0.05122034761	-0.06494343104	0.09316301824	-0.0450235973	-0.03242749343	-0.07461223368	-0.07461223368	-0.07461223368	0.001617483836	0.3151495236	0.08158925918	0.001617483836	0.3394813999	0.005689657026	0.005689657026	0.001617483836	0.001617483836	0.003239541857	-0.05190538698	0.001617483836	0.08614042019	0.08158925918	0.001617483836	0.3394813999	-0.01423209097	-0.03298058063	-0.03298058063	-0.02984442545	0.09989986076	-0.09110456316	0.03639543031	-0.07154619454	0.01198459289	0.004872466085	-0.07154619454	-0.06095208434	-0.004338695949	0.01198459289	0.004872466085	0.294299619	0.003274419335	-0.03298058063	0.03598137649	-0.03454088829	0.09649246887	0.01746487752	0.01907223234	0.3151495236	0.2112474954	0.1183055867	0.294299619	0.3151495236	0.3151495236	0.01746487752	0.01746487752	0.03006516868	0.2074063657	0.01746487752	0.1033895361	-0.005641965392	0.2075700052	-0.09005988475	0.2747681262	-0.09005988475	0.3151495236	0.01438725148	-0.01441871305	-0.1037674468	0.0160236457	-0.08173335727	0.3151495236	0.05477004287	0.1042572962	0.09561643723	-0.09317464267	0.09561643723	-0.01746487752	0.0388027893	-0.09160954332	0.02939705245	-0.005641965392	0.3151495236	0.03362636023	0.008528053375	-0.005641965392	0.03662828998	-0.02045905333	0.2211015176	0.104862262	-0.1577249762	-0.006655401472	0.1019696921	-0.06095208434	0.2892244838	-0.1604708982	-0.0261346884	-0.009334607679	0.294299619	-0.1604708982	0.07589345378	0.03846424319	0.07914888133	-0.0221433998	0.0388027893	-0.0221433998	-0.1604708982	-0.009334607679	0.2003169303	0.03483051	0.09105100409	-0.04850757513	-0.04850757513	0.0474031531	-0.1559373687	-0.06578417268	0.2003169303	-0.02443240568	-0.0002329964693	0.2563493394	-0.02080957405	-0.01960049105	0.02989890066	0.009437735941	0.02989890066	0.210254641	0.1911058042	0.115288789	0.210254641	0.1384067553	0.05539445308	-0.1054557207	-0.01085698914	-0.01085698914	0.07481315163	0.07481315163	-0.01085698914	0.02362194696	0.210254641	-0.1790243662	-0.1037200839	-0.1054557207	-0.1541683192	0.01607974978	-0.01085698914	0.210254641	0.07770952036	0.1529603122	0.07481315163	0.02058888929	-0.01234312377	-0.08056075462	0.04893155026	-0.1541683192	-0.1154132193	-0.01018595218	-0.02797474401	-0.01018595218	-0.1118158055	-0.1118158055	-0.068064623	-0.068064623	-0.2502091587	-0.04611773921	-0.1897397226	-0.005682425657	-0.01764480652	0.0988848939	0.2616382812	-0.02160576587	0.2820335319	0.2774305758	0.03277632957	-0.09343275623	-0.01450802892	0.2575879331	-0.008089272866	-0.2304714005	0.2575879331	-0.006655401472	-0.005183379962	-0.04867915605	0.1587727127	-0.0258939548	-0.05940974254	0.1347379237	0.2653273797	-0.006281603625	0.3151495236	0.1996080343	0.1587727127	0.04075947079	0.008528053375	0.1073454672	0.1818690321	0.05123420289	0.002997133305	0.03597106596	-0.06953203883
chr11_2040476_C_T	-0.06145443524	1	-0.01526148124	-0.06452620818	-0.0260665483	-0.009816395864	-0.04657651691	-0.006650914192	-0.04657651691	-0.04657651691	-0.04657651691	-0.04727472013	-0.02786763835	-0.003992457566	0.0142821355	-0.05128062753	-0.04719749279	-0.02906657968	-0.04447154321	-0.04447154321	0.1546706933	-0.04447154321	0.05416410656	0.05416410656	-0.04733488806	0.007556701384	-0.0294314485	0.05567608618	0.07332188273	-0.03402599862	-0.03402599862	-0.03402599862	-0.001663191168	-0.03373412703	-0.06823816825	-0.001663191168	-0.03175789554	-0.01096726537	-0.01096726537	-0.001663191168	-0.001663191168	-0.0004997648599	0.08162559112	-0.001663191168	-0.06613637298	-0.06823816825	-0.001663191168	-0.03175789554	0.05380606897	0.09988498572	0.09988498572	0.1025667544	-0.02652199587	-0.04551270037	-0.06714036609	-0.04975611353	-0.007048918218	0.0006412833818	-0.04975611353	0.0889402431	0.005162419262	-0.007048918218	0.0006412833818	-0.03561161102	-0.0005051454163	0.09988498572	-0.06989524632	0.09855727874	-0.02798811825	-0.001645403613	-0.0004997648599	-0.03373412703	-0.03373412703	0.05022754311	-0.03561161102	-0.03373412703	-0.03373412703	-0.001645403613	-0.001645403613	-0.07477437975	-0.04842618642	-0.001645403613	-0.02503184049	0.001566296014	-0.04719749279	-0.04475870363	-0.04238854139	-0.04475870363	-0.03373412703	-0.003994121388	-0.001663191168	-0.01562506145	-0.002826130883	0.01496896495	-0.03373412703	0.03357838294	-0.07044494127	-0.01933161038	-0.04678082242	-0.01933161038	0.1009419347	0.08230288303	-0.04576497106	0.07501337835	0.001566296014	-0.03373412703	0.07761419221	0.01220505526	0.001566296014	0.05756993371	0.09723808043	-0.01135842927	0.03746422492	-0.04451392406	-0.03740531146	0.05673924384	0.0889402431	-0.04078542707	-0.02844720604	0.05407915614	0.05762957953	-0.03561161102	-0.02844720604	0.01104181053	0.05915221803	0.01289850296	0.06021752227	0.05967285101	0.06021752227	-0.02844720604	0.05762957953	-0.04692173498	0.0560234439	0.007268940221	0.04755574853	0.04755574853	0.05496457766	-0.02581865271	0.00937218499	-0.04692173498	0.01519198664	0.02795106437	-0.03954707094	-0.03090953013	-0.03008296512	0.07300771332	-0.007530019597	0.07300771332	-0.04545195478	-0.0483553883	-0.04078542707	-0.04545195478	0.03056643498	-0.03373412703	0.008260784505	0.05574756585	0.05574756585	-0.02966307248	-0.02966307248	0.05574756585	0.06732405465	-0.04545195478	0.02473250179	0.009338270727	0.008260784505	-0.04254370326	0.1541420374	0.05574756585	-0.04545195478	0.068401215	0.01774615749	-0.02966307248	0.07739457113	0.05392353876	-0.05400181124	0.04643239541	-0.04254370326	0.002851083203	-0.009915579404	0.05392353876	-0.009915579404	0.005058329356	0.005058329356	0.04599014692	0.04599014692	0.05653217624	0.07657291157	-0.01748372837	0.02347362264	0.006037469186	0.009450791401	-0.04394233788	0.1508227872	-0.00072943702	-0.007048918218	-0.05112669189	-0.004798117208	-0.01234529782	-0.007323309418	-0.0129095088	0.008656354955	-0.007323309418	0.1838386046	-0.0108770686	-0.1211928388	-0.04078542707	0.007813259158	-0.07015066772	-0.03740531146	-0.005201909285	0.01668517004	-0.03373412703	0.004101673631	-0.04078542707	-0.01074796357	0.01220505526	-0.03373412703	-0.03740531146	-0.003006309441	0.0293772205	0.007401164272	-0.0483553883
chr11_2063051_C_T	-0.1116833618	-0.01526148124	1	0.8769209205	-0.4215425659	-0.4097897808	0.8807028633	0.1585305767	0.8807028633	0.8807028633	0.8807028633	0.8702221973	-0.4229621807	0.1507200935	0.308026244	0.8505398643	-0.04483642515	-0.4105678735	-0.4656764363	-0.4656764363	-0.2472863102	-0.4656764363	0.6888291816	0.6888291816	-0.04921905385	0.2418566784	0.02100813787	-0.1744197643	-0.1981586763	0.3247532748	0.3247532748	0.3247532748	0.2049522076	-0.1105662099	-0.0196861091	0.2049522076	-0.130588495	0.03435780011	0.03435780011	0.2049522076	0.2049522076	0.2070484934	-0.1932720263	0.2049522076	-0.01889574163	-0.0196861091	0.2049522076	-0.130588495	-0.1941520303	-0.2091431417	-0.2091431417	-0.2091836295	0.02264105398	0.3265049954	-0.04558454254	-0.007934516816	0.05291590325	0.2027650952	-0.007934516816	-0.06061244034	0.2198515826	0.05291590325	0.2027650952	-0.0929476746	0.2092776139	-0.2176490805	0.325108189	-0.213378256	0.01537280494	0.1941643317	0.1984698871	-0.1105662099	-0.02612055728	-0.2125747581	-0.0929476746	-0.1105662099	-0.1105662099	0.1941643317	0.1941643317	0.3164627354	-0.04492632047	0.1941643317	0.01691937851	0.09412536398	-0.1008013155	0.3303965641	-0.08335029634	0.3303965641	-0.1105662099	0.1962687065	0.1962633358	0.3435961122	0.2006160683	0.2304325888	-0.1105662099	-0.1975630364	-0.06692091358	0.04896783939	0.3324654571	0.04896783939	-0.2199521691	-0.1689635324	0.3345283064	-0.1843434707	0.09412536398	-0.1105662099	-0.1705747254	0.2677214076	0.09412536398	-0.170123463	-0.2176039985	0.02321189122	-0.1765670273	0.3039698321	-0.05166272413	-0.1845065001	-0.06061244034	-0.09702719822	0.2979515891	-0.1636456026	-0.2072178647	-0.0929476746	0.2979515891	0.03564841446	-0.1597215441	0.04318794379	-0.1986072389	-0.1611273461	-0.1986072389	0.2979515891	-0.2072178647	-0.0478472803	-0.1803511589	0.008054538436	-0.05426910814	-0.05426910814	-0.1767612836	0.2877511527	0.231794408	-0.0478472803	0.04491731411	0.0309719045	-0.1201902949	0.2731150972	0.2704526127	0.05427027711	0.1392326708	0.05427027711	-0.05889761277	-0.05761633438	-0.04990552183	-0.05889761277	-0.002255682079	-0.02612055728	0.168296273	-0.2092534959	-0.2092534959	-0.026504251	-0.026504251	-0.2092534959	0.03710893104	-0.05889761277	0.1834832249	0.1643234313	0.168296273	0.2777739116	-0.09015113749	-0.2092534959	-0.05889761277	-0.1792750802	-0.0002228766879	-0.026504251	-0.1637396864	-0.2112777585	0.2516697106	0.02825774048	0.2777739116	0.1652569056	0.1302188549	-0.2112777585	0.1302188549	0.1654630704	0.1654630704	0.04772897843	0.04772897843	0.1018308134	0.114291075	0.2039184553	0.01461451842	0.1746017676	0.002549553394	-0.09269127857	-0.1349170985	-0.05339644778	-0.07492965586	-0.05665226188	0.187785251	0.1662937958	-0.06124365012	0.1672954132	0.2266049239	-0.06124365012	-0.0771997117	0.1601935886	-0.1836253252	-0.09702719822	-0.01816567878	0.3697824939	-0.1027366993	-0.05306487321	0.1205530131	-0.1105662099	-0.01735924606	-0.09702719822	0.2025187111	0.2481677708	-0.05426910814	-0.0771997117	-0.1134200903	-0.04399938862	-0.03132346532	-0.01726745844
chr11_2063598_G_A	-0.07771573898	-0.06452620818	0.8769209205	1	-0.4911365019	-0.4891246221	0.9969352919	0.4700066377	0.9969352919	0.9969352919	0.9969352919	0.7750903782	-0.4877472746	0.4675396968	0.3546367416	0.7537890269	-0.07674133768	-0.4721964712	-0.5204900827	-0.5204900827	-0.2786400039	-0.5204900827	0.7746461386	0.7746461386	-0.08096323458	0.2431326678	0.03120690176	-0.2362970109	-0.2484239645	0.3546134693	0.3546134693	0.3546134693	0.2098936077	-0.07574753088	0.210884857	0.2098936077	-0.08999931116	-0.008528795721	-0.008528795721	0.2098936077	0.2098936077	0.2124839447	-0.2618572503	0.2098936077	0.2155449028	0.210884857	0.2098936077	-0.08999931116	-0.2385251151	-0.2534662722	-0.2534662722	-0.2520694934	0.02326463819	0.3477733163	0.2872550748	0.2149913609	0.01078346164	0.2092560926	0.2149913609	-0.08805315698	0.2284997094	0.01078346164	0.2092560926	-0.03804899501	0.2147715842	-0.2614648896	0.3603331672	-0.2581647891	0.003037838584	0.2076488301	0.2124839447	-0.0492778499	0.03013119305	-0.2268260297	-0.03804899501	-0.0492778499	-0.0492778499	0.2076488301	0.2076488301	0.3555771153	-0.01869745029	0.2076488301	0.006833933956	0.05345923173	-0.0416566945	0.3520993021	-0.02390806502	0.3520993021	-0.0492778499	0.2083039131	0.2098936077	0.2245238577	0.2131906085	0.2218101371	-0.0492778499	-0.07194607706	0.2651114189	0.04181257285	0.3531611805	0.04181257285	-0.2561483661	-0.2054348055	0.3555439193	-0.2165234427	0.05345923173	-0.0492778499	-0.2082820274	0.2560987921	0.05345923173	-0.2064350708	-0.2548862817	0.05032442065	-0.1818888877	0.2980829992	0.1641525149	-0.1907803076	-0.08805315698	-0.03249912812	0.291249589	-0.2277004861	-0.2404654633	-0.03804899501	0.291249589	0.02326463819	-0.1963379107	0.03153575774	-0.2472889081	-0.1980659945	-0.2472889081	0.291249589	-0.2404654633	0.01808728069	-0.2163677111	-0.004700024328	-0.07574753088	-0.07574753088	-0.2136979271	0.2833821524	0.2203487991	0.01808728069	0.0109265104	-0.01218802901	-0.04225381165	0.3004165826	0.2985760202	0.01062361137	0.1439974212	0.01062361137	0.01162039542	0.005248508063	0.1447456256	0.01162039542	0.0004568622075	0.03013119305	0.1353834147	-0.258761305	-0.258761305	0.04312015994	0.04312015994	-0.258761305	0.006252297485	0.01162039542	0.1257999596	0.1324828678	0.1353834147	0.2745466241	-0.106506795	-0.258761305	0.01162039542	-0.2201618032	0.02577878369	0.04312015994	-0.2145797518	-0.2607169687	0.2786287992	0.02727071188	0.2745466241	0.1358819936	0.1421593331	-0.2686814716	0.1421593331	0.1377695665	0.1377695665	0.02539679614	0.02539679614	-0.0317273484	0.08397683297	0.1075058732	0.01084759586	0.07088378278	-0.0341373928	-0.05729379021	-0.1758499459	-0.03838322002	-0.04932675827	-0.07267856924	0.1289799972	0.1159289619	-0.02002183019	0.09627282192	0.1318868501	-0.02002183019	-0.1000001619	0.08406146563	-0.1734800987	0.01181206032	-0.05549904053	0.3174574848	-0.02795852277	-0.02591133146	-0.02694787734	-0.0492778499	-0.0176100092	0.01181206032	0.1882937654	0.2377113969	-0.02280816892	0.04408311634	-0.1129017759	-0.03984804763	-0.0111275326	0.175989036
chr11_2063846_C_T	-0.05263031512	-0.0260665483	-0.4215425659	-0.4911365019	1	0.9781988618	-0.4894249858	-0.2427851566	-0.4894249858	-0.4894249858	-0.4894249858	-0.3718099202	0.9938188531	-0.2324559666	0.3461633781	-0.3741087327	0.2412440143	0.825528797	0.9130219567	0.9130219567	-0.2315925478	0.9130219567	-0.6248422831	-0.6248422831	0.07232163301	0.1844812171	-0.01554645451	0.3022681603	0.2721483051	-0.05174652693	-0.05174652693	-0.05174652693	0.2002519098	-0.02223806275	-0.09756329471	0.2002519098	-0.005278944212	0.08049970559	0.08049970559	0.2002519098	0.2002519098	0.2029688862	0.2866227711	0.2002519098	-0.1050882389	-0.09756329471	0.2002519098	-0.005278944212	0.2849053998	0.2542441487	0.2542441487	0.2657506941	-0.01218963021	-0.01710310692	-0.1456393064	-0.1174906936	0.05724852804	0.2078151236	-0.1174906936	0.04131599895	0.2190540172	0.05724852804	0.2078151236	-0.03752069178	0.2051540849	0.2703255777	-0.03678880891	0.2645881875	0.004387682314	0.2143618459	0.2029688862	-0.02223806275	-0.1552830244	0.1932717278	-0.03752069178	-0.02223806275	-0.02223806275	0.2143618459	0.2143618459	-0.04469651925	-0.03779989388	0.2143618459	-0.004257907586	0.08706628196	-0.05854499777	-0.02503664585	-0.0446609224	-0.02503664585	-0.02223806275	0.2151528507	0.208465552	0.03684515468	0.2117982934	0.2045522528	-0.02223806275	0.1504132323	-0.1663438807	0.01664430971	-0.02109146821	0.01664430971	0.2650602724	0.2408855456	-0.02307160176	0.2238121658	0.08706628196	-0.02223806275	0.2438037324	-0.1482995001	0.08706628196	0.2390899793	0.2588821346	-0.05360635232	0.182464831	-0.01326308513	-0.07562094864	0.1872314708	0.04131599895	-0.03183576757	-0.003361644769	0.2907462782	0.2370445926	-0.03752069178	-0.003361644769	0.03699411029	0.2240979427	0.02057392321	0.2488281746	0.2334779521	0.2488281746	-0.003361644769	0.2370445926	-0.1180166856	0.2105906201	-0.003399108494	-0.04884705508	-0.04884705508	0.2057540943	0.007933569636	-0.1203737542	-0.1180166856	0.0877081971	0.07172296101	-0.001560350047	0.02569562147	0.02358787702	0.06774445226	0.2170491744	0.06774445226	-0.10838855	-0.1272317065	-0.05410796786	-0.10838855	0.001968285847	-0.1020650397	0.2188038416	0.2368515828	0.2368515828	-0.07637759661	-0.07637759661	0.2368515828	0.07561885654	-0.10838855	0.2503042406	0.2234766635	0.2188038416	0.0116466183	0.01387107316	0.2368515828	-0.10838855	0.2117508976	-0.02471053505	-0.07637759661	0.2302915504	0.2447149729	0.001408635969	0.01656788842	0.0116466183	0.1972589373	0.2072447624	0.2447149729	0.2072447624	0.2067666681	0.2067666681	0.07232163301	0.07232163301	0.1213052176	0.0297972323	0.2044453474	0.03903955679	0.2074198244	0.004496470089	-0.1190862869	-0.0367191328	-0.120387837	-0.1391378674	0.07316567754	0.05383528303	0.04659648904	-0.1445540469	0.09391426023	0.1104025238	-0.1445540469	0.1899219777	0.1030264129	0.3346512937	-0.03183576757	0.1104496404	-0.1285962609	-0.003200150541	-0.1367274366	0.1625183722	-0.04884705508	-0.1202390684	-0.03183576757	-0.1545676228	-0.1482995001	-0.02223806275	-0.09976121468	0.1640115375	0.04225906469	0.06325827808	-0.07001865834
chr11_2064769_A_G	-0.03246005584	-0.009816395864	-0.4097897808	-0.4891246221	0.9781988618	1	-0.481208116	-0.2315525371	-0.481208116	-0.481208116	-0.481208116	-0.3707396502	0.9780699584	-0.2208391502	0.3585206219	-0.3734301077	0.2405343313	0.8422634656	0.9144178004	0.9144178004	-0.2399591182	0.9144178004	-0.6223470261	-0.6223470261	0.07005340802	0.186126469	-0.007616412999	0.2975407461	0.2661870507	-0.04953461469	-0.04953461469	-0.04953461469	0.2014683431	0.002321598543	-0.09494412054	0.2014683431	-0.007294417835	0.07778595335	0.07778595335	0.2014683431	0.2014683431	0.2042888856	0.2811837778	0.2014683431	-0.1023420748	-0.09494412054	0.2014683431	-0.007294417835	0.2800445599	0.2571850959	0.2571850959	0.2689405847	-0.01627085592	-0.02118432695	-0.1373911826	-0.1028893773	0.05447875465	0.209251279	-0.1028893773	0.03906963513	0.2208771701	0.05447875465	0.209251279	-0.01455779879	0.2064882957	0.2734140882	-0.03762140151	0.2675528351	0.000389659045	0.2157143942	0.2042888856	-0.02453155794	-0.1587973403	0.1990068916	-0.01455779879	-0.02453155794	-0.02453155794	0.2157143942	0.2157143942	-0.04587298652	-0.03268434787	0.2157143942	-0.008196756644	0.08490186838	-0.0442090818	-0.02914566506	-0.02600474914	-0.02914566506	-0.02453155794	0.2163594361	0.2097573536	0.02933233592	0.213047555	0.1989550237	-0.02453155794	0.1547114138	-0.1589523844	0.01308156409	-0.02529845305	0.01308156409	0.2681069021	0.2416525028	-0.02722934047	0.2240594497	0.08490186838	-0.02453155794	0.2444358023	-0.1524019183	0.08490186838	0.239803081	0.2617235034	-0.037459728	0.1816274959	-0.01724285483	-0.07863167265	0.1863181802	0.03906963513	-0.01217750769	-0.00736170596	0.2929277592	0.2401990459	-0.01455779879	-0.00736170596	0.03336419466	0.2247234503	0.01686293107	0.2522392041	0.2341769373	0.2522392041	-0.00736170596	0.2401990459	-0.1220058653	0.210993002	-0.00744374822	-0.05138471442	-0.05138471442	0.2060504855	0.004213877939	-0.1243119231	-0.1220058653	0.08586588966	0.0688884926	-0.004024151099	0.02554410589	0.02346954364	0.06494980518	0.2180506666	0.06494980518	-0.1121983459	-0.1313942414	-0.05713064776	-0.1121983459	-0.002582250893	-0.1050910274	0.2208341385	0.2399209526	0.2399209526	-0.07891572154	-0.07891572154	0.2399209526	0.07274486714	-0.1121983459	0.2536629279	0.2256173525	0.2208341385	0.01385232477	0.01216107017	0.2399209526	-0.1121983459	0.2117050246	-0.02976678852	-0.07891572154	0.2308873513	0.2477754521	0.002964476049	0.01268163074	0.01385232477	0.206718417	0.208006083	0.2477754521	0.208006083	0.2084808405	0.2084808405	0.07005340802	0.07005340802	0.1259198284	0.04095760373	0.1855439077	0.0493451368	0.2092110636	0.05078627086	-0.1019132629	-0.06045756268	-0.10795051	-0.1284644182	0.07067033915	0.03870841539	0.03075021663	-0.1334651155	0.09623218997	0.09281101186	-0.1334651155	0.2137096532	0.1055502604	0.330215561	-0.03465407772	0.1199436158	-0.1373360425	-0.005546341196	-0.1252102325	0.160261651	-0.05138471442	-0.1069398745	-0.03465407772	-0.1377646882	-0.1524019183	-0.02453155794	-0.1029934498	0.1622534679	0.04700213089	0.06887943066	-0.07365620624
chr11_2065099_T_C	-0.07904060392	-0.04657651691	0.8807028633	0.9969352919	-0.4894249858	-0.481208116	1	0.4780489058	1	1	1	0.7727052082	-0.4860641705	0.4757033736	0.3579893284	0.7513377712	-0.07777486722	-0.4696276566	-0.5192306422	-0.5192306422	-0.2809544878	-0.5192306422	0.7761073311	0.7761073311	-0.08200352929	0.2460585812	0.0298856516	-0.2307548782	-0.2438384117	0.3538896318	0.3538896318	0.3538896318	0.2126126412	-0.07650587228	0.2091054296	0.2126126412	-0.09073078508	-0.00967224587	-0.00967224587	0.2126126412	0.2126126412	0.215196678	-0.257083225	0.2126126412	0.2138076696	0.2091054296	0.2126126412	-0.09073078508	-0.233083095	-0.2481670152	-0.2481670152	-0.2467000144	0.02198103972	0.3468094155	0.2861572659	0.2141797867	0.009709898414	0.2119840442	0.2141797867	-0.08899935331	0.2313189065	0.009709898414	0.2119840442	-0.03881016472	0.2175135233	-0.2561731471	0.3584912994	-0.2529039109	0.001712573969	0.210338784	0.215196678	-0.0500113237	0.02947232206	-0.2234979901	-0.03881016472	-0.0500113237	-0.0500113237	0.210338784	0.210338784	0.3536252933	-0.02034369627	0.210338784	0.005557787841	0.05253486856	-0.04265726289	0.3511542647	-0.02479399863	0.3511542647	-0.0500113237	0.2109848472	0.2126126412	0.2240590716	0.2158944303	0.2247614346	-0.0500113237	-0.06884865166	0.263925491	0.04062990276	0.3521730159	0.04062990276	-0.2507930341	-0.2011853615	0.354580165	-0.2124703254	0.05253486856	-0.0500113237	-0.2041852087	0.2554377208	0.05253486856	-0.202287715	-0.2496559701	0.04882413493	-0.1782626925	0.2970941923	0.16354477	-0.1872050551	-0.08899935331	-0.03336047671	0.2902178079	-0.2230280318	-0.2349174211	-0.03881016472	0.2902178079	0.02198103972	-0.1921186798	0.03028281837	-0.241673526	-0.1938096277	-0.241673526	0.2902178079	-0.2349174211	0.01714845757	-0.2122904338	-0.006024390642	-0.07650587228	-0.07650587228	-0.2096422062	0.2824011016	0.2196238854	0.01714845757	0.01006618648	-0.01334813164	-0.04309909868	0.2985623819	0.2967356189	0.009510042645	0.1465631108	0.009510042645	0.01070543687	0.00426841911	0.1440507941	0.01070543687	-0.001045237527	0.02947232206	0.1380917584	-0.2533278509	-0.2533278509	0.04255642086	0.04255642086	-0.2533278509	0.005084764232	0.01070543687	0.1287405594	0.1352066047	0.1380917584	0.2735786352	-0.1072111049	-0.2533278509	0.01070543687	-0.2163428103	0.02421466409	0.04255642086	-0.2105361671	-0.2553792186	0.277419568	0.02596821345	0.2735786352	0.1385254106	0.1446867793	-0.263351204	0.1446867793	0.1404510098	0.1404510098	0.02445642402	0.02445642402	-0.03060557101	0.09687372634	0.1049189404	0.02306796719	0.07347089452	-0.02310199612	-0.05824274038	-0.1786438791	-0.0394653496	-0.05045679354	-0.07378832137	0.1261430732	0.1128914077	-0.02116651886	0.09921619525	0.1299208745	-0.02116651886	-0.07681963146	0.08702982114	-0.1761118285	0.01099234098	-0.04434635823	0.3152694529	-0.02874675118	-0.02703542042	-0.02363120752	-0.0500113237	-0.01861680917	0.01099234098	0.1868182809	0.2370330511	-0.02351677511	0.04336256925	-0.1140809989	-0.03178149185	-0.002590922026	0.1751693535
chr11_2065330_T_C	-0.004896133113	-0.006650914192	0.1585305767	0.4700066377	-0.2427851566	-0.2315525371	0.4780489058	1	0.4780489058	0.4780489058	0.4780489058	-0.1881443451	-0.2279466131	0.9852611601	0.1919328958	-0.1955971902	0.004541030455	-0.2202880281	-0.2424452529	-0.2424452529	-0.1221338329	-0.2424452529	0.3724795406	0.3724795406	-0.01030773761	0.1032538629	0.03965013437	-0.1270986187	-0.1366502582	0.1557549102	0.1557549102	0.1557549102	0.0959801214	0.007560804937	0.3530466377	0.0959801214	0.01676592891	-0.03266361283	-0.03266361283	0.0959801214	0.0959801214	0.09728235976	-0.1568164597	0.0959801214	0.361968177	0.3530466377	0.0959801214	0.01676592891	-0.1154187306	-0.1311218905	-0.1311218905	-0.1390762857	0.0290970127	0.148187184	0.4812711423	0.3198347508	-0.02427930488	0.08713653679	0.3198347508	-0.09352066918	0.09646699666	-0.02427930488	0.08713653679	0.0382742856	0.09832971877	-0.1435093928	0.1759137938	-0.1457199052	0.006272956239	0.09495362981	0.09728235976	0.04855454421	0.08954828348	-0.09437106512	0.0382742856	0.04855454421	0.04855454421	0.09495362981	0.09495362981	0.177249527	0.03028555912	0.09495362981	0.01411166771	-0.005888112317	0.03170891956	0.1592465803	0.03893513574	0.1592465803	0.04855454421	0.1039692805	0.1086340356	-0.04663994567	0.1063046987	0.09187164966	0.04855454421	0.1278255441	0.4730983651	0.0316686795	0.156864062	0.0316686795	-0.1325093778	-0.1008673348	0.1580575629	-0.1018710772	-0.005888112317	0.04855454421	-0.1056525473	0.1871088844	-0.005888112317	-0.1013051752	-0.1355876057	0.04418034945	-0.07158262379	0.1135572492	0.3265683843	-0.07585865343	-0.09352066918	0.04726619602	0.1102078547	-0.1383494827	-0.1211709594	0.0382742856	0.1102078547	0.01015392939	-0.09998728865	0.01411166771	-0.1420186004	-0.1008673348	-0.1420186004	0.1102078547	-0.1211709594	0.04741139526	-0.1026098694	0.002408862245	-0.03343293433	-0.03343293433	-0.1047662297	0.07920138027	0.3994129949	0.04741139526	-0.06507793254	-0.03934473443	0.06721935364	0.1136535932	0.1156352003	-0.03551331041	0.03295926182	-0.03551331041	0.05506413131	0.04021861147	0.2874536231	0.05506413131	-0.004902276015	0.08954828348	-0.007161109813	-0.1471162306	-0.1471162306	0.1199376466	0.1199376466	-0.1471162306	-0.02208926894	0.05506413131	-0.02722749018	-0.004743578102	-0.007161109813	0.08069109934	-0.06544481828	-0.1471162306	0.05506413131	-0.1287738217	0.0371416005	0.1199376466	-0.1237834015	-0.1477672022	0.1161819196	0.02503774775	0.08069109934	0.004769205312	0.0407805166	-0.1601018712	0.0407805166	-0.002480982312	-0.002480982312	-0.03383921754	-0.03383921754	-0.1368552664	0.1233827041	-0.07946286012	0.03623002455	-0.1306116514	-0.05126164454	-0.0008309894358	-0.07300807278	-0.03671127075	-0.02427930488	-0.08484127015	-0.04725598838	-0.04387439698	-0.001045210705	-0.06567309247	-0.05804259444	-0.001045210705	-0.008145453629	-0.08313416278	-0.1063468859	0.1158911752	-0.05600648877	0.07097896556	0.06623539925	-0.02070260412	-0.1688955071	0.04855454421	-0.05408578202	0.1158911752	0.1936407256	0.1871088844	0.007560804937	0.1406162521	-0.04107785222	-0.03583185074	-0.001658817473	0.2458838899
chr11_2065765_C_A	-0.07904060392	-0.04657651691	0.8807028633	0.9969352919	-0.4894249858	-0.481208116	1	0.4780489058	1	1	1	0.7727052082	-0.4860641705	0.4757033736	0.3579893284	0.7513377712	-0.07777486722	-0.4696276566	-0.5192306422	-0.5192306422	-0.2809544878	-0.5192306422	0.7761073311	0.7761073311	-0.08200352929	0.2460585812	0.0298856516	-0.2307548782	-0.2438384117	0.3538896318	0.3538896318	0.3538896318	0.2126126412	-0.07650587228	0.2091054296	0.2126126412	-0.09073078508	-0.00967224587	-0.00967224587	0.2126126412	0.2126126412	0.215196678	-0.257083225	0.2126126412	0.2138076696	0.2091054296	0.2126126412	-0.09073078508	-0.233083095	-0.2481670152	-0.2481670152	-0.2467000144	0.02198103972	0.3468094155	0.2861572659	0.2141797867	0.009709898414	0.2119840442	0.2141797867	-0.08899935331	0.2313189065	0.009709898414	0.2119840442	-0.03881016472	0.2175135233	-0.2561731471	0.3584912994	-0.2529039109	0.001712573969	0.210338784	0.215196678	-0.0500113237	0.02947232206	-0.2234979901	-0.03881016472	-0.0500113237	-0.0500113237	0.210338784	0.210338784	0.3536252933	-0.02034369627	0.210338784	0.005557787841	0.05253486856	-0.04265726289	0.3511542647	-0.02479399863	0.3511542647	-0.0500113237	0.2109848472	0.2126126412	0.2240590716	0.2158944303	0.2247614346	-0.0500113237	-0.06884865166	0.263925491	0.04062990276	0.3521730159	0.04062990276	-0.2507930341	-0.2011853615	0.354580165	-0.2124703254	0.05253486856	-0.0500113237	-0.2041852087	0.2554377208	0.05253486856	-0.202287715	-0.2496559701	0.04882413493	-0.1782626925	0.2970941923	0.16354477	-0.1872050551	-0.08899935331	-0.03336047671	0.2902178079	-0.2230280318	-0.2349174211	-0.03881016472	0.2902178079	0.02198103972	-0.1921186798	0.03028281837	-0.241673526	-0.1938096277	-0.241673526	0.2902178079	-0.2349174211	0.01714845757	-0.2122904338	-0.006024390642	-0.07650587228	-0.07650587228	-0.2096422062	0.2824011016	0.2196238854	0.01714845757	0.01006618648	-0.01334813164	-0.04309909868	0.2985623819	0.2967356189	0.009510042645	0.1465631108	0.009510042645	0.01070543687	0.00426841911	0.1440507941	0.01070543687	-0.001045237527	0.02947232206	0.1380917584	-0.2533278509	-0.2533278509	0.04255642086	0.04255642086	-0.2533278509	0.005084764232	0.01070543687	0.1287405594	0.1352066047	0.1380917584	0.2735786352	-0.1072111049	-0.2533278509	0.01070543687	-0.2163428103	0.02421466409	0.04255642086	-0.2105361671	-0.2553792186	0.277419568	0.02596821345	0.2735786352	0.1385254106	0.1446867793	-0.263351204	0.1446867793	0.1404510098	0.1404510098	0.02445642402	0.02445642402	-0.03060557101	0.09687372634	0.1049189404	0.02306796719	0.07347089452	-0.02310199612	-0.05824274038	-0.1786438791	-0.0394653496	-0.05045679354	-0.07378832137	0.1261430732	0.1128914077	-0.02116651886	0.09921619525	0.1299208745	-0.02116651886	-0.07681963146	0.08702982114	-0.1761118285	0.01099234098	-0.04434635823	0.3152694529	-0.02874675118	-0.02703542042	-0.02363120752	-0.0500113237	-0.01861680917	0.01099234098	0.1868182809	0.2370330511	-0.02351677511	0.04336256925	-0.1140809989	-0.03178149185	-0.002590922026	0.1751693535
chr11_2065900_C_T	-0.07904060392	-0.04657651691	0.8807028633	0.9969352919	-0.4894249858	-0.481208116	1	0.4780489058	1	1	1	0.7727052082	-0.4860641705	0.4757033736	0.3579893284	0.7513377712	-0.07777486722	-0.4696276566	-0.5192306422	-0.5192306422	-0.2809544878	-0.5192306422	0.7761073311	0.7761073311	-0.08200352929	0.2460585812	0.0298856516	-0.2307548782	-0.2438384117	0.3538896318	0.3538896318	0.3538896318	0.2126126412	-0.07650587228	0.2091054296	0.2126126412	-0.09073078508	-0.00967224587	-0.00967224587	0.2126126412	0.2126126412	0.215196678	-0.257083225	0.2126126412	0.2138076696	0.2091054296	0.2126126412	-0.09073078508	-0.233083095	-0.2481670152	-0.2481670152	-0.2467000144	0.02198103972	0.3468094155	0.2861572659	0.2141797867	0.009709898414	0.2119840442	0.2141797867	-0.08899935331	0.2313189065	0.009709898414	0.2119840442	-0.03881016472	0.2175135233	-0.2561731471	0.3584912994	-0.2529039109	0.001712573969	0.210338784	0.215196678	-0.0500113237	0.02947232206	-0.2234979901	-0.03881016472	-0.0500113237	-0.0500113237	0.210338784	0.210338784	0.3536252933	-0.02034369627	0.210338784	0.005557787841	0.05253486856	-0.04265726289	0.3511542647	-0.02479399863	0.3511542647	-0.0500113237	0.2109848472	0.2126126412	0.2240590716	0.2158944303	0.2247614346	-0.0500113237	-0.06884865166	0.263925491	0.04062990276	0.3521730159	0.04062990276	-0.2507930341	-0.2011853615	0.354580165	-0.2124703254	0.05253486856	-0.0500113237	-0.2041852087	0.2554377208	0.05253486856	-0.202287715	-0.2496559701	0.04882413493	-0.1782626925	0.2970941923	0.16354477	-0.1872050551	-0.08899935331	-0.03336047671	0.2902178079	-0.2230280318	-0.2349174211	-0.03881016472	0.2902178079	0.02198103972	-0.1921186798	0.03028281837	-0.241673526	-0.1938096277	-0.241673526	0.2902178079	-0.2349174211	0.01714845757	-0.2122904338	-0.006024390642	-0.07650587228	-0.07650587228	-0.2096422062	0.2824011016	0.2196238854	0.01714845757	0.01006618648	-0.01334813164	-0.04309909868	0.2985623819	0.2967356189	0.009510042645	0.1465631108	0.009510042645	0.01070543687	0.00426841911	0.1440507941	0.01070543687	-0.001045237527	0.02947232206	0.1380917584	-0.2533278509	-0.2533278509	0.04255642086	0.04255642086	-0.2533278509	0.005084764232	0.01070543687	0.1287405594	0.1352066047	0.1380917584	0.2735786352	-0.1072111049	-0.2533278509	0.01070543687	-0.2163428103	0.02421466409	0.04255642086	-0.2105361671	-0.2553792186	0.277419568	0.02596821345	0.2735786352	0.1385254106	0.1446867793	-0.263351204	0.1446867793	0.1404510098	0.1404510098	0.02445642402	0.02445642402	-0.03060557101	0.09687372634	0.1049189404	0.02306796719	0.07347089452	-0.02310199612	-0.05824274038	-0.1786438791	-0.0394653496	-0.05045679354	-0.07378832137	0.1261430732	0.1128914077	-0.02116651886	0.09921619525	0.1299208745	-0.02116651886	-0.07681963146	0.08702982114	-0.1761118285	0.01099234098	-0.04434635823	0.3152694529	-0.02874675118	-0.02703542042	-0.02363120752	-0.0500113237	-0.01861680917	0.01099234098	0.1868182809	0.2370330511	-0.02351677511	0.04336256925	-0.1140809989	-0.03178149185	-0.002590922026	0.1751693535
chr11_2066031_T_G	-0.07904060392	-0.04657651691	0.8807028633	0.9969352919	-0.4894249858	-0.481208116	1	0.4780489058	1	1	1	0.7727052082	-0.4860641705	0.4757033736	0.3579893284	0.7513377712	-0.07777486722	-0.4696276566	-0.5192306422	-0.5192306422	-0.2809544878	-0.5192306422	0.7761073311	0.7761073311	-0.08200352929	0.2460585812	0.0298856516	-0.2307548782	-0.2438384117	0.3538896318	0.3538896318	0.3538896318	0.2126126412	-0.07650587228	0.2091054296	0.2126126412	-0.09073078508	-0.00967224587	-0.00967224587	0.2126126412	0.2126126412	0.215196678	-0.257083225	0.2126126412	0.2138076696	0.2091054296	0.2126126412	-0.09073078508	-0.233083095	-0.2481670152	-0.2481670152	-0.2467000144	0.02198103972	0.3468094155	0.2861572659	0.2141797867	0.009709898414	0.2119840442	0.2141797867	-0.08899935331	0.2313189065	0.009709898414	0.2119840442	-0.03881016472	0.2175135233	-0.2561731471	0.3584912994	-0.2529039109	0.001712573969	0.210338784	0.215196678	-0.0500113237	0.02947232206	-0.2234979901	-0.03881016472	-0.0500113237	-0.0500113237	0.210338784	0.210338784	0.3536252933	-0.02034369627	0.210338784	0.005557787841	0.05253486856	-0.04265726289	0.3511542647	-0.02479399863	0.3511542647	-0.0500113237	0.2109848472	0.2126126412	0.2240590716	0.2158944303	0.2247614346	-0.0500113237	-0.06884865166	0.263925491	0.04062990276	0.3521730159	0.04062990276	-0.2507930341	-0.2011853615	0.354580165	-0.2124703254	0.05253486856	-0.0500113237	-0.2041852087	0.2554377208	0.05253486856	-0.202287715	-0.2496559701	0.04882413493	-0.1782626925	0.2970941923	0.16354477	-0.1872050551	-0.08899935331	-0.03336047671	0.2902178079	-0.2230280318	-0.2349174211	-0.03881016472	0.2902178079	0.02198103972	-0.1921186798	0.03028281837	-0.241673526	-0.1938096277	-0.241673526	0.2902178079	-0.2349174211	0.01714845757	-0.2122904338	-0.006024390642	-0.07650587228	-0.07650587228	-0.2096422062	0.2824011016	0.2196238854	0.01714845757	0.01006618648	-0.01334813164	-0.04309909868	0.2985623819	0.2967356189	0.009510042645	0.1465631108	0.009510042645	0.01070543687	0.00426841911	0.1440507941	0.01070543687	-0.001045237527	0.02947232206	0.1380917584	-0.2533278509	-0.2533278509	0.04255642086	0.04255642086	-0.2533278509	0.005084764232	0.01070543687	0.1287405594	0.1352066047	0.1380917584	0.2735786352	-0.1072111049	-0.2533278509	0.01070543687	-0.2163428103	0.02421466409	0.04255642086	-0.2105361671	-0.2553792186	0.277419568	0.02596821345	0.2735786352	0.1385254106	0.1446867793	-0.263351204	0.1446867793	0.1404510098	0.1404510098	0.02445642402	0.02445642402	-0.03060557101	0.09687372634	0.1049189404	0.02306796719	0.07347089452	-0.02310199612	-0.05824274038	-0.1786438791	-0.0394653496	-0.05045679354	-0.07378832137	0.1261430732	0.1128914077	-0.02116651886	0.09921619525	0.1299208745	-0.02116651886	-0.07681963146	0.08702982114	-0.1761118285	0.01099234098	-0.04434635823	0.3152694529	-0.02874675118	-0.02703542042	-0.02363120752	-0.0500113237	-0.01861680917	0.01099234098	0.1868182809	0.2370330511	-0.02351677511	0.04336256925	-0.1140809989	-0.03178149185	-0.002590922026	0.1751693535
chr11_2066970_G_A	-0.08484382994	-0.04727472013	0.8702221973	0.7750903782	-0.3718099202	-0.3707396502	0.7727052082	-0.1881443451	0.7727052082	0.7727052082	0.7727052082	1	-0.3787756057	-0.1801154378	0.2615907468	0.981493312	-0.09024866839	-0.3659313021	-0.405383884	-0.405383884	-0.2258946131	-0.405383884	0.5986453976	0.5986453976	-0.08424600929	0.2005188575	0.004762903137	-0.1661740133	-0.1739009587	0.2831520842	0.2831520842	0.2831520842	0.1683766995	-0.09101206298	-0.0213251273	0.1683766995	-0.1135706616	0.01279036977	0.01279036977	0.1683766995	0.1683766995	0.1703250194	-0.1741371783	0.1683766995	-0.02251467221	-0.0213251273	0.1683766995	-0.1135706616	-0.177218367	-0.1827364611	-0.1827364611	-0.1753474951	0.003550727946	0.2807042144	-0.02783363196	0.008350945939	0.02840396628	0.1740650045	0.008350945939	-0.03193127171	0.1889419538	0.02840396628	0.1740650045	-0.07105759667	0.1721587686	-0.1827364611	0.2737289333	-0.1774833203	-0.002618440837	0.1665759384	0.1703250194	-0.09101206298	-0.03176030716	-0.1817114159	-0.07105759667	-0.09101206298	-0.09101206298	0.1665759384	0.1665759384	0.2673225006	-0.04463522443	0.1665759384	-0.003983749944	0.06299913903	-0.07061463207	0.2775700259	-0.05586248398	0.2775700259	-0.09101206298	0.1607828129	0.1592318076	0.2842464446	0.1645848586	0.1849304934	-0.09101206298	-0.1693643076	-0.04678652207	0.02254513197	0.2804310094	0.02254513197	-0.1846701161	-0.1520669024	0.2822601196	-0.1639602127	0.06299913903	-0.09101206298	-0.1519630563	0.1504050803	0.06299913903	-0.1529831164	-0.1811740521	0.02266572838	-0.1475989044	0.2501400667	-0.05313485421	-0.1545078885	-0.03193127171	-0.07146221107	0.2448715615	-0.1494030311	-0.1751123938	-0.07105759667	0.2448715615	0.01724075681	-0.1425646535	0.02366347467	-0.1676005483	-0.1438194477	-0.1676005483	0.2448715615	-0.1751123938	-0.01508867728	-0.1632251404	-0.008477266682	-0.06138618507	-0.06138618507	-0.1587055389	0.2585391709	-0.04307214955	-0.01508867728	0.05828723537	0.01350843769	-0.09677182044	0.2517121512	0.2482373941	0.0362992243	0.1400656461	0.0362992243	-0.02782376049	-0.024292805	-0.04666482383	-0.02782376049	0.002374067575	-0.03176030716	0.1595877855	-0.1769482505	-0.1769482505	-0.03909200121	-0.03909200121	-0.1769482505	0.02164947512	-0.02782376049	0.1636332175	0.1546145096	0.1595877855	0.2475973885	-0.07258564175	-0.1769482505	-0.02782376049	-0.1488479594	0.0002345739778	-0.03909200121	-0.145961583	-0.1787716122	0.2262433139	0.01094273783	0.2475973885	0.1514507379	0.1323151912	-0.1787716122	0.1323151912	0.1588435772	0.1588435772	0.0518022291	0.0518022291	0.0646815354	0.01915522271	0.1747462993	-0.0003888590473	0.1765463421	0.01121405102	-0.06452576492	-0.146994981	-0.01759869887	-0.03887368764	-0.02119502184	0.1752031907	0.15794149	-0.02291277451	0.1584037949	0.1872228835	-0.02291277451	-0.08001210554	0.1573961303	-0.1200699548	-0.07146221107	-0.009112068545	0.3012344359	-0.08001210554	-0.01526905236	0.09563543222	-0.09101206298	0.01827031548	-0.07146221107	0.06895515352	0.1298252053	-0.03176030716	-0.05313485421	-0.09787730213	-0.009642254223	-0.001698321748	0.01817371054
chr11_2067320_C_T	-0.05524870266	-0.02786763835	-0.4229621807	-0.4877472746	0.9938188531	0.9780699584	-0.4860641705	-0.2279466131	-0.4860641705	-0.4860641705	-0.4860641705	-0.3787756057	1	-0.2173489782	0.3528917237	-0.3811714678	0.2397635949	0.8258921512	0.9121555061	0.9121555061	-0.2361596754	0.9121555061	-0.6245432164	-0.6245432164	0.07051741125	0.1820672372	-0.01829365048	0.3061551462	0.2747106546	-0.05397109916	-0.05397109916	-0.05397109916	0.1974749919	-0.02366284214	-0.0922682072	0.1974749919	-0.00659076719	0.07836634909	0.07836634909	0.1974749919	0.1974749919	0.2002839408	0.2895436018	0.1974749919	-0.09965075363	-0.0922682072	0.1974749919	-0.00659076719	0.2886696235	0.2578107171	0.2578107171	0.269444766	-0.01483971658	-0.01973260402	-0.1350221984	-0.101126033	0.05517550716	0.205192111	-0.101126033	0.03965614723	0.2166603704	0.05517550716	0.205192111	-0.03905122181	0.202440233	0.273922436	-0.0412459709	0.2681218004	0.001723211081	0.211645237	0.2002839408	-0.02366284214	-0.1569583977	0.1940057031	-0.03905122181	-0.02366284214	-0.02366284214	0.211645237	0.211645237	-0.04938085798	-0.0411486835	0.211645237	-0.006846992837	0.08526899349	-0.06059007813	-0.02765130345	-0.04648271405	-0.02765130345	-0.02366284214	0.2122953129	0.2057041047	0.02980029324	0.2089889534	0.2026074117	-0.02366284214	0.1570658908	-0.1563598617	0.01421657627	-0.02378749301	0.01421657627	0.2686798862	0.2428577898	-0.02572673707	0.2254785275	0.08526899349	-0.02366284214	0.245625784	-0.1503933666	0.08526899349	0.2409893985	0.2623528684	-0.05682167431	0.1834720968	-0.01584152557	-0.07729677235	0.1881668731	0.03965614723	-0.03356768478	-0.005994998207	0.2935108224	0.2408821085	-0.03905122181	-0.005994998207	0.03443666288	0.2260253182	0.01803160941	0.2527986781	0.2354362439	0.2527986781	-0.005994998207	0.2408821085	-0.1201624782	0.2123813708	-0.006061809242	-0.05032195325	-0.05032195325	0.2074930455	0.005438456083	-0.1224759102	-0.1201624782	0.08612140496	0.06954647967	-0.003184477613	0.02144461128	0.01936414665	0.06561099501	0.2140294929	0.06561099501	-0.1104559556	-0.1294536268	-0.05588183538	-0.1104559556	-0.00105172969	-0.1036401755	0.216641168	0.2405983777	0.2405983777	-0.07773746093	-0.07773746093	0.2405983777	0.07339989602	-0.1104559556	0.248989973	0.2213715869	0.216641168	0.009201489111	0.01268119474	0.2405983777	-0.1104559556	0.2131878899	-0.02795348518	-0.07773746093	0.2321078882	0.248389124	-0.001548975922	0.01392635894	0.009201489111	0.2026932502	0.2040942364	0.248389124	0.2040942364	0.2044064601	0.2044064601	0.07051741125	0.07051741125	0.1238511736	0.02776402308	0.2056778757	0.03670254067	0.2051630961	0.001765936212	-0.1211119569	-0.04207840254	-0.1227197245	-0.1415807875	0.07120760474	0.0479837418	0.04035223506	-0.1470920619	0.08549986008	0.1064047488	-0.1470920619	0.1887463116	0.09472529384	0.3303134519	-0.03356768478	0.1078024658	-0.1253311651	-0.004739567646	-0.1391981198	0.1488362595	-0.05032195325	-0.122458355	-0.03356768478	-0.146645289	-0.1503933666	-0.02366284214	-0.1014825073	0.1784520172	0.03850815827	0.05978154444	-0.05302587947
chr11_2068243_A_AT	-0.01986923321	-0.003992457566	0.1507200935	0.4675396968	-0.2324559666	-0.2208391502	0.4757033736	0.9852611601	0.4757033736	0.4757033736	0.4757033736	-0.1801154378	-0.2173489782	1	0.1955903202	-0.1874914497	0.007583782195	-0.2091658299	-0.2311414282	-0.2311414282	-0.1312645536	-0.2311414282	0.3642993114	0.3642993114	-0.03113288453	0.1084669152	0.02546373162	-0.1205389848	-0.1291933276	0.1604558984	0.1604558984	0.1604558984	0.1017369569	0.009774400043	0.3477210233	0.1017369569	0.01893661191	-0.02941214603	-0.02941214603	0.1017369569	0.1017369569	0.1029161483	-0.1499407969	0.1017369569	0.3564798701	0.3477210233	0.1017369569	0.01893661191	-0.1087806493	-0.1245928251	-0.1245928251	-0.1327319943	0.01432130982	0.1535496079	0.4898696084	0.325875708	-0.02111399769	0.09259715483	0.325875708	-0.09166566132	0.1016885005	-0.02111399769	0.09259715483	0.04088350427	0.1040241617	-0.1370917295	0.1748543359	-0.1392654497	-0.008457347283	0.1006488969	0.1029161483	0.05113680023	0.05113680023	-0.09579373075	0.04088350427	0.05113680023	0.05113680023	0.1006488969	0.1006488969	0.1764553094	0.01960144961	0.1006488969	-0.001056769267	-0.00289808035	0.03499599492	0.164662254	0.04198133228	0.164662254	0.05113680023	0.1099665931	0.114504669	-0.04494955876	0.1122384306	0.09631311252	0.05113680023	0.129421579	0.4818335143	0.0150825191	0.1623960823	0.0150825191	-0.125911224	-0.1041304886	0.1635310886	-0.1047185664	-0.00289808035	0.05113680023	-0.1087171788	0.1916068868	-0.00289808035	-0.1044645238	-0.128985318	0.03297136753	-0.07325595051	0.1185402485	0.3318843466	-0.07744500674	-0.09166566132	0.05028535137	0.1152748672	-0.13121601	-0.1147550424	0.04088350427	0.1152748672	-0.004792130594	-0.1032219722	-0.001056769267	-0.1359036919	-0.1041304886	-0.1359036919	0.1152748672	-0.1147550424	0.05082214551	-0.1056956338	-0.01178276439	-0.03158800014	-0.03158800014	-0.1078051521	0.08380807364	0.4059147401	0.05082214551	-0.0629449161	-0.0361120909	0.07033918631	0.1213463514	0.1232972943	-0.0323245902	0.03857508676	-0.0323245902	0.05845022061	0.04365586128	0.2926328086	0.05845022061	-0.0002549671489	0.05113680023	-0.003230636866	-0.1409573711	-0.1409573711	0.07614051877	0.07614051877	-0.1409573711	-0.01862415234	0.05845022061	-0.0247017483	-0.0008670720268	-0.003230636866	0.08524448851	-0.06414670254	-0.1409573711	0.05845022061	-0.1205833705	0.02620018289	0.07614051877	-0.1270417079	-0.1416359035	0.1218196945	0.01047619792	0.08524448851	0.009234976945	0.04664103583	-0.1540814995	0.04664103583	0.001762883128	0.001762883128	-0.03113288453	-0.03113288453	-0.1416816498	0.1277339597	-0.07178485974	0.01936373962	-0.1157012908	-0.04747300137	0.001956412755	-0.08919098702	-0.03377524176	-0.02111399769	-0.08235243281	-0.03844480136	-0.03444464781	0.002460757583	-0.0529340561	-0.05203927635	0.002460757583	-0.005839607272	-0.07070128568	-0.09959501632	0.119527482	-0.05208021863	0.07938026571	0.06921016026	-0.01745501193	-0.1594239077	0.05113680023	-0.05148027274	0.119527482	0.2005414424	0.1916068868	0.009774400043	0.1442599278	-0.0380965237	-0.03021095214	0.003905382575	0.2511707088
chr11_2068717_A_G	0.07047069637	0.0142821355	0.308026244	0.3546367416	0.3461633781	0.3585206219	0.3579893284	0.1919328958	0.3579893284	0.3579893284	0.3579893284	0.2615907468	0.3528917237	0.1955903202	1	0.2578682251	0.1221709863	0.3053775358	0.3550928947	0.3550928947	0.1416815164	0.3550928947	0.4279608845	0.4279608845	-0.01564993834	0.5415863688	0.04524401554	0.050202725	0.01530605732	0.352047583	0.352047583	0.352047583	0.5859474194	0.1169981467	0.1032953851	0.5859474194	0.1101440959	0.03803714029	0.03803714029	0.5859474194	0.5859474194	0.5840965853	0.00724281643	0.5859474194	0.1060800012	0.1032953851	0.5859474194	0.1101440959	0.04393325388	-0.01511297486	-0.01511297486	-0.004053862317	0.03408232178	0.3710296111	0.1206339495	0.08502169438	0.0244473606	0.5789868172	0.08502169438	-0.08072630457	0.596762962	0.0244473606	0.5789868172	0.1235097173	0.590385072	-0.01511297486	0.4356393074	-0.02060997062	0.02537280963	0.589247044	0.5840965853	0.1169981467	-0.008305423996	0.0560308685	0.1235097173	0.1169981467	0.1169981467	0.589247044	0.589247044	0.4541181624	0.1072075186	0.589247044	0.02834910559	0.0707295788	0.1429316779	0.3756302922	0.1217093065	0.3756302922	0.1169981467	0.6062114273	0.5956170705	0.3179001329	0.6008921966	0.5199841284	0.1169981467	0.06345900839	0.1203741177	0.06704672053	0.3844193512	0.06704672053	-0.01527289522	0.01977868542	0.3800010854	0.03232844109	0.0707295788	0.1169981467	0.02148354456	0.066473929	0.0707295788	0.01441172219	-0.01665710726	0.1265408957	0.08324442964	0.2845297084	0.07289162147	0.08179324481	-0.08072630457	0.141453768	0.2909197924	0.009336715229	-0.02583056232	0.1235097173	0.2909197924	0.06303352289	0.01096149054	0.05758280438	-0.02429713538	0.01105796898	-0.02429713538	0.2909197924	-0.02583056232	0.1627359744	-0.01613689717	0.01644681761	-0.1336089947	-0.1336089947	-0.0126060927	0.3010603848	0.09494402421	0.1627359744	0.05892989243	0.01681248694	0.1371588482	0.4563878698	0.4538244947	0.04312657143	0.5442369705	0.04312657143	0.1576384197	0.1452565516	0.08901310831	0.1576384197	0.1218073895	-0.008305423996	0.4643260215	-0.03108281302	-0.03108281302	-0.00336805401	-0.00336805401	-0.03108281302	0.05535649065	0.1576384197	0.3879364514	0.4598063932	0.4643260215	0.3038789499	0.1028787407	-0.03108281302	0.1576384197	0.05326837343	0.1228833686	-0.00336805401	0.0008244252805	-0.02678310119	0.348696501	0.02537280963	0.3038789499	0.4457483344	0.5254680065	-0.03620879704	0.5254680065	0.4550098842	0.4550098842	0.03829571005	0.03829571005	-0.1415518065	0.07846810416	0.288548717	0.02955875964	0.4416882219	0.09947632672	0.103436278	0.052112161	0.1195782748	0.09558559227	0.04913235748	0.2485462359	0.2697055673	0.1177832772	0.3310798373	0.1628990019	0.1177832772	0.07289162147	0.3319836722	0.07008164695	0.08901310831	0.06245508489	0.05328842434	0.07289162147	0.1120414142	0.2828879294	0.08567225405	0.1076579394	0.08901310831	-0.01695809433	0.04471312394	0.05434636137	0.07289162147	0.08699876274	0.08742942802	0.133169125	0.07790150917
chr11_2068776_A_G	-0.09032541659	-0.05128062753	0.8505398643	0.7537890269	-0.3741087327	-0.3734301077	0.7513377712	-0.1955971902	0.7513377712	0.7513377712	0.7513377712	0.981493312	-0.3811714678	-0.1874914497	0.2578682251	1	-0.09404406248	-0.3750328466	-0.4157602352	-0.4157602352	-0.2029305488	-0.4157602352	0.6058048544	0.6058048544	-0.08815596989	0.2030871966	-0.002741976294	-0.1679413218	-0.1779651954	0.291868871	0.291868871	0.291868871	0.1704674668	-0.09328683836	-0.03184646558	0.1704674668	-0.1152513654	0.006335768857	0.006335768857	0.1704674668	0.1704674668	0.1724497083	-0.1774129592	0.1704674668	-0.03280842186	-0.03184646558	0.1704674668	-0.1152513654	-0.1788735296	-0.1844873847	-0.1844873847	-0.1769851843	-0.003686065563	0.2881582066	-0.03489402266	0.002639883197	0.02197590957	0.1762458239	0.002639883197	-0.03615155602	0.1913459037	0.02197590957	0.1762458239	-0.0738723571	0.1743063322	-0.1844873847	0.2771862235	-0.1794382296	-0.009877923254	0.1686443453	0.1724497083	-0.09328683836	-0.03501405184	-0.188774567	-0.0738723571	-0.09328683836	-0.09328683836	0.1686443453	0.1686443453	0.2704665089	-0.05285315437	0.1686443453	-0.01097020298	0.05659942708	-0.07473442361	0.2851867311	-0.05968737204	0.2851867311	-0.09328683836	0.1627594938	0.1614736686	0.2947020299	0.1666186672	0.1883776361	-0.09328683836	-0.178265917	-0.05390390846	0.01545365596	0.2879126715	0.01545365596	-0.1864395674	-0.1575721107	0.2897554283	-0.1698522173	0.05659942708	-0.09328683836	-0.1576558988	0.1429621692	0.05659942708	-0.1584430677	-0.1831848811	0.01378185989	-0.1547863152	0.2581432398	-0.05644664669	-0.1617940545	-0.03615155602	-0.07484979557	0.2528072167	-0.1533637013	-0.1764436398	-0.0738723571	0.2528072167	0.009777773914	-0.1481569072	0.01622022869	-0.1688148663	-0.1494609221	-0.1688148663	0.2528072167	-0.1764436398	-0.0200949926	-0.1685558543	-0.01559503708	-0.0641504451	-0.0641504451	-0.1642181609	0.2664477969	-0.04748475731	-0.0200949926	0.05253721233	0.006969310736	-0.09960252865	0.255690482	0.2523757943	0.02952157352	0.1420226133	0.02952157352	-0.03245503697	-0.02930762865	-0.0504621157	-0.03245503697	-0.00592690854	-0.03501405184	0.1626525712	-0.1783228453	-0.1783228453	-0.04176861918	-0.04176861918	-0.1783228453	0.01483972419	-0.03245503697	0.1682895107	0.1578745692	0.1626525712	0.2557310514	-0.07470887113	-0.1783228453	-0.03245503697	-0.1551319381	-0.008502880195	-0.04176861918	-0.1515111929	-0.1801887266	0.2339982791	0.003459194914	0.2557310514	0.1541327217	0.13415692	-0.1801887266	0.13415692	0.161633404	0.161633404	0.04564445243	0.04564445243	0.06994491472	0.01313002833	0.1844317595	-0.00696880172	0.1790515281	0.003544961862	-0.06838155429	-0.1339424482	-0.02305980961	-0.04419016956	-0.02657143607	0.1776127973	0.1598616781	-0.02872492077	0.1558091871	0.1925756837	-0.02872492077	-0.08287982672	0.1550434894	-0.1140518215	-0.07484979557	-0.01676283785	0.2918880399	-0.08287982672	-0.02106379714	0.08979293298	-0.09328683836	0.01252346494	-0.07484979557	0.07134112464	0.1227223191	-0.03501405184	-0.05644664669	-0.08435591308	-0.008943778997	-0.01149533078	0.01245724667
chr11_2068968_C_T	0.1042811068	-0.04719749279	-0.04483642515	-0.07674133768	0.2412440143	0.2405343313	-0.07777486722	0.004541030455	-0.07777486722	-0.07777486722	-0.07777486722	-0.09024866839	0.2397635949	0.007583782195	0.1221709863	-0.09404406248	1	0.1838836217	0.2159670137	0.2159670137	-0.058494497	0.2159670137	-0.1122283827	-0.1122283827	0.5552567268	0.0533425104	0.5096656604	-0.08676957215	-0.1074377493	-0.10713754	-0.10713754	-0.10713754	0.1133819892	0.1139412135	0.4292240463	0.1133819892	0.1250584957	0.6462758728	0.6462758728	0.1133819892	0.1133819892	0.1132046398	-0.1000774112	0.1133819892	0.4358379373	0.4292240463	0.1133819892	0.1250584957	-0.08691583573	-0.088150736	-0.088150736	-0.08599827623	0.5230960358	-0.1197555984	0.04192332216	-0.05494804383	0.5850323892	0.1142396609	-0.05494804383	-0.04681168333	0.118379114	0.5850323892	0.1142396609	0.1043216248	0.1144234208	-0.06530659455	0.1408520155	-0.06642595689	0.5162778887	0.1121693875	0.1132046398	0.1139412135	-0.03725420173	0.2494537094	0.1043216248	0.1139412135	0.1139412135	0.1121693875	0.1121693875	0.1372205284	0.4687720187	0.1121693875	0.5301317078	0.6364101412	0.04807969968	-0.1356510437	0.07532105437	-0.1356510437	0.1139412135	0.1112981499	0.09004655013	-0.1508584988	0.1123402617	0.0374000997	0.1139412135	0.2470968351	0.03437233871	0.5764929736	-0.1385789052	0.5764929736	-0.06599764672	0.2408395174	-0.1371068983	0.2307607709	0.6364101412	0.1139412135	0.2327102132	-0.04888247383	0.6364101412	0.2353559278	-0.06754317988	0.3968080483	0.2058519149	-0.1349091856	-0.04130846539	0.223316076	-0.04681168333	0.1447885935	-0.1204811965	0.2217096662	-0.08365264501	0.1043216248	-0.1204811965	0.5230960358	0.2178764531	0.4948573641	-0.08146814483	0.2408395174	-0.08146814483	-0.1204811965	-0.08365264501	-0.05181790472	0.1911138733	0.4310914513	-0.03725420173	-0.03725420173	0.1898417974	-0.1005509512	0.154522844	-0.05181790472	0.3837901388	0.486762994	0.1272448385	0.1421398079	0.1432057604	0.4953050266	0.08457683511	0.4953050266	-0.0501947565	-0.0534011563	0.08151196635	-0.0501947565	0.3713098303	0.03834350587	0.05180816964	-0.08383983086	-0.08383983086	0.05270891194	0.05270891194	-0.08383983086	0.4785577423	-0.0501947565	0.0683308604	0.05293032204	0.05180816964	-0.09926617671	-0.03275834246	-0.08383983086	-0.0501947565	0.1581630211	0.3589728676	0.05270891194	0.1895345996	-0.08403827762	-0.0797475173	0.4470685291	-0.09926617671	0.02418632056	0.05867453543	-0.08403827762	0.05867453543	0.02654933375	0.02654933375	0.3816764707	0.3816764707	0.01857769703	0.339078488	-0.09249487401	0.3176364651	0.07097241945	0.2808397787	-0.04852761473	-0.03406534404	-0.05671086162	-0.05875060991	0.09821353474	-0.08574831907	-0.07617620264	-0.0610375779	0.09370181585	-0.07881255236	-0.0610375779	0.02727544605	0.09577492693	-0.06530659455	0.08151196635	0.3192954195	0.03414936484	0.09585935748	-0.05962083588	0.1028624299	0.03834350587	-0.05368501772	0.08151196635	0.1067428796	-0.04888247383	0.1139412135	0.02727544605	-0.05817923287	0.2394626454	0.2864480993	-0.0534011563
chr11_2069125_TCTCCATACTCCATTTTCCACA_T	0.02888237443	-0.02906657968	-0.4105678735	-0.4721964712	0.825528797	0.8422634656	-0.4696276566	-0.2202880281	-0.4696276566	-0.4696276566	-0.4696276566	-0.3659313021	0.8258921512	-0.2091658299	0.3053775358	-0.3750328466	0.1838836217	1	0.8686230926	0.8686230926	-0.193157741	0.8686230926	-0.5821997011	-0.5821997011	0.1103395013	0.2092515962	0.004178544222	0.2069122509	0.1965079521	-0.03187984349	-0.03187984349	-0.03187984349	0.2039568723	0.02361385113	-0.04950678361	0.2039568723	0.01127313266	0.07320725888	0.07320725888	0.2039568723	0.2039568723	0.1974158903	0.2080588761	0.2039568723	-0.05920944759	-0.04950678361	0.2039568723	0.01127313266	0.1986935632	0.2130151223	0.2130151223	0.2248478323	-0.007729254999	-0.02605650521	-0.08537494252	-0.06636716914	0.0607342527	0.211961308	-0.06636716914	0.07145829603	0.1947071133	0.0607342527	0.211961308	0.005268891289	0.2091023143	0.2317732107	-0.03379837951	0.2258663311	0.01248788648	0.2207321672	0.2163342316	-0.007424051681	-0.1315756629	0.2165545235	0.005268891289	-0.007424051681	-0.007424051681	0.2207321672	0.2207321672	-0.01198860038	0.03590453615	0.2207321672	0.0006260434406	0.03349020298	0.06046463383	-0.03577225617	-0.003757160155	-0.03577225617	-0.007424051681	0.2224873895	0.2135376269	0.0008881309327	0.2179990869	0.2012510466	-0.007424051681	0.1521746054	-0.1093137738	-0.02527484188	-0.0371904819	-0.02527484188	0.234225756	0.1958440271	-0.03990360612	0.2230887049	0.03349020298	-0.007424051681	0.194137462	-0.1486884025	0.03349020298	0.1873659948	0.229332527	-0.04550135473	0.1673930775	-0.01521638931	-0.03951895745	0.1740609713	0.07145829603	-0.01474904211	-0.009567656742	0.2340830294	0.2167268388	0.005268891289	-0.009567656742	-0.007729254999	0.1855701725	-0.01385642815	0.2192986713	0.1958440271	0.2192986713	-0.009567656742	0.2167268388	-0.02048431555	0.1975554315	0.004083816243	-0.06949985731	-0.06949985731	0.1925088459	0.002298904744	-0.1152993523	-0.02048431555	0.01517071483	0.06630688919	-0.02689645918	0.02399021416	0.02105804188	0.01142289636	0.2361205667	0.01142289636	-0.007389158947	-0.01064183168	-0.01474904211	-0.007389158947	0.01622432796	-0.06949985731	0.2309019012	0.2368102971	0.2368102971	-0.0728092432	-0.0728092432	0.2368102971	0.008522681464	-0.007389158947	0.2246103574	0.2357925076	0.2309019012	0.01294468769	0.03246078759	0.2368102971	-0.007389158947	0.2125366012	-0.0225742799	-0.0728092432	0.1959229278	0.2377553264	0.006512267371	-0.03013470312	0.01294468769	0.2083727577	0.2258945656	0.2284162843	0.2258945656	0.218322941	0.218322941	0.003440086824	0.003440086824	0.03844824242	-0.01843093109	0.1433573465	-0.01643150955	0.2009937495	0.08559645997	0.05501771635	-0.0343365086	0.003732059071	0.0078710779	0.02873257387	0.05824894458	0.05386073017	-0.01012951503	0.09107973061	0.06473602431	-0.01012951503	0.1294306717	0.1006335859	0.3443217412	-0.04072831933	0.03396631408	-0.172187727	-0.01136068592	0.0005368055044	0.1397150472	-0.03846195449	0.02731958852	-0.04072831933	-0.1492065679	-0.1486884025	0.02361385113	-0.06767722898	0.2012584299	0.07713197307	0.04929616071	-0.03288710634
chr11_2070333_C_T	0.04014598663	-0.04447154321	-0.4656764363	-0.5204900827	0.9130219567	0.9144178004	-0.5192306422	-0.2424452529	-0.5192306422	-0.5192306422	-0.5192306422	-0.405383884	0.9121555061	-0.2311414282	0.3550928947	-0.4157602352	0.2159670137	0.8686230926	1	1	-0.244508531	1	-0.667498957	-0.667498957	0.1550406632	0.2155327976	0.0739169878	0.2594477548	0.2218074243	-0.07372360215	-0.07372360215	-0.07372360215	0.2190262974	0.04162810174	-0.02745565506	0.2190262974	0.03611556723	0.126329964	0.126329964	0.2190262974	0.2190262974	0.2139526053	0.2313728762	0.2190262974	-0.03307624724	-0.02745565506	0.2190262974	0.03611556723	0.2423780223	0.2118218016	0.2118218016	0.2239683564	0.05628246735	-0.04478299306	-0.119159889	-0.0825708986	0.1068417771	0.22712955	-0.0825708986	0.02182978181	0.2084473114	0.1068417771	0.22712955	0.02188505069	0.2243024702	0.2276083491	-0.01776475721	0.2215513018	0.07115537975	0.2406142403	0.2298740194	0.01550703247	-0.08897724458	0.2466746888	0.02188505069	0.01550703247	0.01550703247	0.2406142403	0.2406142403	0.002791065041	0.08965765362	0.2406142403	0.06550744012	0.08020797753	0.06016544664	-0.05225006041	0.0007296862999	-0.05225006041	0.01550703247	0.240820115	0.2351523584	-0.001039914708	0.2379759404	0.2141453319	0.01550703247	0.1706446024	-0.1039852307	0.04209014141	-0.04933428952	0.04209014141	0.2220400255	0.2164763752	-0.05079720912	0.2402980619	0.08020797753	0.01550703247	0.2255073032	-0.1469920424	0.08020797753	0.221762655	0.2233878094	0.03838306008	0.2341294964	-0.06338757169	-0.06706355746	0.237904044	0.02182978181	0.01631908992	-0.05451605039	0.2496063351	0.2128088479	0.02188505069	-0.05451605039	0.04421200001	0.2073793472	0.0289426974	0.2172130389	0.2237481373	0.2172130389	-0.05451605039	0.2128088479	0.05576447668	0.2217546419	0.04908403103	-0.06285617532	-0.06285617532	0.2165466923	-0.04202291329	-0.1383798483	0.05576447668	0.04860219318	0.09969556093	0.04005211899	0.03830759486	0.0366269327	0.06958800472	0.2576328378	0.06958800472	0.051688662	0.05967082004	-0.0492723101	0.051688662	0.1034367767	-0.03673510605	0.2403271281	0.2362471576	0.2362471576	-0.05855190649	-0.05855190649	0.2362471576	0.08892445201	0.051688662	0.2118380828	0.2377553034	0.2403271281	-0.03215955576	0.0005106270915	0.2362471576	0.051688662	0.2675039864	0.07457458841	-0.05855190649	0.2409701565	0.2434213637	-0.0305229158	0.03528479848	-0.03215955576	0.217193484	0.2471780625	0.2355617551	0.2471780625	0.2274231073	0.2274231073	0.03508724038	0.03508724038	-0.00746711734	0.006732025399	0.1301347066	0.012342821	0.2355942836	0.1219328701	0.1086659059	-0.03310859539	0.07059879041	0.06235286111	0.0670494753	0.08537432291	0.07535313423	0.06478005289	0.1330068417	0.03921666276	0.06478005289	0.169912557	0.142776045	0.3144343603	0.03818288992	0.07765091585	-0.1468093068	0.07512211121	0.06139528208	0.1914342738	-0.03673510605	0.0806909228	0.03818288992	-0.1536556764	-0.1469920424	0.01550703247	-0.01966833457	0.1536899091	0.1185952517	0.09465957493	-0.05265707085
chr11_2070570_C_T	0.04014598663	-0.04447154321	-0.4656764363	-0.5204900827	0.9130219567	0.9144178004	-0.5192306422	-0.2424452529	-0.5192306422	-0.5192306422	-0.5192306422	-0.405383884	0.9121555061	-0.2311414282	0.3550928947	-0.4157602352	0.2159670137	0.8686230926	1	1	-0.244508531	1	-0.667498957	-0.667498957	0.1550406632	0.2155327976	0.0739169878	0.2594477548	0.2218074243	-0.07372360215	-0.07372360215	-0.07372360215	0.2190262974	0.04162810174	-0.02745565506	0.2190262974	0.03611556723	0.126329964	0.126329964	0.2190262974	0.2190262974	0.2139526053	0.2313728762	0.2190262974	-0.03307624724	-0.02745565506	0.2190262974	0.03611556723	0.2423780223	0.2118218016	0.2118218016	0.2239683564	0.05628246735	-0.04478299306	-0.119159889	-0.0825708986	0.1068417771	0.22712955	-0.0825708986	0.02182978181	0.2084473114	0.1068417771	0.22712955	0.02188505069	0.2243024702	0.2276083491	-0.01776475721	0.2215513018	0.07115537975	0.2406142403	0.2298740194	0.01550703247	-0.08897724458	0.2466746888	0.02188505069	0.01550703247	0.01550703247	0.2406142403	0.2406142403	0.002791065041	0.08965765362	0.2406142403	0.06550744012	0.08020797753	0.06016544664	-0.05225006041	0.0007296862999	-0.05225006041	0.01550703247	0.240820115	0.2351523584	-0.001039914708	0.2379759404	0.2141453319	0.01550703247	0.1706446024	-0.1039852307	0.04209014141	-0.04933428952	0.04209014141	0.2220400255	0.2164763752	-0.05079720912	0.2402980619	0.08020797753	0.01550703247	0.2255073032	-0.1469920424	0.08020797753	0.221762655	0.2233878094	0.03838306008	0.2341294964	-0.06338757169	-0.06706355746	0.237904044	0.02182978181	0.01631908992	-0.05451605039	0.2496063351	0.2128088479	0.02188505069	-0.05451605039	0.04421200001	0.2073793472	0.0289426974	0.2172130389	0.2237481373	0.2172130389	-0.05451605039	0.2128088479	0.05576447668	0.2217546419	0.04908403103	-0.06285617532	-0.06285617532	0.2165466923	-0.04202291329	-0.1383798483	0.05576447668	0.04860219318	0.09969556093	0.04005211899	0.03830759486	0.0366269327	0.06958800472	0.2576328378	0.06958800472	0.051688662	0.05967082004	-0.0492723101	0.051688662	0.1034367767	-0.03673510605	0.2403271281	0.2362471576	0.2362471576	-0.05855190649	-0.05855190649	0.2362471576	0.08892445201	0.051688662	0.2118380828	0.2377553034	0.2403271281	-0.03215955576	0.0005106270915	0.2362471576	0.051688662	0.2675039864	0.07457458841	-0.05855190649	0.2409701565	0.2434213637	-0.0305229158	0.03528479848	-0.03215955576	0.217193484	0.2471780625	0.2355617551	0.2471780625	0.2274231073	0.2274231073	0.03508724038	0.03508724038	-0.00746711734	0.006732025399	0.1301347066	0.012342821	0.2355942836	0.1219328701	0.1086659059	-0.03310859539	0.07059879041	0.06235286111	0.0670494753	0.08537432291	0.07535313423	0.06478005289	0.1330068417	0.03921666276	0.06478005289	0.169912557	0.142776045	0.3144343603	0.03818288992	0.07765091585	-0.1468093068	0.07512211121	0.06139528208	0.1914342738	-0.03673510605	0.0806909228	0.03818288992	-0.1536556764	-0.1469920424	0.01550703247	-0.01966833457	0.1536899091	0.1185952517	0.09465957493	-0.05265707085
chr11_2070813_A_C	0.1815950008	0.1546706933	-0.2472863102	-0.2786400039	-0.2315925478	-0.2399591182	-0.2809544878	-0.1221338329	-0.2809544878	-0.2809544878	-0.2809544878	-0.2258946131	-0.2361596754	-0.1312645536	0.1416815164	-0.2029305488	-0.058494497	-0.193157741	-0.244508531	-0.244508531	1	-0.244508531	0.3695976546	0.3695976546	0.02556311315	0.01858219027	0.006246783287	0.01141039207	0.03220260745	0.0001765431155	0.0001765431155	0.0001765431155	0.1074912805	0.1992507802	-0.05933173944	0.1074912805	0.2203854284	-0.02174609067	-0.02174609067	0.1074912805	0.1074912805	0.1088205742	0.02735923017	0.1074912805	-0.05351199128	-0.05933173944	0.1074912805	0.2203854284	0.02076561433	0.0151217834	0.0151217834	0.008462328524	0.03293631782	-0.009498915171	-0.09715709233	-0.08949121139	-0.03499163325	0.08706573112	-0.08949121139	-0.003430405848	0.06101450527	-0.03499163325	0.08706573112	0.1809094904	0.09772366383	0.003086786062	0.06607669758	0.0004153737697	0.02858086827	0.08201698375	0.08454494625	0.1992507802	0.1195963784	0.07679250325	0.1809094904	0.1992507802	0.1992507802	0.08201698375	0.08201698375	0.06560466044	0.1204103048	0.08201698375	0.03738144186	-0.08859887436	0.1526637913	0.001186038827	0.1895994584	0.001186038827	0.1992507802	0.102469445	0.09519745243	0.04214158771	0.09266409681	0.01257240328	0.1992507802	-0.03146976872	-0.08730636232	-0.002009071808	0.006105168139	-0.002009071808	0.003119449382	0.004185721368	-0.0007600715937	0.000504316855	-0.08859887436	0.1992507802	-0.003132317529	-0.07670026853	-0.08859887436	-0.009192782477	-0.002245581352	0.04246698749	0.02253098254	-0.007529058726	-0.0520635692	0.02830919862	-0.003430405848	0.2038592324	-0.002691887818	-0.03748073524	-0.007793869616	0.1809094904	-0.002691887818	-0.003871741065	-0.006841432036	0.0002142202972	-0.002348851783	-0.01798901626	-0.002348851783	-0.002691887818	-0.007793869616	0.09466000142	0.01007157601	0.04141339054	0.03994197667	0.03994197667	0.01844988097	0.003099902754	0.0001556546725	0.09466000142	-0.04400467108	-0.02965126205	0.1768898619	0.0516979028	0.05375503559	-0.06725618762	0.1073109443	-0.06725618762	0.1041238162	0.08579856446	-0.02949330082	0.1041238162	-0.003535255219	0.03994197667	0.04341641312	0.02601903209	0.02601903209	0.06513960988	0.06513960988	0.02601903209	-0.07461263033	0.1041238162	0.003246320532	0.04591894667	0.04341641312	0.005005520174	0.2902735205	0.02601903209	0.1041238162	0.02277756869	0.01937130164	0.06513960988	-0.0007090494891	0.02303488826	0.05278678682	-0.04434237651	0.005005520174	0.04292792591	0.1022708175	0.03501855576	0.1022708175	0.04800395044	0.04800395044	-0.06588431224	-0.06588431224	-0.1208432311	-0.07851383903	0.0253747142	-0.01771569087	0.1072192116	-0.04544179715	0.08315626554	0.3927522255	0.1021394114	0.123285233	0.09675190197	0.02124209514	0.08341716597	0.08110201756	0.1053942808	-0.0329601438	0.08110201756	-0.0520635692	0.1099707802	-0.141333182	0.0705149277	0.02553844182	-0.186065131	0.05633278187	0.08782427248	0.1392678478	0.2390779811	0.04034037666	0.0705149277	-0.07059236371	-0.07670026853	0.1195963784	0.0924648989	0.02181313568	0.03541913915	0.02618871664	-0.08546951915
chr11_2070926_A_T	0.04014598663	-0.04447154321	-0.4656764363	-0.5204900827	0.9130219567	0.9144178004	-0.5192306422	-0.2424452529	-0.5192306422	-0.5192306422	-0.5192306422	-0.405383884	0.9121555061	-0.2311414282	0.3550928947	-0.4157602352	0.2159670137	0.8686230926	1	1	-0.244508531	1	-0.667498957	-0.667498957	0.1550406632	0.2155327976	0.0739169878	0.2594477548	0.2218074243	-0.07372360215	-0.07372360215	-0.07372360215	0.2190262974	0.04162810174	-0.02745565506	0.2190262974	0.03611556723	0.126329964	0.126329964	0.2190262974	0.2190262974	0.2139526053	0.2313728762	0.2190262974	-0.03307624724	-0.02745565506	0.2190262974	0.03611556723	0.2423780223	0.2118218016	0.2118218016	0.2239683564	0.05628246735	-0.04478299306	-0.119159889	-0.0825708986	0.1068417771	0.22712955	-0.0825708986	0.02182978181	0.2084473114	0.1068417771	0.22712955	0.02188505069	0.2243024702	0.2276083491	-0.01776475721	0.2215513018	0.07115537975	0.2406142403	0.2298740194	0.01550703247	-0.08897724458	0.2466746888	0.02188505069	0.01550703247	0.01550703247	0.2406142403	0.2406142403	0.002791065041	0.08965765362	0.2406142403	0.06550744012	0.08020797753	0.06016544664	-0.05225006041	0.0007296862999	-0.05225006041	0.01550703247	0.240820115	0.2351523584	-0.001039914708	0.2379759404	0.2141453319	0.01550703247	0.1706446024	-0.1039852307	0.04209014141	-0.04933428952	0.04209014141	0.2220400255	0.2164763752	-0.05079720912	0.2402980619	0.08020797753	0.01550703247	0.2255073032	-0.1469920424	0.08020797753	0.221762655	0.2233878094	0.03838306008	0.2341294964	-0.06338757169	-0.06706355746	0.237904044	0.02182978181	0.01631908992	-0.05451605039	0.2496063351	0.2128088479	0.02188505069	-0.05451605039	0.04421200001	0.2073793472	0.0289426974	0.2172130389	0.2237481373	0.2172130389	-0.05451605039	0.2128088479	0.05576447668	0.2217546419	0.04908403103	-0.06285617532	-0.06285617532	0.2165466923	-0.04202291329	-0.1383798483	0.05576447668	0.04860219318	0.09969556093	0.04005211899	0.03830759486	0.0366269327	0.06958800472	0.2576328378	0.06958800472	0.051688662	0.05967082004	-0.0492723101	0.051688662	0.1034367767	-0.03673510605	0.2403271281	0.2362471576	0.2362471576	-0.05855190649	-0.05855190649	0.2362471576	0.08892445201	0.051688662	0.2118380828	0.2377553034	0.2403271281	-0.03215955576	0.0005106270915	0.2362471576	0.051688662	0.2675039864	0.07457458841	-0.05855190649	0.2409701565	0.2434213637	-0.0305229158	0.03528479848	-0.03215955576	0.217193484	0.2471780625	0.2355617551	0.2471780625	0.2274231073	0.2274231073	0.03508724038	0.03508724038	-0.00746711734	0.006732025399	0.1301347066	0.012342821	0.2355942836	0.1219328701	0.1086659059	-0.03310859539	0.07059879041	0.06235286111	0.0670494753	0.08537432291	0.07535313423	0.06478005289	0.1330068417	0.03921666276	0.06478005289	0.169912557	0.142776045	0.3144343603	0.03818288992	0.07765091585	-0.1468093068	0.07512211121	0.06139528208	0.1914342738	-0.03673510605	0.0806909228	0.03818288992	-0.1536556764	-0.1469920424	0.01550703247	-0.01966833457	0.1536899091	0.1185952517	0.09465957493	-0.05265707085
chr11_2070993_T_G	0.04016722345	0.05416410656	0.6888291816	0.7746461386	-0.6248422831	-0.6223470261	0.7761073311	0.3724795406	0.7761073311	0.7761073311	0.7761073311	0.5986453976	-0.6245432164	0.3642993114	0.4279608845	0.6058048544	-0.1122283827	-0.5821997011	-0.667498957	-0.667498957	0.3695976546	-0.667498957	1	1	-0.06251408779	0.2485446204	0.03274035937	-0.2304690883	-0.2285370359	0.3516773705	0.3516773705	0.3516773705	0.2732622282	0.05390153092	0.1631530973	0.2732622282	0.05374249813	-0.02321610584	-0.02321610584	0.2732622282	0.2732622282	0.2765980186	-0.2445150096	0.2732622282	0.1713992059	0.1631530973	0.2732622282	0.05374249813	-0.2265177874	-0.2444085118	-0.2444085118	-0.2473211842	0.04221419924	0.3386663899	0.2130591506	0.1487370413	-0.0130493535	0.2595890708	0.1487370413	-0.08779306799	0.2615170739	-0.0130493535	0.2595890708	0.07842165548	0.2717263508	-0.2598088666	0.3987113622	-0.2583433552	0.01993360933	0.2547764176	0.2610660966	0.07938358982	0.1048656487	-0.1787400108	0.07842165548	0.07938358982	0.07938358982	0.2547764176	0.2547764176	0.3938231019	0.05747411317	0.2547764176	0.02926262133	-0.00615968212	0.05664953925	0.3496988311	0.0974621694	0.3496988311	0.07938358982	0.2684835923	0.2653964469	0.2534602008	0.2669319423	0.22421619	0.07938358982	-0.09907883907	0.1979796128	0.03779179503	0.3482685848	0.03779179503	-0.2469947595	-0.1979128397	0.3461685058	-0.2110259976	-0.00615968212	0.07938358982	-0.2122948622	0.1966021457	-0.00615968212	-0.214370332	-0.2568922711	0.07412935484	-0.1703740101	0.292067332	0.1239838269	-0.1752683453	-0.08779306799	0.09834668334	0.2885756972	-0.2530462579	-0.2466572627	0.07842165548	0.2885756972	0.01866383407	-0.2032180696	0.02926262133	-0.2497433021	-0.2121005797	-0.2497433021	0.2885756972	-0.2466572627	0.07705806139	-0.2115365826	0.02070275913	-0.04802670466	-0.04802670466	-0.203618018	0.2846929538	0.2113305446	0.07705806139	-0.01847336195	-0.03180936842	0.07172480275	0.3318236289	0.331392933	-0.03388493251	0.2096214	-0.03388493251	0.07691635585	0.05900054948	0.1196756203	0.07691635585	-0.003267204703	0.05390153092	0.1605930715	-0.2425281467	-0.2425281467	0.08260745594	0.08260745594	-0.2425281467	-0.04284786461	0.07691635585	0.1258977825	0.1594193337	0.1605930715	0.2773841967	0.08260745594	-0.2425281467	0.07691635585	-0.2070051198	0.03568335853	0.08260745594	-0.2166329065	-0.2462164907	0.3120087362	-0.003395100409	0.2773841967	0.16069761	0.2045920215	-0.2462164907	0.2045920215	0.1657973414	0.1657973414	-0.01863198031	-0.01863198031	-0.1067533461	0.04293732688	0.1171445955	0.01085165146	0.1392637122	-0.05129351728	-0.002812328538	0.08678285988	0.02739319412	0.03035121199	-0.009065136457	0.1349135341	0.1619488529	0.03153268483	0.1628575368	0.1038675361	0.03153268483	-0.1071950443	0.1540649803	-0.2521086892	0.05568880944	-0.02631177136	0.184174077	0.008394391286	0.03018906609	0.06637758178	0.1048656487	0.007905029246	0.05568880944	0.1345129309	0.1789008108	0.05390153092	0.1008659397	-0.09576500979	-0.007905248669	0.01426403592	0.1137905334
chr11_2070994_C_T	0.04016722345	0.05416410656	0.6888291816	0.7746461386	-0.6248422831	-0.6223470261	0.7761073311	0.3724795406	0.7761073311	0.7761073311	0.7761073311	0.5986453976	-0.6245432164	0.3642993114	0.4279608845	0.6058048544	-0.1122283827	-0.5821997011	-0.667498957	-0.667498957	0.3695976546	-0.667498957	1	1	-0.06251408779	0.2485446204	0.03274035937	-0.2304690883	-0.2285370359	0.3516773705	0.3516773705	0.3516773705	0.2732622282	0.05390153092	0.1631530973	0.2732622282	0.05374249813	-0.02321610584	-0.02321610584	0.2732622282	0.2732622282	0.2765980186	-0.2445150096	0.2732622282	0.1713992059	0.1631530973	0.2732622282	0.05374249813	-0.2265177874	-0.2444085118	-0.2444085118	-0.2473211842	0.04221419924	0.3386663899	0.2130591506	0.1487370413	-0.0130493535	0.2595890708	0.1487370413	-0.08779306799	0.2615170739	-0.0130493535	0.2595890708	0.07842165548	0.2717263508	-0.2598088666	0.3987113622	-0.2583433552	0.01993360933	0.2547764176	0.2610660966	0.07938358982	0.1048656487	-0.1787400108	0.07842165548	0.07938358982	0.07938358982	0.2547764176	0.2547764176	0.3938231019	0.05747411317	0.2547764176	0.02926262133	-0.00615968212	0.05664953925	0.3496988311	0.0974621694	0.3496988311	0.07938358982	0.2684835923	0.2653964469	0.2534602008	0.2669319423	0.22421619	0.07938358982	-0.09907883907	0.1979796128	0.03779179503	0.3482685848	0.03779179503	-0.2469947595	-0.1979128397	0.3461685058	-0.2110259976	-0.00615968212	0.07938358982	-0.2122948622	0.1966021457	-0.00615968212	-0.214370332	-0.2568922711	0.07412935484	-0.1703740101	0.292067332	0.1239838269	-0.1752683453	-0.08779306799	0.09834668334	0.2885756972	-0.2530462579	-0.2466572627	0.07842165548	0.2885756972	0.01866383407	-0.2032180696	0.02926262133	-0.2497433021	-0.2121005797	-0.2497433021	0.2885756972	-0.2466572627	0.07705806139	-0.2115365826	0.02070275913	-0.04802670466	-0.04802670466	-0.203618018	0.2846929538	0.2113305446	0.07705806139	-0.01847336195	-0.03180936842	0.07172480275	0.3318236289	0.331392933	-0.03388493251	0.2096214	-0.03388493251	0.07691635585	0.05900054948	0.1196756203	0.07691635585	-0.003267204703	0.05390153092	0.1605930715	-0.2425281467	-0.2425281467	0.08260745594	0.08260745594	-0.2425281467	-0.04284786461	0.07691635585	0.1258977825	0.1594193337	0.1605930715	0.2773841967	0.08260745594	-0.2425281467	0.07691635585	-0.2070051198	0.03568335853	0.08260745594	-0.2166329065	-0.2462164907	0.3120087362	-0.003395100409	0.2773841967	0.16069761	0.2045920215	-0.2462164907	0.2045920215	0.1657973414	0.1657973414	-0.01863198031	-0.01863198031	-0.1067533461	0.04293732688	0.1171445955	0.01085165146	0.1392637122	-0.05129351728	-0.002812328538	0.08678285988	0.02739319412	0.03035121199	-0.009065136457	0.1349135341	0.1619488529	0.03153268483	0.1628575368	0.1038675361	0.03153268483	-0.1071950443	0.1540649803	-0.2521086892	0.05568880944	-0.02631177136	0.184174077	0.008394391286	0.03018906609	0.06637758178	0.1048656487	0.007905029246	0.05568880944	0.1345129309	0.1789008108	0.05390153092	0.1008659397	-0.09576500979	-0.007905248669	0.01426403592	0.1137905334
chr11_2072097_C_T	0.05122034761	-0.04733488806	-0.04921905385	-0.08096323458	0.07232163301	0.07005340802	-0.08200352929	-0.01030773761	-0.08200352929	-0.08200352929	-0.08200352929	-0.08424600929	0.07051741125	-0.03113288453	-0.01564993834	-0.08815596989	0.5552567268	0.1103395013	0.1550406632	0.1550406632	0.02556311315	0.1550406632	-0.06251408779	-0.06251408779	1	0.1064341881	0.7284134757	-0.09344608125	-0.1136825131	-0.1869627852	-0.1869627852	-0.1869627852	0.07647941786	-0.03736265137	0.4965002113	0.07647941786	-0.03517385163	0.7316739594	0.7316739594	0.07647941786	0.07647941786	0.0767740507	-0.1063577304	0.07647941786	0.5036950831	0.4965002113	0.07647941786	-0.03517385163	-0.09350962515	-0.09465570608	-0.09465570608	-0.09252245584	0.7157197142	-0.1995407006	-0.07436214633	-0.0551080015	0.7589106861	0.077884823	-0.0551080015	-0.04694795547	-0.03628568767	0.7589106861	0.077884823	-0.03944208207	0.07760061364	-0.09465570608	0.1357508747	-0.09572072974	0.7070830822	0.07566148307	0.0767740507	-0.03736265137	0.2245533087	0.2921030648	-0.03944208207	-0.03736265137	-0.03736265137	0.07566148307	0.07566148307	0.1320644121	0.571716608	0.07566148307	0.7246405765	0.5838004872	-0.05227416932	-0.1989352975	-0.04694795547	-0.1989352975	-0.03736265137	0.07423106741	0.07647941786	-0.1639436699	0.0753562745	0.09129250298	-0.03736265137	0.2701911297	-0.07802216961	0.5885125236	-0.2023784181	0.5885125236	-0.09565732056	0.2415406184	-0.2006467275	0.2314325319	0.5838004872	-0.03736265137	0.2333876492	-0.0490247742	0.5838004872	0.2360410657	-0.09678481281	0.4363125224	0.2064511645	-0.1835297174	-0.04142871728	0.2041355298	-0.04694795547	-0.04517240629	-0.1857954672	0.1908478715	-0.09027850134	-0.03944208207	-0.1857954672	0.534173851	0.2394332277	0.5413232399	-0.08811682422	0.2415406184	-0.08811682422	-0.1857954672	-0.09027850134	-0.05196875033	0.3214076481	0.6538508347	-0.03736265137	-0.03736265137	0.3200287578	-0.1676495058	0.08253042251	-0.05196875033	0.3726277693	0.6508671618	-0.04380084959	0.003004885741	0.003952709312	0.455090347	0.09127589355	0.455090347	-0.05034087702	-0.05355661087	-0.04517240629	-0.05034087702	0.3384818029	0.2245533087	0.102175588	0.02932314613	0.02932314613	0.2632563062	0.2632563062	0.02932314613	0.4393461281	-0.05034087702	0.1167843065	0.1032212837	0.102175588	-0.1661041005	-0.03285370433	0.02932314613	-0.05034087702	0.236237886	0.4019503002	0.2632563062	0.3187516889	0.02770781539	-0.1826596963	0.4972730643	-0.1661041005	0.07847470349	0.06856986232	0.02770781539	0.06856986232	0.08065245729	0.08065245729	0.323440208	0.323440208	0.06261291391	0.2859953934	-0.1000434534	0.4319236946	0.02327769819	0.2638743737	0.05368325174	-0.03020951979	-0.05687595098	0.0154267559	0.1220032965	-0.09620299457	-0.1056623432	-0.06121526264	0.08471061629	-0.08375840357	-0.06121526264	0.01797526989	0.08680447108	-0.05508277836	0.06444175443	0.2972367829	-0.009759093943	0.07737925706	-0.05979439638	0.1138726369	-0.03736265137	-0.05384129863	0.06444175443	0.02352222075	-0.0490247742	0.09359532868	0.07737925706	-0.05834859676	0.3664255399	0.2348590729	-0.05355661087
chr11_2072504_T_C	-0.06494343104	0.007556701384	0.2418566784	0.2431326678	0.1844812171	0.186126469	0.2460585812	0.1032538629	0.2460585812	0.2460585812	0.2460585812	0.2005188575	0.1820672372	0.1084669152	0.5415863688	0.2030871966	0.0533425104	0.2092515962	0.2155327976	0.2155327976	0.01858219027	0.2155327976	0.2485446204	0.2485446204	0.1064341881	1	0.1100665674	0.1357261601	0.1014310105	0.5688915297	0.5688915297	0.5688915297	0.9252887436	-0.14077954	0.1391660205	0.9252887436	-0.1613989741	0.09550354783	0.09550354783	0.9252887436	0.9252887436	0.9206868696	0.1296081304	0.9252887436	0.1445778313	0.1391660205	0.9252887436	-0.1613989741	0.1052926721	0.0895981481	0.0895981481	0.1041811107	0.1014073956	0.5886489269	0.1004241727	0.1052011032	0.1250466472	0.9153326427	0.1052011032	0.01811019859	0.8944282414	0.1250466472	0.9153326427	-0.122719045	0.919804271	0.0895981481	0.6198597291	0.09292369865	0.08972810838	0.9153929329	0.9206868696	-0.14077954	0.03443746279	0.08305314013	-0.122719045	-0.14077954	-0.14077954	0.9153929329	0.9153929329	0.6220863722	0.003094211072	0.9153929329	0.09697782838	0.1056408317	-0.1324527329	0.5870021311	-0.1517340963	0.5870021311	-0.14077954	0.9147003366	0.9144715752	0.5339403625	0.9199892381	0.9448735956	-0.14077954	0.1748896605	0.09694860213	0.08071061345	0.5891131683	0.08071061345	0.1012477258	0.1437478211	0.5919117276	0.1320685318	0.1056408317	-0.14077954	0.131299778	0.08846334503	0.1056408317	0.1251662778	0.0962393775	0.1239784321	0.1470463963	0.4765156879	0.02052288492	0.1530191797	0.01811019859	-0.1669469784	0.4750833696	0.1478130183	0.1060452506	-0.122719045	0.4750833696	0.06902049614	0.1424936518	0.08062636752	0.1210598092	0.1437478211	0.1210598092	0.4750833696	0.1060452506	0.09377563826	0.1461383021	0.09203774119	-0.1758229405	-0.1758229405	0.1491650621	0.4721320714	0.09422736758	0.09377563826	0.05750289911	0.1020014275	-0.1943824186	0.4844040873	0.4821806196	0.06039849246	0.8332783851	0.06039849246	0.08771361338	0.0744796361	0.03837667251	0.08771361338	0.09362107965	-0.0006059377617	0.8328986195	0.1402552027	0.1402552027	0.01267333378	0.01267333378	0.1402552027	0.03486880655	0.08771361338	0.7679453175	0.828197121	0.8328986195	0.4754001222	0.05229177361	0.1402552027	0.08771361338	0.1768697105	0.09029641878	0.01267333378	0.1543431775	0.1314538315	0.4435593455	0.04160499616	0.4754001222	0.8135901128	0.8114948599	0.1209095691	0.8114948599	0.8245671828	0.8245671828	0.04608669911	0.04608669911	0.04844820232	0.1029382466	0.5980137618	0.0225895189	0.6922606674	0.0590753038	0.08137675479	0.04795257041	0.07182136986	0.0653613837	0.06281485144	0.5450684461	0.5223589005	0.02656661102	0.6116815532	0.5177135434	0.02656661102	0.02052288492	0.6138815487	0.1425452826	-0.07895112803	0.06553617363	0.1768056751	-0.1066457056	0.04109230739	0.5354088799	-0.14077954	0.0370011795	-0.07895112803	0.06932554417	0.06412014065	-0.03564933831	-0.04306141032	0.0347450199	0.07774036636	0.0530975767	0.09959570386
chr11_2072719_A_T	0.09316301824	-0.0294314485	0.02100813787	0.03120690176	-0.01554645451	-0.007616412999	0.0298856516	0.03965013437	0.0298856516	0.0298856516	0.0298856516	0.004762903137	-0.01829365048	0.02546373162	0.04524401554	-0.002741976294	0.5096656604	0.004178544222	0.0739169878	0.0739169878	0.006246783287	0.0739169878	0.03274035937	0.03274035937	0.7284134757	0.1100665674	1	-0.1235810209	-0.1524849852	-0.2737578253	-0.2737578253	-0.2737578253	0.1122035831	0.1028761647	0.6754073267	0.1122035831	0.06032034258	0.8538624782	0.8538624782	0.1122035831	0.1122035831	0.1125517814	-0.1421605938	0.1122035831	0.6853145912	0.6754073267	0.1122035831	0.06032034258	-0.1237645857	-0.1254749663	-0.1254749663	-0.1224580186	0.9524977293	-0.291363814	-0.07767873531	-0.07718799583	0.8280049842	0.1140976772	-0.07718799583	-0.06575848321	0.04217243655	0.8280049842	0.1140976772	0.1413711757	0.1137635336	-0.1254749663	0.1885301349	-0.1269807473	0.9171889988	0.1110035842	0.1125517814	0.1028761647	0.4650300835	0.4270189391	0.1413711757	0.1028761647	0.1028761647	0.1110035842	0.1110035842	0.18335364	0.8190259626	0.1110035842	0.9403646706	0.7433828871	0.06393053166	-0.2905341332	0.1014077708	-0.2905341332	0.1028761647	0.1090760151	0.1122035831	-0.2524729722	0.1106411299	0.04131239293	0.1028761647	0.357307449	-0.006931588555	0.89017287	-0.2954526208	0.89017287	-0.1268026998	0.3671235305	-0.2929788038	0.3525757627	0.7433828871	0.1028761647	0.3551369683	-0.06866741605	0.7433828871	0.3588999592	-0.1284849172	0.7251495579	0.3568764925	-0.3115705352	-0.05802786473	0.3671177992	-0.06575848321	0.1532493836	-0.3035363801	0.1799715881	-0.1511294035	0.1413711757	-0.3035363801	0.8329618479	0.3496434179	0.8196623917	-0.1482144544	0.3671235305	-0.1482144544	-0.3035363801	-0.1511294035	0.04150072161	0.3960483847	0.8626648158	-0.0005963835633	-0.0005963835633	0.3941600439	-0.2865545103	0.1044354283	0.04150072161	0.5236035315	0.7445177599	0.09461000956	0.03737702184	0.0387334223	0.6757428993	0.1043630699	0.6757428993	0.04712022394	0.03622519865	-0.06327152889	0.04712022394	0.5716853149	0.4132938094	0.07595144507	-0.07214131654	-0.07214131654	0.4803985197	0.4803985197	-0.07214131654	0.6527230978	0.04712022394	0.05557294917	0.0775227439	0.07595144507	-0.2729656784	-0.04601712136	-0.07214131654	0.04712022394	0.2928825476	0.6912989809	0.4803985197	0.3927756301	-0.07298997137	-0.2626941303	0.7750960235	-0.2729656784	0.0533742804	0.08498394694	-0.07298997137	0.08498394694	0.05662496642	0.05662496642	0.550225618	0.550225618	-0.03234690001	0.4891354296	-0.2896966703	0.6418743947	-0.002806318553	0.4060043069	0.09357205188	-0.05175927329	0.1780840769	0.2405632964	0.09710906586	-0.1486758058	-0.1362511623	0.1583813051	0.1060083863	-0.2535622702	0.1583813051	-0.01109157321	0.1089612548	-0.0785739107	0.1965535661	0.4096071396	-0.0406961922	0.1297173013	0.1646408363	0.1339170032	0.05113989055	0.1258829788	0.1965535661	0.03091110454	-0.06866741605	0.1546124388	0.1766535929	-0.08172699283	0.4999165671	0.4491172643	-0.07501501314
chr11_2072834_C_T	-0.0450235973	0.05567608618	-0.1744197643	-0.2362970109	0.3022681603	0.2975407461	-0.2307548782	-0.1270986187	-0.2307548782	-0.2307548782	-0.2307548782	-0.1661740133	0.3061551462	-0.1205389848	0.050202725	-0.1679413218	-0.08676957215	0.2069122509	0.2594477548	0.2594477548	0.01141039207	0.2594477548	-0.2304690883	-0.2304690883	-0.09344608125	0.1357261601	-0.1235810209	1	0.8940093995	-0.5130252372	-0.5130252372	-0.5130252372	0.1539026844	-0.02471476217	-0.1745037512	0.1539026844	-0.01492639459	-0.07987334198	-0.07987334198	0.1539026844	0.1539026844	0.1551865349	0.9138670043	0.1539026844	-0.1683875301	-0.1745037512	0.1539026844	-0.01492639459	0.951198643	0.8238292527	0.8238292527	0.8121286254	-0.1160938761	-0.420699492	-0.1177058776	-0.0419550534	-0.09039133552	0.1365523711	-0.0419550534	-0.06286219061	0.1376530889	-0.09039133552	0.1365523711	-0.03357235624	0.1459408377	0.8131205525	-0.5057054739	0.8083112267	-0.119863043	0.1414347045	0.1335861628	-0.02471476217	-0.09559098094	0.5913884731	-0.03357235624	-0.02471476217	-0.02471476217	0.1414347045	0.1414347045	-0.5138488178	-0.1303511984	0.1414347045	-0.1122707625	-0.09249143371	-0.06328358031	-0.4112207477	-0.06286219061	-0.4112207477	-0.02471476217	0.1589581784	0.1539026844	-0.3540763842	0.1509412336	0.1624202971	-0.02471476217	0.5553159333	-0.1295085195	-0.1168111607	-0.3956793813	-0.1168111607	0.8000806857	0.6574348774	-0.3995634444	0.640771876	-0.09249143371	-0.02471476217	0.6648130698	-0.07619331226	-0.09249143371	0.6717130662	0.8035479169	-0.08852138466	0.6024020781	-0.4244696205	-0.1059938623	0.6149639989	-0.06286219061	-0.02658496873	-0.4146215006	0.7101002624	0.7703793739	-0.03357235624	-0.4146215006	-0.05059050211	0.6516988975	-0.06266385935	0.7804884887	0.6574348774	0.7804884887	-0.4146215006	0.7703793739	-0.05467309437	0.6434412586	-0.05794515281	0.01072334722	0.01072334722	0.6400555771	-0.4127859552	-0.05754716718	-0.05467309437	0.005167323031	-0.01271498469	-0.005233705761	-0.4503646562	-0.4483376142	-0.02592359746	0.116902095	-0.02592359746	-0.04822083571	-0.06082575337	-0.1155719541	-0.04822083571	-0.02708761231	-0.06015287155	0.1318480571	0.7572517951	0.7572517951	-0.0439903251	-0.0439903251	0.7572517951	-0.0179969923	-0.04822083571	0.1445140535	0.1347291267	0.1318480571	-0.4088941528	-0.00392564581	0.7572517951	-0.04822083571	0.6351355234	-0.05403448297	-0.0439903251	0.647642677	0.7552618979	-0.4269123089	-0.05497618511	-0.4088941528	0.1185323454	0.1107884567	0.7552618979	0.1107884567	0.1243955004	0.1243955004	-0.01207646972	-0.01207646972	0.07796368326	0.003845578893	0.1833351243	-0.04108810791	0.1453820808	-0.03971534526	-0.06912320952	-0.0403177817	-0.03517037615	-0.05015298603	0.1451541694	-0.105417985	-0.1102141785	-0.05210527681	-0.06992281232	-0.06438610688	-0.05210527681	0.3762596807	-0.064110634	-0.1720798619	-0.05624729719	0.1065644604	-0.1535294686	-0.04169338988	-0.04664228224	-0.0582702023	-0.02471476217	-0.04582869775	-0.05624729719	-0.1224872634	-0.07619331226	-0.09559098094	-0.1059938623	0.4137728588	0.02970280267	0.04170573622	0.0407700898
chr11_2073182_A_G	-0.03242749343	0.07332188273	-0.1981586763	-0.2484239645	0.2721483051	0.2661870507	-0.2438384117	-0.1366502582	-0.2438384117	-0.2438384117	-0.2438384117	-0.1739009587	0.2747106546	-0.1291933276	0.01530605732	-0.1779651954	-0.1074377493	0.1965079521	0.2218074243	0.2218074243	0.03220260745	0.2218074243	-0.2285370359	-0.2285370359	-0.1136825131	0.1014310105	-0.1524849852	0.8940093995	1	-0.5828657196	-0.5828657196	-0.5828657196	0.143049112	-0.04234371957	-0.1824882963	0.143049112	-0.03216127798	-0.1060127525	-0.1060127525	0.143049112	0.143049112	0.1349107142	0.9675412074	0.143049112	-0.1988882754	-0.1824882963	0.143049112	-0.03216127798	0.8988352779	0.908162754	0.908162754	0.8992753857	-0.1291677213	-0.5041705594	-0.1307978631	-0.04467229249	-0.11425539	0.1283332332	-0.04467229249	0.2875001197	0.1319519555	-0.11425539	0.1283332332	-0.05160951783	0.1363631866	0.8982740733	-0.5737780429	0.8928876784	-0.1034753506	0.131525906	0.1249375531	-0.04234371957	-0.07506815318	0.6798740385	-0.05160951783	-0.04234371957	-0.04234371957	0.131525906	0.131525906	-0.5846558835	-0.1031791217	0.131525906	-0.1248395849	-0.1130951348	0.00100000232	-0.4951189382	0.02315846221	-0.4951189382	-0.04234371957	0.1463766627	0.143049112	-0.4309226057	0.139645444	0.1219080088	-0.04234371957	0.6108766666	-0.144171998	-0.1262135198	-0.4826588683	-0.1262135198	0.8777993461	0.724183487	-0.4852942388	0.7126251661	-0.1130951348	-0.04234371957	0.7358469268	-0.09597360121	-0.1130951348	0.7257140718	0.8875524031	-0.09969554777	0.6641411036	-0.5067222385	-0.1195233325	0.6745312059	0.2875001197	0.006630658259	-0.498857891	0.7664890669	0.8552136044	-0.05160951783	-0.498857891	-0.05355841074	0.7268957081	-0.063761917	0.8462575533	0.724183487	0.8462575533	-0.498857891	0.8552136044	-0.07763948422	0.7069094583	-0.06199403271	-0.00961928596	-0.00961928596	0.7119622717	-0.4950143176	-0.05742498059	-0.07763948422	0.003360306266	-0.02739644559	0.02160605952	-0.5361253534	-0.5338641351	-0.03865844093	0.08508297231	-0.03865844093	-0.07083076542	-0.06069660554	-0.1303240094	-0.07083076542	-0.03969864907	-0.04234371957	0.07109974306	0.8206416438	0.8206416438	-0.05778738959	-0.05778738959	0.8206416438	-0.03318943196	-0.07083076542	0.09449366965	0.07447172549	0.07109974306	-0.4905121639	-0.020790666	0.8206416438	-0.07083076542	0.6748547769	-0.08217423633	-0.05778738959	0.6922782675	0.816635639	-0.5093189257	-0.05853674403	-0.4905121639	0.07407157079	0.08823051757	0.816635639	0.08823051757	0.08089429998	0.08089429998	-0.0009744215404	-0.0009744215404	-0.009190673439	-0.008828437651	0.04685581201	-0.03884856784	0.1584722306	-0.04463716176	-0.08925894316	-0.0743526613	-0.04181513178	-0.03994120008	0.1490894203	-0.1087021934	-0.1094293958	-0.02219423038	-0.06269250931	-0.09643272974	-0.02219423038	0.3258016107	-0.05616409256	-0.1894808005	0.006630658259	0.1204666084	-0.1810623173	0.02891831524	-0.01539450164	-0.04362295463	-0.00961928596	-0.006788221348	0.006630658259	-0.1458849693	-0.09597360121	-0.04234371957	-0.03045834386	0.3715994774	0.09696085133	0.07709779953	0.03311952863
chr11_2073378_C_T	-0.07461223368	-0.03402599862	0.3247532748	0.3546134693	-0.05174652693	-0.04953461469	0.3538896318	0.1557549102	0.3538896318	0.3538896318	0.3538896318	0.2831520842	-0.05397109916	0.1604558984	0.352047583	0.291868871	-0.10713754	-0.03187984349	-0.07372360215	-0.07372360215	0.0001765431155	-0.07372360215	0.3516773705	0.3516773705	-0.1869627852	0.5688915297	-0.2737578253	-0.5130252372	-0.5828657196	1	1	1	0.5216878861	-0.1412179779	-0.09118562727	0.5216878861	-0.1447435171	-0.2471423183	-0.2471423183	0.5216878861	0.5216878861	0.5240932799	-0.5574586768	0.5216878861	-0.07973606183	-0.09118562727	0.5216878861	-0.1447435171	-0.530839367	-0.5485756068	-0.5485756068	-0.5328404816	-0.2747110931	0.9630374136	0.1878739566	0.1322240334	-0.2211223946	0.524440398	0.1322240334	-0.1729477421	0.541126043	-0.2211223946	0.524440398	-0.1384933892	0.522014573	-0.5410013693	0.8206027445	-0.5337458968	-0.2856821978	0.51610852	0.5240932799	-0.1412179779	-0.1412179779	-0.6719256364	-0.1384933892	-0.1412179779	-0.1412179779	0.51610852	0.51610852	0.804657193	-0.3401010637	0.51610852	-0.2752682355	-0.1952031667	-0.1901954632	0.9544994096	-0.1527004862	0.9544994096	-0.1412179779	0.505546428	0.5062136204	0.8578516484	0.5136250573	0.5620395033	-0.1412179779	-0.5061232841	0.1624096785	-0.2608661191	0.9490625264	-0.2608661191	-0.5237629055	-0.6144325643	0.9517765908	-0.6411523034	-0.1952031667	-0.1412179779	-0.6265863271	0.1726128694	-0.1952031667	-0.625128751	-0.5340813865	-0.1719289471	-0.5937595154	0.8889908714	0.11376445	-0.5957259857	-0.1729477421	-0.1544183171	0.8836614328	-0.5609449195	-0.5068953778	-0.1384933892	0.8836614328	-0.2862936872	-0.6159887367	-0.2752682355	-0.4908469191	-0.6214104108	-0.4908469191	0.8836614328	-0.5068953778	0.03531908798	-0.620591614	-0.2897729749	-0.1161526898	-0.1161526898	-0.6213299044	0.8701448442	0.08042632719	0.03531908798	-0.1947872599	-0.2505002531	-0.1802443784	0.7450772882	0.7410537169	-0.2382122142	0.4733849204	-0.2382122142	0.02080330997	0.01314989687	0.1393029768	0.02080330997	-0.2075043521	-0.1412179779	0.5117701946	-0.494136356	-0.494136356	-0.1493647302	-0.1493647302	-0.494136356	-0.2625403412	0.02080330997	0.4840874111	0.5049887286	0.5117701946	0.8623477774	0.07733646775	-0.494136356	0.02080330997	-0.5503600983	-0.2225629772	-0.1493647302	-0.595266086	-0.4968764539	0.8388205355	-0.2742086188	0.8623477774	0.5070783391	0.4648855567	-0.4968764539	0.4648855567	0.507973448	0.507973448	-0.2157390489	-0.2157390489	0.1122564568	-0.1536404459	0.5515954575	-0.2489786178	0.3824898184	-0.1516687289	-0.01417039257	0.1165950413	-0.07795654839	-0.1072804496	-0.1133575827	0.5349988907	0.5198631747	-0.1114565246	0.4395527189	0.5843768252	-0.1114565246	-0.2273323024	0.4345703835	0.2770162751	-0.1544183171	-0.2278736037	0.299922442	-0.1591129519	-0.09563190375	0.3614816566	-0.1161526898	-0.07527477332	-0.1544183171	0.161889473	0.155201048	-0.06602211348	-0.1136333849	-0.2171338093	-0.2933308388	-0.2726978775	0.06704376555
chr11_2073444_A_G	-0.07461223368	-0.03402599862	0.3247532748	0.3546134693	-0.05174652693	-0.04953461469	0.3538896318	0.1557549102	0.3538896318	0.3538896318	0.3538896318	0.2831520842	-0.05397109916	0.1604558984	0.352047583	0.291868871	-0.10713754	-0.03187984349	-0.07372360215	-0.07372360215	0.0001765431155	-0.07372360215	0.3516773705	0.3516773705	-0.1869627852	0.5688915297	-0.2737578253	-0.5130252372	-0.5828657196	1	1	1	0.5216878861	-0.1412179779	-0.09118562727	0.5216878861	-0.1447435171	-0.2471423183	-0.2471423183	0.5216878861	0.5216878861	0.5240932799	-0.5574586768	0.5216878861	-0.07973606183	-0.09118562727	0.5216878861	-0.1447435171	-0.530839367	-0.5485756068	-0.5485756068	-0.5328404816	-0.2747110931	0.9630374136	0.1878739566	0.1322240334	-0.2211223946	0.524440398	0.1322240334	-0.1729477421	0.541126043	-0.2211223946	0.524440398	-0.1384933892	0.522014573	-0.5410013693	0.8206027445	-0.5337458968	-0.2856821978	0.51610852	0.5240932799	-0.1412179779	-0.1412179779	-0.6719256364	-0.1384933892	-0.1412179779	-0.1412179779	0.51610852	0.51610852	0.804657193	-0.3401010637	0.51610852	-0.2752682355	-0.1952031667	-0.1901954632	0.9544994096	-0.1527004862	0.9544994096	-0.1412179779	0.505546428	0.5062136204	0.8578516484	0.5136250573	0.5620395033	-0.1412179779	-0.5061232841	0.1624096785	-0.2608661191	0.9490625264	-0.2608661191	-0.5237629055	-0.6144325643	0.9517765908	-0.6411523034	-0.1952031667	-0.1412179779	-0.6265863271	0.1726128694	-0.1952031667	-0.625128751	-0.5340813865	-0.1719289471	-0.5937595154	0.8889908714	0.11376445	-0.5957259857	-0.1729477421	-0.1544183171	0.8836614328	-0.5609449195	-0.5068953778	-0.1384933892	0.8836614328	-0.2862936872	-0.6159887367	-0.2752682355	-0.4908469191	-0.6214104108	-0.4908469191	0.8836614328	-0.5068953778	0.03531908798	-0.620591614	-0.2897729749	-0.1161526898	-0.1161526898	-0.6213299044	0.8701448442	0.08042632719	0.03531908798	-0.1947872599	-0.2505002531	-0.1802443784	0.7450772882	0.7410537169	-0.2382122142	0.4733849204	-0.2382122142	0.02080330997	0.01314989687	0.1393029768	0.02080330997	-0.2075043521	-0.1412179779	0.5117701946	-0.494136356	-0.494136356	-0.1493647302	-0.1493647302	-0.494136356	-0.2625403412	0.02080330997	0.4840874111	0.5049887286	0.5117701946	0.8623477774	0.07733646775	-0.494136356	0.02080330997	-0.5503600983	-0.2225629772	-0.1493647302	-0.595266086	-0.4968764539	0.8388205355	-0.2742086188	0.8623477774	0.5070783391	0.4648855567	-0.4968764539	0.4648855567	0.507973448	0.507973448	-0.2157390489	-0.2157390489	0.1122564568	-0.1536404459	0.5515954575	-0.2489786178	0.3824898184	-0.1516687289	-0.01417039257	0.1165950413	-0.07795654839	-0.1072804496	-0.1133575827	0.5349988907	0.5198631747	-0.1114565246	0.4395527189	0.5843768252	-0.1114565246	-0.2273323024	0.4345703835	0.2770162751	-0.1544183171	-0.2278736037	0.299922442	-0.1591129519	-0.09563190375	0.3614816566	-0.1161526898	-0.07527477332	-0.1544183171	0.161889473	0.155201048	-0.06602211348	-0.1136333849	-0.2171338093	-0.2933308388	-0.2726978775	0.06704376555
chr11_2073476_A_C	-0.07461223368	-0.03402599862	0.3247532748	0.3546134693	-0.05174652693	-0.04953461469	0.3538896318	0.1557549102	0.3538896318	0.3538896318	0.3538896318	0.2831520842	-0.05397109916	0.1604558984	0.352047583	0.291868871	-0.10713754	-0.03187984349	-0.07372360215	-0.07372360215	0.0001765431155	-0.07372360215	0.3516773705	0.3516773705	-0.1869627852	0.5688915297	-0.2737578253	-0.5130252372	-0.5828657196	1	1	1	0.5216878861	-0.1412179779	-0.09118562727	0.5216878861	-0.1447435171	-0.2471423183	-0.2471423183	0.5216878861	0.5216878861	0.5240932799	-0.5574586768	0.5216878861	-0.07973606183	-0.09118562727	0.5216878861	-0.1447435171	-0.530839367	-0.5485756068	-0.5485756068	-0.5328404816	-0.2747110931	0.9630374136	0.1878739566	0.1322240334	-0.2211223946	0.524440398	0.1322240334	-0.1729477421	0.541126043	-0.2211223946	0.524440398	-0.1384933892	0.522014573	-0.5410013693	0.8206027445	-0.5337458968	-0.2856821978	0.51610852	0.5240932799	-0.1412179779	-0.1412179779	-0.6719256364	-0.1384933892	-0.1412179779	-0.1412179779	0.51610852	0.51610852	0.804657193	-0.3401010637	0.51610852	-0.2752682355	-0.1952031667	-0.1901954632	0.9544994096	-0.1527004862	0.9544994096	-0.1412179779	0.505546428	0.5062136204	0.8578516484	0.5136250573	0.5620395033	-0.1412179779	-0.5061232841	0.1624096785	-0.2608661191	0.9490625264	-0.2608661191	-0.5237629055	-0.6144325643	0.9517765908	-0.6411523034	-0.1952031667	-0.1412179779	-0.6265863271	0.1726128694	-0.1952031667	-0.625128751	-0.5340813865	-0.1719289471	-0.5937595154	0.8889908714	0.11376445	-0.5957259857	-0.1729477421	-0.1544183171	0.8836614328	-0.5609449195	-0.5068953778	-0.1384933892	0.8836614328	-0.2862936872	-0.6159887367	-0.2752682355	-0.4908469191	-0.6214104108	-0.4908469191	0.8836614328	-0.5068953778	0.03531908798	-0.620591614	-0.2897729749	-0.1161526898	-0.1161526898	-0.6213299044	0.8701448442	0.08042632719	0.03531908798	-0.1947872599	-0.2505002531	-0.1802443784	0.7450772882	0.7410537169	-0.2382122142	0.4733849204	-0.2382122142	0.02080330997	0.01314989687	0.1393029768	0.02080330997	-0.2075043521	-0.1412179779	0.5117701946	-0.494136356	-0.494136356	-0.1493647302	-0.1493647302	-0.494136356	-0.2625403412	0.02080330997	0.4840874111	0.5049887286	0.5117701946	0.8623477774	0.07733646775	-0.494136356	0.02080330997	-0.5503600983	-0.2225629772	-0.1493647302	-0.595266086	-0.4968764539	0.8388205355	-0.2742086188	0.8623477774	0.5070783391	0.4648855567	-0.4968764539	0.4648855567	0.507973448	0.507973448	-0.2157390489	-0.2157390489	0.1122564568	-0.1536404459	0.5515954575	-0.2489786178	0.3824898184	-0.1516687289	-0.01417039257	0.1165950413	-0.07795654839	-0.1072804496	-0.1133575827	0.5349988907	0.5198631747	-0.1114565246	0.4395527189	0.5843768252	-0.1114565246	-0.2273323024	0.4345703835	0.2770162751	-0.1544183171	-0.2278736037	0.299922442	-0.1591129519	-0.09563190375	0.3614816566	-0.1161526898	-0.07527477332	-0.1544183171	0.161889473	0.155201048	-0.06602211348	-0.1136333849	-0.2171338093	-0.2933308388	-0.2726978775	0.06704376555
chr11_2073913_A_G	0.001617483836	-0.001663191168	0.2049522076	0.2098936077	0.2002519098	0.2014683431	0.2126126412	0.0959801214	0.2126126412	0.2126126412	0.2126126412	0.1683766995	0.1974749919	0.1017369569	0.5859474194	0.1704674668	0.1133819892	0.2039568723	0.2190262974	0.2190262974	0.1074912805	0.2190262974	0.2732622282	0.2732622282	0.07647941786	0.9252887436	0.1122035831	0.1539026844	0.143049112	0.5216878861	0.5216878861	0.5216878861	1	0.09771796804	0.1312989107	1	0.09199339939	0.122674729	0.122674729	1	1	0.9947315444	0.1530051441	1	0.1372449354	0.1312989107	1	0.09199339939	0.1336453249	0.1169792673	0.1169792673	0.132234448	0.1205544794	0.539093135	0.06834279307	0.09492805881	0.1141227516	0.9894608254	0.09492805881	0.009016423368	0.968912349	0.1141227516	0.9894608254	0.1031564938	0.9945945146	0.1276193213	0.6398617816	0.1306416953	0.1082721156	0.9785525213	0.9840005911	0.09771796804	0.02729608868	0.2014120303	0.1031564938	0.09771796804	0.09771796804	0.9785525213	0.9785525213	0.6494104792	0.1496651008	0.9785525213	0.1166646172	0.0957841765	0.09004655013	0.5297947273	0.09434457543	0.5297947273	0.09771796804	0.9782416534	0.9782622314	0.4913071069	0.9836802568	0.8956078616	0.09771796804	0.1917907012	0.06474065649	0.1033244303	0.5310724556	0.1033244303	0.1289697455	0.1720621914	0.5343087579	0.1682853696	0.0957841765	0.09771796804	0.1583462427	0.07929981343	0.0957841765	0.1526706728	0.1230581933	0.1500983689	0.1881195539	0.4114090467	-0.01942424823	0.202877737	0.009016423368	0.1181435362	0.4171682372	0.1602319679	0.1135993488	0.1031564938	0.4171682372	0.1042836104	0.1608442455	0.1002349816	0.1292213312	0.162259929	0.1292213312	0.4171682372	0.1135993488	0.1099902337	0.1637384799	0.1096599176	-0.1839695494	-0.1839695494	0.1665465956	0.4151127299	0.1086455961	0.1099902337	0.07361428736	0.1085426279	0.08802028791	0.5200759342	0.5180556442	0.06724659452	0.8631020713	0.06724659452	0.1049751269	0.08959922468	0.000254802738	0.1049751269	0.1082202131	0.02729608868	0.782232027	0.147635027	0.147635027	0.04611745364	0.04611745364	0.147635027	0.05863509846	0.1049751269	0.7128802539	0.777831009	0.782232027	0.4188004761	0.08592530542	0.147635027	0.1049751269	0.1925293975	0.1153019752	0.04611745364	0.1718429162	0.1384635296	0.4458163509	0.05991893141	0.4188004761	0.7606116482	0.8408261611	0.1384635296	0.8408261611	0.7723229543	0.7723229543	0.05626741634	0.05626741634	-0.02077869343	0.0923921495	0.5557674575	0.009962258689	0.7223682085	0.0448872062	0.04472930786	0.03033562766	0.03911556447	0.03416193423	0.02802811524	0.5249130273	0.5529617806	0.03549174596	0.6354728686	0.4658437198	0.03549174596	0.04446403741	0.6380859903	0.1488994291	0.02972698611	0.05076502977	0.1512171243	0.01251989459	0.02959637191	0.5643808537	0.09771796804	0.04948303555	0.02972698611	0.06732922751	0.05484022653	0.06250702836	0.04446403741	0.06653578183	0.07117470562	0.07555480859	0.08959922468
chr11_2074316_C_T	0.3151495236	-0.03373412703	-0.1105662099	-0.07574753088	-0.02223806275	0.002321598543	-0.07650587228	0.007560804937	-0.07650587228	-0.07650587228	-0.07650587228	-0.09101206298	-0.02366284214	0.009774400043	0.1169981467	-0.09328683836	0.1139412135	0.02361385113	0.04162810174	0.04162810174	0.1992507802	0.04162810174	0.05390153092	0.05390153092	-0.03736265137	-0.14077954	0.1028761647	-0.02471476217	-0.04234371957	-0.1412179779	-0.1412179779	-0.1412179779	0.09771796804	1	-0.03615594386	0.09771796804	0.9414174408	0.01882983749	0.01882983749	0.09771796804	0.09771796804	0.09737954644	-0.03675207152	0.09771796804	-0.03434630549	-0.03615594386	0.09771796804	0.9414174408	-0.02530212367	-0.02672140469	-0.02672140469	-0.02503501234	0.002126679089	-0.1501741629	-0.05299562741	-0.03927378725	-0.04199164873	0.09808673761	-0.03927378725	-0.03345837202	0.1009218427	-0.04199164873	0.09808673761	0.9472788809	0.09842795177	0.007748214	0.04581082407	0.006840650358	0.0007523795859	0.09667289046	0.09737954644	0.885930309	-0.02662721893	0.2817597684	0.9472788809	0.885930309	0.885930309	0.09667289046	0.09667289046	0.06904277424	0.4235322593	0.09667289046	0.003527921741	-0.03776389383	0.7187228743	-0.1748346054	0.7958312772	-0.1748346054	0.885930309	0.09629953388	0.09771796804	-0.149294152	0.09700851243	-0.2296045704	0.885930309	-0.01978329988	0.0008129241822	0.009699959193	-0.1775547917	0.009699959193	0.007830202965	0.01336110435	-0.1761864115	0.03963131668	-0.03776389383	0.885930309	0.01067586867	-0.03493845721	-0.03776389383	0.01231091722	0.005936864917	0.07603529555	0.0874184408	-0.2237633891	-0.02952497975	0.08580980294	-0.03345837202	0.8271122668	-0.2256039647	-0.006198638185	0.01248032938	0.9472788809	-0.2256039647	0.002126679089	0.01324453155	0.003527921741	0.01437213442	0.01336110435	0.01437213442	-0.2256039647	0.01248032938	0.1309592652	0.0113960114	-0.0005828634934	-0.02662721893	-0.02662721893	0.01058630898	-0.2222483666	-0.03611084586	0.1309592652	-0.03373412703	-0.04450869163	0.7424835804	0.04696321928	0.04767764272	-0.04353598751	0.05857722533	-0.04353598751	0.1370279298	0.125342348	-0.03219299242	0.1370279298	0.03937647067	-0.02662721893	-0.2324130583	0.0114186177	0.0114186177	-0.02341383029	-0.02341383029	0.0114186177	0.01296677378	0.1370279298	-0.2739639582	-0.2311832421	-0.2324130583	-0.1960019389	0.1055480603	0.0114186177	0.1370279298	0.03510112808	0.02799887377	-0.02341383029	-0.01933674223	0.0103858024	0.01966246757	-0.05146276367	-0.1960019389	-0.24111964	0.05699585407	0.0103858024	0.05699585407	-0.2385149458	-0.2385149458	-0.03736265137	-0.03736265137	-0.220060446	-0.04022951596	-0.1844676916	-0.04641442108	0.0316036185	-0.05273872651	0.05446801955	-0.03640535083	0.03050267104	0.02276880509	-0.0403556202	-0.0583250953	0.07750414271	0.09093648503	0.04922036823	-0.1850542244	0.09093648503	0.07396156544	0.05073029822	0.04221783269	0.3497204561	-0.05497624996	-0.05992373646	0.384421201	0.02584438204	0.07041047254	0.657790927	-0.03837104686	0.3497204561	-0.01465518656	-0.03493845721	0.315581854	0.384421201	0.02812394422	0.01241670679	0.1087288221	-0.0381681586
chr11_2074376_A_G	0.08158925918	-0.06823816825	-0.0196861091	0.210884857	-0.09756329471	-0.09494412054	0.2091054296	0.3530466377	0.2091054296	0.2091054296	0.2091054296	-0.0213251273	-0.0922682072	0.3477210233	0.1032953851	-0.03184646558	0.4292240463	-0.04950678361	-0.02745565506	-0.02745565506	-0.05933173944	-0.02745565506	0.1631530973	0.1631530973	0.4965002113	0.1391660205	0.6754073267	-0.1745037512	-0.1824882963	-0.09118562727	-0.09118562727	-0.09118562727	0.1312989107	-0.03615594386	1	0.1312989107	-0.02927528407	0.6089740536	0.6089740536	0.1312989107	0.1312989107	0.1322274558	-0.190423162	0.1312989107	0.9856381719	1	0.1312989107	-0.02927528407	-0.1748559879	-0.1652235034	-0.1652235034	-0.1607305525	0.696004306	-0.1172643058	0.6345718779	0.4242169878	0.5914340748	0.134555466	0.4242169878	-0.0635938697	0.08273881571	0.5914340748	0.134555466	0.03446220432	0.1336510398	-0.1652235034	0.2284008158	-0.1674648648	0.6855562024	0.1422537411	0.144561576	0.04478671756	0.3280860325	0.251276928	0.03446220432	0.04478671756	0.04478671756	0.1422537411	0.1422537411	0.2297575865	0.5874979643	0.1422537411	0.6690001383	0.5309040198	0.05372063968	-0.1155729787	0.06717396903	-0.1155729787	0.04478671756	0.139124834	0.1312989107	-0.3811033629	0.1414606117	0.09135339669	0.04478671756	0.5348428508	0.6406412913	0.6328850736	-0.1202782608	0.6328850736	-0.1546127917	0.2024431924	-0.1179142858	0.1967897198	0.5309040198	0.04478671756	0.1914878876	-0.04431766176	0.5309040198	0.1964575652	-0.1575212705	0.5190508854	0.1903674419	-0.1326398382	0.318914952	0.1963663609	-0.0635938697	0.04285655179	-0.1278235525	0.07080900722	-0.1806101928	0.03446220432	-0.1278235525	0.6024959065	0.1895085318	0.5934634758	-0.1761560269	0.2024431924	-0.1761560269	-0.1278235525	-0.1806101928	0.01262506197	0.2252214003	0.6242165146	-0.03615594386	-0.03615594386	0.2227383206	-0.112639256	0.06073808377	0.01262506197	0.3932214056	0.5437462586	0.0321705448	0.1116215239	0.1136570372	0.4915246378	0.1320860265	0.4915246378	0.01944671758	0.006185789437	0.3477335706	0.01944671758	0.4037992573	0.2876147018	0.09911387778	-0.1192280457	-0.1192280457	0.3444151989	0.3444151989	-0.1192280457	0.4703906489	0.01944671758	0.08805572811	0.1014338323	0.09911387778	-0.1103587938	-0.06737984941	-0.1192280457	0.01944671758	0.1486718016	0.4900548816	0.3444151989	0.2233602783	-0.1203008758	-0.1096325351	0.5929279016	-0.1103587938	0.1003310695	0.140053552	-0.1324783565	0.140053552	0.1050122387	0.1050122387	0.4500370038	0.4500370038	-0.0359259218	0.3922086268	-0.2902329511	0.4808655563	-0.1056772515	0.322854145	0.02670856553	-0.1305696982	0.08497960022	0.131900658	0.04947651768	-0.2100139446	-0.1992444549	0.06542188554	0.002633577897	-0.2515050244	0.06542188554	-0.01153342063	-0.003662373658	-0.1285345813	0.1444822247	0.3238655532	-0.07052124504	0.09861603691	0.07167571477	-0.1514281698	0.04478671756	0.07328787666	0.1444822247	0.02594743692	-0.04431766176	0.1662007097	0.1353325228	-0.07020396516	0.3533557488	0.3690234735	0.3542618329
chr11_2074576_C_A	0.001617483836	-0.001663191168	0.2049522076	0.2098936077	0.2002519098	0.2014683431	0.2126126412	0.0959801214	0.2126126412	0.2126126412	0.2126126412	0.1683766995	0.1974749919	0.1017369569	0.5859474194	0.1704674668	0.1133819892	0.2039568723	0.2190262974	0.2190262974	0.1074912805	0.2190262974	0.2732622282	0.2732622282	0.07647941786	0.9252887436	0.1122035831	0.1539026844	0.143049112	0.5216878861	0.5216878861	0.5216878861	1	0.09771796804	0.1312989107	1	0.09199339939	0.122674729	0.122674729	1	1	0.9947315444	0.1530051441	1	0.1372449354	0.1312989107	1	0.09199339939	0.1336453249	0.1169792673	0.1169792673	0.132234448	0.1205544794	0.539093135	0.06834279307	0.09492805881	0.1141227516	0.9894608254	0.09492805881	0.009016423368	0.968912349	0.1141227516	0.9894608254	0.1031564938	0.9945945146	0.1276193213	0.6398617816	0.1306416953	0.1082721156	0.9785525213	0.9840005911	0.09771796804	0.02729608868	0.2014120303	0.1031564938	0.09771796804	0.09771796804	0.9785525213	0.9785525213	0.6494104792	0.1496651008	0.9785525213	0.1166646172	0.0957841765	0.09004655013	0.5297947273	0.09434457543	0.5297947273	0.09771796804	0.9782416534	0.9782622314	0.4913071069	0.9836802568	0.8956078616	0.09771796804	0.1917907012	0.06474065649	0.1033244303	0.5310724556	0.1033244303	0.1289697455	0.1720621914	0.5343087579	0.1682853696	0.0957841765	0.09771796804	0.1583462427	0.07929981343	0.0957841765	0.1526706728	0.1230581933	0.1500983689	0.1881195539	0.4114090467	-0.01942424823	0.202877737	0.009016423368	0.1181435362	0.4171682372	0.1602319679	0.1135993488	0.1031564938	0.4171682372	0.1042836104	0.1608442455	0.1002349816	0.1292213312	0.162259929	0.1292213312	0.4171682372	0.1135993488	0.1099902337	0.1637384799	0.1096599176	-0.1839695494	-0.1839695494	0.1665465956	0.4151127299	0.1086455961	0.1099902337	0.07361428736	0.1085426279	0.08802028791	0.5200759342	0.5180556442	0.06724659452	0.8631020713	0.06724659452	0.1049751269	0.08959922468	0.000254802738	0.1049751269	0.1082202131	0.02729608868	0.782232027	0.147635027	0.147635027	0.04611745364	0.04611745364	0.147635027	0.05863509846	0.1049751269	0.7128802539	0.777831009	0.782232027	0.4188004761	0.08592530542	0.147635027	0.1049751269	0.1925293975	0.1153019752	0.04611745364	0.1718429162	0.1384635296	0.4458163509	0.05991893141	0.4188004761	0.7606116482	0.8408261611	0.1384635296	0.8408261611	0.7723229543	0.7723229543	0.05626741634	0.05626741634	-0.02077869343	0.0923921495	0.5557674575	0.009962258689	0.7223682085	0.0448872062	0.04472930786	0.03033562766	0.03911556447	0.03416193423	0.02802811524	0.5249130273	0.5529617806	0.03549174596	0.6354728686	0.4658437198	0.03549174596	0.04446403741	0.6380859903	0.1488994291	0.02972698611	0.05076502977	0.1512171243	0.01251989459	0.02959637191	0.5643808537	0.09771796804	0.04948303555	0.02972698611	0.06732922751	0.05484022653	0.06250702836	0.04446403741	0.06653578183	0.07117470562	0.07555480859	0.08959922468
chr11_2074632_A_C	0.3394813999	-0.03175789554	-0.130588495	-0.08999931116	-0.005278944212	-0.007294417835	-0.09073078508	0.01676592891	-0.09073078508	-0.09073078508	-0.09073078508	-0.1135706616	-0.00659076719	0.01893661191	0.1101440959	-0.1152513654	0.1250584957	0.01127313266	0.03611556723	0.03611556723	0.2203854284	0.03611556723	0.05374249813	0.05374249813	-0.03517385163	-0.1613989741	0.06032034258	-0.01492639459	-0.03216127798	-0.1447435171	-0.1447435171	-0.1447435171	0.09199339939	0.9414174408	-0.02927528407	0.09199339939	1	0.02511998007	0.02511998007	0.09199339939	0.09199339939	0.09167480339	-0.02682322035	0.09199339939	-0.02753114114	-0.02927528407	0.09199339939	1	-0.01558729916	-0.01704342137	-0.01704342137	-0.01542274601	0.008205005254	-0.1531636188	-0.04989100793	-0.03697302828	-0.03953167048	0.09234056549	-0.03697302828	-0.03149829495	0.09500958289	-0.03953167048	0.09234056549	0.8917848597	0.09266179046	0.01946316638	0.03086062782	0.01858473321	0.006852834081	0.09100954513	0.09167480339	0.9414174408	-0.0250673283	0.282263278	0.8917848597	0.9414174408	0.9414174408	0.09100954513	0.09100954513	0.05572408707	0.4091327619	0.09100954513	0.009584685798	-0.03555158828	0.685514374	-0.1793488433	0.7492094443	-0.1793488433	0.9414174408	0.09065806073	0.09199339939	-0.1550354632	0.0913255055	-0.2201063899	0.9414174408	-0.005216361781	0.007404287206	0.01584506592	-0.1820285758	0.01584506592	0.01966911898	0.02752596811	-0.1806804315	0.0557413263	-0.03555158828	0.9414174408	0.02470383464	-0.03289167297	-0.03555158828	0.0262671944	0.01771035978	0.0875852	0.1068912418	-0.2312008703	-0.02779533088	0.1053596901	-0.03149829495	0.7786579134	-0.2329835329	0.005669724673	0.02417899337	0.8917848597	-0.2329835329	0.008205005254	0.02728580987	0.009584685798	0.02601680504	0.02752596811	0.02601680504	-0.2329835329	0.02417899337	0.1430566088	0.02527042008	0.005401441417	-0.0250673283	-0.0250673283	0.02449659456	-0.2296946611	-0.03399538009	0.1430566088	-0.03175789554	-0.04190125857	0.7900337211	0.03199737442	0.03265933375	-0.04098553794	0.05095658244	-0.04098553794	0.1493473773	0.1372409278	-0.03030704453	0.1493473773	0.04855468249	-0.0250673283	-0.257917041	0.02301988649	0.02301988649	-0.02204218819	-0.02204218819	0.02301988649	0.01908357556	0.1493473773	-0.3030234774	-0.2566971651	-0.257917041	-0.2282070866	0.1145406565	0.02301988649	0.1493473773	0.05082792601	0.03689600591	-0.02204218819	-0.007387560431	0.02189433732	0.0004679643514	-0.04844794327	-0.2282070866	-0.2668399443	0.04944826964	0.02189433732	0.04944826964	-0.2642466341	-0.2642466341	-0.03517385163	-0.03517385163	-0.238315862	-0.03787276796	-0.2114656206	-0.04369534551	0.02197809179	-0.04964915694	0.06176839877	-0.02657016888	0.03707511231	0.0290557778	-0.03799148469	-0.07809535657	0.06625866115	0.1014441557	0.03912016765	-0.2140165604	0.1014441557	0.08180671247	0.04055310036	0.05596975412	0.3741754344	-0.05175560054	-0.09069590905	0.4106128425	0.0323862987	0.05933246686	0.6997962485	-0.03612317274	0.3741754344	-0.06027661845	-0.03289167297	0.3373644601	0.4106128425	0.03467931887	0.02182977583	0.1233018072	-0.03593217019
chr11_2074763_T_TG	0.005689657026	-0.01096726537	0.03435780011	-0.008528795721	0.08049970559	0.07778595335	-0.00967224587	-0.03266361283	-0.00967224587	-0.00967224587	-0.00967224587	0.01279036977	0.07836634909	-0.02941214603	0.03803714029	0.006335768857	0.6462758728	0.07320725888	0.126329964	0.126329964	-0.02174609067	0.126329964	-0.02321610584	-0.02321610584	0.7316739594	0.09550354783	0.8538624782	-0.07987334198	-0.1060127525	-0.2471423183	-0.2471423183	-0.2471423183	0.122674729	0.01882983749	0.6089740536	0.122674729	0.02511998007	1	1	0.122674729	0.122674729	0.122607766	-0.09711983657	0.122674729	0.617653301	0.6089740536	0.122674729	0.02511998007	-0.08033859383	-0.08212211748	-0.08212211748	-0.07949046943	0.8744717185	-0.2619274388	-0.08756564178	-0.06489279501	0.9649969302	0.1238520445	-0.06489279501	-0.05528387834	0.05296151965	0.9649969302	0.1238520445	0.01324550778	0.1239277828	-0.08212211748	0.1618115647	-0.08343419861	0.8640035064	0.121362743	0.122607766	0.01882983749	0.08165631449	0.4018673856	0.01324550778	0.01882983749	0.01882983749	0.121362743	0.121362743	0.1574863155	0.724176332	0.121362743	0.8852855779	0.8922799742	-0.01991863997	-0.2612560617	-0.004533863039	-0.2612560617	0.01882983749	0.1201659671	0.122674729	-0.2195589969	0.1214208281	0.0831159554	0.01882983749	0.3595261675	-0.09187552662	0.8329730619	-0.2655280737	0.8329730619	-0.08299110579	0.3718780912	-0.2633792669	0.3587921625	0.8922799742	0.01882983749	0.360556268	-0.0577294501	0.8922799742	0.3638217922	-0.08474395968	0.6250064813	0.3253286657	-0.2460896556	-0.04878466257	0.338977209	-0.05528387834	0.05198069093	-0.2350595145	0.2769511423	-0.1151226024	0.01324550778	-0.2350595145	0.7873759417	0.3512960661	0.7680247341	-0.1126174083	0.3718780912	-0.1126174083	-0.2350595145	-0.1151226024	-0.06119614884	0.3931709296	0.8066563906	0.01882983749	0.01882983749	0.3915355288	-0.2166990484	0.1533407304	-0.06119614884	0.615844207	0.8716150874	0.04311810203	0.1061826528	0.1073879402	0.7535128176	0.1163944709	0.7535128176	-0.05927923575	-0.06306594462	-0.05319306856	-0.05927923575	0.5757253218	0.1444827915	0.1103306569	-0.03856188895	-0.03856188895	0.1743989852	0.1743989852	-0.03856188895	0.7294783013	-0.05927923575	0.1279234602	0.111577878	0.1103306569	-0.2148050995	-0.03868709884	-0.03856188895	-0.05927923575	0.3243391738	0.5887701502	0.1743989852	0.389921953	-0.03955121408	-0.2208498376	0.7202101171	-0.2148050995	0.08647455334	0.09417528925	-0.03955121408	0.09417528925	0.08906001034	0.08906001034	0.6595458731	0.6595458731	0.03728524277	0.5906725144	-0.1868399081	0.5274022305	0.07041208131	0.4138780423	-0.008207410576	-0.04212803595	0.05040011971	0.07328960494	0.0618645259	-0.1273785281	-0.1386880816	0.03908578586	0.1151047512	-0.1624653109	0.03908578586	0.008212906156	0.1175460071	-0.08212211748	0.1045675707	0.4479801396	-0.03884226013	0.1222080436	0.04270314383	0.1488839633	-0.04399663951	0.05882220644	0.1045675707	0.03017083282	-0.0577294501	0.08165631449	0.06521047488	-0.06870877959	0.4951279398	0.4492071589	-0.06306594462
chr11_2074764_A_G	0.005689657026	-0.01096726537	0.03435780011	-0.008528795721	0.08049970559	0.07778595335	-0.00967224587	-0.03266361283	-0.00967224587	-0.00967224587	-0.00967224587	0.01279036977	0.07836634909	-0.02941214603	0.03803714029	0.006335768857	0.6462758728	0.07320725888	0.126329964	0.126329964	-0.02174609067	0.126329964	-0.02321610584	-0.02321610584	0.7316739594	0.09550354783	0.8538624782	-0.07987334198	-0.1060127525	-0.2471423183	-0.2471423183	-0.2471423183	0.122674729	0.01882983749	0.6089740536	0.122674729	0.02511998007	1	1	0.122674729	0.122674729	0.122607766	-0.09711983657	0.122674729	0.617653301	0.6089740536	0.122674729	0.02511998007	-0.08033859383	-0.08212211748	-0.08212211748	-0.07949046943	0.8744717185	-0.2619274388	-0.08756564178	-0.06489279501	0.9649969302	0.1238520445	-0.06489279501	-0.05528387834	0.05296151965	0.9649969302	0.1238520445	0.01324550778	0.1239277828	-0.08212211748	0.1618115647	-0.08343419861	0.8640035064	0.121362743	0.122607766	0.01882983749	0.08165631449	0.4018673856	0.01324550778	0.01882983749	0.01882983749	0.121362743	0.121362743	0.1574863155	0.724176332	0.121362743	0.8852855779	0.8922799742	-0.01991863997	-0.2612560617	-0.004533863039	-0.2612560617	0.01882983749	0.1201659671	0.122674729	-0.2195589969	0.1214208281	0.0831159554	0.01882983749	0.3595261675	-0.09187552662	0.8329730619	-0.2655280737	0.8329730619	-0.08299110579	0.3718780912	-0.2633792669	0.3587921625	0.8922799742	0.01882983749	0.360556268	-0.0577294501	0.8922799742	0.3638217922	-0.08474395968	0.6250064813	0.3253286657	-0.2460896556	-0.04878466257	0.338977209	-0.05528387834	0.05198069093	-0.2350595145	0.2769511423	-0.1151226024	0.01324550778	-0.2350595145	0.7873759417	0.3512960661	0.7680247341	-0.1126174083	0.3718780912	-0.1126174083	-0.2350595145	-0.1151226024	-0.06119614884	0.3931709296	0.8066563906	0.01882983749	0.01882983749	0.3915355288	-0.2166990484	0.1533407304	-0.06119614884	0.615844207	0.8716150874	0.04311810203	0.1061826528	0.1073879402	0.7535128176	0.1163944709	0.7535128176	-0.05927923575	-0.06306594462	-0.05319306856	-0.05927923575	0.5757253218	0.1444827915	0.1103306569	-0.03856188895	-0.03856188895	0.1743989852	0.1743989852	-0.03856188895	0.7294783013	-0.05927923575	0.1279234602	0.111577878	0.1103306569	-0.2148050995	-0.03868709884	-0.03856188895	-0.05927923575	0.3243391738	0.5887701502	0.1743989852	0.389921953	-0.03955121408	-0.2208498376	0.7202101171	-0.2148050995	0.08647455334	0.09417528925	-0.03955121408	0.09417528925	0.08906001034	0.08906001034	0.6595458731	0.6595458731	0.03728524277	0.5906725144	-0.1868399081	0.5274022305	0.07041208131	0.4138780423	-0.008207410576	-0.04212803595	0.05040011971	0.07328960494	0.0618645259	-0.1273785281	-0.1386880816	0.03908578586	0.1151047512	-0.1624653109	0.03908578586	0.008212906156	0.1175460071	-0.08212211748	0.1045675707	0.4479801396	-0.03884226013	0.1222080436	0.04270314383	0.1488839633	-0.04399663951	0.05882220644	0.1045675707	0.03017083282	-0.0577294501	0.08165631449	0.06521047488	-0.06870877959	0.4951279398	0.4492071589	-0.06306594462
chr11_2075149_A_G	0.001617483836	-0.001663191168	0.2049522076	0.2098936077	0.2002519098	0.2014683431	0.2126126412	0.0959801214	0.2126126412	0.2126126412	0.2126126412	0.1683766995	0.1974749919	0.1017369569	0.5859474194	0.1704674668	0.1133819892	0.2039568723	0.2190262974	0.2190262974	0.1074912805	0.2190262974	0.2732622282	0.2732622282	0.07647941786	0.9252887436	0.1122035831	0.1539026844	0.143049112	0.5216878861	0.5216878861	0.5216878861	1	0.09771796804	0.1312989107	1	0.09199339939	0.122674729	0.122674729	1	1	0.9947315444	0.1530051441	1	0.1372449354	0.1312989107	1	0.09199339939	0.1336453249	0.1169792673	0.1169792673	0.132234448	0.1205544794	0.539093135	0.06834279307	0.09492805881	0.1141227516	0.9894608254	0.09492805881	0.009016423368	0.968912349	0.1141227516	0.9894608254	0.1031564938	0.9945945146	0.1276193213	0.6398617816	0.1306416953	0.1082721156	0.9785525213	0.9840005911	0.09771796804	0.02729608868	0.2014120303	0.1031564938	0.09771796804	0.09771796804	0.9785525213	0.9785525213	0.6494104792	0.1496651008	0.9785525213	0.1166646172	0.0957841765	0.09004655013	0.5297947273	0.09434457543	0.5297947273	0.09771796804	0.9782416534	0.9782622314	0.4913071069	0.9836802568	0.8956078616	0.09771796804	0.1917907012	0.06474065649	0.1033244303	0.5310724556	0.1033244303	0.1289697455	0.1720621914	0.5343087579	0.1682853696	0.0957841765	0.09771796804	0.1583462427	0.07929981343	0.0957841765	0.1526706728	0.1230581933	0.1500983689	0.1881195539	0.4114090467	-0.01942424823	0.202877737	0.009016423368	0.1181435362	0.4171682372	0.1602319679	0.1135993488	0.1031564938	0.4171682372	0.1042836104	0.1608442455	0.1002349816	0.1292213312	0.162259929	0.1292213312	0.4171682372	0.1135993488	0.1099902337	0.1637384799	0.1096599176	-0.1839695494	-0.1839695494	0.1665465956	0.4151127299	0.1086455961	0.1099902337	0.07361428736	0.1085426279	0.08802028791	0.5200759342	0.5180556442	0.06724659452	0.8631020713	0.06724659452	0.1049751269	0.08959922468	0.000254802738	0.1049751269	0.1082202131	0.02729608868	0.782232027	0.147635027	0.147635027	0.04611745364	0.04611745364	0.147635027	0.05863509846	0.1049751269	0.7128802539	0.777831009	0.782232027	0.4188004761	0.08592530542	0.147635027	0.1049751269	0.1925293975	0.1153019752	0.04611745364	0.1718429162	0.1384635296	0.4458163509	0.05991893141	0.4188004761	0.7606116482	0.8408261611	0.1384635296	0.8408261611	0.7723229543	0.7723229543	0.05626741634	0.05626741634	-0.02077869343	0.0923921495	0.5557674575	0.009962258689	0.7223682085	0.0448872062	0.04472930786	0.03033562766	0.03911556447	0.03416193423	0.02802811524	0.5249130273	0.5529617806	0.03549174596	0.6354728686	0.4658437198	0.03549174596	0.04446403741	0.6380859903	0.1488994291	0.02972698611	0.05076502977	0.1512171243	0.01251989459	0.02959637191	0.5643808537	0.09771796804	0.04948303555	0.02972698611	0.06732922751	0.05484022653	0.06250702836	0.04446403741	0.06653578183	0.07117470562	0.07555480859	0.08959922468
chr11_2075252_T_C	0.001617483836	-0.001663191168	0.2049522076	0.2098936077	0.2002519098	0.2014683431	0.2126126412	0.0959801214	0.2126126412	0.2126126412	0.2126126412	0.1683766995	0.1974749919	0.1017369569	0.5859474194	0.1704674668	0.1133819892	0.2039568723	0.2190262974	0.2190262974	0.1074912805	0.2190262974	0.2732622282	0.2732622282	0.07647941786	0.9252887436	0.1122035831	0.1539026844	0.143049112	0.5216878861	0.5216878861	0.5216878861	1	0.09771796804	0.1312989107	1	0.09199339939	0.122674729	0.122674729	1	1	0.9947315444	0.1530051441	1	0.1372449354	0.1312989107	1	0.09199339939	0.1336453249	0.1169792673	0.1169792673	0.132234448	0.1205544794	0.539093135	0.06834279307	0.09492805881	0.1141227516	0.9894608254	0.09492805881	0.009016423368	0.968912349	0.1141227516	0.9894608254	0.1031564938	0.9945945146	0.1276193213	0.6398617816	0.1306416953	0.1082721156	0.9785525213	0.9840005911	0.09771796804	0.02729608868	0.2014120303	0.1031564938	0.09771796804	0.09771796804	0.9785525213	0.9785525213	0.6494104792	0.1496651008	0.9785525213	0.1166646172	0.0957841765	0.09004655013	0.5297947273	0.09434457543	0.5297947273	0.09771796804	0.9782416534	0.9782622314	0.4913071069	0.9836802568	0.8956078616	0.09771796804	0.1917907012	0.06474065649	0.1033244303	0.5310724556	0.1033244303	0.1289697455	0.1720621914	0.5343087579	0.1682853696	0.0957841765	0.09771796804	0.1583462427	0.07929981343	0.0957841765	0.1526706728	0.1230581933	0.1500983689	0.1881195539	0.4114090467	-0.01942424823	0.202877737	0.009016423368	0.1181435362	0.4171682372	0.1602319679	0.1135993488	0.1031564938	0.4171682372	0.1042836104	0.1608442455	0.1002349816	0.1292213312	0.162259929	0.1292213312	0.4171682372	0.1135993488	0.1099902337	0.1637384799	0.1096599176	-0.1839695494	-0.1839695494	0.1665465956	0.4151127299	0.1086455961	0.1099902337	0.07361428736	0.1085426279	0.08802028791	0.5200759342	0.5180556442	0.06724659452	0.8631020713	0.06724659452	0.1049751269	0.08959922468	0.000254802738	0.1049751269	0.1082202131	0.02729608868	0.782232027	0.147635027	0.147635027	0.04611745364	0.04611745364	0.147635027	0.05863509846	0.1049751269	0.7128802539	0.777831009	0.782232027	0.4188004761	0.08592530542	0.147635027	0.1049751269	0.1925293975	0.1153019752	0.04611745364	0.1718429162	0.1384635296	0.4458163509	0.05991893141	0.4188004761	0.7606116482	0.8408261611	0.1384635296	0.8408261611	0.7723229543	0.7723229543	0.05626741634	0.05626741634	-0.02077869343	0.0923921495	0.5557674575	0.009962258689	0.7223682085	0.0448872062	0.04472930786	0.03033562766	0.03911556447	0.03416193423	0.02802811524	0.5249130273	0.5529617806	0.03549174596	0.6354728686	0.4658437198	0.03549174596	0.04446403741	0.6380859903	0.1488994291	0.02972698611	0.05076502977	0.1512171243	0.01251989459	0.02959637191	0.5643808537	0.09771796804	0.04948303555	0.02972698611	0.06732922751	0.05484022653	0.06250702836	0.04446403741	0.06653578183	0.07117470562	0.07555480859	0.08959922468
chr11_2075577_G_A	0.003239541857	-0.0004997648599	0.2070484934	0.2124839447	0.2029688862	0.2042888856	0.215196678	0.09728235976	0.215196678	0.215196678	0.215196678	0.1703250194	0.2002839408	0.1029161483	0.5840965853	0.1724497083	0.1132046398	0.1974158903	0.2139526053	0.2139526053	0.1088205742	0.2139526053	0.2765980186	0.2765980186	0.0767740507	0.9206868696	0.1125517814	0.1551865349	0.1349107142	0.5240932799	0.5240932799	0.5240932799	0.9947315444	0.09737954644	0.1322274558	0.9947315444	0.09167480339	0.122607766	0.122607766	0.9947315444	0.9947315444	1	0.1545455031	0.9947315444	0.1380484033	0.1322274558	0.9947315444	0.09167480339	0.1245146776	0.1082290242	0.1082290242	0.1232001919	0.120737507	0.5415768238	0.06927005389	0.09505328598	0.1140964231	0.9841564845	0.09505328598	0.01003498293	0.963693287	0.1140964231	0.9841564845	0.1027992373	0.9893484999	0.1187340511	0.6425445687	0.1217626358	0.1086407492	0.9734768668	0.9788104543	0.09737954644	0.02785135176	0.1942096169	0.1027992373	0.09737954644	0.09737954644	0.9734768668	0.9734768668	0.6521744888	0.1499028129	0.9734768668	0.1168669763	0.09584741049	0.09016533771	0.5323887526	0.09428028314	0.5323887526	0.09737954644	0.9733430184	0.9732696377	0.4934627349	0.978665521	0.8908797723	0.09737954644	0.1852039023	0.06580195634	0.1036165486	0.5337697499	0.1036165486	0.1306066421	0.1737274812	0.5369048499	0.1605646572	0.09584741049	0.09737954644	0.1507044799	0.07947656509	0.09584741049	0.1450369013	0.1143195204	0.1502241485	0.1807500054	0.415454483	-0.01817795825	0.1953767832	0.01003498293	0.1177343758	0.4212070169	0.1617191655	0.1045815878	0.1027992373	0.4212070169	0.1046731225	0.1530248857	0.10064584	0.1306878947	0.1543717464	0.1306878947	0.4212070169	0.1045815878	0.1098485565	0.1560439607	0.1100002222	-0.1807332323	-0.1807332323	0.1588480158	0.4190532901	0.1084896368	0.1098485565	0.0738224093	0.1086723468	0.08796030539	0.5241876011	0.5221794446	0.06786744015	0.8598087616	0.06786744015	0.1048578087	0.06483875037	0.001341702288	0.1048578087	0.09394636873	-0.00691274558	0.7790495436	0.1489056476	0.1489056476	0.04632505214	0.04632505214	0.1489056476	0.0594306473	0.1048578087	0.7098654662	0.7746645191	0.7790495436	0.4226370901	0.08562772474	0.1489056476	0.1048578087	0.1940147203	0.1159228367	0.04632505214	0.173429434	0.1398414187	0.4498767104	0.06090118826	0.4226370901	0.7579774611	0.8379141712	0.1398414187	0.8379141712	0.7694560075	0.7694560075	0.05681854838	0.05681854838	-0.02202602268	0.09258192178	0.5604003067	0.01140753855	0.7199605496	0.04610342946	0.04533618582	0.02342589632	0.03999174222	0.01541382386	0.02903896567	0.5221330364	0.5500730021	0.01601383332	0.6330100585	0.470603604	0.01601383332	0.04489955689	0.6355273485	0.150249132	0.03043987066	0.05198242886	0.1525604104	0.01336079932	0.009800385367	0.5618372343	0.09737954644	0.02761091285	0.03043987066	0.06864291747	0.05532738113	0.0626154491	0.04489955689	0.06709952389	0.05963803575	0.07694054167	0.08975463783
chr11_2075720_C_G	-0.05190538698	0.08162559112	-0.1932720263	-0.2618572503	0.2866227711	0.2811837778	-0.257083225	-0.1568164597	-0.257083225	-0.257083225	-0.257083225	-0.1741371783	0.2895436018	-0.1499407969	0.00724281643	-0.1774129592	-0.1000774112	0.2080588761	0.2313728762	0.2313728762	0.02735923017	0.2313728762	-0.2445150096	-0.2445150096	-0.1063577304	0.1296081304	-0.1421605938	0.9138670043	0.9675412074	-0.5574586768	-0.5574586768	-0.5574586768	0.1530051441	-0.03675207152	-0.190423162	0.1530051441	-0.02682322035	-0.09711983657	-0.09711983657	0.1530051441	0.1530051441	0.1545455031	1	0.1530051441	-0.1838668023	-0.190423162	0.1530051441	-0.02682322035	0.9086664204	0.9184688472	0.9184688472	0.9090981184	-0.1190131425	-0.483242027	-0.1201157994	-0.0362540812	-0.105893322	0.1376167961	-0.0362540812	0.2977990701	0.1404049809	-0.105893322	0.1376167961	-0.04577303291	0.1460320014	0.9084851775	-0.5753526169	0.9032449178	-0.1231229973	0.1412794657	0.1344075799	-0.03675207152	-0.06979085085	0.6638672879	-0.04577303291	-0.03675207152	-0.03675207152	0.1412794657	0.1412794657	-0.5855357858	-0.1412077323	0.1412794657	-0.1148432256	-0.1056743208	-0.07818153373	-0.4742102995	-0.07583416402	-0.4742102995	-0.03675207152	0.1568143927	0.1530051441	-0.4149006211	0.1497930122	0.1672360957	-0.03675207152	0.6303681931	-0.1330308049	-0.1167594632	-0.4611283123	-0.1167594632	0.8979198315	0.7475470561	-0.4640415355	0.7276807988	-0.1056743208	-0.03675207152	0.7505287373	-0.08902481521	-0.1056743208	0.7399466899	0.8980555552	-0.08714448743	0.6806136871	-0.4860654161	-0.1140202721	0.6914452049	0.2977990701	-0.04136152773	-0.4777713422	0.797273044	0.8640164167	-0.04577303291	-0.4777713422	-0.04267754093	0.7410248665	-0.05317885535	0.87505245	0.7383494945	0.87505245	-0.4777713422	0.8640164167	-0.0700419423	0.7210749292	-0.05106766044	-0.003713292201	-0.003713292201	0.7263507814	-0.4744895078	-0.0722447781	-0.0700419423	0.01099197486	-0.01763300233	-0.02095254058	-0.5226263079	-0.520478917	-0.02922230264	0.1162372328	-0.02922230264	-0.06342916731	-0.07636071887	-0.1243236672	-0.06342916731	-0.04109828036	-0.06979085085	0.1262787553	0.8494415142	0.8494415142	-0.05306798088	-0.05306798088	0.8494415142	-0.02326554959	-0.06342916731	0.1447818304	0.1294026872	0.1262787553	-0.4701859256	-0.01571587263	0.8494415142	-0.06342916731	0.7074727464	-0.06909895318	-0.05306798088	0.7239903713	0.8453363439	-0.4939696757	-0.06262929101	-0.4701859256	0.1214730624	0.1096161476	0.8453363439	0.1096161476	0.1278015937	0.1278015937	-0.01153210746	-0.01153210746	0.09566163419	0.0001493839478	0.08627684728	-0.04548565542	0.1571271061	-0.0486837203	-0.082302794	-0.06159964229	-0.03308563922	-0.04962229176	0.1596125837	-0.1083836442	-0.1160212309	-0.05155392435	-0.07043553552	-0.06404457512	-0.05155392435	0.3355823918	-0.06419082151	-0.1997021667	-0.06901557421	0.1182667753	-0.1821936531	-0.05407325026	-0.04559859655	-0.05610051893	-0.03675207152	-0.04105882495	-0.06901557421	-0.1471626856	-0.08902481521	-0.1028296302	-0.1140202721	0.3845365913	0.07706946155	0.04189012524	0.04203592745
chr11_2075736_C_T	0.001617483836	-0.001663191168	0.2049522076	0.2098936077	0.2002519098	0.2014683431	0.2126126412	0.0959801214	0.2126126412	0.2126126412	0.2126126412	0.1683766995	0.1974749919	0.1017369569	0.5859474194	0.1704674668	0.1133819892	0.2039568723	0.2190262974	0.2190262974	0.1074912805	0.2190262974	0.2732622282	0.2732622282	0.07647941786	0.9252887436	0.1122035831	0.1539026844	0.143049112	0.5216878861	0.5216878861	0.5216878861	1	0.09771796804	0.1312989107	1	0.09199339939	0.122674729	0.122674729	1	1	0.9947315444	0.1530051441	1	0.1372449354	0.1312989107	1	0.09199339939	0.1336453249	0.1169792673	0.1169792673	0.132234448	0.1205544794	0.539093135	0.06834279307	0.09492805881	0.1141227516	0.9894608254	0.09492805881	0.009016423368	0.968912349	0.1141227516	0.9894608254	0.1031564938	0.9945945146	0.1276193213	0.6398617816	0.1306416953	0.1082721156	0.9785525213	0.9840005911	0.09771796804	0.02729608868	0.2014120303	0.1031564938	0.09771796804	0.09771796804	0.9785525213	0.9785525213	0.6494104792	0.1496651008	0.9785525213	0.1166646172	0.0957841765	0.09004655013	0.5297947273	0.09434457543	0.5297947273	0.09771796804	0.9782416534	0.9782622314	0.4913071069	0.9836802568	0.8956078616	0.09771796804	0.1917907012	0.06474065649	0.1033244303	0.5310724556	0.1033244303	0.1289697455	0.1720621914	0.5343087579	0.1682853696	0.0957841765	0.09771796804	0.1583462427	0.07929981343	0.0957841765	0.1526706728	0.1230581933	0.1500983689	0.1881195539	0.4114090467	-0.01942424823	0.202877737	0.009016423368	0.1181435362	0.4171682372	0.1602319679	0.1135993488	0.1031564938	0.4171682372	0.1042836104	0.1608442455	0.1002349816	0.1292213312	0.162259929	0.1292213312	0.4171682372	0.1135993488	0.1099902337	0.1637384799	0.1096599176	-0.1839695494	-0.1839695494	0.1665465956	0.4151127299	0.1086455961	0.1099902337	0.07361428736	0.1085426279	0.08802028791	0.5200759342	0.5180556442	0.06724659452	0.8631020713	0.06724659452	0.1049751269	0.08959922468	0.000254802738	0.1049751269	0.1082202131	0.02729608868	0.782232027	0.147635027	0.147635027	0.04611745364	0.04611745364	0.147635027	0.05863509846	0.1049751269	0.7128802539	0.777831009	0.782232027	0.4188004761	0.08592530542	0.147635027	0.1049751269	0.1925293975	0.1153019752	0.04611745364	0.1718429162	0.1384635296	0.4458163509	0.05991893141	0.4188004761	0.7606116482	0.8408261611	0.1384635296	0.8408261611	0.7723229543	0.7723229543	0.05626741634	0.05626741634	-0.02077869343	0.0923921495	0.5557674575	0.009962258689	0.7223682085	0.0448872062	0.04472930786	0.03033562766	0.03911556447	0.03416193423	0.02802811524	0.5249130273	0.5529617806	0.03549174596	0.6354728686	0.4658437198	0.03549174596	0.04446403741	0.6380859903	0.1488994291	0.02972698611	0.05076502977	0.1512171243	0.01251989459	0.02959637191	0.5643808537	0.09771796804	0.04948303555	0.02972698611	0.06732922751	0.05484022653	0.06250702836	0.04446403741	0.06653578183	0.07117470562	0.07555480859	0.08959922468
chr11_2076043_C_A	0.08614042019	-0.06613637298	-0.01889574163	0.2155449028	-0.1050882389	-0.1023420748	0.2138076696	0.361968177	0.2138076696	0.2138076696	0.2138076696	-0.02251467221	-0.09965075363	0.3564798701	0.1060800012	-0.03280842186	0.4358379373	-0.05920944759	-0.03307624724	-0.03307624724	-0.05351199128	-0.03307624724	0.1713992059	0.1713992059	0.5036950831	0.1445778313	0.6853145912	-0.1683875301	-0.1988882754	-0.07973606183	-0.07973606183	-0.07973606183	0.1372449354	-0.03434630549	0.9856381719	0.1372449354	-0.02753114114	0.617653301	0.617653301	0.1372449354	0.1372449354	0.1380484033	-0.1838668023	0.1372449354	1	0.9856381719	0.1372449354	-0.02753114114	-0.1687690029	-0.1590227908	-0.1590227908	-0.1546033582	0.7059478043	-0.1053254278	0.6441844469	0.4309488663	0.5998046745	0.1403153742	0.4309488663	-0.06147448907	0.08773913548	0.5998046745	0.1403153742	0.03699046793	0.1395346567	-0.1590227908	0.2277374024	-0.1612272984	0.658114103	0.1482413196	0.150487457	0.04728498222	0.3329944892	0.2425042322	0.03699046793	0.04728498222	0.04728498222	0.1482413196	0.1482413196	0.2293555965	0.5658548089	0.1482413196	0.6786433754	0.5384234892	0.003040185934	-0.1036515089	0.004465689314	-0.1036515089	0.04728498222	0.1453038391	0.1372449354	-0.3734535529	0.1475760233	0.1197351356	0.04728498222	0.5500258456	0.6505128997	0.642034302	-0.1081885627	0.642034302	-0.1482413196	0.2132031329	-0.1059092322	0.2077669208	0.5384234892	0.04728498222	0.2021693452	-0.04191659966	0.5384234892	0.2070675753	-0.1511431463	0.5282348911	0.20165409	-0.1209341404	0.3239757976	0.2078203651	-0.06147448907	0.0457809526	-0.1159425731	0.07967834273	-0.1747403432	0.03699046793	-0.1159425731	0.6116438745	0.2000795782	0.6024640786	-0.1703603061	0.2132031329	-0.1703603061	-0.1159425731	-0.1747403432	0.01567739591	0.2360573351	0.6335939347	-0.03434630549	-0.03434630549	0.2336097037	-0.1008645759	0.06412613756	0.01567739591	0.3992491058	0.5519112906	0.03492631121	0.1284386819	0.1304517348	0.4991680464	0.1384588623	0.4991680464	0.02246484024	0.009273320405	0.3532517375	0.02246484024	0.4118639939	0.2921788454	0.1276886787	-0.1128593979	-0.1128593979	0.3492070678	0.3492070678	-0.1128593979	0.4780078732	0.02246484024	0.1143988544	0.1299158952	0.1276886787	-0.09866471723	-0.06609136051	-0.1128593979	0.02246484024	0.1591615913	0.4991178282	0.3492070678	0.2341066701	-0.1139627748	-0.09688951336	0.5833810281	-0.09866471723	0.1176646829	0.1338693474	-0.1262438564	0.1338693474	0.122188109	0.122188109	0.4334073376	0.4334073376	0.00757382987	0.3987441855	-0.2748413111	0.4679917109	-0.1143421765	0.3106478228	0.02969372163	-0.1235812668	0.08892557378	0.1363617396	0.05310628198	-0.212758504	-0.2014389545	0.06944736702	-0.006134056613	-0.2378958924	0.06944736702	-0.009283891435	-0.01259588982	-0.1466891054	0.07994437315	0.3115451945	-0.06346084761	0.02774496291	0.07567388465	-0.163013318	0.04728498222	0.07696241658	0.07994437315	0.0312592738	-0.04191659966	0.08810062608	0.06477381725	-0.06749477769	0.3468097986	0.3299092607	0.3603106492
chr11_2076311_A_C	0.08158925918	-0.06823816825	-0.0196861091	0.210884857	-0.09756329471	-0.09494412054	0.2091054296	0.3530466377	0.2091054296	0.2091054296	0.2091054296	-0.0213251273	-0.0922682072	0.3477210233	0.1032953851	-0.03184646558	0.4292240463	-0.04950678361	-0.02745565506	-0.02745565506	-0.05933173944	-0.02745565506	0.1631530973	0.1631530973	0.4965002113	0.1391660205	0.6754073267	-0.1745037512	-0.1824882963	-0.09118562727	-0.09118562727	-0.09118562727	0.1312989107	-0.03615594386	1	0.1312989107	-0.02927528407	0.6089740536	0.6089740536	0.1312989107	0.1312989107	0.1322274558	-0.190423162	0.1312989107	0.9856381719	1	0.1312989107	-0.02927528407	-0.1748559879	-0.1652235034	-0.1652235034	-0.1607305525	0.696004306	-0.1172643058	0.6345718779	0.4242169878	0.5914340748	0.134555466	0.4242169878	-0.0635938697	0.08273881571	0.5914340748	0.134555466	0.03446220432	0.1336510398	-0.1652235034	0.2284008158	-0.1674648648	0.6855562024	0.1422537411	0.144561576	0.04478671756	0.3280860325	0.251276928	0.03446220432	0.04478671756	0.04478671756	0.1422537411	0.1422537411	0.2297575865	0.5874979643	0.1422537411	0.6690001383	0.5309040198	0.05372063968	-0.1155729787	0.06717396903	-0.1155729787	0.04478671756	0.139124834	0.1312989107	-0.3811033629	0.1414606117	0.09135339669	0.04478671756	0.5348428508	0.6406412913	0.6328850736	-0.1202782608	0.6328850736	-0.1546127917	0.2024431924	-0.1179142858	0.1967897198	0.5309040198	0.04478671756	0.1914878876	-0.04431766176	0.5309040198	0.1964575652	-0.1575212705	0.5190508854	0.1903674419	-0.1326398382	0.318914952	0.1963663609	-0.0635938697	0.04285655179	-0.1278235525	0.07080900722	-0.1806101928	0.03446220432	-0.1278235525	0.6024959065	0.1895085318	0.5934634758	-0.1761560269	0.2024431924	-0.1761560269	-0.1278235525	-0.1806101928	0.01262506197	0.2252214003	0.6242165146	-0.03615594386	-0.03615594386	0.2227383206	-0.112639256	0.06073808377	0.01262506197	0.3932214056	0.5437462586	0.0321705448	0.1116215239	0.1136570372	0.4915246378	0.1320860265	0.4915246378	0.01944671758	0.006185789437	0.3477335706	0.01944671758	0.4037992573	0.2876147018	0.09911387778	-0.1192280457	-0.1192280457	0.3444151989	0.3444151989	-0.1192280457	0.4703906489	0.01944671758	0.08805572811	0.1014338323	0.09911387778	-0.1103587938	-0.06737984941	-0.1192280457	0.01944671758	0.1486718016	0.4900548816	0.3444151989	0.2233602783	-0.1203008758	-0.1096325351	0.5929279016	-0.1103587938	0.1003310695	0.140053552	-0.1324783565	0.140053552	0.1050122387	0.1050122387	0.4500370038	0.4500370038	-0.0359259218	0.3922086268	-0.2902329511	0.4808655563	-0.1056772515	0.322854145	0.02670856553	-0.1305696982	0.08497960022	0.131900658	0.04947651768	-0.2100139446	-0.1992444549	0.06542188554	0.002633577897	-0.2515050244	0.06542188554	-0.01153342063	-0.003662373658	-0.1285345813	0.1444822247	0.3238655532	-0.07052124504	0.09861603691	0.07167571477	-0.1514281698	0.04478671756	0.07328787666	0.1444822247	0.02594743692	-0.04431766176	0.1662007097	0.1353325228	-0.07020396516	0.3533557488	0.3690234735	0.3542618329
chr11_2076798_T_C	0.001617483836	-0.001663191168	0.2049522076	0.2098936077	0.2002519098	0.2014683431	0.2126126412	0.0959801214	0.2126126412	0.2126126412	0.2126126412	0.1683766995	0.1974749919	0.1017369569	0.5859474194	0.1704674668	0.1133819892	0.2039568723	0.2190262974	0.2190262974	0.1074912805	0.2190262974	0.2732622282	0.2732622282	0.07647941786	0.9252887436	0.1122035831	0.1539026844	0.143049112	0.5216878861	0.5216878861	0.5216878861	1	0.09771796804	0.1312989107	1	0.09199339939	0.122674729	0.122674729	1	1	0.9947315444	0.1530051441	1	0.1372449354	0.1312989107	1	0.09199339939	0.1336453249	0.1169792673	0.1169792673	0.132234448	0.1205544794	0.539093135	0.06834279307	0.09492805881	0.1141227516	0.9894608254	0.09492805881	0.009016423368	0.968912349	0.1141227516	0.9894608254	0.1031564938	0.9945945146	0.1276193213	0.6398617816	0.1306416953	0.1082721156	0.9785525213	0.9840005911	0.09771796804	0.02729608868	0.2014120303	0.1031564938	0.09771796804	0.09771796804	0.9785525213	0.9785525213	0.6494104792	0.1496651008	0.9785525213	0.1166646172	0.0957841765	0.09004655013	0.5297947273	0.09434457543	0.5297947273	0.09771796804	0.9782416534	0.9782622314	0.4913071069	0.9836802568	0.8956078616	0.09771796804	0.1917907012	0.06474065649	0.1033244303	0.5310724556	0.1033244303	0.1289697455	0.1720621914	0.5343087579	0.1682853696	0.0957841765	0.09771796804	0.1583462427	0.07929981343	0.0957841765	0.1526706728	0.1230581933	0.1500983689	0.1881195539	0.4114090467	-0.01942424823	0.202877737	0.009016423368	0.1181435362	0.4171682372	0.1602319679	0.1135993488	0.1031564938	0.4171682372	0.1042836104	0.1608442455	0.1002349816	0.1292213312	0.162259929	0.1292213312	0.4171682372	0.1135993488	0.1099902337	0.1637384799	0.1096599176	-0.1839695494	-0.1839695494	0.1665465956	0.4151127299	0.1086455961	0.1099902337	0.07361428736	0.1085426279	0.08802028791	0.5200759342	0.5180556442	0.06724659452	0.8631020713	0.06724659452	0.1049751269	0.08959922468	0.000254802738	0.1049751269	0.1082202131	0.02729608868	0.782232027	0.147635027	0.147635027	0.04611745364	0.04611745364	0.147635027	0.05863509846	0.1049751269	0.7128802539	0.777831009	0.782232027	0.4188004761	0.08592530542	0.147635027	0.1049751269	0.1925293975	0.1153019752	0.04611745364	0.1718429162	0.1384635296	0.4458163509	0.05991893141	0.4188004761	0.7606116482	0.8408261611	0.1384635296	0.8408261611	0.7723229543	0.7723229543	0.05626741634	0.05626741634	-0.02077869343	0.0923921495	0.5557674575	0.009962258689	0.7223682085	0.0448872062	0.04472930786	0.03033562766	0.03911556447	0.03416193423	0.02802811524	0.5249130273	0.5529617806	0.03549174596	0.6354728686	0.4658437198	0.03549174596	0.04446403741	0.6380859903	0.1488994291	0.02972698611	0.05076502977	0.1512171243	0.01251989459	0.02959637191	0.5643808537	0.09771796804	0.04948303555	0.02972698611	0.06732922751	0.05484022653	0.06250702836	0.04446403741	0.06653578183	0.07117470562	0.07555480859	0.08959922468
chr11_2076844_T_C	0.3394813999	-0.03175789554	-0.130588495	-0.08999931116	-0.005278944212	-0.007294417835	-0.09073078508	0.01676592891	-0.09073078508	-0.09073078508	-0.09073078508	-0.1135706616	-0.00659076719	0.01893661191	0.1101440959	-0.1152513654	0.1250584957	0.01127313266	0.03611556723	0.03611556723	0.2203854284	0.03611556723	0.05374249813	0.05374249813	-0.03517385163	-0.1613989741	0.06032034258	-0.01492639459	-0.03216127798	-0.1447435171	-0.1447435171	-0.1447435171	0.09199339939	0.9414174408	-0.02927528407	0.09199339939	1	0.02511998007	0.02511998007	0.09199339939	0.09199339939	0.09167480339	-0.02682322035	0.09199339939	-0.02753114114	-0.02927528407	0.09199339939	1	-0.01558729916	-0.01704342137	-0.01704342137	-0.01542274601	0.008205005254	-0.1531636188	-0.04989100793	-0.03697302828	-0.03953167048	0.09234056549	-0.03697302828	-0.03149829495	0.09500958289	-0.03953167048	0.09234056549	0.8917848597	0.09266179046	0.01946316638	0.03086062782	0.01858473321	0.006852834081	0.09100954513	0.09167480339	0.9414174408	-0.0250673283	0.282263278	0.8917848597	0.9414174408	0.9414174408	0.09100954513	0.09100954513	0.05572408707	0.4091327619	0.09100954513	0.009584685798	-0.03555158828	0.685514374	-0.1793488433	0.7492094443	-0.1793488433	0.9414174408	0.09065806073	0.09199339939	-0.1550354632	0.0913255055	-0.2201063899	0.9414174408	-0.005216361781	0.007404287206	0.01584506592	-0.1820285758	0.01584506592	0.01966911898	0.02752596811	-0.1806804315	0.0557413263	-0.03555158828	0.9414174408	0.02470383464	-0.03289167297	-0.03555158828	0.0262671944	0.01771035978	0.0875852	0.1068912418	-0.2312008703	-0.02779533088	0.1053596901	-0.03149829495	0.7786579134	-0.2329835329	0.005669724673	0.02417899337	0.8917848597	-0.2329835329	0.008205005254	0.02728580987	0.009584685798	0.02601680504	0.02752596811	0.02601680504	-0.2329835329	0.02417899337	0.1430566088	0.02527042008	0.005401441417	-0.0250673283	-0.0250673283	0.02449659456	-0.2296946611	-0.03399538009	0.1430566088	-0.03175789554	-0.04190125857	0.7900337211	0.03199737442	0.03265933375	-0.04098553794	0.05095658244	-0.04098553794	0.1493473773	0.1372409278	-0.03030704453	0.1493473773	0.04855468249	-0.0250673283	-0.257917041	0.02301988649	0.02301988649	-0.02204218819	-0.02204218819	0.02301988649	0.01908357556	0.1493473773	-0.3030234774	-0.2566971651	-0.257917041	-0.2282070866	0.1145406565	0.02301988649	0.1493473773	0.05082792601	0.03689600591	-0.02204218819	-0.007387560431	0.02189433732	0.0004679643514	-0.04844794327	-0.2282070866	-0.2668399443	0.04944826964	0.02189433732	0.04944826964	-0.2642466341	-0.2642466341	-0.03517385163	-0.03517385163	-0.238315862	-0.03787276796	-0.2114656206	-0.04369534551	0.02197809179	-0.04964915694	0.06176839877	-0.02657016888	0.03707511231	0.0290557778	-0.03799148469	-0.07809535657	0.06625866115	0.1014441557	0.03912016765	-0.2140165604	0.1014441557	0.08180671247	0.04055310036	0.05596975412	0.3741754344	-0.05175560054	-0.09069590905	0.4106128425	0.0323862987	0.05933246686	0.6997962485	-0.03612317274	0.3741754344	-0.06027661845	-0.03289167297	0.3373644601	0.4106128425	0.03467931887	0.02182977583	0.1233018072	-0.03593217019
chr11_2076994_T_C	-0.01423209097	0.05380606897	-0.1941520303	-0.2385251151	0.2849053998	0.2800445599	-0.233083095	-0.1154187306	-0.233083095	-0.233083095	-0.233083095	-0.177218367	0.2886696235	-0.1087806493	0.04393325388	-0.1788735296	-0.08691583573	0.1986935632	0.2423780223	0.2423780223	0.02076561433	0.2423780223	-0.2265177874	-0.2265177874	-0.09350962515	0.1052926721	-0.1237645857	0.951198643	0.8988352779	-0.530839367	-0.530839367	-0.530839367	0.1336453249	-0.02530212367	-0.1748559879	0.1336453249	-0.01558729916	-0.08033859383	-0.08033859383	0.1336453249	0.1336453249	0.1245146776	0.9086664204	0.1336453249	-0.1687690029	-0.1748559879	0.1336453249	-0.01558729916	1	0.862757452	0.862757452	0.8514716288	-0.1001508979	-0.4630312614	-0.1179880738	-0.04275016805	-0.09065213738	0.1274876835	-0.04275016805	-0.06318855793	0.1287507319	-0.09065213738	0.1274876835	-0.03409556606	0.1366303943	0.8521873557	-0.5419945683	0.8473119199	-0.1040533358	0.1322160101	0.1245146776	-0.02530212367	-0.0602815536	0.6327341063	-0.03409556606	-0.02530212367	-0.02530212367	0.1322160101	0.1322160101	-0.5504937074	-0.1172480949	0.1322160101	-0.09618932594	-0.09258100492	-0.06373382574	-0.4537266248	-0.06318855793	-0.4537266248	-0.02530212367	0.1493385291	0.1444427469	-0.3956879535	0.1414727227	0.1536393899	-0.02530212367	0.5959810971	-0.1297268262	-0.09941851425	-0.4388164765	-0.09941851425	0.8291590762	0.6937420144	-0.4424336011	0.6861283537	-0.09258100492	-0.02530212367	0.7096062292	-0.0763975631	-0.09258100492	0.7165598391	0.8424840717	-0.06161565245	0.6453956266	-0.4665424488	-0.1056279523	0.6577068029	-0.06318855793	-0.02733776199	-0.4569815392	0.7273478961	0.8004215664	-0.03409556606	-0.4569815392	-0.01933145239	0.6973421151	-0.0309028788	0.7889530817	0.6937420144	0.7889530817	-0.4569815392	0.8004215664	-0.05522737005	0.6786589038	-0.02792732527	-0.02530212367	-0.02530212367	0.6847212213	-0.4548029778	-0.08175160521	-0.05522737005	0.02887855771	0.004078884293	-0.006229546411	-0.4791856875	-0.477192032	-0.008688287219	0.1076817363	-0.008688287219	-0.04881909536	-0.03626873206	-0.1151729788	-0.04881909536	0.001207478064	-0.02530212367	0.1029675107	0.7656031907	0.7656031907	-0.04421871365	-0.04421871365	0.7656031907	-0.001394271774	-0.04881909536	0.1169829892	0.1058837622	0.1029675107	-0.4507575615	-0.00467259603	0.7656031907	-0.04881909536	0.6507660769	-0.0417026739	-0.04421871365	0.6636554806	0.7633820153	-0.4625092022	-0.04000631581	-0.4507575615	0.0995531725	0.1015479879	0.7633820153	0.1015479879	0.1054618953	0.1054618953	0.006885919178	0.006885919178	0.03789253393	0.02071876968	0.1445757597	-0.02443580836	0.136699003	-0.02458947965	-0.06941032766	-0.02319501975	-0.01431294202	-0.0112170574	0.1419004185	-0.1252224626	-0.130414279	-0.01165370055	-0.08405700641	-0.1062048312	-0.01165370055	0.3386496166	-0.07824206817	-0.1625418834	-0.02733776199	0.119978352	-0.1994926392	-0.01042561607	-0.005505271115	-0.07122272367	-0.02530212367	-0.001176646779	-0.02733776199	-0.1685034737	-0.0763975631	-0.09526098354	-0.07389384019	0.4283762069	0.06644224821	0.06609353899	0.03894192546
chr11_2077046_CCA_C	-0.03298058063	0.09988498572	-0.2091431417	-0.2534662722	0.2542441487	0.2571850959	-0.2481670152	-0.1311218905	-0.2481670152	-0.2481670152	-0.2481670152	-0.1827364611	0.2578107171	-0.1245928251	-0.01511297486	-0.1844873847	-0.088150736	0.2130151223	0.2118218016	0.2118218016	0.0151217834	0.2118218016	-0.2444085118	-0.2444085118	-0.09465570608	0.0895981481	-0.1254749663	0.8238292527	0.908162754	-0.5485756068	-0.5485756068	-0.5485756068	0.1169792673	-0.02672140469	-0.1652235034	0.1169792673	-0.01704342137	-0.08212211748	-0.08212211748	0.1169792673	0.1169792673	0.1082290242	0.9184688472	0.1169792673	-0.1590227908	-0.1652235034	0.1169792673	-0.01704342137	0.862757452	1	1	0.9896100483	-0.1180163601	-0.5655777961	-0.1021860839	-0.02068183891	-0.09215070773	0.1112477615	-0.02068183891	0.3253001167	0.1128404089	-0.09215070773	0.1112477615	-0.03548620064	0.1200123628	0.9895839587	-0.6578891116	0.9844237337	-0.1217709757	0.1157281933	0.1082290242	-0.02672140469	-0.09566064208	0.737555564	-0.03548620064	-0.02672140469	-0.02672140469	0.1157281933	0.1157281933	-0.6674905621	-0.1331455987	0.1157281933	-0.1142083939	-0.09376756403	-0.06530659455	-0.5565334275	-0.06451437933	-0.5565334275	-0.02672140469	0.1322579415	0.1276193213	-0.503284287	0.1246001436	0.1382374696	-0.02672140469	0.7074279247	-0.1145218951	-0.1183881277	-0.5428103112	-0.1183881277	0.9684766186	0.8103409744	-0.5458861459	0.8007967093	-0.09376756403	-0.02672140469	0.8233173499	-0.077630258	-0.09376756403	0.8116372545	0.9793168261	-0.09214235749	0.7451117991	-0.5610269409	-0.1060711044	0.7570635143	0.3253001167	-0.0291011227	-0.551938521	0.8574855116	0.9420916971	-0.03548620064	-0.551938521	-0.03837482577	0.8127830875	-0.04987347073	0.9316146722	0.8103409744	0.9316146722	-0.551938521	0.9420916971	-0.08229201586	0.801267561	-0.04623409668	-0.02672140469	-0.02672140469	0.7977543495	-0.5490212198	-0.106358203	-0.08229201586	0.02619237755	0.001030624662	-0.008234912905	-0.5875404588	-0.5856308251	-0.01148515218	0.09092241556	-0.01148515218	-0.07664086524	-0.06300799768	-0.1156561762	-0.07664086524	-0.01746573201	-0.02672140469	0.09813764712	0.9057514854	0.9057514854	-0.04514651006	-0.04514651006	0.9057514854	-0.004427174861	-0.07664086524	0.1226219746	0.1010744871	0.09813764712	-0.544603868	-0.006176761326	0.9057514854	-0.07664086524	0.7613522537	-0.05875709223	-0.04514651006	0.7853878914	0.9016132808	-0.5599801708	-0.04287902543	-0.544603868	0.08418450603	0.08468247767	0.9016132808	0.08468247767	0.09017396212	0.09017396212	0.004276613226	0.004276613226	0.06033218801	0.01771534208	0.03030751324	-0.02719644971	0.1213021622	-0.02777256593	-0.07072782694	-0.1285917839	-0.05975784717	-0.05301203504	0.1841395967	-0.173624106	-0.1797452931	-0.05507561919	-0.1217378058	-0.1336817352	-0.05507561919	0.331731296	-0.1158392043	-0.166596626	-0.0291011227	0.1473848414	-0.2360670407	-0.01225630434	-0.04965992647	-0.1150534798	-0.02672140469	-0.02608869649	-0.0291011227	-0.1852664735	-0.077630258	-0.09566064208	-0.07479950441	0.4193404292	0.1386395316	0.08736985028	0.06051615596
chr11_2077056_T_G	-0.03298058063	0.09988498572	-0.2091431417	-0.2534662722	0.2542441487	0.2571850959	-0.2481670152	-0.1311218905	-0.2481670152	-0.2481670152	-0.2481670152	-0.1827364611	0.2578107171	-0.1245928251	-0.01511297486	-0.1844873847	-0.088150736	0.2130151223	0.2118218016	0.2118218016	0.0151217834	0.2118218016	-0.2444085118	-0.2444085118	-0.09465570608	0.0895981481	-0.1254749663	0.8238292527	0.908162754	-0.5485756068	-0.5485756068	-0.5485756068	0.1169792673	-0.02672140469	-0.1652235034	0.1169792673	-0.01704342137	-0.08212211748	-0.08212211748	0.1169792673	0.1169792673	0.1082290242	0.9184688472	0.1169792673	-0.1590227908	-0.1652235034	0.1169792673	-0.01704342137	0.862757452	1	1	0.9896100483	-0.1180163601	-0.5655777961	-0.1021860839	-0.02068183891	-0.09215070773	0.1112477615	-0.02068183891	0.3253001167	0.1128404089	-0.09215070773	0.1112477615	-0.03548620064	0.1200123628	0.9895839587	-0.6578891116	0.9844237337	-0.1217709757	0.1157281933	0.1082290242	-0.02672140469	-0.09566064208	0.737555564	-0.03548620064	-0.02672140469	-0.02672140469	0.1157281933	0.1157281933	-0.6674905621	-0.1331455987	0.1157281933	-0.1142083939	-0.09376756403	-0.06530659455	-0.5565334275	-0.06451437933	-0.5565334275	-0.02672140469	0.1322579415	0.1276193213	-0.503284287	0.1246001436	0.1382374696	-0.02672140469	0.7074279247	-0.1145218951	-0.1183881277	-0.5428103112	-0.1183881277	0.9684766186	0.8103409744	-0.5458861459	0.8007967093	-0.09376756403	-0.02672140469	0.8233173499	-0.077630258	-0.09376756403	0.8116372545	0.9793168261	-0.09214235749	0.7451117991	-0.5610269409	-0.1060711044	0.7570635143	0.3253001167	-0.0291011227	-0.551938521	0.8574855116	0.9420916971	-0.03548620064	-0.551938521	-0.03837482577	0.8127830875	-0.04987347073	0.9316146722	0.8103409744	0.9316146722	-0.551938521	0.9420916971	-0.08229201586	0.801267561	-0.04623409668	-0.02672140469	-0.02672140469	0.7977543495	-0.5490212198	-0.106358203	-0.08229201586	0.02619237755	0.001030624662	-0.008234912905	-0.5875404588	-0.5856308251	-0.01148515218	0.09092241556	-0.01148515218	-0.07664086524	-0.06300799768	-0.1156561762	-0.07664086524	-0.01746573201	-0.02672140469	0.09813764712	0.9057514854	0.9057514854	-0.04514651006	-0.04514651006	0.9057514854	-0.004427174861	-0.07664086524	0.1226219746	0.1010744871	0.09813764712	-0.544603868	-0.006176761326	0.9057514854	-0.07664086524	0.7613522537	-0.05875709223	-0.04514651006	0.7853878914	0.9016132808	-0.5599801708	-0.04287902543	-0.544603868	0.08418450603	0.08468247767	0.9016132808	0.08468247767	0.09017396212	0.09017396212	0.004276613226	0.004276613226	0.06033218801	0.01771534208	0.03030751324	-0.02719644971	0.1213021622	-0.02777256593	-0.07072782694	-0.1285917839	-0.05975784717	-0.05301203504	0.1841395967	-0.173624106	-0.1797452931	-0.05507561919	-0.1217378058	-0.1336817352	-0.05507561919	0.331731296	-0.1158392043	-0.166596626	-0.0291011227	0.1473848414	-0.2360670407	-0.01225630434	-0.04965992647	-0.1150534798	-0.02672140469	-0.02608869649	-0.0291011227	-0.1852664735	-0.077630258	-0.09566064208	-0.07479950441	0.4193404292	0.1386395316	0.08736985028	0.06051615596
chr11_2077271_C_T	-0.02984442545	0.1025667544	-0.2091836295	-0.2520694934	0.2657506941	0.2689405847	-0.2467000144	-0.1390762857	-0.2467000144	-0.2467000144	-0.2467000144	-0.1753474951	0.269444766	-0.1327319943	-0.004053862317	-0.1769851843	-0.08599827623	0.2248478323	0.2239683564	0.2239683564	0.008462328524	0.2239683564	-0.2473211842	-0.2473211842	-0.09252245584	0.1041811107	-0.1224580186	0.8121286254	0.8992753857	-0.5328404816	-0.5328404816	-0.5328404816	0.132234448	-0.02503501234	-0.1607305525	0.132234448	-0.01542274601	-0.07949046943	-0.07949046943	0.132234448	0.132234448	0.1232001919	0.9090981184	0.132234448	-0.1546033582	-0.1607305525	0.132234448	-0.01542274601	0.8514716288	0.9896100483	0.9896100483	1	-0.1150868665	-0.5493162906	-0.09902948313	-0.01811812781	-0.0896951342	0.1366687984	-0.01811812781	0.328882344	0.1378393782	-0.0896951342	0.1366687984	-0.03373562347	0.1351880045	0.9896100483	-0.6390612683	0.984496863	-0.1187975788	0.1413893998	0.1337480494	-0.02503501234	-0.09425532536	0.7400824113	-0.03373562347	-0.02503501234	-0.02503501234	0.1413893998	0.1413893998	-0.6482988585	-0.1294333231	0.1413893998	-0.111323174	-0.09160363893	-0.06306099579	-0.5478597757	-0.0625214843	-0.5478597757	-0.02503501234	0.1477619811	0.1429178831	-0.4961001733	0.1399792131	0.1520174383	-0.02503501234	0.7106858141	-0.1112397189	-0.1156783119	-0.5339041124	-0.1156783119	0.9683742329	0.8116734273	-0.5370813171	0.8024456111	-0.09160363893	-0.02503501234	0.8249048325	-0.07559104367	-0.09160363893	0.8130651468	0.9794368136	-0.08847483108	0.7472882292	-0.5524314542	-0.1045128513	0.759393626	0.328882344	-0.02704916069	-0.5431920923	0.8581035013	0.9415303386	-0.03373562347	-0.5431920923	-0.03512062166	0.8141426975	-0.0467259476	0.9308667606	0.8116734273	0.9308667606	-0.5431920923	0.9415303386	-0.08013034511	0.8027245641	-0.04297406403	-0.05964516885	-0.05964516885	0.7992524506	-0.540462576	-0.1043570686	-0.08013034511	0.02857369042	0.004035824027	-0.006163781876	-0.5764808719	-0.5745971824	-0.008596566068	0.1173457423	-0.008596566068	-0.07453437601	-0.06069140367	-0.1139571122	-0.07453437601	-0.01361139813	-0.02503501234	0.1220531246	0.9157048728	0.9157048728	-0.04375190228	-0.04375190228	0.9157048728	-0.001379552623	-0.07453437601	0.1448246755	0.1249065636	0.1220531246	-0.5361120143	-0.004623268024	0.9157048728	-0.07453437601	0.7722788196	-0.05484692227	-0.04375190228	0.796091232	0.9115316332	-0.5506667812	-0.03958397418	-0.5361120143	0.1087758013	0.111327237	0.9115316332	0.111327237	0.1145857388	0.1145857388	0.006813225399	0.006813225399	0.05756951342	0.02050004424	0.04557639671	-0.02417784261	0.1452780527	-0.02432989162	-0.06867757159	-0.132178	-0.05726850182	-0.05039688727	0.1876113381	-0.1580629802	-0.1636135865	-0.05235867232	-0.1017768875	-0.120872349	-0.05235867232	0.3350745354	-0.09599379338	-0.1608259493	-0.02704916069	0.1516925237	-0.2305338172	-0.01031555415	-0.04698917407	-0.09736238077	-0.02503501234	-0.02360789721	-0.02704916069	-0.1817047793	-0.07559104367	-0.09425532536	-0.07311375225	0.4238538933	0.1441777308	0.09239441992	0.0633363765
chr11_2077310_A_G	0.09989986076	-0.02652199587	0.02264105398	0.02326463819	-0.01218963021	-0.01627085592	0.02198103972	0.0290970127	0.02198103972	0.02198103972	0.02198103972	0.003550727946	-0.01483971658	0.01432130982	0.03408232178	-0.003686065563	0.5230960358	-0.007729254999	0.05628246735	0.05628246735	0.03293631782	0.05628246735	0.04221419924	0.04221419924	0.7157197142	0.1014073956	0.9524977293	-0.1160938761	-0.1291677213	-0.2747110931	-0.2747110931	-0.2747110931	0.1205544794	0.002126679089	0.696004306	0.1205544794	0.008205005254	0.8744717185	0.8744717185	0.1205544794	0.1205544794	0.120737507	-0.1190131425	0.1205544794	0.7059478043	0.696004306	0.1205544794	0.008205005254	-0.1001508979	-0.1180163601	-0.1180163601	-0.1150868665	1	-0.2917192234	-0.07370058863	-0.07460967233	0.847921043	0.1222081286	-0.07460967233	-0.06356194163	0.04851578036	0.847921043	0.1222081286	0.04676097843	0.1220373883	-0.1180163601	0.1887168189	-0.1194782972	0.9638867903	0.1192651691	0.120737507	0.05483793937	0.5292392819	0.4343347811	0.04676097843	0.05483793937	0.05483793937	0.1192651691	0.1192651691	0.183765479	0.8204980954	0.1192651691	0.9877848915	0.7612700756	-0.0009060554892	-0.2909327941	0.02159633538	-0.2909327941	0.05483793937	0.1175828693	0.1205544794	-0.2545421932	0.119069688	0.07774075444	0.05483793937	0.3909353695	-0.02742243639	0.9381727645	-0.2957683977	0.9381727645	-0.1192651691	0.4003878445	-0.2933361833	0.3857100944	0.7612700756	0.05483793937	0.3879055789	-0.0663737069	0.7612700756	0.3916162673	-0.1209385419	0.7449730264	0.376086469	-0.3008675584	-0.05608955029	0.3866709972	-0.06356194163	0.07120273034	-0.2925085471	0.1940395043	-0.1444125003	0.04676097843	-0.2925085471	0.8782114278	0.3823484526	0.8648079406	-0.1415872898	0.4003878445	-0.1415872898	-0.2925085471	-0.1444125003	0.007270854536	0.4150315513	0.9075393203	0.002126679089	0.002126679089	0.4274453059	-0.27551076	0.1101117049	0.007270854536	0.5369351002	0.7631189467	0.05987353976	0.02260003434	0.02389937396	0.6929481172	0.1131087655	0.6929481172	0.01174301765	0.003048437952	-0.06115805946	0.01174301765	0.5658877744	0.4238167613	0.08247374561	-0.06396609807	-0.06396609807	0.4918561037	0.4918561037	-0.06396609807	0.6696928859	0.01174301765	0.0749122767	0.08397817559	0.08247374561	-0.2732318386	-0.04448000379	-0.06396609807	0.01174301765	0.2963493392	0.6899575774	0.4918561037	0.4116019289	-0.06485840836	-0.2735999046	0.7949875684	-0.2732318386	0.07566323967	0.09358663328	-0.06485840836	0.09358663328	0.07872003644	0.07872003644	0.5644314949	0.5644314949	-0.006961397069	0.5024844361	-0.284460741	0.6320615065	-0.01288841412	0.3943445311	0.05769990895	-0.04227491909	0.1856024653	0.2494088341	0.06713355751	-0.1527146588	-0.1394638211	0.1658459515	0.09665427244	-0.2500250413	0.1658459515	-0.008268729772	0.09951773543	-0.08615974638	0.1594432569	0.3978568756	-0.06522561705	0.08737291126	0.1721194626	0.123142856	0.05483793937	0.1663772445	0.1594432569	0.0152537016	-0.0663737069	0.1602604599	0.1351937318	-0.07899705246	0.4770916482	0.423572019	-0.07250927415
chr11_2077486_A_G	-0.09110456316	-0.04551270037	0.3265049954	0.3477733163	-0.01710310692	-0.02118432695	0.3468094155	0.148187184	0.3468094155	0.3468094155	0.3468094155	0.2807042144	-0.01973260402	0.1535496079	0.3710296111	0.2881582066	-0.1197555984	-0.02605650521	-0.04478299306	-0.04478299306	-0.009498915171	-0.04478299306	0.3386663899	0.3386663899	-0.1995407006	0.5886489269	-0.291363814	-0.420699492	-0.5041705594	0.9630374136	0.9630374136	0.9630374136	0.539093135	-0.1501741629	-0.1172643058	0.539093135	-0.1531636188	-0.2619274388	-0.2619274388	0.539093135	0.539093135	0.5415768238	-0.483242027	0.539093135	-0.1053254278	-0.1172643058	0.539093135	-0.1531636188	-0.4630312614	-0.5655777961	-0.5655777961	-0.5493162906	-0.2917192234	1	0.1695952611	0.1186849034	-0.2352480034	0.5421953009	0.1186849034	-0.1842059662	0.5599474621	-0.2352480034	0.5421953009	-0.1479582665	0.5396938128	-0.5580108815	0.8481656375	-0.5510324824	-0.3029796046	0.5333276227	0.5415768238	-0.1501741629	-0.1501741629	-0.7005748331	-0.1479582665	-0.1501741629	-0.1501741629	0.5333276227	0.5333276227	0.831300639	-0.361322876	0.5333276227	-0.2919729663	-0.2079101323	-0.2027332196	0.9917507422	-0.1639782858	0.9917507422	-0.1501741629	0.5224171254	0.5236338302	0.9021327948	0.5307632898	0.5830430798	-0.1501741629	-0.5387914608	0.1432648851	-0.2767827262	0.9861788725	-0.2767827262	-0.5409746077	-0.6387094759	0.9889601039	-0.6667316102	-0.2079101323	-0.1501741629	-0.6511891229	0.1605151281	-0.2079101323	-0.6492220651	-0.5516372499	-0.1822881727	-0.6150391613	0.9206212952	0.1035722098	-0.6175169916	-0.1842059662	-0.1652623515	0.9149330384	-0.5815973136	-0.5227546084	-0.1479582665	0.9149330384	-0.3032906192	-0.6400471499	-0.2919729663	-0.5061698895	-0.6456805761	-0.5061698895	0.9149330384	-0.5227546084	0.04107719765	-0.6447349903	-0.3069583503	-0.1251331083	-0.1251331083	-0.6457263077	0.9018871302	0.08499723822	0.04107719765	-0.2061185346	-0.2654569837	-0.1907296563	0.7673564492	0.7635867794	-0.2528486641	0.4894571759	-0.2528486641	0.02751038962	0.01805069674	0.128174967	0.02751038962	-0.2164726396	-0.1501741629	0.530833882	-0.5101058403	-0.5101058403	-0.1572157242	-0.1572157242	-0.5101058403	-0.2778129865	0.02751038962	0.4999279751	0.5243218828	0.530833882	0.8941915139	0.06926629467	-0.5101058403	0.02751038962	-0.5695411956	-0.2335360004	-0.1572157242	-0.6192294801	-0.5129418758	0.8690325682	-0.2915171184	0.8941915139	0.5250102498	0.4804097839	-0.5129418758	0.4804097839	0.5264368745	0.5264368745	-0.2282891429	-0.2282891429	0.1128595767	-0.1672295608	0.5860190537	-0.264587592	0.4082202006	-0.1695314209	-0.02600093697	0.1607273748	-0.07612851493	-0.1072996379	-0.1270287062	0.5756709565	0.559029932	-0.1114764598	0.4701462283	0.6246990778	-0.1114764598	-0.2144769654	0.4656617612	0.2516489731	-0.1652623515	-0.2464266934	0.3306877204	-0.1690413689	-0.09506304702	0.398867696	-0.1251331083	-0.08830501983	-0.1652623515	0.1723839667	0.1431201408	-0.07505099924	-0.1236057725	-0.231123817	-0.3182333306	-0.2960776571	0.05394520543
chr11_2077866_C_T	0.03639543031	-0.06714036609	-0.04558454254	0.2872550748	-0.1456393064	-0.1373911826	0.2861572659	0.4812711423	0.2861572659	0.2861572659	0.2861572659	-0.02783363196	-0.1350221984	0.4898696084	0.1206339495	-0.03489402266	0.04192332216	-0.08537494252	-0.119159889	-0.119159889	-0.09715709233	-0.119159889	0.2130591506	0.2130591506	-0.07436214633	0.1004241727	-0.07767873531	-0.1177058776	-0.1307978631	0.1878739566	0.1878739566	0.1878739566	0.06834279307	-0.05299562741	0.6345718779	0.06834279307	-0.04989100793	-0.08756564178	-0.08756564178	0.06834279307	0.06834279307	0.06927005389	-0.1201157994	0.06834279307	0.6441844469	0.6345718779	0.06834279307	-0.04989100793	-0.1179880738	-0.1021860839	-0.1021860839	-0.09902948313	-0.07370058863	0.1695952611	1	0.6967926514	-0.08357514826	0.07092399768	0.6967926514	-0.01943385652	0.077501025	-0.08357514826	0.07092399768	-0.0004795295706	0.07001582748	-0.1021860839	0.1252596874	-0.1037600826	-0.1024253211	0.08543963021	0.0870618442	0.005383682784	-0.05299562741	-0.1263782309	-0.0004795295706	0.005383682784	0.005383682784	0.08543963021	0.08543963021	0.1329330005	-0.08032183355	0.08543963021	-0.09891231029	-0.07516073127	0.00323344772	0.1711511111	-0.01943385652	0.1711511111	0.005383682784	0.08308006857	0.06834279307	-0.2537327334	0.08472363193	0.0912028325	0.005383682784	0.3607125642	0.9576489185	-0.09423768574	0.1699200356	-0.09423768574	-0.08543963021	-0.1287048529	0.1705353045	-0.1206339495	-0.07516073127	0.005383682784	-0.1309925894	0.0115700752	-0.07516073127	-0.1279887343	-0.0877593047	-0.0497455095	-0.1197311764	0.1574498943	0.5238300241	-0.1227279759	-0.01943385652	-0.01520855438	0.1552510156	-0.1068514718	-0.09528964269	-0.0004795295706	0.1552510156	-0.07370058863	-0.1275819303	-0.07167217405	-0.09207369274	-0.1287048529	-0.09207369274	0.1552510156	-0.09528964269	0.01226486728	-0.1284022364	-0.07591775128	-0.05299562741	-0.05299562741	-0.1298936946	0.1581198375	-0.03228477592	0.01226486728	-0.02553731782	-0.05830012383	-0.01813112877	0.1539702952	0.1554447573	-0.05596806125	0.07812397157	-0.05596806125	0.01708598022	0.007717113036	0.5711657091	0.01708598022	-0.04095243376	-0.05299562741	0.07996729103	-0.0958603438	-0.0958603438	-0.04660008351	-0.04660008351	-0.0958603438	-0.06058780625	0.01708598022	0.07052953161	0.08155364769	0.07996729103	0.1587894301	-0.04660008351	-0.0958603438	0.01708598022	-0.107161599	-0.05375191332	-0.04660008351	-0.1273411817	-0.09643494352	0.1611961639	-0.04897932648	0.1587894301	0.09004181941	0.09310039815	-0.1140007836	0.09310039815	0.09320613968	0.09320613968	-0.007339640417	-0.007339640417	0.02108038921	0.011526274	-0.08398407069	-0.03329002997	-0.1437174282	0.00457741428	-0.02340531121	-0.1189826216	-0.04431805213	-0.05043163232	-0.0006884485116	-0.1272879849	-0.1260137925	-0.05239476987	-0.1095348949	-0.06796121013	-0.05239476987	-0.005799982785	-0.1218684112	-0.119827164	-0.06407307634	0.001843675676	-0.0240081665	-0.05876298347	-0.04977720072	-0.3621812623	0.005383682784	-0.03851186427	-0.06407307634	0.02417580279	0.0115700752	-0.05299562741	-0.05876298347	-0.01141195013	-0.03653953063	-0.001181163533	0.5934942244
chr11_2077895_T_G	-0.07154619454	-0.04975611353	-0.007934516816	0.2149913609	-0.1174906936	-0.1028893773	0.2141797867	0.3198347508	0.2141797867	0.2141797867	0.2141797867	0.008350945939	-0.101126033	0.325875708	0.08502169438	0.002639883197	-0.05494804383	-0.06636716914	-0.0825708986	-0.0825708986	-0.08949121139	-0.0825708986	0.1487370413	0.1487370413	-0.0551080015	0.1052011032	-0.07718799583	-0.0419550534	-0.04467229249	0.1322240334	0.1322240334	0.1322240334	0.09492805881	-0.03927378725	0.4242169878	0.09492805881	-0.03697302828	-0.06489279501	-0.06489279501	0.09492805881	0.09492805881	0.09505328598	-0.0362540812	0.09492805881	0.4309488663	0.4242169878	0.09492805881	-0.03697302828	-0.04275016805	-0.02068183891	-0.02068183891	-0.01811812781	-0.07460967233	0.1186849034	0.6967926514	1	-0.06193553606	0.09619247639	1	0.01502744551	0.1007385547	-0.06193553606	0.09619247639	-0.04145958286	0.09607664638	-0.02068183891	0.07566053573	-0.02195702251	-0.07590494662	0.09391281884	0.09505328598	-0.03927378725	-0.03927378725	-0.06018548986	-0.04145958286	-0.03927378725	-0.03927378725	0.09391281884	0.09391281884	0.08959890123	-0.06217390883	0.09391281884	-0.07330153865	-0.05569981363	-0.002130949068	0.1198271279	-0.04934938897	0.1198271279	-0.03927378725	0.09262656432	0.09492805881	-0.1762392145	0.0937780686	0.1098291826	-0.03927378725	0.2803932867	0.6668958292	-0.06983728662	0.1188583331	-0.06983728662	-0.02090068709	-0.05671252744	0.1193427576	-0.04124939772	-0.05569981363	-0.03927378725	-0.05916898757	0.05919051042	-0.05569981363	-0.05688056795	-0.0232279604	0.006571895252	-0.03330312561	0.1017455055	-0.04354783638	-0.03556263665	0.01502744551	-0.04748301873	0.1000796833	-0.03950160351	-0.03898966537	-0.04145958286	0.1000796833	-0.03778242297	-0.05621772266	-0.03611493937	-0.03646179133	-0.05671252744	-0.03646179133	0.1000796833	-0.03898966537	0.06274494698	-0.05753743807	-0.04011150599	-0.03927378725	-0.03927378725	-0.05867261988	0.1023001004	-0.05326165234	0.06274494698	0.007037871322	-0.02430526557	-0.04604130556	0.1135856946	0.1146779331	-0.02232983274	0.08916182536	-0.02232983274	0.06788548052	0.05794216782	-0.04748301873	0.06788548052	0.01640820638	-0.03927378725	0.101067741	-0.0398186774	-0.0398186774	-0.0345342032	-0.0345342032	-0.0398186774	-0.02623686583	0.06788548052	0.07203514099	0.1021769812	0.101067741	0.1028535331	-0.0345342032	-0.0398186774	0.06788548052	-0.02330669455	0.003064965768	-0.0345342032	-0.05706197619	-0.04063441063	0.09446377943	-0.002943682141	0.1028535331	0.1201245096	0.1118292656	-0.04063441063	0.1118292656	0.1222802836	0.1222802836	0.03638710147	0.03638710147	-0.02664600212	0.02402286651	0.08953158068	0.01220404826	0.1209754673	0.07175359158	0.01112918331	-0.1045073851	-0.01015490427	-0.01668999708	-0.005169057264	0.06693331685	0.05902475319	-0.01733968377	0.1202047134	0.09869624486	-0.01733968377	0.02875407378	0.1009669763	-0.06884692683	-0.04748301873	0.03282880945	-0.06576897942	-0.04354783638	-0.0150240575	-0.2424553699	-0.03927378725	-0.004914857894	-0.04748301873	-0.02544837023	0.05919051042	-0.03927378725	-0.04354783638	0.03607008769	0.01162457561	0.05330054864	0.857609927
chr11_2078005_C_G	0.01198459289	-0.007048918218	0.05291590325	0.01078346164	0.05724852804	0.05447875465	0.009709898414	-0.02427930488	0.009709898414	0.009709898414	0.009709898414	0.02840396628	0.05517550716	-0.02111399769	0.0244473606	0.02197590957	0.5850323892	0.0607342527	0.1068417771	0.1068417771	-0.03499163325	0.1068417771	-0.0130493535	-0.0130493535	0.7589106861	0.1250466472	0.8280049842	-0.09039133552	-0.11425539	-0.2211223946	-0.2211223946	-0.2211223946	0.1141227516	-0.04199164873	0.5914340748	0.1141227516	-0.03953167048	0.9649969302	0.9649969302	0.1141227516	0.1141227516	0.1140964231	-0.105893322	0.1141227516	0.5998046745	0.5914340748	0.1141227516	-0.03953167048	-0.09065213738	-0.09215070773	-0.09215070773	-0.0896951342	0.847921043	-0.2352480034	-0.08357514826	-0.06193553606	1	0.1152897837	-0.06193553606	-0.05276451168	0.04185936644	1	0.1152897837	-0.04432870781	0.1153248053	-0.09215070773	0.1626568771	-0.09337579379	0.8378047007	0.1129022276	0.1140964231	-0.04199164873	0.0875292589	0.364101865	-0.04432870781	-0.04199164873	-0.04199164873	0.1129022276	0.1129022276	0.1585949593	0.6790815227	0.1129022276	0.8583718795	0.92451123	-0.05875060991	-0.2345845145	-0.05276451168	-0.2345845145	-0.04199164873	0.1117157148	0.1141227516	-0.1950569658	0.1129197581	0.1294734583	-0.04199164873	0.3389494219	-0.08768862539	0.799811523	-0.2385428687	0.799811523	-0.09312581517	0.3616082731	-0.2365519509	0.3490283557	0.92451123	-0.04199164873	0.3506709778	-0.05509863518	0.92451123	0.3537984515	-0.0945992346	0.6260741497	0.3167808698	-0.2191410885	-0.04656147461	0.3141192363	-0.05276451168	-0.05076898314	-0.2217188232	0.2985932577	-0.1069149719	-0.04432870781	-0.2217188232	0.7581442117	0.3584533176	0.7677190311	-0.1045104029	0.3616082731	-0.1045104029	-0.2217188232	-0.1069149719	-0.05840735143	0.4018872951	0.8092340355	0.02276880509	0.02276880509	0.4003052542	-0.2031667977	0.1626167933	-0.05840735143	0.6390575856	0.9040611539	-0.04922749919	0.1051632117	0.1063168905	0.782200644	0.1283059521	0.782200644	-0.05657779485	-0.06019193789	-0.05076898314	-0.05657779485	0.6007930205	0.0875292589	0.138854565	-0.02803465522	-0.02803465522	0.1095062464	0.1095062464	-0.02803465522	0.7576700113	-0.05657779485	0.1543346959	0.1399916818	0.138854565	-0.201373221	-0.03692407153	-0.02803465522	-0.05657779485	0.3489600928	0.5892403911	0.1095062464	0.3985662906	-0.02908842015	-0.2204571292	0.7192288952	-0.201373221	0.1152846644	0.105675789	-0.02908842015	0.105675789	0.1176362354	0.1176362354	0.6845622931	0.6845622931	0.07037025988	0.6139305056	-0.1642523618	0.5494928806	0.07901066514	0.4332719809	-0.004084165886	-0.04915415283	0.05706537994	0.08084339903	0.06886021977	-0.1328193777	-0.1437496878	0.04579291286	0.1221096132	-0.142478449	0.04579291286	0.01219064063	0.1244201672	-0.09215070773	0.003436669628	0.4687061268	-0.02788356177	0.01219064063	0.04939387114	0.1539020578	-0.04199164873	0.06547387221	0.003436669628	0.03917738853	-0.05509863518	0.02276880509	0.01219064063	-0.06557762068	0.5196744565	0.4465110604	-0.06019193789
chr11_2078638_T_C	0.004872466085	0.0006412833818	0.2027650952	0.2092560926	0.2078151236	0.209251279	0.2119840442	0.08713653679	0.2119840442	0.2119840442	0.2119840442	0.1740650045	0.205192111	0.09259715483	0.5789868172	0.1762458239	0.1142396609	0.211961308	0.22712955	0.22712955	0.08706573112	0.22712955	0.2595890708	0.2595890708	0.077884823	0.9153326427	0.1140976772	0.1365523711	0.1283332332	0.524440398	0.524440398	0.524440398	0.9894608254	0.09808673761	0.134555466	0.9894608254	0.09234056549	0.1238520445	0.1238520445	0.9894608254	0.9894608254	0.9841564845	0.1376167961	0.9894608254	0.1403153742	0.134555466	0.9894608254	0.09234056549	0.1274876835	0.1112477615	0.1112477615	0.1366687984	0.1222081286	0.5421953009	0.07092399768	0.09619247639	0.1152897837	1	0.09619247639	0.01114586656	0.9793228211	0.1152897837	1	0.1035457874	0.9947520864	0.1322162423	0.6441284314	0.1352418934	0.1101649855	0.9894738858	0.9947302932	0.09808673761	0.02869611997	0.2067740478	0.1035457874	0.09808673761	0.09808673761	0.9894738858	0.9894738858	0.6538774332	0.1517389963	0.9894738858	0.1183152834	0.09693400206	0.09124594727	0.5253778403	0.09522446865	0.5253778403	0.09808673761	0.9789178534	0.9787511056	0.4858821276	0.9841828348	0.8957414032	0.09808673761	0.1980204914	0.06755091408	0.1050116984	0.526752423	0.1050116984	0.1336153096	0.1772249417	0.5298832635	0.1737289952	0.09693400206	0.09808673761	0.163722363	0.08050006318	0.09693400206	0.1580332326	0.1278170148	0.1519534727	0.193582217	0.4087075318	-0.01714417971	0.208223158	0.01114586656	0.1185893881	0.414478122	0.1649128137	0.1182316036	0.1035457874	0.414478122	0.1061755311	0.1661042444	0.1021262442	0.1335295919	0.1675662242	0.1335295919	0.414478122	0.1182316036	0.1108828624	0.1689229931	0.1115110725	-0.2488663506	-0.2488663506	0.1717380767	0.4123004923	0.08596910249	0.1108828624	0.07481639454	0.1099615047	0.08884119844	0.5180553492	0.5160239746	0.06920446672	0.8657521173	0.06920446672	0.1058627826	0.09086694761	0.002427023469	0.1058627826	0.110570633	0.02869611997	0.7842390608	0.1517489574	0.1517489574	0.04702466817	0.04702466817	0.1517489574	0.06084965804	0.1058627826	0.7144808801	0.7798229344	0.7842390608	0.415878285	0.08624957166	0.1517489574	0.1058627826	0.1975516509	0.1177734281	0.04702466817	0.176846091	0.1426935601	0.4431404085	0.06251988792	0.415878285	0.7634820561	0.8439992838	0.1426935601	0.8439992838	0.7748539182	0.7748539182	0.05796880709	0.05796880709	-0.02349046942	0.09375830161	0.5546686046	0.01295356153	0.7252820838	0.04779453151	0.04641866661	0.02682192965	0.04128246519	0.03649991675	0.03034534115	0.5249735862	0.5531049408	0.03792073845	0.6373480434	0.4644953856	0.03792073845	0.0458085225	0.6397978063	0.1531847232	0.03146761463	0.05373751607	0.1444381286	0.0143321714	0.03204325353	0.5653349973	0.09808673761	0.05135193546	0.03146761463	0.05565389798	0.05639866376	0.06339142879	0.0458085225	0.0683720767	0.07511759953	0.07912821529	0.09086694761
chr11_2078639_G_A	-0.07154619454	-0.04975611353	-0.007934516816	0.2149913609	-0.1174906936	-0.1028893773	0.2141797867	0.3198347508	0.2141797867	0.2141797867	0.2141797867	0.008350945939	-0.101126033	0.325875708	0.08502169438	0.002639883197	-0.05494804383	-0.06636716914	-0.0825708986	-0.0825708986	-0.08949121139	-0.0825708986	0.1487370413	0.1487370413	-0.0551080015	0.1052011032	-0.07718799583	-0.0419550534	-0.04467229249	0.1322240334	0.1322240334	0.1322240334	0.09492805881	-0.03927378725	0.4242169878	0.09492805881	-0.03697302828	-0.06489279501	-0.06489279501	0.09492805881	0.09492805881	0.09505328598	-0.0362540812	0.09492805881	0.4309488663	0.4242169878	0.09492805881	-0.03697302828	-0.04275016805	-0.02068183891	-0.02068183891	-0.01811812781	-0.07460967233	0.1186849034	0.6967926514	1	-0.06193553606	0.09619247639	1	0.01502744551	0.1007385547	-0.06193553606	0.09619247639	-0.04145958286	0.09607664638	-0.02068183891	0.07566053573	-0.02195702251	-0.07590494662	0.09391281884	0.09505328598	-0.03927378725	-0.03927378725	-0.06018548986	-0.04145958286	-0.03927378725	-0.03927378725	0.09391281884	0.09391281884	0.08959890123	-0.06217390883	0.09391281884	-0.07330153865	-0.05569981363	-0.002130949068	0.1198271279	-0.04934938897	0.1198271279	-0.03927378725	0.09262656432	0.09492805881	-0.1762392145	0.0937780686	0.1098291826	-0.03927378725	0.2803932867	0.6668958292	-0.06983728662	0.1188583331	-0.06983728662	-0.02090068709	-0.05671252744	0.1193427576	-0.04124939772	-0.05569981363	-0.03927378725	-0.05916898757	0.05919051042	-0.05569981363	-0.05688056795	-0.0232279604	0.006571895252	-0.03330312561	0.1017455055	-0.04354783638	-0.03556263665	0.01502744551	-0.04748301873	0.1000796833	-0.03950160351	-0.03898966537	-0.04145958286	0.1000796833	-0.03778242297	-0.05621772266	-0.03611493937	-0.03646179133	-0.05671252744	-0.03646179133	0.1000796833	-0.03898966537	0.06274494698	-0.05753743807	-0.04011150599	-0.03927378725	-0.03927378725	-0.05867261988	0.1023001004	-0.05326165234	0.06274494698	0.007037871322	-0.02430526557	-0.04604130556	0.1135856946	0.1146779331	-0.02232983274	0.08916182536	-0.02232983274	0.06788548052	0.05794216782	-0.04748301873	0.06788548052	0.01640820638	-0.03927378725	0.101067741	-0.0398186774	-0.0398186774	-0.0345342032	-0.0345342032	-0.0398186774	-0.02623686583	0.06788548052	0.07203514099	0.1021769812	0.101067741	0.1028535331	-0.0345342032	-0.0398186774	0.06788548052	-0.02330669455	0.003064965768	-0.0345342032	-0.05706197619	-0.04063441063	0.09446377943	-0.002943682141	0.1028535331	0.1201245096	0.1118292656	-0.04063441063	0.1118292656	0.1222802836	0.1222802836	0.03638710147	0.03638710147	-0.02664600212	0.02402286651	0.08953158068	0.01220404826	0.1209754673	0.07175359158	0.01112918331	-0.1045073851	-0.01015490427	-0.01668999708	-0.005169057264	0.06693331685	0.05902475319	-0.01733968377	0.1202047134	0.09869624486	-0.01733968377	0.02875407378	0.1009669763	-0.06884692683	-0.04748301873	0.03282880945	-0.06576897942	-0.04354783638	-0.0150240575	-0.2424553699	-0.03927378725	-0.004914857894	-0.04748301873	-0.02544837023	0.05919051042	-0.03927378725	-0.04354783638	0.03607008769	0.01162457561	0.05330054864	0.857609927
chr11_2078679_T_C	-0.06095208434	0.0889402431	-0.06061244034	-0.08805315698	0.04131599895	0.03906963513	-0.08899935331	-0.09352066918	-0.08899935331	-0.08899935331	-0.08899935331	-0.03193127171	0.03965614723	-0.09166566132	-0.08072630457	-0.03615155602	-0.04681168333	0.07145829603	0.02182978181	0.02182978181	-0.003430405848	0.02182978181	-0.08779306799	-0.08779306799	-0.04694795547	0.01811019859	-0.06575848321	-0.06286219061	0.2875001197	-0.1729477421	-0.1729477421	-0.1729477421	0.009016423368	-0.03345837202	-0.0635938697	0.009016423368	-0.03149829495	-0.05528387834	-0.05528387834	0.009016423368	0.009016423368	0.01003498293	0.2977990701	0.009016423368	-0.06147448907	-0.0635938697	0.009016423368	-0.03149829495	-0.06318855793	0.3253001167	0.3253001167	0.328882344	-0.06356194163	-0.1842059662	-0.01943385652	0.01502744551	-0.05276451168	0.01114586656	0.01502744551	1	0.0155510393	-0.05276451168	0.01114586656	-0.03532050877	0.01014302132	0.3253001167	-0.2324648208	0.3235363918	-0.06466541985	0.008919994205	0.01003498293	-0.03345837202	-0.03345837202	0.2191206184	-0.03532050877	-0.03345837202	-0.03345837202	0.008919994205	0.008919994205	-0.2386185106	-0.07929961198	0.008919994205	-0.06244750815	-0.04745213579	-0.04681168333	-0.1836723226	-0.04204204204	-0.1836723226	-0.03345837202	0.006749936686	0.009016423368	-0.172125757	0.007885444394	0.02502126673	-0.03345837202	0.2231311637	-0.02429658508	-0.05949622075	-0.1868001672	-0.05949622075	0.3287423319	0.2676033469	-0.1852269948	0.2578574643	-0.04745213579	-0.03345837202	0.2592925674	-0.04390183976	-0.04745213579	0.211375518	0.321790455	-0.07535011783	0.2331126689	-0.1826678424	-0.03709954685	0.2310053715	1	-0.04045203216	-0.1847413244	0.2905658669	0.3380127347	-0.03532050877	-0.1847413244	-0.06356194163	0.2652685644	-0.06244750815	0.3418636875	0.2676033469	0.3418636875	-0.1847413244	0.3380127347	-0.04653817966	0.2583287268	-0.06426773238	-0.03345837202	-0.03345837202	0.2571173662	-0.1811473933	-0.04537500208	-0.04653817966	-0.04238854139	-0.05592729628	-0.03922379881	-0.2297905658	-0.2291437535	-0.05470504711	0.003314714665	-0.05470504711	-0.04508041397	-0.04796011377	-0.04045203216	-0.04508041397	-0.07315737161	-0.03345837202	0.01826312966	0.3325400623	0.3325400623	-0.02942059574	-0.02942059574	0.3325400623	-0.05713259752	-0.04508041397	0.0342067495	0.01931582129	0.01826312966	-0.1796442083	-0.02942059574	0.3325400623	-0.04508041397	0.2448435919	-0.07733537653	-0.02942059574	0.2561940217	0.3272684764	-0.1954734542	-0.06466541985	-0.1796442083	0.01308462859	0.0009990629438	0.3272684764	0.0009990629438	0.01523748356	0.01523748356	-0.04694795547	-0.04694795547	0.05607006168	-0.05055030772	-0.2173755449	-0.05832193633	0.04267614483	-0.06626872809	-0.04358313724	-0.07511874111	-0.0509325933	-0.05276451168	0.07497652922	-0.007601127654	-0.01512102529	-0.05481846056	-0.009707827304	0.02434856504	-0.05481846056	-0.03709954685	-0.007696916877	-0.09235827191	-0.04045203216	0.01872505843	-0.06222319501	-0.03709954685	-0.05354607035	-0.004332771332	-0.03345837202	-0.04821505256	-0.04045203216	-0.0804536287	-0.04390183976	-0.03345837202	-0.03709954685	-0.05225135224	0.1161471226	-0.01512150987	0.01808020162
chr11_2078742_G_A	-0.004338695949	0.005162419262	0.2198515826	0.2284997094	0.2190540172	0.2208771701	0.2313189065	0.09646699666	0.2313189065	0.2313189065	0.2313189065	0.1889419538	0.2166603704	0.1016885005	0.596762962	0.1913459037	0.118379114	0.1947071133	0.2084473114	0.2084473114	0.06101450527	0.2084473114	0.2615170739	0.2615170739	-0.03628568767	0.8944282414	0.04217243655	0.1376530889	0.1319519555	0.541126043	0.541126043	0.541126043	0.968912349	0.1009218427	0.08273881571	0.968912349	0.09500958289	0.05296151965	0.05296151965	0.968912349	0.968912349	0.963693287	0.1404049809	0.968912349	0.08773913548	0.08273881571	0.968912349	0.09500958289	0.1287507319	0.1128404089	0.1128404089	0.1378393782	0.04851578036	0.5599474621	0.077501025	0.1007385547	0.04185936644	0.9793228211	0.1007385547	0.0155510393	1	0.04185936644	0.9793228211	0.1065386812	0.9740685786	0.1336512629	0.6270215538	0.1367690817	0.03742981144	0.9690655246	0.974187609	0.1009218427	-0.002381636406	0.1693565192	0.1065386812	0.1009218427	0.1009218427	0.9690655246	0.9690655246	0.6370555148	0.092291026	0.9690655246	0.04375687957	0.1012719304	0.09555825144	0.5432027714	0.09899759555	0.5432027714	0.1009218427	0.9586389368	0.9582831376	0.500607999	0.9637692192	0.87474817	0.1009218427	0.1628803719	0.0745032535	0.09335339564	0.54491842	0.09335339564	0.1350655151	0.1719698388	0.547848968	0.1692072897	0.1012719304	0.1009218427	0.1589709579	0.08458245456	0.1012719304	0.1531017932	0.1295145673	0.1451715453	0.1904127372	0.4272904299	-0.01305406722	0.2051524573	0.0155510393	0.1220171031	0.4332442589	0.1677840762	0.1192112374	0.1065386812	0.4332442589	0.0962520066	0.1609669653	0.09195890246	0.13415661	0.162383729	0.13415661	0.4332442589	0.1192112374	0.1150183468	0.1267477125	0.04121638356	-0.2434230877	-0.2434230877	0.1296815635	0.4306856678	0.09016767547	0.1150183468	0.0787799323	0.0436539555	0.09236139782	0.5409345339	0.538851312	0.07452526283	0.8466089507	0.07452526283	0.1098803544	0.09530472234	0.006727968244	0.1098803544	0.1175506785	-0.002381636406	0.7649249625	0.1106052677	0.1106052677	0.01088246	0.01088246	0.1106052677	0.06649245704	0.1098803544	0.6944369338	0.7604478421	0.7649249625	0.4340678251	0.0887425346	0.1106052677	0.1098803544	0.1660137401	0.1116298763	0.01088246	0.1349492728	0.1022369632	0.4628844896	0.05319212281	0.4340678251	0.7446639664	0.8252094796	0.1022369632	0.8252094796	0.7557618731	0.7557618731	0.06254581642	0.06254581642	-0.02930065917	0.09845090419	0.5483097495	0.001657242656	0.7166977115	0.05451096321	0.02381044585	0.03040693159	0.0464103633	0.02230997189	0.01204689019	0.5194109956	0.5481044078	0.04348881389	0.6177252977	0.4640140573	0.04348881389	0.04942539932	0.6199671281	0.154462117	0.006727968244	0.0443027837	0.1562778116	-0.01305406722	0.03751965484	0.5437111103	0.1009218427	0.05611397784	0.006727968244	0.06382581433	0.0606622331	0.03205285664	0.01818566605	0.0734371415	0.01941599332	0.07439189863	0.09530472234
chr11_2078745_A_T	0.01198459289	-0.007048918218	0.05291590325	0.01078346164	0.05724852804	0.05447875465	0.009709898414	-0.02427930488	0.009709898414	0.009709898414	0.009709898414	0.02840396628	0.05517550716	-0.02111399769	0.0244473606	0.02197590957	0.5850323892	0.0607342527	0.1068417771	0.1068417771	-0.03499163325	0.1068417771	-0.0130493535	-0.0130493535	0.7589106861	0.1250466472	0.8280049842	-0.09039133552	-0.11425539	-0.2211223946	-0.2211223946	-0.2211223946	0.1141227516	-0.04199164873	0.5914340748	0.1141227516	-0.03953167048	0.9649969302	0.9649969302	0.1141227516	0.1141227516	0.1140964231	-0.105893322	0.1141227516	0.5998046745	0.5914340748	0.1141227516	-0.03953167048	-0.09065213738	-0.09215070773	-0.09215070773	-0.0896951342	0.847921043	-0.2352480034	-0.08357514826	-0.06193553606	1	0.1152897837	-0.06193553606	-0.05276451168	0.04185936644	1	0.1152897837	-0.04432870781	0.1153248053	-0.09215070773	0.1626568771	-0.09337579379	0.8378047007	0.1129022276	0.1140964231	-0.04199164873	0.0875292589	0.364101865	-0.04432870781	-0.04199164873	-0.04199164873	0.1129022276	0.1129022276	0.1585949593	0.6790815227	0.1129022276	0.8583718795	0.92451123	-0.05875060991	-0.2345845145	-0.05276451168	-0.2345845145	-0.04199164873	0.1117157148	0.1141227516	-0.1950569658	0.1129197581	0.1294734583	-0.04199164873	0.3389494219	-0.08768862539	0.799811523	-0.2385428687	0.799811523	-0.09312581517	0.3616082731	-0.2365519509	0.3490283557	0.92451123	-0.04199164873	0.3506709778	-0.05509863518	0.92451123	0.3537984515	-0.0945992346	0.6260741497	0.3167808698	-0.2191410885	-0.04656147461	0.3141192363	-0.05276451168	-0.05076898314	-0.2217188232	0.2985932577	-0.1069149719	-0.04432870781	-0.2217188232	0.7581442117	0.3584533176	0.7677190311	-0.1045104029	0.3616082731	-0.1045104029	-0.2217188232	-0.1069149719	-0.05840735143	0.4018872951	0.8092340355	0.02276880509	0.02276880509	0.4003052542	-0.2031667977	0.1626167933	-0.05840735143	0.6390575856	0.9040611539	-0.04922749919	0.1051632117	0.1063168905	0.782200644	0.1283059521	0.782200644	-0.05657779485	-0.06019193789	-0.05076898314	-0.05657779485	0.6007930205	0.0875292589	0.138854565	-0.02803465522	-0.02803465522	0.1095062464	0.1095062464	-0.02803465522	0.7576700113	-0.05657779485	0.1543346959	0.1399916818	0.138854565	-0.201373221	-0.03692407153	-0.02803465522	-0.05657779485	0.3489600928	0.5892403911	0.1095062464	0.3985662906	-0.02908842015	-0.2204571292	0.7192288952	-0.201373221	0.1152846644	0.105675789	-0.02908842015	0.105675789	0.1176362354	0.1176362354	0.6845622931	0.6845622931	0.07037025988	0.6139305056	-0.1642523618	0.5494928806	0.07901066514	0.4332719809	-0.004084165886	-0.04915415283	0.05706537994	0.08084339903	0.06886021977	-0.1328193777	-0.1437496878	0.04579291286	0.1221096132	-0.142478449	0.04579291286	0.01219064063	0.1244201672	-0.09215070773	0.003436669628	0.4687061268	-0.02788356177	0.01219064063	0.04939387114	0.1539020578	-0.04199164873	0.06547387221	0.003436669628	0.03917738853	-0.05509863518	0.02276880509	0.01219064063	-0.06557762068	0.5196744565	0.4465110604	-0.06019193789
chr11_2078858_A_AT	0.004872466085	0.0006412833818	0.2027650952	0.2092560926	0.2078151236	0.209251279	0.2119840442	0.08713653679	0.2119840442	0.2119840442	0.2119840442	0.1740650045	0.205192111	0.09259715483	0.5789868172	0.1762458239	0.1142396609	0.211961308	0.22712955	0.22712955	0.08706573112	0.22712955	0.2595890708	0.2595890708	0.077884823	0.9153326427	0.1140976772	0.1365523711	0.1283332332	0.524440398	0.524440398	0.524440398	0.9894608254	0.09808673761	0.134555466	0.9894608254	0.09234056549	0.1238520445	0.1238520445	0.9894608254	0.9894608254	0.9841564845	0.1376167961	0.9894608254	0.1403153742	0.134555466	0.9894608254	0.09234056549	0.1274876835	0.1112477615	0.1112477615	0.1366687984	0.1222081286	0.5421953009	0.07092399768	0.09619247639	0.1152897837	1	0.09619247639	0.01114586656	0.9793228211	0.1152897837	1	0.1035457874	0.9947520864	0.1322162423	0.6441284314	0.1352418934	0.1101649855	0.9894738858	0.9947302932	0.09808673761	0.02869611997	0.2067740478	0.1035457874	0.09808673761	0.09808673761	0.9894738858	0.9894738858	0.6538774332	0.1517389963	0.9894738858	0.1183152834	0.09693400206	0.09124594727	0.5253778403	0.09522446865	0.5253778403	0.09808673761	0.9789178534	0.9787511056	0.4858821276	0.9841828348	0.8957414032	0.09808673761	0.1980204914	0.06755091408	0.1050116984	0.526752423	0.1050116984	0.1336153096	0.1772249417	0.5298832635	0.1737289952	0.09693400206	0.09808673761	0.163722363	0.08050006318	0.09693400206	0.1580332326	0.1278170148	0.1519534727	0.193582217	0.4087075318	-0.01714417971	0.208223158	0.01114586656	0.1185893881	0.414478122	0.1649128137	0.1182316036	0.1035457874	0.414478122	0.1061755311	0.1661042444	0.1021262442	0.1335295919	0.1675662242	0.1335295919	0.414478122	0.1182316036	0.1108828624	0.1689229931	0.1115110725	-0.2488663506	-0.2488663506	0.1717380767	0.4123004923	0.08596910249	0.1108828624	0.07481639454	0.1099615047	0.08884119844	0.5180553492	0.5160239746	0.06920446672	0.8657521173	0.06920446672	0.1058627826	0.09086694761	0.002427023469	0.1058627826	0.110570633	0.02869611997	0.7842390608	0.1517489574	0.1517489574	0.04702466817	0.04702466817	0.1517489574	0.06084965804	0.1058627826	0.7144808801	0.7798229344	0.7842390608	0.415878285	0.08624957166	0.1517489574	0.1058627826	0.1975516509	0.1177734281	0.04702466817	0.176846091	0.1426935601	0.4431404085	0.06251988792	0.415878285	0.7634820561	0.8439992838	0.1426935601	0.8439992838	0.7748539182	0.7748539182	0.05796880709	0.05796880709	-0.02349046942	0.09375830161	0.5546686046	0.01295356153	0.7252820838	0.04779453151	0.04641866661	0.02682192965	0.04128246519	0.03649991675	0.03034534115	0.5249735862	0.5531049408	0.03792073845	0.6373480434	0.4644953856	0.03792073845	0.0458085225	0.6397978063	0.1531847232	0.03146761463	0.05373751607	0.1444381286	0.0143321714	0.03204325353	0.5653349973	0.09808673761	0.05135193546	0.03146761463	0.05565389798	0.05639866376	0.06339142879	0.0458085225	0.0683720767	0.07511759953	0.07912821529	0.09086694761
chr11_2079295_A_G	0.294299619	-0.03561161102	-0.0929476746	-0.03804899501	-0.03752069178	-0.01455779879	-0.03881016472	0.0382742856	-0.03881016472	-0.03881016472	-0.03881016472	-0.07105759667	-0.03905122181	0.04088350427	0.1235097173	-0.0738723571	0.1043216248	0.005268891289	0.02188505069	0.02188505069	0.1809094904	0.02188505069	0.07842165548	0.07842165548	-0.03944208207	-0.122719045	0.1413711757	-0.03357235624	-0.05160951783	-0.1384933892	-0.1384933892	-0.1384933892	0.1031564938	0.9472788809	0.03446220432	0.1031564938	0.8917848597	0.01324550778	0.01324550778	0.1031564938	0.1031564938	0.1027992373	-0.04577303291	0.1031564938	0.03699046793	0.03446220432	0.1031564938	0.8917848597	-0.03409556606	-0.03548620064	-0.03548620064	-0.03373562347	0.04676097843	-0.1479582665	-0.0004795295706	-0.04145958286	-0.04432870781	0.1035457874	-0.04145958286	-0.03532050877	0.1065386812	-0.04432870781	0.1035457874	1	0.103905992	-0.002736967603	0.05936442285	-0.00367347902	-0.004717865911	0.1020532521	0.1027992373	0.9472788809	-0.0281091656	0.2821821688	1	0.9472788809	0.9472788809	0.1020532521	0.1020532521	0.08120485434	0.4377636225	0.1020532521	-0.001894519647	-0.03986565582	0.7507431211	-0.1713273643	0.8401235299	-0.1713273643	0.9472788809	0.1016591163	0.1031564938	-0.1680001824	0.1024075532	-0.2388374623	0.9472788809	-0.005849350013	0.04850364102	0.004217414765	-0.1740922795	0.004217414765	-0.002765929263	0.0006955752836	-0.1727015011	0.02530233791	-0.03986565582	0.9472788809	-0.001875182739	-0.03688296859	-0.03986565582	-0.0001707514868	-0.004606453075	0.06591001785	0.07022102531	-0.2177855615	-0.03116820226	0.06853824483	-0.03532050877	0.8731454733	-0.2196837996	-0.01686470739	0.002024439885	1	-0.2196837996	-0.003319452172	0.0006895065366	-0.001894519647	0.003970549996	0.0006955752836	0.003970549996	-0.2196837996	0.002024439885	0.1205132798	-0.001015053202	-0.005953056077	-0.0281091656	-0.0281091656	-0.001859451861	-0.216257933	-0.03812060692	0.1205132798	-0.03561161102	-0.04698583757	0.7838067494	0.06053443108	0.06129813522	-0.04595899728	0.06559525228	-0.04595899728	0.1264015264	0.115057244	-0.03398470405	0.1264015264	0.03126506011	-0.0281091656	-0.241838777	0.001046805561	0.001046805561	-0.02471693475	-0.02471693475	0.001046805561	0.007519755522	0.1264015264	-0.2790949408	-0.2405460863	-0.241838777	-0.1912340853	0.09780844179	0.001046805561	0.1264015264	0.02110186609	0.02010431736	-0.02471693475	-0.03011606986	9.397566571e-05	0.03694241944	-0.05432694079	-0.1912340853	-0.2509647649	0.06394343613	9.397566571e-05	0.06394343613	-0.2482277728	-0.2482277728	-0.03944208207	-0.03944208207	-0.2043666067	-0.04246850296	-0.2116910906	-0.04899763102	0.008953618296	-0.05567391776	0.04808798775	-0.04534120806	0.02470130954	0.01719953863	-0.04260162558	-0.09425788229	0.0607652144	0.08179239878	0.02930081798	-0.2090867963	0.08179239878	0.0671533085	0.03093076	0.03001226544	0.3288673669	-0.05803597132	-0.06710308637	0.3621178408	0.02005595233	0.05249779959	0.7305259816	-0.04050660015	0.3288673669	-0.02068284188	-0.03688296859	0.2970201832	0.3621178408	0.02233051342	0.004010975388	0.0959930306	-0.04029242008
chr11_2080254_A_G	0.003274419335	-0.0005051454163	0.2092776139	0.2147715842	0.2051540849	0.2064882957	0.2175135233	0.09832971877	0.2175135233	0.2175135233	0.2175135233	0.1721587686	0.202440233	0.1040241617	0.590385072	0.1743063322	0.1144234208	0.2091023143	0.2243024702	0.2243024702	0.09772366383	0.2243024702	0.2717263508	0.2717263508	0.07760061364	0.919804271	0.1137635336	0.1459408377	0.1363631866	0.522014573	0.522014573	0.522014573	0.9945945146	0.09842795177	0.1336510398	0.9945945146	0.09266179046	0.1239277828	0.1239277828	0.9945945146	0.9945945146	0.9893484999	0.1460320014	0.9945945146	0.1395346567	0.1336510398	0.9945945146	0.09266179046	0.1366303943	0.1200123628	0.1200123628	0.1351880045	0.1220373883	0.5396938128	0.07001582748	0.09607664638	0.1153248053	0.9947520864	0.09607664638	0.01014302132	0.9740685786	0.1153248053	0.9947520864	0.103905992	1	0.1306304888	0.6414348384	0.1336707059	0.1098103947	0.98395749	0.9893484999	0.09842795177	0.02815120431	0.2052057645	0.103905992	0.09842795177	0.09842795177	0.98395749	0.98395749	0.6511037578	0.151516693	0.98395749	0.1181251867	0.09687932058	0.09113607361	0.5303949404	0.09529532126	0.5303949404	0.09842795177	0.9838222007	0.9837480299	0.4911907499	0.9892020063	0.9004711408	0.09842795177	0.1959723438	0.06651039178	0.1047321026	0.5317285562	0.1047321026	0.1320127762	0.1755978619	0.5349287834	0.1719430476	0.09687932058	0.09842795177	0.1619165166	0.08033222378	0.09687932058	0.1562036892	0.1261269216	0.1518414882	0.1918930771	0.4122439863	-0.01837366535	0.2066709153	0.01014302132	0.1190019248	0.4180397878	0.1634602625	0.1165533369	0.103905992	0.4180397878	0.1058000517	0.1643690931	0.1017294108	0.1320949036	0.1658158009	0.1320949036	0.4180397878	0.1165533369	0.1110312054	0.1672406003	0.1111845039	-0.2178174118	-0.2178174118	0.1700672808	0.415911433	0.08583097629	0.1110312054	0.07461719435	0.1098423324	0.08890730152	0.5218375584	0.5198008374	0.06859811296	0.869065614	0.06859811296	0.1059867263	0.09072095205	0.001356147291	0.1059867263	0.1099899107	0.02815120431	0.7874369281	0.1505087921	0.1505087921	0.04682379581	0.04682379581	0.1505087921	0.06007048811	0.1059867263	0.7175080027	0.7830046937	0.7874369281	0.419563247	0.0865496079	0.1505087921	0.1059867263	0.1961035169	0.1171708824	0.04682379581	0.1752966058	0.141346976	0.4468484787	0.06155686117	0.419563247	0.7661379798	0.8469353027	0.141346976	0.8469353027	0.7777401063	0.7777401063	0.05743026687	0.05743026687	-0.02226315872	0.09357867505	0.5581869482	0.01153035412	0.7277117716	0.0465997871	0.04582428318	0.03375945575	0.04042230035	0.03552877849	0.02935160428	0.5277544125	0.5559951849	0.03691179697	0.6398251562	0.4676553679	0.03691179697	0.04538295342	0.6423695477	0.1518667406	0.03076759167	0.05254208084	0.1429852072	0.01350464403	0.03099391412	0.5678860728	0.09842795177	0.05069438232	0.03076759167	0.05417313762	0.05592304545	0.06328957804	0.04538295342	0.06782192917	0.07355244305	0.07776889708	0.09072095205
chr11_2080612_C_T	-0.03298058063	0.09988498572	-0.2176490805	-0.2614648896	0.2703255777	0.2734140882	-0.2561731471	-0.1435093928	-0.2561731471	-0.2561731471	-0.2561731471	-0.1827364611	0.273922436	-0.1370917295	-0.01511297486	-0.1844873847	-0.06530659455	0.2317732107	0.2276083491	0.2276083491	0.003086786062	0.2276083491	-0.2598088666	-0.2598088666	-0.09465570608	0.0895981481	-0.1254749663	0.8131205525	0.8982740733	-0.5410013693	-0.5410013693	-0.5410013693	0.1276193213	0.007748214	-0.1652235034	0.1276193213	0.01946316638	-0.08212211748	-0.08212211748	0.1276193213	0.1276193213	0.1187340511	0.9084851775	0.1276193213	-0.1590227908	-0.1652235034	0.1276193213	0.01946316638	0.8521873557	0.9895839587	0.9895839587	0.9896100483	-0.1180163601	-0.5580108815	-0.1021860839	-0.02068183891	-0.09215070773	0.1322162423	-0.02068183891	0.3253001167	0.1336512629	-0.09215070773	0.1322162423	-0.002736967603	0.1306304888	1	-0.6500144127	0.9948192004	-0.1217709757	0.1367807139	0.1292390781	0.007748214	-0.09566064208	0.7550270991	-0.002736967603	0.007748214	0.007748214	0.1367807139	0.1367807139	-0.6595524161	-0.1197771025	0.1367807139	-0.1142083939	-0.09376756403	-0.04246245311	-0.5641119966	-0.03667048676	-0.5641119966	0.007748214	0.1429432746	0.1382593752	-0.5107246264	0.1352625974	0.1382374696	0.007748214	0.7160354316	-0.1145218951	-0.1183881277	-0.5504499453	-0.1183881277	0.9790028789	0.8199368628	-0.5534950028	0.8102627784	-0.09376756403	0.007748214	0.8327243673	-0.077630258	-0.09376756403	0.8210597412	0.9896921487	-0.09214235749	0.7541338451	-0.5685640638	-0.1060711044	0.7660792683	0.3253001167	-0.0002494381946	-0.5594939538	0.8673335116	0.9527310845	-0.002736967603	-0.5594939538	-0.03837482577	0.8222952538	-0.04987347073	0.9423027067	0.8199368628	0.9423027067	-0.5594939538	0.9527310845	-0.08229201586	0.8106030827	-0.04623409668	-0.06119102339	-0.06119102339	0.8070824516	-0.5565290173	-0.106358203	-0.08229201586	0.02619237755	0.001030624662	0.01774249417	-0.5875404588	-0.5856308251	-0.01148515218	0.1016793464	-0.01148515218	-0.07664086524	-0.06300799768	-0.1156561762	-0.07664086524	-0.01746573201	-0.02672140469	0.09813764712	0.9162542678	0.9162542678	-0.04514651006	-0.04514651006	0.9162542678	-0.004427174861	-0.07664086524	0.1226219746	0.1010744871	0.09813764712	-0.5520827956	-0.006176761326	0.9162542678	-0.07664086524	0.7704852171	-0.05875709223	-0.04514651006	0.7946462689	0.9119848972	-0.5599801708	-0.04287902543	-0.5520827956	0.08418450603	0.09548969347	0.9119848972	0.09548969347	0.09017396212	0.09017396212	0.004276613226	0.004276613226	0.06033218801	0.01771534208	0.03030751324	-0.02719644971	0.1312836301	-0.02777256593	-0.07072782694	-0.1384812673	-0.05975784717	-0.05301203504	0.1841395967	-0.173624106	-0.1711363743	-0.05507561919	-0.1124719539	-0.1336817352	-0.05507561919	0.331731296	-0.1065880641	-0.166596626	-0.0291011227	0.1473848414	-0.2360670407	-0.01225630434	-0.04965992647	-0.1061260296	0.007748214	-0.02608869649	-0.0291011227	-0.1852664735	-0.077630258	-0.06119102339	-0.07479950441	0.4193404292	0.1386395316	0.08736985028	0.06051615596
chr11_2081637_C_CT	0.03598137649	-0.06989524632	0.325108189	0.3603331672	-0.03678880891	-0.03762140151	0.3584912994	0.1759137938	0.3584912994	0.3584912994	0.3584912994	0.2737289333	-0.0412459709	0.1748543359	0.4356393074	0.2771862235	0.1408520155	-0.03379837951	-0.01776475721	-0.01776475721	0.06607669758	-0.01776475721	0.3987113622	0.3987113622	0.1357508747	0.6198597291	0.1885301349	-0.5057054739	-0.5737780429	0.8206027445	0.8206027445	0.8206027445	0.6398617816	0.04581082407	0.2284008158	0.6398617816	0.03086062782	0.1618115647	0.1618115647	0.6398617816	0.6398617816	0.6425445687	-0.5753526169	0.6398617816	0.2277374024	0.2284008158	0.6398617816	0.03086062782	-0.5419945683	-0.6578891116	-0.6578891116	-0.6390612683	0.1887168189	0.8481656375	0.1252596874	0.07566053573	0.1626568771	0.6441284314	0.07566053573	-0.2324648208	0.6270215538	0.1626568771	0.6441284314	0.05936442285	0.6414348384	-0.6500144127	1	-0.6515615554	0.1826435307	0.6330185652	0.6425445687	0.04581082407	0.09793002391	-0.4496120138	0.05936442285	0.04581082407	0.04581082407	0.6330185652	0.6330185652	0.9852449634	0.1534952572	0.6330185652	0.1827789458	0.1494483477	0.002687635632	0.845806416	0.08329180557	0.845806416	0.04581082407	0.6206080706	0.6237736693	0.7775494935	0.6302440335	0.5674400366	0.04581082407	-0.3917577624	0.1328978189	0.1755888723	0.8369090289	0.1755888723	-0.6409765915	-0.4839708604	0.8413620614	-0.5143608543	0.1494483477	0.04581082407	-0.5034664192	0.1244744486	0.1494483477	-0.4991620926	-0.6531245875	0.1929261423	-0.4539675326	0.755707972	0.07181125284	-0.4517455798	-0.2324648208	0.07235162473	0.7534285121	-0.5309085722	-0.6333775874	0.05936442285	0.7534285121	0.1164644436	-0.4941310263	0.1219811178	-0.6142913894	-0.4912255103	-0.6142913894	0.7534285121	-0.6333775874	0.07438043736	-0.482981891	0.1264992466	-0.1366063754	-0.1366063754	-0.4780862504	0.7491363263	0.1504795941	0.07438043736	0.0415304067	0.08859154179	0.01879038478	0.822196193	0.819114474	0.06729297384	0.5590509398	0.06729297384	0.06391806839	0.0469891854	0.0941639738	0.06391806839	0.06052811283	0.04581082407	0.5148034558	-0.5804639722	-0.5804639722	0.0730176492	0.0730176492	-0.5804639722	0.0426263796	0.06391806839	0.4710712656	0.5091351715	0.5148034558	0.7482924604	0.0730176492	-0.5804639722	0.06391806839	-0.4578771798	0.1013407654	0.0730176492	-0.4649917876	-0.5838804543	0.7648774898	0.08721374691	0.7482924604	0.5104296621	0.5476073975	-0.5838804543	0.5476073975	0.5141741518	0.5141741518	0.04599751774	0.04599751774	0.005532703283	0.06315568836	0.4095606975	0.03735938612	0.4306309719	0.01602922068	0.01214992363	0.1328768558	0.01744447539	0.01470946857	-0.110273975	0.5108737073	0.5308447517	-8.859165098e-05	0.5539104951	0.4682249125	-8.859165098e-05	-0.2118908884	0.5510759328	0.2319518665	0.02872692659	-0.06269018864	0.3016306141	0.0008857175398	0.005543670982	0.498631248	0.04581082407	-0.003457697298	0.02872692659	0.1916176082	0.1063719198	0.09793002391	0.07181125284	-0.2752657215	-0.08637562472	-0.04689619877	0.00963466688
chr11_2081917_A_G	-0.03454088829	0.09855727874	-0.213378256	-0.2581647891	0.2645881875	0.2675528351	-0.2529039109	-0.1457199052	-0.2529039109	-0.2529039109	-0.2529039109	-0.1774833203	0.2681218004	-0.1392654497	-0.02060997062	-0.1794382296	-0.06642595689	0.2258663311	0.2215513018	0.2215513018	0.0004153737697	0.2215513018	-0.2583433552	-0.2583433552	-0.09572072974	0.09292369865	-0.1269807473	0.8083112267	0.8928876784	-0.5337458968	-0.5337458968	-0.5337458968	0.1306416953	0.006840650358	-0.1674648648	0.1306416953	0.01858473321	-0.08343419861	-0.08343419861	0.1306416953	0.1306416953	0.1217626358	0.9032449178	0.1306416953	-0.1612272984	-0.1674648648	0.1306416953	0.01858473321	0.8473119199	0.9844237337	0.9844237337	0.984496863	-0.1194782972	-0.5510324824	-0.1037600826	-0.02195702251	-0.09337579379	0.1352418934	-0.02195702251	0.3235363918	0.1367690817	-0.09337579379	0.1352418934	-0.00367347902	0.1336707059	0.9948192004	-0.6515615554	1	-0.1232549236	0.1397499719	0.1322469124	0.006840650358	-0.09636394417	0.7581336556	-0.00367347902	0.006840650358	0.006840650358	0.1397499719	0.1397499719	-0.6612176855	-0.1216552495	0.1397499719	-0.1156481334	-0.09484778736	-0.04362693904	-0.5646542978	-0.03771921796	-0.5646542978	0.006840650358	0.1458878488	0.1412607321	-0.5105931832	0.1382461004	0.1415259137	0.006840650358	0.7187306391	-0.1161589323	-0.1197409068	-0.5510765264	-0.1197409068	0.9843351029	0.8240854968	-0.5540867802	0.8141891299	-0.09484778736	0.006840650358	0.8366530411	-0.07864767872	-0.09484778736	0.8250748222	0.9948393875	-0.09396976684	0.7575744861	-0.5690885112	-0.1068509448	0.769441014	0.3235363918	-0.001327709248	-0.5600837807	0.8719649373	0.9583462941	-0.00367347902	-0.5600837807	-0.03999407724	0.8263889026	-0.05144028973	0.9480342756	0.8240854968	0.9480342756	-0.5600837807	0.9583462941	-0.08337053349	0.8145599423	-0.04785664571	-0.06196241266	-0.06196241266	0.811015019	-0.5570492336	-0.1073581639	-0.08337053349	0.02501023417	-0.0004628649999	0.01666143818	-0.5891539293	-0.5872279049	-0.01292132506	0.104634235	-0.01292132506	-0.07769167018	-0.06416252642	-0.1165064865	-0.07769167018	-0.01938217312	-0.02756088115	0.1012952669	0.9218150621	0.9218150621	-0.04584191344	-0.04584191344	0.9218150621	-0.005942026479	-0.07769167018	0.1260444914	0.1042498311	0.1012952669	-0.5525840563	-0.006949140912	0.9218150621	-0.07769167018	0.7741905826	-0.06070338919	-0.04584191344	0.7985887187	0.9174322444	-0.5607840498	-0.04451880709	-0.5525840563	0.08728477566	0.09840939395	0.9174322444	0.09840939395	0.09330947314	0.09330947314	0.003016170438	0.003016170438	0.0617082761	0.01633228748	0.03483132933	-0.02869804258	0.1342970449	-0.02948494368	-0.07175038282	-0.1416209666	-0.06099806514	-0.05431443099	0.1824235817	-0.1686329189	-0.1662919102	-0.05642871313	-0.1085454405	-0.1282844876	-0.05642871313	0.3300866729	-0.1026258392	-0.1590776027	-0.03012240357	0.1452515007	-0.2388290165	-0.01322145529	-0.05098978616	-0.101577038	0.006840650358	-0.02732294986	-0.03012240357	-0.1870460356	-0.07864767872	-0.06196241266	-0.07564111497	0.4171186892	0.1358941952	0.08487716552	0.05911763231
chr11_2082061_G_A	0.09649246887	-0.02798811825	0.01537280494	0.003037838584	0.004387682314	0.000389659045	0.001712573969	0.006272956239	0.001712573969	0.001712573969	0.001712573969	-0.002618440837	0.001723211081	-0.008457347283	0.02537280963	-0.009877923254	0.5162778887	0.01248788648	0.07115537975	0.07115537975	0.02858086827	0.07115537975	0.01993360933	0.01993360933	0.7070830822	0.08972810838	0.9171889988	-0.119863043	-0.1034753506	-0.2856821978	-0.2856821978	-0.2856821978	0.1082721156	0.0007523795859	0.6855562024	0.1082721156	0.006852834081	0.8640035064	0.8640035064	0.1082721156	0.1082721156	0.1086407492	-0.1231229973	0.1082721156	0.658114103	0.6855562024	0.1082721156	0.006852834081	-0.1040533358	-0.1217709757	-0.1217709757	-0.1187975788	0.9638867903	-0.3029796046	-0.1024253211	-0.07590494662	0.8378047007	0.1101649855	-0.07590494662	-0.06466541985	0.03742981144	0.8378047007	0.1101649855	-0.004717865911	0.1098103947	-0.1217709757	0.1826435307	-0.1232549236	1	0.1071141632	0.1086407492	0.0007523795859	0.5229038122	0.4372256643	-0.004717865911	0.0007523795859	0.0007523795859	0.1071141632	0.1071141632	0.1775309022	0.829816622	0.1071141632	0.9759602189	0.7521843172	0.03181237135	-0.3021890653	0.06186973441	-0.3021890653	0.0007523795859	0.1051877418	0.1082721156	-0.2534781509	0.1067312839	0.05166430639	0.0007523795859	0.3674158889	-0.05581713109	0.9269344983	-0.3071586194	0.9269344983	-0.1230595148	0.3908385133	-0.3046589792	0.3761291746	0.7521843172	0.0007523795859	0.3784643147	-0.06752599927	0.7521843172	0.3822128236	-0.1247372203	0.7349114382	0.3663632409	-0.3119537896	-0.05706330275	0.3767737443	-0.06466541985	0.02519020432	-0.3037732299	0.1869253042	-0.1477907728	-0.004717865911	-0.3037732299	0.8673729492	0.3730193447	0.8541407239	-0.1449204981	0.3908385133	-0.1449204981	-0.3037732299	-0.1477907728	0.005318711218	0.4054197399	0.8963962403	0.0007523795859	0.0007523795859	0.4176804696	-0.2867487218	0.1072387077	0.005318711218	0.5301657342	0.7536727406	0.01837136113	-0.00557971516	-0.004282639954	0.6842118297	0.1005392322	0.6842118297	0.009807787937	0.001078480762	-0.06221980466	0.009807787937	0.557600487	0.4184735257	0.0563506676	-0.06808655243	-0.06808655243	0.4860359192	0.4860359192	-0.06808655243	0.6610772169	0.009807787937	0.05052495057	0.05792496135	0.0563506676	-0.2844054155	-0.04525220669	-0.06808655243	0.009807787937	0.2876594013	0.6803334366	0.4860359192	0.4020695449	-0.06895676334	-0.2973182391	0.8087890894	-0.2844054155	0.06440970505	0.09742365064	-0.06895676334	0.09742365064	0.06756410531	0.06756410531	0.5871916434	0.5871916434	-0.06520531399	0.4957089578	-0.2870807482	0.650176239	0.007320389973	0.4124446055	0.05539273894	-0.04705769198	0.1817939983	0.2449256732	0.06444917665	-0.1313372248	-0.1313112791	0.1620661453	0.1154031448	-0.2517905229	0.1620661453	-0.009692570563	0.1182892154	-0.05865741549	0.2437152268	0.4161945883	-0.06951163713	0.1797903582	0.1683321124	0.1420936344	0.0007523795859	0.1628597217	0.2437152268	0.01185363973	-0.06752599927	0.2618280959	0.2271610904	-0.08036849463	0.4885725257	0.4771617092	-0.0737680841
chr11_2082423_C_T	0.01746487752	-0.001645403613	0.1941643317	0.2076488301	0.2143618459	0.2157143942	0.210338784	0.09495362981	0.210338784	0.210338784	0.210338784	0.1665759384	0.211645237	0.1006488969	0.589247044	0.1686443453	0.1121693875	0.2207321672	0.2406142403	0.2406142403	0.08201698375	0.2406142403	0.2547764176	0.2547764176	0.07566148307	0.9153929329	0.1110035842	0.1414347045	0.131525906	0.51610852	0.51610852	0.51610852	0.9785525213	0.09667289046	0.1422537411	0.9785525213	0.09100954513	0.121362743	0.121362743	0.9785525213	0.9785525213	0.9734768668	0.1412794657	0.9785525213	0.1482413196	0.1422537411	0.9785525213	0.09100954513	0.1322160101	0.1157281933	0.1157281933	0.1413893998	0.1192651691	0.5333276227	0.08543963021	0.09391281884	0.1129022276	0.9894738858	0.09391281884	0.008919994205	0.9690655246	0.1129022276	0.9894738858	0.1020532521	0.98395749	0.1367807139	0.6330185652	0.1397499719	0.1071141632	1	0.9947092419	0.09667289046	0.02700416151	0.2169143747	0.1020532521	0.09667289046	0.09667289046	1	1	0.642465141	0.1480644572	1	0.1154169083	0.0947597805	0.0890835171	0.5164698969	0.09333557572	0.5164698969	0.09667289046	0.9893763233	0.9893051646	0.4710145171	0.9947105188	0.9065440777	0.09667289046	0.2245338858	0.08127675284	0.1022193925	0.517672249	0.1022193925	0.1488657265	0.1896168722	0.5209050425	0.1856180569	0.0947597805	0.09667289046	0.1851724336	0.07845171498	0.0947597805	0.1796044618	0.1427123275	0.1484930915	0.2134601889	0.3993922164	0.01238599638	0.2189303043	0.008919994205	0.1168800105	0.4050713097	0.1784227298	0.1338883621	0.1020532521	0.4050713097	0.1031683143	0.1783496844	0.09916298495	0.1494415936	0.1799194434	0.1494415936	0.4050713097	0.1338883621	0.1088139062	0.1808559379	0.1084871228	-0.2516707543	-0.2516707543	0.183619025	0.403085925	0.08386311335	0.1088139062	0.07282699468	0.1073817823	0.1133312166	0.5145138077	0.5125151244	0.06652740326	0.8756128508	0.06652740326	0.1038524352	0.08864097572	0.02940906088	0.1038524352	0.1070628158	0.02700416151	0.7941694933	0.1672839334	0.1672839334	0.04562423507	0.04562423507	0.1672839334	0.07585266708	0.1038524352	0.7247661319	0.7897833102	0.7941694933	0.4067634069	0.08500634843	0.1672839334	0.1038524352	0.2181591432	0.1277413395	0.04562423507	0.1980741238	0.1684267809	0.433244839	0.05927810831	0.4067634069	0.7731573368	0.8536768119	0.1579454155	0.8536768119	0.7846701053	0.7846701053	0.05566564558	0.05566564558	-0.02055646872	0.1096218358	0.5498236161	0.02748423329	0.7247296878	0.04440714492	0.04425093527	0.03001119311	0.03869722995	0.03379657797	0.02772835916	0.5192991689	0.5470479454	0.03511216758	0.6286765909	0.4529161031	0.03511216758	0.04398850185	0.6312617657	0.1578332346	0.0585660441	0.05022210614	0.1384792395	0.04398850185	0.02927984359	0.5583448934	0.09667289046	0.04895382264	0.0585660441	0.05153193403	0.05425371934	0.06183852598	0.04398850185	0.0658241926	0.08357100835	0.08833352324	0.08864097572
chr11_2082702_C_CA	0.01907223234	-0.0004997648599	0.1984698871	0.2124839447	0.2029688862	0.2042888856	0.215196678	0.09728235976	0.215196678	0.215196678	0.215196678	0.1703250194	0.2002839408	0.1029161483	0.5840965853	0.1724497083	0.1132046398	0.2163342316	0.2298740194	0.2298740194	0.08454494625	0.2298740194	0.2610660966	0.2610660966	0.0767740507	0.9206868696	0.1125517814	0.1335861628	0.1249375531	0.5240932799	0.5240932799	0.5240932799	0.9840005911	0.09737954644	0.144561576	0.9840005911	0.09167480339	0.122607766	0.122607766	0.9840005911	0.9840005911	0.9788104543	0.1344075799	0.9840005911	0.150487457	0.144561576	0.9840005911	0.09167480339	0.1245146776	0.1082290242	0.1082290242	0.1337480494	0.120737507	0.5415768238	0.0870618442	0.09505328598	0.1140964231	0.9947302932	0.09505328598	0.01003498293	0.974187609	0.1140964231	0.9947302932	0.1027992373	0.9893484999	0.1292390781	0.6425445687	0.1322469124	0.1086407492	0.9947092419	1	0.09737954644	0.02785135176	0.2118304136	0.1027992373	0.09737954644	0.09737954644	0.9947092419	0.9947092419	0.6521744888	0.1499028129	0.9947092419	0.1168669763	0.09584741049	0.09016533771	0.5247454387	0.09428028314	0.5247454387	0.09737954644	0.9841196378	0.9840005911	0.4784549283	0.9894190655	0.9011163789	0.09737954644	0.2112470284	0.08299569041	0.1036165486	0.5260648494	0.1036165486	0.1412228297	0.1834053486	0.5292309895	0.1796585352	0.09584741049	0.09737954644	0.1696792457	0.07947656509	0.09584741049	0.1640428699	0.135247441	0.1502241485	0.1989482505	0.4078529694	0.01336079932	0.2135623368	0.01003498293	0.1177343758	0.4135870369	0.1716512984	0.1260421502	0.1027992373	0.4135870369	0.1046731225	0.1722117458	0.10064584	0.1414672386	0.1737274812	0.1414672386	0.4135870369	0.1260421502	0.1098485565	0.1748745134	0.1100002222	-0.250261427	-0.250261427	0.1776636026	0.4114813524	0.08491674764	0.1098485565	0.0738224093	0.1086723468	0.08796030539	0.5162792056	0.5142641787	0.06786744015	0.8706575904	0.06786744015	0.1048578087	0.08975463783	0.03043987066	0.1048578087	0.1088183532	0.02785135176	0.7891807205	0.1594981568	0.1594981568	0.04632505214	0.04632505214	0.1594981568	0.0594306473	0.1048578087	0.719600796	0.7847796118	0.7891807205	0.415094269	0.08562772474	0.1594981568	0.1048578087	0.2032257078	0.1159228367	0.04632505214	0.182766907	0.1503016412	0.4420888721	0.06090118826	0.415094269	0.7682967556	0.8488137145	0.1398414187	0.8488137145	0.7797387324	0.7797387324	0.05681854838	0.05681854838	-0.02202602268	0.1107629783	0.5522414199	0.01140753855	0.7199605496	0.04610342946	0.04533618582	0.0333998669	0.03999174222	0.0351503437	0.02903896567	0.5221330364	0.5500730021	0.03651863096	0.6330100585	0.4626741367	0.03651863096	0.04489955689	0.6355273485	0.150249132	0.03043987066	0.05198242886	0.1414622003	0.01336079932	0.03066378244	0.5618372343	0.09737954644	0.05015441111	0.03043987066	0.05359611244	0.05532738113	0.0626154491	0.04489955689	0.06709952389	0.0727689992	0.07694054167	0.08975463783
chr11_2082751_A_G	0.3151495236	-0.03373412703	-0.1105662099	-0.0492778499	-0.02223806275	-0.02453155794	-0.0500113237	0.04855454421	-0.0500113237	-0.0500113237	-0.0500113237	-0.09101206298	-0.02366284214	0.05113680023	0.1169981467	-0.09328683836	0.1139412135	-0.007424051681	0.01550703247	0.01550703247	0.1992507802	0.01550703247	0.07938358982	0.07938358982	-0.03736265137	-0.14077954	0.1028761647	-0.02471476217	-0.04234371957	-0.1412179779	-0.1412179779	-0.1412179779	0.09771796804	0.885930309	0.04478671756	0.09771796804	0.9414174408	0.01882983749	0.01882983749	0.09771796804	0.09771796804	0.09737954644	-0.03675207152	0.09771796804	0.04728498222	0.04478671756	0.09771796804	0.9414174408	-0.02530212367	-0.02672140469	-0.02672140469	-0.02503501234	0.05483793937	-0.1501741629	0.005383682784	-0.03927378725	-0.04199164873	0.09808673761	-0.03927378725	-0.03345837202	0.1009218427	-0.04199164873	0.09808673761	0.9472788809	0.09842795177	0.007748214	0.04581082407	0.006840650358	0.0007523795859	0.09667289046	0.09737954644	1	-0.02662721893	0.2817597684	0.9472788809	1	1	0.09667289046	0.09667289046	0.06904277424	0.4235322593	0.09667289046	0.003527921741	-0.03776389383	0.7187228743	-0.1748346054	0.7958312772	-0.1748346054	1	0.09629953388	0.09771796804	-0.1739163339	0.09700851243	-0.2296045704	1	0.008701368412	0.05722986243	0.009699959193	-0.1775547917	0.009699959193	0.007830202965	0.01336110435	-0.1761864115	0.03963131668	-0.03776389383	1	0.01067586867	-0.03493845721	-0.03776389383	0.01231091722	0.005936864917	0.07603529555	0.0874184408	-0.2237633891	-0.02952497975	0.08580980294	-0.03345837202	0.8271122668	-0.2256039647	-0.006198638185	0.01248032938	0.9472788809	-0.2256039647	0.002126679089	0.01324453155	0.003527921741	0.01437213442	0.01336110435	0.01437213442	-0.2256039647	0.01248032938	0.1309592652	0.0113960114	-0.0005828634934	-0.02662721893	-0.02662721893	0.01058630898	-0.2222483666	-0.03611084586	0.1309592652	-0.03373412703	-0.04450869163	0.8284501478	0.04696321928	0.04767764272	-0.04353598751	0.05857722533	-0.04353598751	0.1370279298	0.125342348	-0.03219299242	0.1370279298	0.03937647067	-0.02662721893	-0.2656559813	0.0114186177	0.0114186177	-0.02341383029	-0.02341383029	0.0114186177	0.01296677378	0.1370279298	-0.3059080084	-0.264373389	-0.2656559813	-0.2207518198	0.1055480603	0.0114186177	0.1370279298	0.03510112808	0.02799887377	-0.02341383029	-0.01933674223	0.0103858024	0.01966246757	-0.05146276367	-0.2207518198	-0.2749798242	0.05699585407	0.0103858024	0.05699585407	-0.2722551359	-0.2722551359	-0.03736265137	-0.03736265137	-0.220060446	-0.04022951596	-0.2380103842	-0.04641442108	-0.00142787433	-0.05273872651	0.05446801955	-0.03640535083	0.03050267104	0.02276880509	-0.0403556202	-0.114622197	0.04901480211	0.09093648503	0.01855705086	-0.2370913523	0.09093648503	0.07396156544	0.02011566608	0.04221783269	0.3497204561	-0.05497624996	-0.09633973743	0.384421201	0.02584438204	0.04086702155	0.771860618	-0.03837104686	0.3497204561	-0.06402751409	-0.03493845721	0.315581854	0.384421201	0.02812394422	0.01241670679	0.1087288221	-0.0381681586
chr11_2082869_C_T	0.2112474954	-0.03373412703	-0.02612055728	0.03013119305	-0.1552830244	-0.1587973403	0.02947232206	0.08954828348	0.02947232206	0.02947232206	0.02947232206	-0.03176030716	-0.1569583977	0.05113680023	-0.008305423996	-0.03501405184	-0.03725420173	-0.1315756629	-0.08897724458	-0.08897724458	0.1195963784	-0.08897724458	0.1048656487	0.1048656487	0.2245533087	0.03443746279	0.4650300835	-0.09559098094	-0.07506815318	-0.1412179779	-0.1412179779	-0.1412179779	0.02729608868	-0.02662721893	0.3280860325	0.02729608868	-0.0250673283	0.08165631449	0.08165631449	0.02729608868	0.02729608868	0.02785135176	-0.06979085085	0.02729608868	0.3329944892	0.3280860325	0.02729608868	-0.0250673283	-0.0602815536	-0.09566064208	-0.09566064208	-0.09425532536	0.5292392819	-0.1501741629	-0.05299562741	-0.03927378725	0.0875292589	0.02869611997	-0.03927378725	-0.03345837202	-0.002381636406	0.0875292589	0.02869611997	-0.0281091656	0.02815120431	-0.09566064208	0.09793002391	-0.09636394417	0.5229038122	0.02700416151	0.02785135176	-0.02662721893	1	0.1950324121	-0.0281091656	-0.02662721893	-0.02662721893	0.02700416151	0.02700416151	0.09531233856	0.4235322593	0.02700416151	0.5357839409	0.03156981601	-0.03725420173	-0.1497549824	-0.03345837202	-0.1497549824	-0.02662721893	0.02557797143	0.02729608868	-0.1246719701	0.02643837865	0.03910634336	-0.02662721893	0.1796093782	0.05722986243	0.5231401721	-0.1522730876	0.5231401721	-0.09667289046	0.203894113	-0.1510065578	0.1962607801	0.03156981601	-0.02662721893	0.1974587139	-0.03493845721	0.03156981601	0.1994009147	-0.09706774139	0.4840391237	0.236700916	-0.1988209233	-0.02952497975	0.2349881678	-0.03345837202	-0.03219299242	-0.2006009063	-0.07137825789	-0.09314587292	-0.0281091656	-0.2006009063	0.4765280216	0.20211518	0.482558339	-0.0917370282	0.203894113	-0.0917370282	-0.2006009063	-0.09314587292	0.1309592652	0.1967592593	0.505051217	-0.02662721893	-0.02662721893	0.226671557	-0.1974029468	-0.03611084586	0.1309592652	0.04755574853	0.07384008995	-0.0312155259	-0.1606321577	-0.1600980813	0.1363091038	0.02297950696	0.1363091038	0.1370279298	0.125342348	-0.03219299242	0.1370279298	0.1857725634	0.657790927	0.0002874027927	-0.05809472166	-0.05809472166	0.7503575135	0.7503575135	-0.05809472166	0.1298361374	0.1370279298	-0.05035560656	0.001147786059	0.0002874027927	-0.1960019389	-0.02341383029	-0.05809472166	0.1370279298	0.06532468005	0.4309504074	0.7503575135	0.1951333348	-0.05825940585	-0.210322125	0.4184735257	-0.1960019389	0.02976183335	0.02123172864	-0.05825940585	0.02123172864	0.0314065746	0.0314065746	0.02811633865	0.02811633865	-0.08771906858	0.01942707395	-0.2380103842	0.4154007507	-0.1335538456	0.1077905551	0.1436208629	-0.003678260835	0.3146483583	0.411331528	0.03744104763	-0.0583250953	-0.03645321966	0.2927805808	0.01855705086	-0.2110727884	0.2927805808	-0.02952497975	0.02011566608	-0.02672140469	0.1587637318	0.05372323002	-0.05992373646	-0.02952497975	0.2996764604	0.01132357055	0.08744247206	0.2575123589	0.1587637318	-0.01465518656	-0.03493845721	0.2015121631	0.1774481106	-0.04158326039	0.1416746244	0.1087288221	-0.0381681586
chr11_2082990_C_T	0.1183055867	0.05022754311	-0.2125747581	-0.2268260297	0.1932717278	0.1990068916	-0.2234979901	-0.09437106512	-0.2234979901	-0.2234979901	-0.2234979901	-0.1817114159	0.1940057031	-0.09579373075	0.0560308685	-0.188774567	0.2494537094	0.2165545235	0.2466746888	0.2466746888	0.07679250325	0.2466746888	-0.1787400108	-0.1787400108	0.2921030648	0.08305314013	0.4270189391	0.5913884731	0.6798740385	-0.6719256364	-0.6719256364	-0.6719256364	0.2014120303	0.2817597684	0.251276928	0.2014120303	0.282263278	0.4018673856	0.4018673856	0.2014120303	0.2014120303	0.1942096169	0.6638672879	0.2014120303	0.2425042322	0.251276928	0.2014120303	0.282263278	0.6327341063	0.737555564	0.737555564	0.7400824113	0.4343347811	-0.7005748331	-0.1263782309	-0.06018548986	0.364101865	0.2067740478	-0.06018548986	0.2191206184	0.1693565192	0.364101865	0.2067740478	0.2821821688	0.2052057645	0.7550270991	-0.4496120138	0.7581336556	0.4372256643	0.2169143747	0.2118304136	0.2817597684	0.1950324121	1	0.2821821688	0.2817597684	0.2817597684	0.2169143747	0.2169143747	-0.42236405	0.5494498906	0.2169143747	0.4314590135	0.3176037354	0.3260897759	-0.7177179394	0.2891773026	-0.7177179394	0.2817597684	0.2206830775	0.219259317	-0.6513255342	0.2154945155	0.07371823158	0.2817597684	0.8045936526	-0.09950886247	0.4030358437	-0.7103357006	0.4030358437	0.7541883326	0.8995810087	-0.7108394506	0.9284102134	0.3176037354	0.2817597684	0.9022467919	-0.121186309	0.3176037354	0.895395288	0.7612535936	0.3319921821	0.8837711586	-0.7327566265	-0.1101231318	0.898691573	0.2191206184	0.311080148	-0.721516504	0.8248411345	0.7209183573	0.2821821688	-0.721516504	0.4343347811	0.8917323551	0.4179698453	0.7147599491	0.8995810087	0.7147599491	-0.721516504	0.7209183573	0.04183963886	0.8990899086	0.4429673371	-0.06514965668	-0.06514965668	0.9025011882	-0.7080396655	-0.02954533536	0.04183963886	0.2974467979	0.3943248851	0.313366285	-0.4612241092	-0.4585139108	0.3458912203	0.1642619211	0.3458912203	0.05341722933	0.05164959129	-0.1244738992	0.05341722933	0.337123145	0.1950324121	0.04064337561	0.7339245328	0.7339245328	0.2187050041	0.2187050041	0.7339245328	0.367587085	0.05341722933	0.01931770058	0.04455431744	0.04064337561	-0.6960800557	-0.01007813757	0.7339245328	0.05341722933	0.835301422	0.3625429502	0.2187050041	0.8761305527	0.729346169	-0.6388490382	0.3842933292	-0.6960800557	0.0297007514	0.1564622405	0.72064766	0.1564622405	0.03767819794	0.03767819794	0.3086976561	0.3086976561	-0.1460961984	0.2829039041	-0.2163890275	0.3123304281	0.1329275235	0.2310872581	0.0657645247	-0.1635166927	0.1188615201	0.1507394965	0.1685261331	-0.2297205365	-0.1803792237	0.1566072892	-0.01014500939	-0.3344119203	0.1566072892	0.2832817419	-0.002794950829	-0.1622284894	0.2142903598	0.3246233015	-0.2695573128	0.2046007671	0.1328467699	0.01402522038	0.2528506497	0.1414917863	0.2142903598	-0.1580484298	-0.121186309	0.1661232934	0.1783737756	0.3202819512	0.4237499148	0.4018952708	0.01021049724
chr11_2083463_G_A	0.294299619	-0.03561161102	-0.0929476746	-0.03804899501	-0.03752069178	-0.01455779879	-0.03881016472	0.0382742856	-0.03881016472	-0.03881016472	-0.03881016472	-0.07105759667	-0.03905122181	0.04088350427	0.1235097173	-0.0738723571	0.1043216248	0.005268891289	0.02188505069	0.02188505069	0.1809094904	0.02188505069	0.07842165548	0.07842165548	-0.03944208207	-0.122719045	0.1413711757	-0.03357235624	-0.05160951783	-0.1384933892	-0.1384933892	-0.1384933892	0.1031564938	0.9472788809	0.03446220432	0.1031564938	0.8917848597	0.01324550778	0.01324550778	0.1031564938	0.1031564938	0.1027992373	-0.04577303291	0.1031564938	0.03699046793	0.03446220432	0.1031564938	0.8917848597	-0.03409556606	-0.03548620064	-0.03548620064	-0.03373562347	0.04676097843	-0.1479582665	-0.0004795295706	-0.04145958286	-0.04432870781	0.1035457874	-0.04145958286	-0.03532050877	0.1065386812	-0.04432870781	0.1035457874	1	0.103905992	-0.002736967603	0.05936442285	-0.00367347902	-0.004717865911	0.1020532521	0.1027992373	0.9472788809	-0.0281091656	0.2821821688	1	0.9472788809	0.9472788809	0.1020532521	0.1020532521	0.08120485434	0.4377636225	0.1020532521	-0.001894519647	-0.03986565582	0.7507431211	-0.1713273643	0.8401235299	-0.1713273643	0.9472788809	0.1016591163	0.1031564938	-0.1680001824	0.1024075532	-0.2388374623	0.9472788809	-0.005849350013	0.04850364102	0.004217414765	-0.1740922795	0.004217414765	-0.002765929263	0.0006955752836	-0.1727015011	0.02530233791	-0.03986565582	0.9472788809	-0.001875182739	-0.03688296859	-0.03986565582	-0.0001707514868	-0.004606453075	0.06591001785	0.07022102531	-0.2177855615	-0.03116820226	0.06853824483	-0.03532050877	0.8731454733	-0.2196837996	-0.01686470739	0.002024439885	1	-0.2196837996	-0.003319452172	0.0006895065366	-0.001894519647	0.003970549996	0.0006955752836	0.003970549996	-0.2196837996	0.002024439885	0.1205132798	-0.001015053202	-0.005953056077	-0.0281091656	-0.0281091656	-0.001859451861	-0.216257933	-0.03812060692	0.1205132798	-0.03561161102	-0.04698583757	0.7838067494	0.06053443108	0.06129813522	-0.04595899728	0.06559525228	-0.04595899728	0.1264015264	0.115057244	-0.03398470405	0.1264015264	0.03126506011	-0.0281091656	-0.241838777	0.001046805561	0.001046805561	-0.02471693475	-0.02471693475	0.001046805561	0.007519755522	0.1264015264	-0.2790949408	-0.2405460863	-0.241838777	-0.1912340853	0.09780844179	0.001046805561	0.1264015264	0.02110186609	0.02010431736	-0.02471693475	-0.03011606986	9.397566571e-05	0.03694241944	-0.05432694079	-0.1912340853	-0.2509647649	0.06394343613	9.397566571e-05	0.06394343613	-0.2482277728	-0.2482277728	-0.03944208207	-0.03944208207	-0.2043666067	-0.04246850296	-0.2116910906	-0.04899763102	0.008953618296	-0.05567391776	0.04808798775	-0.04534120806	0.02470130954	0.01719953863	-0.04260162558	-0.09425788229	0.0607652144	0.08179239878	0.02930081798	-0.2090867963	0.08179239878	0.0671533085	0.03093076	0.03001226544	0.3288673669	-0.05803597132	-0.06710308637	0.3621178408	0.02005595233	0.05249779959	0.7305259816	-0.04050660015	0.3288673669	-0.02068284188	-0.03688296859	0.2970201832	0.3621178408	0.02233051342	0.004010975388	0.0959930306	-0.04029242008
chr11_2083657_C_G	0.3151495236	-0.03373412703	-0.1105662099	-0.0492778499	-0.02223806275	-0.02453155794	-0.0500113237	0.04855454421	-0.0500113237	-0.0500113237	-0.0500113237	-0.09101206298	-0.02366284214	0.05113680023	0.1169981467	-0.09328683836	0.1139412135	-0.007424051681	0.01550703247	0.01550703247	0.1992507802	0.01550703247	0.07938358982	0.07938358982	-0.03736265137	-0.14077954	0.1028761647	-0.02471476217	-0.04234371957	-0.1412179779	-0.1412179779	-0.1412179779	0.09771796804	0.885930309	0.04478671756	0.09771796804	0.9414174408	0.01882983749	0.01882983749	0.09771796804	0.09771796804	0.09737954644	-0.03675207152	0.09771796804	0.04728498222	0.04478671756	0.09771796804	0.9414174408	-0.02530212367	-0.02672140469	-0.02672140469	-0.02503501234	0.05483793937	-0.1501741629	0.005383682784	-0.03927378725	-0.04199164873	0.09808673761	-0.03927378725	-0.03345837202	0.1009218427	-0.04199164873	0.09808673761	0.9472788809	0.09842795177	0.007748214	0.04581082407	0.006840650358	0.0007523795859	0.09667289046	0.09737954644	1	-0.02662721893	0.2817597684	0.9472788809	1	1	0.09667289046	0.09667289046	0.06904277424	0.4235322593	0.09667289046	0.003527921741	-0.03776389383	0.7187228743	-0.1748346054	0.7958312772	-0.1748346054	1	0.09629953388	0.09771796804	-0.1739163339	0.09700851243	-0.2296045704	1	0.008701368412	0.05722986243	0.009699959193	-0.1775547917	0.009699959193	0.007830202965	0.01336110435	-0.1761864115	0.03963131668	-0.03776389383	1	0.01067586867	-0.03493845721	-0.03776389383	0.01231091722	0.005936864917	0.07603529555	0.0874184408	-0.2237633891	-0.02952497975	0.08580980294	-0.03345837202	0.8271122668	-0.2256039647	-0.006198638185	0.01248032938	0.9472788809	-0.2256039647	0.002126679089	0.01324453155	0.003527921741	0.01437213442	0.01336110435	0.01437213442	-0.2256039647	0.01248032938	0.1309592652	0.0113960114	-0.0005828634934	-0.02662721893	-0.02662721893	0.01058630898	-0.2222483666	-0.03611084586	0.1309592652	-0.03373412703	-0.04450869163	0.8284501478	0.04696321928	0.04767764272	-0.04353598751	0.05857722533	-0.04353598751	0.1370279298	0.125342348	-0.03219299242	0.1370279298	0.03937647067	-0.02662721893	-0.2656559813	0.0114186177	0.0114186177	-0.02341383029	-0.02341383029	0.0114186177	0.01296677378	0.1370279298	-0.3059080084	-0.264373389	-0.2656559813	-0.2207518198	0.1055480603	0.0114186177	0.1370279298	0.03510112808	0.02799887377	-0.02341383029	-0.01933674223	0.0103858024	0.01966246757	-0.05146276367	-0.2207518198	-0.2749798242	0.05699585407	0.0103858024	0.05699585407	-0.2722551359	-0.2722551359	-0.03736265137	-0.03736265137	-0.220060446	-0.04022951596	-0.2380103842	-0.04641442108	-0.00142787433	-0.05273872651	0.05446801955	-0.03640535083	0.03050267104	0.02276880509	-0.0403556202	-0.114622197	0.04901480211	0.09093648503	0.01855705086	-0.2370913523	0.09093648503	0.07396156544	0.02011566608	0.04221783269	0.3497204561	-0.05497624996	-0.09633973743	0.384421201	0.02584438204	0.04086702155	0.771860618	-0.03837104686	0.3497204561	-0.06402751409	-0.03493845721	0.315581854	0.384421201	0.02812394422	0.01241670679	0.1087288221	-0.0381681586
chr11_2083658_C_T	0.3151495236	-0.03373412703	-0.1105662099	-0.0492778499	-0.02223806275	-0.02453155794	-0.0500113237	0.04855454421	-0.0500113237	-0.0500113237	-0.0500113237	-0.09101206298	-0.02366284214	0.05113680023	0.1169981467	-0.09328683836	0.1139412135	-0.007424051681	0.01550703247	0.01550703247	0.1992507802	0.01550703247	0.07938358982	0.07938358982	-0.03736265137	-0.14077954	0.1028761647	-0.02471476217	-0.04234371957	-0.1412179779	-0.1412179779	-0.1412179779	0.09771796804	0.885930309	0.04478671756	0.09771796804	0.9414174408	0.01882983749	0.01882983749	0.09771796804	0.09771796804	0.09737954644	-0.03675207152	0.09771796804	0.04728498222	0.04478671756	0.09771796804	0.9414174408	-0.02530212367	-0.02672140469	-0.02672140469	-0.02503501234	0.05483793937	-0.1501741629	0.005383682784	-0.03927378725	-0.04199164873	0.09808673761	-0.03927378725	-0.03345837202	0.1009218427	-0.04199164873	0.09808673761	0.9472788809	0.09842795177	0.007748214	0.04581082407	0.006840650358	0.0007523795859	0.09667289046	0.09737954644	1	-0.02662721893	0.2817597684	0.9472788809	1	1	0.09667289046	0.09667289046	0.06904277424	0.4235322593	0.09667289046	0.003527921741	-0.03776389383	0.7187228743	-0.1748346054	0.7958312772	-0.1748346054	1	0.09629953388	0.09771796804	-0.1739163339	0.09700851243	-0.2296045704	1	0.008701368412	0.05722986243	0.009699959193	-0.1775547917	0.009699959193	0.007830202965	0.01336110435	-0.1761864115	0.03963131668	-0.03776389383	1	0.01067586867	-0.03493845721	-0.03776389383	0.01231091722	0.005936864917	0.07603529555	0.0874184408	-0.2237633891	-0.02952497975	0.08580980294	-0.03345837202	0.8271122668	-0.2256039647	-0.006198638185	0.01248032938	0.9472788809	-0.2256039647	0.002126679089	0.01324453155	0.003527921741	0.01437213442	0.01336110435	0.01437213442	-0.2256039647	0.01248032938	0.1309592652	0.0113960114	-0.0005828634934	-0.02662721893	-0.02662721893	0.01058630898	-0.2222483666	-0.03611084586	0.1309592652	-0.03373412703	-0.04450869163	0.8284501478	0.04696321928	0.04767764272	-0.04353598751	0.05857722533	-0.04353598751	0.1370279298	0.125342348	-0.03219299242	0.1370279298	0.03937647067	-0.02662721893	-0.2656559813	0.0114186177	0.0114186177	-0.02341383029	-0.02341383029	0.0114186177	0.01296677378	0.1370279298	-0.3059080084	-0.264373389	-0.2656559813	-0.2207518198	0.1055480603	0.0114186177	0.1370279298	0.03510112808	0.02799887377	-0.02341383029	-0.01933674223	0.0103858024	0.01966246757	-0.05146276367	-0.2207518198	-0.2749798242	0.05699585407	0.0103858024	0.05699585407	-0.2722551359	-0.2722551359	-0.03736265137	-0.03736265137	-0.220060446	-0.04022951596	-0.2380103842	-0.04641442108	-0.00142787433	-0.05273872651	0.05446801955	-0.03640535083	0.03050267104	0.02276880509	-0.0403556202	-0.114622197	0.04901480211	0.09093648503	0.01855705086	-0.2370913523	0.09093648503	0.07396156544	0.02011566608	0.04221783269	0.3497204561	-0.05497624996	-0.09633973743	0.384421201	0.02584438204	0.04086702155	0.771860618	-0.03837104686	0.3497204561	-0.06402751409	-0.03493845721	0.315581854	0.384421201	0.02812394422	0.01241670679	0.1087288221	-0.0381681586
chr11_2083709_C_T	0.01746487752	-0.001645403613	0.1941643317	0.2076488301	0.2143618459	0.2157143942	0.210338784	0.09495362981	0.210338784	0.210338784	0.210338784	0.1665759384	0.211645237	0.1006488969	0.589247044	0.1686443453	0.1121693875	0.2207321672	0.2406142403	0.2406142403	0.08201698375	0.2406142403	0.2547764176	0.2547764176	0.07566148307	0.9153929329	0.1110035842	0.1414347045	0.131525906	0.51610852	0.51610852	0.51610852	0.9785525213	0.09667289046	0.1422537411	0.9785525213	0.09100954513	0.121362743	0.121362743	0.9785525213	0.9785525213	0.9734768668	0.1412794657	0.9785525213	0.1482413196	0.1422537411	0.9785525213	0.09100954513	0.1322160101	0.1157281933	0.1157281933	0.1413893998	0.1192651691	0.5333276227	0.08543963021	0.09391281884	0.1129022276	0.9894738858	0.09391281884	0.008919994205	0.9690655246	0.1129022276	0.9894738858	0.1020532521	0.98395749	0.1367807139	0.6330185652	0.1397499719	0.1071141632	1	0.9947092419	0.09667289046	0.02700416151	0.2169143747	0.1020532521	0.09667289046	0.09667289046	1	1	0.642465141	0.1480644572	1	0.1154169083	0.0947597805	0.0890835171	0.5164698969	0.09333557572	0.5164698969	0.09667289046	0.9893763233	0.9893051646	0.4710145171	0.9947105188	0.9065440777	0.09667289046	0.2245338858	0.08127675284	0.1022193925	0.517672249	0.1022193925	0.1488657265	0.1896168722	0.5209050425	0.1856180569	0.0947597805	0.09667289046	0.1851724336	0.07845171498	0.0947597805	0.1796044618	0.1427123275	0.1484930915	0.2134601889	0.3993922164	0.01238599638	0.2189303043	0.008919994205	0.1168800105	0.4050713097	0.1784227298	0.1338883621	0.1020532521	0.4050713097	0.1031683143	0.1783496844	0.09916298495	0.1494415936	0.1799194434	0.1494415936	0.4050713097	0.1338883621	0.1088139062	0.1808559379	0.1084871228	-0.2516707543	-0.2516707543	0.183619025	0.403085925	0.08386311335	0.1088139062	0.07282699468	0.1073817823	0.1133312166	0.5145138077	0.5125151244	0.06652740326	0.8756128508	0.06652740326	0.1038524352	0.08864097572	0.02940906088	0.1038524352	0.1070628158	0.02700416151	0.7941694933	0.1672839334	0.1672839334	0.04562423507	0.04562423507	0.1672839334	0.07585266708	0.1038524352	0.7247661319	0.7897833102	0.7941694933	0.4067634069	0.08500634843	0.1672839334	0.1038524352	0.2181591432	0.1277413395	0.04562423507	0.1980741238	0.1684267809	0.433244839	0.05927810831	0.4067634069	0.7731573368	0.8536768119	0.1579454155	0.8536768119	0.7846701053	0.7846701053	0.05566564558	0.05566564558	-0.02055646872	0.1096218358	0.5498236161	0.02748423329	0.7247296878	0.04440714492	0.04425093527	0.03001119311	0.03869722995	0.03379657797	0.02772835916	0.5192991689	0.5470479454	0.03511216758	0.6286765909	0.4529161031	0.03511216758	0.04398850185	0.6312617657	0.1578332346	0.0585660441	0.05022210614	0.1384792395	0.04398850185	0.02927984359	0.5583448934	0.09667289046	0.04895382264	0.0585660441	0.05153193403	0.05425371934	0.06183852598	0.04398850185	0.0658241926	0.08357100835	0.08833352324	0.08864097572
chr11_2084014_C_T	0.01746487752	-0.001645403613	0.1941643317	0.2076488301	0.2143618459	0.2157143942	0.210338784	0.09495362981	0.210338784	0.210338784	0.210338784	0.1665759384	0.211645237	0.1006488969	0.589247044	0.1686443453	0.1121693875	0.2207321672	0.2406142403	0.2406142403	0.08201698375	0.2406142403	0.2547764176	0.2547764176	0.07566148307	0.9153929329	0.1110035842	0.1414347045	0.131525906	0.51610852	0.51610852	0.51610852	0.9785525213	0.09667289046	0.1422537411	0.9785525213	0.09100954513	0.121362743	0.121362743	0.9785525213	0.9785525213	0.9734768668	0.1412794657	0.9785525213	0.1482413196	0.1422537411	0.9785525213	0.09100954513	0.1322160101	0.1157281933	0.1157281933	0.1413893998	0.1192651691	0.5333276227	0.08543963021	0.09391281884	0.1129022276	0.9894738858	0.09391281884	0.008919994205	0.9690655246	0.1129022276	0.9894738858	0.1020532521	0.98395749	0.1367807139	0.6330185652	0.1397499719	0.1071141632	1	0.9947092419	0.09667289046	0.02700416151	0.2169143747	0.1020532521	0.09667289046	0.09667289046	1	1	0.642465141	0.1480644572	1	0.1154169083	0.0947597805	0.0890835171	0.5164698969	0.09333557572	0.5164698969	0.09667289046	0.9893763233	0.9893051646	0.4710145171	0.9947105188	0.9065440777	0.09667289046	0.2245338858	0.08127675284	0.1022193925	0.517672249	0.1022193925	0.1488657265	0.1896168722	0.5209050425	0.1856180569	0.0947597805	0.09667289046	0.1851724336	0.07845171498	0.0947597805	0.1796044618	0.1427123275	0.1484930915	0.2134601889	0.3993922164	0.01238599638	0.2189303043	0.008919994205	0.1168800105	0.4050713097	0.1784227298	0.1338883621	0.1020532521	0.4050713097	0.1031683143	0.1783496844	0.09916298495	0.1494415936	0.1799194434	0.1494415936	0.4050713097	0.1338883621	0.1088139062	0.1808559379	0.1084871228	-0.2516707543	-0.2516707543	0.183619025	0.403085925	0.08386311335	0.1088139062	0.07282699468	0.1073817823	0.1133312166	0.5145138077	0.5125151244	0.06652740326	0.8756128508	0.06652740326	0.1038524352	0.08864097572	0.02940906088	0.1038524352	0.1070628158	0.02700416151	0.7941694933	0.1672839334	0.1672839334	0.04562423507	0.04562423507	0.1672839334	0.07585266708	0.1038524352	0.7247661319	0.7897833102	0.7941694933	0.4067634069	0.08500634843	0.1672839334	0.1038524352	0.2181591432	0.1277413395	0.04562423507	0.1980741238	0.1684267809	0.433244839	0.05927810831	0.4067634069	0.7731573368	0.8536768119	0.1579454155	0.8536768119	0.7846701053	0.7846701053	0.05566564558	0.05566564558	-0.02055646872	0.1096218358	0.5498236161	0.02748423329	0.7247296878	0.04440714492	0.04425093527	0.03001119311	0.03869722995	0.03379657797	0.02772835916	0.5192991689	0.5470479454	0.03511216758	0.6286765909	0.4529161031	0.03511216758	0.04398850185	0.6312617657	0.1578332346	0.0585660441	0.05022210614	0.1384792395	0.04398850185	0.02927984359	0.5583448934	0.09667289046	0.04895382264	0.0585660441	0.05153193403	0.05425371934	0.06183852598	0.04398850185	0.0658241926	0.08357100835	0.08833352324	0.08864097572
chr11_2084913_T_C	0.03006516868	-0.07477437975	0.3164627354	0.3555771153	-0.04469651925	-0.04587298652	0.3536252933	0.177249527	0.3536252933	0.3536252933	0.3536252933	0.2673225006	-0.04938085798	0.1764553094	0.4541181624	0.2704665089	0.1372205284	-0.01198860038	0.002791065041	0.002791065041	0.06560466044	0.002791065041	0.3938231019	0.3938231019	0.1320644121	0.6220863722	0.18335364	-0.5138488178	-0.5846558835	0.804657193	0.804657193	0.804657193	0.6494104792	0.06904277424	0.2297575865	0.6494104792	0.05572408707	0.1574863155	0.1574863155	0.6494104792	0.6494104792	0.6521744888	-0.5855357858	0.6494104792	0.2293555965	0.2297575865	0.6494104792	0.05572408707	-0.5504937074	-0.6674905621	-0.6674905621	-0.6482988585	0.183765479	0.831300639	0.1329330005	0.08959890123	0.1585949593	0.6538774332	0.08959890123	-0.2386185106	0.6370555148	0.1585949593	0.6538774332	0.08120485434	0.6511037578	-0.6595524161	0.9852449634	-0.6612176855	0.1775309022	0.642465141	0.6521744888	0.06904277424	0.09531233856	-0.42236405	0.08120485434	0.06904277424	0.06904277424	0.642465141	0.642465141	1	0.207787141	0.642465141	0.1778932351	0.1458209113	0.1024011329	0.8289691312	0.1009022405	0.8289691312	0.06904277424	0.6297856558	0.6331927436	0.7577830005	0.6396074004	0.5701394235	0.06904277424	-0.3989030291	0.1398470307	0.1709457293	0.8196416917	0.1709457293	-0.6504872858	-0.4950990549	0.824310887	-0.4901889865	0.1458209113	0.06904277424	-0.5149193163	0.1210072849	0.1458209113	-0.5103855285	-0.6628987078	0.1868084507	-0.4319252581	0.7440182062	0.06861238362	-0.4299013369	-0.2386185106	0.09080385385	0.741511253	-0.5409826996	-0.6422895903	0.08120485434	0.741511253	0.1109309602	-0.5052780123	0.1166055538	-0.6228322898	-0.502412156	-0.6228322898	0.741511253	-0.6422895903	0.1476180793	-0.4941110109	0.1209747512	-0.1411137403	-0.1411137403	-0.4892726089	0.7375452309	0.1470719593	0.1476180793	0.03754903918	0.08361084011	0.05454319928	0.8421332185	0.8391244192	0.06226511664	0.5756041069	0.06226511664	0.1394806526	0.1177954789	0.09080385385	0.1394806526	0.09851913065	0.04277320992	0.5164361596	-0.5890160771	-0.5890160771	0.07061036723	0.07061036723	-0.5890160771	0.05060976557	0.1394806526	0.4447198234	0.5108363352	0.5164361596	0.7368444763	0.07061036723	-0.5890160771	0.1394806526	-0.4416081192	0.1355262764	0.07061036723	-0.4759161509	-0.5925255838	0.7637476493	0.08133223255	0.7368444763	0.5114186239	0.563887331	-0.5925255838	0.563887331	0.5154282768	0.5154282768	0.0415879047	0.0415879047	-0.06490725146	0.05851753033	0.393369749	0.03172208149	0.4465961754	0.05870282359	0.08993565806	0.1284522871	0.07783613828	0.06911129934	-0.1163256044	0.5262547377	0.54576677	0.07180157489	0.5654553268	0.4496529357	0.07180157489	-0.2173755697	0.5627898626	0.237458086	0.04682766783	-0.070229011	0.291735065	0.02094772473	0.06319818293	0.505609441	0.06904277424	0.05974537979	0.04682766783	0.1849697365	0.1027589025	0.09531233856	0.09244471306	-0.2667506187	-0.04689568444	-0.0049016187	0.02365676131
chr11_2085855_C_T	0.2074063657	-0.04842618642	-0.04492632047	-0.01869745029	-0.03779989388	-0.03268434787	-0.02034369627	0.03028555912	-0.02034369627	-0.02034369627	-0.02034369627	-0.04463522443	-0.0411486835	0.01960144961	0.1072075186	-0.05285315437	0.4687720187	0.03590453615	0.08965765362	0.08965765362	0.1204103048	0.08965765362	0.05747411317	0.05747411317	0.571716608	0.003094211072	0.8190259626	-0.1303511984	-0.1031791217	-0.3401010637	-0.3401010637	-0.3401010637	0.1496651008	0.4235322593	0.5874979643	0.1496651008	0.4091327619	0.724176332	0.724176332	0.1496651008	0.1496651008	0.1499028129	-0.1412077323	0.1496651008	0.5658548089	0.5874979643	0.1496651008	0.4091327619	-0.1172480949	-0.1331455987	-0.1331455987	-0.1294333231	0.8204980954	-0.361322876	-0.08032183355	-0.06217390883	0.6790815227	0.1517389963	-0.06217390883	-0.07929961198	0.092291026	0.6790815227	0.1517389963	0.4377636225	0.151516693	-0.1197771025	0.1534952572	-0.1216552495	0.829816622	0.1480644572	0.1499028129	0.4235322593	0.4235322593	0.5494498906	0.4377636225	0.4235322593	0.4235322593	0.1480644572	0.1480644572	0.207787141	1	0.1480644572	0.8111334762	0.6096354184	0.5567301426	-0.3700644222	0.4924814863	-0.3700644222	0.4235322593	0.1459545912	0.1496651008	-0.3294379056	0.1478111272	-0.07376909834	0.4235322593	0.2906688857	-0.02238486441	0.7727990722	-0.3761544928	0.7727990722	-0.1210445431	0.3094583847	-0.3730912472	0.3666133007	0.6096354184	0.4235322593	0.2976264909	-0.08280755855	0.6096354184	0.3019495343	-0.1235301504	0.6314819266	0.3718746104	-0.3873876689	-0.06997708786	0.3795184234	-0.07929961198	0.47914604	-0.3817056967	0.1327687789	-0.1388339209	0.4377636225	-0.3817056967	0.7182819544	0.2945500105	0.7079199389	-0.1351202041	0.3094583847	-0.1351202041	-0.3817056967	-0.1388339209	0.1728378398	0.3212269711	0.741627916	-0.01886898687	-0.01886898687	0.3310462402	-0.3650813138	0.09440420989	0.1728378398	0.4244786922	0.6059554344	0.4594685177	0.05539590473	0.05704058538	0.5478161336	0.1127557273	0.5478161336	0.1832022556	0.1631975839	-0.07630053866	0.1832022556	0.5433396143	0.3350520101	-0.07237769668	-0.07178880517	-0.07178880517	0.394649391	0.394649391	-0.07178880517	0.5721256142	0.1832022556	-0.1372429236	-0.07022251672	-0.07237769668	-0.3525571733	-0.005477237713	-0.07178880517	0.1832022556	0.2759503826	0.6355220543	0.394649391	0.3066898156	-0.07300214504	-0.2540211979	0.6475592684	-0.3525571733	-0.07099679629	0.1088858171	-0.07300214504	0.1088858171	-0.06659702449	-0.06659702449	0.4701366475	0.4701366475	-0.3048528391	0.3905262673	-0.3714484536	0.5168702586	0.03931827096	0.3938269104	0.1944057337	-0.07641215227	0.2620856264	0.3023367641	0.02504206193	-0.1297452	-0.05693332047	0.3141057398	0.1311920955	-0.3432937654	0.3141057398	0.01029415011	0.1347476994	-0.03956612554	0.3680567242	0.3123533332	-0.1012242666	0.331379102	0.2707065485	0.1579679554	0.3792921347	0.2533179591	0.3680567242	0.001434741139	-0.08280755855	0.3350520101	0.371514721	-0.04448671904	0.47689117	0.5088594941	-0.05875478523
chr11_2086132_G_A	0.01746487752	-0.001645403613	0.1941643317	0.2076488301	0.2143618459	0.2157143942	0.210338784	0.09495362981	0.210338784	0.210338784	0.210338784	0.1665759384	0.211645237	0.1006488969	0.589247044	0.1686443453	0.1121693875	0.2207321672	0.2406142403	0.2406142403	0.08201698375	0.2406142403	0.2547764176	0.2547764176	0.07566148307	0.9153929329	0.1110035842	0.1414347045	0.131525906	0.51610852	0.51610852	0.51610852	0.9785525213	0.09667289046	0.1422537411	0.9785525213	0.09100954513	0.121362743	0.121362743	0.9785525213	0.9785525213	0.9734768668	0.1412794657	0.9785525213	0.1482413196	0.1422537411	0.9785525213	0.09100954513	0.1322160101	0.1157281933	0.1157281933	0.1413893998	0.1192651691	0.5333276227	0.08543963021	0.09391281884	0.1129022276	0.9894738858	0.09391281884	0.008919994205	0.9690655246	0.1129022276	0.9894738858	0.1020532521	0.98395749	0.1367807139	0.6330185652	0.1397499719	0.1071141632	1	0.9947092419	0.09667289046	0.02700416151	0.2169143747	0.1020532521	0.09667289046	0.09667289046	1	1	0.642465141	0.1480644572	1	0.1154169083	0.0947597805	0.0890835171	0.5164698969	0.09333557572	0.5164698969	0.09667289046	0.9893763233	0.9893051646	0.4710145171	0.9947105188	0.9065440777	0.09667289046	0.2245338858	0.08127675284	0.1022193925	0.517672249	0.1022193925	0.1488657265	0.1896168722	0.5209050425	0.1856180569	0.0947597805	0.09667289046	0.1851724336	0.07845171498	0.0947597805	0.1796044618	0.1427123275	0.1484930915	0.2134601889	0.3993922164	0.01238599638	0.2189303043	0.008919994205	0.1168800105	0.4050713097	0.1784227298	0.1338883621	0.1020532521	0.4050713097	0.1031683143	0.1783496844	0.09916298495	0.1494415936	0.1799194434	0.1494415936	0.4050713097	0.1338883621	0.1088139062	0.1808559379	0.1084871228	-0.2516707543	-0.2516707543	0.183619025	0.403085925	0.08386311335	0.1088139062	0.07282699468	0.1073817823	0.1133312166	0.5145138077	0.5125151244	0.06652740326	0.8756128508	0.06652740326	0.1038524352	0.08864097572	0.02940906088	0.1038524352	0.1070628158	0.02700416151	0.7941694933	0.1672839334	0.1672839334	0.04562423507	0.04562423507	0.1672839334	0.07585266708	0.1038524352	0.7247661319	0.7897833102	0.7941694933	0.4067634069	0.08500634843	0.1672839334	0.1038524352	0.2181591432	0.1277413395	0.04562423507	0.1980741238	0.1684267809	0.433244839	0.05927810831	0.4067634069	0.7731573368	0.8536768119	0.1579454155	0.8536768119	0.7846701053	0.7846701053	0.05566564558	0.05566564558	-0.02055646872	0.1096218358	0.5498236161	0.02748423329	0.7247296878	0.04440714492	0.04425093527	0.03001119311	0.03869722995	0.03379657797	0.02772835916	0.5192991689	0.5470479454	0.03511216758	0.6286765909	0.4529161031	0.03511216758	0.04398850185	0.6312617657	0.1578332346	0.0585660441	0.05022210614	0.1384792395	0.04398850185	0.02927984359	0.5583448934	0.09667289046	0.04895382264	0.0585660441	0.05153193403	0.05425371934	0.06183852598	0.04398850185	0.0658241926	0.08357100835	0.08833352324	0.08864097572
chr11_2086270_C_T	0.1033895361	-0.02503184049	0.01691937851	0.006833933956	-0.004257907586	-0.008196756644	0.005557787841	0.01411166771	0.005557787841	0.005557787841	0.005557787841	-0.003983749944	-0.006846992837	-0.001056769267	0.02834910559	-0.01097020298	0.5301317078	0.0006260434406	0.06550744012	0.06550744012	0.03738144186	0.06550744012	0.02926262133	0.02926262133	0.7246405765	0.09697782838	0.9403646706	-0.1122707625	-0.1248395849	-0.2752682355	-0.2752682355	-0.2752682355	0.1166646172	0.003527921741	0.6690001383	0.1166646172	0.009584685798	0.8852855779	0.8852855779	0.1166646172	0.1166646172	0.1168669763	-0.1148432256	0.1166646172	0.6786433754	0.6690001383	0.1166646172	0.009584685798	-0.09618932594	-0.1142083939	-0.1142083939	-0.111323174	0.9877848915	-0.2919729663	-0.09891231029	-0.07330153865	0.8583718795	0.1183152834	-0.07330153865	-0.06244750815	0.04375687957	0.8583718795	0.1183152834	-0.001894519647	0.1181251867	-0.1142083939	0.1827789458	-0.1156481334	0.9759602189	0.1154169083	0.1168669763	0.003527921741	0.5357839409	0.4314590135	-0.001894519647	0.003527921741	0.003527921741	0.1154169083	0.1154169083	0.1778932351	0.8111334762	0.1154169083	1	0.7706562079	-0.03425779205	-0.291208594	-0.0194528944	-0.291208594	0.003527921741	0.1137375498	0.1166646172	-0.2441796134	0.1152021194	0.08866178283	0.003527921741	0.3883917202	-0.05113170226	0.9497820019	-0.2960027383	0.9497820019	-0.1154169083	0.4101874784	-0.2935913327	0.3955395268	0.7706562079	0.003527921741	0.3975930122	-0.06520997466	0.7706562079	0.4012657555	-0.1170861383	0.7553512063	0.3860593892	-0.3012543159	-0.05510613048	0.3968230416	-0.06244750815	0.02901577942	-0.2927403049	0.2013231231	-0.1409924787	-0.001894519647	-0.2927403049	0.8894033308	0.39192065	0.8758230747	-0.1382127423	0.4101874784	-0.1382127423	-0.2927403049	-0.1409924787	0.009261964952	0.4248972702	0.9190465175	0.003527921741	0.003527921741	0.4374690419	-0.27569342	0.1130583147	0.009261964952	0.5439233112	0.7728728045	0.02196362542	0.01500434315	0.01627464693	0.7019668379	0.1093299386	0.7019668379	0.01371761882	0.005057016163	-0.06008577332	0.01371761882	0.5744280182	0.429332737	0.09360449893	-0.05977637057	-0.05977637057	0.4978693896	0.4978693896	-0.05977637057	0.6785848493	0.01371761882	0.0848785129	0.09506258494	0.09360449893	-0.2734351776	-0.04370013451	-0.05977637057	0.01371761882	0.3052559278	0.6998808438	0.4978693896	0.4213861223	-0.06069135388	-0.2852380694	0.8054129259	-0.2734351776	0.08714692971	0.08969067388	-0.06069135388	0.08969067388	0.09010473429	0.09010473429	0.5718761293	0.5718761293	-0.009342772965	0.5094732414	-0.2693449004	0.6406353455	-0.002665018902	0.4009266791	0.06006116695	-0.03740650718	0.1895149987	0.2540195569	0.06988086946	-0.1351279223	-0.1345036495	0.1697260371	0.1061737638	-0.2361258818	0.1697260371	-0.006818687862	0.1089692165	-0.08204093234	0.1626681085	0.4045893007	-0.06086732589	0.08975619737	0.1760082646	0.131415795	0.003527921741	0.169990058	0.1626681085	0.01872205649	-0.06520997466	0.1632047275	0.13804364	-0.07761199471	0.4855708227	0.4312947513	-0.07123796681
chr11_2086561_C_G	-0.005641965392	0.001566296014	0.09412536398	0.05345923173	0.08706628196	0.08490186838	0.05253486856	-0.005888112317	0.05253486856	0.05253486856	0.05253486856	0.06299913903	0.08526899349	-0.00289808035	0.0707295788	0.05659942708	0.6364101412	0.03349020298	0.08020797753	0.08020797753	-0.08859887436	0.08020797753	-0.00615968212	-0.00615968212	0.5838004872	0.1056408317	0.7433828871	-0.09249143371	-0.1130951348	-0.1952031667	-0.1952031667	-0.1952031667	0.0957841765	-0.03776389383	0.5309040198	0.0957841765	-0.03555158828	0.8922799742	0.8922799742	0.0957841765	0.0957841765	0.09584741049	-0.1056743208	0.0957841765	0.5384234892	0.5309040198	0.0957841765	-0.03555158828	-0.09258100492	-0.09376756403	-0.09376756403	-0.09160363893	0.7612700756	-0.2079101323	-0.07516073127	-0.05569981363	0.92451123	0.09693400206	-0.05569981363	-0.04745213579	0.1012719304	0.92451123	0.09693400206	-0.03986565582	0.09687932058	-0.09376756403	0.1494483477	-0.09484778736	0.7521843172	0.0947597805	0.09584741049	-0.03776389383	0.03156981601	0.3176037354	-0.03986565582	-0.03776389383	-0.03776389383	0.0947597805	0.0947597805	0.1458209113	0.6096354184	0.0947597805	0.7706562079	1	-0.05283554855	-0.2073078178	-0.04745213579	-0.2073078178	-0.03776389383	0.09359033771	0.0957841765	-0.1718266663	0.09468788349	0.109904858	-0.03776389383	0.2951281355	-0.07886006003	0.8344081639	-0.2108381627	0.8344081639	-0.0947597805	0.3792457045	-0.2090625498	0.3672011958	1	-0.03776389383	0.368345856	-0.04955125775	1	0.3712455763	-0.09592698129	0.6589308755	0.3356996569	-0.1910135769	-0.04187362576	0.333270562	-0.04745213579	-0.04565751875	-0.1933170514	0.3279567382	-0.1107030439	-0.03986565582	-0.1933170514	0.7933089739	0.3759368661	0.8030077327	-0.1086071075	0.3792457045	-0.1086071075	-0.1933170514	-0.1107030439	-0.05252684963	0.3479048671	0.726530329	0.03156981601	0.03156981601	0.3464928528	-0.1742549435	0.1838555177	-0.05252684963	0.6932995719	0.8360585872	-0.04427123272	0.1664981101	0.167598118	0.8491990032	0.1119260854	0.8491990032	-0.05088149436	-0.05413176241	-0.04565751875	-0.05088149436	0.6589477438	0.03156981601	0.1216416612	-0.1105601704	-0.1105601704	0.04517894506	0.04517894506	-0.1105601704	0.8234579578	-0.05088149436	0.1356895561	0.1226694247	0.1216416612	-0.172674465	-0.03320652462	-0.1105601704	-0.05088149436	0.3130916761	0.6202640033	0.04517894506	0.3450299476	-0.1104419551	-0.1895633374	0.7521843172	-0.172674465	0.09709183163	0.08808006547	-0.1104419551	0.08808006547	0.09922998357	0.09922998357	0.7429979482	0.7429979482	0.06328532229	0.6681527423	-0.1802595529	0.5657479632	0.07828358339	0.4781157272	-0.04919154365	-0.04500095664	0.07204508198	0.05853347174	0.03733844758	-0.1454530245	-0.1555977121	0.06081198726	0.100869397	-0.1464785034	0.06081198726	0.02102744843	0.1029615265	-0.09376756403	-0.04565751875	0.4836218141	-0.003827262067	-0.04187362576	0.06439369049	0.1297876758	-0.03776389383	0.08046312891	-0.04565751875	0.05924052131	-0.04955125775	-0.03776389383	-0.04187362576	-0.05897521007	0.4453548783	0.4697039323	-0.05413176241
chr11_2086893_CAGT_C	0.2075700052	-0.04719749279	-0.1008013155	-0.0416566945	-0.05854499777	-0.0442090818	-0.04265726289	0.03170891956	-0.04265726289	-0.04265726289	-0.04265726289	-0.07061463207	-0.06059007813	0.03499599492	0.1429316779	-0.07473442361	0.04807969968	0.06046463383	0.06016544664	0.06016544664	0.1526637913	0.06016544664	0.05664953925	0.05664953925	-0.05227416932	-0.1324527329	0.06393053166	-0.06328358031	0.00100000232	-0.1901954632	-0.1901954632	-0.1901954632	0.09004655013	0.7187228743	0.05372063968	0.09004655013	0.685514374	-0.01991863997	-0.01991863997	0.09004655013	0.09004655013	0.09016533771	-0.07818153373	0.09004655013	0.003040185934	0.05372063968	0.09004655013	0.685514374	-0.06373382574	-0.06530659455	-0.06530659455	-0.06306099579	-0.0009060554892	-0.2027332196	0.00323344772	-0.002130949068	-0.05875060991	0.09124594727	-0.002130949068	-0.04681168333	0.09555825144	-0.05875060991	0.09124594727	0.7507431211	0.09113607361	-0.04246245311	0.002687635632	-0.04362693904	0.03181237135	0.0890835171	0.09016533771	0.7187228743	-0.03725420173	0.3260897759	0.7507431211	0.7187228743	0.7187228743	0.0890835171	0.0890835171	0.1024011329	0.5567301426	0.0890835171	-0.03425779205	-0.05283554855	1	-0.2187564677	0.8691838494	-0.2187564677	0.7187228743	0.08786340595	0.09004655013	-0.2161301934	0.08895569615	-0.2519855774	0.7187228743	-0.05494667622	0.03437233871	-0.02843785033	-0.2223539576	-0.02843785033	-0.04291177635	-0.05379618534	-0.2205444531	0.06467523809	-0.05283554855	0.7187228743	-0.05612632632	-0.04888247383	-0.05283554855	-0.05395558466	-0.04478834161	0.006233947083	0.08713067202	-0.234090303	-0.04130846539	0.08490455556	-0.04681168333	0.7775548647	-0.2364735968	-0.0590686337	-0.03698469032	0.7507431211	-0.2364735968	-0.03583952824	-0.05332682502	-0.03425779205	-0.03458680775	-0.05379618534	-0.03458680775	-0.2364735968	-0.03698469032	0.2821910043	-0.05457867639	-0.03804884226	-0.03725420173	-0.03725420173	-0.05565548346	-0.2322779169	0.0007386369214	0.2821910043	-0.04719749279	-0.06227221029	0.7539461913	0.07334969167	0.07435588322	-0.06091129777	0.03739329526	-0.06091129777	0.2935732798	0.2716900934	-0.0450412879	0.2935732798	0.1125859124	-0.03725420173	-0.2566282128	-0.03777107186	-0.03777107186	-0.03275834246	-0.03275834246	-0.03777107186	0.01383888994	0.2935732798	-0.3550764353	-0.2550163899	-0.2566282128	-0.2140840544	0.05270891194	-0.03777107186	0.2935732798	0.03798221456	0.09192373335	-0.03275834246	-0.07443285296	-0.03854485744	-0.02894141846	-0.03739698827	-0.2140840544	-0.2450966709	0.05867453543	-0.03854485744	0.05867453543	-0.2417793695	-0.2417793695	-0.008879105315	-0.008879105315	-0.5076640065	-0.056285206	-0.2521750794	-0.02668102206	0.07097241945	0.1035264541	0.246894882	-0.07744396563	0.1786799157	0.1558437231	-0.05646163873	-0.02978342869	0.09375114082	0.2956788774	0.07338023454	-0.2512460686	0.2956788774	0.02727544605	0.07548561091	0.04891411266	0.397895102	-0.04089804788	-0.08652099769	0.4387789147	0.212595349	0.08328302059	0.6431251667	0.1914294711	0.397895102	-0.0241397325	-0.04888247383	0.3407343363	0.4387789147	0.03421524679	0.1252447238	0.2569620446	0.0007807186593
chr11_2087220_T_C	-0.09005988475	-0.04475870363	0.3303965641	0.3520993021	-0.02503664585	-0.02914566506	0.3511542647	0.1592465803	0.3511542647	0.3511542647	0.3511542647	0.2775700259	-0.02765130345	0.164662254	0.3756302922	0.2851867311	-0.1356510437	-0.03577225617	-0.05225006041	-0.05225006041	0.001186038827	-0.05225006041	0.3496988311	0.3496988311	-0.1989352975	0.5870021311	-0.2905341332	-0.4112207477	-0.4951189382	0.9544994096	0.9544994096	0.9544994096	0.5297947273	-0.1748346054	-0.1155729787	0.5297947273	-0.1793488433	-0.2612560617	-0.2612560617	0.5297947273	0.5297947273	0.5323887526	-0.4742102995	0.5297947273	-0.1036515089	-0.1155729787	0.5297947273	-0.1793488433	-0.4537266248	-0.5565334275	-0.5565334275	-0.5478597757	-0.2909327941	0.9917507422	0.1711511111	0.1198271279	-0.2345845145	0.5253778403	0.1198271279	-0.1836723226	0.5432027714	-0.2345845145	0.5253778403	-0.1713273643	0.5303949404	-0.5641119966	0.845806416	-0.5646542978	-0.3021890653	0.5164698969	0.5247454387	-0.1748346054	-0.1497549824	-0.7177179394	-0.1713273643	-0.1748346054	-0.1748346054	0.5164698969	0.5164698969	0.8289691312	-0.3700644222	0.5164698969	-0.291208594	-0.2073078178	-0.2187564677	1	-0.1836723226	1	-0.1748346054	0.5130947397	0.5143116119	0.9095753913	0.521453086	0.5813446593	-0.1748346054	-0.5488800077	0.1448439014	-0.2760523351	0.994505747	-0.2760523351	-0.5547637119	-0.6508802579	0.9972478812	-0.6786751166	-0.2073078178	-0.1748346054	-0.6630997638	0.1616158715	-0.2073078178	-0.6611871273	-0.5652134904	-0.1811040171	-0.6261450621	0.9287242384	0.1044530026	-0.6285818159	-0.1836723226	-0.1857225338	0.9230751446	-0.5942837845	-0.5367664315	-0.1713273643	0.9230751446	-0.3025220122	-0.6521223877	-0.291208594	-0.5202613754	-0.657862095	-0.5202613754	0.9230751446	-0.5367664315	0.04204523603	-0.6565723641	-0.3061816708	-0.09959573634	-0.09959573634	-0.6575370305	0.9099194666	0.08601030875	0.04204523603	-0.2056119044	-0.2647785338	-0.2091616573	0.7705606781	0.766770503	-0.2521745571	0.4800838334	-0.2521745571	0.02842919116	0.01901091398	0.1291588305	0.02842919116	-0.2153837655	-0.1497549824	0.5292081678	-0.5239065917	-0.5239065917	-0.1568858895	-0.1568858895	-0.5239065917	-0.2771301345	0.02842919116	0.4980262842	0.5226689882	0.5292081678	0.9021707703	0.06994495905	-0.5239065917	0.02842919116	-0.5808742597	-0.2323921808	-0.1568858895	-0.6309379576	-0.5265627068	0.8717634984	-0.2907089245	0.9021707703	0.5234374688	0.4710204863	-0.5265627068	0.4710204863	0.5248319738	0.5248319738	-0.2277280183	-0.2277280183	0.1119433193	-0.1665043567	0.5835800206	-0.2638612476	0.3992006541	-0.1685041729	-0.02519366333	0.1706587224	-0.07525556397	-0.1064390818	-0.1262385038	0.5731689274	0.5503419233	-0.1105824051	0.4614280762	0.6219190153	-0.1105824051	-0.2140860348	0.4569128985	0.2467949035	-0.1647304428	-0.2454632194	0.3335505458	-0.168580458	-0.09416844935	0.3898230351	-0.1497549824	-0.08750365623	-0.1647304428	0.1742136113	0.1441940923	-0.09959573634	-0.1230748813	-0.2304639526	-0.3169216992	-0.2948422611	0.05496070773
chr11_2087361_A_G	0.2747681262	-0.04238854139	-0.08335029634	-0.02390806502	-0.0446609224	-0.02600474914	-0.02479399863	0.03893513574	-0.02479399863	-0.02479399863	-0.02479399863	-0.05586248398	-0.04648271405	0.04198133228	0.1217093065	-0.05968737204	0.07532105437	-0.003757160155	0.0007296862999	0.0007296862999	0.1895994584	0.0007296862999	0.0974621694	0.0974621694	-0.04694795547	-0.1517340963	0.1014077708	-0.06286219061	0.02315846221	-0.1527004862	-0.1527004862	-0.1527004862	0.09434457543	0.7958312772	0.06717396903	0.09434457543	0.7492094443	-0.004533863039	-0.004533863039	0.09434457543	0.09434457543	0.09428028314	-0.07583416402	0.09434457543	0.004465689314	0.06717396903	0.09434457543	0.7492094443	-0.06318855793	-0.06451437933	-0.06451437933	-0.0625214843	0.02159633538	-0.1639782858	-0.01943385652	-0.04934938897	-0.05276451168	0.09522446865	-0.04934938897	-0.04204204204	0.09899759555	-0.05276451168	0.09522446865	0.8401235299	0.09529532126	-0.03667048676	0.08329180557	-0.03771921796	0.06186973441	0.09333557572	0.09428028314	0.7958312772	-0.03345837202	0.2891773026	0.8401235299	0.7958312772	0.7958312772	0.09333557572	0.09333557572	0.1009022405	0.4924814863	0.09333557572	-0.0194528944	-0.04745213579	0.8691838494	-0.1836723226	1	-0.1836723226	0.7958312772	0.09244120607	0.09434457543	-0.172125757	0.09339323204	-0.3005679666	0.7958312772	-0.05298121837	0.02127592855	-0.01341321048	-0.1868001672	-0.01341321048	-0.03705852138	-0.04021442561	-0.1852269948	-0.02049150098	-0.04745213579	0.7958312772	-0.04246658594	-0.04390183976	-0.04745213579	-0.04050396258	-0.03876511939	0.03450908758	0.01605516593	-0.2229639271	-0.03709954685	0.01409924546	-0.04204204204	0.8850549014	-0.2251353001	-0.05166458365	-0.03171942976	0.8401235299	-0.2251353001	-0.02098280312	-0.03986356327	-0.0194528944	-0.02955902308	-0.04021442561	-0.02955902308	-0.2251353001	-0.03171942976	0.08916558791	-0.04113697988	-0.02342358744	-0.03345837202	-0.03345837202	-0.04211033442	-0.2212866944	0.01710565554	0.08916558791	-0.04238854139	-0.05592729628	0.7940818044	0.04270818349	0.04359172725	-0.05470504711	0.003314714665	-0.05470504711	0.09458836861	0.08412051701	-0.04045203216	0.09458836861	0.005679920156	-0.03345837202	-0.3039727682	-0.03244490632	-0.03244490632	-0.02942059574	-0.02942059574	-0.03244490632	-0.009930189568	0.09458836861	-0.3270462702	-0.3024084981	-0.3039727682	-0.1996366844	0.07475233	-0.03244490632	0.09458836861	-0.0237104283	-0.005002827592	-0.02942059574	-0.06554629897	-0.03315830511	-0.009696339937	-0.0224870351	-0.1996366844	-0.2877830058	0.02988863307	-0.03315830511	0.02988863307	-0.2845639326	-0.2845639326	0.005944708647	0.005944708647	-0.3715411779	-0.05055030772	-0.2390009216	-0.01169126373	0.04267614483	-0.0230445765	0.02843280858	-0.07511874111	0.006449256944	-0.000452267243	-0.05070876372	-0.07581469565	0.07693153218	0.1082273036	0.06459988022	-0.2278589594	0.1082273036	0.04649488664	0.06649280969	0.04686119096	0.4223014346	-0.02517761235	-0.06222319501	0.4644670541	0.05705206305	0.09112574627	0.7036879829	0.01153717329	0.4223014346	-0.0006896025318	-0.04390183976	0.4272580998	0.4644670541	0.004056782006	0.01173507198	0.1645758848	-0.04796011377
chr11_2087412_A_T	-0.09005988475	-0.04475870363	0.3303965641	0.3520993021	-0.02503664585	-0.02914566506	0.3511542647	0.1592465803	0.3511542647	0.3511542647	0.3511542647	0.2775700259	-0.02765130345	0.164662254	0.3756302922	0.2851867311	-0.1356510437	-0.03577225617	-0.05225006041	-0.05225006041	0.001186038827	-0.05225006041	0.3496988311	0.3496988311	-0.1989352975	0.5870021311	-0.2905341332	-0.4112207477	-0.4951189382	0.9544994096	0.9544994096	0.9544994096	0.5297947273	-0.1748346054	-0.1155729787	0.5297947273	-0.1793488433	-0.2612560617	-0.2612560617	0.5297947273	0.5297947273	0.5323887526	-0.4742102995	0.5297947273	-0.1036515089	-0.1155729787	0.5297947273	-0.1793488433	-0.4537266248	-0.5565334275	-0.5565334275	-0.5478597757	-0.2909327941	0.9917507422	0.1711511111	0.1198271279	-0.2345845145	0.5253778403	0.1198271279	-0.1836723226	0.5432027714	-0.2345845145	0.5253778403	-0.1713273643	0.5303949404	-0.5641119966	0.845806416	-0.5646542978	-0.3021890653	0.5164698969	0.5247454387	-0.1748346054	-0.1497549824	-0.7177179394	-0.1713273643	-0.1748346054	-0.1748346054	0.5164698969	0.5164698969	0.8289691312	-0.3700644222	0.5164698969	-0.291208594	-0.2073078178	-0.2187564677	1	-0.1836723226	1	-0.1748346054	0.5130947397	0.5143116119	0.9095753913	0.521453086	0.5813446593	-0.1748346054	-0.5488800077	0.1448439014	-0.2760523351	0.994505747	-0.2760523351	-0.5547637119	-0.6508802579	0.9972478812	-0.6786751166	-0.2073078178	-0.1748346054	-0.6630997638	0.1616158715	-0.2073078178	-0.6611871273	-0.5652134904	-0.1811040171	-0.6261450621	0.9287242384	0.1044530026	-0.6285818159	-0.1836723226	-0.1857225338	0.9230751446	-0.5942837845	-0.5367664315	-0.1713273643	0.9230751446	-0.3025220122	-0.6521223877	-0.291208594	-0.5202613754	-0.657862095	-0.5202613754	0.9230751446	-0.5367664315	0.04204523603	-0.6565723641	-0.3061816708	-0.09959573634	-0.09959573634	-0.6575370305	0.9099194666	0.08601030875	0.04204523603	-0.2056119044	-0.2647785338	-0.2091616573	0.7705606781	0.766770503	-0.2521745571	0.4800838334	-0.2521745571	0.02842919116	0.01901091398	0.1291588305	0.02842919116	-0.2153837655	-0.1497549824	0.5292081678	-0.5239065917	-0.5239065917	-0.1568858895	-0.1568858895	-0.5239065917	-0.2771301345	0.02842919116	0.4980262842	0.5226689882	0.5292081678	0.9021707703	0.06994495905	-0.5239065917	0.02842919116	-0.5808742597	-0.2323921808	-0.1568858895	-0.6309379576	-0.5265627068	0.8717634984	-0.2907089245	0.9021707703	0.5234374688	0.4710204863	-0.5265627068	0.4710204863	0.5248319738	0.5248319738	-0.2277280183	-0.2277280183	0.1119433193	-0.1665043567	0.5835800206	-0.2638612476	0.3992006541	-0.1685041729	-0.02519366333	0.1706587224	-0.07525556397	-0.1064390818	-0.1262385038	0.5731689274	0.5503419233	-0.1105824051	0.4614280762	0.6219190153	-0.1105824051	-0.2140860348	0.4569128985	0.2467949035	-0.1647304428	-0.2454632194	0.3335505458	-0.168580458	-0.09416844935	0.3898230351	-0.1497549824	-0.08750365623	-0.1647304428	0.1742136113	0.1441940923	-0.09959573634	-0.1230748813	-0.2304639526	-0.3169216992	-0.2948422611	0.05496070773
chr11_2087607_T_C	0.3151495236	-0.03373412703	-0.1105662099	-0.0492778499	-0.02223806275	-0.02453155794	-0.0500113237	0.04855454421	-0.0500113237	-0.0500113237	-0.0500113237	-0.09101206298	-0.02366284214	0.05113680023	0.1169981467	-0.09328683836	0.1139412135	-0.007424051681	0.01550703247	0.01550703247	0.1992507802	0.01550703247	0.07938358982	0.07938358982	-0.03736265137	-0.14077954	0.1028761647	-0.02471476217	-0.04234371957	-0.1412179779	-0.1412179779	-0.1412179779	0.09771796804	0.885930309	0.04478671756	0.09771796804	0.9414174408	0.01882983749	0.01882983749	0.09771796804	0.09771796804	0.09737954644	-0.03675207152	0.09771796804	0.04728498222	0.04478671756	0.09771796804	0.9414174408	-0.02530212367	-0.02672140469	-0.02672140469	-0.02503501234	0.05483793937	-0.1501741629	0.005383682784	-0.03927378725	-0.04199164873	0.09808673761	-0.03927378725	-0.03345837202	0.1009218427	-0.04199164873	0.09808673761	0.9472788809	0.09842795177	0.007748214	0.04581082407	0.006840650358	0.0007523795859	0.09667289046	0.09737954644	1	-0.02662721893	0.2817597684	0.9472788809	1	1	0.09667289046	0.09667289046	0.06904277424	0.4235322593	0.09667289046	0.003527921741	-0.03776389383	0.7187228743	-0.1748346054	0.7958312772	-0.1748346054	1	0.09629953388	0.09771796804	-0.1739163339	0.09700851243	-0.2296045704	1	0.008701368412	0.05722986243	0.009699959193	-0.1775547917	0.009699959193	0.007830202965	0.01336110435	-0.1761864115	0.03963131668	-0.03776389383	1	0.01067586867	-0.03493845721	-0.03776389383	0.01231091722	0.005936864917	0.07603529555	0.0874184408	-0.2237633891	-0.02952497975	0.08580980294	-0.03345837202	0.8271122668	-0.2256039647	-0.006198638185	0.01248032938	0.9472788809	-0.2256039647	0.002126679089	0.01324453155	0.003527921741	0.01437213442	0.01336110435	0.01437213442	-0.2256039647	0.01248032938	0.1309592652	0.0113960114	-0.0005828634934	-0.02662721893	-0.02662721893	0.01058630898	-0.2222483666	-0.03611084586	0.1309592652	-0.03373412703	-0.04450869163	0.8284501478	0.04696321928	0.04767764272	-0.04353598751	0.05857722533	-0.04353598751	0.1370279298	0.125342348	-0.03219299242	0.1370279298	0.03937647067	-0.02662721893	-0.2656559813	0.0114186177	0.0114186177	-0.02341383029	-0.02341383029	0.0114186177	0.01296677378	0.1370279298	-0.3059080084	-0.264373389	-0.2656559813	-0.2207518198	0.1055480603	0.0114186177	0.1370279298	0.03510112808	0.02799887377	-0.02341383029	-0.01933674223	0.0103858024	0.01966246757	-0.05146276367	-0.2207518198	-0.2749798242	0.05699585407	0.0103858024	0.05699585407	-0.2722551359	-0.2722551359	-0.03736265137	-0.03736265137	-0.220060446	-0.04022951596	-0.2380103842	-0.04641442108	-0.00142787433	-0.05273872651	0.05446801955	-0.03640535083	0.03050267104	0.02276880509	-0.0403556202	-0.114622197	0.04901480211	0.09093648503	0.01855705086	-0.2370913523	0.09093648503	0.07396156544	0.02011566608	0.04221783269	0.3497204561	-0.05497624996	-0.09633973743	0.384421201	0.02584438204	0.04086702155	0.771860618	-0.03837104686	0.3497204561	-0.06402751409	-0.03493845721	0.315581854	0.384421201	0.02812394422	0.01241670679	0.1087288221	-0.0381681586
chr11_2087727_T_G	0.01438725148	-0.003994121388	0.1962687065	0.2083039131	0.2151528507	0.2163594361	0.2109848472	0.1039692805	0.2109848472	0.2109848472	0.2109848472	0.1607828129	0.2122953129	0.1099665931	0.6062114273	0.1627594938	0.1112981499	0.2224873895	0.240820115	0.240820115	0.102469445	0.240820115	0.2684835923	0.2684835923	0.07423106741	0.9147003366	0.1090760151	0.1589581784	0.1463766627	0.505546428	0.505546428	0.505546428	0.9782416534	0.09629953388	0.139124834	0.9782416534	0.09065806073	0.1201659671	0.1201659671	0.9782416534	0.9782416534	0.9733430184	0.1568143927	0.9782416534	0.1453038391	0.139124834	0.9782416534	0.09065806073	0.1493385291	0.1322579415	0.1322579415	0.1477619811	0.1175828693	0.5224171254	0.08308006857	0.09262656432	0.1117157148	0.9789178534	0.09262656432	0.006749936686	0.9586389368	0.1117157148	0.9789178534	0.1016591163	0.9838222007	0.1429432746	0.6206080706	0.1458878488	0.1051877418	0.9893763233	0.9841196378	0.09629953388	0.02557797143	0.2206830775	0.1016591163	0.09629953388	0.09629953388	0.9893763233	0.9893763233	0.6297856558	0.1459545912	0.9893763233	0.1137375498	0.09359033771	0.08786340595	0.5130947397	0.09244120607	0.5130947397	0.09629953388	1	0.9891567906	0.468696095	0.9945490002	0.9067407775	0.09629953388	0.2275453387	0.07867459714	0.1005023906	0.5219719818	0.1005023906	0.1552542534	0.1944965469	0.5175072392	0.190074232	0.09359033771	0.09629953388	0.1897784371	0.07723046145	0.09359033771	0.1842407194	0.1488258239	0.1466062248	0.2175661851	0.3943089241	0.01053927779	0.2230117361	0.006749936686	0.1164286128	0.3999574827	0.1840595812	0.1404095696	0.1016591163	0.3999574827	0.1012427589	0.183041516	0.09723799722	0.1563447977	0.1846525705	0.1563447977	0.3999574827	0.1404095696	0.1079069548	0.1854381699	0.1066032519	-0.2219474971	-0.2219474971	0.1881863888	0.3981461047	0.08264287417	0.1079069548	0.07160370343	0.1059384524	0.1128935245	0.5085422467	0.5065478209	0.06453368906	0.8732624925	0.06453368906	0.1029504247	0.08735121689	0.02763580261	0.1029504247	0.1046700671	0.02557797143	0.7924506889	0.1741899639	0.1741899639	0.04470079308	0.04470079308	0.1741899639	0.07386679145	0.1029504247	0.7234477776	0.7880793049	0.7924506889	0.4019658002	0.08467804875	0.1741899639	0.1029504247	0.2228329754	0.1254320352	0.04470079308	0.2029012765	0.1752340819	0.4358655222	0.0566287887	0.4019658002	0.7705637455	0.8507943133	0.1645943222	0.8507943133	0.7824216591	0.7824216591	0.05393305292	0.05393305292	-0.01779320825	0.1085071383	0.5509576855	0.02470221141	0.7321702622	0.04144519776	0.04253031184	0.04373821909	0.05851054049	0.05148989444	0.02536740085	0.5192508034	0.546916108	0.05349422666	0.6267816172	0.4461165118	0.05349422666	0.04261936017	0.6295333507	0.1536286077	0.05723340602	0.04719389773	0.1339353541	0.04261936017	0.04800827479	0.5573868081	0.09629953388	0.06998076558	0.05723340602	0.04790000272	0.05266678581	0.06093875266	0.04261936017	0.08556310006	0.07975313487	0.08489882227	0.08735121689
chr11_2087911_T_C	-0.01441871305	-0.001663191168	0.1962633358	0.2098936077	0.208465552	0.2097573536	0.2126126412	0.1086340356	0.2126126412	0.2126126412	0.2126126412	0.1592318076	0.2057041047	0.114504669	0.5956170705	0.1614736686	0.09004655013	0.2135376269	0.2351523584	0.2351523584	0.09519745243	0.2351523584	0.2653964469	0.2653964469	0.07647941786	0.9144715752	0.1122035831	0.1539026844	0.143049112	0.5062136204	0.5062136204	0.5062136204	0.9782622314	0.09771796804	0.1312989107	0.9782622314	0.09199339939	0.122674729	0.122674729	0.9782622314	0.9782622314	0.9732696377	0.1530051441	0.9782622314	0.1372449354	0.1312989107	0.9782622314	0.09199339939	0.1444427469	0.1276193213	0.1276193213	0.1429178831	0.1205544794	0.5236338302	0.06834279307	0.09492805881	0.1141227516	0.9787511056	0.09492805881	0.009016423368	0.9582831376	0.1141227516	0.9787511056	0.1031564938	0.9837480299	0.1382593752	0.6237736693	0.1412607321	0.1082721156	0.9893051646	0.9840005911	0.09771796804	0.02729608868	0.219259317	0.1031564938	0.09771796804	0.09771796804	0.9893051646	0.9893051646	0.6331927436	0.1496651008	0.9893051646	0.1166646172	0.0957841765	0.09004655013	0.5143116119	0.09434457543	0.5143116119	0.09771796804	0.9891567906	1	0.4761063967	0.9945720226	0.905976045	0.09771796804	0.2181685741	0.06474065649	0.1033244303	0.5154645838	0.1033244303	0.1504750322	0.1916667162	0.5187637643	0.1876246718	0.0957841765	0.09771796804	0.1871742312	0.07929981343	0.0957841765	0.1815460671	0.1442551122	0.1500983689	0.2157677899	0.3960106065	0.01251989459	0.2212970397	0.009016423368	0.1181435362	0.4017323896	0.18035156	0.1353357557	0.1031564938	0.4017323896	0.1042836104	0.180277725	0.1002349816	0.1510571247	0.1818644538	0.1510571247	0.4017323896	0.1353357557	0.1099902337	0.1828110723	0.1096599176	-0.2191804891	-0.2191804891	0.1856040296	0.3997742018	0.08476971146	0.1099902337	0.07361428736	0.1085426279	0.1145563782	0.5120658876	0.510038639	0.06724659452	0.8740903461	0.06724659452	0.1049751269	0.08959922468	0.000254802738	0.1049751269	0.1082202131	0.02729608868	0.7924934255	0.1690923482	0.1690923482	0.04611745364	0.04611745364	0.1690923482	0.07667266864	0.1049751269	0.7227407174	0.7880761166	0.7924934255	0.4035209297	0.08592530542	0.1690923482	0.1049751269	0.220517542	0.129122281	0.04611745364	0.2002153945	0.1702475504	0.4300404715	0.05991893141	0.4035209297	0.7710635824	0.8518658023	0.1596528768	0.8518658023	0.7827378488	0.7827378488	0.05626741634	0.05626741634	-0.02077869343	0.1108068973	0.5475037001	0.02778135026	0.7223682085	0.0448872062	0.04472930786	0.04043779925	0.03911556447	0.03416193423	0.02802811524	0.5162241554	0.5441677141	0.03549174596	0.6260077406	0.4497809414	0.03549174596	0.04446403741	0.6286358905	0.1595394831	0.05919916947	0.05076502977	0.128735401	0.04446403741	0.02959637191	0.5643808537	0.09771796804	0.04948303555	0.05919916947	0.03684880749	0.05484022653	0.06250702836	0.04446403741	0.06653578183	0.08447444867	0.0892884485	0.08959922468
chr11_2088229_C_T	-0.1037674468	-0.01562506145	0.3435961122	0.2245238577	0.03684515468	0.02933233592	0.2240590716	-0.04663994567	0.2240590716	0.2240590716	0.2240590716	0.2842464446	0.02980029324	-0.04494955876	0.3179001329	0.2947020299	-0.1508584988	0.0008881309327	-0.001039914708	-0.001039914708	0.04214158771	-0.001039914708	0.2534602008	0.2534602008	-0.1639436699	0.5339403625	-0.2524729722	-0.3540763842	-0.4309226057	0.8578516484	0.8578516484	0.8578516484	0.4913071069	-0.149294152	-0.3811033629	0.4913071069	-0.1550354632	-0.2195589969	-0.2195589969	0.4913071069	0.4913071069	0.4934627349	-0.4149006211	0.4913071069	-0.3734535529	-0.3811033629	0.4913071069	-0.1550354632	-0.3956879535	-0.503284287	-0.503284287	-0.4961001733	-0.2545421932	0.9021327948	-0.2537327334	-0.1762392145	-0.1950569658	0.4858821276	-0.1762392145	-0.172125757	0.500607999	-0.1950569658	0.4858821276	-0.1680001824	0.4911907499	-0.5107246264	0.7775494935	-0.5105931832	-0.2534781509	0.4710145171	0.4784549283	-0.1739163339	-0.1246719701	-0.6513255342	-0.1680001824	-0.1739163339	-0.1739163339	0.4710145171	0.4710145171	0.7577830005	-0.3294379056	0.4710145171	-0.2441796134	-0.1718266663	-0.2161301934	0.9095753913	-0.172125757	0.9095753913	-0.1739163339	0.468696095	0.4761063967	1	0.4762087961	0.5322752924	-0.1739163339	-0.6910035796	-0.2616980292	-0.2312713775	0.904700572	-0.2312713775	-0.5086098701	-0.584725661	0.9071331938	-0.6154175553	-0.1718266663	-0.1739163339	-0.595757408	0.1537882509	-0.1718266663	-0.5951465694	-0.5178906984	-0.1568199891	-0.5642263811	0.845378322	-0.1183838375	-0.565354753	-0.172125757	-0.1759206457	0.8407596689	-0.5383784104	-0.4867864899	-0.1680001824	0.8407596689	-0.2659200293	-0.5864187411	-0.2556684712	-0.4719388444	-0.5915801526	-0.4719388444	0.8407596689	-0.4867864899	0.03610549325	-0.5904415779	-0.268577822	-0.07542760626	-0.07542760626	-0.5907596087	0.8266339842	0.0980580149	0.03610549325	-0.1910909618	-0.2353603077	-0.1976996189	0.6915671573	0.6872242411	-0.2239697976	0.4383775869	-0.2239697976	0.02070443611	0.01540937743	-0.1140930318	0.02070443611	-0.1941830765	-0.1246719701	0.4858284731	-0.4739205077	-0.4739205077	-0.1343702108	-0.1343702108	-0.4739205077	-0.246521763	0.02070443611	0.4591958225	0.4787395	0.4858284731	0.8187442118	0.08832334454	-0.4739205077	0.02070443611	-0.5250826695	-0.2054829302	-0.1343702108	-0.5657222442	-0.476285832	0.7878764857	-0.2647488991	0.8187442118	0.4759139745	0.4231630617	-0.468877226	0.4231630617	0.475948454	0.475948454	-0.2204787789	-0.2204787789	0.1010106135	-0.1683287375	0.6083570823	-0.2450080628	0.4525339807	-0.1673613121	-0.0148626684	0.217728347	-0.05519126033	-0.08322752816	-0.1236456084	0.6163998337	0.5934517778	-0.08646730206	0.4992095046	0.6392389552	-0.08646730206	-0.2077349883	0.4999784918	0.2928320342	-0.1347022365	-0.2417636727	0.3375924685	-0.1407216252	-0.07145672103	0.5354671761	-0.149294152	-0.069664783	-0.1347022365	0.1608395951	0.1366842371	-0.07542760626	-0.09604604974	-0.2214472649	-0.2957301992	-0.2889663002	-0.1963551362
chr11_2089861_A_G	0.0160236457	-0.002826130883	0.2006160683	0.2131906085	0.2117982934	0.213047555	0.2158944303	0.1063046987	0.2158944303	0.2158944303	0.2158944303	0.1645848586	0.2089889534	0.1122384306	0.6008921966	0.1666186672	0.1123402617	0.2179990869	0.2379759404	0.2379759404	0.09266409681	0.2379759404	0.2669319423	0.2669319423	0.0753562745	0.9199892381	0.1106411299	0.1509412336	0.139645444	0.5136250573	0.5136250573	0.5136250573	0.9836802568	0.09700851243	0.1414606117	0.9836802568	0.0913255055	0.1214208281	0.1214208281	0.9836802568	0.9836802568	0.978665521	0.1497930122	0.9836802568	0.1475760233	0.1414606117	0.9836802568	0.0913255055	0.1414727227	0.1246001436	0.1246001436	0.1399792131	0.119069688	0.5307632898	0.08472363193	0.0937780686	0.1129197581	0.9841828348	0.0937780686	0.007885444394	0.9637692192	0.1129197581	0.9841828348	0.1024075532	0.9892020063	0.1352625974	0.6302440335	0.1382461004	0.1067312839	0.9947105188	0.9894190655	0.09700851243	0.02643837865	0.2154945155	0.1024075532	0.09700851243	0.09700851243	0.9947105188	0.9947105188	0.6396074004	0.1478111272	0.9947105188	0.1152021194	0.09468788349	0.08895569615	0.521453086	0.09339323204	0.521453086	0.09700851243	0.9945490002	0.9945720226	0.4762087961	1	0.9115363072	0.09700851243	0.2228429947	0.08041724344	0.1019145738	0.5226122297	0.1019145738	0.1474691803	0.1881637063	0.5259163786	0.1839984517	0.09468788349	0.09700851243	0.1836554008	0.07826592696	0.09468788349	0.1780645466	0.1412225949	0.1483533365	0.212043442	0.402869895	0.01153148151	0.217534053	0.007885444394	0.1172857861	0.4085737845	0.1771578707	0.1324192553	0.1024075532	0.4085737845	0.102764565	0.1767848221	0.0987378956	0.1482221433	0.1783408078	0.1482221433	0.4085737845	0.1324192553	0.1089488468	0.1793403352	0.1081328853	-0.2205570896	-0.2205570896	0.1821147185	0.4066401174	0.08370704552	0.1089488468	0.07260982423	0.1072413764	0.1137246717	0.5183255415	0.5163216789	0.06589183703	0.8791672921	0.06589183703	0.1039630559	0.08847601638	0.02868309864	0.1039630559	0.1064469949	0.02643837865	0.7975993534	0.1662570346	0.1662570346	0.04540981078	0.04540981078	0.1662570346	0.07527135533	0.1039630559	0.7280211057	0.7931968746	0.7975993534	0.4103936307	0.08530146734	0.1662570346	0.1039630559	0.2169943036	0.1272787871	0.04540981078	0.1968131583	0.1674239273	0.4368913006	0.05827630505	0.4103936307	0.7760373032	0.8568473283	0.1568069495	0.8568473283	0.7877844278	0.7877844278	0.05510172202	0.05510172202	-0.01928877346	0.1096574874	0.5533577274	0.02624457781	0.7272457521	0.04316907985	0.04363135979	0.03702202911	0.03780477118	0.0327906046	0.02670010261	0.5220785386	0.5499354738	0.03406703497	0.631125121	0.4559928592	0.03406703497	0.04354287417	0.6338073533	0.1565875048	0.0582173278	0.04898237417	0.1369597588	0.04354287417	0.02819405302	0.5608811703	0.09700851243	0.0482684001	0.0582173278	0.04999805822	0.05375484695	0.06172344554	0.04354287417	0.06524664294	0.08211732743	0.08709672938	0.08847601638
chr11_2090336_T_G	-0.08173335727	0.01496896495	0.2304325888	0.2218101371	0.2045522528	0.1989550237	0.2247614346	0.09187164966	0.2247614346	0.2247614346	0.2247614346	0.1849304934	0.2026074117	0.09631311252	0.5199841284	0.1883776361	0.0374000997	0.2012510466	0.2141453319	0.2141453319	0.01257240328	0.2141453319	0.22421619	0.22421619	0.09129250298	0.9448735956	0.04131239293	0.1624202971	0.1219080088	0.5620395033	0.5620395033	0.5620395033	0.8956078616	-0.2296045704	0.09135339669	0.8956078616	-0.2201063899	0.0831159554	0.0831159554	0.8956078616	0.8956078616	0.8908797723	0.1672360957	0.8956078616	0.1197351356	0.09135339669	0.8956078616	-0.2201063899	0.1536393899	0.1382374696	0.1382374696	0.1520174383	0.07774075444	0.5830430798	0.0912028325	0.1098291826	0.1294734583	0.8957414032	0.1098291826	0.02502126673	0.87474817	0.1294734583	0.8957414032	-0.2388374623	0.9004711408	0.1382374696	0.5674400366	0.1415259137	0.05166430639	0.9065440777	0.9011163789	-0.2296045704	0.03910634336	0.07371823158	-0.2388374623	-0.2296045704	-0.2296045704	0.9065440777	0.9065440777	0.5701394235	-0.07376909834	0.9065440777	0.08866178283	0.109904858	-0.2519855774	0.5813446593	-0.3005679666	0.5813446593	-0.2296045704	0.9067407775	0.905976045	0.5322752924	0.9115363072	1	-0.2296045704	0.2150312203	0.07243425875	0.07140604341	0.5838191594	0.07140604341	0.1499575488	0.1825137672	0.586274808	0.1718305509	0.109904858	-0.2296045704	0.1794233629	0.09279326009	0.109904858	0.1732620978	0.1448062675	0.1192171907	0.1863700503	0.4826863758	0.02643297001	0.1836323087	0.02502126673	-0.2651025067	0.481673588	0.1942780492	0.143711349	-0.2388374623	0.481673588	0.07774075444	0.1809213733	0.08866178283	0.1578748517	0.1731630693	0.1578748517	0.481673588	0.143711349	0.0736316173	0.1839583203	0.09993126978	-0.1960157062	-0.1960157062	0.1870079372	0.4782361613	0.07581055652	0.0736316173	0.08677860787	0.1253856734	-0.2297924304	0.4756165015	0.4733408795	0.08551467041	0.8400158806	0.08551467041	0.06683282786	0.056056065	0.04415674393	0.06683282786	0.1030691528	0.005517479137	0.8830971657	0.1761676861	0.1761676861	0.01750962935	0.01750962935	0.1761676861	0.07824800281	0.06683282786	0.8238979422	0.8782590791	0.8830971657	0.4738348925	0.05548363801	0.1761676861	0.06683282786	0.2227978026	0.1138276295	0.01750962935	0.2095036095	0.1775209119	0.4231536705	0.05166430639	0.4738348925	0.8571993301	0.8092235049	0.1674143071	0.8092235049	0.8670457225	0.8670457225	0.05273072753	0.05273072753	0.1336405304	0.1254455632	0.6285781119	0.03228190856	0.6800649293	0.05294526626	0.03343898194	0.05965368088	0.03628884516	0.03412691749	0.04654206964	0.5238298613	0.495044576	-0.004167861075	0.5790329591	0.5300941037	-0.004167861075	0.02643297001	0.5807894586	0.1280875749	-0.1526445974	0.05940307307	0.15936207	-0.1868749507	0.008830056821	0.500926518	-0.162426842	0.04425326451	-0.1526445974	0.05203562511	0.06946046208	-0.1288379777	-0.1564023906	0.06335234818	0.07871826423	0.01434688052	0.1042032297
chr11_2090389_G_A	0.3151495236	-0.03373412703	-0.1105662099	-0.0492778499	-0.02223806275	-0.02453155794	-0.0500113237	0.04855454421	-0.0500113237	-0.0500113237	-0.0500113237	-0.09101206298	-0.02366284214	0.05113680023	0.1169981467	-0.09328683836	0.1139412135	-0.007424051681	0.01550703247	0.01550703247	0.1992507802	0.01550703247	0.07938358982	0.07938358982	-0.03736265137	-0.14077954	0.1028761647	-0.02471476217	-0.04234371957	-0.1412179779	-0.1412179779	-0.1412179779	0.09771796804	0.885930309	0.04478671756	0.09771796804	0.9414174408	0.01882983749	0.01882983749	0.09771796804	0.09771796804	0.09737954644	-0.03675207152	0.09771796804	0.04728498222	0.04478671756	0.09771796804	0.9414174408	-0.02530212367	-0.02672140469	-0.02672140469	-0.02503501234	0.05483793937	-0.1501741629	0.005383682784	-0.03927378725	-0.04199164873	0.09808673761	-0.03927378725	-0.03345837202	0.1009218427	-0.04199164873	0.09808673761	0.9472788809	0.09842795177	0.007748214	0.04581082407	0.006840650358	0.0007523795859	0.09667289046	0.09737954644	1	-0.02662721893	0.2817597684	0.9472788809	1	1	0.09667289046	0.09667289046	0.06904277424	0.4235322593	0.09667289046	0.003527921741	-0.03776389383	0.7187228743	-0.1748346054	0.7958312772	-0.1748346054	1	0.09629953388	0.09771796804	-0.1739163339	0.09700851243	-0.2296045704	1	0.008701368412	0.05722986243	0.009699959193	-0.1775547917	0.009699959193	0.007830202965	0.01336110435	-0.1761864115	0.03963131668	-0.03776389383	1	0.01067586867	-0.03493845721	-0.03776389383	0.01231091722	0.005936864917	0.07603529555	0.0874184408	-0.2237633891	-0.02952497975	0.08580980294	-0.03345837202	0.8271122668	-0.2256039647	-0.006198638185	0.01248032938	0.9472788809	-0.2256039647	0.002126679089	0.01324453155	0.003527921741	0.01437213442	0.01336110435	0.01437213442	-0.2256039647	0.01248032938	0.1309592652	0.0113960114	-0.0005828634934	-0.02662721893	-0.02662721893	0.01058630898	-0.2222483666	-0.03611084586	0.1309592652	-0.03373412703	-0.04450869163	0.8284501478	0.04696321928	0.04767764272	-0.04353598751	0.05857722533	-0.04353598751	0.1370279298	0.125342348	-0.03219299242	0.1370279298	0.03937647067	-0.02662721893	-0.2656559813	0.0114186177	0.0114186177	-0.02341383029	-0.02341383029	0.0114186177	0.01296677378	0.1370279298	-0.3059080084	-0.264373389	-0.2656559813	-0.2207518198	0.1055480603	0.0114186177	0.1370279298	0.03510112808	0.02799887377	-0.02341383029	-0.01933674223	0.0103858024	0.01966246757	-0.05146276367	-0.2207518198	-0.2749798242	0.05699585407	0.0103858024	0.05699585407	-0.2722551359	-0.2722551359	-0.03736265137	-0.03736265137	-0.220060446	-0.04022951596	-0.2380103842	-0.04641442108	-0.00142787433	-0.05273872651	0.05446801955	-0.03640535083	0.03050267104	0.02276880509	-0.0403556202	-0.114622197	0.04901480211	0.09093648503	0.01855705086	-0.2370913523	0.09093648503	0.07396156544	0.02011566608	0.04221783269	0.3497204561	-0.05497624996	-0.09633973743	0.384421201	0.02584438204	0.04086702155	0.771860618	-0.03837104686	0.3497204561	-0.06402751409	-0.03493845721	0.315581854	0.384421201	0.02812394422	0.01241670679	0.1087288221	-0.0381681586
chr11_2090456_T_G	0.05477004287	0.03357838294	-0.1975630364	-0.07194607706	0.1504132323	0.1547114138	-0.06884865166	0.1278255441	-0.06884865166	-0.06884865166	-0.06884865166	-0.1693643076	0.1570658908	0.129421579	0.06345900839	-0.178265917	0.2470968351	0.1521746054	0.1706446024	0.1706446024	-0.03146976872	0.1706446024	-0.09907883907	-0.09907883907	0.2701911297	0.1748896605	0.357307449	0.5553159333	0.6108766666	-0.5061232841	-0.5061232841	-0.5061232841	0.1917907012	-0.01978329988	0.5348428508	0.1917907012	-0.005216361781	0.3595261675	0.3595261675	0.1917907012	0.1917907012	0.1852039023	0.6303681931	0.1917907012	0.5500258456	0.5348428508	0.1917907012	-0.005216361781	0.5959810971	0.7074279247	0.7074279247	0.7106858141	0.3909353695	-0.5387914608	0.3607125642	0.2803932867	0.3389494219	0.1980204914	0.2803932867	0.2231311637	0.1628803719	0.3389494219	0.1980204914	-0.005849350013	0.1959723438	0.7160354316	-0.3917577624	0.7187306391	0.3674158889	0.2245338858	0.2112470284	0.008701368412	0.1796093782	0.8045936526	-0.005849350013	0.008701368412	0.008701368412	0.2245338858	0.2245338858	-0.3989030291	0.2906688857	0.2245338858	0.3883917202	0.2951281355	-0.05494667622	-0.5488800077	-0.05298121837	-0.5488800077	0.008701368412	0.2275453387	0.2181685741	-0.6910035796	0.2228429947	0.2150312203	0.008701368412	1	0.3547180395	0.3605389833	-0.5409492215	0.3605389833	0.723612275	0.8486211075	-0.5417779084	0.8361259755	0.2951281355	0.008701368412	0.8586219554	-0.09631254164	0.2951281355	0.8525840313	0.7300133675	0.2988330509	0.7910833399	-0.5645636168	0.1618285123	0.7976599242	0.2231311637	0.005221917175	-0.5537178332	0.7881052655	0.6839827816	-0.005849350013	-0.5537178332	0.4040980489	0.8412170682	0.3883917202	0.6786597171	0.8486211075	0.6786597171	-0.5537178332	0.6839827816	-0.06014547327	0.8484056525	0.4123389216	-0.07675263647	-0.07675263647	0.8514189895	-0.5405181478	-0.04614430176	-0.06014547327	0.2974670336	0.3823180682	0.03643814898	-0.4092610452	-0.4062336439	0.3352475938	0.1884921955	0.3352475938	-0.05064210078	-0.04877324212	0.1721171385	-0.05064210078	0.2681548012	0.1796093782	0.1785352895	0.6967111258	0.6967111258	0.2044500943	0.2044500943	0.6967111258	0.3407437896	-0.05064210078	0.1902717716	0.1825749874	0.1785352895	-0.5352159123	-0.05317744167	0.6967111258	-0.05064210078	0.7683146244	0.3058295599	0.2044500943	0.8413948337	0.7006810564	-0.5478755202	0.3674158889	-0.5352159123	0.1682536233	0.1800565136	0.6835394654	0.1800565136	0.176446932	0.176446932	0.3028930209	0.3028930209	0.05885665172	0.3044658433	-0.1620618911	0.3146822692	0.03682061567	0.1894565117	-0.04061162199	-0.1928162391	0.02704258329	0.06403361828	0.1858705166	-0.280412705	-0.2779235727	0.01612317083	-0.09567970731	-0.2767382458	0.01612317083	0.2651961952	-0.09519732351	-0.2307903297	0.05290626612	0.3346414036	-0.2473863157	0.03261890859	0.02532205087	-0.1980624426	0.008701368412	0.04742963127	0.05290626612	-0.1366127935	-0.09631254164	0.008701368412	-0.01906493288	0.2959655109	0.3612212177	0.3077858676	0.2982875
chr11_2090748_T_C	0.1042572962	-0.07044494127	-0.06692091358	0.2651114189	-0.1663438807	-0.1589523844	0.263925491	0.4730983651	0.263925491	0.263925491	0.263925491	-0.04678652207	-0.1563598617	0.4818335143	0.1203741177	-0.05390390846	0.03437233871	-0.1093137738	-0.1039852307	-0.1039852307	-0.08730636232	-0.1039852307	0.1979796128	0.1979796128	-0.07802216961	0.09694860213	-0.006931588555	-0.1295085195	-0.144171998	0.1624096785	0.1624096785	0.1624096785	0.06474065649	0.0008129241822	0.6406412913	0.06474065649	0.007404287206	-0.09187552662	-0.09187552662	0.06474065649	0.06474065649	0.06580195634	-0.1330308049	0.06474065649	0.6505128997	0.6406412913	0.06474065649	0.007404287206	-0.1297268262	-0.1145218951	-0.1145218951	-0.1112397189	-0.02742243639	0.1432648851	0.9576489185	0.6668958292	-0.08768862539	0.06755091408	0.6668958292	-0.02429658508	0.0745032535	-0.08768862539	0.06755091408	0.04850364102	0.06651039178	-0.1145218951	0.1328978189	-0.1161589323	-0.05581713109	0.08127675284	0.08299569041	0.05722986243	0.05722986243	-0.09950886247	0.04850364102	0.05722986243	0.05722986243	0.08127675284	0.08127675284	0.1398470307	-0.02238486441	0.08127675284	-0.05113170226	-0.07886006003	0.03437233871	0.1448439014	0.02127592855	0.1448439014	0.05722986243	0.07867459714	0.06474065649	-0.2616980292	0.08041724344	0.07243425875	0.05722986243	0.3547180395	1	-0.04244510837	0.1432723854	-0.04244510837	-0.09850523984	-0.111705332	0.1440589828	-0.1048808615	-0.07886006003	0.05722986243	-0.1145649441	0.005421166906	-0.07886006003	-0.1113756262	-0.1008120359	0.03172583009	-0.07668375712	0.1070434047	0.5013543952	-0.07986218707	-0.02429658508	0.02721728052	0.1045950215	-0.1204000305	-0.1074426846	0.04850364102	0.1045950215	-0.02742243639	-0.1107307266	-0.02480722053	-0.1041025726	-0.111705332	-0.1041025726	0.1045950215	-0.1074426846	0.08883459321	-0.1120209523	-0.03178225452	-0.05560401406	-0.05560401406	-0.1136038606	0.1079725946	-0.03715282106	0.08883459321	-0.03024034485	-0.06367816215	0.01984971948	0.1351468747	0.136670972	-0.00196523705	0.073417648	-0.00196523705	0.09611258495	0.08203479571	0.5466590792	0.09611258495	0.04736582611	-0.05560401406	0.06088525158	-0.1079456536	-0.1079456536	-0.04889368851	-0.04889368851	-0.1079456536	-0.008245474476	0.09611258495	0.02299276135	0.06258623003	0.06088525158	0.108897903	-0.04889368851	-0.1079456536	0.09611258495	-0.06289384295	0.02648306056	-0.04889368851	-0.1110952647	-0.1084565281	0.121103768	-0.004167679121	0.108897903	0.06959280632	0.0875750799	-0.1254319071	0.0875750799	0.07300104374	0.07300104374	-0.01325256948	-0.01325256948	-0.03772553604	0.004506548689	-0.138053858	-0.01127219648	-0.12278507	0.04865903138	0.05985023763	-0.08321699212	0.09102287369	0.07245849571	0.03115853924	-0.1140624444	-0.1136973132	0.07527906661	-0.08762807845	-0.1176322151	0.07527906661	-0.01047253959	-0.09931413778	-0.1145218951	-0.02000470118	0.01959872257	-0.03908381973	-0.01047253959	0.08030340121	-0.3286577706	0.0008129241822	0.06621098287	-0.02000470118	0.01280751174	0.005421166906	-0.05560401406	-0.01047253959	-0.01788380581	-0.004851463464	0.03145355627	0.5672519681
chr11_2091639_C_T	0.09561643723	-0.01933161038	0.04896783939	0.04181257285	0.01664430971	0.01308156409	0.04062990276	0.0316686795	0.04062990276	0.04062990276	0.04062990276	0.02254513197	0.01421657627	0.0150825191	0.06704672053	0.01545365596	0.5764929736	-0.02527484188	0.04209014141	0.04209014141	-0.002009071808	0.04209014141	0.03779179503	0.03779179503	0.5885125236	0.08071061345	0.89017287	-0.1168111607	-0.1262135198	-0.2608661191	-0.2608661191	-0.2608661191	0.1033244303	0.009699959193	0.6328850736	0.1033244303	0.01584506592	0.8329730619	0.8329730619	0.1033244303	0.1033244303	0.1036165486	-0.1167594632	0.1033244303	0.642034302	0.6328850736	0.1033244303	0.01584506592	-0.09941851425	-0.1183881277	-0.1183881277	-0.1156783119	0.9381727645	-0.2767827262	-0.09423768574	-0.06983728662	0.799811523	0.1050116984	-0.06983728662	-0.05949622075	0.09335339564	0.799811523	0.1050116984	0.004217414765	0.1047321026	-0.1183881277	0.1755888723	-0.1197409068	0.9269344983	0.1022193925	0.1036165486	0.009699959193	0.5231401721	0.4030358437	0.004217414765	0.009699959193	0.009699959193	0.1022193925	0.1022193925	0.1709457293	0.7727990722	0.1022193925	0.9497820019	0.8344081639	-0.02843785033	-0.2760523351	-0.01341321048	-0.2760523351	0.009699959193	0.1005023906	0.1033244303	-0.2312713775	0.1019145738	0.07140604341	0.009699959193	0.3605389833	-0.04244510837	1	-0.2806086773	1	-0.1196408706	0.4331530103	-0.2783168951	0.4186243722	0.8344081639	0.009699959193	0.4203201871	-0.06212813229	0.8344081639	0.4238876283	-0.1210924292	0.8002663148	0.4109507951	-0.2870169493	-0.05250179872	0.4228336166	-0.05949622075	0.03825580868	-0.2775159115	0.22259539	-0.1480247957	0.004217414765	-0.2775159115	0.9381727645	0.4136307395	0.9231626372	-0.1454390519	0.4331530103	-0.1454390519	-0.2775159115	-0.1480247957	0.01815964394	0.3876490048	0.8699925697	0.009699959193	0.009699959193	0.4013556604	-0.2599027857	0.1292061507	0.01815964394	0.5904928261	0.7199052261	0.03047981477	0.06043891756	0.06168927344	0.7620676911	0.0962504187	0.7620676911	0.02267748562	0.01390417759	-0.05724610219	0.02267748562	0.6286316051	0.409042347	0.07809701573	-0.1303446107	-0.1303446107	0.4743399375	0.4743399375	-0.1303446107	0.737435545	0.02267748562	0.0666662724	0.07950378856	0.07809701573	-0.2577618866	-0.04163485344	-0.1303446107	0.02267748562	0.277393441	0.7414433303	0.4743399375	0.3844456587	-0.130299765	-0.2674976109	0.8485924659	-0.2577618866	0.07173882865	0.07551493702	-0.130299765	0.07551493702	0.07459685443	0.07459685443	0.6212600934	0.6212600934	-0.01993239896	0.5550119087	-0.2923195143	0.668099867	-0.00804567595	0.4414487211	0.02749771475	-0.03382004467	0.2121379946	0.2492118995	0.0449627638	-0.1475120663	-0.1455614145	0.1916149394	0.08922839631	-0.2480998205	0.1916149394	-0.0007457641864	0.09191067295	-0.08391000739	0.1337577196	0.4186902145	-0.04382544736	0.05101027035	0.1981233535	0.1120713852	0.009699959193	0.1907298156	0.1337577196	0.03429874822	-0.06212813229	0.1237977843	0.1027663049	-0.07394402927	0.4291030272	0.4554142382	-0.06787123978
chr11_2092983_G_C	-0.09317464267	-0.04678082242	0.3324654571	0.3531611805	-0.02109146821	-0.02529845305	0.3521730159	0.156864062	0.3521730159	0.3521730159	0.3521730159	0.2804310094	-0.02378749301	0.1623960823	0.3844193512	0.2879126715	-0.1385789052	-0.0371904819	-0.04933428952	-0.04933428952	0.006105168139	-0.04933428952	0.3482685848	0.3482685848	-0.2023784181	0.5891131683	-0.2954526208	-0.3956793813	-0.4826588683	0.9490625264	0.9490625264	0.9490625264	0.5310724556	-0.1775547917	-0.1202782608	0.5310724556	-0.1820285758	-0.2655280737	-0.2655280737	0.5310724556	0.5310724556	0.5337697499	-0.4611283123	0.5310724556	-0.1081885627	-0.1202782608	0.5310724556	-0.1820285758	-0.4388164765	-0.5428103112	-0.5428103112	-0.5339041124	-0.2957683977	0.9861788725	0.1699200356	0.1188583331	-0.2385428687	0.526752423	0.1188583331	-0.1868001672	0.54491842	-0.2385428687	0.526752423	-0.1740922795	0.5317285562	-0.5504499453	0.8369090289	-0.5510765264	-0.3071586194	0.517672249	0.5260648494	-0.1775547917	-0.1522730876	-0.7103357006	-0.1740922795	-0.1775547917	-0.1775547917	0.517672249	0.517672249	0.8196416917	-0.3761544928	0.517672249	-0.2960027383	-0.2108381627	-0.2223539576	0.994505747	-0.1868001672	0.994505747	-0.1775547917	0.5219719818	0.5154645838	0.904700572	0.5226122297	0.5838191594	-0.1775547917	-0.5409492215	0.1432723854	-0.2806086773	1	-0.2806086773	-0.5485541453	-0.6476466113	0.9972258352	-0.6760202268	-0.2108381627	-0.1775547917	-0.6533511824	0.1611973163	-0.2108381627	-0.6513186529	-0.5517192123	-0.1855167192	-0.6173265528	0.9227297886	0.1038404775	-0.6198688354	-0.1868001672	-0.1888045757	0.9169385563	-0.5825238895	-0.5222687449	-0.1740922795	0.9169385563	-0.3074509969	-0.6419960319	-0.2960027383	-0.5054542693	-0.6476466113	-0.5054542693	0.9169385563	-0.5222687449	0.04055989646	-0.6468464226	-0.3111678078	-0.1017096796	-0.1017096796	-0.6478702298	0.9038576732	0.08492481338	0.04055989646	-0.2089301103	-0.2691041479	-0.2123844196	0.7611897211	0.7573886488	-0.2563507061	0.4807007881	-0.2563507061	0.02689127821	0.01728423908	0.1286139697	0.02689127821	-0.2199867318	-0.1522730876	0.53103054	-0.5095913605	-0.5095913605	-0.1593031869	-0.1593031869	-0.5095913605	-0.281602516	0.02689127821	0.5003457107	0.524484945	0.53103054	0.89612966	0.06935536885	-0.5095913605	0.02689127821	-0.5711730604	-0.2372959559	-0.1593031869	-0.6211295527	-0.5125442207	0.8703168881	-0.2955859766	0.89612966	0.5249517341	0.4714578412	-0.5125442207	0.4714578412	0.5264532571	0.5264532571	-0.2314031386	-0.2314031386	0.1150430477	-0.1698273612	0.5890859263	-0.2682733316	0.4072275166	-0.1724593943	-0.02710495896	0.174270467	-0.06211423323	-0.09501178591	-0.1292432739	0.5783805837	0.5550856874	-0.0987102822	0.4637946971	0.6229417535	-0.0987102822	-0.217265213	0.4593234996	0.244071998	-0.1676433393	-0.2501487467	0.3314932339	-0.1713929715	-0.08185341035	0.3927942361	-0.1522730876	-0.07370412911	-0.1676433393	0.1724638702	0.1436351597	-0.1017096796	-0.12552073	-0.2189195154	-0.3231079109	-0.300628068	0.05352370109
chr11_2092999_C_G	0.09561643723	-0.01933161038	0.04896783939	0.04181257285	0.01664430971	0.01308156409	0.04062990276	0.0316686795	0.04062990276	0.04062990276	0.04062990276	0.02254513197	0.01421657627	0.0150825191	0.06704672053	0.01545365596	0.5764929736	-0.02527484188	0.04209014141	0.04209014141	-0.002009071808	0.04209014141	0.03779179503	0.03779179503	0.5885125236	0.08071061345	0.89017287	-0.1168111607	-0.1262135198	-0.2608661191	-0.2608661191	-0.2608661191	0.1033244303	0.009699959193	0.6328850736	0.1033244303	0.01584506592	0.8329730619	0.8329730619	0.1033244303	0.1033244303	0.1036165486	-0.1167594632	0.1033244303	0.642034302	0.6328850736	0.1033244303	0.01584506592	-0.09941851425	-0.1183881277	-0.1183881277	-0.1156783119	0.9381727645	-0.2767827262	-0.09423768574	-0.06983728662	0.799811523	0.1050116984	-0.06983728662	-0.05949622075	0.09335339564	0.799811523	0.1050116984	0.004217414765	0.1047321026	-0.1183881277	0.1755888723	-0.1197409068	0.9269344983	0.1022193925	0.1036165486	0.009699959193	0.5231401721	0.4030358437	0.004217414765	0.009699959193	0.009699959193	0.1022193925	0.1022193925	0.1709457293	0.7727990722	0.1022193925	0.9497820019	0.8344081639	-0.02843785033	-0.2760523351	-0.01341321048	-0.2760523351	0.009699959193	0.1005023906	0.1033244303	-0.2312713775	0.1019145738	0.07140604341	0.009699959193	0.3605389833	-0.04244510837	1	-0.2806086773	1	-0.1196408706	0.4331530103	-0.2783168951	0.4186243722	0.8344081639	0.009699959193	0.4203201871	-0.06212813229	0.8344081639	0.4238876283	-0.1210924292	0.8002663148	0.4109507951	-0.2870169493	-0.05250179872	0.4228336166	-0.05949622075	0.03825580868	-0.2775159115	0.22259539	-0.1480247957	0.004217414765	-0.2775159115	0.9381727645	0.4136307395	0.9231626372	-0.1454390519	0.4331530103	-0.1454390519	-0.2775159115	-0.1480247957	0.01815964394	0.3876490048	0.8699925697	0.009699959193	0.009699959193	0.4013556604	-0.2599027857	0.1292061507	0.01815964394	0.5904928261	0.7199052261	0.03047981477	0.06043891756	0.06168927344	0.7620676911	0.0962504187	0.7620676911	0.02267748562	0.01390417759	-0.05724610219	0.02267748562	0.6286316051	0.409042347	0.07809701573	-0.1303446107	-0.1303446107	0.4743399375	0.4743399375	-0.1303446107	0.737435545	0.02267748562	0.0666662724	0.07950378856	0.07809701573	-0.2577618866	-0.04163485344	-0.1303446107	0.02267748562	0.277393441	0.7414433303	0.4743399375	0.3844456587	-0.130299765	-0.2674976109	0.8485924659	-0.2577618866	0.07173882865	0.07551493702	-0.130299765	0.07551493702	0.07459685443	0.07459685443	0.6212600934	0.6212600934	-0.01993239896	0.5550119087	-0.2923195143	0.668099867	-0.00804567595	0.4414487211	0.02749771475	-0.03382004467	0.2121379946	0.2492118995	0.0449627638	-0.1475120663	-0.1455614145	0.1916149394	0.08922839631	-0.2480998205	0.1916149394	-0.0007457641864	0.09191067295	-0.08391000739	0.1337577196	0.4186902145	-0.04382544736	0.05101027035	0.1981233535	0.1120713852	0.009699959193	0.1907298156	0.1337577196	0.03429874822	-0.06212813229	0.1237977843	0.1027663049	-0.07394402927	0.4291030272	0.4554142382	-0.06787123978
chr11_2093065_C_T	-0.01746487752	0.1009419347	-0.2199521691	-0.2561483661	0.2650602724	0.2681069021	-0.2507930341	-0.1325093778	-0.2507930341	-0.2507930341	-0.2507930341	-0.1846701161	0.2686798862	-0.125911224	-0.01527289522	-0.1864395674	-0.06599764672	0.234225756	0.2220400255	0.2220400255	0.003119449382	0.2220400255	-0.2469947595	-0.2469947595	-0.09565732056	0.1012477258	-0.1268026998	0.8000806857	0.8777993461	-0.5237629055	-0.5237629055	-0.5237629055	0.1289697455	0.007830202965	-0.1546127917	0.1289697455	0.01966911898	-0.08299110579	-0.08299110579	0.1289697455	0.1289697455	0.1306066421	0.8979198315	0.1289697455	-0.1482413196	-0.1546127917	0.1289697455	0.01966911898	0.8291590762	0.9684766186	0.9684766186	0.9683742329	-0.1192651691	-0.5409746077	-0.08543963021	-0.02090068709	-0.09312581517	0.1336153096	-0.02090068709	0.3287423319	0.1350655151	-0.09312581517	0.1336153096	-0.002765929263	0.1320127762	0.9790028789	-0.6409765915	0.9843351029	-0.1230595148	0.1488657265	0.1412228297	0.007830202965	-0.09667289046	0.7541883326	-0.002765929263	0.007830202965	0.007830202965	0.1488657265	0.1488657265	-0.6504872858	-0.1210445431	0.1488657265	-0.1154169083	-0.0947597805	-0.04291177635	-0.5547637119	-0.03705852138	-0.5547637119	0.007830202965	0.1552542534	0.1504750322	-0.5086098701	0.1474691803	0.1499575488	0.007830202965	0.723612275	-0.09850523984	-0.1196408706	-0.5485541453	-0.1196408706	1	0.8383105846	-0.5516625274	0.8188367035	-0.0947597805	0.007830202965	0.832029414	-0.07845171498	-0.0947597805	0.8202257239	0.9896796237	-0.09311737657	0.7529963187	-0.5593466589	-0.07559100732	0.7650745029	0.3287423319	-0.0002520776647	-0.5501435648	0.8765113398	0.952060591	-0.002765929263	-0.5501435648	-0.03878089513	0.8213836816	-0.05040121483	0.9522738334	0.818915727	0.9522738334	-0.5501435648	0.952060591	-0.08316280198	0.8097463018	-0.04672333016	-0.06183852598	-0.06183852598	0.8061959146	-0.547243533	-0.1074836493	-0.08316280198	0.02646953638	0.001041530382	0.01793023921	-0.5779088512	-0.5759652419	-0.01160668415	0.1136260397	-0.01160668415	-0.07745185281	-0.08864097572	-0.08772302732	-0.07745185281	-0.032552593	-0.06183852598	0.1093277609	0.9259497588	0.9259497588	-0.04562423507	-0.04562423507	0.9259497588	-0.004474021719	-0.07745185281	0.1336745261	0.1122795608	0.1093277609	-0.5428086138	-0.006242121714	0.9259497588	-0.07745185281	0.7786382296	-0.05937883979	-0.04562423507	0.8030549454	0.9216352112	-0.5502985315	-0.04333275669	-0.5428086138	0.0954154703	0.107421707	0.9111538458	0.107421707	0.1014316612	0.1014316612	0.004321866893	0.004321866893	0.0609706027	0.03612060489	0.03880359496	-0.02748423329	0.1326728288	-0.02806644578	-0.07147624474	-0.1399466289	-0.06039018438	-0.07334940277	0.1860880992	-0.1754613373	-0.1729472812	-0.07620465374	-0.1136620939	-0.127150815	-0.07620465374	0.3352415638	-0.1077159428	-0.1578332346	-0.02940906088	0.1489444176	-0.2385650218	-0.01238599638	-0.07109097825	-0.1072490191	0.007830202965	-0.04895382264	-0.02940906088	-0.1872269003	-0.07845171498	-0.06183852598	-0.07559100732	0.4237777469	0.1269490635	0.08829436831	0.06115651734
chr11_2093603_C_A	0.0388027893	0.08230288303	-0.1689635324	-0.2054348055	0.2408855456	0.2416525028	-0.2011853615	-0.1008673348	-0.2011853615	-0.2011853615	-0.2011853615	-0.1520669024	0.2428577898	-0.1041304886	0.01977868542	-0.1575721107	0.2408395174	0.1958440271	0.2164763752	0.2164763752	0.004185721368	0.2164763752	-0.1979128397	-0.1979128397	0.2415406184	0.1437478211	0.3671235305	0.6574348774	0.724183487	-0.6144325643	-0.6144325643	-0.6144325643	0.1720621914	0.01336110435	0.2024431924	0.1720621914	0.02752596811	0.3718780912	0.3718780912	0.1720621914	0.1720621914	0.1737274812	0.7475470561	0.1720621914	0.2132031329	0.2024431924	0.1720621914	0.02752596811	0.6937420144	0.8103409744	0.8103409744	0.8116734273	0.4003878445	-0.6387094759	-0.1287048529	-0.05671252744	0.3616082731	0.1772249417	-0.05671252744	0.2676033469	0.1719698388	0.3616082731	0.1772249417	0.0006955752836	0.1755978619	0.8199368628	-0.4839708604	0.8240854968	0.3908385133	0.1896168722	0.1834053486	0.01336110435	0.203894113	0.8995810087	0.0006955752836	0.01336110435	0.01336110435	0.1896168722	0.1896168722	-0.4950990549	0.3094583847	0.1896168722	0.4101874784	0.3792457045	-0.05379618534	-0.6508802579	-0.04021442561	-0.6508802579	0.01336110435	0.1944965469	0.1916667162	-0.584725661	0.1881637063	0.1825137672	0.01336110435	0.8486211075	-0.111705332	0.4331530103	-0.6476466113	0.4331530103	0.8383105846	1	-0.6492594954	0.9743829892	0.3792457045	0.01336110435	0.9873105048	-0.1050197658	0.3792457045	0.9784773684	0.8282456591	0.3624250993	0.9106412611	-0.6612079864	-0.09722098542	0.9200115038	0.2676033469	-0.004519352399	-0.6544295332	0.9261608111	0.788397144	0.0006955752836	-0.6544295332	0.4737584519	0.982512028	0.4694567081	0.7899872798	0.9823193723	0.7899872798	-0.6544295332	0.788397144	-0.06455846317	0.9574256991	0.4432579325	-0.05014989852	-0.05014989852	0.9618407468	-0.6420513787	-0.02494579848	-0.06455846317	0.3538632673	0.4030516661	0.01034522831	-0.4978507327	-0.4954078049	0.4149604493	0.1542465912	0.4149604493	-0.05687337081	-0.07188618853	-0.1108390326	-0.05687337081	0.322044711	0.1403831101	0.1400426941	0.7744264643	0.7744264643	0.1872661152	0.1872661152	0.7744264643	0.4078112945	-0.05687337081	0.1555856175	0.143494942	0.1400426941	-0.6368423455	-0.02814164825	0.7744264643	-0.05687337081	0.8678135683	0.3480234392	0.1872661152	0.9409846124	0.7705098916	-0.6487957777	0.4199105313	-0.6368423455	0.1238992345	0.137092277	0.7609549302	0.137092277	0.1309311092	0.1309311092	0.3509115553	0.3509115553	0.04310631706	0.3431122628	-0.124120107	0.3482693738	0.1134469082	0.2217719648	-0.04877966441	-0.1523628881	0.06428496504	0.07315293801	0.1959167404	-0.2463543403	-0.2428457856	0.0385400472	-0.05736763141	-0.2515090185	0.0385400472	0.3061091146	-0.05049767591	-0.1876314204	0.02206056764	0.3705385797	-0.2388941333	-0.01079310684	0.04679324474	-0.03939231269	0.01336110435	0.0627270466	0.02206056764	-0.149606279	-0.1050197658	0.01336110435	-0.01079310684	0.346448123	0.3568643223	0.3361321948	0.01915215972
chr11_2093897_G_A	-0.09160954332	-0.04576497106	0.3345283064	0.3555439193	-0.02307160176	-0.02722934047	0.354580165	0.1580575629	0.354580165	0.354580165	0.354580165	0.2822601196	-0.02572673707	0.1635310886	0.3800010854	0.2897554283	-0.1371068983	-0.03990360612	-0.05079720912	-0.05079720912	-0.0007600715937	-0.05079720912	0.3461685058	0.3461685058	-0.2006467275	0.5919117276	-0.2929788038	-0.3995634444	-0.4852942388	0.9517765908	0.9517765908	0.9517765908	0.5343087579	-0.1761864115	-0.1179142858	0.5343087579	-0.1806804315	-0.2633792669	-0.2633792669	0.5343087579	0.5343087579	0.5369048499	-0.4640415355	0.5343087579	-0.1059092322	-0.1179142858	0.5343087579	-0.1806804315	-0.4424336011	-0.5458861459	-0.5458861459	-0.5370813171	-0.2933361833	0.9889601039	0.1705353045	0.1193427576	-0.2365519509	0.5298832635	0.1193427576	-0.1852269948	0.547848968	-0.2365519509	0.5298832635	-0.1727015011	0.5349287834	-0.5534950028	0.8413620614	-0.5540867802	-0.3046589792	0.5209050425	0.5292309895	-0.1761864115	-0.1510065578	-0.7108394506	-0.1727015011	-0.1761864115	-0.1761864115	0.5209050425	0.5209050425	0.824310887	-0.3730912472	0.5209050425	-0.2935913327	-0.2090625498	-0.2205444531	0.9972478812	-0.1852269948	0.9972478812	-0.1761864115	0.5175072392	0.5187637643	0.9071331938	0.5259163786	0.586274808	-0.1761864115	-0.5417779084	0.1440589828	-0.2783168951	0.9972258352	-0.2783168951	-0.5516625274	-0.6492594954	1	-0.6773421204	-0.2090625498	-0.1761864115	-0.6547985753	0.1614048416	-0.2090625498	-0.6528206144	-0.5546948999	-0.1832985712	-0.6184482394	0.9257241734	0.1041462964	-0.620939804	-0.1852269948	-0.187254364	0.9200043874	-0.5848210281	-0.5256521659	-0.1727015011	0.9200043874	-0.3049717178	-0.6435948439	-0.2935913327	-0.5089755201	-0.6492594954	-0.5089755201	0.9200043874	-0.5256521659	0.04130488295	-0.6483086684	-0.3086597786	-0.1006468504	-0.1006468504	-0.6493054805	0.9068861675	0.08546836631	0.04130488295	-0.2072610215	-0.2669283756	-0.2107631878	0.7658817008	0.76208616	-0.2542501698	0.4843122955	-0.2542501698	0.02766287596	0.01815074929	0.1288854234	0.02766287596	-0.2176725179	-0.1510065578	0.5337762218	-0.5129332873	-0.5129332873	-0.1580871495	-0.1580871495	-0.5129332873	-0.2793528659	0.02766287596	0.5026990077	0.5272281275	0.5337762218	0.8991478955	0.06965022829	-0.5129332873	0.02766287596	-0.5726980847	-0.2348304586	-0.1580871495	-0.6226617847	-0.5157850426	0.8682087171	-0.2931329581	0.8991478955	0.52792031	0.4751780222	-0.5157850426	0.4751780222	0.5293548422	0.5293548422	-0.2295545185	-0.2295545185	0.1134851419	-0.1681564914	0.5892672773	-0.2660541649	0.4031915058	-0.1704711105	-0.02614505661	0.1688424742	-0.0765504849	-0.1078943851	-0.127732809	0.5788618221	0.5558397941	-0.1120943586	0.4659835344	0.6281616996	-0.1120943586	-0.2156657819	0.4614849573	0.2454349721	-0.1661783781	-0.247792603	0.3325206773	-0.1699783422	-0.09558996852	0.3945571153	-0.1510065578	-0.0887944825	-0.1661783781	0.1733394675	0.1439134362	-0.1006468504	-0.1242909024	-0.2324049048	-0.3199972546	-0.2977187752	0.05424421635
chr11_2094303_C_T	0.02939705245	0.07501337835	-0.1843434707	-0.2165234427	0.2238121658	0.2240594497	-0.2124703254	-0.1018710772	-0.2124703254	-0.2124703254	-0.2124703254	-0.1639602127	0.2254785275	-0.1047185664	0.03232844109	-0.1698522173	0.2307607709	0.2230887049	0.2402980619	0.2402980619	0.000504316855	0.2402980619	-0.2110259976	-0.2110259976	0.2314325319	0.1320685318	0.3525757627	0.640771876	0.7126251661	-0.6411523034	-0.6411523034	-0.6411523034	0.1682853696	0.03963131668	0.1967897198	0.1682853696	0.0557413263	0.3587921625	0.3587921625	0.1682853696	0.1682853696	0.1605646572	0.7276807988	0.1682853696	0.2077669208	0.1967897198	0.1682853696	0.0557413263	0.6861283537	0.8007967093	0.8007967093	0.8024456111	0.3857100944	-0.6667316102	-0.1206339495	-0.04124939772	0.3490283557	0.1737289952	-0.04124939772	0.2578574643	0.1692072897	0.3490283557	0.1737289952	0.02530233791	0.1719430476	0.8102627784	-0.5143608543	0.8141891299	0.3761291746	0.1856180569	0.1796585352	0.03963131668	0.1962607801	0.9284102134	0.02530233791	0.03963131668	0.03963131668	0.1856180569	0.1856180569	-0.4901889865	0.3666133007	0.1856180569	0.3955395268	0.3672011958	0.06467523809	-0.6786751166	-0.02049150098	-0.6786751166	0.03963131668	0.190074232	0.1876246718	-0.6154175553	0.1839984517	0.1718305509	0.03963131668	0.8361259755	-0.1048808615	0.4186243722	-0.6760202268	0.4186243722	0.8188367035	0.9743829892	-0.6773421204	1	0.3672011958	0.03963131668	0.9702086982	-0.1099955391	0.3672011958	0.9617850353	0.8181275454	0.3465433828	0.9334576193	-0.6818132461	-0.1013111638	0.9423932429	0.2578574643	0.01586821116	-0.6754357363	0.9035464306	0.7800161069	0.02530233791	-0.6754357363	0.4580880972	0.9658817041	0.4540069244	0.772217827	0.9656622727	0.772217827	-0.6754357363	0.7800161069	0.0218044933	0.940903354	0.4278973739	-0.05434636137	-0.05434636137	0.9451149268	-0.6626828483	-0.03121950506	0.0218044933	0.3428999199	0.3894502546	0.05170670865	-0.4848928584	-0.4823542468	0.4013760113	0.1596255655	0.4013760113	0.03229398181	0.03435689482	-0.1152334382	0.03229398181	0.3740344222	0.1649348874	0.1290715316	0.7564951536	0.7564951536	0.1804460451	0.1804460451	0.7564951536	0.4100172482	0.03229398181	0.1120958114	0.132649088	0.1290715316	-0.6573140261	-0.03204754421	0.7564951536	0.03229398181	0.876332913	0.3812289975	0.1804460451	0.9163002036	0.7525616819	-0.6574714794	0.4048078878	-0.6573140261	0.1121740127	0.1423985748	0.7431359861	0.1423985748	0.1194667971	0.1194667971	0.3393238287	0.3393238287	-0.04016656885	0.3311051832	-0.1562133556	0.3350601904	0.12072184	0.2678958037	0.04346299267	-0.150975043	0.1340266135	0.1533982186	0.1858779288	-0.2330858893	-0.2305867611	0.1408926544	-0.05319409245	-0.284367996	0.1408926544	0.2965624285	-0.04613172616	-0.183674476	0.04208854103	0.3554606209	-0.2533001414	0.01236700544	0.1323584017	-0.03949067797	0.03963131668	0.1564230636	0.04208854103	-0.1593044945	-0.1099955391	0.008305423996	0.01236700544	0.3532911075	0.409527079	0.3800003166	0.03435689482
chr11_2094347_C_T	-0.005641965392	0.001566296014	0.09412536398	0.05345923173	0.08706628196	0.08490186838	0.05253486856	-0.005888112317	0.05253486856	0.05253486856	0.05253486856	0.06299913903	0.08526899349	-0.00289808035	0.0707295788	0.05659942708	0.6364101412	0.03349020298	0.08020797753	0.08020797753	-0.08859887436	0.08020797753	-0.00615968212	-0.00615968212	0.5838004872	0.1056408317	0.7433828871	-0.09249143371	-0.1130951348	-0.1952031667	-0.1952031667	-0.1952031667	0.0957841765	-0.03776389383	0.5309040198	0.0957841765	-0.03555158828	0.8922799742	0.8922799742	0.0957841765	0.0957841765	0.09584741049	-0.1056743208	0.0957841765	0.5384234892	0.5309040198	0.0957841765	-0.03555158828	-0.09258100492	-0.09376756403	-0.09376756403	-0.09160363893	0.7612700756	-0.2079101323	-0.07516073127	-0.05569981363	0.92451123	0.09693400206	-0.05569981363	-0.04745213579	0.1012719304	0.92451123	0.09693400206	-0.03986565582	0.09687932058	-0.09376756403	0.1494483477	-0.09484778736	0.7521843172	0.0947597805	0.09584741049	-0.03776389383	0.03156981601	0.3176037354	-0.03986565582	-0.03776389383	-0.03776389383	0.0947597805	0.0947597805	0.1458209113	0.6096354184	0.0947597805	0.7706562079	1	-0.05283554855	-0.2073078178	-0.04745213579	-0.2073078178	-0.03776389383	0.09359033771	0.0957841765	-0.1718266663	0.09468788349	0.109904858	-0.03776389383	0.2951281355	-0.07886006003	0.8344081639	-0.2108381627	0.8344081639	-0.0947597805	0.3792457045	-0.2090625498	0.3672011958	1	-0.03776389383	0.368345856	-0.04955125775	1	0.3712455763	-0.09592698129	0.6589308755	0.3356996569	-0.1910135769	-0.04187362576	0.333270562	-0.04745213579	-0.04565751875	-0.1933170514	0.3279567382	-0.1107030439	-0.03986565582	-0.1933170514	0.7933089739	0.3759368661	0.8030077327	-0.1086071075	0.3792457045	-0.1086071075	-0.1933170514	-0.1107030439	-0.05252684963	0.3479048671	0.726530329	0.03156981601	0.03156981601	0.3464928528	-0.1742549435	0.1838555177	-0.05252684963	0.6932995719	0.8360585872	-0.04427123272	0.1664981101	0.167598118	0.8491990032	0.1119260854	0.8491990032	-0.05088149436	-0.05413176241	-0.04565751875	-0.05088149436	0.6589477438	0.03156981601	0.1216416612	-0.1105601704	-0.1105601704	0.04517894506	0.04517894506	-0.1105601704	0.8234579578	-0.05088149436	0.1356895561	0.1226694247	0.1216416612	-0.172674465	-0.03320652462	-0.1105601704	-0.05088149436	0.3130916761	0.6202640033	0.04517894506	0.3450299476	-0.1104419551	-0.1895633374	0.7521843172	-0.172674465	0.09709183163	0.08808006547	-0.1104419551	0.08808006547	0.09922998357	0.09922998357	0.7429979482	0.7429979482	0.06328532229	0.6681527423	-0.1802595529	0.5657479632	0.07828358339	0.4781157272	-0.04919154365	-0.04500095664	0.07204508198	0.05853347174	0.03733844758	-0.1454530245	-0.1555977121	0.06081198726	0.100869397	-0.1464785034	0.06081198726	0.02102744843	0.1029615265	-0.09376756403	-0.04565751875	0.4836218141	-0.003827262067	-0.04187362576	0.06439369049	0.1297876758	-0.03776389383	0.08046312891	-0.04565751875	0.05924052131	-0.04955125775	-0.03776389383	-0.04187362576	-0.05897521007	0.4453548783	0.4697039323	-0.05413176241
chr11_2094579_G_A	0.3151495236	-0.03373412703	-0.1105662099	-0.0492778499	-0.02223806275	-0.02453155794	-0.0500113237	0.04855454421	-0.0500113237	-0.0500113237	-0.0500113237	-0.09101206298	-0.02366284214	0.05113680023	0.1169981467	-0.09328683836	0.1139412135	-0.007424051681	0.01550703247	0.01550703247	0.1992507802	0.01550703247	0.07938358982	0.07938358982	-0.03736265137	-0.14077954	0.1028761647	-0.02471476217	-0.04234371957	-0.1412179779	-0.1412179779	-0.1412179779	0.09771796804	0.885930309	0.04478671756	0.09771796804	0.9414174408	0.01882983749	0.01882983749	0.09771796804	0.09771796804	0.09737954644	-0.03675207152	0.09771796804	0.04728498222	0.04478671756	0.09771796804	0.9414174408	-0.02530212367	-0.02672140469	-0.02672140469	-0.02503501234	0.05483793937	-0.1501741629	0.005383682784	-0.03927378725	-0.04199164873	0.09808673761	-0.03927378725	-0.03345837202	0.1009218427	-0.04199164873	0.09808673761	0.9472788809	0.09842795177	0.007748214	0.04581082407	0.006840650358	0.0007523795859	0.09667289046	0.09737954644	1	-0.02662721893	0.2817597684	0.9472788809	1	1	0.09667289046	0.09667289046	0.06904277424	0.4235322593	0.09667289046	0.003527921741	-0.03776389383	0.7187228743	-0.1748346054	0.7958312772	-0.1748346054	1	0.09629953388	0.09771796804	-0.1739163339	0.09700851243	-0.2296045704	1	0.008701368412	0.05722986243	0.009699959193	-0.1775547917	0.009699959193	0.007830202965	0.01336110435	-0.1761864115	0.03963131668	-0.03776389383	1	0.01067586867	-0.03493845721	-0.03776389383	0.01231091722	0.005936864917	0.07603529555	0.0874184408	-0.2237633891	-0.02952497975	0.08580980294	-0.03345837202	0.8271122668	-0.2256039647	-0.006198638185	0.01248032938	0.9472788809	-0.2256039647	0.002126679089	0.01324453155	0.003527921741	0.01437213442	0.01336110435	0.01437213442	-0.2256039647	0.01248032938	0.1309592652	0.0113960114	-0.0005828634934	-0.02662721893	-0.02662721893	0.01058630898	-0.2222483666	-0.03611084586	0.1309592652	-0.03373412703	-0.04450869163	0.8284501478	0.04696321928	0.04767764272	-0.04353598751	0.05857722533	-0.04353598751	0.1370279298	0.125342348	-0.03219299242	0.1370279298	0.03937647067	-0.02662721893	-0.2656559813	0.0114186177	0.0114186177	-0.02341383029	-0.02341383029	0.0114186177	0.01296677378	0.1370279298	-0.3059080084	-0.264373389	-0.2656559813	-0.2207518198	0.1055480603	0.0114186177	0.1370279298	0.03510112808	0.02799887377	-0.02341383029	-0.01933674223	0.0103858024	0.01966246757	-0.05146276367	-0.2207518198	-0.2749798242	0.05699585407	0.0103858024	0.05699585407	-0.2722551359	-0.2722551359	-0.03736265137	-0.03736265137	-0.220060446	-0.04022951596	-0.2380103842	-0.04641442108	-0.00142787433	-0.05273872651	0.05446801955	-0.03640535083	0.03050267104	0.02276880509	-0.0403556202	-0.114622197	0.04901480211	0.09093648503	0.01855705086	-0.2370913523	0.09093648503	0.07396156544	0.02011566608	0.04221783269	0.3497204561	-0.05497624996	-0.09633973743	0.384421201	0.02584438204	0.04086702155	0.771860618	-0.03837104686	0.3497204561	-0.06402751409	-0.03493845721	0.315581854	0.384421201	0.02812394422	0.01241670679	0.1087288221	-0.0381681586
chr11_2094599_G_A	0.03362636023	0.07761419221	-0.1705747254	-0.2082820274	0.2438037324	0.2444358023	-0.2041852087	-0.1056525473	-0.2041852087	-0.2041852087	-0.2041852087	-0.1519630563	0.245625784	-0.1087171788	0.02148354456	-0.1576558988	0.2327102132	0.194137462	0.2255073032	0.2255073032	-0.003132317529	0.2255073032	-0.2122948622	-0.2122948622	0.2333876492	0.131299778	0.3551369683	0.6648130698	0.7358469268	-0.6265863271	-0.6265863271	-0.6265863271	0.1583462427	0.01067586867	0.1914878876	0.1583462427	0.02470383464	0.360556268	0.360556268	0.1583462427	0.1583462427	0.1507044799	0.7505287373	0.1583462427	0.2021693452	0.1914878876	0.1583462427	0.02470383464	0.7096062292	0.8233173499	0.8233173499	0.8249048325	0.3879055789	-0.6511891229	-0.1309925894	-0.05916898757	0.3506709778	0.163722363	-0.05916898757	0.2592925674	0.1589709579	0.3506709778	0.163722363	-0.001875182739	0.1619165166	0.8327243673	-0.5034664192	0.8366530411	0.3784643147	0.1851724336	0.1696792457	0.01067586867	0.1974587139	0.9022467919	-0.001875182739	0.01067586867	0.01067586867	0.1851724336	0.1851724336	-0.5149193163	0.2976264909	0.1851724336	0.3975930122	0.368345856	-0.05612632632	-0.6630997638	-0.04246658594	-0.6630997638	0.01067586867	0.1897784371	0.1871742312	-0.595757408	0.1836554008	0.1794233629	0.01067586867	0.8586219554	-0.1145649441	0.4203201871	-0.6533511824	0.4203201871	0.832029414	0.9873105048	-0.6547985753	0.9702086982	0.368345856	0.01067586867	1	-0.106131038	0.368345856	0.9915406866	0.8405945261	0.3498366168	0.922398123	-0.6730873287	-0.09799329747	0.9232800674	0.2592925674	-0.007358969999	-0.6666207521	0.9251557854	0.8028410357	-0.001875182739	-0.6666207521	0.4598320702	0.9872871327	0.4556956761	0.7950511109	0.9873105048	0.7950511109	-0.6666207521	0.8028410357	-0.06665697516	0.9621009864	0.4298807804	-0.05158507972	-0.05158507972	0.9663376082	-0.6541522939	-0.02773977669	-0.06665697516	0.3438295928	0.3910696884	0.0307628791	-0.5097461577	-0.5073088806	0.4028325633	0.1500627666	0.4028325633	-0.05901760797	-0.05163179337	-0.1115860145	-0.05901760797	0.3237272919	0.1663282397	0.1373124505	0.7791932795	0.7791932795	0.1814503158	0.1814503158	0.7791932795	0.4115956393	-0.05901760797	0.1537543454	0.1407750178	0.1373124505	-0.6488922656	-0.02971768726	0.7791932795	-0.05901760797	0.873171839	0.347793414	0.1814503158	0.9457891447	0.784389817	-0.6621325274	0.4069641231	-0.6488922656	0.1210877659	0.13307196	0.7750229209	0.13307196	0.1281417723	0.1281417723	0.340605894	0.340605894	0.04631713179	0.3326993147	-0.1311518856	0.3529463883	0.1110840984	0.2126093431	-0.05097480883	-0.1496986159	0.05933235554	0.08556677454	0.1883894946	-0.2442506094	-0.2413820956	0.05217442923	-0.0629186236	-0.2610260371	0.05217442923	0.2973982632	-0.05602881342	-0.1832335189	0.04475455224	0.3582443154	-0.2429560484	0.01497571988	0.06067841721	-0.04296196448	0.01067586867	0.07818904033	0.04475455224	-0.152486185	-0.106131038	0.01067586867	-0.01326653446	0.3358463679	0.3666478625	0.3353598813	0.01530307201
chr11_2094739_C_T	0.008528053375	0.01220505526	0.2677214076	0.2560987921	-0.1482995001	-0.1524019183	0.2554377208	0.1871088844	0.2554377208	0.2554377208	0.2554377208	0.1504050803	-0.1503933666	0.1916068868	0.066473929	0.1429621692	-0.04888247383	-0.1486884025	-0.1469920424	-0.1469920424	-0.07670026853	-0.1469920424	0.1966021457	0.1966021457	-0.0490247742	0.08846334503	-0.06866741605	-0.07619331226	-0.09597360121	0.1726128694	0.1726128694	0.1726128694	0.07929981343	-0.03493845721	-0.04431766176	0.07929981343	-0.03289167297	-0.0577294501	-0.0577294501	0.07929981343	0.07929981343	0.07947656509	-0.08902481521	0.07929981343	-0.04191659966	-0.04431766176	0.07929981343	-0.03289167297	-0.0763975631	-0.077630258	-0.077630258	-0.07559104367	-0.0663737069	0.1605151281	0.0115700752	0.05919051042	-0.05509863518	0.08050006318	0.05919051042	-0.04390183976	0.08458245456	-0.05509863518	0.08050006318	-0.03688296859	0.08033222378	-0.077630258	0.1244744486	-0.07864767872	-0.06752599927	0.07845171498	0.07947656509	-0.03493845721	-0.03493845721	-0.121186309	-0.03688296859	-0.03493845721	-0.03493845721	0.07845171498	0.07845171498	0.1210072849	-0.08280755855	0.07845171498	-0.06520997466	-0.04955125775	-0.04888247383	0.1616158715	-0.04390183976	0.1616158715	-0.03493845721	0.07723046145	0.07929981343	0.1537882509	0.07826592696	0.09279326009	-0.03493845721	-0.09631254164	0.005421166906	-0.06212813229	0.1611973163	-0.06212813229	-0.07845171498	-0.1050197658	0.1614048416	-0.1099955391	-0.04955125775	-0.03493845721	-0.106131038	1	-0.04955125775	-0.1041831977	-0.0796637701	-0.015700369	-0.07656494599	0.1260790116	-0.0387407053	-0.07854230071	-0.04390183976	-0.04224149322	0.1246834728	-0.09114235804	-0.07330368002	-0.03688296859	0.1246834728	-0.0663737069	-0.1041034907	-0.06520997466	-0.07123142639	-0.1050197658	-0.07123142639	0.1246834728	-0.07330368002	0.06810288191	-0.1042730263	-0.06711071945	-0.03493845721	-0.03493845721	-0.1052407065	0.1264340105	0.006348600606	0.06810288191	-0.04426366706	-0.05840133067	-0.04095892697	0.1076884239	0.1086658625	-0.05712501333	0.07411353528	-0.05712501333	0.07303488681	0.0635022951	-0.04224149322	0.07303488681	-0.008596722953	-0.03493845721	0.08504956281	-0.07354534196	-0.07354534196	-0.03072206337	-0.03072206337	-0.07354534196	-0.05965995035	0.07303488681	0.05474012347	0.0860440751	0.08504956281	0.1267901243	-0.03072206337	-0.07354534196	0.07303488681	-0.06824905308	-0.0185533645	-0.03072206337	-0.1034113638	-0.0737949326	0.1204728466	-0.06752599927	0.1267901243	0.08086708481	0.07202572158	-0.0737949326	0.07202572158	0.08287701778	0.08287701778	-0.0490247742	-0.0490247742	-0.03338168259	0.1958593462	0.1050968824	-0.0609019015	0.08226036077	0.005141812936	0.07835049537	-0.1109191101	0.04550646325	0.03487419497	-0.05295194788	0.1233513284	0.117088266	0.03623173267	0.1024513068	0.1287057934	0.03623173267	-0.0387407053	0.0831056906	-0.1015748798	-0.04224149322	-0.07213616117	0.3289299134	-0.0387407053	0.03919515555	0.08782733517	-0.03493845721	0.05242107316	-0.04224149322	0.4990349929	0.8899111675	-0.03493845721	-0.0387407053	-0.006140056555	-0.06684664741	-0.05994257536	-0.05008170696
chr11_2094762_G_A	-0.005641965392	0.001566296014	0.09412536398	0.05345923173	0.08706628196	0.08490186838	0.05253486856	-0.005888112317	0.05253486856	0.05253486856	0.05253486856	0.06299913903	0.08526899349	-0.00289808035	0.0707295788	0.05659942708	0.6364101412	0.03349020298	0.08020797753	0.08020797753	-0.08859887436	0.08020797753	-0.00615968212	-0.00615968212	0.5838004872	0.1056408317	0.7433828871	-0.09249143371	-0.1130951348	-0.1952031667	-0.1952031667	-0.1952031667	0.0957841765	-0.03776389383	0.5309040198	0.0957841765	-0.03555158828	0.8922799742	0.8922799742	0.0957841765	0.0957841765	0.09584741049	-0.1056743208	0.0957841765	0.5384234892	0.5309040198	0.0957841765	-0.03555158828	-0.09258100492	-0.09376756403	-0.09376756403	-0.09160363893	0.7612700756	-0.2079101323	-0.07516073127	-0.05569981363	0.92451123	0.09693400206	-0.05569981363	-0.04745213579	0.1012719304	0.92451123	0.09693400206	-0.03986565582	0.09687932058	-0.09376756403	0.1494483477	-0.09484778736	0.7521843172	0.0947597805	0.09584741049	-0.03776389383	0.03156981601	0.3176037354	-0.03986565582	-0.03776389383	-0.03776389383	0.0947597805	0.0947597805	0.1458209113	0.6096354184	0.0947597805	0.7706562079	1	-0.05283554855	-0.2073078178	-0.04745213579	-0.2073078178	-0.03776389383	0.09359033771	0.0957841765	-0.1718266663	0.09468788349	0.109904858	-0.03776389383	0.2951281355	-0.07886006003	0.8344081639	-0.2108381627	0.8344081639	-0.0947597805	0.3792457045	-0.2090625498	0.3672011958	1	-0.03776389383	0.368345856	-0.04955125775	1	0.3712455763	-0.09592698129	0.6589308755	0.3356996569	-0.1910135769	-0.04187362576	0.333270562	-0.04745213579	-0.04565751875	-0.1933170514	0.3279567382	-0.1107030439	-0.03986565582	-0.1933170514	0.7933089739	0.3759368661	0.8030077327	-0.1086071075	0.3792457045	-0.1086071075	-0.1933170514	-0.1107030439	-0.05252684963	0.3479048671	0.726530329	0.03156981601	0.03156981601	0.3464928528	-0.1742549435	0.1838555177	-0.05252684963	0.6932995719	0.8360585872	-0.04427123272	0.1664981101	0.167598118	0.8491990032	0.1119260854	0.8491990032	-0.05088149436	-0.05413176241	-0.04565751875	-0.05088149436	0.6589477438	0.03156981601	0.1216416612	-0.1105601704	-0.1105601704	0.04517894506	0.04517894506	-0.1105601704	0.8234579578	-0.05088149436	0.1356895561	0.1226694247	0.1216416612	-0.172674465	-0.03320652462	-0.1105601704	-0.05088149436	0.3130916761	0.6202640033	0.04517894506	0.3450299476	-0.1104419551	-0.1895633374	0.7521843172	-0.172674465	0.09709183163	0.08808006547	-0.1104419551	0.08808006547	0.09922998357	0.09922998357	0.7429979482	0.7429979482	0.06328532229	0.6681527423	-0.1802595529	0.5657479632	0.07828358339	0.4781157272	-0.04919154365	-0.04500095664	0.07204508198	0.05853347174	0.03733844758	-0.1454530245	-0.1555977121	0.06081198726	0.100869397	-0.1464785034	0.06081198726	0.02102744843	0.1029615265	-0.09376756403	-0.04565751875	0.4836218141	-0.003827262067	-0.04187362576	0.06439369049	0.1297876758	-0.03776389383	0.08046312891	-0.04565751875	0.05924052131	-0.04955125775	-0.03776389383	-0.04187362576	-0.05897521007	0.4453548783	0.4697039323	-0.05413176241
chr11_2094852_T_C	0.03662828998	0.05756993371	-0.170123463	-0.2064350708	0.2390899793	0.239803081	-0.202287715	-0.1013051752	-0.202287715	-0.202287715	-0.202287715	-0.1529831164	0.2409893985	-0.1044645238	0.01441172219	-0.1584430677	0.2353559278	0.1873659948	0.221762655	0.221762655	-0.009192782477	0.221762655	-0.214370332	-0.214370332	0.2360410657	0.1251662778	0.3588999592	0.6717130662	0.7257140718	-0.625128751	-0.625128751	-0.625128751	0.1526706728	0.01231091722	0.1964575652	0.1526706728	0.0262671944	0.3638217922	0.3638217922	0.1526706728	0.1526706728	0.1450369013	0.7399466899	0.1526706728	0.2070675753	0.1964575652	0.1526706728	0.0262671944	0.7165598391	0.8116372545	0.8116372545	0.8130651468	0.3916162673	-0.6492220651	-0.1279887343	-0.05688056795	0.3537984515	0.1580332326	-0.05688056795	0.211375518	0.1531017932	0.3537984515	0.1580332326	-0.0001707514868	0.1562036892	0.8210597412	-0.4991620926	0.8250748222	0.3822128236	0.1796044618	0.1640428699	0.01231091722	0.1994009147	0.895395288	-0.0001707514868	0.01231091722	0.01231091722	0.1796044618	0.1796044618	-0.5103855285	0.3019495343	0.1796044618	0.4012657555	0.3712455763	-0.05395558466	-0.6611871273	-0.04050396258	-0.6611871273	0.01231091722	0.1842407194	0.1815460671	-0.5951465694	0.1780645466	0.1732620978	0.01231091722	0.8525840313	-0.1113756262	0.4238876283	-0.6513186529	0.4238876283	0.8202257239	0.9784773684	-0.6528206144	0.9617850353	0.3712455763	0.01231091722	0.9915406866	-0.1041831977	0.3712455763	1	0.8291019869	0.3540545843	0.9149773247	-0.6712075394	-0.09636092141	0.9159609671	0.211375518	-0.00541548099	-0.6646442868	0.9151755134	0.7905704229	-0.0001707514868	-0.6646442868	0.4636610371	0.9785451904	0.4594639654	0.7825940932	0.9784773684	0.7825940932	-0.6646442868	0.7905704229	-0.06451677258	0.953607467	0.4336946147	-0.05005241527	-0.05005241527	0.9579076993	-0.6522921325	-0.0255918093	-0.06451677258	0.3464442062	0.394416495	0.03270968	-0.5055556252	-0.5031508913	0.4061396255	0.144588799	0.4061396255	-0.05693531635	-0.04939814166	-0.1098139201	-0.05693531635	0.3277963194	0.1682192484	0.1314626855	0.7671130403	0.7671130403	0.1831709918	0.1831709918	0.7671130403	0.4150344679	-0.05693531635	0.1473637373	0.1348883	0.1314626855	-0.6470737384	-0.02834426329	0.7671130403	-0.05693531635	0.8651316458	0.3521039958	0.1831709918	0.9373520618	0.7725390684	-0.6597589055	0.4107594981	-0.6470737384	0.1153652487	0.1276560054	0.7631567691	0.1276560054	0.122345522	0.122345522	0.3434356239	0.3434356239	0.04368267769	0.3356901928	-0.1250406553	0.3563462687	0.1053339291	0.2161626236	-0.04895167485	-0.1527033984	0.06189218048	0.08825830152	0.1911507249	-0.2530786083	-0.2499483049	0.05491033961	-0.06973735972	-0.2707607569	0.05491033961	0.2996808351	-0.06292202681	-0.1777238485	0.04678373855	0.3621730034	-0.2474578781	0.01679386617	0.06336680013	-0.0508990394	0.01231091722	0.0806484986	0.04678373855	-0.1488475335	-0.1041831977	0.01231091722	-0.01149483073	0.3389246555	0.3717311151	0.3401172607	0.01764679376
chr11_2095273_C_T	-0.02045905333	0.09723808043	-0.2176039985	-0.2548862817	0.2588821346	0.2617235034	-0.2496559701	-0.1355876057	-0.2496559701	-0.2496559701	-0.2496559701	-0.1811740521	0.2623528684	-0.128985318	-0.01665710726	-0.1831848811	-0.06754317988	0.229332527	0.2233878094	0.2233878094	-0.002245581352	0.2233878094	-0.2568922711	-0.2568922711	-0.09678481281	0.0962393775	-0.1284849172	0.8035479169	0.8875524031	-0.5340813865	-0.5340813865	-0.5340813865	0.1230581933	0.005936864917	-0.1575212705	0.1230581933	0.01771035978	-0.08474395968	-0.08474395968	0.1230581933	0.1230581933	0.1143195204	0.8980555552	0.1230581933	-0.1511431463	-0.1575212705	0.1230581933	0.01771035978	0.8424840717	0.9793168261	0.9793168261	0.9794368136	-0.1209385419	-0.5516372499	-0.0877593047	-0.0232279604	-0.0945992346	0.1278170148	-0.0232279604	0.321790455	0.1295145673	-0.0945992346	0.1278170148	-0.004606453075	0.1261269216	0.9896921487	-0.6531245875	0.9948393875	-0.1247372203	0.1427123275	0.135247441	0.005936864917	-0.09706774139	0.7612535936	-0.004606453075	0.005936864917	0.005936864917	0.1427123275	0.1427123275	-0.6628987078	-0.1235301504	0.1427123275	-0.1170861383	-0.09592698129	-0.04478834161	-0.5652134904	-0.03876511939	-0.5652134904	0.005936864917	0.1488258239	0.1442551122	-0.5178906984	0.1412225949	0.1448062675	0.005936864917	0.7300133675	-0.1008120359	-0.1210924292	-0.5517192123	-0.1210924292	0.9896796237	0.8282456591	-0.5546948999	0.8181275454	-0.09592698129	0.005936864917	0.8405945261	-0.0796637701	-0.09592698129	0.8291019869	1	-0.0957931963	0.7610271837	-0.5696300692	-0.07648198225	0.7728155243	0.321790455	-0.002401809787	-0.5606901594	0.876607616	0.9639718193	-0.004606453075	-0.5606901594	-0.04160834523	0.8304943723	-0.05300271562	0.953775358	0.8282456591	0.953775358	-0.5606901594	0.9639718193	-0.08444764196	0.8185287591	-0.04947446311	-0.06273287262	-0.06273287262	0.8149595193	-0.5575861717	-0.1083578303	-0.08444764196	0.02383355416	-0.00195053184	0.01558516928	-0.5907809287	-0.5888385128	-0.01435231865	0.1075810952	-0.01435231865	-0.0787409831	-0.06531470213	-0.08861849905	-0.0787409831	-0.02129177499	-0.02839800385	0.1044439533	0.9273851547	0.9273851547	-0.04653614179	-0.04653614179	0.9273851547	-0.007451156247	-0.0787409831	0.1294578727	0.107416272	0.1044439533	-0.5531019625	-0.007718735056	0.9273851547	-0.0787409831	0.7779075293	-0.06264412146	-0.04653614179	0.8025426445	0.922889186	-0.5616036674	-0.04615367737	-0.5531019625	0.09037586441	0.101320994	0.9125581147	0.101320994	0.09643586837	0.09643586837	0.001760756571	0.001760756571	0.06308106241	0.03291176643	0.03128048366	-0.0301947316	0.1273607533	-0.03119162008	-0.07277135708	-0.1349023374	-0.06223548856	-0.05561356428	0.1807204172	-0.1721396083	-0.1700472477	-0.05777841741	-0.1138675609	-0.1307442215	-0.05777841741	0.3284595928	-0.1078975342	-0.1619686516	-0.03114070621	0.1431313903	-0.2415882362	-0.0141832784	-0.05231616391	-0.1059418002	0.005936864917	-0.02855329818	-0.03114070621	-0.1888249386	-0.0796637701	-0.06273287262	-0.07648198225	0.4149196785	0.1331641664	0.08239708301	0.05772656627
chr11_2095733_C_A	0.2211015176	-0.01135842927	0.02321189122	0.05032442065	-0.05360635232	-0.037459728	0.04882413493	0.04418034945	0.04882413493	0.04882413493	0.04882413493	0.02266572838	-0.05682167431	0.03297136753	0.1265408957	0.01378185989	0.3968080483	-0.04550135473	0.03838306008	0.03838306008	0.04246698749	0.03838306008	0.07412935484	0.07412935484	0.4363125224	0.1239784321	0.7251495579	-0.08852138466	-0.09969554777	-0.1719289471	-0.1719289471	-0.1719289471	0.1500983689	0.07603529555	0.5190508854	0.1500983689	0.0875852	0.6250064813	0.6250064813	0.1500983689	0.1500983689	0.1502241485	-0.08714448743	0.1500983689	0.5282348911	0.5190508854	0.1500983689	0.0875852	-0.06161565245	-0.09214235749	-0.09214235749	-0.08847483108	0.7449730264	-0.1822881727	-0.0497455095	0.006571895252	0.6260741497	0.1519534727	0.006571895252	-0.07535011783	0.1451715453	0.6260741497	0.1519534727	0.06591001785	0.1518414882	-0.09214235749	0.1929261423	-0.09396976684	0.7349114382	0.1484930915	0.1502241485	0.07603529555	0.4840391237	0.3319921821	0.06591001785	0.07603529555	0.07603529555	0.1484930915	0.1484930915	0.1868084507	0.6314819266	0.1484930915	0.7553512063	0.6589308755	0.006233947083	-0.1811040171	0.03450908758	-0.1811040171	0.07603529555	0.1466062248	0.1500983689	-0.1568199891	0.1483533365	0.1192171907	0.07603529555	0.2988330509	0.03172583009	0.8002663148	-0.1855167192	0.8002663148	-0.09311737657	0.3624250993	-0.1832985712	0.3465433828	0.6589308755	0.07603529555	0.3498366168	-0.015700369	0.6589308755	0.3540545843	-0.0957931963	1	0.4856011863	-0.3188910266	-0.06649189932	0.4817770825	-0.07535011783	0.0413350768	-0.3225865972	0.1803187353	-0.1677915613	0.06591001785	-0.3225865972	0.8497159924	0.3592630171	0.8611162247	-0.1644268256	0.3498047772	-0.1644268256	-0.3225865972	-0.1677915613	0.4173303559	0.336704408	0.8091853028	-0.01463222182	-0.01463222182	0.346901843	-0.3063249441	0.0723762649	0.4173303559	0.6024622608	0.6758309148	0.03219580787	0.1229518875	0.124575741	0.7358216354	0.1413507096	0.7358216354	0.4002157535	0.4014127295	-0.07250041248	0.4002157535	0.8191723926	0.3480378477	0.1063388914	-0.1538543017	-0.1538543017	0.3572886733	0.3572886733	-0.1538543017	0.7104158966	0.4002157535	-0.04569560242	0.09491824626	0.1063388914	-0.3037013655	-0.05272925025	-0.1538543017	0.4002157535	0.375333172	0.8934190919	0.3572886733	0.3339220437	-0.153937668	-0.3010111046	0.7971657149	-0.3037013655	0.09842443318	0.1236200268	-0.153937668	0.1236200268	0.1020172095	0.1020172095	0.6184718755	0.6184718755	-0.2939729855	0.549538953	-0.372873474	0.629613429	0.0492940619	0.6042712209	0.3116317629	-0.07331591007	0.4733438981	0.4973881351	0.00187112275	-0.1238934694	-0.1160615192	0.4365326163	0.1270953642	-0.3374764891	0.4365326163	-0.02536411133	0.1304700125	-0.0784433866	0.1931157292	0.3945846725	-0.05776489842	0.09801925265	0.4481656227	0.1272584257	0.03070153686	0.3839480866	0.1931157292	0.01277950491	-0.015700369	0.2120365716	0.2214026166	-0.06594467057	0.4332144539	0.4806224873	-0.02097421306
chr11_2095799_A_G	0.104862262	0.03746422492	-0.1765670273	-0.1818888877	0.182464831	0.1816274959	-0.1782626925	-0.07158262379	-0.1782626925	-0.1782626925	-0.1782626925	-0.1475989044	0.1834720968	-0.07325595051	0.08324442964	-0.1547863152	0.2058519149	0.1673930775	0.2341294964	0.2341294964	0.02253098254	0.2341294964	-0.1703740101	-0.1703740101	0.2064511645	0.1470463963	0.3568764925	0.6024020781	0.6641411036	-0.5937595154	-0.5937595154	-0.5937595154	0.1881195539	0.0874184408	0.1903674419	0.1881195539	0.1068912418	0.3253286657	0.3253286657	0.1881195539	0.1881195539	0.1807500054	0.6806136871	0.1881195539	0.20165409	0.1903674419	0.1881195539	0.1068912418	0.6453956266	0.7451117991	0.7451117991	0.7472882292	0.376086469	-0.6150391613	-0.1197311764	-0.03330312561	0.3167808698	0.193582217	-0.03330312561	0.2331126689	0.1904127372	0.3167808698	0.193582217	0.07022102531	0.1918930771	0.7541338451	-0.4539675326	0.7575744861	0.3663632409	0.2134601889	0.1989482505	0.0874184408	0.236700916	0.8837711586	0.07022102531	0.0874184408	0.0874184408	0.2134601889	0.2134601889	-0.4319252581	0.3718746104	0.2134601889	0.3860593892	0.3356996569	0.08713067202	-0.6261450621	0.01605516593	-0.6261450621	0.0874184408	0.2175661851	0.2157677899	-0.5642263811	0.212043442	0.1863700503	0.0874184408	0.7910833399	-0.07668375712	0.4109507951	-0.6173265528	0.4109507951	0.7529963187	0.9106412611	-0.6184482394	0.9334576193	0.3356996569	0.0874184408	0.922398123	-0.07656494599	0.3356996569	0.9149773247	0.7610271837	0.4856011863	1	-0.7141186053	-0.1077214171	0.9844269302	0.2331126689	0.05293359406	-0.7152310429	0.8474470786	0.7358591131	0.07022102531	-0.7152310429	0.4450694507	0.9191743852	0.4417842677	0.7290856738	0.9189529166	0.7290856738	-0.7152310429	0.7358591131	0.2925913286	0.8947878274	0.4149581672	-0.06186403438	-0.06186403438	0.898500725	-0.7018948142	-0.04340743667	0.2925913286	0.3140618004	0.3543550942	0.1049821633	-0.4391101636	-0.4364159406	0.3817800286	0.1877425298	0.3817800286	0.2887503884	0.2964962538	-0.1219993311	0.2887503884	0.5005210545	0.2068444209	0.1434281233	0.7131978179	0.7131978179	0.1968842532	0.1968842532	0.7131978179	0.4041839859	0.2887503884	0.03113089287	0.138443761	0.1434281233	-0.6962648215	-0.07315067115	0.7131978179	0.2887503884	0.9258464449	0.5275772018	0.1968842532	0.8873937285	0.7181934279	-0.6883117226	0.4073634703	-0.6962648215	0.1260420784	0.1707886501	0.7092098614	0.1707886501	0.1335866873	0.1335866873	0.3092816249	0.3092816249	-0.229245692	0.3003646214	-0.2092843238	0.3320145685	0.1433381051	0.3194244358	0.2149893358	-0.1652711523	0.2983454282	0.3167808698	0.1619018381	-0.1918117514	-0.1838406277	0.2938917829	-0.02495626944	-0.335695473	0.2938917829	0.2714891948	-0.01766564764	-0.166114847	0.1528952656	0.3180023616	-0.2492470977	0.1089703611	0.2892204431	-0.01187756775	0.05756194576	0.2701063433	0.1528952656	-0.15019342	-0.07656494599	0.0874184408	0.1089703611	0.3209980679	0.4075421385	0.3942251778	0.03971372451
chr11_2095814_GACA_G	-0.1577249762	-0.04451392406	0.3039698321	0.2980829992	-0.01326308513	-0.01724285483	0.2970941923	0.1135572492	0.2970941923	0.2970941923	0.2970941923	0.2501400667	-0.01584152557	0.1185402485	0.2845297084	0.2581432398	-0.1349091856	-0.01521638931	-0.06338757169	-0.06338757169	-0.007529058726	-0.06338757169	0.292067332	0.292067332	-0.1835297174	0.4765156879	-0.3115705352	-0.4244696205	-0.5067222385	0.8889908714	0.8889908714	0.8889908714	0.4114090467	-0.2237633891	-0.1326398382	0.4114090467	-0.2312008703	-0.2460896556	-0.2460896556	0.4114090467	0.4114090467	0.415454483	-0.4860654161	0.4114090467	-0.1209341404	-0.1326398382	0.4114090467	-0.2312008703	-0.4665424488	-0.5610269409	-0.5610269409	-0.5524314542	-0.3008675584	0.9206212952	0.1574498943	0.1017455055	-0.2191410885	0.4087075318	0.1017455055	-0.1826678424	0.4272904299	-0.2191410885	0.4087075318	-0.2177855615	0.4122439863	-0.5685640638	0.755707972	-0.5690885112	-0.3119537896	0.3993922164	0.4078529694	-0.2237633891	-0.1988209233	-0.7327566265	-0.2177855615	-0.2237633891	-0.2237633891	0.3993922164	0.3993922164	0.7440182062	-0.3873876689	0.3993922164	-0.3012543159	-0.1910135769	-0.234090303	0.9287242384	-0.2229639271	0.9287242384	-0.2237633891	0.3943089241	0.3960106065	0.845378322	0.402869895	0.4826863758	-0.2237633891	-0.5645636168	0.1070434047	-0.2870169493	0.9227297886	-0.2870169493	-0.5593466589	-0.6612079864	0.9257241734	-0.6818132461	-0.1910135769	-0.2237633891	-0.6730873287	0.1260790116	-0.1910135769	-0.6712075394	-0.5696300692	-0.3188910266	-0.7141186053	1	0.1265101189	-0.7164782915	-0.1826678424	-0.226461417	0.9945672887	-0.5910337231	-0.541529663	-0.2177855615	0.9945672887	-0.3123933966	-0.6623221593	-0.3012543159	-0.5251500722	-0.6681516408	-0.5251500722	0.9945672887	-0.541529663	-0.1785883657	-0.6664921568	-0.3155633918	-0.09905106011	-0.09905106011	-0.6674408098	0.9810009883	0.08553992946	-0.1785883657	-0.2044874394	-0.2503914285	-0.2456126591	0.7720206789	0.7682561611	-0.2507954469	0.4618907307	-0.2507954469	-0.1796661156	-0.195612188	0.1493297654	-0.1796661156	-0.3315793543	-0.1988209233	0.5263139966	-0.5286413036	-0.5286413036	-0.1842266933	-0.1842266933	-0.5286413036	-0.2756145456	-0.1796661156	0.5721363494	0.5270679327	0.5263139966	0.9730022012	0.06956243909	-0.5286413036	-0.1796661156	-0.6570016749	-0.3583903002	-0.1842266933	-0.6475857262	-0.53118798	0.934047143	-0.3119537896	0.9730022012	0.5205748567	0.4528041767	-0.53118798	0.4528041767	0.5219617354	0.5219617354	-0.2264826032	-0.2264826032	0.2704887444	-0.1655937658	0.6330728729	-0.2750407812	0.3681268272	-0.2260848363	-0.1615149372	0.24128643	-0.214639345	-0.2474621156	-0.1255481217	0.5515694636	0.5224142702	-0.242383266	0.4320852355	0.6754099831	-0.242383266	-0.2129152259	0.4276373327	0.2303709681	-0.2473387049	-0.2441208127	0.3237636822	-0.2355435822	-0.22837466	0.3618512725	-0.1738784575	-0.1840718583	-0.2473387049	0.1732608596	0.1087525098	-0.1738784575	-0.2129152259	-0.229203575	-0.3340308431	-0.3224154105	0.03678354023
chr11_2095878_C_T	-0.006655401472	-0.03740531146	-0.05166272413	0.1641525149	-0.07562094864	-0.07863167265	0.16354477	0.3265683843	0.16354477	0.16354477	0.16354477	-0.05313485421	-0.07729677235	0.3318843466	0.07289162147	-0.05644664669	-0.04130846539	-0.03951895745	-0.06706355746	-0.06706355746	-0.0520635692	-0.06706355746	0.1239838269	0.1239838269	-0.04142871728	0.02052288492	-0.05802786473	-0.1059938623	-0.1195233325	0.11376445	0.11376445	0.11376445	-0.01942424823	-0.02952497975	0.318914952	-0.01942424823	-0.02779533088	-0.04878466257	-0.04878466257	-0.01942424823	-0.01942424823	-0.01817795825	-0.1140202721	-0.01942424823	0.3239757976	0.318914952	-0.01942424823	-0.02779533088	-0.1056279523	-0.1060711044	-0.1060711044	-0.1045128513	-0.05608955029	0.1035722098	0.5238300241	-0.04354783638	-0.04656147461	-0.01714417971	-0.04354783638	-0.03709954685	-0.01305406722	-0.04656147461	-0.01714417971	-0.03116820226	-0.01837366535	-0.1060711044	0.07181125284	-0.1068509448	-0.05706330275	0.01238599638	0.01336079932	-0.02952497975	-0.02952497975	-0.1101231318	-0.03116820226	-0.02952497975	-0.02952497975	0.01238599638	0.01238599638	0.06861238362	-0.06997708786	0.01238599638	-0.05510613048	-0.04187362576	-0.04130846539	0.1044530026	-0.03709954685	0.1044530026	-0.02952497975	0.01053927779	0.01251989459	-0.1183838375	0.01153148151	0.02643297001	-0.02952497975	0.1618285123	0.5013543952	-0.05250179872	0.1038404775	-0.05250179872	-0.07559100732	-0.09722098542	0.1041462964	-0.1013111638	-0.04187362576	-0.02952497975	-0.09799329747	-0.0387407053	-0.04187362576	-0.09636092141	-0.07648198225	-0.06649189932	-0.1077214171	0.1265101189	1	-0.109362392	-0.03709954685	-0.03569645977	0.1253793131	-0.08571640655	-0.07134051858	-0.03116820226	0.1253793131	-0.05608955029	-0.09637275293	-0.05510613048	-0.06963230274	-0.09722098542	-0.06963230274	0.1253793131	-0.07134051858	-0.04106711503	-0.09636004019	-0.05671236773	-0.02952497975	-0.02952497975	-0.09717123326	0.1267324288	0.03013162396	-0.04106711503	-0.03740531146	-0.04935243979	-0.03461261848	0.09654209959	0.0973729029	-0.04827387918	0.03983364794	-0.04827387918	-0.03978072541	-0.04232188546	0.9171244278	-0.03978072541	-0.06455693405	-0.02952497975	0.05058320432	-0.07142411228	-0.07142411228	-0.0259618876	-0.0259618876	-0.07142411228	-0.05041604487	-0.03978072541	0.06330577568	0.05145742107	0.05058320432	0.1269568873	-0.0259618876	-0.07142411228	-0.03978072541	-0.1012229013	-0.06824376946	-0.0259618876	-0.09556376688	-0.07151920882	0.1222619931	-0.05706330275	0.1269568873	0.04665348382	0.03796276108	-0.102657434	0.03796276108	0.04842883456	0.04842883456	-0.04142871728	-0.04142871728	0.04947842157	0.009514202887	-0.1883510555	-0.05146556409	-0.3112412371	-0.05847812482	-0.03845946969	-0.02387238131	-0.04494491798	-0.04656147461	-0.04474740198	-0.2037071515	-0.2127280451	-0.04837395966	-0.2668806471	-0.1606066261	-0.04837395966	-0.03273809524	-0.2646960065	-0.04352790437	-0.03569645977	-0.06095915127	-0.007711900535	-0.03273809524	-0.04725115263	-0.2316444177	-0.02952497975	-0.04254685345	-0.03569645977	-0.02620377056	-0.0387407053	-0.02952497975	-0.03273809524	-0.04610864259	-0.08178180092	-0.076772625	-0.04232188546
chr11_2095968_T_C	0.1019696921	0.05673924384	-0.1845065001	-0.1907803076	0.1872314708	0.1863181802	-0.1872050551	-0.07585865343	-0.1872050551	-0.1872050551	-0.1872050551	-0.1545078885	0.1881668731	-0.07744500674	0.08179324481	-0.1617940545	0.223316076	0.1740609713	0.237904044	0.237904044	0.02830919862	0.237904044	-0.1752683453	-0.1752683453	0.2041355298	0.1530191797	0.3671177992	0.6149639989	0.6745312059	-0.5957259857	-0.5957259857	-0.5957259857	0.202877737	0.08580980294	0.1963663609	0.202877737	0.1053596901	0.338977209	0.338977209	0.202877737	0.202877737	0.1953767832	0.6914452049	0.202877737	0.2078203651	0.1963663609	0.202877737	0.1053596901	0.6577068029	0.7570635143	0.7570635143	0.759393626	0.3866709972	-0.6175169916	-0.1227279759	-0.03556263665	0.3141192363	0.208223158	-0.03556263665	0.2310053715	0.2051524573	0.3141192363	0.208223158	0.06853824483	0.2066709153	0.7660792683	-0.4517455798	0.769441014	0.3767737443	0.2189303043	0.2135623368	0.08580980294	0.2349881678	0.898691573	0.06853824483	0.08580980294	0.08580980294	0.2189303043	0.2189303043	-0.4299013369	0.3795184234	0.2189303043	0.3968230416	0.333270562	0.08490455556	-0.6285818159	0.01409924546	-0.6285818159	0.08580980294	0.2230117361	0.2212970397	-0.565354753	0.217534053	0.1836323087	0.08580980294	0.7976599242	-0.07986218707	0.4228336166	-0.6198688354	0.4228336166	0.7650745029	0.9200115038	-0.620939804	0.9423932429	0.333270562	0.08580980294	0.9232800674	-0.07854230071	0.333270562	0.9159609671	0.7728155243	0.4817770825	0.9844269302	-0.7164782915	-0.109362392	1	0.2310053715	0.07599849234	-0.7045928546	0.8408130586	0.7299319409	0.06853824483	-0.7045928546	0.4556058698	0.9119845985	0.4385875534	0.7232451126	0.9200115038	0.7232451126	-0.7045928546	0.7299319409	0.2902345742	0.8876435139	0.4116959641	-0.06336856189	-0.06336856189	0.8913124677	-0.6912174874	-0.04547605914	0.2902345742	0.3118820207	0.3515209565	0.1030945871	-0.430041148	-0.4273020379	0.3789833018	0.1930853909	0.3789833018	0.286463744	0.2940710022	-0.1237854231	0.286463744	0.4967879745	0.2349881678	0.1491414031	0.7073035661	0.7073035661	0.2291168724	0.2291168724	0.7073035661	0.3859753713	0.286463744	0.03746585699	0.144201323	0.1491414031	-0.6855932855	-0.04072972826	0.7073035661	0.286463744	0.9105522745	0.5236319923	0.2291168724	0.8803084521	0.7033340483	-0.677777136	0.4177453799	-0.6855932855	0.1316201998	0.1760610921	0.6943567469	0.1760610921	0.1392411964	0.1392411964	0.3068942758	0.3068942758	-0.2264922024	0.2978168583	-0.2011877198	0.3139863962	0.1489148822	0.316136299	0.2128233917	-0.1453963889	0.29578139	0.3141192363	0.15944331	-0.176252932	-0.1684442073	0.2911511036	-0.01049327583	-0.3197522344	0.2911511036	0.2695837565	-0.003138369338	-0.1715591456	0.1509174606	0.3145851635	-0.254672891	0.1071782643	0.2865418781	0.003384861557	0.05597412997	0.2676877035	0.1509174606	-0.1538101887	-0.07854230071	0.08580980294	0.1071782643	0.3183572304	0.3917015735	0.3782888178	0.03746755435
chr11_2096158_C_T	-0.06095208434	0.0889402431	-0.06061244034	-0.08805315698	0.04131599895	0.03906963513	-0.08899935331	-0.09352066918	-0.08899935331	-0.08899935331	-0.08899935331	-0.03193127171	0.03965614723	-0.09166566132	-0.08072630457	-0.03615155602	-0.04681168333	0.07145829603	0.02182978181	0.02182978181	-0.003430405848	0.02182978181	-0.08779306799	-0.08779306799	-0.04694795547	0.01811019859	-0.06575848321	-0.06286219061	0.2875001197	-0.1729477421	-0.1729477421	-0.1729477421	0.009016423368	-0.03345837202	-0.0635938697	0.009016423368	-0.03149829495	-0.05528387834	-0.05528387834	0.009016423368	0.009016423368	0.01003498293	0.2977990701	0.009016423368	-0.06147448907	-0.0635938697	0.009016423368	-0.03149829495	-0.06318855793	0.3253001167	0.3253001167	0.328882344	-0.06356194163	-0.1842059662	-0.01943385652	0.01502744551	-0.05276451168	0.01114586656	0.01502744551	1	0.0155510393	-0.05276451168	0.01114586656	-0.03532050877	0.01014302132	0.3253001167	-0.2324648208	0.3235363918	-0.06466541985	0.008919994205	0.01003498293	-0.03345837202	-0.03345837202	0.2191206184	-0.03532050877	-0.03345837202	-0.03345837202	0.008919994205	0.008919994205	-0.2386185106	-0.07929961198	0.008919994205	-0.06244750815	-0.04745213579	-0.04681168333	-0.1836723226	-0.04204204204	-0.1836723226	-0.03345837202	0.006749936686	0.009016423368	-0.172125757	0.007885444394	0.02502126673	-0.03345837202	0.2231311637	-0.02429658508	-0.05949622075	-0.1868001672	-0.05949622075	0.3287423319	0.2676033469	-0.1852269948	0.2578574643	-0.04745213579	-0.03345837202	0.2592925674	-0.04390183976	-0.04745213579	0.211375518	0.321790455	-0.07535011783	0.2331126689	-0.1826678424	-0.03709954685	0.2310053715	1	-0.04045203216	-0.1847413244	0.2905658669	0.3380127347	-0.03532050877	-0.1847413244	-0.06356194163	0.2652685644	-0.06244750815	0.3418636875	0.2676033469	0.3418636875	-0.1847413244	0.3380127347	-0.04653817966	0.2583287268	-0.06426773238	-0.03345837202	-0.03345837202	0.2571173662	-0.1811473933	-0.04537500208	-0.04653817966	-0.04238854139	-0.05592729628	-0.03922379881	-0.2297905658	-0.2291437535	-0.05470504711	0.003314714665	-0.05470504711	-0.04508041397	-0.04796011377	-0.04045203216	-0.04508041397	-0.07315737161	-0.03345837202	0.01826312966	0.3325400623	0.3325400623	-0.02942059574	-0.02942059574	0.3325400623	-0.05713259752	-0.04508041397	0.0342067495	0.01931582129	0.01826312966	-0.1796442083	-0.02942059574	0.3325400623	-0.04508041397	0.2448435919	-0.07733537653	-0.02942059574	0.2561940217	0.3272684764	-0.1954734542	-0.06466541985	-0.1796442083	0.01308462859	0.0009990629438	0.3272684764	0.0009990629438	0.01523748356	0.01523748356	-0.04694795547	-0.04694795547	0.05607006168	-0.05055030772	-0.2173755449	-0.05832193633	0.04267614483	-0.06626872809	-0.04358313724	-0.07511874111	-0.0509325933	-0.05276451168	0.07497652922	-0.007601127654	-0.01512102529	-0.05481846056	-0.009707827304	0.02434856504	-0.05481846056	-0.03709954685	-0.007696916877	-0.09235827191	-0.04045203216	0.01872505843	-0.06222319501	-0.03709954685	-0.05354607035	-0.004332771332	-0.03345837202	-0.04821505256	-0.04045203216	-0.0804536287	-0.04390183976	-0.03345837202	-0.03709954685	-0.05225135224	0.1161471226	-0.01512150987	0.01808020162
chr11_2096564_C_G	0.2892244838	-0.04078542707	-0.09702719822	-0.03249912812	-0.03183576757	-0.01217750769	-0.03336047671	0.04726619602	-0.03336047671	-0.03336047671	-0.03336047671	-0.07146221107	-0.03356768478	0.05028535137	0.141453768	-0.07484979557	0.1447885935	-0.01474904211	0.01631908992	0.01631908992	0.2038592324	0.01631908992	0.09834668334	0.09834668334	-0.04517240629	-0.1669469784	0.1532493836	-0.02658496873	0.006630658259	-0.1544183171	-0.1544183171	-0.1544183171	0.1181435362	0.8271122668	0.04285655179	0.1181435362	0.7786579134	0.05198069093	0.05198069093	0.1181435362	0.1181435362	0.1177343758	-0.04136152773	0.1181435362	0.0457809526	0.04285655179	0.1181435362	0.7786579134	-0.02733776199	-0.0291011227	-0.0291011227	-0.02704916069	0.07120273034	-0.1652623515	-0.01520855438	-0.04748301873	-0.05076898314	0.1185893881	-0.04748301873	-0.04045203216	0.1220171031	-0.05076898314	0.1185893881	0.8731454733	0.1190019248	-0.0002494381946	0.07235162473	-0.001327709248	0.02519020432	0.1168800105	0.1177343758	0.8271122668	-0.03219299242	0.311080148	0.8731454733	0.8271122668	0.8271122668	0.1168800105	0.1168800105	0.09080385385	0.47914604	0.1168800105	0.02901577942	-0.04565751875	0.7775548647	-0.1857225338	0.8850549014	-0.1857225338	0.8271122668	0.1164286128	0.1181435362	-0.1759206457	0.1172857861	-0.2651025067	0.8271122668	0.005221917175	0.02721728052	0.03825580868	-0.1888045757	0.03825580868	-0.0002520776647	-0.004519352399	-0.187254364	0.01586821116	-0.04565751875	0.8271122668	-0.007358969999	-0.04224149322	-0.04565751875	-0.00541548099	-0.002401809787	0.0413350768	0.05293359406	-0.226461417	-0.03569645977	0.07599849234	-0.04045203216	1	-0.207651646	-0.04386531435	-0.02420474386	0.8731454733	-0.207651646	0.02708246708	-0.03082793788	-0.01553499695	-0.02209716798	-0.004519352399	-0.02209716798	-0.207651646	-0.02420474386	0.09583735089	-0.03219299242	-0.01951468483	-0.03219299242	-0.03219299242	-0.03313540708	-0.204005141	0.02108316393	0.09583735089	-0.04078542707	-0.05381215274	0.8976817419	0.09539330118	0.09629060277	-0.05263612844	0.02447215662	-0.05263612844	0.1013485108	0.09071491973	-0.03892215569	0.1013485108	0.01130016239	0.06328536971	-0.2408018153	-0.02498386595	-0.02498386595	0.07963547544	0.07963547544	-0.02498386595	-0.006061001058	0.1013485108	-0.2688414135	-0.2393787436	-0.2408018153	-0.1817284752	0.07963547544	-0.02498386595	0.1013485108	-0.01377883588	0.03801527947	0.07963547544	-0.03192696492	-0.02574813875	0.01664275491	-0.01851480017	-0.1817284752	-0.2505820119	0.0223435715	-0.02574813875	0.0223435715	-0.2475779456	-0.2475779456	-0.04517240629	-0.04517240629	-0.278366748	-0.04863851931	-0.2155568183	-0.05611622865	0.03513759329	-0.06376247655	0.03268767317	-0.04097132122	0.01045240269	0.003436669628	-0.04879098258	-0.06789866915	0.09105493654	0.1162018489	0.05665694173	-0.2067968706	0.1162018489	0.05092362092	0.05848701374	-0.0002494381946	0.3606632888	-0.06646769993	-0.05551553772	0.3974039437	0.06308017868	0.08238047255	0.7316339047	0.01552333718	0.3606632888	0.005240123208	-0.04224149322	0.254242094	0.310783863	0.008070940115	-0.0170445276	0.06525099006	-0.04614628525
chr11_2096707_G_A	-0.1604708982	-0.02844720604	0.2979515891	0.291249589	-0.003361644769	-0.00736170596	0.2902178079	0.1102078547	0.2902178079	0.2902178079	0.2902178079	0.2448715615	-0.005994998207	0.1152748672	0.2909197924	0.2528072167	-0.1204811965	-0.009567656742	-0.05451605039	-0.05451605039	-0.002691887818	-0.05451605039	0.2885756972	0.2885756972	-0.1857954672	0.4750833696	-0.3035363801	-0.4146215006	-0.498857891	0.8836614328	0.8836614328	0.8836614328	0.4171682372	-0.2256039647	-0.1278235525	0.4171682372	-0.2329835329	-0.2350595145	-0.2350595145	0.4171682372	0.4171682372	0.4212070169	-0.4777713422	0.4171682372	-0.1159425731	-0.1278235525	0.4171682372	-0.2329835329	-0.4569815392	-0.551938521	-0.551938521	-0.5431920923	-0.2925085471	0.9149330384	0.1552510156	0.1000796833	-0.2217188232	0.414478122	0.1000796833	-0.1847413244	0.4332442589	-0.2217188232	0.414478122	-0.2196837996	0.4180397878	-0.5594939538	0.7534285121	-0.5600837807	-0.3037732299	0.4050713097	0.4135870369	-0.2256039647	-0.2006009063	-0.721516504	-0.2196837996	-0.2256039647	-0.2256039647	0.4050713097	0.4050713097	0.741511253	-0.3817056967	0.4050713097	-0.2927403049	-0.1933170514	-0.2364735968	0.9230751446	-0.2251353001	0.9230751446	-0.2256039647	0.3999574827	0.4017323896	0.8407596689	0.4085737845	0.481673588	-0.2256039647	-0.5537178332	0.1045950215	-0.2775159115	0.9169385563	-0.2775159115	-0.5501435648	-0.6544295332	0.9200043874	-0.6754357363	-0.1933170514	-0.2256039647	-0.6666207521	0.1246834728	-0.1933170514	-0.6646442868	-0.5606901594	-0.3225865972	-0.7152310429	0.9945672887	0.1253793131	-0.7045928546	-0.1847413244	-0.207651646	1	-0.5975337116	-0.5473822519	-0.2196837996	1	-0.3040623849	-0.6694191547	-0.3044068818	-0.5308942467	-0.6683505783	-0.5308942467	1	-0.5473822519	-0.1808262268	-0.6735754271	-0.3188212783	-0.1005886729	-0.1005886729	-0.6745610407	0.9864758893	0.08398880327	-0.1808262268	-0.2066273594	-0.2531676824	-0.228886701	0.7812395763	0.7775051047	-0.2535253028	0.4675999784	-0.2535253028	-0.1818500857	-0.1979465252	0.1481244387	-0.1818500857	-0.3352207485	-0.175597848	0.5324642685	-0.534448239	-0.534448239	-0.1575474057	-0.1575474057	-0.534448239	-0.2784987964	-0.1818500857	0.5788532932	0.5332542326	0.5324642685	0.9784770497	0.09685825508	-0.534448239	-0.1818500857	-0.6642487941	-0.3524450743	-0.1575474057	-0.6478622102	-0.5369879807	0.9391410179	-0.3037732299	0.9784770497	0.5265877591	0.4584224288	-0.5369879807	0.4584224288	0.5280464312	0.5280464312	-0.2288526982	-0.2288526982	0.2733193548	-0.1679555864	0.6354055995	-0.2779697421	0.3737783706	-0.2292029202	-0.163596772	0.258431555	-0.2171351307	-0.2501086504	-0.127818802	0.559666063	0.5302339091	-0.2450970825	0.4385195456	0.6788093258	-0.2450970825	-0.2148705956	0.4341296421	0.2262710604	-0.228579651	-0.2473916991	0.3198575747	-0.2148705956	-0.2310051222	0.3690380198	-0.175597848	-0.1863880432	-0.228579651	0.1705630367	0.1073148798	-0.175597848	-0.2148705956	-0.2317858622	-0.3384348556	-0.3265711599	0.03501376053
chr11_2096908_C_T	-0.0261346884	0.05407915614	-0.1636456026	-0.2277004861	0.2907462782	0.2929277592	-0.2230280318	-0.1383494827	-0.2230280318	-0.2230280318	-0.2230280318	-0.1494030311	0.2935108224	-0.13121601	0.009336715229	-0.1533637013	0.2217096662	0.2340830294	0.2496063351	0.2496063351	-0.03748073524	0.2496063351	-0.2530462579	-0.2530462579	0.1908478715	0.1478130183	0.1799715881	0.7101002624	0.7664890669	-0.5609449195	-0.5609449195	-0.5609449195	0.1602319679	-0.006198638185	0.07080900722	0.1602319679	0.005669724673	0.2769511423	0.2769511423	0.1602319679	0.1602319679	0.1617191655	0.797273044	0.1602319679	0.07967834273	0.07080900722	0.1602319679	0.005669724673	0.7273478961	0.8574855116	0.8574855116	0.8581035013	0.1940395043	-0.5815973136	-0.1068514718	-0.03950160351	0.2985932577	0.1649128137	-0.03950160351	0.2905658669	0.1677840762	0.2985932577	0.1649128137	-0.01686470739	0.1634602625	0.8673335116	-0.5309085722	0.8719649373	0.1869253042	0.1784227298	0.1716512984	-0.006198638185	-0.07137825789	0.8248411345	-0.01686470739	-0.006198638185	-0.006198638185	0.1784227298	0.1784227298	-0.5409826996	0.1327687789	0.1784227298	0.2013231231	0.3279567382	-0.0590686337	-0.5942837845	-0.05166458365	-0.5942837845	-0.006198638185	0.1840595812	0.18035156	-0.5383784104	0.1771578707	0.1942780492	-0.006198638185	0.7881052655	-0.1204000305	0.22259539	-0.5825238895	0.22259539	0.8765113398	0.9261608111	-0.5848210281	0.9035464306	0.3279567382	-0.006198638185	0.9251557854	-0.09114235804	0.3279567382	0.9151755134	0.876607616	0.1803187353	0.8474470786	-0.5910337231	-0.08571640655	0.8408130586	0.2905658669	-0.04386531435	-0.5975337116	1	0.8635228667	-0.01686470739	-0.5975337116	0.2693377686	0.9360670905	0.2773561267	0.874635087	0.9261608111	0.874635087	-0.5975337116	0.8635228667	-0.0966155281	0.912426627	0.2481216638	-0.03878844804	-0.03878844804	0.9085752763	-0.5862180013	-0.03050490815	-0.0966155281	0.3327742133	0.3333975639	-0.02364058065	-0.4863391997	-0.484131484	0.3267020064	0.154137184	0.3267020064	-0.09068331681	-0.1023154793	-0.09842181643	-0.09068331681	0.2327522276	-0.07137825789	0.1625802307	0.8489157591	0.8489157591	-0.05457661514	-0.05457661514	0.8489157591	0.3233121633	-0.09068331681	0.189735329	0.1656833356	0.1625802307	-0.5814573404	-0.05457661514	0.8489157591	-0.09068331681	0.8767777887	0.1818090335	-0.05457661514	0.9048867695	0.8446440031	-0.6021965968	0.2465969514	-0.5814573404	0.138779812	0.1373961079	0.8348380052	0.1373961079	0.1451218411	0.1451218411	0.2843848933	0.2843848933	0.1175162397	0.2860631243	-0.0165976757	0.2310868596	0.1548558981	0.1915599123	-0.08448752906	-0.1639645872	-0.0770865438	-0.08995121889	0.198053521	-0.2384576696	-0.2400076117	-0.09345272396	-0.06771112012	-0.1600885946	-0.09345272396	0.328210336	-0.06140283399	-0.1864024902	-0.09842181643	0.3598683281	-0.2201048248	-0.08571640655	-0.08815423211	-0.05144624512	-0.006198638185	-0.0652886201	-0.09842181643	-0.1512604395	-0.09114235804	-0.07137825789	-0.1152826025	0.375350935	0.2782630699	0.2508191666	0.03782980221
chr11_2096919_G_A	-0.009334607679	0.05762957953	-0.2072178647	-0.2404654633	0.2370445926	0.2401990459	-0.2349174211	-0.1211709594	-0.2349174211	-0.2349174211	-0.2349174211	-0.1751123938	0.2408821085	-0.1147550424	-0.02583056232	-0.1764436398	-0.08365264501	0.2167268388	0.2128088479	0.2128088479	-0.007793869616	0.2128088479	-0.2466572627	-0.2466572627	-0.09027850134	0.1060452506	-0.1511294035	0.7703793739	0.8552136044	-0.5068953778	-0.5068953778	-0.5068953778	0.1135993488	0.01248032938	-0.1806101928	0.1135993488	0.02417899337	-0.1151226024	-0.1151226024	0.1135993488	0.1135993488	0.1045815878	0.8640164167	0.1135993488	-0.1747403432	-0.1806101928	0.1135993488	0.02417899337	0.8004215664	0.9420916971	0.9420916971	0.9415303386	-0.1444125003	-0.5227546084	-0.09528964269	-0.03898966537	-0.1069149719	0.1182316036	-0.03898966537	0.3380127347	0.1192112374	-0.1069149719	0.1182316036	0.002024439885	0.1165533369	0.9527310845	-0.6333775874	0.9583462941	-0.1477907728	0.1338883621	0.1260421502	0.01248032938	-0.09314587292	0.7209183573	0.002024439885	0.01248032938	0.01248032938	0.1338883621	0.1338883621	-0.6422895903	-0.1388339209	0.1338883621	-0.1409924787	-0.1107030439	-0.03698469032	-0.5367664315	-0.03171942976	-0.5367664315	0.01248032938	0.1404095696	0.1353357557	-0.4867864899	0.1324192553	0.143711349	0.01248032938	0.6839827816	-0.1074426846	-0.1480247957	-0.5222687449	-0.1480247957	0.952060591	0.788397144	-0.5256521659	0.7800161069	-0.1107030439	0.01248032938	0.8028410357	-0.07330368002	-0.1107030439	0.7905704229	0.9639718193	-0.1677915613	0.7358591131	-0.541529663	-0.07134051858	0.7299319409	0.3380127347	-0.02420474386	-0.5473822519	0.8635228667	1	0.002024439885	-0.5473822519	-0.1444125003	0.8106669394	-0.1409924787	0.9891561162	0.8080004409	0.9891561162	-0.5473822519	1	-0.07770562348	0.7995422396	-0.132096392	-0.05793713882	-0.05793713882	0.796106015	-0.5448372429	-0.102446586	-0.07770562348	-0.09291594692	-0.100903581	-0.003058723698	-0.6259909386	-0.624178328	-0.1152878909	0.09869829172	-0.1152878909	-0.07213223533	-0.05781405987	-0.08314541838	-0.07213223533	-0.09822984431	-0.05793713882	0.09335217835	0.9625509974	0.9625509974	-0.08190497347	-0.08190497347	0.9625509974	-0.1049440145	-0.07213223533	0.116357547	0.09621531492	0.09335217835	-0.5404966058	-0.04209961521	0.9625509974	-0.07213223533	0.7602566391	-0.1461993221	-0.08190497347	0.7740214039	0.9580099092	-0.5464385962	-0.1477907728	-0.5404966058	0.07972488988	0.09266991502	0.9474158992	0.09266991502	0.08556485381	0.08556485381	-0.1104892368	-0.1104892368	0.0539741313	-0.06707430314	0.06534389071	-0.1089104491	0.1173510374	-0.1019061385	-0.06629673593	-0.1441870942	-0.07601466319	-0.06693706753	0.195008102	-0.1490035661	-0.1451056797	-0.06954270739	-0.1243754461	-0.09856929126	-0.06954270739	0.3439073257	-0.1186226406	-0.1431258231	-0.05367508112	0.07609443024	-0.2358489536	-0.03939837672	-0.06454771421	-0.1123697958	0.01248032938	-0.04290015727	-0.05367508112	-0.1782597625	-0.07330368002	-0.05793713882	-0.07134051858	0.4139469298	0.07446623076	0.01871932211	0.04312419812
chr11_2097177_C_A	0.294299619	-0.03561161102	-0.0929476746	-0.03804899501	-0.03752069178	-0.01455779879	-0.03881016472	0.0382742856	-0.03881016472	-0.03881016472	-0.03881016472	-0.07105759667	-0.03905122181	0.04088350427	0.1235097173	-0.0738723571	0.1043216248	0.005268891289	0.02188505069	0.02188505069	0.1809094904	0.02188505069	0.07842165548	0.07842165548	-0.03944208207	-0.122719045	0.1413711757	-0.03357235624	-0.05160951783	-0.1384933892	-0.1384933892	-0.1384933892	0.1031564938	0.9472788809	0.03446220432	0.1031564938	0.8917848597	0.01324550778	0.01324550778	0.1031564938	0.1031564938	0.1027992373	-0.04577303291	0.1031564938	0.03699046793	0.03446220432	0.1031564938	0.8917848597	-0.03409556606	-0.03548620064	-0.03548620064	-0.03373562347	0.04676097843	-0.1479582665	-0.0004795295706	-0.04145958286	-0.04432870781	0.1035457874	-0.04145958286	-0.03532050877	0.1065386812	-0.04432870781	0.1035457874	1	0.103905992	-0.002736967603	0.05936442285	-0.00367347902	-0.004717865911	0.1020532521	0.1027992373	0.9472788809	-0.0281091656	0.2821821688	1	0.9472788809	0.9472788809	0.1020532521	0.1020532521	0.08120485434	0.4377636225	0.1020532521	-0.001894519647	-0.03986565582	0.7507431211	-0.1713273643	0.8401235299	-0.1713273643	0.9472788809	0.1016591163	0.1031564938	-0.1680001824	0.1024075532	-0.2388374623	0.9472788809	-0.005849350013	0.04850364102	0.004217414765	-0.1740922795	0.004217414765	-0.002765929263	0.0006955752836	-0.1727015011	0.02530233791	-0.03986565582	0.9472788809	-0.001875182739	-0.03688296859	-0.03986565582	-0.0001707514868	-0.004606453075	0.06591001785	0.07022102531	-0.2177855615	-0.03116820226	0.06853824483	-0.03532050877	0.8731454733	-0.2196837996	-0.01686470739	0.002024439885	1	-0.2196837996	-0.003319452172	0.0006895065366	-0.001894519647	0.003970549996	0.0006955752836	0.003970549996	-0.2196837996	0.002024439885	0.1205132798	-0.001015053202	-0.005953056077	-0.0281091656	-0.0281091656	-0.001859451861	-0.216257933	-0.03812060692	0.1205132798	-0.03561161102	-0.04698583757	0.7838067494	0.06053443108	0.06129813522	-0.04595899728	0.06559525228	-0.04595899728	0.1264015264	0.115057244	-0.03398470405	0.1264015264	0.03126506011	-0.0281091656	-0.241838777	0.001046805561	0.001046805561	-0.02471693475	-0.02471693475	0.001046805561	0.007519755522	0.1264015264	-0.2790949408	-0.2405460863	-0.241838777	-0.1912340853	0.09780844179	0.001046805561	0.1264015264	0.02110186609	0.02010431736	-0.02471693475	-0.03011606986	9.397566571e-05	0.03694241944	-0.05432694079	-0.1912340853	-0.2509647649	0.06394343613	9.397566571e-05	0.06394343613	-0.2482277728	-0.2482277728	-0.03944208207	-0.03944208207	-0.2043666067	-0.04246850296	-0.2116910906	-0.04899763102	0.008953618296	-0.05567391776	0.04808798775	-0.04534120806	0.02470130954	0.01719953863	-0.04260162558	-0.09425788229	0.0607652144	0.08179239878	0.02930081798	-0.2090867963	0.08179239878	0.0671533085	0.03093076	0.03001226544	0.3288673669	-0.05803597132	-0.06710308637	0.3621178408	0.02005595233	0.05249779959	0.7305259816	-0.04050660015	0.3288673669	-0.02068284188	-0.03688296859	0.2970201832	0.3621178408	0.02233051342	0.004010975388	0.0959930306	-0.04029242008
chr11_2097561_T_C	-0.1604708982	-0.02844720604	0.2979515891	0.291249589	-0.003361644769	-0.00736170596	0.2902178079	0.1102078547	0.2902178079	0.2902178079	0.2902178079	0.2448715615	-0.005994998207	0.1152748672	0.2909197924	0.2528072167	-0.1204811965	-0.009567656742	-0.05451605039	-0.05451605039	-0.002691887818	-0.05451605039	0.2885756972	0.2885756972	-0.1857954672	0.4750833696	-0.3035363801	-0.4146215006	-0.498857891	0.8836614328	0.8836614328	0.8836614328	0.4171682372	-0.2256039647	-0.1278235525	0.4171682372	-0.2329835329	-0.2350595145	-0.2350595145	0.4171682372	0.4171682372	0.4212070169	-0.4777713422	0.4171682372	-0.1159425731	-0.1278235525	0.4171682372	-0.2329835329	-0.4569815392	-0.551938521	-0.551938521	-0.5431920923	-0.2925085471	0.9149330384	0.1552510156	0.1000796833	-0.2217188232	0.414478122	0.1000796833	-0.1847413244	0.4332442589	-0.2217188232	0.414478122	-0.2196837996	0.4180397878	-0.5594939538	0.7534285121	-0.5600837807	-0.3037732299	0.4050713097	0.4135870369	-0.2256039647	-0.2006009063	-0.721516504	-0.2196837996	-0.2256039647	-0.2256039647	0.4050713097	0.4050713097	0.741511253	-0.3817056967	0.4050713097	-0.2927403049	-0.1933170514	-0.2364735968	0.9230751446	-0.2251353001	0.9230751446	-0.2256039647	0.3999574827	0.4017323896	0.8407596689	0.4085737845	0.481673588	-0.2256039647	-0.5537178332	0.1045950215	-0.2775159115	0.9169385563	-0.2775159115	-0.5501435648	-0.6544295332	0.9200043874	-0.6754357363	-0.1933170514	-0.2256039647	-0.6666207521	0.1246834728	-0.1933170514	-0.6646442868	-0.5606901594	-0.3225865972	-0.7152310429	0.9945672887	0.1253793131	-0.7045928546	-0.1847413244	-0.207651646	1	-0.5975337116	-0.5473822519	-0.2196837996	1	-0.3040623849	-0.6694191547	-0.3044068818	-0.5308942467	-0.6683505783	-0.5308942467	1	-0.5473822519	-0.1808262268	-0.6735754271	-0.3188212783	-0.1005886729	-0.1005886729	-0.6745610407	0.9864758893	0.08398880327	-0.1808262268	-0.2066273594	-0.2531676824	-0.228886701	0.7812395763	0.7775051047	-0.2535253028	0.4675999784	-0.2535253028	-0.1818500857	-0.1979465252	0.1481244387	-0.1818500857	-0.3352207485	-0.175597848	0.5324642685	-0.534448239	-0.534448239	-0.1575474057	-0.1575474057	-0.534448239	-0.2784987964	-0.1818500857	0.5788532932	0.5332542326	0.5324642685	0.9784770497	0.09685825508	-0.534448239	-0.1818500857	-0.6642487941	-0.3524450743	-0.1575474057	-0.6478622102	-0.5369879807	0.9391410179	-0.3037732299	0.9784770497	0.5265877591	0.4584224288	-0.5369879807	0.4584224288	0.5280464312	0.5280464312	-0.2288526982	-0.2288526982	0.2733193548	-0.1679555864	0.6354055995	-0.2779697421	0.3737783706	-0.2292029202	-0.163596772	0.258431555	-0.2171351307	-0.2501086504	-0.127818802	0.559666063	0.5302339091	-0.2450970825	0.4385195456	0.6788093258	-0.2450970825	-0.2148705956	0.4341296421	0.2262710604	-0.228579651	-0.2473916991	0.3198575747	-0.2148705956	-0.2310051222	0.3690380198	-0.175597848	-0.1863880432	-0.228579651	0.1705630367	0.1073148798	-0.175597848	-0.2148705956	-0.2317858622	-0.3384348556	-0.3265711599	0.03501376053
chr11_2097671_G_A	0.07589345378	0.01104181053	0.03564841446	0.02326463819	0.03699411029	0.03336419466	0.02198103972	0.01015392939	0.02198103972	0.02198103972	0.02198103972	0.01724075681	0.03443666288	-0.004792130594	0.06303352289	0.009777773914	0.5230960358	-0.007729254999	0.04421200001	0.04421200001	-0.003871741065	0.04421200001	0.01866383407	0.01866383407	0.534173851	0.06902049614	0.8329618479	-0.05059050211	-0.05355841074	-0.2862936872	-0.2862936872	-0.2862936872	0.1042836104	0.002126679089	0.6024959065	0.1042836104	0.008205005254	0.7873759417	0.7873759417	0.1042836104	0.1042836104	0.1046731225	-0.04267754093	0.1042836104	0.6116438745	0.6024959065	0.1042836104	0.008205005254	-0.01933145239	-0.03837482577	-0.03837482577	-0.03512062166	0.8782114278	-0.3032906192	-0.07370058863	-0.03778242297	0.7581442117	0.1061755311	-0.03778242297	-0.06356194163	0.0962520066	0.7581442117	0.1061755311	-0.003319452172	0.1058000517	-0.03837482577	0.1164644436	-0.03999407724	0.8673729492	0.1031683143	0.1046731225	0.002126679089	0.4765280216	0.4343347811	-0.003319452172	0.002126679089	0.002126679089	0.1031683143	0.1031683143	0.1109309602	0.7182819544	0.1031683143	0.8894033308	0.7933089739	-0.03583952824	-0.3025220122	-0.02098280312	-0.3025220122	0.002126679089	0.1012427589	0.1042836104	-0.2659200293	0.102764565	0.07774075444	0.002126679089	0.4040980489	-0.02742243639	0.9381727645	-0.3074509969	0.9381727645	-0.03878089513	0.4737584519	-0.3049717178	0.4580880972	0.7933089739	0.002126679089	0.4598320702	-0.0663737069	0.7933089739	0.4636610371	-0.04160834523	0.8497159924	0.4450694507	-0.3123933966	-0.05608955029	0.4556058698	-0.06356194163	0.02708246708	-0.3040623849	0.2693377686	-0.1444125003	-0.003319452172	-0.3040623849	1	0.4550789169	0.9877848915	-0.1415872898	0.4590843304	-0.1415872898	-0.3040623849	-0.1444125003	0.007270854536	0.4293075176	0.9309045187	0.002126679089	0.002126679089	0.4417099261	-0.2869917536	0.1101117049	0.007270854536	0.7247541322	0.8178075618	0.02014864818	0.07056463322	0.07190564176	0.8591598661	0.09665916713	0.8591598661	0.01174301765	0.003048437952	-0.06115805946	0.01174301765	0.7011861605	0.371105501	0.08247374561	-0.1282099071	-0.1282099071	0.4322632028	0.4322632028	-0.1282099071	0.8317078277	0.01174301765	0.0749122767	0.08397817559	0.08247374561	-0.284668684	-0.04448000379	-0.1282099071	0.01174301765	0.3242817637	0.7934035156	0.4322632028	0.4257599255	-0.1282998959	-0.2972166128	0.9156298698	-0.284668684	0.07566323967	0.07706013876	-0.1282998959	0.07706013876	0.07872003644	0.07872003644	0.7459773581	0.7459773581	-0.006961397069	0.667887218	-0.3215736162	0.7387632058	0.002375339122	0.5179780261	0.01650264886	-0.0573980087	0.2184281817	0.2494088341	0.03118395187	-0.1917367402	-0.1921231747	0.1969364675	0.08248484593	-0.2860943411	0.1969364675	-0.008268729772	0.08537080623	-0.1020880533	0.1153229936	0.4983162795	-0.0483978928	0.03955209074	0.203753707	0.09583897676	0.002126679089	0.2005589519	0.1153229936	0.0152537016	-0.0663737069	0.1075491996	0.08737291126	-0.04678556339	0.4970015462	0.5263692567	-0.0347304181
chr11_2097954_C_T	0.03846424319	0.05915221803	-0.1597215441	-0.1963379107	0.2240979427	0.2247234503	-0.1921186798	-0.09998728865	-0.1921186798	-0.1921186798	-0.1921186798	-0.1425646535	0.2260253182	-0.1032219722	0.01096149054	-0.1481569072	0.2178764531	0.1855701725	0.2073793472	0.2073793472	-0.006841432036	0.2073793472	-0.2032180696	-0.2032180696	0.2394332277	0.1424936518	0.3496434179	0.6516988975	0.7268957081	-0.6159887367	-0.6159887367	-0.6159887367	0.1608442455	0.01324453155	0.1895085318	0.1608442455	0.02728580987	0.3512960661	0.3512960661	0.1608442455	0.1608442455	0.1530248857	0.7410248665	0.1608442455	0.2000795782	0.1895085318	0.1608442455	0.02728580987	0.6973421151	0.8127830875	0.8127830875	0.8141426975	0.3823484526	-0.6400471499	-0.1275819303	-0.05621772266	0.3584533176	0.1661042444	-0.05621772266	0.2652685644	0.1609669653	0.3584533176	0.1661042444	0.0006895065366	0.1643690931	0.8222952538	-0.4941310263	0.8263889026	0.3730193447	0.1783496844	0.1722117458	0.01324453155	0.20211518	0.8917323551	0.0006895065366	0.01324453155	0.01324453155	0.1783496844	0.1783496844	-0.5052780123	0.2945500105	0.1783496844	0.39192065	0.3759368661	-0.05332682502	-0.6521223877	-0.03986356327	-0.6521223877	0.01324453155	0.183041516	0.180277725	-0.5864187411	0.1767848221	0.1809213733	0.01324453155	0.8412170682	-0.1107307266	0.4136307395	-0.6419960319	0.4136307395	0.8213836816	0.982512028	-0.6435948439	0.9658817041	0.3759368661	0.01324453155	0.9872871327	-0.1041034907	0.3759368661	0.9785451904	0.8304943723	0.3592630171	0.9191743852	-0.6623221593	-0.09637275293	0.9119845985	0.2652685644	-0.03082793788	-0.6694191547	0.9360670905	0.8106669394	0.0006895065366	-0.6694191547	0.4550789169	1	0.4653607978	0.8026159216	0.991275212	0.8026159216	-0.6694191547	0.8106669394	-0.06399520426	0.9746485964	0.439390601	-0.04971235128	-0.04971235128	0.9790047966	-0.657018492	-0.02472815168	-0.06399520426	0.3507758853	0.3995351257	-0.01346819182	-0.5221508909	-0.5197541613	0.4113400074	0.143077348	0.4113400074	-0.0563771627	-0.04869798228	-0.1098719855	-0.0563771627	0.3327013292	0.1391582972	0.1296472015	0.7868525182	0.7868525182	0.1500441953	0.1500441953	0.7868525182	0.4042532274	-0.0563771627	0.1454129505	0.1330838932	0.1296472015	-0.6517758124	-0.06348418107	0.7868525182	-0.0563771627	0.8769229395	0.3326317095	0.1500441953	0.9412296824	0.7827305491	-0.6642905332	0.4018377155	-0.6517758124	0.113474252	0.1260267801	0.7732589526	0.1260267801	0.1204778883	0.1204778883	0.3478499263	0.3478499263	0.04273022358	0.340118681	-0.130424952	0.3452307973	0.103341804	0.2198370514	-0.04835407218	-0.1690961574	0.06372409235	0.0903858581	0.1942074083	-0.2519727681	-0.2485888684	0.05677062305	-0.06532889808	-0.2564946859	0.05677062305	0.3034383775	-0.05850544641	-0.185994376	-0.004479922007	0.3673057091	-0.2368098327	-0.03925687715	0.06527652035	-0.04720137415	0.01324453155	0.0825926131	-0.004479922007	-0.1483009959	-0.1041034907	0.01324453155	-0.01069893927	0.3434254366	0.3656406746	0.3331995127	0.01898506118
chr11_2098122_C_T	0.07914888133	0.01289850296	0.04318794379	0.03153575774	0.02057392321	0.01686293107	0.03028281837	0.01411166771	0.03028281837	0.03028281837	0.03028281837	0.02366347467	0.01803160941	-0.001056769267	0.05758280438	0.01622022869	0.4948573641	-0.01385642815	0.0289426974	0.0289426974	0.0002142202972	0.0289426974	0.02926262133	0.02926262133	0.5413232399	0.08062636752	0.8196623917	-0.06266385935	-0.063761917	-0.2752682355	-0.2752682355	-0.2752682355	0.1002349816	0.003527921741	0.5934634758	0.1002349816	0.009584685798	0.7680247341	0.7680247341	0.1002349816	0.1002349816	0.10064584	-0.05317885535	0.1002349816	0.6024640786	0.5934634758	0.1002349816	0.009584685798	-0.0309028788	-0.04987347073	-0.04987347073	-0.0467259476	0.8648079406	-0.2919729663	-0.07167217405	-0.03611493937	0.7677190311	0.1021262442	-0.03611493937	-0.06244750815	0.09195890246	0.7677190311	0.1021262442	-0.001894519647	0.1017294108	-0.04987347073	0.1219811178	-0.05144028973	0.8541407239	0.09916298495	0.10064584	0.003527921741	0.482558339	0.4179698453	-0.001894519647	0.003527921741	0.003527921741	0.09916298495	0.09916298495	0.1166055538	0.7079199389	0.09916298495	0.8758230747	0.8030077327	-0.03425779205	-0.291208594	-0.0194528944	-0.291208594	0.003527921741	0.09723799722	0.1002349816	-0.2556684712	0.0987378956	0.08866178283	0.003527921741	0.3883917202	-0.02480722053	0.9231626372	-0.2960027383	0.9231626372	-0.05040121483	0.4694567081	-0.2935913327	0.4540069244	0.8030077327	0.003527921741	0.4556956761	-0.06520997466	0.8030077327	0.4594639654	-0.05300271562	0.8611162247	0.4417842677	-0.3012543159	-0.05510613048	0.4385875534	-0.06244750815	-0.01553499695	-0.3044068818	0.2773561267	-0.1409924787	-0.001894519647	-0.3044068818	0.9877848915	0.4653607978	1	-0.1382127423	0.4546394006	-0.1382127423	-0.3044068818	-0.1409924787	0.009261964952	0.4393125374	0.942639707	0.003527921741	0.003527921741	0.4518728523	-0.2872864419	0.1130583147	0.009261964952	0.7335750284	0.8280950558	-0.01814889047	0.06343696708	0.06474934638	0.8698004342	0.09271982967	0.8698004342	0.01371761882	0.005057016163	-0.06008577332	0.01371761882	0.7110466078	0.3228815332	0.07809315168	-0.1246470526	-0.1246470526	0.3775206065	0.3775206065	-0.1246470526	0.8421806872	0.01371761882	0.06997322749	0.07957586336	0.07809315168	-0.2849836205	-0.04370013451	-0.1246470526	0.01371761882	0.333460909	0.7834451114	0.3775206065	0.4213861223	-0.1247518856	-0.297161646	0.9028685219	-0.2849836205	0.07134756471	0.07300291847	-0.1247518856	0.07300291847	0.07436135927	0.07436135927	0.7551934659	0.7551934659	-0.009342772965	0.6764899771	-0.3193115833	0.7483782099	-0.002665018902	0.5257665549	0.01846191559	-0.0679478201	0.2226610191	0.2540195569	0.03358047769	-0.2007993355	-0.2009701354	0.2011199256	0.07755838821	-0.2846875537	0.2011199256	-0.006818687862	0.08039927459	-0.09812466314	0.0735665558	0.5060289592	-0.04387540145	-0.006818687862	0.2079511871	0.09006034078	0.003527921741	0.2045053009	0.0735665558	0.01872205649	-0.06520997466	0.1099791256	0.08975619737	-0.045086195	0.5056749959	0.5350950556	-0.03309047532
chr11_2098180_AC_A	-0.0221433998	0.06021752227	-0.1986072389	-0.2472889081	0.2488281746	0.2522392041	-0.241673526	-0.1420186004	-0.241673526	-0.241673526	-0.241673526	-0.1676005483	0.2527986781	-0.1359036919	-0.02429713538	-0.1688148663	-0.08146814483	0.2192986713	0.2172130389	0.2172130389	-0.002348851783	0.2172130389	-0.2497433021	-0.2497433021	-0.08811682422	0.1210598092	-0.1482144544	0.7804884887	0.8462575533	-0.4908469191	-0.4908469191	-0.4908469191	0.1292213312	0.01437213442	-0.1761560269	0.1292213312	0.02601680504	-0.1126174083	-0.1126174083	0.1292213312	0.1292213312	0.1306878947	0.87505245	0.1292213312	-0.1703603061	-0.1761560269	0.1292213312	0.02601680504	0.7889530817	0.9316146722	0.9316146722	0.9308667606	-0.1415872898	-0.5061698895	-0.09207369274	-0.03646179133	-0.1045104029	0.1335295919	-0.03646179133	0.3418636875	0.13415661	-0.1045104029	0.1335295919	0.003970549996	0.1320949036	0.9423027067	-0.6142913894	0.9480342756	-0.1449204981	0.1494415936	0.1414672386	0.01437213442	-0.0917370282	0.7147599491	0.003970549996	0.01437213442	0.01437213442	0.1494415936	0.1494415936	-0.6228322898	-0.1351202041	0.1494415936	-0.1382127423	-0.1086071075	-0.03458680775	-0.5202613754	-0.02955902308	-0.5202613754	0.01437213442	0.1563447977	0.1510571247	-0.4719388444	0.1482221433	0.1578748517	0.01437213442	0.6786597171	-0.1041025726	-0.1454390519	-0.5054542693	-0.1454390519	0.9522738334	0.7899872798	-0.5089755201	0.772217827	-0.1086071075	0.01437213442	0.7950511109	-0.07123142639	-0.1086071075	0.7825940932	0.953775358	-0.1644268256	0.7290856738	-0.5251500722	-0.06963230274	0.7232451126	0.3418636875	-0.02209716798	-0.5308942467	0.874635087	0.9891561162	0.003970549996	-0.5308942467	-0.1415872898	0.8026159216	-0.1382127423	1	0.7998337448	1	-0.5308942467	0.9891561162	-0.0755089294	0.7917691245	-0.1291761648	-0.05636730733	-0.05636730733	0.7883814399	-0.5285905415	-0.1004268009	-0.0755089294	-0.09101635152	-0.0982980897	-0.0009218127791	-0.6070566565	-0.6052632383	-0.1128151937	0.1147361302	-0.1128151937	-0.06998999654	-0.08079838646	-0.08130734009	-0.06998999654	-0.109798359	-0.0917370282	0.1178104477	0.973350018	0.973350018	-0.08066614897	-0.08066614897	0.973350018	-0.102290903	-0.06998999654	0.1390686223	0.1205892076	0.1178104477	-0.5243463428	-0.04067878655	0.973350018	-0.06998999654	0.7717268924	-0.1426269944	-0.08066614897	0.7852263229	0.9687696047	-0.5370860933	-0.1449204981	-0.5243463428	0.1048696375	0.1088808833	0.9581271552	0.1088808833	0.1105278896	0.1105278896	-0.1084199703	-0.1084199703	0.09218147702	-0.06460898778	0.08942138694	-0.1062102543	0.1316421459	-0.09873814322	-0.06420992062	-0.1479754946	-0.07356926311	-0.08443005418	0.1986804399	-0.1417868548	-0.1373682074	-0.08771663847	-0.1135457223	-0.07730487198	-0.08771663847	0.3475142014	-0.1078941367	-0.1478768115	-0.08130734009	0.08023048294	-0.2302890776	-0.06963230274	-0.08313342643	-0.1034854241	0.01437213442	-0.0633885938	-0.08130734009	-0.1746630324	-0.07123142639	-0.05636730733	-0.1017204954	0.4187049236	0.05316936476	0.00978014527	0.04595134275
chr11_2098701_A_AT	0.0388027893	0.05967285101	-0.1611273461	-0.1980659945	0.2334779521	0.2341769373	-0.1938096277	-0.1008673348	-0.1938096277	-0.1938096277	-0.1938096277	-0.1438194477	0.2354362439	-0.1041304886	0.01105796898	-0.1494609221	0.2408395174	0.1958440271	0.2237481373	0.2237481373	-0.01798901626	0.2237481373	-0.2121005797	-0.2121005797	0.2415406184	0.1437478211	0.3671235305	0.6574348774	0.724183487	-0.6214104108	-0.6214104108	-0.6214104108	0.162259929	0.01336110435	0.2024431924	0.162259929	0.02752596811	0.3718780912	0.3718780912	0.162259929	0.162259929	0.1543717464	0.7383494945	0.162259929	0.2132031329	0.2024431924	0.162259929	0.02752596811	0.6937420144	0.8103409744	0.8103409744	0.8116734273	0.4003878445	-0.6456805761	-0.1287048529	-0.05671252744	0.3616082731	0.1675662242	-0.05671252744	0.2676033469	0.162383729	0.3616082731	0.1675662242	0.0006955752836	0.1658158009	0.8199368628	-0.4912255103	0.8240854968	0.3908385133	0.1799194434	0.1737274812	0.01336110435	0.203894113	0.8995810087	0.0006955752836	0.01336110435	0.01336110435	0.1799194434	0.1799194434	-0.502412156	0.3094583847	0.1799194434	0.4101874784	0.3792457045	-0.05379618534	-0.657862095	-0.04021442561	-0.657862095	0.01336110435	0.1846525705	0.1818644538	-0.5915801526	0.1783408078	0.1731630693	0.01336110435	0.8486211075	-0.111705332	0.4331530103	-0.6476466113	0.4331530103	0.818915727	0.9823193723	-0.6492594954	0.9656622727	0.3792457045	0.01336110435	0.9873105048	-0.1050197658	0.3792457045	0.9784773684	0.8282456591	0.3498047772	0.9189529166	-0.6681516408	-0.09722098542	0.9200115038	0.2676033469	-0.004519352399	-0.6683505783	0.9261608111	0.8080004409	0.0006955752836	-0.6683505783	0.4590843304	0.991275212	0.4546394006	0.7998337448	1	0.7998337448	-0.6683505783	0.8080004409	-0.06455846317	0.9660261474	0.4291817448	-0.05014989852	-0.05014989852	0.9704343598	-0.6558846548	-0.02494579848	-0.06455846317	0.3312332353	0.3865782941	0.01034522831	-0.519522666	-0.5170985656	0.3982716135	0.1443366547	0.3982716135	-0.05687337081	-0.04912660147	-0.1108390326	-0.05687337081	0.322044711	0.1721386115	0.1307883017	0.7841022639	0.7841022639	0.1872661152	0.1872661152	0.7841022639	0.3915438477	-0.05687337081	0.1466928142	0.1342552417	0.1307883017	-0.650622428	-0.06404294216	0.7841022639	-0.05687337081	0.8678135683	0.3355593941	0.1872661152	0.9409846124	0.7800648531	-0.6630234855	0.4053745223	-0.650622428	0.1144730047	0.1271360149	0.7705098916	0.1271360149	0.1215382841	0.1215382841	0.3326830658	0.3326830658	0.04310631706	0.3265046529	-0.1315728976	0.3321989652	0.1042513751	0.2068755514	-0.04877966441	-0.1614736794	0.06428496504	0.09118139646	0.1959167404	-0.2385181541	-0.2349147279	0.05727029423	-0.05736763141	-0.2515090185	0.05727029423	0.3061091146	-0.05049767591	-0.1876314204	0.02206056764	0.355408327	-0.2388941333	-0.01079310684	0.06585105686	-0.03939231269	0.01336110435	0.08331955859	0.02206056764	-0.149606279	-0.1050197658	0.01336110435	-0.01079310684	0.3270425542	0.3568643223	0.3237463106	0.01915215972
chr11_2099684_T_C	-0.0221433998	0.06021752227	-0.1986072389	-0.2472889081	0.2488281746	0.2522392041	-0.241673526	-0.1420186004	-0.241673526	-0.241673526	-0.241673526	-0.1676005483	0.2527986781	-0.1359036919	-0.02429713538	-0.1688148663	-0.08146814483	0.2192986713	0.2172130389	0.2172130389	-0.002348851783	0.2172130389	-0.2497433021	-0.2497433021	-0.08811682422	0.1210598092	-0.1482144544	0.7804884887	0.8462575533	-0.4908469191	-0.4908469191	-0.4908469191	0.1292213312	0.01437213442	-0.1761560269	0.1292213312	0.02601680504	-0.1126174083	-0.1126174083	0.1292213312	0.1292213312	0.1306878947	0.87505245	0.1292213312	-0.1703603061	-0.1761560269	0.1292213312	0.02601680504	0.7889530817	0.9316146722	0.9316146722	0.9308667606	-0.1415872898	-0.5061698895	-0.09207369274	-0.03646179133	-0.1045104029	0.1335295919	-0.03646179133	0.3418636875	0.13415661	-0.1045104029	0.1335295919	0.003970549996	0.1320949036	0.9423027067	-0.6142913894	0.9480342756	-0.1449204981	0.1494415936	0.1414672386	0.01437213442	-0.0917370282	0.7147599491	0.003970549996	0.01437213442	0.01437213442	0.1494415936	0.1494415936	-0.6228322898	-0.1351202041	0.1494415936	-0.1382127423	-0.1086071075	-0.03458680775	-0.5202613754	-0.02955902308	-0.5202613754	0.01437213442	0.1563447977	0.1510571247	-0.4719388444	0.1482221433	0.1578748517	0.01437213442	0.6786597171	-0.1041025726	-0.1454390519	-0.5054542693	-0.1454390519	0.9522738334	0.7899872798	-0.5089755201	0.772217827	-0.1086071075	0.01437213442	0.7950511109	-0.07123142639	-0.1086071075	0.7825940932	0.953775358	-0.1644268256	0.7290856738	-0.5251500722	-0.06963230274	0.7232451126	0.3418636875	-0.02209716798	-0.5308942467	0.874635087	0.9891561162	0.003970549996	-0.5308942467	-0.1415872898	0.8026159216	-0.1382127423	1	0.7998337448	1	-0.5308942467	0.9891561162	-0.0755089294	0.7917691245	-0.1291761648	-0.05636730733	-0.05636730733	0.7883814399	-0.5285905415	-0.1004268009	-0.0755089294	-0.09101635152	-0.0982980897	-0.0009218127791	-0.6070566565	-0.6052632383	-0.1128151937	0.1147361302	-0.1128151937	-0.06998999654	-0.08079838646	-0.08130734009	-0.06998999654	-0.109798359	-0.0917370282	0.1178104477	0.973350018	0.973350018	-0.08066614897	-0.08066614897	0.973350018	-0.102290903	-0.06998999654	0.1390686223	0.1205892076	0.1178104477	-0.5243463428	-0.04067878655	0.973350018	-0.06998999654	0.7717268924	-0.1426269944	-0.08066614897	0.7852263229	0.9687696047	-0.5370860933	-0.1449204981	-0.5243463428	0.1048696375	0.1088808833	0.9581271552	0.1088808833	0.1105278896	0.1105278896	-0.1084199703	-0.1084199703	0.09218147702	-0.06460898778	0.08942138694	-0.1062102543	0.1316421459	-0.09873814322	-0.06420992062	-0.1479754946	-0.07356926311	-0.08443005418	0.1986804399	-0.1417868548	-0.1373682074	-0.08771663847	-0.1135457223	-0.07730487198	-0.08771663847	0.3475142014	-0.1078941367	-0.1478768115	-0.08130734009	0.08023048294	-0.2302890776	-0.06963230274	-0.08313342643	-0.1034854241	0.01437213442	-0.0633885938	-0.08130734009	-0.1746630324	-0.07123142639	-0.05636730733	-0.1017204954	0.4187049236	0.05316936476	0.00978014527	0.04595134275
chr11_2099854_G_A	-0.1604708982	-0.02844720604	0.2979515891	0.291249589	-0.003361644769	-0.00736170596	0.2902178079	0.1102078547	0.2902178079	0.2902178079	0.2902178079	0.2448715615	-0.005994998207	0.1152748672	0.2909197924	0.2528072167	-0.1204811965	-0.009567656742	-0.05451605039	-0.05451605039	-0.002691887818	-0.05451605039	0.2885756972	0.2885756972	-0.1857954672	0.4750833696	-0.3035363801	-0.4146215006	-0.498857891	0.8836614328	0.8836614328	0.8836614328	0.4171682372	-0.2256039647	-0.1278235525	0.4171682372	-0.2329835329	-0.2350595145	-0.2350595145	0.4171682372	0.4171682372	0.4212070169	-0.4777713422	0.4171682372	-0.1159425731	-0.1278235525	0.4171682372	-0.2329835329	-0.4569815392	-0.551938521	-0.551938521	-0.5431920923	-0.2925085471	0.9149330384	0.1552510156	0.1000796833	-0.2217188232	0.414478122	0.1000796833	-0.1847413244	0.4332442589	-0.2217188232	0.414478122	-0.2196837996	0.4180397878	-0.5594939538	0.7534285121	-0.5600837807	-0.3037732299	0.4050713097	0.4135870369	-0.2256039647	-0.2006009063	-0.721516504	-0.2196837996	-0.2256039647	-0.2256039647	0.4050713097	0.4050713097	0.741511253	-0.3817056967	0.4050713097	-0.2927403049	-0.1933170514	-0.2364735968	0.9230751446	-0.2251353001	0.9230751446	-0.2256039647	0.3999574827	0.4017323896	0.8407596689	0.4085737845	0.481673588	-0.2256039647	-0.5537178332	0.1045950215	-0.2775159115	0.9169385563	-0.2775159115	-0.5501435648	-0.6544295332	0.9200043874	-0.6754357363	-0.1933170514	-0.2256039647	-0.6666207521	0.1246834728	-0.1933170514	-0.6646442868	-0.5606901594	-0.3225865972	-0.7152310429	0.9945672887	0.1253793131	-0.7045928546	-0.1847413244	-0.207651646	1	-0.5975337116	-0.5473822519	-0.2196837996	1	-0.3040623849	-0.6694191547	-0.3044068818	-0.5308942467	-0.6683505783	-0.5308942467	1	-0.5473822519	-0.1808262268	-0.6735754271	-0.3188212783	-0.1005886729	-0.1005886729	-0.6745610407	0.9864758893	0.08398880327	-0.1808262268	-0.2066273594	-0.2531676824	-0.228886701	0.7812395763	0.7775051047	-0.2535253028	0.4675999784	-0.2535253028	-0.1818500857	-0.1979465252	0.1481244387	-0.1818500857	-0.3352207485	-0.175597848	0.5324642685	-0.534448239	-0.534448239	-0.1575474057	-0.1575474057	-0.534448239	-0.2784987964	-0.1818500857	0.5788532932	0.5332542326	0.5324642685	0.9784770497	0.09685825508	-0.534448239	-0.1818500857	-0.6642487941	-0.3524450743	-0.1575474057	-0.6478622102	-0.5369879807	0.9391410179	-0.3037732299	0.9784770497	0.5265877591	0.4584224288	-0.5369879807	0.4584224288	0.5280464312	0.5280464312	-0.2288526982	-0.2288526982	0.2733193548	-0.1679555864	0.6354055995	-0.2779697421	0.3737783706	-0.2292029202	-0.163596772	0.258431555	-0.2171351307	-0.2501086504	-0.127818802	0.559666063	0.5302339091	-0.2450970825	0.4385195456	0.6788093258	-0.2450970825	-0.2148705956	0.4341296421	0.2262710604	-0.228579651	-0.2473916991	0.3198575747	-0.2148705956	-0.2310051222	0.3690380198	-0.175597848	-0.1863880432	-0.228579651	0.1705630367	0.1073148798	-0.175597848	-0.2148705956	-0.2317858622	-0.3384348556	-0.3265711599	0.03501376053
chr11_2101283_G_A	-0.009334607679	0.05762957953	-0.2072178647	-0.2404654633	0.2370445926	0.2401990459	-0.2349174211	-0.1211709594	-0.2349174211	-0.2349174211	-0.2349174211	-0.1751123938	0.2408821085	-0.1147550424	-0.02583056232	-0.1764436398	-0.08365264501	0.2167268388	0.2128088479	0.2128088479	-0.007793869616	0.2128088479	-0.2466572627	-0.2466572627	-0.09027850134	0.1060452506	-0.1511294035	0.7703793739	0.8552136044	-0.5068953778	-0.5068953778	-0.5068953778	0.1135993488	0.01248032938	-0.1806101928	0.1135993488	0.02417899337	-0.1151226024	-0.1151226024	0.1135993488	0.1135993488	0.1045815878	0.8640164167	0.1135993488	-0.1747403432	-0.1806101928	0.1135993488	0.02417899337	0.8004215664	0.9420916971	0.9420916971	0.9415303386	-0.1444125003	-0.5227546084	-0.09528964269	-0.03898966537	-0.1069149719	0.1182316036	-0.03898966537	0.3380127347	0.1192112374	-0.1069149719	0.1182316036	0.002024439885	0.1165533369	0.9527310845	-0.6333775874	0.9583462941	-0.1477907728	0.1338883621	0.1260421502	0.01248032938	-0.09314587292	0.7209183573	0.002024439885	0.01248032938	0.01248032938	0.1338883621	0.1338883621	-0.6422895903	-0.1388339209	0.1338883621	-0.1409924787	-0.1107030439	-0.03698469032	-0.5367664315	-0.03171942976	-0.5367664315	0.01248032938	0.1404095696	0.1353357557	-0.4867864899	0.1324192553	0.143711349	0.01248032938	0.6839827816	-0.1074426846	-0.1480247957	-0.5222687449	-0.1480247957	0.952060591	0.788397144	-0.5256521659	0.7800161069	-0.1107030439	0.01248032938	0.8028410357	-0.07330368002	-0.1107030439	0.7905704229	0.9639718193	-0.1677915613	0.7358591131	-0.541529663	-0.07134051858	0.7299319409	0.3380127347	-0.02420474386	-0.5473822519	0.8635228667	1	0.002024439885	-0.5473822519	-0.1444125003	0.8106669394	-0.1409924787	0.9891561162	0.8080004409	0.9891561162	-0.5473822519	1	-0.07770562348	0.7995422396	-0.132096392	-0.05793713882	-0.05793713882	0.796106015	-0.5448372429	-0.102446586	-0.07770562348	-0.09291594692	-0.100903581	-0.003058723698	-0.6259909386	-0.624178328	-0.1152878909	0.09869829172	-0.1152878909	-0.07213223533	-0.05781405987	-0.08314541838	-0.07213223533	-0.09822984431	-0.05793713882	0.09335217835	0.9625509974	0.9625509974	-0.08190497347	-0.08190497347	0.9625509974	-0.1049440145	-0.07213223533	0.116357547	0.09621531492	0.09335217835	-0.5404966058	-0.04209961521	0.9625509974	-0.07213223533	0.7602566391	-0.1461993221	-0.08190497347	0.7740214039	0.9580099092	-0.5464385962	-0.1477907728	-0.5404966058	0.07972488988	0.09266991502	0.9474158992	0.09266991502	0.08556485381	0.08556485381	-0.1104892368	-0.1104892368	0.0539741313	-0.06707430314	0.06534389071	-0.1089104491	0.1173510374	-0.1019061385	-0.06629673593	-0.1441870942	-0.07601466319	-0.06693706753	0.195008102	-0.1490035661	-0.1451056797	-0.06954270739	-0.1243754461	-0.09856929126	-0.06954270739	0.3439073257	-0.1186226406	-0.1431258231	-0.05367508112	0.07609443024	-0.2358489536	-0.03939837672	-0.06454771421	-0.1123697958	0.01248032938	-0.04290015727	-0.05367508112	-0.1782597625	-0.07330368002	-0.05793713882	-0.07134051858	0.4139469298	0.07446623076	0.01871932211	0.04312419812
chr11_2101317_A_T	0.2003169303	-0.04692173498	-0.0478472803	0.01808728069	-0.1180166856	-0.1220058653	0.01714845757	0.04741139526	0.01714845757	0.01714845757	0.01714845757	-0.01508867728	-0.1201624782	0.05082214551	0.1627359744	-0.0200949926	-0.05181790472	-0.02048431555	0.05576447668	0.05576447668	0.09466000142	0.05576447668	0.07705806139	0.07705806139	-0.05196875033	0.09377563826	0.04150072161	-0.05467309437	-0.07763948422	0.03531908798	0.03531908798	0.03531908798	0.1099902337	0.1309592652	0.01262506197	0.1099902337	0.1430566088	-0.06119614884	-0.06119614884	0.1099902337	0.1099902337	0.1098485565	-0.0700419423	0.1099902337	0.01567739591	0.01262506197	0.1099902337	0.1430566088	-0.05522737005	-0.08229201586	-0.08229201586	-0.08013034511	0.007270854536	0.04107719765	0.01226486728	0.06274494698	-0.05840735143	0.1108828624	0.06274494698	-0.04653817966	0.1150183468	-0.05840735143	0.1108828624	0.1205132798	0.1110312054	-0.08229201586	0.07438043736	-0.08337053349	0.005318711218	0.1088139062	0.1098485565	0.1309592652	0.1309592652	0.04183963886	0.1205132798	0.1309592652	0.1309592652	0.1088139062	0.1088139062	0.1476180793	0.1728378398	0.1088139062	0.009261964952	-0.05252684963	0.2821910043	0.04204523603	0.08916558791	0.04204523603	0.1309592652	0.1079069548	0.1099902337	0.03610549325	0.1089488468	0.0736316173	0.1309592652	-0.06014547327	0.08883459321	0.01815964394	0.04055989646	0.01815964394	-0.08316280198	-0.06455846317	0.04130488295	0.0218044933	-0.05252684963	0.1309592652	-0.06665697516	0.06810288191	-0.05252684963	-0.06451677258	-0.08444764196	0.4173303559	0.2925913286	-0.1785883657	-0.04106711503	0.2902345742	-0.04653817966	0.09583735089	-0.1808262268	-0.0966155281	-0.07770562348	0.1205132798	-0.1808262268	0.007270854536	-0.06399520426	0.009261964952	-0.0755089294	-0.06455846317	-0.0755089294	-0.1808262268	-0.07770562348	1	-0.06503583965	0.003326340715	-0.03703653896	-0.03703653896	-0.06609779086	-0.1769971937	-0.05022757925	1	-0.04692173498	-0.06190837637	0.08318846828	0.133263666	0.1343164009	-0.01641102638	0.1309905469	-0.01641102638	0.9686759196	0.970351736	-0.044778128	0.9686759196	0.5298980818	0.1309592652	0.09015685575	-0.07796179741	-0.07796179741	0.06239717646	0.06239717646	-0.07796179741	-0.02021282368	0.9686759196	-0.2712912358	0.06677074335	0.09015685575	-0.1754237054	-0.03256694736	-0.07796179741	0.9686759196	0.2614898968	0.5408089801	0.06239717646	-0.04193697317	-0.07822637617	-0.1545502786	0.04376856106	-0.1754237054	0.08572321666	0.1290224339	-0.07822637617	0.1290224339	0.08785384768	0.08785384768	-0.05196875033	-0.05196875033	-0.7175550979	-0.05595635198	-0.1842976327	-0.02205054937	0.1115236772	0.3206759568	0.7395534518	-0.0211824373	0.6759512582	0.6569109172	-0.05613175387	0.1307586724	0.1450983048	0.6329380813	0.1086035882	-0.1892748173	0.6329380813	-0.04106711503	0.1106400575	0.0192380446	0.2364528298	-0.07646799421	-0.05355428013	0.1875471456	0.6464769455	0.09310143551	0.04696136312	0.5458005989	0.2364528298	-0.01634469795	0.06810288191	0.2149571673	0.2637518992	-0.006508771766	0.1195033796	0.1657950335	0.06731565771
chr11_2101345_C_T	0.03483051	0.0560234439	-0.1803511589	-0.2163677111	0.2105906201	0.210993002	-0.2122904338	-0.1026098694	-0.2122904338	-0.2122904338	-0.2122904338	-0.1632251404	0.2123813708	-0.1056956338	-0.01613689717	-0.1685558543	0.1911138733	0.1975554315	0.2217546419	0.2217546419	0.01007157601	0.2217546419	-0.2115365826	-0.2115365826	0.3214076481	0.1461383021	0.3960483847	0.6434412586	0.7069094583	-0.620591614	-0.620591614	-0.620591614	0.1637384799	0.0113960114	0.2252214003	0.1637384799	0.02527042008	0.3931709296	0.3931709296	0.1637384799	0.1637384799	0.1560439607	0.7210749292	0.1637384799	0.2360573351	0.2252214003	0.1637384799	0.02527042008	0.6786589038	0.801267561	0.801267561	0.8027245641	0.4150315513	-0.6447349903	-0.1284022364	-0.05753743807	0.4018872951	0.1689229931	-0.05753743807	0.2583287268	0.1267477125	0.4018872951	0.1689229931	-0.001015053202	0.1672406003	0.8106030827	-0.482981891	0.8145599423	0.4054197399	0.1808559379	0.1748745134	0.0113960114	0.1967592593	0.8990899086	-0.001015053202	0.0113960114	0.0113960114	0.1808559379	0.1808559379	-0.4941110109	0.3212269711	0.1808559379	0.4248972702	0.3479048671	-0.05457867639	-0.6565723641	-0.04113697988	-0.6565723641	0.0113960114	0.1854381699	0.1828110723	-0.5904415779	0.1793403352	0.1839583203	0.0113960114	0.8484056525	-0.1120209523	0.3876490048	-0.6468464226	0.3876490048	0.8097463018	0.9574256991	-0.6483086684	0.940903354	0.3479048671	0.0113960114	0.9621009864	-0.1042730263	0.3479048671	0.953607467	0.8185287591	0.336704408	0.8947878274	-0.6664921568	-0.09636004019	0.8876435139	0.2583287268	-0.03219299242	-0.6735754271	0.912426627	0.7995422396	-0.001015053202	-0.6735754271	0.4293075176	0.9746485964	0.4393125374	0.7917691245	0.9660261474	0.7917691245	-0.6735754271	0.7995422396	-0.06503583965	1	0.482929726	-0.05039173789	-0.05039173789	0.9958321423	-0.6679130851	-0.02644227833	-0.06503583965	0.3422315474	0.4535424309	-0.01509679452	-0.5385206172	-0.5361504985	0.4010810437	0.146088283	0.4010810437	-0.05748944508	-0.0500907997	-0.1097691617	-0.05748944508	0.3230189003	0.1658653846	0.1422623865	0.8137184095	0.8137184095	0.1807758299	0.1807758299	0.8137184095	0.3940095949	-0.05748944508	0.157946221	0.1456632173	0.1422623865	-0.662640319	-0.06371442111	0.8137184095	-0.05748944508	0.8945833872	0.3348763149	0.1807758299	0.9668426298	0.8091014026	-0.6761473994	0.4054197399	-0.662640319	0.1172339758	0.1292691909	0.7998056973	0.1292691909	0.1241920973	0.1241920973	0.3391415413	0.3391415413	0.0446223088	0.3313813253	-0.1270208444	0.3516606358	0.09835476026	0.2125805028	-0.02539806926	-0.1809499983	0.04086214922	0.08618008278	0.2092420224	-0.254192095	-0.25131033	0.03486868065	-0.05746242346	-0.2566052753	0.03486868065	0.2960264437	-0.05068067075	-0.1789622206	0.01952445374	0.3718956662	-0.2382104079	-0.01227722222	0.04295888694	-0.038531003	0.0113960114	0.05871569567	0.01952445374	-0.1494004971	-0.1042730263	0.04228988604	0.01575038377	0.3345451978	0.4010880842	0.3228447861	0.0163353436
chr11_2101692_T_C	0.09105100409	0.007268940221	0.008054538436	-0.004700024328	-0.003399108494	-0.00744374822	-0.006024390642	0.002408862245	-0.006024390642	-0.006024390642	-0.006024390642	-0.008477266682	-0.006061809242	-0.01178276439	0.01644681761	-0.01559503708	0.4310914513	0.004083816243	0.04908403103	0.04908403103	0.04141339054	0.04908403103	0.02070275913	0.02070275913	0.6538508347	0.09203774119	0.8626648158	-0.05794515281	-0.06199403271	-0.2897729749	-0.2897729749	-0.2897729749	0.1096599176	-0.0005828634934	0.6242165146	0.1096599176	0.005401441417	0.8066563906	0.8066563906	0.1096599176	0.1096599176	0.1100002222	-0.05106766044	0.1096599176	0.6335939347	0.6242165146	0.1096599176	0.005401441417	-0.02792732527	-0.04623409668	-0.04623409668	-0.04297406403	0.9075393203	-0.3069583503	-0.07591775128	-0.04011150599	0.8092340355	0.1115110725	-0.04011150599	-0.06426773238	0.04121638356	0.8092340355	0.1115110725	-0.005953056077	0.1111845039	-0.04623409668	0.1264992466	-0.04785664571	0.8963962403	0.1084871228	0.1100002222	-0.0005828634934	0.505051217	0.4429673371	-0.005953056077	-0.0005828634934	-0.0005828634934	0.1084871228	0.1084871228	0.1209747512	0.741627916	0.1084871228	0.9190465175	0.726530329	-0.03804884226	-0.3061816708	-0.02342358744	-0.3061816708	-0.0005828634934	0.1066032519	0.1096599176	-0.268577822	0.1081328853	0.09993126978	-0.0005828634934	0.4123389216	-0.03178225452	0.8699925697	-0.3111678078	0.8699925697	-0.04672333016	0.4432579325	-0.3086597786	0.4278973739	0.726530329	-0.0005828634934	0.4298807804	-0.06711071945	0.726530329	0.4336946147	-0.04947446311	0.8091853028	0.4149581672	-0.3155633918	-0.05671236773	0.4116959641	-0.06426773238	-0.01951468483	-0.3188212783	0.2481216638	-0.132096392	-0.005953056077	-0.3188212783	0.9309045187	0.439390601	0.942639707	-0.1291761648	0.4291817448	-0.1291761648	-0.3188212783	-0.132096392	0.003326340715	0.482929726	1	-0.0005828634934	-0.0005828634934	0.4946913803	-0.3130978087	0.1020678676	0.003326340715	0.691899267	0.8850200461	-0.02185341236	0.01352460071	0.01483026594	0.8198627811	0.1019971495	0.8198627811	0.007730552257	-0.0008354919194	-0.06183715754	0.007730552257	0.6668795855	0.3533609929	0.08896513245	-0.05509935773	-0.05509935773	0.4123432024	0.4123432024	-0.05509935773	0.793339043	0.007730552257	0.08263263583	0.09047741584	0.08896513245	-0.3106608114	-0.04497390901	-0.05509935773	0.007730552257	0.3666256172	0.7550117895	0.4123432024	0.465357932	-0.05612118071	-0.3247019892	0.8732509546	-0.3106608114	0.0821825316	0.0830573531	-0.05612118071	0.0830573531	0.08525314524	0.08525314524	0.7119002756	0.7119002756	-0.002282264723	0.6367097163	-0.3068629658	0.7296769149	-0.002742699055	0.4916767432	0.05193219028	-0.07959960878	0.2055350449	0.263815921	0.06042284548	-0.1952146838	-0.1963043565	0.1846144416	0.09001310872	-0.2824135563	0.1846144416	-0.01084012623	0.09292061601	-0.0920719011	0.1074527333	0.4966872423	-0.05591564231	0.03503211526	0.1912536415	0.1046897781	-0.0005828634934	0.1886069765	0.1074527333	0.008325189563	-0.06711071945	0.1511073607	0.1267765983	-0.0489752831	0.545879271	0.498100839	-0.03707495392
chr11_2101748_G_T	-0.04850757513	0.04755574853	-0.05426910814	-0.07574753088	-0.04884705508	-0.05138471442	-0.07650587228	-0.03343293433	-0.07650587228	-0.07650587228	-0.07650587228	-0.06138618507	-0.05032195325	-0.03158800014	-0.1336089947	-0.0641504451	-0.03725420173	-0.06949985731	-0.06285617532	-0.06285617532	0.03994197667	-0.06285617532	-0.04802670466	-0.04802670466	-0.03736265137	-0.1758229405	-0.0005963835633	0.01072334722	-0.00961928596	-0.1161526898	-0.1161526898	-0.1161526898	-0.1839695494	-0.02662721893	-0.03615594386	-0.1839695494	-0.0250673283	0.01882983749	0.01882983749	-0.1839695494	-0.1839695494	-0.1807332323	-0.003713292201	-0.1839695494	-0.03434630549	-0.03615594386	-0.1839695494	-0.0250673283	-0.02530212367	-0.02672140469	-0.02672140469	-0.05964516885	0.002126679089	-0.1251331083	-0.05299562741	-0.03927378725	0.02276880509	-0.2488663506	-0.03927378725	-0.03345837202	-0.2434230877	0.02276880509	-0.2488663506	-0.0281091656	-0.2178174118	-0.06119102339	-0.1366063754	-0.06196241266	0.0007523795859	-0.2516707543	-0.250261427	-0.02662721893	-0.02662721893	-0.06514965668	-0.0281091656	-0.02662721893	-0.02662721893	-0.2516707543	-0.2516707543	-0.1411137403	-0.01886898687	-0.2516707543	0.003527921741	0.03156981601	-0.03725420173	-0.09959573634	-0.03345837202	-0.09959573634	-0.02662721893	-0.2219474971	-0.2191804891	-0.07542760626	-0.2205570896	-0.1960157062	-0.02662721893	-0.07675263647	-0.05560401406	0.009699959193	-0.1017096796	0.009699959193	-0.06183852598	-0.05014989852	-0.1006468504	-0.05434636137	0.03156981601	-0.02662721893	-0.05158507972	-0.03493845721	0.03156981601	-0.05005241527	-0.06273287262	-0.01463222182	-0.06186403438	-0.09905106011	-0.02952497975	-0.06336856189	-0.03345837202	-0.03219299242	-0.1005886729	-0.03878844804	-0.05793713882	-0.0281091656	-0.1005886729	0.002126679089	-0.04971235128	0.003527921741	-0.05636730733	-0.05014989852	-0.05636730733	-0.1005886729	-0.05793713882	-0.03703653896	-0.05039173789	-0.0005828634934	1	1	-0.05115233331	-0.09802126736	0.04123769434	-0.03703653896	0.04755574853	0.01466569916	-0.0312155259	-0.1346827355	-0.1341261158	0.01641237624	-0.2262045216	0.01641237624	-0.03587640343	-0.0381681586	-0.03219299242	-0.03587640343	-0.009422226909	-0.02662721893	-0.1991701353	-0.05809472166	-0.05809472166	-0.02341383029	-0.02341383029	-0.05809472166	0.01296677378	-0.03587640343	-0.1781318075	-0.1979930953	-0.1991701353	-0.09700241518	-0.02341383029	-0.05809472166	-0.03587640343	-0.05556952783	-0.01677351885	-0.02341383029	-0.04997532466	-0.05825940585	-0.1081067505	0.0007523795859	-0.09700241518	-0.2072594558	-0.2291171494	-0.05825940585	-0.2291171494	-0.2047747558	-0.2047747558	0.02811633865	0.02811633865	0.0446223088	0.01942707395	-0.130924999	0.01131247539	-0.1996168313	0.0007710340133	-0.03468482377	-0.03640535083	-0.04053375078	-0.04199164873	-0.0403556202	-0.1427707479	-0.150410582	-0.04362624548	-0.1654228534	-0.1069985325	-0.04362624548	0.07396156544	-0.1635721268	-0.02672140469	-0.03219299242	-0.0006265099711	-0.02350773549	-0.02952497975	-0.04261363756	-0.1363936844	-0.02662721893	-0.03837104686	-0.03219299242	0.03471714097	-0.03493845721	-0.02662721893	-0.02952497975	-0.04158326039	-0.03066926576	-0.02474606447	-0.0381681586
chr11_2101749_A_T	-0.04850757513	0.04755574853	-0.05426910814	-0.07574753088	-0.04884705508	-0.05138471442	-0.07650587228	-0.03343293433	-0.07650587228	-0.07650587228	-0.07650587228	-0.06138618507	-0.05032195325	-0.03158800014	-0.1336089947	-0.0641504451	-0.03725420173	-0.06949985731	-0.06285617532	-0.06285617532	0.03994197667	-0.06285617532	-0.04802670466	-0.04802670466	-0.03736265137	-0.1758229405	-0.0005963835633	0.01072334722	-0.00961928596	-0.1161526898	-0.1161526898	-0.1161526898	-0.1839695494	-0.02662721893	-0.03615594386	-0.1839695494	-0.0250673283	0.01882983749	0.01882983749	-0.1839695494	-0.1839695494	-0.1807332323	-0.003713292201	-0.1839695494	-0.03434630549	-0.03615594386	-0.1839695494	-0.0250673283	-0.02530212367	-0.02672140469	-0.02672140469	-0.05964516885	0.002126679089	-0.1251331083	-0.05299562741	-0.03927378725	0.02276880509	-0.2488663506	-0.03927378725	-0.03345837202	-0.2434230877	0.02276880509	-0.2488663506	-0.0281091656	-0.2178174118	-0.06119102339	-0.1366063754	-0.06196241266	0.0007523795859	-0.2516707543	-0.250261427	-0.02662721893	-0.02662721893	-0.06514965668	-0.0281091656	-0.02662721893	-0.02662721893	-0.2516707543	-0.2516707543	-0.1411137403	-0.01886898687	-0.2516707543	0.003527921741	0.03156981601	-0.03725420173	-0.09959573634	-0.03345837202	-0.09959573634	-0.02662721893	-0.2219474971	-0.2191804891	-0.07542760626	-0.2205570896	-0.1960157062	-0.02662721893	-0.07675263647	-0.05560401406	0.009699959193	-0.1017096796	0.009699959193	-0.06183852598	-0.05014989852	-0.1006468504	-0.05434636137	0.03156981601	-0.02662721893	-0.05158507972	-0.03493845721	0.03156981601	-0.05005241527	-0.06273287262	-0.01463222182	-0.06186403438	-0.09905106011	-0.02952497975	-0.06336856189	-0.03345837202	-0.03219299242	-0.1005886729	-0.03878844804	-0.05793713882	-0.0281091656	-0.1005886729	0.002126679089	-0.04971235128	0.003527921741	-0.05636730733	-0.05014989852	-0.05636730733	-0.1005886729	-0.05793713882	-0.03703653896	-0.05039173789	-0.0005828634934	1	1	-0.05115233331	-0.09802126736	0.04123769434	-0.03703653896	0.04755574853	0.01466569916	-0.0312155259	-0.1346827355	-0.1341261158	0.01641237624	-0.2262045216	0.01641237624	-0.03587640343	-0.0381681586	-0.03219299242	-0.03587640343	-0.009422226909	-0.02662721893	-0.1991701353	-0.05809472166	-0.05809472166	-0.02341383029	-0.02341383029	-0.05809472166	0.01296677378	-0.03587640343	-0.1781318075	-0.1979930953	-0.1991701353	-0.09700241518	-0.02341383029	-0.05809472166	-0.03587640343	-0.05556952783	-0.01677351885	-0.02341383029	-0.04997532466	-0.05825940585	-0.1081067505	0.0007523795859	-0.09700241518	-0.2072594558	-0.2291171494	-0.05825940585	-0.2291171494	-0.2047747558	-0.2047747558	0.02811633865	0.02811633865	0.0446223088	0.01942707395	-0.130924999	0.01131247539	-0.1996168313	0.0007710340133	-0.03468482377	-0.03640535083	-0.04053375078	-0.04199164873	-0.0403556202	-0.1427707479	-0.150410582	-0.04362624548	-0.1654228534	-0.1069985325	-0.04362624548	0.07396156544	-0.1635721268	-0.02672140469	-0.03219299242	-0.0006265099711	-0.02350773549	-0.02952497975	-0.04261363756	-0.1363936844	-0.02662721893	-0.03837104686	-0.03219299242	0.03471714097	-0.03493845721	-0.02662721893	-0.02952497975	-0.04158326039	-0.03066926576	-0.02474606447	-0.0381681586
chr11_2101804_G_A	0.0474031531	0.05496457766	-0.1767612836	-0.2136979271	0.2057540943	0.2060504855	-0.2096422062	-0.1047662297	-0.2096422062	-0.2096422062	-0.2096422062	-0.1587055389	0.2074930455	-0.1078051521	-0.0126060927	-0.1642181609	0.1898417974	0.1925088459	0.2165466923	0.2165466923	0.01844988097	0.2165466923	-0.203618018	-0.203618018	0.3200287578	0.1491650621	0.3941600439	0.6400555771	0.7119622717	-0.6213299044	-0.6213299044	-0.6213299044	0.1665465956	0.01058630898	0.2227383206	0.1665465956	0.02449659456	0.3915355288	0.3915355288	0.1665465956	0.1665465956	0.1588480158	0.7263507814	0.1665465956	0.2336097037	0.2227383206	0.1665465956	0.02449659456	0.6847212213	0.7977543495	0.7977543495	0.7992524506	0.4274453059	-0.6457263077	-0.1298936946	-0.05867261988	0.4003052542	0.1717380767	-0.05867261988	0.2571173662	0.1296815635	0.4003052542	0.1717380767	-0.001859451861	0.1700672808	0.8070824516	-0.4780862504	0.811015019	0.4176804696	0.183619025	0.1776636026	0.01058630898	0.226671557	0.9025011882	-0.001859451861	0.01058630898	0.01058630898	0.183619025	0.183619025	-0.4892726089	0.3310462402	0.183619025	0.4374690419	0.3464928528	-0.05565548346	-0.6575370305	-0.04211033442	-0.6575370305	0.01058630898	0.1881863888	0.1856040296	-0.5907596087	0.1821147185	0.1870079372	0.01058630898	0.8514189895	-0.1136038606	0.4013556604	-0.6478702298	0.4013556604	0.8061959146	0.9618407468	-0.6493054805	0.9451149268	0.3464928528	0.01058630898	0.9663376082	-0.1052407065	0.3464928528	0.9579076993	0.8149595193	0.346901843	0.898500725	-0.6674408098	-0.09717123326	0.8913124677	0.2571173662	-0.03313540708	-0.6745610407	0.9085752763	0.796106015	-0.001859451861	-0.6745610407	0.4417099261	0.9790047966	0.4518728523	0.7883814399	0.9704343598	0.7883814399	-0.6745610407	0.796106015	-0.06609779086	0.9958321423	0.4946913803	-0.05115233331	-0.05115233331	1	-0.6688354804	-0.02750706815	-0.06609779086	0.3409452118	0.4518436519	-0.01602340559	-0.5405818197	-0.5381954921	0.3994532074	0.1488038924	0.3994532074	-0.05852251019	-0.05119865508	-0.1106499212	-0.05852251019	0.3210115488	0.1649329147	0.1361605385	0.8102797728	0.8102797728	0.1799281319	0.1799281319	0.8102797728	0.3923292884	-0.05852251019	0.1524645026	0.1395940585	0.1361605385	-0.6635420148	-0.06436780573	0.8102797728	-0.05852251019	0.8903839335	0.3327595615	0.1799281319	0.9627289981	0.8056745353	-0.6773239047	0.4035501076	-0.6635420148	0.1200719626	0.1319556215	0.796386218	0.1319556215	0.127066793	0.127066793	0.3377485566	0.3377485566	0.04592857811	0.3299083054	-0.1300516546	0.3499855266	0.1012132964	0.2108257667	-0.02642081038	-0.1750124237	0.05883461735	0.1023743061	0.2078622833	-0.2498191018	-0.2470668758	0.05173673877	-0.05409275209	-0.2588362938	0.05173673877	0.294903394	-0.04727391552	-0.1816963758	0.01854093565	0.369947032	-0.2409178939	-0.01315524171	0.06016938694	-0.03460656516	0.01058630898	0.07753311372	0.01854093565	-0.1512069808	-0.1052407065	0.04145563013	0.0148500888	0.3330289581	0.3985515894	0.3205063133	0.01517469478
chr11_2102033_G_A	-0.1559373687	-0.02581865271	0.2877511527	0.2833821524	0.007933569636	0.004213877939	0.2824011016	0.07920138027	0.2824011016	0.2824011016	0.2824011016	0.2585391709	0.005438456083	0.08380807364	0.3010603848	0.2664477969	-0.1005509512	0.002298904744	-0.04202291329	-0.04202291329	0.003099902754	-0.04202291329	0.2846929538	0.2846929538	-0.1676495058	0.4721320714	-0.2865545103	-0.4127859552	-0.4950143176	0.8701448442	0.8701448442	0.8701448442	0.4151127299	-0.2222483666	-0.112639256	0.4151127299	-0.2296946611	-0.2166990484	-0.2166990484	0.4151127299	0.4151127299	0.4190532901	-0.4744895078	0.4151127299	-0.1008645759	-0.112639256	0.4151127299	-0.2296946611	-0.4548029778	-0.5490212198	-0.5490212198	-0.540462576	-0.27551076	0.9018871302	0.1581198375	0.1023001004	-0.2031667977	0.4123004923	0.1023001004	-0.1811473933	0.4306856678	-0.2031667977	0.4123004923	-0.216257933	0.415911433	-0.5565290173	0.7491363263	-0.5570492336	-0.2867487218	0.403085925	0.4114813524	-0.2222483666	-0.1974029468	-0.7080396655	-0.216257933	-0.2222483666	-0.2222483666	0.403085925	0.403085925	0.7375452309	-0.3650813138	0.403085925	-0.27569342	-0.1742549435	-0.2322779169	0.9099194666	-0.2212866944	0.9099194666	-0.2222483666	0.3981461047	0.3997742018	0.8266339842	0.4066401174	0.4782361613	-0.2222483666	-0.5405181478	0.1079725946	-0.2599027857	0.9038576732	-0.2599027857	-0.547243533	-0.6420513787	0.9068861675	-0.6626828483	-0.1742549435	-0.2222483666	-0.6541522939	0.1264340105	-0.1742549435	-0.6522921325	-0.5575861717	-0.3063249441	-0.7018948142	0.9810009883	0.1267324288	-0.6912174874	-0.1811473933	-0.204005141	0.9864758893	-0.5862180013	-0.5448372429	-0.216257933	0.9864758893	-0.2869917536	-0.657018492	-0.2872864419	-0.5285905415	-0.6558846548	-0.5285905415	0.9864758893	-0.5448372429	-0.1769971937	-0.6679130851	-0.3130978087	-0.09802126736	-0.09802126736	-0.6688354804	1	0.08608103051	-0.1769971937	-0.2028754213	-0.2483400521	-0.2251772809	0.7992804662	0.7955405843	-0.248766039	0.4965820207	-0.248766039	-0.1780988268	-0.1939273936	0.1495278575	-0.1780988268	-0.3288802427	-0.1725575269	0.5580487859	-0.5319076924	-0.5319076924	-0.1548541903	-0.1548541903	-0.5319076924	-0.2734418173	-0.1780988268	0.6020520792	0.5587253225	0.5580487859	0.9919290645	0.09794750142	-0.5319076924	-0.1780988268	-0.6582206636	-0.345754569	-0.1548541903	-0.642373682	-0.5343564361	0.9540558368	-0.2981216565	0.9919290645	0.5530655261	0.4877462891	-0.5343564361	0.4877462891	0.5542823332	0.5542823332	-0.2246971925	-0.2246971925	0.2683564239	-0.1639758799	0.6447924293	-0.2728473787	0.393109134	-0.2239288567	-0.1600471083	0.2641975154	-0.2128232701	-0.2454830515	-0.1240829931	0.570590429	0.541947998	-0.2403844038	0.4544437338	0.6860760623	-0.2403844038	-0.2113722826	0.4499365352	0.2317897272	-0.2248011997	-0.2418405085	0.3089720297	-0.2113722826	-0.2264548085	0.3830487499	-0.1725575269	-0.1824270548	-0.2248011997	0.1741362684	0.1091749225	-0.1725575269	-0.2113722826	-0.2273054345	-0.3215617291	-0.309794654	0.03756413128
chr11_2102146_A_AC	-0.06578417268	0.00937218499	0.231794408	0.2203487991	-0.1203737542	-0.1243119231	0.2196238854	0.3994129949	0.2196238854	0.2196238854	0.2196238854	-0.04307214955	-0.1224759102	0.4059147401	0.09494402421	-0.04748475731	0.154522844	-0.1152993523	-0.1383798483	-0.1383798483	0.0001556546725	-0.1383798483	0.2113305446	0.2113305446	0.08253042251	0.09422736758	0.1044354283	-0.05754716718	-0.05742498059	0.08042632719	0.08042632719	0.08042632719	0.1086455961	-0.03611084586	0.06073808377	0.1086455961	-0.03399538009	0.1533407304	0.1533407304	0.1086455961	0.1086455961	0.1084896368	-0.0722447781	0.1086455961	0.06412613756	0.06073808377	0.1086455961	-0.03399538009	-0.08175160521	-0.106358203	-0.106358203	-0.1043570686	0.1101117049	0.08499723822	-0.03228477592	-0.05326165234	0.1626167933	0.08596910249	-0.05326165234	-0.04537500208	0.09016767547	0.1626167933	0.08596910249	-0.03812060692	0.08583097629	-0.106358203	0.1504795941	-0.1073581639	0.1072387077	0.08386311335	0.08491674764	-0.03611084586	-0.03611084586	-0.02954533536	-0.03812060692	-0.03611084586	-0.03611084586	0.08386311335	0.08386311335	0.1470719593	0.09440420989	0.08386311335	0.1130583147	0.1838555177	0.0007386369214	0.08601030875	0.01710565554	0.08601030875	-0.03611084586	0.08264287417	0.08476971146	0.0980580149	0.08370704552	0.07581055652	-0.03611084586	-0.04614430176	-0.03715282106	0.1292061507	0.08492481338	0.1292061507	-0.1074836493	-0.02494579848	0.08546836631	-0.03121950506	0.1838555177	-0.03611084586	-0.02773977669	0.006348600606	0.1838555177	-0.0255918093	-0.1083578303	0.0723762649	-0.04340743667	0.08553992946	0.03013162396	-0.04547605914	-0.04537500208	0.02108316393	0.08398880327	-0.03050490815	-0.102446586	-0.03812060692	0.08398880327	0.1101117049	-0.02472815168	0.1130583147	-0.1004268009	-0.02494579848	-0.1004268009	0.08398880327	-0.102446586	-0.05022757925	-0.02644227833	0.1020678676	0.04123769434	0.04123769434	-0.02750706815	0.08608103051	1	-0.05022757925	0.00937218499	0.1402642449	0.01595899626	0.151668882	0.1527141878	0.1442074737	0.05530210638	0.1442074737	-0.04865424652	-0.0517622398	0.02108316393	-0.04865424652	0.08649039884	-0.03611084586	0.06801399221	-0.1023537575	-0.1023537575	-0.03175296746	-0.03175296746	-0.1023537575	0.1364554766	-0.04865424652	0.08333426851	0.06907345252	0.06801399221	0.08662057884	-0.03175296746	-0.1023537575	-0.04865424652	-0.03437327156	0.06833036164	-0.03175296746	-0.02622377198	-0.1022827643	0.07864826976	0.1072387077	0.08662057884	0.06332185596	0.05304467184	-0.1022827643	0.05304467184	0.06547102721	0.06547102721	0.08253042251	0.08253042251	0.01564600291	0.06679830283	0.05843536576	0.01534155918	0.0652576964	0.001045647706	-0.04703827042	-0.004988320799	-0.006801888982	-0.01303465347	-0.05472879402	0.09268475974	0.08579014815	0.0320801953	0.08754306258	0.08424773103	0.0320801953	-0.04004068151	0.08955776103	-0.1297314117	-0.04365894124	-0.0008496495653	0.09158475345	-0.04004068151	0.03504919152	0.1155209348	-0.03611084586	0.04827913344	-0.04365894124	0.1809959334	0.006348600606	-0.03611084586	-0.04004068151	-0.05639367407	-0.01237672145	-0.003390746286	-0.0517622398
chr11_2102842_G_A	0.2003169303	-0.04692173498	-0.0478472803	0.01808728069	-0.1180166856	-0.1220058653	0.01714845757	0.04741139526	0.01714845757	0.01714845757	0.01714845757	-0.01508867728	-0.1201624782	0.05082214551	0.1627359744	-0.0200949926	-0.05181790472	-0.02048431555	0.05576447668	0.05576447668	0.09466000142	0.05576447668	0.07705806139	0.07705806139	-0.05196875033	0.09377563826	0.04150072161	-0.05467309437	-0.07763948422	0.03531908798	0.03531908798	0.03531908798	0.1099902337	0.1309592652	0.01262506197	0.1099902337	0.1430566088	-0.06119614884	-0.06119614884	0.1099902337	0.1099902337	0.1098485565	-0.0700419423	0.1099902337	0.01567739591	0.01262506197	0.1099902337	0.1430566088	-0.05522737005	-0.08229201586	-0.08229201586	-0.08013034511	0.007270854536	0.04107719765	0.01226486728	0.06274494698	-0.05840735143	0.1108828624	0.06274494698	-0.04653817966	0.1150183468	-0.05840735143	0.1108828624	0.1205132798	0.1110312054	-0.08229201586	0.07438043736	-0.08337053349	0.005318711218	0.1088139062	0.1098485565	0.1309592652	0.1309592652	0.04183963886	0.1205132798	0.1309592652	0.1309592652	0.1088139062	0.1088139062	0.1476180793	0.1728378398	0.1088139062	0.009261964952	-0.05252684963	0.2821910043	0.04204523603	0.08916558791	0.04204523603	0.1309592652	0.1079069548	0.1099902337	0.03610549325	0.1089488468	0.0736316173	0.1309592652	-0.06014547327	0.08883459321	0.01815964394	0.04055989646	0.01815964394	-0.08316280198	-0.06455846317	0.04130488295	0.0218044933	-0.05252684963	0.1309592652	-0.06665697516	0.06810288191	-0.05252684963	-0.06451677258	-0.08444764196	0.4173303559	0.2925913286	-0.1785883657	-0.04106711503	0.2902345742	-0.04653817966	0.09583735089	-0.1808262268	-0.0966155281	-0.07770562348	0.1205132798	-0.1808262268	0.007270854536	-0.06399520426	0.009261964952	-0.0755089294	-0.06455846317	-0.0755089294	-0.1808262268	-0.07770562348	1	-0.06503583965	0.003326340715	-0.03703653896	-0.03703653896	-0.06609779086	-0.1769971937	-0.05022757925	1	-0.04692173498	-0.06190837637	0.08318846828	0.133263666	0.1343164009	-0.01641102638	0.1309905469	-0.01641102638	0.9686759196	0.970351736	-0.044778128	0.9686759196	0.5298980818	0.1309592652	0.09015685575	-0.07796179741	-0.07796179741	0.06239717646	0.06239717646	-0.07796179741	-0.02021282368	0.9686759196	-0.2712912358	0.06677074335	0.09015685575	-0.1754237054	-0.03256694736	-0.07796179741	0.9686759196	0.2614898968	0.5408089801	0.06239717646	-0.04193697317	-0.07822637617	-0.1545502786	0.04376856106	-0.1754237054	0.08572321666	0.1290224339	-0.07822637617	0.1290224339	0.08785384768	0.08785384768	-0.05196875033	-0.05196875033	-0.7175550979	-0.05595635198	-0.1842976327	-0.02205054937	0.1115236772	0.3206759568	0.7395534518	-0.0211824373	0.6759512582	0.6569109172	-0.05613175387	0.1307586724	0.1450983048	0.6329380813	0.1086035882	-0.1892748173	0.6329380813	-0.04106711503	0.1106400575	0.0192380446	0.2364528298	-0.07646799421	-0.05355428013	0.1875471456	0.6464769455	0.09310143551	0.04696136312	0.5458005989	0.2364528298	-0.01634469795	0.06810288191	0.2149571673	0.2637518992	-0.006508771766	0.1195033796	0.1657950335	0.06731565771
chr11_2102868_G_A	-0.02443240568	0.01519198664	0.04491731411	0.0109265104	0.0877081971	0.08586588966	0.01006618648	-0.06507793254	0.01006618648	0.01006618648	0.01006618648	0.05828723537	0.08612140496	-0.0629449161	0.05892989243	0.05253721233	0.3837901388	0.01517071483	0.04860219318	0.04860219318	-0.04400467108	0.04860219318	-0.01847336195	-0.01847336195	0.3726277693	0.05750289911	0.5236035315	0.005167323031	0.003360306266	-0.1947872599	-0.1947872599	-0.1947872599	0.07361428736	-0.03373412703	0.3932214056	0.07361428736	-0.03175789554	0.615844207	0.615844207	0.07361428736	0.07361428736	0.0738224093	0.01099197486	0.07361428736	0.3992491058	0.3932214056	0.07361428736	-0.03175789554	0.02887855771	0.02619237755	0.02619237755	0.02857369042	0.5369351002	-0.2061185346	-0.02553731782	0.007037871322	0.6390575856	0.07481639454	0.007037871322	-0.04238854139	0.0787799323	0.6390575856	0.07481639454	-0.03561161102	0.07461719435	0.02619237755	0.0415304067	0.02501023417	0.5301657342	0.07282699468	0.0738224093	-0.03373412703	0.04755574853	0.2974467979	-0.03561161102	-0.03373412703	-0.03373412703	0.07282699468	0.07282699468	0.03754903918	0.4244786922	0.07282699468	0.5439233112	0.6932995719	-0.04719749279	-0.2056119044	-0.04238854139	-0.2056119044	-0.03373412703	0.07160370343	0.07361428736	-0.1910909618	0.07260982423	0.08677860787	-0.03373412703	0.2974670336	-0.03024034485	0.5904928261	-0.2089301103	0.5904928261	0.02646953638	0.3538632673	-0.2072610215	0.3428999199	0.6932995719	-0.03373412703	0.3438295928	-0.04426366706	0.6932995719	0.3464442062	0.02383355416	0.6024622608	0.3140618004	-0.2044874394	-0.03740531146	0.3118820207	-0.04238854139	-0.04078542707	-0.2066273594	0.3327742133	-0.09291594692	-0.03561161102	-0.2066273594	0.7247541322	0.3507758853	0.7335750284	-0.09101635152	0.3312332353	-0.09101635152	-0.2066273594	-0.09291594692	-0.04692173498	0.3422315474	0.691899267	0.04755574853	0.04755574853	0.3409452118	-0.2028754213	0.00937218499	-0.04692173498	1	0.7870047516	-0.03954707094	0.1170298761	0.1179849625	0.7992682544	0.06857435322	0.7992682544	-0.04545195478	-0.0483553883	-0.04078542707	-0.04545195478	0.6217513529	0.04755574853	0.07933083962	-0.09286502327	-0.09286502327	0.06223948244	0.06223948244	-0.09286502327	0.7752466899	-0.04545195478	0.09302569639	0.08029549574	0.07933083962	-0.2012820369	-0.02966307248	-0.09286502327	-0.04545195478	0.3053226648	0.5920596275	0.06223948244	0.3394035095	-0.09283307261	-0.2178965211	0.7162170183	-0.2012820369	0.05111088182	0.0410578436	-0.09283307261	0.0410578436	0.05314710433	0.05314710433	0.8392529442	0.8392529442	0.05653217624	0.7567853996	-0.265499762	0.7228216022	0.02957681534	0.6195763014	-0.04394233788	-0.1057238165	-0.00072943702	-0.007048918218	0.004313814628	-0.2856324955	-0.2965796903	-0.007323309418	0.03079390148	-0.2509274251	-0.007323309418	-0.03740531146	0.03275695225	-0.07206443335	-0.04078542707	0.6275163283	-0.07015066772	-0.03740531146	-0.005201909285	0.03773882096	-0.03373412703	0.004101673631	-0.04078542707	-0.08111670615	-0.04426366706	-0.03373412703	-0.03740531146	-0.003006309441	0.4899447889	0.5147007203	0.009906138574
chr11_2102978_A_C	-0.0002329964693	0.02795106437	0.0309719045	-0.01218802901	0.07172296101	0.0688884926	-0.01334813164	-0.03934473443	-0.01334813164	-0.01334813164	-0.01334813164	0.01350843769	0.06954647967	-0.0361120909	0.01681248694	0.006969310736	0.486762994	0.06630688919	0.09969556093	0.09969556093	-0.02965126205	0.09969556093	-0.03180936842	-0.03180936842	0.6508671618	0.1020014275	0.7445177599	-0.01271498469	-0.02739644559	-0.2505002531	-0.2505002531	-0.2505002531	0.1085426279	-0.04450869163	0.5437462586	0.1085426279	-0.04190125857	0.8716150874	0.8716150874	0.1085426279	0.1085426279	0.1086723468	-0.01763300233	0.1085426279	0.5519112906	0.5437462586	0.1085426279	-0.04190125857	0.004078884293	0.001030624662	0.001030624662	0.004035824027	0.7631189467	-0.2654569837	-0.05830012383	-0.02430526557	0.9040611539	0.1099615047	-0.02430526557	-0.05592729628	0.0436539555	0.9040611539	0.1099615047	-0.04698583757	0.1098423324	0.001030624662	0.08859154179	-0.0004628649999	0.7536727406	0.1073817823	0.1086723468	-0.04450869163	0.07384008995	0.3943248851	-0.04698583757	-0.04450869163	-0.04450869163	0.1073817823	0.1073817823	0.08361084011	0.6059554344	0.1073817823	0.7728728045	0.8360585872	-0.06227221029	-0.2647785338	-0.05592729628	-0.2647785338	-0.04450869163	0.1059384524	0.1085426279	-0.2353603077	0.1072413764	0.1253856734	-0.04450869163	0.3823180682	-0.06367816215	0.7199052261	-0.2691041479	0.7199052261	0.001041530382	0.4030516661	-0.2669283756	0.3894502546	0.8360585872	-0.04450869163	0.3910696884	-0.05840133067	0.8360585872	0.394416495	-0.00195053184	0.6758309148	0.3543550942	-0.2503914285	-0.04935243979	0.3515209565	-0.05592729628	-0.05381215274	-0.2531676824	0.3333975639	-0.100903581	-0.04698583757	-0.2531676824	0.8178075618	0.3995351257	0.8280950558	-0.0982980897	0.3865782941	-0.0982980897	-0.2531676824	-0.100903581	-0.06190837637	0.4535424309	0.8850200461	0.01466569916	0.01466569916	0.4518436519	-0.2483400521	0.1402642449	-0.06190837637	0.7870047516	1	-0.05217826991	0.1039284523	0.1051447355	0.8912841368	0.1204849054	0.8912841368	-0.05996915341	-0.06379993365	-0.05381215274	-0.05996915341	0.6874347431	0.07384008995	0.132691933	-0.02899388494	-0.02899388494	0.09466227535	0.09466227535	-0.02899388494	0.8637126364	-0.05996915341	0.1496659573	0.1339202078	0.132691933	-0.2463120884	-0.0391373562	-0.02899388494	-0.05996915341	0.4018617614	0.6635799781	0.09466227535	0.449794573	-0.03011982111	-0.2676075907	0.8078466279	-0.2463120884	0.1102506724	0.0993942028	-0.03011982111	0.0993942028	0.1127855286	0.1127855286	0.820705412	0.820705412	0.07458835965	0.7373827066	-0.2157613244	0.6411248692	0.07757797558	0.5225324177	-0.01172875532	-0.08537621115	0.07964827905	0.09778344029	0.05361619337	-0.1915965777	-0.2037972855	0.0666871841	0.1052507205	-0.202848449	0.0666871841	0.004331875593	0.1077381613	-0.1062574026	-0.00428213417	0.5565729532	-0.02879930317	0.004331875593	0.07082139573	0.1245060215	-0.04450869163	0.08935236132	-0.00428213417	0.02103596875	-0.05840133067	0.01466569916	0.004331875593	-0.03334737866	0.569599476	0.5074344828	-0.02138886664
chr11_2103039_T_G	0.2563493394	-0.03954707094	-0.1201902949	-0.04225381165	-0.001560350047	-0.004024151099	-0.04309909868	0.06721935364	-0.04309909868	-0.04309909868	-0.04309909868	-0.09677182044	-0.003184477613	0.07033918631	0.1371588482	-0.09960252865	0.1272448385	-0.02689645918	0.04005211899	0.04005211899	0.1768898619	0.04005211899	0.07172480275	0.07172480275	-0.04380084959	-0.1943824186	0.09461000956	-0.005233705761	0.02160605952	-0.1802443784	-0.1802443784	-0.1802443784	0.08802028791	0.7424835804	0.0321705448	0.08802028791	0.7900337211	0.04311810203	0.04311810203	0.08802028791	0.08802028791	0.08796030539	-0.02095254058	0.08802028791	0.03492631121	0.0321705448	0.08802028791	0.7900337211	-0.006229546411	-0.008234912905	-0.008234912905	-0.006163781876	0.05987353976	-0.1907296563	-0.01813112877	-0.04604130556	-0.04922749919	0.08884119844	-0.04604130556	-0.03922379881	0.09236139782	-0.04922749919	0.08884119844	0.7838067494	0.08890730152	0.01774249417	0.01879038478	0.01666143818	0.01837136113	0.1133312166	0.08796030539	0.8284501478	-0.0312155259	0.313366285	0.7838067494	0.8284501478	0.8284501478	0.1133312166	0.1133312166	0.05454319928	0.4594685177	0.1133312166	0.02196362542	-0.04427123272	0.7539461913	-0.2091616573	0.7940818044	-0.2091616573	0.8284501478	0.1128935245	0.1145563782	-0.1976996189	0.1137246717	-0.2297924304	0.8284501478	0.03643814898	0.01984971948	0.03047981477	-0.2123844196	0.03047981477	0.01793023921	0.01034522831	-0.2107631878	0.05170670865	-0.04427123272	0.8284501478	0.0307628791	-0.04095892697	-0.04427123272	0.03270968	0.01558516928	0.03219580787	0.1049821633	-0.2456126591	-0.03461261848	0.1030945871	-0.03922379881	0.8976817419	-0.228886701	-0.02364058065	-0.003058723698	0.7838067494	-0.228886701	0.02014864818	-0.01346819182	-0.01814889047	-0.0009218127791	0.01034522831	-0.0009218127791	-0.228886701	-0.003058723698	0.08318846828	-0.01509679452	-0.02185341236	-0.0312155259	-0.0312155259	-0.01602340559	-0.2251772809	0.01595899626	0.08318846828	-0.03954707094	-0.05217826991	1	0.07895791505	0.07981621023	-0.0510379529	0.02992009539	-0.0510379529	0.08824773868	0.0784815883	-0.03774037353	0.08824773868	0.005299172795	0.05475104146	-0.2585433494	-0.00407625892	-0.00407625892	0.06974138766	0.06974138766	-0.00407625892	0.07881196028	0.08824773868	-0.2810490161	-0.2571237123	-0.2585433494	-0.2235588568	0.06974138766	-0.00407625892	0.08824773868	0.02343384563	0.06281634563	0.06974138766	0.008118173791	0.02079765073	-0.00904635618	-0.0209796408	-0.2235588568	-0.2684917804	0.02788508058	0.02079765073	0.02788508058	-0.2654884944	-0.2654884944	-0.04380084959	-0.04380084959	-0.2967669659	-0.04716172202	-0.2431554937	-0.0109075524	0.03981539519	-0.06182647491	0.02652684572	-0.04541905509	0.006016937916	-0.000421949993	-0.04730955609	-0.07073253877	0.07177450936	0.1516777909	0.03716063982	-0.2518015221	0.1516777909	0.04337815173	0.03896336953	0.04371990124	0.4659484579	-0.06444956039	-0.08549639282	0.511322773	0.05322763914	0.06275233998	0.7424835804	0.01076379124	0.4659484579	-0.03785194084	-0.04095892697	0.2266841762	0.3553412326	0.003784839972	0.04341939091	0.1200134022	-0.04474515894
chr11_2103063_T_C	-0.02080957405	-0.03090953013	0.2731150972	0.3004165826	0.02569562147	0.02554410589	0.2985623819	0.1136535932	0.2985623819	0.2985623819	0.2985623819	0.2517121512	0.02144461128	0.1213463514	0.4563878698	0.255690482	0.1421398079	0.02399021416	0.03830759486	0.03830759486	0.0516979028	0.03830759486	0.3318236289	0.3318236289	0.003004885741	0.4844040873	0.03737702184	-0.4503646562	-0.5361253534	0.7450772882	0.7450772882	0.7450772882	0.5200759342	0.04696321928	0.1116215239	0.5200759342	0.03199737442	0.1061826528	0.1061826528	0.5200759342	0.5200759342	0.5241876011	-0.5226263079	0.5200759342	0.1284386819	0.1116215239	0.5200759342	0.03199737442	-0.4791856875	-0.5875404588	-0.5875404588	-0.5764808719	0.02260003434	0.7673564492	0.1539702952	0.1135856946	0.1051632117	0.5180553492	0.1135856946	-0.2297905658	0.5409345339	0.1051632117	0.5180553492	0.06053443108	0.5218375584	-0.5875404588	0.822196193	-0.5891539293	-0.00557971516	0.5145138077	0.5162792056	0.04696321928	-0.1606321577	-0.4612241092	0.06053443108	0.04696321928	0.04696321928	0.5145138077	0.5145138077	0.8421332185	0.05539590473	0.5145138077	0.01500434315	0.1664981101	0.07334969167	0.7705606781	0.04270818349	0.7705606781	0.04696321928	0.5085422467	0.5120658876	0.6915671573	0.5183255415	0.4756165015	0.04696321928	-0.4092610452	0.1351468747	0.06043891756	0.7611897211	0.06043891756	-0.5779088512	-0.4978507327	0.7658817008	-0.4848928584	0.1664981101	0.04696321928	-0.5097461577	0.1076884239	0.1664981101	-0.5055556252	-0.5907809287	0.1229518875	-0.4391101636	0.7720206789	0.09654209959	-0.430041148	-0.2297905658	0.09539330118	0.7812395763	-0.4863391997	-0.6259909386	0.06053443108	0.7812395763	0.07056463322	-0.5221508909	0.06343696708	-0.6070566565	-0.519522666	-0.6070566565	0.7812395763	-0.6259909386	0.133263666	-0.5385206172	0.01352460071	-0.1346827355	-0.1346827355	-0.5405818197	0.7992804662	0.151668882	0.133263666	0.1170298761	0.1039284523	0.07895791505	1	0.9970547424	0.1237593288	0.6086127525	0.1237593288	0.124461826	0.1045149051	0.1171134295	0.124461826	0.1409230696	-0.1087333134	0.5756319433	-0.6128494539	-0.6128494539	-0.1021306925	-0.1021306925	-0.6128494539	0.1245036248	0.124461826	0.5071521521	0.5698440801	0.5756319433	0.8038330038	0.103229781	-0.6128494539	0.124461826	-0.4294499164	0.1243939352	-0.1021306925	-0.4992210767	-0.6079634256	0.8284700756	0.05381173149	0.8038330038	0.55726298	0.5894182222	-0.6079634256	0.5894182222	0.5607295441	0.5607295441	0.107274421	0.107274421	-0.01179947025	0.1327780096	0.4313647994	-0.01298076478	0.4839869816	0.0916643299	0.0544142729	0.23424937	0.0355797086	-0.01269430775	-0.1431631875	0.5209116868	0.5347638404	0.03272854147	0.5529556709	0.4821768512	0.03272854147	-0.2095024621	0.5500506088	0.2201242927	-0.03492746854	-0.04728205507	0.2223837565	-0.0211673472	0.0232478097	0.4832558625	0.04696321928	0.03215156349	-0.03492746854	0.1154231417	0.08966243106	-0.05683446919	-0.04470923656	-0.2561422587	-0.06267886932	-0.002712621536	0.048720025
chr11_2103073_T_TC	-0.01960049105	-0.03008296512	0.2704526127	0.2985760202	0.02358787702	0.02346954364	0.2967356189	0.1156352003	0.2967356189	0.2967356189	0.2967356189	0.2482373941	0.01936414665	0.1232972943	0.4538244947	0.2523757943	0.1432057604	0.02105804188	0.0366269327	0.0366269327	0.05375503559	0.0366269327	0.331392933	0.331392933	0.003952709312	0.4821806196	0.0387334223	-0.4483376142	-0.5338641351	0.7410537169	0.7410537169	0.7410537169	0.5180556442	0.04767764272	0.1136570372	0.5180556442	0.03265933375	0.1073879402	0.1073879402	0.5180556442	0.5180556442	0.5221794446	-0.520478917	0.5180556442	0.1304517348	0.1136570372	0.5180556442	0.03265933375	-0.477192032	-0.5856308251	-0.5856308251	-0.5745971824	0.02389937396	0.7635867794	0.1554447573	0.1146779331	0.1063168905	0.5160239746	0.1146779331	-0.2291437535	0.538851312	0.1063168905	0.5160239746	0.06129813522	0.5198008374	-0.5856308251	0.819114474	-0.5872279049	-0.004282639954	0.5125151244	0.5142641787	0.04767764272	-0.1600980813	-0.4585139108	0.06129813522	0.04767764272	0.04767764272	0.5125151244	0.5125151244	0.8391244192	0.05704058538	0.5125151244	0.01627464693	0.167598118	0.07435588322	0.766770503	0.04359172725	0.766770503	0.04767764272	0.5065478209	0.510038639	0.6872242411	0.5163216789	0.4733408795	0.04767764272	-0.4062336439	0.136670972	0.06168927344	0.7573886488	0.06168927344	-0.5759652419	-0.4954078049	0.76208616	-0.4823542468	0.167598118	0.04767764272	-0.5073088806	0.1086658625	0.167598118	-0.5031508913	-0.5888385128	0.124575741	-0.4364159406	0.7682561611	0.0973729029	-0.4273020379	-0.2291437535	0.09629060277	0.7775051047	-0.484131484	-0.624178328	0.06129813522	0.7775051047	0.07190564176	-0.5197541613	0.06474934638	-0.6052632383	-0.5170985656	-0.6052632383	0.7775051047	-0.624178328	0.1343164009	-0.5361504985	0.01483026594	-0.1341261158	-0.1341261158	-0.5381954921	0.7955405843	0.1527141878	0.1343164009	0.1179849625	0.1051447355	0.07981621023	0.9970547424	1	0.1249682322	0.6067590109	0.1249682322	0.1254775649	0.1055712928	0.1180296003	0.1254775649	0.1425183884	-0.1081541503	0.5736017765	-0.6110328766	-0.6110328766	-0.1016270868	-0.1016270868	-0.6110328766	0.1257620491	0.1254775649	0.5048259931	0.5677911243	0.5736017765	0.8000978883	0.1039117923	-0.6110328766	0.1254775649	-0.4268879699	0.126059011	-0.1016270868	-0.4968402682	-0.6061494185	0.8248135565	0.05516040261	0.8000978883	0.5552809605	0.5875836017	-0.6061494185	0.5875836017	0.5587149982	0.5587149982	0.108312828	0.108312828	-0.01293859135	0.1339110996	0.4282790235	-0.01181783388	0.481936639	0.09307816496	0.05533901344	0.2370297497	0.03663605488	-0.01164301679	-0.1422666293	0.517854972	0.5318262206	0.0338606458	0.5506393916	0.4787203594	0.0338606458	-0.2089375329	0.5476960704	0.2070391447	-0.03414338224	-0.04593232312	0.2250141864	-0.02043880319	0.02434606042	0.4803996191	0.04767764272	0.03315021878	-0.03414338224	0.1171432046	0.0906242097	-0.05621021929	-0.04400114441	-0.255312793	-0.06086743599	-0.0009633793284	0.04972794129
chr11_2104098_C_T	0.02989890066	0.07300771332	0.05427027711	0.01062361137	0.06774445226	0.06494980518	0.009510042645	-0.03551331041	0.009510042645	0.009510042645	0.009510042645	0.0362992243	0.06561099501	-0.0323245902	0.04312657143	0.02952157352	0.4953050266	0.01142289636	0.06958800472	0.06958800472	-0.06725618762	0.06958800472	-0.03388493251	-0.03388493251	0.455090347	0.06039849246	0.6757428993	-0.02592359746	-0.03865844093	-0.2382122142	-0.2382122142	-0.2382122142	0.06724659452	-0.04353598751	0.4915246378	0.06724659452	-0.04098553794	0.7535128176	0.7535128176	0.06724659452	0.06724659452	0.06786744015	-0.02922230264	0.06724659452	0.4991680464	0.4915246378	0.06724659452	-0.04098553794	-0.008688287219	-0.01148515218	-0.01148515218	-0.008596566068	0.6929481172	-0.2528486641	-0.05596806125	-0.02232983274	0.782200644	0.06920446672	-0.02232983274	-0.05470504711	0.07452526283	0.782200644	0.06920446672	-0.04595899728	0.06859811296	-0.01148515218	0.06729297384	-0.01292132506	0.6842118297	0.06652740326	0.06786744015	-0.04353598751	0.1363091038	0.3458912203	-0.04595899728	-0.04353598751	-0.04353598751	0.06652740326	0.06652740326	0.06226511664	0.5478161336	0.06652740326	0.7019668379	0.8491990032	-0.06091129777	-0.2521745571	-0.05470504711	-0.2521745571	-0.04353598751	0.06453368906	0.06724659452	-0.2239697976	0.06589183703	0.08551467041	-0.04353598751	0.3352475938	-0.00196523705	0.7620676911	-0.2563507061	0.7620676911	-0.01160668415	0.4149604493	-0.2542501698	0.4013760113	0.8491990032	-0.04353598751	0.4028325633	-0.05712501333	0.8491990032	0.4061396255	-0.01435231865	0.7358216354	0.3817800286	-0.2507954469	-0.04827387918	0.3789833018	-0.05470504711	-0.05263612844	-0.2535253028	0.3267020064	-0.1152878909	-0.04595899728	-0.2535253028	0.8591598661	0.4113400074	0.8698004342	-0.1128151937	0.3982716135	-0.1128151937	-0.2535253028	-0.1152878909	-0.01641102638	0.4010810437	0.8198627811	0.01641237624	0.01641237624	0.3994532074	-0.248766039	0.1442074737	-0.01641102638	0.7992682544	0.8912841368	-0.0510379529	0.1237593288	0.1249682322	1	0.07914542443	1	-0.01322436567	-0.01943985024	-0.05263612844	-0.01322436567	0.8024087627	0.01641237624	0.09364611007	-0.1152815655	-0.1152815655	0.02949279504	0.02949279504	-0.1152815655	0.9697941807	-0.01322436567	0.09487355358	0.09490492677	0.09364611007	-0.2597669783	-0.03828203859	-0.1152815655	-0.01322436567	0.3980088079	0.7464424308	0.02949279504	0.4138685502	-0.115297361	-0.2812090028	0.8763004259	-0.2597669783	0.07041050306	0.05768658251	-0.115297361	0.05768658251	0.07302260929	0.07302260929	0.8336215857	0.8336215857	0.03818283971	0.7493764652	-0.2687793039	0.6522207792	0.07288956317	0.5886896995	-0.009856793375	-0.06334551022	0.1950547252	0.1695830612	0.05667397394	-0.2022026114	-0.214315781	0.176184372	0.08405727503	-0.2417944165	0.176184372	0.006112601585	0.08652035224	-0.120176456	-0.05263612844	0.5670629195	-0.004412247167	-0.04827387918	0.1821686697	0.1030463839	-0.04353598751	0.2093859386	-0.05263612844	0.05099711055	-0.05712501333	-0.04353598751	-0.04827387918	-0.03135535415	0.4907825164	0.5181145169	-0.01943985024
chr11_2104138_A_G	0.009437735941	-0.007530019597	0.1392326708	0.1439974212	0.2170491744	0.2180506666	0.1465631108	0.03295926182	0.1465631108	0.1465631108	0.1465631108	0.1400656461	0.2140294929	0.03857508676	0.5442369705	0.1420226133	0.08457683511	0.2361205667	0.2576328378	0.2576328378	0.1073109443	0.2576328378	0.2096214	0.2096214	0.09127589355	0.8332783851	0.1043630699	0.116902095	0.08508297231	0.4733849204	0.4733849204	0.4733849204	0.8631020713	0.05857722533	0.1320860265	0.8631020713	0.05095658244	0.1163944709	0.1163944709	0.8631020713	0.8631020713	0.8598087616	0.1162372328	0.8631020713	0.1384588623	0.1320860265	0.8631020713	0.05095658244	0.1076817363	0.09092241556	0.09092241556	0.1173457423	0.1131087655	0.4894571759	0.07812397157	0.08916182536	0.1283059521	0.8657521173	0.08916182536	0.003314714665	0.8466089507	0.1283059521	0.8657521173	0.06559525228	0.869065614	0.1016793464	0.5590509398	0.104634235	0.1005392322	0.8756128508	0.8706575904	0.05857722533	0.02297950696	0.1642619211	0.06559525228	0.05857722533	0.05857722533	0.8756128508	0.8756128508	0.5756041069	0.1127557273	0.8756128508	0.1093299386	0.1119260854	0.03739329526	0.4800838334	0.003314714665	0.4800838334	0.05857722533	0.8732624925	0.8740903461	0.4383775869	0.8791672921	0.8400158806	0.05857722533	0.1884921955	0.073417648	0.0962504187	0.4807007881	0.0962504187	0.1136260397	0.1542465912	0.4843122955	0.1596255655	0.1119260854	0.05857722533	0.1500627666	0.07411353528	0.1119260854	0.144588799	0.1075810952	0.1413507096	0.1877425298	0.4618907307	0.03983364794	0.1930853909	0.003314714665	0.02447215662	0.4675999784	0.154137184	0.09869829172	0.06559525228	0.4675999784	0.09665916713	0.143077348	0.09271982967	0.1147361302	0.1443366547	0.1147361302	0.4675999784	0.09869829172	0.1309905469	0.146088283	0.1019971495	-0.2262045216	-0.2262045216	0.1488038924	0.4965820207	0.05530210638	0.1309905469	0.06857435322	0.1204849054	0.02992009539	0.6086127525	0.6067590109	0.07914542443	1	0.07914542443	0.1268873885	0.1094794959	0.05426808064	0.1268873885	0.129772293	0.02297950696	0.9222798439	0.1440054046	0.1440054046	0.04256472958	0.04256472958	0.1440054046	0.08786772452	0.1268873885	0.839359526	0.917771031	0.9222798439	0.5078495186	0.08280985538	0.1440054046	0.1268873885	0.2122576485	0.1478145246	0.04256472958	0.1831265981	0.1453554583	0.5285518643	0.06794968191	0.5078495186	0.9021015686	0.9777533884	0.1346444062	0.9777533884	0.9137731519	0.9137731519	0.05040784831	0.05040784831	0.02802908914	0.10504939	0.6190057902	0.02003954872	0.7781602233	0.05293563359	0.06702917884	0.1457800657	0.05468613939	0.0474667957	0.02133945178	0.5810812228	0.6001327656	0.02831803222	0.6807572664	0.5218780493	0.02831803222	0.03983364794	0.6836136044	0.1662209315	0.02447215662	0.04179131227	0.1134468805	0.007538610942	0.02253345778	0.6022512247	0.05857722533	0.04337411598	0.02447215662	0.05696822405	0.04938526918	0.02297950696	0.007538610942	0.06005727171	0.08606109786	0.07826535858	0.08396614127
chr11_2104159_C_T	0.02989890066	0.07300771332	0.05427027711	0.01062361137	0.06774445226	0.06494980518	0.009510042645	-0.03551331041	0.009510042645	0.009510042645	0.009510042645	0.0362992243	0.06561099501	-0.0323245902	0.04312657143	0.02952157352	0.4953050266	0.01142289636	0.06958800472	0.06958800472	-0.06725618762	0.06958800472	-0.03388493251	-0.03388493251	0.455090347	0.06039849246	0.6757428993	-0.02592359746	-0.03865844093	-0.2382122142	-0.2382122142	-0.2382122142	0.06724659452	-0.04353598751	0.4915246378	0.06724659452	-0.04098553794	0.7535128176	0.7535128176	0.06724659452	0.06724659452	0.06786744015	-0.02922230264	0.06724659452	0.4991680464	0.4915246378	0.06724659452	-0.04098553794	-0.008688287219	-0.01148515218	-0.01148515218	-0.008596566068	0.6929481172	-0.2528486641	-0.05596806125	-0.02232983274	0.782200644	0.06920446672	-0.02232983274	-0.05470504711	0.07452526283	0.782200644	0.06920446672	-0.04595899728	0.06859811296	-0.01148515218	0.06729297384	-0.01292132506	0.6842118297	0.06652740326	0.06786744015	-0.04353598751	0.1363091038	0.3458912203	-0.04595899728	-0.04353598751	-0.04353598751	0.06652740326	0.06652740326	0.06226511664	0.5478161336	0.06652740326	0.7019668379	0.8491990032	-0.06091129777	-0.2521745571	-0.05470504711	-0.2521745571	-0.04353598751	0.06453368906	0.06724659452	-0.2239697976	0.06589183703	0.08551467041	-0.04353598751	0.3352475938	-0.00196523705	0.7620676911	-0.2563507061	0.7620676911	-0.01160668415	0.4149604493	-0.2542501698	0.4013760113	0.8491990032	-0.04353598751	0.4028325633	-0.05712501333	0.8491990032	0.4061396255	-0.01435231865	0.7358216354	0.3817800286	-0.2507954469	-0.04827387918	0.3789833018	-0.05470504711	-0.05263612844	-0.2535253028	0.3267020064	-0.1152878909	-0.04595899728	-0.2535253028	0.8591598661	0.4113400074	0.8698004342	-0.1128151937	0.3982716135	-0.1128151937	-0.2535253028	-0.1152878909	-0.01641102638	0.4010810437	0.8198627811	0.01641237624	0.01641237624	0.3994532074	-0.248766039	0.1442074737	-0.01641102638	0.7992682544	0.8912841368	-0.0510379529	0.1237593288	0.1249682322	1	0.07914542443	1	-0.01322436567	-0.01943985024	-0.05263612844	-0.01322436567	0.8024087627	0.01641237624	0.09364611007	-0.1152815655	-0.1152815655	0.02949279504	0.02949279504	-0.1152815655	0.9697941807	-0.01322436567	0.09487355358	0.09490492677	0.09364611007	-0.2597669783	-0.03828203859	-0.1152815655	-0.01322436567	0.3980088079	0.7464424308	0.02949279504	0.4138685502	-0.115297361	-0.2812090028	0.8763004259	-0.2597669783	0.07041050306	0.05768658251	-0.115297361	0.05768658251	0.07302260929	0.07302260929	0.8336215857	0.8336215857	0.03818283971	0.7493764652	-0.2687793039	0.6522207792	0.07288956317	0.5886896995	-0.009856793375	-0.06334551022	0.1950547252	0.1695830612	0.05667397394	-0.2022026114	-0.214315781	0.176184372	0.08405727503	-0.2417944165	0.176184372	0.006112601585	0.08652035224	-0.120176456	-0.05263612844	0.5670629195	-0.004412247167	-0.04827387918	0.1821686697	0.1030463839	-0.04353598751	0.2093859386	-0.05263612844	0.05099711055	-0.05712501333	-0.04353598751	-0.04827387918	-0.03135535415	0.4907825164	0.5181145169	-0.01943985024
chr11_2104272_G_A	0.210254641	-0.04545195478	-0.05889761277	0.01162039542	-0.10838855	-0.1121983459	0.01070543687	0.05506413131	0.01070543687	0.01070543687	0.01070543687	-0.02782376049	-0.1104559556	0.05845022061	0.1576384197	-0.03245503697	-0.0501947565	-0.007389158947	0.051688662	0.051688662	0.1041238162	0.051688662	0.07691635585	0.07691635585	-0.05034087702	0.08771361338	0.04712022394	-0.04822083571	-0.07083076542	0.02080330997	0.02080330997	0.02080330997	0.1049751269	0.1370279298	0.01944671758	0.1049751269	0.1493473773	-0.05927923575	-0.05927923575	0.1049751269	0.1049751269	0.1048578087	-0.06342916731	0.1049751269	0.02246484024	0.01944671758	0.1049751269	0.1493473773	-0.04881909536	-0.07664086524	-0.07664086524	-0.07453437601	0.01174301765	0.02751038962	0.01708598022	0.06788548052	-0.05657779485	0.1058627826	0.06788548052	-0.04508041397	0.1098803544	-0.05657779485	0.1058627826	0.1264015264	0.1059867263	-0.07664086524	0.06391806839	-0.07769167018	0.009807787937	0.1038524352	0.1048578087	0.1370279298	0.1370279298	0.05341722933	0.1264015264	0.1370279298	0.1370279298	0.1038524352	0.1038524352	0.1394806526	0.1832022556	0.1038524352	0.01371761882	-0.05088149436	0.2935732798	0.02842919116	0.09458836861	0.02842919116	0.1370279298	0.1029504247	0.1049751269	0.02070443611	0.1039630559	0.06683282786	0.1370279298	-0.05064210078	0.09611258495	0.02267748562	0.02689127821	0.02267748562	-0.07745185281	-0.05687337081	0.02766287596	0.03229398181	-0.05088149436	0.1370279298	-0.05901760797	0.07303488681	-0.05088149436	-0.05693531635	-0.0787409831	0.4002157535	0.2887503884	-0.1796661156	-0.03978072541	0.286463744	-0.04508041397	0.1013485108	-0.1818500857	-0.09068331681	-0.07213223533	0.1264015264	-0.1818500857	0.01174301765	-0.0563771627	0.01371761882	-0.06998999654	-0.05687337081	-0.06998999654	-0.1818500857	-0.07213223533	0.9686759196	-0.05748944508	0.007730552257	-0.03587640343	-0.03587640343	-0.05852251019	-0.1780988268	-0.04865424652	0.9686759196	-0.04545195478	-0.05996915341	0.08824773868	0.124461826	0.1254775649	-0.01322436567	0.1268873885	-0.01322436567	1	0.9399563602	-0.04337549432	1	0.5502835088	0.05057576317	0.08436872263	-0.07242069245	-0.07242069245	0.06619198354	0.06619198354	-0.07242069245	-0.01697455769	1	-0.2884274526	0.08539463896	0.08436872263	-0.1765490708	-0.03154681769	-0.07242069245	1	0.2788998995	0.5278606955	0.06619198354	-0.05701437979	-0.07271568629	-0.1542660691	0.009807787937	-0.1765490708	0.0800189261	0.1249809248	-0.07271568629	0.1249809248	0.08209351614	0.08209351614	-0.05034087702	-0.05034087702	-0.7422783806	-0.05420357071	-0.1809117035	-0.01878627259	0.1065577002	0.3344866421	0.7640826515	-0.01322376921	0.6991146561	0.6796407607	-0.0543734783	0.1228980459	0.1380130269	0.6551051317	0.1024676346	-0.1879857657	0.6551051317	-0.03978072541	0.1044446543	0.001731571612	0.1737105133	-0.07407270461	-0.07460556645	0.1170819077	0.6689543051	0.08491672873	0.05057576317	0.5649791122	0.1737105133	-0.01143051002	0.07303488681	0.1370279298	0.1955132243	-0.003197224289	0.09655158399	0.1427500416	0.07249663416
chr11_2105215_T_G	0.1911058042	-0.0483553883	-0.05761633438	0.005248508063	-0.1272317065	-0.1313942414	0.00426841911	0.04021861147	0.00426841911	0.00426841911	0.00426841911	-0.024292805	-0.1294536268	0.04365586128	0.1452565516	-0.02930762865	-0.0534011563	-0.01064183168	0.05967082004	0.05967082004	0.08579856446	0.05967082004	0.05900054948	0.05900054948	-0.05355661087	0.0744796361	0.03622519865	-0.06082575337	-0.06069660554	0.01314989687	0.01314989687	0.01314989687	0.08959922468	0.125342348	0.006185789437	0.08959922468	0.1372409278	-0.06306594462	-0.06306594462	0.08959922468	0.08959922468	0.06483875037	-0.07636071887	0.08959922468	0.009273320405	0.006185789437	0.08959922468	0.1372409278	-0.03626873206	-0.06300799768	-0.06300799768	-0.06069140367	0.003048437952	0.01805069674	0.007717113036	0.05794216782	-0.06019193789	0.09086694761	0.05794216782	-0.04796011377	0.09530472234	-0.06019193789	0.09086694761	0.115057244	0.09072095205	-0.06300799768	0.0469891854	-0.06416252642	0.001078480762	0.08864097572	0.08975463783	0.125342348	0.125342348	0.05164959129	0.115057244	0.125342348	0.125342348	0.08864097572	0.08864097572	0.1177954789	0.1631975839	0.08864097572	0.005057016163	-0.05413176241	0.2716900934	0.01901091398	0.08412051701	0.01901091398	0.125342348	0.08735121689	0.08959922468	0.01540937743	0.08847601638	0.056056065	0.125342348	-0.04877324212	0.08203479571	0.01390417759	0.01728423908	0.01390417759	-0.08864097572	-0.07188618853	0.01815074929	0.03435689482	-0.05413176241	0.125342348	-0.05163179337	0.0635022951	-0.05413176241	-0.04939814166	-0.06531470213	0.4014127295	0.2964962538	-0.195612188	-0.04232188546	0.2940710022	-0.04796011377	0.09071491973	-0.1979465252	-0.1023154793	-0.05781405987	0.115057244	-0.1979465252	0.003048437952	-0.04869798228	0.005057016163	-0.08079838646	-0.04912660147	-0.08079838646	-0.1979465252	-0.05781405987	0.970351736	-0.0500907997	-0.0008354919194	-0.0381681586	-0.0381681586	-0.05119865508	-0.1939273936	-0.0517622398	0.970351736	-0.0483553883	-0.06379993365	0.0784815883	0.1045149051	0.1055712928	-0.01943985024	0.1094794959	-0.01943985024	0.9399563602	1	-0.04614628525	0.9399563602	0.5460886626	0.2070976013	0.07188889598	-0.08327450776	-0.08327450776	0.05886668688	0.05886668688	-0.08327450776	-0.02329399196	0.9399563602	-0.2782335581	0.04922089963	0.07188889598	-0.192261522	-0.03356200247	-0.08327450776	0.9399563602	0.2452694516	0.5214687969	0.05886668688	-0.04967687328	-0.08351057044	-0.1732778474	0.03850176319	-0.192261522	0.06692943862	0.1073319827	-0.08351057044	0.1073319827	0.06920105279	0.06920105279	-0.05355661087	-0.05355661087	-0.6948437014	-0.05766605026	-0.2068587274	-0.02515802784	0.09264967499	0.3079144342	0.7170460938	-0.00527251619	0.6546762286	0.6824428158	-0.05784681141	0.1181396483	0.1315151708	0.6607866272	0.09253057959	-0.2093180661	0.6607866272	-0.04232188546	0.09466005976	0.01110649451	0.2275761247	-0.0788044081	-0.05979643728	0.1801886335	0.6748879816	0.07975404892	0.0435870947	0.5811885565	0.2275761247	-0.02100713132	0.0635022951	0.2070976013	0.2543588065	-0.009646469562	0.1413195764	0.1558547642	0.06247889227
chr11_2105673_C_T	0.115288789	-0.04078542707	-0.04990552183	0.1447456256	-0.05410796786	-0.05713064776	0.1440507941	0.2874536231	0.1440507941	0.1440507941	0.1440507941	-0.04666482383	-0.05588183538	0.2926328086	0.08901310831	-0.0504621157	0.08151196635	-0.01474904211	-0.0492723101	-0.0492723101	-0.02949330082	-0.0492723101	0.1196756203	0.1196756203	-0.04517240629	0.03837667251	-0.06327152889	-0.1155719541	-0.1303240094	0.1393029768	0.1393029768	0.1393029768	0.000254802738	-0.03219299242	0.3477335706	0.000254802738	-0.03030704453	-0.05319306856	-0.05319306856	0.000254802738	0.000254802738	0.001341702288	-0.1243236672	0.000254802738	0.3532517375	0.3477335706	0.000254802738	-0.03030704453	-0.1151729788	-0.1156561762	-0.1156561762	-0.1139571122	-0.06115805946	0.128174967	0.5711657091	-0.04748301873	-0.05076898314	0.002427023469	-0.04748301873	-0.04045203216	0.006727968244	-0.05076898314	0.002427023469	-0.03398470405	0.001356147291	-0.1156561762	0.0941639738	-0.1165064865	-0.06221980466	0.02940906088	0.03043987066	-0.03219299242	-0.03219299242	-0.1244738992	-0.03398470405	-0.03219299242	-0.03219299242	0.02940906088	0.02940906088	0.09080385385	-0.07630053866	0.02940906088	-0.06008577332	-0.04565751875	-0.0450412879	0.1291588305	-0.04045203216	0.1291588305	-0.03219299242	0.02763580261	0.000254802738	-0.1140930318	0.02868309864	0.04415674393	-0.03219299242	0.1721171385	0.5466590792	-0.05724610219	0.1286139697	-0.05724610219	-0.08772302732	-0.1108390326	0.1288854234	-0.1152334382	-0.04565751875	-0.03219299242	-0.1115860145	-0.04224149322	-0.04565751875	-0.1098139201	-0.08861849905	-0.07250041248	-0.1219993311	0.1493297654	0.9171244278	-0.1237854231	-0.04045203216	-0.03892215569	0.1481244387	-0.09842181643	-0.08314541838	-0.03398470405	0.1481244387	-0.06115805946	-0.1098719855	-0.06008577332	-0.08130734009	-0.1108390326	-0.08130734009	0.1481244387	-0.08314541838	-0.044778128	-0.1097691617	-0.06183715754	-0.03219299242	-0.03219299242	-0.1106499212	0.1495278575	0.02108316393	-0.044778128	-0.04078542707	-0.05381215274	-0.03774037353	0.1171134295	0.1180296003	-0.05263612844	0.05426808064	-0.05263612844	-0.04337549432	-0.04614628525	1	-0.04337549432	-0.07039059487	-0.03219299242	0.06527228693	-0.08316776854	-0.08316776854	-0.02830792291	-0.02830792291	-0.08316776854	-0.05497187006	-0.04337549432	0.07874919019	0.06620943845	0.06527228693	0.1497289802	-0.02830792291	-0.08316776854	-0.04337549432	-0.1149694401	-0.07441058965	-0.02830792291	-0.1088620818	-0.08320540014	0.1449768872	-0.06221980466	0.1497289802	0.06117533471	0.05227878119	-0.1119340308	0.05227878119	0.06307459166	0.06307459166	-0.04517240629	-0.04517240629	0.05394951881	0.001295108502	-0.148332538	-0.05611622865	-0.2689898298	-0.06376247655	-0.04193484387	-0.04097132122	-0.04900634703	-0.05076898314	0.0163262134	-0.1857028601	-0.1950980867	-0.05274525265	-0.2256662262	-0.1414628669	-0.05274525265	-0.03569645977	-0.2233878997	-0.05795280721	-0.03892215569	-0.02097599998	0.03592698564	-0.03569645977	-0.05152098363	-0.2143602608	-0.03219299242	-0.04639158238	-0.03892215569	0.04656564032	-0.04224149322	-0.03219299242	-0.03569645977	-0.05027523113	-0.05310825368	-0.04646986628	-0.04614628525
chr11_2106354_T_C	0.210254641	-0.04545195478	-0.05889761277	0.01162039542	-0.10838855	-0.1121983459	0.01070543687	0.05506413131	0.01070543687	0.01070543687	0.01070543687	-0.02782376049	-0.1104559556	0.05845022061	0.1576384197	-0.03245503697	-0.0501947565	-0.007389158947	0.051688662	0.051688662	0.1041238162	0.051688662	0.07691635585	0.07691635585	-0.05034087702	0.08771361338	0.04712022394	-0.04822083571	-0.07083076542	0.02080330997	0.02080330997	0.02080330997	0.1049751269	0.1370279298	0.01944671758	0.1049751269	0.1493473773	-0.05927923575	-0.05927923575	0.1049751269	0.1049751269	0.1048578087	-0.06342916731	0.1049751269	0.02246484024	0.01944671758	0.1049751269	0.1493473773	-0.04881909536	-0.07664086524	-0.07664086524	-0.07453437601	0.01174301765	0.02751038962	0.01708598022	0.06788548052	-0.05657779485	0.1058627826	0.06788548052	-0.04508041397	0.1098803544	-0.05657779485	0.1058627826	0.1264015264	0.1059867263	-0.07664086524	0.06391806839	-0.07769167018	0.009807787937	0.1038524352	0.1048578087	0.1370279298	0.1370279298	0.05341722933	0.1264015264	0.1370279298	0.1370279298	0.1038524352	0.1038524352	0.1394806526	0.1832022556	0.1038524352	0.01371761882	-0.05088149436	0.2935732798	0.02842919116	0.09458836861	0.02842919116	0.1370279298	0.1029504247	0.1049751269	0.02070443611	0.1039630559	0.06683282786	0.1370279298	-0.05064210078	0.09611258495	0.02267748562	0.02689127821	0.02267748562	-0.07745185281	-0.05687337081	0.02766287596	0.03229398181	-0.05088149436	0.1370279298	-0.05901760797	0.07303488681	-0.05088149436	-0.05693531635	-0.0787409831	0.4002157535	0.2887503884	-0.1796661156	-0.03978072541	0.286463744	-0.04508041397	0.1013485108	-0.1818500857	-0.09068331681	-0.07213223533	0.1264015264	-0.1818500857	0.01174301765	-0.0563771627	0.01371761882	-0.06998999654	-0.05687337081	-0.06998999654	-0.1818500857	-0.07213223533	0.9686759196	-0.05748944508	0.007730552257	-0.03587640343	-0.03587640343	-0.05852251019	-0.1780988268	-0.04865424652	0.9686759196	-0.04545195478	-0.05996915341	0.08824773868	0.124461826	0.1254775649	-0.01322436567	0.1268873885	-0.01322436567	1	0.9399563602	-0.04337549432	1	0.5502835088	0.05057576317	0.08436872263	-0.07242069245	-0.07242069245	0.06619198354	0.06619198354	-0.07242069245	-0.01697455769	1	-0.2884274526	0.08539463896	0.08436872263	-0.1765490708	-0.03154681769	-0.07242069245	1	0.2788998995	0.5278606955	0.06619198354	-0.05701437979	-0.07271568629	-0.1542660691	0.009807787937	-0.1765490708	0.0800189261	0.1249809248	-0.07271568629	0.1249809248	0.08209351614	0.08209351614	-0.05034087702	-0.05034087702	-0.7422783806	-0.05420357071	-0.1809117035	-0.01878627259	0.1065577002	0.3344866421	0.7640826515	-0.01322376921	0.6991146561	0.6796407607	-0.0543734783	0.1228980459	0.1380130269	0.6551051317	0.1024676346	-0.1879857657	0.6551051317	-0.03978072541	0.1044446543	0.001731571612	0.1737105133	-0.07407270461	-0.07460556645	0.1170819077	0.6689543051	0.08491672873	0.05057576317	0.5649791122	0.1737105133	-0.01143051002	0.07303488681	0.1370279298	0.1955132243	-0.003197224289	0.09655158399	0.1427500416	0.07249663416
chr11_2106729_G_A	0.1384067553	0.03056643498	-0.002255682079	0.0004568622075	0.001968285847	-0.002582250893	-0.001045237527	-0.004902276015	-0.001045237527	-0.001045237527	-0.001045237527	0.002374067575	-0.00105172969	-0.0002549671489	0.1218073895	-0.00592690854	0.3713098303	0.01622432796	0.1034367767	0.1034367767	-0.003535255219	0.1034367767	-0.003267204703	-0.003267204703	0.3384818029	0.09362107965	0.5716853149	-0.02708761231	-0.03969864907	-0.2075043521	-0.2075043521	-0.2075043521	0.1082202131	0.03937647067	0.4037992573	0.1082202131	0.04855468249	0.5757253218	0.5757253218	0.1082202131	0.1082202131	0.09394636873	-0.04109828036	0.1082202131	0.4118639939	0.4037992573	0.1082202131	0.04855468249	0.001207478064	-0.01746573201	-0.01746573201	-0.01361139813	0.5658877744	-0.2164726396	-0.04095243376	0.01640820638	0.6007930205	0.110570633	0.01640820638	-0.07315737161	0.1175506785	0.6007930205	0.110570633	0.03126506011	0.1099899107	-0.01746573201	0.06052811283	-0.01938217312	0.557600487	0.1070628158	0.1088183532	0.03937647067	0.1857725634	0.337123145	0.03126506011	0.03937647067	0.03937647067	0.1070628158	0.1070628158	0.09851913065	0.5433396143	0.1070628158	0.5744280182	0.6589477438	0.1125859124	-0.2153837655	0.005679920156	-0.2153837655	0.03937647067	0.1046700671	0.1082202131	-0.1941830765	0.1064469949	0.1030691528	0.03937647067	0.2681548012	0.04736582611	0.6286316051	-0.2199867318	0.6286316051	-0.032552593	0.322044711	-0.2176725179	0.3740344222	0.6589477438	0.03937647067	0.3237272919	-0.008596722953	0.6589477438	0.3277963194	-0.02129177499	0.8191723926	0.5005210545	-0.3315793543	-0.06455693405	0.4967879745	-0.07315737161	0.01130016239	-0.3352207485	0.2327522276	-0.09822984431	0.03126506011	-0.3352207485	0.7011861605	0.3327013292	0.7110466078	-0.109798359	0.322044711	-0.109798359	-0.3352207485	-0.09822984431	0.5298980818	0.3230189003	0.6668795855	-0.009422226909	-0.009422226909	0.3210115488	-0.3288802427	0.08649039884	0.5298980818	0.6217513529	0.6874347431	0.005299172795	0.1409230696	0.1425183884	0.8024087627	0.129772293	0.8024087627	0.5502835088	0.5460886626	-0.07039059487	0.5502835088	1	0.08817516824	0.1191386643	-0.1138085049	-0.1138085049	0.05914428996	0.05914428996	-0.1138085049	0.7755203689	0.5502835088	-0.08884593589	0.1208317631	0.1191386643	-0.3367999317	-0.05119478862	-0.1138085049	0.5502835088	0.4962414125	0.8997179791	0.05914428996	0.3203496265	-0.1143336497	-0.3432668134	0.7139629417	-0.3367999317	0.09726435879	0.1110227106	-0.1143336497	0.1110227106	0.1007465434	0.1007465434	0.6466108373	0.6466108373	-0.3836622987	0.5755814106	-0.3308083273	0.5158991357	0.1146344343	0.6629908889	0.419972378	-0.05471111571	0.5495450479	0.5453843353	0.04488645836	-0.1061211661	-0.1081435389	0.5378315719	0.123654001	-0.3217629571	0.5378315719	0.02398558024	0.1269300362	-0.1059417759	0.05214554102	0.4378094102	-0.05486203955	0.02398558024	0.5511197868	0.1314852139	-0.009422226909	0.5173469492	0.05214554102	0.02897337218	-0.008596722953	0.03937647067	0.06825683738	-0.03128149797	0.4838548444	0.5147792987	0.02146860191
chr11_2106930_T_C	0.05539445308	-0.03373412703	-0.02612055728	0.03013119305	-0.1020650397	-0.1050910274	0.02947232206	0.08954828348	0.02947232206	0.02947232206	0.02947232206	-0.03176030716	-0.1036401755	0.05113680023	-0.008305423996	-0.03501405184	0.03834350587	-0.06949985731	-0.03673510605	-0.03673510605	0.03994197667	-0.03673510605	0.05390153092	0.05390153092	0.2245533087	-0.0006059377617	0.4132938094	-0.06015287155	-0.04234371957	-0.1412179779	-0.1412179779	-0.1412179779	0.02729608868	-0.02662721893	0.2876147018	0.02729608868	-0.0250673283	0.1444827915	0.1444827915	0.02729608868	0.02729608868	-0.00691274558	-0.06979085085	0.02729608868	0.2921788454	0.2876147018	0.02729608868	-0.0250673283	-0.02530212367	-0.02672140469	-0.02672140469	-0.02503501234	0.4238167613	-0.1501741629	-0.05299562741	-0.03927378725	0.0875292589	0.02869611997	-0.03927378725	-0.03345837202	-0.002381636406	0.0875292589	0.02869611997	-0.0281091656	0.02815120431	-0.02672140469	0.04581082407	-0.02756088115	0.4184735257	0.02700416151	0.02785135176	-0.02662721893	0.657790927	0.1950324121	-0.0281091656	-0.02662721893	-0.02662721893	0.02700416151	0.02700416151	0.04277320992	0.3350520101	0.02700416151	0.429332737	0.03156981601	-0.03725420173	-0.1497549824	-0.03345837202	-0.1497549824	-0.02662721893	0.02557797143	0.02729608868	-0.1246719701	0.02643837865	0.005517479137	-0.02662721893	0.1796093782	-0.05560401406	0.409042347	-0.1522730876	0.409042347	-0.06183852598	0.1403831101	-0.1510065578	0.1649348874	0.03156981601	-0.02662721893	0.1663282397	-0.03493845721	0.03156981601	0.1682192484	-0.02839800385	0.3480378477	0.2068444209	-0.1988209233	-0.02952497975	0.2349881678	-0.03345837202	0.06328536971	-0.175597848	-0.07137825789	-0.05793713882	-0.0281091656	-0.175597848	0.371105501	0.1391582972	0.3228815332	-0.0917370282	0.1721386115	-0.0917370282	-0.175597848	-0.05793713882	0.1309592652	0.1658653846	0.3533609929	-0.02662721893	-0.02662721893	0.1649329147	-0.1725575269	-0.03611084586	0.1309592652	0.04755574853	0.07384008995	0.05475104146	-0.1087333134	-0.1081541503	0.01641237624	0.02297950696	0.01641237624	0.05057576317	0.2070976013	-0.03219299242	0.05057576317	0.08817516824	1	0.03353032581	-0.05809472166	-0.05809472166	0.8793194041	0.8793194041	-0.05809472166	0.01296677378	0.05057576317	0.0135324939	0.001147786059	0.03353032581	-0.171252058	-0.02341383029	-0.05809472166	0.05057576317	-0.02534597586	0.3861780148	0.8793194041	0.1951333348	-0.05825940585	-0.1847682814	0.4184735257	-0.171252058	0.02976183335	0.02123172864	-0.05825940585	0.02123172864	0.0314065746	0.0314065746	0.02811633865	0.02811633865	-0.02154837989	0.01942707395	-0.2112390379	0.3576738542	-0.1665853385	0.0007710340133	0.05446801955	-0.03640535083	0.03050267104	0.2170501665	-0.0403556202	-0.0583250953	-0.03645321966	0.09093648503	-0.01210626651	-0.1850542244	0.09093648503	-0.02952497975	-0.01049896607	0.007748214	0.3497204561	-0.0006265099711	-0.02350773549	0.1774481106	0.09430240163	-0.01821988044	0.08744247206	0.03559980459	0.3497204561	-0.01465518656	-0.03493845721	0.315581854	0.2809346558	-0.04158326039	0.184760597	0.1087288221	-0.0381681586
chr11_2107025_C_T	-0.1054557207	0.008260784505	0.168296273	0.1353834147	0.2188038416	0.2208341385	0.1380917584	-0.007161109813	0.1380917584	0.1380917584	0.1380917584	0.1595877855	0.216641168	-0.003230636866	0.4643260215	0.1626525712	0.05180816964	0.2309019012	0.2403271281	0.2403271281	0.04341641312	0.2403271281	0.1605930715	0.1605930715	0.102175588	0.8328986195	0.07595144507	0.1318480571	0.07109974306	0.5117701946	0.5117701946	0.5117701946	0.782232027	-0.2324130583	0.09911387778	0.782232027	-0.257917041	0.1103306569	0.1103306569	0.782232027	0.782232027	0.7790495436	0.1262787553	0.782232027	0.1276886787	0.09911387778	0.782232027	-0.257917041	0.1029675107	0.09813764712	0.09813764712	0.1220531246	0.08247374561	0.530833882	0.07996729103	0.101067741	0.138854565	0.7842390608	0.101067741	0.01826312966	0.7649249625	0.138854565	0.7842390608	-0.241838777	0.7874369281	0.09813764712	0.5148034558	0.1012952669	0.0563506676	0.7941694933	0.7891807205	-0.2656559813	0.0002874027927	0.04064337561	-0.241838777	-0.2656559813	-0.2656559813	0.7941694933	0.7941694933	0.5164361596	-0.07237769668	0.7941694933	0.09360449893	0.1216416612	-0.2566282128	0.5292081678	-0.3039727682	0.5292081678	-0.2656559813	0.7924506889	0.7924934255	0.4858284731	0.7975993534	0.8830971657	-0.2656559813	0.1785352895	0.06088525158	0.07809701573	0.53103054	0.07809701573	0.1093277609	0.1400426941	0.5337762218	0.1290715316	0.1216416612	-0.2656559813	0.1373124505	0.08504956281	0.1216416612	0.1314626855	0.1044439533	0.1063388914	0.1434281233	0.5263139966	0.05058320432	0.1491414031	0.01826312966	-0.2408018153	0.5324642685	0.1625802307	0.09335217835	-0.241838777	0.5324642685	0.08247374561	0.1296472015	0.07809315168	0.1178104477	0.1307883017	0.1178104477	0.5324642685	0.09335217835	0.09015685575	0.1422623865	0.08896513245	-0.1991701353	-0.1991701353	0.1361605385	0.5580487859	0.06801399221	0.09015685575	0.07933083962	0.132691933	-0.2585433494	0.5756319433	0.5736017765	0.09364611007	0.9222798439	0.09364611007	0.08436872263	0.07188889598	0.06527228693	0.08436872263	0.1191386643	0.03353032581	1	0.1461847067	0.1461847067	0.05036325701	0.05036325701	0.1461847067	0.06860840438	0.08436872263	0.9297536224	0.9951789565	1	0.5679172562	0.05036325701	0.1461847067	0.08436872263	0.2067708783	0.1398414589	0.05036325701	0.1946601547	0.1477028299	0.4970862545	0.07156754048	0.5679172562	0.9659875787	0.8918691701	0.1377003159	0.8918691701	0.9756557872	0.9756557872	0.04492866276	0.04492866276	0.1795013177	0.116337601	0.6876894472	0.02293183531	0.7209145853	0.05774782066	0.05233736315	0.1537000531	0.02804002519	0.02561711716	0.03822225679	0.5699945832	0.5409815123	-0.03220839733	0.6213551843	0.592308849	-0.03220839733	0.02042448972	0.6233254668	0.1182283631	-0.1851519785	0.04811024246	0.1496160429	-0.2208452271	0.0004599533458	0.5381461245	-0.1991701353	0.03634259613	-0.1851519785	0.08222535925	0.06195707588	-0.1326842893	-0.2208452271	0.05462089031	0.0510216474	-0.01221871465	0.09571453773
chr11_2107107_G_A	-0.01085698914	0.05574756585	-0.2092534959	-0.258761305	0.2368515828	0.2399209526	-0.2533278509	-0.1471162306	-0.2533278509	-0.2533278509	-0.2533278509	-0.1769482505	0.2405983777	-0.1409573711	-0.03108281302	-0.1783228453	-0.08383983086	0.2368102971	0.2362471576	0.2362471576	0.02601903209	0.2362471576	-0.2425281467	-0.2425281467	0.02932314613	0.1402552027	-0.07214131654	0.7572517951	0.8206416438	-0.494136356	-0.494136356	-0.494136356	0.147635027	0.0114186177	-0.1192280457	0.147635027	0.02301988649	-0.03856188895	-0.03856188895	0.147635027	0.147635027	0.1489056476	0.8494415142	0.147635027	-0.1128593979	-0.1192280457	0.147635027	0.02301988649	0.7656031907	0.9057514854	0.9057514854	0.9157048728	-0.06396609807	-0.5101058403	-0.0958603438	-0.0398186774	-0.02803465522	0.1517489574	-0.0398186774	0.3325400623	0.1106052677	-0.02803465522	0.1517489574	0.001046805561	0.1505087921	0.9162542678	-0.5804639722	0.9218150621	-0.06808655243	0.1672839334	0.1594981568	0.0114186177	-0.05809472166	0.7339245328	0.001046805561	0.0114186177	0.0114186177	0.1672839334	0.1672839334	-0.5890160771	-0.07178880517	0.1672839334	-0.05977637057	-0.1105601704	-0.03777107186	-0.5239065917	-0.03244490632	-0.5239065917	0.0114186177	0.1741899639	0.1690923482	-0.4739205077	0.1662570346	0.1761676861	0.0114186177	0.6967111258	-0.1079456536	-0.1303446107	-0.5095913605	-0.1303446107	0.9259497588	0.7744264643	-0.5129332873	0.7564951536	-0.1105601704	0.0114186177	0.7791932795	-0.07354534196	-0.1105601704	0.7671130403	0.9273851547	-0.1538543017	0.7131978179	-0.5286413036	-0.07142411228	0.7073035661	0.3325400623	-0.02498386595	-0.534448239	0.8489157591	0.9625509974	0.001046805561	-0.534448239	-0.1282099071	0.7868525182	-0.1246470526	0.973350018	0.7841022639	0.973350018	-0.534448239	0.9625509974	-0.07796179741	0.8137184095	-0.05509935773	-0.05809472166	-0.05809472166	0.8102797728	-0.5319076924	-0.1023537575	-0.07796179741	-0.09286502327	-0.02899388494	-0.00407625892	-0.6128494539	-0.6110328766	-0.1152815655	0.1440054046	-0.1152815655	-0.07242069245	-0.08327450776	-0.08316776854	-0.07242069245	-0.1138085049	-0.05809472166	0.1461847067	1	1	-0.04235175486	-0.04235175486	1	-0.1051359053	-0.07242069245	0.1672323792	0.1489544465	0.1461847067	-0.5276238731	-0.04235175486	1	-0.07242069245	0.7926126148	-0.1327638325	-0.04235175486	0.8163297075	0.9948650454	-0.5413522833	-0.1317257004	-0.5276238731	0.1335869859	0.1382093405	0.9844070578	0.1382093405	0.1392167164	0.1392167164	-0.1103355244	-0.1103355244	0.09511581877	-0.06757507735	0.1017644792	-0.0914942565	0.1493445952	-0.1023831894	-0.03945519114	-0.1457842711	-0.0764109471	-0.06749926114	0.2148424331	-0.1252406643	-0.1213284229	-0.09062720195	-0.08166387149	-0.06833420601	-0.09062720195	0.3384921352	-0.07599644385	-0.1445267617	-0.05407581724	0.0898163716	-0.2360823595	-0.03989209325	-0.08602058302	-0.07053567852	0.0114186177	-0.06618707951	-0.05407581724	-0.178138651	-0.07354534196	-0.02333805198	-0.07142411228	0.4072242266	0.110397593	0.01613491843	0.04127831204
chr11_2107122_C_T	-0.01085698914	0.05574756585	-0.2092534959	-0.258761305	0.2368515828	0.2399209526	-0.2533278509	-0.1471162306	-0.2533278509	-0.2533278509	-0.2533278509	-0.1769482505	0.2405983777	-0.1409573711	-0.03108281302	-0.1783228453	-0.08383983086	0.2368102971	0.2362471576	0.2362471576	0.02601903209	0.2362471576	-0.2425281467	-0.2425281467	0.02932314613	0.1402552027	-0.07214131654	0.7572517951	0.8206416438	-0.494136356	-0.494136356	-0.494136356	0.147635027	0.0114186177	-0.1192280457	0.147635027	0.02301988649	-0.03856188895	-0.03856188895	0.147635027	0.147635027	0.1489056476	0.8494415142	0.147635027	-0.1128593979	-0.1192280457	0.147635027	0.02301988649	0.7656031907	0.9057514854	0.9057514854	0.9157048728	-0.06396609807	-0.5101058403	-0.0958603438	-0.0398186774	-0.02803465522	0.1517489574	-0.0398186774	0.3325400623	0.1106052677	-0.02803465522	0.1517489574	0.001046805561	0.1505087921	0.9162542678	-0.5804639722	0.9218150621	-0.06808655243	0.1672839334	0.1594981568	0.0114186177	-0.05809472166	0.7339245328	0.001046805561	0.0114186177	0.0114186177	0.1672839334	0.1672839334	-0.5890160771	-0.07178880517	0.1672839334	-0.05977637057	-0.1105601704	-0.03777107186	-0.5239065917	-0.03244490632	-0.5239065917	0.0114186177	0.1741899639	0.1690923482	-0.4739205077	0.1662570346	0.1761676861	0.0114186177	0.6967111258	-0.1079456536	-0.1303446107	-0.5095913605	-0.1303446107	0.9259497588	0.7744264643	-0.5129332873	0.7564951536	-0.1105601704	0.0114186177	0.7791932795	-0.07354534196	-0.1105601704	0.7671130403	0.9273851547	-0.1538543017	0.7131978179	-0.5286413036	-0.07142411228	0.7073035661	0.3325400623	-0.02498386595	-0.534448239	0.8489157591	0.9625509974	0.001046805561	-0.534448239	-0.1282099071	0.7868525182	-0.1246470526	0.973350018	0.7841022639	0.973350018	-0.534448239	0.9625509974	-0.07796179741	0.8137184095	-0.05509935773	-0.05809472166	-0.05809472166	0.8102797728	-0.5319076924	-0.1023537575	-0.07796179741	-0.09286502327	-0.02899388494	-0.00407625892	-0.6128494539	-0.6110328766	-0.1152815655	0.1440054046	-0.1152815655	-0.07242069245	-0.08327450776	-0.08316776854	-0.07242069245	-0.1138085049	-0.05809472166	0.1461847067	1	1	-0.04235175486	-0.04235175486	1	-0.1051359053	-0.07242069245	0.1672323792	0.1489544465	0.1461847067	-0.5276238731	-0.04235175486	1	-0.07242069245	0.7926126148	-0.1327638325	-0.04235175486	0.8163297075	0.9948650454	-0.5413522833	-0.1317257004	-0.5276238731	0.1335869859	0.1382093405	0.9844070578	0.1382093405	0.1392167164	0.1392167164	-0.1103355244	-0.1103355244	0.09511581877	-0.06757507735	0.1017644792	-0.0914942565	0.1493445952	-0.1023831894	-0.03945519114	-0.1457842711	-0.0764109471	-0.06749926114	0.2148424331	-0.1252406643	-0.1213284229	-0.09062720195	-0.08166387149	-0.06833420601	-0.09062720195	0.3384921352	-0.07599644385	-0.1445267617	-0.05407581724	0.0898163716	-0.2360823595	-0.03989209325	-0.08602058302	-0.07053567852	0.0114186177	-0.06618707951	-0.05407581724	-0.178138651	-0.07354534196	-0.02333805198	-0.07142411228	0.4072242266	0.110397593	0.01613491843	0.04127831204
chr11_2107154_G_A	0.07481315163	-0.02966307248	-0.026504251	0.04312015994	-0.07637759661	-0.07891572154	0.04255642086	0.1199376466	0.04255642086	0.04255642086	0.04255642086	-0.03909200121	-0.07773746093	0.07614051877	-0.00336805401	-0.04176861918	0.05270891194	-0.0728092432	-0.05855190649	-0.05855190649	0.06513960988	-0.05855190649	0.08260745594	0.08260745594	0.2632563062	0.01267333378	0.4803985197	-0.0439903251	-0.05778738959	-0.1493647302	-0.1493647302	-0.1493647302	0.04611745364	-0.02341383029	0.3444151989	0.04611745364	-0.02204218819	0.1743989852	0.1743989852	0.04611745364	0.04611745364	0.04632505214	-0.05306798088	0.04611745364	0.3492070678	0.3444151989	0.04611745364	-0.02204218819	-0.04421871365	-0.04514651006	-0.04514651006	-0.04375190228	0.4918561037	-0.1572157242	-0.04660008351	-0.0345342032	0.1095062464	0.04702466817	-0.0345342032	-0.02942059574	0.01088246	0.1095062464	0.04702466817	-0.02471693475	0.04682379581	-0.04514651006	0.0730176492	-0.04584191344	0.4860359192	0.04562423507	0.04632505214	-0.02341383029	0.7503575135	0.2187050041	-0.02471693475	-0.02341383029	-0.02341383029	0.04562423507	0.04562423507	0.07061036723	0.394649391	0.04562423507	0.4978693896	0.04517894506	-0.03275834246	-0.1568858895	-0.02942059574	-0.1568858895	-0.02341383029	0.04470079308	0.04611745364	-0.1343702108	0.04540981078	0.01750962935	-0.02341383029	0.2044500943	-0.04889368851	0.4743399375	-0.1593031869	0.4743399375	-0.04562423507	0.1872661152	-0.1580871495	0.1804460451	0.04517894506	-0.02341383029	0.1814503158	-0.03072206337	0.04517894506	0.1831709918	-0.04653614179	0.3572886733	0.1968842532	-0.1842266933	-0.0259618876	0.2291168724	-0.02942059574	0.07963547544	-0.1575474057	-0.05457661514	-0.08190497347	-0.02471693475	-0.1575474057	0.4322632028	0.1500441953	0.3775206065	-0.08066614897	0.1872661152	-0.08066614897	-0.1575474057	-0.08190497347	0.06239717646	0.1807758299	0.4123432024	-0.02341383029	-0.02341383029	0.1799281319	-0.1548541903	-0.03175296746	0.06239717646	0.06223948244	0.09466227535	0.06974138766	-0.1021306925	-0.1016270868	0.02949279504	0.04256472958	0.02949279504	0.06619198354	0.05886668688	-0.02830792291	0.06619198354	0.05914428996	0.8793194041	0.05036325701	-0.04235175486	-0.04235175486	1	1	-0.04235175486	0.02608272139	0.06619198354	0.02393753728	0.05104025372	0.05036325701	-0.1536942648	-0.02058823529	-0.04235175486	0.06619198354	0.0004923536463	0.4014397603	1	0.213920542	-0.04260561695	-0.1656803338	0.4270039052	-0.1536942648	0.04743724111	0.04113239202	-0.04260561695	0.04113239202	0.04880812747	0.04880812747	0.04117379829	0.04117379829	-0.035572243	0.03207037368	-0.1823836472	0.4160303207	-0.1755269531	0.01412146252	0.07029302223	-0.05256733516	0.04466836312	0.1827214054	-0.0354854799	-0.06896607873	-0.04279026482	0.03770378011	-0.006793439347	-0.1594533949	0.03770378011	-0.0259618876	-0.005386224572	-0.006176761326	0.2955222721	0.01310360648	-0.04354316244	0.09103519029	0.03992445661	-0.0197322558	0.1055480603	-0.03374040606	0.2955222721	-0.000482576876	-0.03072206337	0.234509951	0.2080322682	-0.03656496774	0.1299895794	0.09001845558	-0.03356200247
chr11_2107216_C_A	0.07481315163	-0.02966307248	-0.026504251	0.04312015994	-0.07637759661	-0.07891572154	0.04255642086	0.1199376466	0.04255642086	0.04255642086	0.04255642086	-0.03909200121	-0.07773746093	0.07614051877	-0.00336805401	-0.04176861918	0.05270891194	-0.0728092432	-0.05855190649	-0.05855190649	0.06513960988	-0.05855190649	0.08260745594	0.08260745594	0.2632563062	0.01267333378	0.4803985197	-0.0439903251	-0.05778738959	-0.1493647302	-0.1493647302	-0.1493647302	0.04611745364	-0.02341383029	0.3444151989	0.04611745364	-0.02204218819	0.1743989852	0.1743989852	0.04611745364	0.04611745364	0.04632505214	-0.05306798088	0.04611745364	0.3492070678	0.3444151989	0.04611745364	-0.02204218819	-0.04421871365	-0.04514651006	-0.04514651006	-0.04375190228	0.4918561037	-0.1572157242	-0.04660008351	-0.0345342032	0.1095062464	0.04702466817	-0.0345342032	-0.02942059574	0.01088246	0.1095062464	0.04702466817	-0.02471693475	0.04682379581	-0.04514651006	0.0730176492	-0.04584191344	0.4860359192	0.04562423507	0.04632505214	-0.02341383029	0.7503575135	0.2187050041	-0.02471693475	-0.02341383029	-0.02341383029	0.04562423507	0.04562423507	0.07061036723	0.394649391	0.04562423507	0.4978693896	0.04517894506	-0.03275834246	-0.1568858895	-0.02942059574	-0.1568858895	-0.02341383029	0.04470079308	0.04611745364	-0.1343702108	0.04540981078	0.01750962935	-0.02341383029	0.2044500943	-0.04889368851	0.4743399375	-0.1593031869	0.4743399375	-0.04562423507	0.1872661152	-0.1580871495	0.1804460451	0.04517894506	-0.02341383029	0.1814503158	-0.03072206337	0.04517894506	0.1831709918	-0.04653614179	0.3572886733	0.1968842532	-0.1842266933	-0.0259618876	0.2291168724	-0.02942059574	0.07963547544	-0.1575474057	-0.05457661514	-0.08190497347	-0.02471693475	-0.1575474057	0.4322632028	0.1500441953	0.3775206065	-0.08066614897	0.1872661152	-0.08066614897	-0.1575474057	-0.08190497347	0.06239717646	0.1807758299	0.4123432024	-0.02341383029	-0.02341383029	0.1799281319	-0.1548541903	-0.03175296746	0.06239717646	0.06223948244	0.09466227535	0.06974138766	-0.1021306925	-0.1016270868	0.02949279504	0.04256472958	0.02949279504	0.06619198354	0.05886668688	-0.02830792291	0.06619198354	0.05914428996	0.8793194041	0.05036325701	-0.04235175486	-0.04235175486	1	1	-0.04235175486	0.02608272139	0.06619198354	0.02393753728	0.05104025372	0.05036325701	-0.1536942648	-0.02058823529	-0.04235175486	0.06619198354	0.0004923536463	0.4014397603	1	0.213920542	-0.04260561695	-0.1656803338	0.4270039052	-0.1536942648	0.04743724111	0.04113239202	-0.04260561695	0.04113239202	0.04880812747	0.04880812747	0.04117379829	0.04117379829	-0.035572243	0.03207037368	-0.1823836472	0.4160303207	-0.1755269531	0.01412146252	0.07029302223	-0.05256733516	0.04466836312	0.1827214054	-0.0354854799	-0.06896607873	-0.04279026482	0.03770378011	-0.006793439347	-0.1594533949	0.03770378011	-0.0259618876	-0.005386224572	-0.006176761326	0.2955222721	0.01310360648	-0.04354316244	0.09103519029	0.03992445661	-0.0197322558	0.1055480603	-0.03374040606	0.2955222721	-0.000482576876	-0.03072206337	0.234509951	0.2080322682	-0.03656496774	0.1299895794	0.09001845558	-0.03356200247
chr11_2107655_C_A	-0.01085698914	0.05574756585	-0.2092534959	-0.258761305	0.2368515828	0.2399209526	-0.2533278509	-0.1471162306	-0.2533278509	-0.2533278509	-0.2533278509	-0.1769482505	0.2405983777	-0.1409573711	-0.03108281302	-0.1783228453	-0.08383983086	0.2368102971	0.2362471576	0.2362471576	0.02601903209	0.2362471576	-0.2425281467	-0.2425281467	0.02932314613	0.1402552027	-0.07214131654	0.7572517951	0.8206416438	-0.494136356	-0.494136356	-0.494136356	0.147635027	0.0114186177	-0.1192280457	0.147635027	0.02301988649	-0.03856188895	-0.03856188895	0.147635027	0.147635027	0.1489056476	0.8494415142	0.147635027	-0.1128593979	-0.1192280457	0.147635027	0.02301988649	0.7656031907	0.9057514854	0.9057514854	0.9157048728	-0.06396609807	-0.5101058403	-0.0958603438	-0.0398186774	-0.02803465522	0.1517489574	-0.0398186774	0.3325400623	0.1106052677	-0.02803465522	0.1517489574	0.001046805561	0.1505087921	0.9162542678	-0.5804639722	0.9218150621	-0.06808655243	0.1672839334	0.1594981568	0.0114186177	-0.05809472166	0.7339245328	0.001046805561	0.0114186177	0.0114186177	0.1672839334	0.1672839334	-0.5890160771	-0.07178880517	0.1672839334	-0.05977637057	-0.1105601704	-0.03777107186	-0.5239065917	-0.03244490632	-0.5239065917	0.0114186177	0.1741899639	0.1690923482	-0.4739205077	0.1662570346	0.1761676861	0.0114186177	0.6967111258	-0.1079456536	-0.1303446107	-0.5095913605	-0.1303446107	0.9259497588	0.7744264643	-0.5129332873	0.7564951536	-0.1105601704	0.0114186177	0.7791932795	-0.07354534196	-0.1105601704	0.7671130403	0.9273851547	-0.1538543017	0.7131978179	-0.5286413036	-0.07142411228	0.7073035661	0.3325400623	-0.02498386595	-0.534448239	0.8489157591	0.9625509974	0.001046805561	-0.534448239	-0.1282099071	0.7868525182	-0.1246470526	0.973350018	0.7841022639	0.973350018	-0.534448239	0.9625509974	-0.07796179741	0.8137184095	-0.05509935773	-0.05809472166	-0.05809472166	0.8102797728	-0.5319076924	-0.1023537575	-0.07796179741	-0.09286502327	-0.02899388494	-0.00407625892	-0.6128494539	-0.6110328766	-0.1152815655	0.1440054046	-0.1152815655	-0.07242069245	-0.08327450776	-0.08316776854	-0.07242069245	-0.1138085049	-0.05809472166	0.1461847067	1	1	-0.04235175486	-0.04235175486	1	-0.1051359053	-0.07242069245	0.1672323792	0.1489544465	0.1461847067	-0.5276238731	-0.04235175486	1	-0.07242069245	0.7926126148	-0.1327638325	-0.04235175486	0.8163297075	0.9948650454	-0.5413522833	-0.1317257004	-0.5276238731	0.1335869859	0.1382093405	0.9844070578	0.1382093405	0.1392167164	0.1392167164	-0.1103355244	-0.1103355244	0.09511581877	-0.06757507735	0.1017644792	-0.0914942565	0.1493445952	-0.1023831894	-0.03945519114	-0.1457842711	-0.0764109471	-0.06749926114	0.2148424331	-0.1252406643	-0.1213284229	-0.09062720195	-0.08166387149	-0.06833420601	-0.09062720195	0.3384921352	-0.07599644385	-0.1445267617	-0.05407581724	0.0898163716	-0.2360823595	-0.03989209325	-0.08602058302	-0.07053567852	0.0114186177	-0.06618707951	-0.05407581724	-0.178138651	-0.07354534196	-0.02333805198	-0.07142411228	0.4072242266	0.110397593	0.01613491843	0.04127831204
chr11_2107742_G_A	0.02362194696	0.06732405465	0.03710893104	0.006252297485	0.07561885654	0.07274486714	0.005084764232	-0.02208926894	0.005084764232	0.005084764232	0.005084764232	0.02164947512	0.07339989602	-0.01862415234	0.05535649065	0.01483972419	0.4785577423	0.008522681464	0.08892445201	0.08892445201	-0.07461263033	0.08892445201	-0.04284786461	-0.04284786461	0.4393461281	0.03486880655	0.6527230978	-0.0179969923	-0.03318943196	-0.2625403412	-0.2625403412	-0.2625403412	0.05863509846	0.01296677378	0.4703906489	0.05863509846	0.01908357556	0.7294783013	0.7294783013	0.05863509846	0.05863509846	0.0594306473	-0.02326554959	0.05863509846	0.4780078732	0.4703906489	0.05863509846	0.01908357556	-0.001394271774	-0.004427174861	-0.004427174861	-0.001379552623	0.6696928859	-0.2778129865	-0.06058780625	-0.02623686583	0.7576700113	0.06084965804	-0.02623686583	-0.05713259752	0.06649245704	0.7576700113	0.06084965804	0.007519755522	0.06007048811	-0.004427174861	0.0426263796	-0.005942026479	0.6610772169	0.07585266708	0.0594306473	0.01296677378	0.1298361374	0.367587085	0.007519755522	0.01296677378	0.01296677378	0.07585266708	0.07585266708	0.05060976557	0.5721256142	0.07585266708	0.6785848493	0.8234579578	0.01383888994	-0.2771301345	-0.009930189568	-0.2771301345	0.01296677378	0.07386679145	0.07667266864	-0.246521763	0.07527135533	0.07824800281	0.01296677378	0.3407437896	-0.008245474476	0.737435545	-0.281602516	0.737435545	-0.004474021719	0.4078112945	-0.2793528659	0.4100172482	0.8234579578	0.01296677378	0.4115956393	-0.05965995035	0.8234579578	0.4150344679	-0.007451156247	0.7104158966	0.4041839859	-0.2756145456	-0.05041604487	0.3859753713	-0.05713259752	-0.006061001058	-0.2784987964	0.3233121633	-0.1049440145	0.007519755522	-0.2784987964	0.8317078277	0.4042532274	0.8421806872	-0.102290903	0.3915438477	-0.102290903	-0.2784987964	-0.1049440145	-0.02021282368	0.3940095949	0.793339043	0.01296677378	0.01296677378	0.3923292884	-0.2734418173	0.1364554766	-0.02021282368	0.7752466899	0.8637126364	0.07881196028	0.1245036248	0.1257620491	0.9697941807	0.08786772452	0.9697941807	-0.01697455769	-0.02329399196	-0.05497187006	-0.01697455769	0.7755203689	0.01296677378	0.06860840438	-0.1051359053	-0.1051359053	0.02608272139	0.02608272139	-0.1051359053	1	-0.01697455769	0.07219981997	0.06996942834	0.06860840438	-0.2839728693	-0.03998081381	-0.1051359053	-0.01697455769	0.4057174037	0.7435242956	0.02608272139	0.4221442493	-0.08776049472	-0.2805972114	0.8483156218	-0.2839728693	0.04503861748	0.06678963632	-0.08776049472	0.06678963632	0.04786762236	0.04786762236	0.8083195431	0.8083195431	0.008401078635	0.7258752332	-0.2875635564	0.660040486	0.0821673065	0.5678217445	-0.01355636854	-0.07334155372	0.1855153518	0.1605208768	0.05064895963	-0.1957257169	-0.2081893648	0.2012357702	0.07881136564	-0.2715649277	0.2012357702	0.00259719019	0.08139799399	-0.09271623673	0.04284986794	0.54648632	-0.01526797836	0.05561042525	0.1727178956	0.1000519556	0.01296677378	0.1997309037	0.04284986794	0.04242067062	-0.05965995035	-0.04546790805	0.00259719019	-0.03529740117	0.5141376676	0.5427339667	-0.02329399196
chr11_2107752_C_T	0.210254641	-0.04545195478	-0.05889761277	0.01162039542	-0.10838855	-0.1121983459	0.01070543687	0.05506413131	0.01070543687	0.01070543687	0.01070543687	-0.02782376049	-0.1104559556	0.05845022061	0.1576384197	-0.03245503697	-0.0501947565	-0.007389158947	0.051688662	0.051688662	0.1041238162	0.051688662	0.07691635585	0.07691635585	-0.05034087702	0.08771361338	0.04712022394	-0.04822083571	-0.07083076542	0.02080330997	0.02080330997	0.02080330997	0.1049751269	0.1370279298	0.01944671758	0.1049751269	0.1493473773	-0.05927923575	-0.05927923575	0.1049751269	0.1049751269	0.1048578087	-0.06342916731	0.1049751269	0.02246484024	0.01944671758	0.1049751269	0.1493473773	-0.04881909536	-0.07664086524	-0.07664086524	-0.07453437601	0.01174301765	0.02751038962	0.01708598022	0.06788548052	-0.05657779485	0.1058627826	0.06788548052	-0.04508041397	0.1098803544	-0.05657779485	0.1058627826	0.1264015264	0.1059867263	-0.07664086524	0.06391806839	-0.07769167018	0.009807787937	0.1038524352	0.1048578087	0.1370279298	0.1370279298	0.05341722933	0.1264015264	0.1370279298	0.1370279298	0.1038524352	0.1038524352	0.1394806526	0.1832022556	0.1038524352	0.01371761882	-0.05088149436	0.2935732798	0.02842919116	0.09458836861	0.02842919116	0.1370279298	0.1029504247	0.1049751269	0.02070443611	0.1039630559	0.06683282786	0.1370279298	-0.05064210078	0.09611258495	0.02267748562	0.02689127821	0.02267748562	-0.07745185281	-0.05687337081	0.02766287596	0.03229398181	-0.05088149436	0.1370279298	-0.05901760797	0.07303488681	-0.05088149436	-0.05693531635	-0.0787409831	0.4002157535	0.2887503884	-0.1796661156	-0.03978072541	0.286463744	-0.04508041397	0.1013485108	-0.1818500857	-0.09068331681	-0.07213223533	0.1264015264	-0.1818500857	0.01174301765	-0.0563771627	0.01371761882	-0.06998999654	-0.05687337081	-0.06998999654	-0.1818500857	-0.07213223533	0.9686759196	-0.05748944508	0.007730552257	-0.03587640343	-0.03587640343	-0.05852251019	-0.1780988268	-0.04865424652	0.9686759196	-0.04545195478	-0.05996915341	0.08824773868	0.124461826	0.1254775649	-0.01322436567	0.1268873885	-0.01322436567	1	0.9399563602	-0.04337549432	1	0.5502835088	0.05057576317	0.08436872263	-0.07242069245	-0.07242069245	0.06619198354	0.06619198354	-0.07242069245	-0.01697455769	1	-0.2884274526	0.08539463896	0.08436872263	-0.1765490708	-0.03154681769	-0.07242069245	1	0.2788998995	0.5278606955	0.06619198354	-0.05701437979	-0.07271568629	-0.1542660691	0.009807787937	-0.1765490708	0.0800189261	0.1249809248	-0.07271568629	0.1249809248	0.08209351614	0.08209351614	-0.05034087702	-0.05034087702	-0.7422783806	-0.05420357071	-0.1809117035	-0.01878627259	0.1065577002	0.3344866421	0.7640826515	-0.01322376921	0.6991146561	0.6796407607	-0.0543734783	0.1228980459	0.1380130269	0.6551051317	0.1024676346	-0.1879857657	0.6551051317	-0.03978072541	0.1044446543	0.001731571612	0.1737105133	-0.07407270461	-0.07460556645	0.1170819077	0.6689543051	0.08491672873	0.05057576317	0.5649791122	0.1737105133	-0.01143051002	0.07303488681	0.1370279298	0.1955132243	-0.003197224289	0.09655158399	0.1427500416	0.07249663416
chr11_2107761_C_T	-0.1790243662	0.02473250179	0.1834832249	0.1257999596	0.2503042406	0.2536629279	0.1287405594	-0.02722749018	0.1287405594	0.1287405594	0.1287405594	0.1636332175	0.248989973	-0.0247017483	0.3879364514	0.1682895107	0.0683308604	0.2246103574	0.2118380828	0.2118380828	0.003246320532	0.2118380828	0.1258977825	0.1258977825	0.1167843065	0.7679453175	0.05557294917	0.1445140535	0.09449366965	0.4840874111	0.4840874111	0.4840874111	0.7128802539	-0.2739639582	0.08805572811	0.7128802539	-0.3030234774	0.1279234602	0.1279234602	0.7128802539	0.7128802539	0.7098654662	0.1447818304	0.7128802539	0.1143988544	0.08805572811	0.7128802539	-0.3030234774	0.1169829892	0.1226219746	0.1226219746	0.1448246755	0.0749122767	0.4999279751	0.07052953161	0.07203514099	0.1543346959	0.7144808801	0.07203514099	0.0342067495	0.6944369338	0.1543346959	0.7144808801	-0.2790949408	0.7175080027	0.1226219746	0.4710712656	0.1260444914	0.05052495057	0.7247661319	0.719600796	-0.3059080084	-0.05035560656	0.01931770058	-0.2790949408	-0.3059080084	-0.3059080084	0.7247661319	0.7247661319	0.4447198234	-0.1372429236	0.7247661319	0.0848785129	0.1356895561	-0.3550764353	0.4980262842	-0.3270462702	0.4980262842	-0.3059080084	0.7234477776	0.7227407174	0.4591958225	0.7280211057	0.8238979422	-0.3059080084	0.1902717716	0.02299276135	0.0666662724	0.5003457107	0.0666662724	0.1336745261	0.1555856175	0.5026990077	0.1120958114	0.1356895561	-0.3059080084	0.1537543454	0.05474012347	0.1356895561	0.1473637373	0.1294578727	-0.04569560242	0.03113089287	0.5721363494	0.06330577568	0.03746585699	0.0342067495	-0.2688414135	0.5788532932	0.189735329	0.116357547	-0.2790949408	0.5788532932	0.0749122767	0.1454129505	0.06997322749	0.1390686223	0.1466928142	0.1390686223	0.5788532932	0.116357547	-0.2712912358	0.157946221	0.08263263583	-0.1781318075	-0.1781318075	0.1524645026	0.6020520792	0.08333426851	-0.2712912358	0.09302569639	0.1496659573	-0.2810490161	0.5071521521	0.5048259931	0.09487355358	0.839359526	0.09487355358	-0.2884274526	-0.2782335581	0.07874919019	-0.2884274526	-0.08884593589	0.0135324939	0.9297536224	0.1672323792	0.1672323792	0.02393753728	0.02393753728	0.1672323792	0.07219981997	-0.2884274526	1	0.9247418717	0.9297536224	0.6109623326	0.0600519957	0.1672323792	-0.2884274526	0.0956384624	-0.06066682127	0.02393753728	0.2081211587	0.1688001862	0.5346652885	0.06514726737	0.6109623326	0.8986773884	0.8108415008	0.159188492	0.8108415008	0.9072012787	0.9072012787	0.0617741422	0.0617741422	0.4467594578	0.1318202432	0.7276667571	0.02897736121	0.6533738568	-0.06810122765	-0.2320358865	0.152580839	-0.2313782198	-0.2265108609	0.05681981498	0.5023128721	0.4688484235	-0.2730111	0.5592157346	0.6386267487	-0.2730111	0.03432542719	0.5603785257	0.1129691104	-0.2421036747	0.07360031406	0.171336956	-0.2554780578	-0.2467364378	0.485742887	-0.2100758577	-0.173837004	-0.2421036747	0.08323620701	0.03254990987	-0.1781318075	-0.2844584063	0.05366810762	0.01335233946	-0.06448740164	0.06518727898
chr11_2107854_G_T	-0.1037200839	0.009338270727	0.1643234313	0.1324828678	0.2234766635	0.2256173525	0.1352066047	-0.004743578102	0.1352066047	0.1352066047	0.1352066047	0.1546145096	0.2213715869	-0.0008670720268	0.4598063932	0.1578745692	0.05293032204	0.2357925076	0.2377553034	0.2377553034	0.04591894667	0.2377553034	0.1594193337	0.1594193337	0.1032212837	0.828197121	0.0775227439	0.1347291267	0.07447172549	0.5049887286	0.5049887286	0.5049887286	0.777831009	-0.2311832421	0.1014338323	0.777831009	-0.2566971651	0.111577878	0.111577878	0.777831009	0.777831009	0.7746645191	0.1294026872	0.777831009	0.1299158952	0.1014338323	0.777831009	-0.2566971651	0.1058837622	0.1010744871	0.1010744871	0.1249065636	0.08397817559	0.5243218828	0.08155364769	0.1021769812	0.1399916818	0.7798229344	0.1021769812	0.01931582129	0.7604478421	0.1399916818	0.7798229344	-0.2405460863	0.7830046937	0.1010744871	0.5091351715	0.1042498311	0.05792496135	0.7897833102	0.7847796118	-0.264373389	0.001147786059	0.04455431744	-0.2405460863	-0.264373389	-0.264373389	0.7897833102	0.7897833102	0.5108363352	-0.07022251672	0.7897833102	0.09506258494	0.1226694247	-0.2550163899	0.5226689882	-0.3024084981	0.5226689882	-0.264373389	0.7880793049	0.7880761166	0.4787395	0.7931968746	0.8782590791	-0.264373389	0.1825749874	0.06258623003	0.07950378856	0.524484945	0.07950378856	0.1122795608	0.143494942	0.5272281275	0.132649088	0.1226694247	-0.264373389	0.1407750178	0.0860440751	0.1226694247	0.1348883	0.107416272	0.09491824626	0.138443761	0.5270679327	0.05145742107	0.144201323	0.01931582129	-0.2393787436	0.5332542326	0.1656833356	0.09621531492	-0.2405460863	0.5332542326	0.08397817559	0.1330838932	0.07957586336	0.1205892076	0.1342552417	0.1205892076	0.5332542326	0.09621531492	0.06677074335	0.1456632173	0.09047741584	-0.1979930953	-0.1979930953	0.1395940585	0.5587253225	0.06907345252	0.06677074335	0.08029549574	0.1339202078	-0.2571237123	0.5698440801	0.5677911243	0.09490492677	0.917771031	0.09490492677	0.08539463896	0.04922089963	0.06620943845	0.08539463896	0.1208317631	0.001147786059	0.9951789565	0.1489544465	0.1489544465	0.05104025372	0.05104025372	0.1489544465	0.06996942834	0.08539463896	0.9247418717	1	0.9951789565	0.5685513643	0.05104025372	0.1489544465	0.08539463896	0.2101933483	0.1285820407	0.05104025372	0.1890331127	0.1504614507	0.4981398256	0.05792496135	0.5685513643	0.9613024545	0.8874543817	0.1404748165	0.8874543817	0.9709098991	0.9709098991	0.0460652431	0.0460652431	0.1777737349	0.117453497	0.6899648938	0.02439597505	0.7166125749	0.05936114729	0.0533756092	0.1567490885	0.02930593721	0.0269340086	0.03946624476	0.5646051134	0.5357749189	-0.0307468573	0.616794819	0.5939865318	-0.0307468573	0.02134658615	0.6187163064	0.1111038971	-0.2115979998	0.04981120721	0.1418973742	-0.2496509282	0.001836892514	0.5331052087	-0.1979930953	0.03752540835	-0.2115979998	0.08416478427	0.06298824957	-0.1648029484	-0.2496509282	0.05587853274	0.04078864487	-0.02290636157	0.09679653242
chr11_2108072_G_A	-0.1054557207	0.008260784505	0.168296273	0.1353834147	0.2188038416	0.2208341385	0.1380917584	-0.007161109813	0.1380917584	0.1380917584	0.1380917584	0.1595877855	0.216641168	-0.003230636866	0.4643260215	0.1626525712	0.05180816964	0.2309019012	0.2403271281	0.2403271281	0.04341641312	0.2403271281	0.1605930715	0.1605930715	0.102175588	0.8328986195	0.07595144507	0.1318480571	0.07109974306	0.5117701946	0.5117701946	0.5117701946	0.782232027	-0.2324130583	0.09911387778	0.782232027	-0.257917041	0.1103306569	0.1103306569	0.782232027	0.782232027	0.7790495436	0.1262787553	0.782232027	0.1276886787	0.09911387778	0.782232027	-0.257917041	0.1029675107	0.09813764712	0.09813764712	0.1220531246	0.08247374561	0.530833882	0.07996729103	0.101067741	0.138854565	0.7842390608	0.101067741	0.01826312966	0.7649249625	0.138854565	0.7842390608	-0.241838777	0.7874369281	0.09813764712	0.5148034558	0.1012952669	0.0563506676	0.7941694933	0.7891807205	-0.2656559813	0.0002874027927	0.04064337561	-0.241838777	-0.2656559813	-0.2656559813	0.7941694933	0.7941694933	0.5164361596	-0.07237769668	0.7941694933	0.09360449893	0.1216416612	-0.2566282128	0.5292081678	-0.3039727682	0.5292081678	-0.2656559813	0.7924506889	0.7924934255	0.4858284731	0.7975993534	0.8830971657	-0.2656559813	0.1785352895	0.06088525158	0.07809701573	0.53103054	0.07809701573	0.1093277609	0.1400426941	0.5337762218	0.1290715316	0.1216416612	-0.2656559813	0.1373124505	0.08504956281	0.1216416612	0.1314626855	0.1044439533	0.1063388914	0.1434281233	0.5263139966	0.05058320432	0.1491414031	0.01826312966	-0.2408018153	0.5324642685	0.1625802307	0.09335217835	-0.241838777	0.5324642685	0.08247374561	0.1296472015	0.07809315168	0.1178104477	0.1307883017	0.1178104477	0.5324642685	0.09335217835	0.09015685575	0.1422623865	0.08896513245	-0.1991701353	-0.1991701353	0.1361605385	0.5580487859	0.06801399221	0.09015685575	0.07933083962	0.132691933	-0.2585433494	0.5756319433	0.5736017765	0.09364611007	0.9222798439	0.09364611007	0.08436872263	0.07188889598	0.06527228693	0.08436872263	0.1191386643	0.03353032581	1	0.1461847067	0.1461847067	0.05036325701	0.05036325701	0.1461847067	0.06860840438	0.08436872263	0.9297536224	0.9951789565	1	0.5679172562	0.05036325701	0.1461847067	0.08436872263	0.2067708783	0.1398414589	0.05036325701	0.1946601547	0.1477028299	0.4970862545	0.07156754048	0.5679172562	0.9659875787	0.8918691701	0.1377003159	0.8918691701	0.9756557872	0.9756557872	0.04492866276	0.04492866276	0.1795013177	0.116337601	0.6876894472	0.02293183531	0.7209145853	0.05774782066	0.05233736315	0.1537000531	0.02804002519	0.02561711716	0.03822225679	0.5699945832	0.5409815123	-0.03220839733	0.6213551843	0.592308849	-0.03220839733	0.02042448972	0.6233254668	0.1182283631	-0.1851519785	0.04811024246	0.1496160429	-0.2208452271	0.0004599533458	0.5381461245	-0.1991701353	0.03634259613	-0.1851519785	0.08222535925	0.06195707588	-0.1326842893	-0.2208452271	0.05462089031	0.0510216474	-0.01221871465	0.09571453773
chr11_2108091_G_GAGTC	-0.1541683192	-0.04254370326	0.2777739116	0.2745466241	0.0116466183	0.01385232477	0.2735786352	0.08069109934	0.2735786352	0.2735786352	0.2735786352	0.2475973885	0.009201489111	0.08524448851	0.3038789499	0.2557310514	-0.09926617671	0.01294468769	-0.03215955576	-0.03215955576	0.005005520174	-0.03215955576	0.2773841967	0.2773841967	-0.1661041005	0.4754001222	-0.2729656784	-0.4088941528	-0.4905121639	0.8623477774	0.8623477774	0.8623477774	0.4188004761	-0.1960019389	-0.1103587938	0.4188004761	-0.2282070866	-0.2148050995	-0.2148050995	0.4188004761	0.4188004761	0.4226370901	-0.4701859256	0.4188004761	-0.09866471723	-0.1103587938	0.4188004761	-0.2282070866	-0.4507575615	-0.544603868	-0.544603868	-0.5361120143	-0.2732318386	0.8941915139	0.1587894301	0.1028535331	-0.201373221	0.415878285	0.1028535331	-0.1796442083	0.4340678251	-0.201373221	0.415878285	-0.1912340853	0.419563247	-0.5520827956	0.7482924604	-0.5525840563	-0.2844054155	0.4067634069	0.415094269	-0.2207518198	-0.1960019389	-0.6960800557	-0.1912340853	-0.2207518198	-0.2207518198	0.4067634069	0.4067634069	0.7368444763	-0.3525571733	0.4067634069	-0.2734351776	-0.172674465	-0.2140840544	0.9021707703	-0.1996366844	0.9021707703	-0.2207518198	0.4019658002	0.4035209297	0.8187442118	0.4103936307	0.4738348925	-0.2207518198	-0.5352159123	0.108897903	-0.2577618866	0.89612966	-0.2577618866	-0.5428086138	-0.6368423455	0.8991478955	-0.6573140261	-0.172674465	-0.2207518198	-0.6488922656	0.1267901243	-0.172674465	-0.6470737384	-0.5531019625	-0.3037013655	-0.6962648215	0.9730022012	0.1269568873	-0.6855932855	-0.1796442083	-0.1817284752	0.9784770497	-0.5814573404	-0.5404966058	-0.1912340853	0.9784770497	-0.284668684	-0.6517758124	-0.2849836205	-0.5243463428	-0.650622428	-0.5243463428	0.9784770497	-0.5404966058	-0.1754237054	-0.662640319	-0.3106608114	-0.09700241518	-0.09700241518	-0.6635420148	0.9919290645	0.08662057884	-0.1754237054	-0.2012820369	-0.2463120884	-0.2235588568	0.8038330038	0.8000978883	-0.2597669783	0.5078495186	-0.2597669783	-0.1765490708	-0.192261522	0.1497289802	-0.1765490708	-0.3367999317	-0.171252058	0.5679172562	-0.5276238731	-0.5276238731	-0.1536942648	-0.1536942648	-0.5276238731	-0.2839728693	-0.1765490708	0.6109623326	0.5685513643	0.5679172562	1	0.09813532017	-0.5276238731	-0.1765490708	-0.6594503141	-0.3526556182	-0.1536942648	-0.6438691729	-0.5300696948	0.9628502206	-0.3070638196	1	0.5632821037	0.4991540864	-0.5300696948	0.4991540864	0.5644082954	0.5644082954	-0.2229324199	-0.2229324199	0.2662487515	-0.1623754867	0.6506325403	-0.270679233	0.4035767468	-0.2217963528	-0.1585954938	0.2585363644	-0.2110277079	-0.2435267547	-0.1226329613	0.5772670608	0.5489846762	-0.2384083062	0.463337321	0.6910354214	-0.2384083062	-0.209847699	0.4587922735	0.2332046007	-0.2231606571	-0.2395851863	0.3101064832	-0.209847699	-0.2245566867	0.3912740616	-0.171252058	-0.1808005146	-0.2231606571	0.1750102288	0.1095974033	-0.171252058	-0.209847699	-0.2254288821	-0.3185471292	-0.3069342113	0.03833984086
chr11_2108136_G_T	0.01607974978	0.1541420374	-0.09015113749	-0.106506795	0.01387107316	0.01216107017	-0.1072111049	-0.06544481828	-0.1072111049	-0.1072111049	-0.1072111049	-0.07258564175	0.01268119474	-0.06414670254	0.1028787407	-0.07470887113	-0.03275834246	0.03246078759	0.0005106270915	0.0005106270915	0.2902735205	0.0005106270915	0.08260745594	0.08260745594	-0.03285370433	0.05229177361	-0.04601712136	-0.00392564581	-0.020790666	0.07733646775	0.07733646775	0.07733646775	0.08592530542	0.1055480603	-0.06737984941	0.08592530542	0.1145406565	-0.03868709884	-0.03868709884	0.08592530542	0.08592530542	0.08562772474	-0.01571587263	0.08592530542	-0.06609136051	-0.06737984941	0.08592530542	0.1145406565	-0.00467259603	-0.006176761326	-0.006176761326	-0.004623268024	-0.04448000379	0.06926629467	-0.04660008351	-0.0345342032	-0.03692407153	0.08624957166	-0.0345342032	-0.02942059574	0.0887425346	-0.03692407153	0.08624957166	0.09780844179	0.0865496079	-0.006176761326	0.0730176492	-0.006949140912	-0.04525220669	0.08500634843	0.08562772474	0.1055480603	-0.02341383029	-0.01007813757	0.09780844179	0.1055480603	0.1055480603	0.08500634843	0.08500634843	0.07061036723	-0.005477237713	0.08500634843	-0.04370013451	-0.03320652462	0.05270891194	0.06994495905	0.07475233	0.06994495905	0.1055480603	0.08467804875	0.08592530542	0.08832334454	0.08530146734	0.05548363801	0.1055480603	-0.05317744167	-0.04889368851	-0.04163485344	0.06935536885	-0.04163485344	-0.006242121714	-0.02814164825	0.06965022829	-0.03204754421	-0.03320652462	0.1055480603	-0.02971768726	-0.03072206337	-0.03320652462	-0.02834426329	-0.007718735056	-0.05272925025	-0.07315067115	0.06956243909	-0.0259618876	-0.04072972826	-0.02942059574	0.07963547544	0.09685825508	-0.05457661514	-0.04209961521	0.09780844179	0.09685825508	-0.04448000379	-0.06348418107	-0.04370013451	-0.04067878655	-0.06404294216	-0.04067878655	0.09685825508	-0.04209961521	-0.03256694736	-0.06371442111	-0.04497390901	-0.02341383029	-0.02341383029	-0.06436780573	0.09794750142	-0.03175296746	-0.03256694736	-0.02966307248	-0.0391373562	0.06974138766	0.103229781	0.1039117923	-0.03828203859	0.08280985538	-0.03828203859	-0.03154681769	-0.03356200247	-0.02830792291	-0.03154681769	-0.05119478862	-0.02341383029	0.05036325701	-0.04235175486	-0.04235175486	-0.02058823529	-0.02058823529	-0.04235175486	-0.03998081381	-0.03154681769	0.0600519957	0.05104025372	0.05036325701	0.09813532017	1	-0.04235175486	-0.03154681769	-0.06784633246	-0.0541185142	-0.02058823529	-0.06318791558	-0.04260561695	0.1232195447	-0.04525220669	0.09813532017	0.04743724111	0.08156564989	-0.04260561695	0.08156564989	0.04880812747	0.04880812747	-0.03285370433	-0.03285370433	0.03923726198	-0.035374594	0.09001431081	-0.04081310109	0.04853626969	-0.04637418557	-0.03049903857	0.2434304791	-0.03564211358	-0.03692407153	0.05246781672	0.026504251	0.05383590801	-0.03836140418	0.0625396034	0.04645425858	-0.03836140418	-0.0259618876	0.06383673566	-0.006176761326	-0.02830792291	0.01310360648	-0.08471340051	-0.0259618876	-0.03747099838	0.0804691017	0.1055480603	-0.03374040606	-0.02830792291	-0.05630063553	-0.03072206337	-0.02341383029	-0.0259618876	-0.03656496774	-0.01614341429	-0.01058187964	-0.03356200247
chr11_2108689_C_T	-0.01085698914	0.05574756585	-0.2092534959	-0.258761305	0.2368515828	0.2399209526	-0.2533278509	-0.1471162306	-0.2533278509	-0.2533278509	-0.2533278509	-0.1769482505	0.2405983777	-0.1409573711	-0.03108281302	-0.1783228453	-0.08383983086	0.2368102971	0.2362471576	0.2362471576	0.02601903209	0.2362471576	-0.2425281467	-0.2425281467	0.02932314613	0.1402552027	-0.07214131654	0.7572517951	0.8206416438	-0.494136356	-0.494136356	-0.494136356	0.147635027	0.0114186177	-0.1192280457	0.147635027	0.02301988649	-0.03856188895	-0.03856188895	0.147635027	0.147635027	0.1489056476	0.8494415142	0.147635027	-0.1128593979	-0.1192280457	0.147635027	0.02301988649	0.7656031907	0.9057514854	0.9057514854	0.9157048728	-0.06396609807	-0.5101058403	-0.0958603438	-0.0398186774	-0.02803465522	0.1517489574	-0.0398186774	0.3325400623	0.1106052677	-0.02803465522	0.1517489574	0.001046805561	0.1505087921	0.9162542678	-0.5804639722	0.9218150621	-0.06808655243	0.1672839334	0.1594981568	0.0114186177	-0.05809472166	0.7339245328	0.001046805561	0.0114186177	0.0114186177	0.1672839334	0.1672839334	-0.5890160771	-0.07178880517	0.1672839334	-0.05977637057	-0.1105601704	-0.03777107186	-0.5239065917	-0.03244490632	-0.5239065917	0.0114186177	0.1741899639	0.1690923482	-0.4739205077	0.1662570346	0.1761676861	0.0114186177	0.6967111258	-0.1079456536	-0.1303446107	-0.5095913605	-0.1303446107	0.9259497588	0.7744264643	-0.5129332873	0.7564951536	-0.1105601704	0.0114186177	0.7791932795	-0.07354534196	-0.1105601704	0.7671130403	0.9273851547	-0.1538543017	0.7131978179	-0.5286413036	-0.07142411228	0.7073035661	0.3325400623	-0.02498386595	-0.534448239	0.8489157591	0.9625509974	0.001046805561	-0.534448239	-0.1282099071	0.7868525182	-0.1246470526	0.973350018	0.7841022639	0.973350018	-0.534448239	0.9625509974	-0.07796179741	0.8137184095	-0.05509935773	-0.05809472166	-0.05809472166	0.8102797728	-0.5319076924	-0.1023537575	-0.07796179741	-0.09286502327	-0.02899388494	-0.00407625892	-0.6128494539	-0.6110328766	-0.1152815655	0.1440054046	-0.1152815655	-0.07242069245	-0.08327450776	-0.08316776854	-0.07242069245	-0.1138085049	-0.05809472166	0.1461847067	1	1	-0.04235175486	-0.04235175486	1	-0.1051359053	-0.07242069245	0.1672323792	0.1489544465	0.1461847067	-0.5276238731	-0.04235175486	1	-0.07242069245	0.7926126148	-0.1327638325	-0.04235175486	0.8163297075	0.9948650454	-0.5413522833	-0.1317257004	-0.5276238731	0.1335869859	0.1382093405	0.9844070578	0.1382093405	0.1392167164	0.1392167164	-0.1103355244	-0.1103355244	0.09511581877	-0.06757507735	0.1017644792	-0.0914942565	0.1493445952	-0.1023831894	-0.03945519114	-0.1457842711	-0.0764109471	-0.06749926114	0.2148424331	-0.1252406643	-0.1213284229	-0.09062720195	-0.08166387149	-0.06833420601	-0.09062720195	0.3384921352	-0.07599644385	-0.1445267617	-0.05407581724	0.0898163716	-0.2360823595	-0.03989209325	-0.08602058302	-0.07053567852	0.0114186177	-0.06618707951	-0.05407581724	-0.178138651	-0.07354534196	-0.02333805198	-0.07142411228	0.4072242266	0.110397593	0.01613491843	0.04127831204
chr11_2108712_G_C	0.210254641	-0.04545195478	-0.05889761277	0.01162039542	-0.10838855	-0.1121983459	0.01070543687	0.05506413131	0.01070543687	0.01070543687	0.01070543687	-0.02782376049	-0.1104559556	0.05845022061	0.1576384197	-0.03245503697	-0.0501947565	-0.007389158947	0.051688662	0.051688662	0.1041238162	0.051688662	0.07691635585	0.07691635585	-0.05034087702	0.08771361338	0.04712022394	-0.04822083571	-0.07083076542	0.02080330997	0.02080330997	0.02080330997	0.1049751269	0.1370279298	0.01944671758	0.1049751269	0.1493473773	-0.05927923575	-0.05927923575	0.1049751269	0.1049751269	0.1048578087	-0.06342916731	0.1049751269	0.02246484024	0.01944671758	0.1049751269	0.1493473773	-0.04881909536	-0.07664086524	-0.07664086524	-0.07453437601	0.01174301765	0.02751038962	0.01708598022	0.06788548052	-0.05657779485	0.1058627826	0.06788548052	-0.04508041397	0.1098803544	-0.05657779485	0.1058627826	0.1264015264	0.1059867263	-0.07664086524	0.06391806839	-0.07769167018	0.009807787937	0.1038524352	0.1048578087	0.1370279298	0.1370279298	0.05341722933	0.1264015264	0.1370279298	0.1370279298	0.1038524352	0.1038524352	0.1394806526	0.1832022556	0.1038524352	0.01371761882	-0.05088149436	0.2935732798	0.02842919116	0.09458836861	0.02842919116	0.1370279298	0.1029504247	0.1049751269	0.02070443611	0.1039630559	0.06683282786	0.1370279298	-0.05064210078	0.09611258495	0.02267748562	0.02689127821	0.02267748562	-0.07745185281	-0.05687337081	0.02766287596	0.03229398181	-0.05088149436	0.1370279298	-0.05901760797	0.07303488681	-0.05088149436	-0.05693531635	-0.0787409831	0.4002157535	0.2887503884	-0.1796661156	-0.03978072541	0.286463744	-0.04508041397	0.1013485108	-0.1818500857	-0.09068331681	-0.07213223533	0.1264015264	-0.1818500857	0.01174301765	-0.0563771627	0.01371761882	-0.06998999654	-0.05687337081	-0.06998999654	-0.1818500857	-0.07213223533	0.9686759196	-0.05748944508	0.007730552257	-0.03587640343	-0.03587640343	-0.05852251019	-0.1780988268	-0.04865424652	0.9686759196	-0.04545195478	-0.05996915341	0.08824773868	0.124461826	0.1254775649	-0.01322436567	0.1268873885	-0.01322436567	1	0.9399563602	-0.04337549432	1	0.5502835088	0.05057576317	0.08436872263	-0.07242069245	-0.07242069245	0.06619198354	0.06619198354	-0.07242069245	-0.01697455769	1	-0.2884274526	0.08539463896	0.08436872263	-0.1765490708	-0.03154681769	-0.07242069245	1	0.2788998995	0.5278606955	0.06619198354	-0.05701437979	-0.07271568629	-0.1542660691	0.009807787937	-0.1765490708	0.0800189261	0.1249809248	-0.07271568629	0.1249809248	0.08209351614	0.08209351614	-0.05034087702	-0.05034087702	-0.7422783806	-0.05420357071	-0.1809117035	-0.01878627259	0.1065577002	0.3344866421	0.7640826515	-0.01322376921	0.6991146561	0.6796407607	-0.0543734783	0.1228980459	0.1380130269	0.6551051317	0.1024676346	-0.1879857657	0.6551051317	-0.03978072541	0.1044446543	0.001731571612	0.1737105133	-0.07407270461	-0.07460556645	0.1170819077	0.6689543051	0.08491672873	0.05057576317	0.5649791122	0.1737105133	-0.01143051002	0.07303488681	0.1370279298	0.1955132243	-0.003197224289	0.09655158399	0.1427500416	0.07249663416
chr11_2108794_C_T	0.07770952036	0.068401215	-0.1792750802	-0.2201618032	0.2117508976	0.2117050246	-0.2163428103	-0.1287738217	-0.2163428103	-0.2163428103	-0.2163428103	-0.1488479594	0.2131878899	-0.1205833705	0.05326837343	-0.1551319381	0.1581630211	0.2125366012	0.2675039864	0.2675039864	0.02277756869	0.2675039864	-0.2070051198	-0.2070051198	0.236237886	0.1768697105	0.2928825476	0.6351355234	0.6748547769	-0.5503600983	-0.5503600983	-0.5503600983	0.1925293975	0.03510112808	0.1486718016	0.1925293975	0.05082792601	0.3243391738	0.3243391738	0.1925293975	0.1925293975	0.1940147203	0.7074727464	0.1925293975	0.1591615913	0.1486718016	0.1925293975	0.05082792601	0.6507660769	0.7613522537	0.7613522537	0.7722788196	0.2963493392	-0.5695411956	-0.107161599	-0.02330669455	0.3489600928	0.1975516509	-0.02330669455	0.2448435919	0.1660137401	0.3489600928	0.1975516509	0.02110186609	0.1961035169	0.7704852171	-0.4578771798	0.7741905826	0.2876594013	0.2181591432	0.2032257078	0.03510112808	0.06532468005	0.835301422	0.02110186609	0.03510112808	0.03510112808	0.2181591432	0.2181591432	-0.4416081192	0.2759503826	0.2181591432	0.3052559278	0.3130916761	0.03798221456	-0.5808742597	-0.0237104283	-0.5808742597	0.03510112808	0.2228329754	0.220517542	-0.5250826695	0.2169943036	0.2227978026	0.03510112808	0.7683146244	-0.06289384295	0.277393441	-0.5711730604	0.277393441	0.7786382296	0.8678135683	-0.5726980847	0.876332913	0.3130916761	0.03510112808	0.873171839	-0.06824905308	0.3130916761	0.8651316458	0.7779075293	0.375333172	0.9258464449	-0.6570016749	-0.1012229013	0.9105522745	0.2448435919	-0.01377883588	-0.6642487941	0.8767777887	0.7602566391	0.02110186609	-0.6642487941	0.3242817637	0.8769229395	0.333460909	0.7717268924	0.8678135683	0.7717268924	-0.6642487941	0.7602566391	0.2614898968	0.8945833872	0.3666256172	-0.05556952783	-0.05556952783	0.8903839335	-0.6582206636	-0.03437327156	0.2614898968	0.3053226648	0.4018617614	0.02343384563	-0.4294499164	-0.4268879699	0.3980088079	0.2122576485	0.3980088079	0.2788998995	0.2452694516	-0.1149694401	0.2788998995	0.4962414125	-0.02534597586	0.2067708783	0.7926126148	0.7926126148	0.0004923536463	0.0004923536463	0.7926126148	0.4057174037	0.2788998995	0.0956384624	0.2101933483	0.2067708783	-0.6594503141	-0.06784633246	0.7926126148	0.2788998995	1	0.4554682353	0.0004923536463	0.9115446894	0.7970232233	-0.6749008918	0.3291636891	-0.6594503141	0.1825064681	0.1956906952	0.7879292125	0.1956906952	0.1894854923	0.1894854923	0.3056343275	0.3056343275	-0.1562251329	0.2989099786	-0.1133285145	0.256623352	0.2067420887	0.3231471617	0.2268224067	-0.1663284218	0.2751098152	0.2631664466	0.1951975299	-0.1712581032	-0.1688937921	0.2377573265	0.002317928821	-0.2563221418	0.2377573265	0.2826497409	0.009233618007	-0.1793429757	0.01151881518	0.3364782322	-0.2364341438	0.008454996442	0.2496516337	0.01628711582	0.00487757611	0.2443955398	0.01151881518	-0.135075372	-0.06824905308	0.00487757611	-0.018964478	0.3359622028	0.3864307339	0.3348982534	0.05031488368
chr11_2108997_G_A	0.1529603122	0.01774615749	-0.0002228766879	0.02577878369	-0.02471053505	-0.02976678852	0.02421466409	0.0371416005	0.02421466409	0.02421466409	0.02421466409	0.0002345739778	-0.02795348518	0.02620018289	0.1228833686	-0.008502880195	0.3589728676	-0.0225742799	0.07457458841	0.07457458841	0.01937130164	0.07457458841	0.03568335853	0.03568335853	0.4019503002	0.09029641878	0.6912989809	-0.05403448297	-0.08217423633	-0.2225629772	-0.2225629772	-0.2225629772	0.1153019752	0.02799887377	0.4900548816	0.1153019752	0.03689600591	0.5887701502	0.5887701502	0.1153019752	0.1153019752	0.1159228367	-0.06909895318	0.1153019752	0.4991178282	0.4900548816	0.1153019752	0.03689600591	-0.0417026739	-0.05875709223	-0.05875709223	-0.05484692227	0.6899575774	-0.2335360004	-0.05375191332	0.003064965768	0.5892403911	0.1177734281	0.003064965768	-0.07733537653	0.1116298763	0.5892403911	0.1177734281	0.02010431736	0.1171708824	-0.05875709223	0.1013407654	-0.06070338919	0.6803334366	0.1277413395	0.1159228367	0.02799887377	0.4309504074	0.3625429502	0.02010431736	0.02799887377	0.02799887377	0.1277413395	0.1277413395	0.1355262764	0.6355220543	0.1277413395	0.6998808438	0.6202640033	0.09192373335	-0.2323921808	-0.005002827592	-0.2323921808	0.02799887377	0.1254320352	0.129122281	-0.2054829302	0.1272787871	0.1138276295	0.02799887377	0.3058295599	0.02648306056	0.7414433303	-0.2372959559	0.7414433303	-0.05937883979	0.3480234392	-0.2348304586	0.3812289975	0.6202640033	0.02799887377	0.347793414	-0.0185533645	0.6202640033	0.3521039958	-0.06264412146	0.8934190919	0.5275772018	-0.3583903002	-0.06824376946	0.5236319923	-0.07733537653	0.03801527947	-0.3524450743	0.1818090335	-0.1461993221	0.02010431736	-0.3524450743	0.7934035156	0.3326317095	0.7834451114	-0.1426269944	0.3355593941	-0.1426269944	-0.3524450743	-0.1461993221	0.5408089801	0.3348763149	0.7550117895	-0.01677351885	-0.01677351885	0.3327595615	-0.345754569	0.06833036164	0.5408089801	0.5920596275	0.6635799781	0.06281634563	0.1243939352	0.126059011	0.7464424308	0.1478145246	0.7464424308	0.5278606955	0.5214687969	-0.07441058965	0.5278606955	0.8997179791	0.3861780148	0.1398414589	-0.1327638325	-0.1327638325	0.4014397603	0.4014397603	-0.1327638325	0.7435242956	0.5278606955	-0.06066682127	0.1285820407	0.1398414589	-0.3526556182	-0.0541185142	-0.1327638325	0.5278606955	0.4554682353	1	0.4014397603	0.3802116733	-0.1196917784	-0.3624346399	0.8237946674	-0.3526556182	0.118998403	0.1301799837	-0.1196917784	0.1301799837	0.1226221182	0.1226221182	0.6075545075	0.6075545075	-0.3643567235	0.539225124	-0.3668329555	0.6404264059	0.05720236122	0.6131911617	0.4097251139	-0.08129246454	0.5197106929	0.5384033907	-0.001671957218	-0.1102602815	-0.1028944333	0.4801377872	0.1110929861	-0.3505730859	0.4801377872	-0.02762526517	0.114587271	-0.07228642932	0.225391728	0.3849033919	-0.05115927856	0.134848752	0.492638739	0.1137860193	0.02799887377	0.4339140312	0.225391728	0.02641528531	-0.0185533645	0.1623160517	0.1754672563	-0.04139496638	0.4890619115	0.5210208267	0.008045360052
chr11_2109059_G_A	0.07481315163	-0.02966307248	-0.026504251	0.04312015994	-0.07637759661	-0.07891572154	0.04255642086	0.1199376466	0.04255642086	0.04255642086	0.04255642086	-0.03909200121	-0.07773746093	0.07614051877	-0.00336805401	-0.04176861918	0.05270891194	-0.0728092432	-0.05855190649	-0.05855190649	0.06513960988	-0.05855190649	0.08260745594	0.08260745594	0.2632563062	0.01267333378	0.4803985197	-0.0439903251	-0.05778738959	-0.1493647302	-0.1493647302	-0.1493647302	0.04611745364	-0.02341383029	0.3444151989	0.04611745364	-0.02204218819	0.1743989852	0.1743989852	0.04611745364	0.04611745364	0.04632505214	-0.05306798088	0.04611745364	0.3492070678	0.3444151989	0.04611745364	-0.02204218819	-0.04421871365	-0.04514651006	-0.04514651006	-0.04375190228	0.4918561037	-0.1572157242	-0.04660008351	-0.0345342032	0.1095062464	0.04702466817	-0.0345342032	-0.02942059574	0.01088246	0.1095062464	0.04702466817	-0.02471693475	0.04682379581	-0.04514651006	0.0730176492	-0.04584191344	0.4860359192	0.04562423507	0.04632505214	-0.02341383029	0.7503575135	0.2187050041	-0.02471693475	-0.02341383029	-0.02341383029	0.04562423507	0.04562423507	0.07061036723	0.394649391	0.04562423507	0.4978693896	0.04517894506	-0.03275834246	-0.1568858895	-0.02942059574	-0.1568858895	-0.02341383029	0.04470079308	0.04611745364	-0.1343702108	0.04540981078	0.01750962935	-0.02341383029	0.2044500943	-0.04889368851	0.4743399375	-0.1593031869	0.4743399375	-0.04562423507	0.1872661152	-0.1580871495	0.1804460451	0.04517894506	-0.02341383029	0.1814503158	-0.03072206337	0.04517894506	0.1831709918	-0.04653614179	0.3572886733	0.1968842532	-0.1842266933	-0.0259618876	0.2291168724	-0.02942059574	0.07963547544	-0.1575474057	-0.05457661514	-0.08190497347	-0.02471693475	-0.1575474057	0.4322632028	0.1500441953	0.3775206065	-0.08066614897	0.1872661152	-0.08066614897	-0.1575474057	-0.08190497347	0.06239717646	0.1807758299	0.4123432024	-0.02341383029	-0.02341383029	0.1799281319	-0.1548541903	-0.03175296746	0.06239717646	0.06223948244	0.09466227535	0.06974138766	-0.1021306925	-0.1016270868	0.02949279504	0.04256472958	0.02949279504	0.06619198354	0.05886668688	-0.02830792291	0.06619198354	0.05914428996	0.8793194041	0.05036325701	-0.04235175486	-0.04235175486	1	1	-0.04235175486	0.02608272139	0.06619198354	0.02393753728	0.05104025372	0.05036325701	-0.1536942648	-0.02058823529	-0.04235175486	0.06619198354	0.0004923536463	0.4014397603	1	0.213920542	-0.04260561695	-0.1656803338	0.4270039052	-0.1536942648	0.04743724111	0.04113239202	-0.04260561695	0.04113239202	0.04880812747	0.04880812747	0.04117379829	0.04117379829	-0.035572243	0.03207037368	-0.1823836472	0.4160303207	-0.1755269531	0.01412146252	0.07029302223	-0.05256733516	0.04466836312	0.1827214054	-0.0354854799	-0.06896607873	-0.04279026482	0.03770378011	-0.006793439347	-0.1594533949	0.03770378011	-0.0259618876	-0.005386224572	-0.006176761326	0.2955222721	0.01310360648	-0.04354316244	0.09103519029	0.03992445661	-0.0197322558	0.1055480603	-0.03374040606	0.2955222721	-0.000482576876	-0.03072206337	0.234509951	0.2080322682	-0.03656496774	0.1299895794	0.09001845558	-0.03356200247
chr11_2109282_GC_G	0.02058888929	0.07739457113	-0.1637396864	-0.2145797518	0.2302915504	0.2308873513	-0.2105361671	-0.1237834015	-0.2105361671	-0.2105361671	-0.2105361671	-0.145961583	0.2321078882	-0.1270417079	0.0008244252805	-0.1515111929	0.1895345996	0.1959229278	0.2409701565	0.2409701565	-0.0007090494891	0.2409701565	-0.2166329065	-0.2166329065	0.3187516889	0.1543431775	0.3927756301	0.647642677	0.6922782675	-0.595266086	-0.595266086	-0.595266086	0.1718429162	-0.01933674223	0.2233602783	0.1718429162	-0.007387560431	0.389921953	0.389921953	0.1718429162	0.1718429162	0.173429434	0.7239903713	0.1718429162	0.2341066701	0.2233602783	0.1718429162	-0.007387560431	0.6636554806	0.7853878914	0.7853878914	0.796091232	0.4116019289	-0.6192294801	-0.1273411817	-0.05706197619	0.3985662906	0.176846091	-0.05706197619	0.2561940217	0.1349492728	0.3985662906	0.176846091	-0.03011606986	0.1752966058	0.7946462689	-0.4649917876	0.7985887187	0.4020695449	0.1980741238	0.182766907	-0.01933674223	0.1951333348	0.8761305527	-0.03011606986	-0.01933674223	-0.01933674223	0.1980741238	0.1980741238	-0.4759161509	0.3066898156	0.1980741238	0.4213861223	0.3450299476	-0.07443285296	-0.6309379576	-0.06554629897	-0.6309379576	-0.01933674223	0.2029012765	0.2002153945	-0.5657222442	0.1968131583	0.2095036095	-0.01933674223	0.8413948337	-0.1110952647	0.3844456587	-0.6211295527	0.3844456587	0.8030549454	0.9409846124	-0.6226617847	0.9163002036	0.3450299476	-0.01933674223	0.9457891447	-0.1034113638	0.3450299476	0.9373520618	0.8025426445	0.3339220437	0.8873937285	-0.6475857262	-0.09556376688	0.8803084521	0.2561940217	-0.03192696492	-0.6478622102	0.9048867695	0.7740214039	-0.03011606986	-0.6478622102	0.4257599255	0.9412296824	0.4213861223	0.7852263229	0.9409846124	0.7852263229	-0.6478622102	0.7740214039	-0.04193697317	0.9668426298	0.465357932	-0.04997532466	-0.04997532466	0.9627289981	-0.642373682	-0.02622377198	-0.04193697317	0.3394035095	0.449794573	0.008118173791	-0.4992210767	-0.4968402682	0.4138685502	0.1831265981	0.4138685502	-0.05701437979	-0.04967687328	-0.1088620818	-0.05701437979	0.3203496265	0.1951333348	0.1946601547	0.8163297075	0.8163297075	0.213920542	0.213920542	0.8163297075	0.4221442493	-0.05701437979	0.2081211587	0.1890331127	0.1946601547	-0.6438691729	-0.06318791558	0.8163297075	-0.05701437979	0.9115446894	0.3802116733	0.213920542	1	0.8208531554	-0.6705600405	0.4441437705	-0.6438691729	0.1708333274	0.1666252755	0.8116342654	0.1666252755	0.1775405712	0.1775405712	0.3363390377	0.3363390377	0.09757297853	0.3286429484	-0.09720857408	0.3642598533	0.1330304179	0.2108238391	-0.02518819175	-0.179454714	0.04052448395	0.0680735785	0.2075129464	-0.229409868	-0.2262773129	0.01650908431	-0.03227951303	-0.2335194203	0.01650908431	0.2935802226	-0.02559303136	-0.1774833623	0.04500815193	0.3688224982	-0.2166796178	0.01562023013	0.02421639318	-0.0144069053	0.0113018402	0.03836227447	0.04500815193	-0.1349047479	-0.1034113638	0.04194042264	-0.01217576912	0.3317806762	0.397773684	0.3201769511	0.01620035613
chr11_2109320_TG_T	-0.01234312377	0.05392353876	-0.2112777585	-0.2607169687	0.2447149729	0.2477754521	-0.2553792186	-0.1477672022	-0.2553792186	-0.2553792186	-0.2553792186	-0.1787716122	0.248389124	-0.1416359035	-0.02678310119	-0.1801887266	-0.08403827762	0.2377553264	0.2434213637	0.2434213637	0.02303488826	0.2434213637	-0.2462164907	-0.2462164907	0.02770781539	0.1314538315	-0.07298997137	0.7552618979	0.816635639	-0.4968764539	-0.4968764539	-0.4968764539	0.1384635296	0.0103858024	-0.1203008758	0.1384635296	0.02189433732	-0.03955121408	-0.03955121408	0.1384635296	0.1384635296	0.1398414187	0.8453363439	0.1384635296	-0.1139627748	-0.1203008758	0.1384635296	0.02189433732	0.7633820153	0.9016132808	0.9016132808	0.9115316332	-0.06485840836	-0.5129418758	-0.09643494352	-0.04063441063	-0.02908842015	0.1426935601	-0.04063441063	0.3272684764	0.1022369632	-0.02908842015	0.1426935601	9.397566571e-05	0.141346976	0.9119848972	-0.5838804543	0.9174322444	-0.06895676334	0.1684267809	0.1503016412	0.0103858024	-0.05825940585	0.729346169	9.397566571e-05	0.0103858024	0.0103858024	0.1684267809	0.1684267809	-0.5925255838	-0.07300214504	0.1684267809	-0.06069135388	-0.1104419551	-0.03854485744	-0.5265627068	-0.03315830511	-0.5265627068	0.0103858024	0.1752340819	0.1702475504	-0.476285832	0.1674239273	0.1775209119	0.0103858024	0.7006810564	-0.1084565281	-0.130299765	-0.5125442207	-0.130299765	0.9216352112	0.7705098916	-0.5157850426	0.7525616819	-0.1104419551	0.0103858024	0.784389817	-0.0737949326	-0.1104419551	0.7725390684	0.922889186	-0.153937668	0.7181934279	-0.53118798	-0.07151920882	0.7033340483	0.3272684764	-0.02574813875	-0.5369879807	0.8446440031	0.9580099092	9.397566571e-05	-0.5369879807	-0.1282998959	0.7827305491	-0.1247518856	0.9687696047	0.7800648531	0.9687696047	-0.5369879807	0.9580099092	-0.07822637617	0.8091014026	-0.05612118071	-0.05825940585	-0.05825940585	0.8056745353	-0.5343564361	-0.1022827643	-0.07822637617	-0.09283307261	-0.03011982111	0.02079765073	-0.6079634256	-0.6061494185	-0.115297361	0.1453554583	-0.115297361	-0.07271568629	-0.08351057044	-0.08320540014	-0.07271568629	-0.1143336497	-0.05825940585	0.1477028299	0.9948650454	0.9948650454	-0.04260561695	-0.04260561695	0.9948650454	-0.08776049472	-0.07271568629	0.1688001862	0.1504614507	0.1477028299	-0.5300696948	-0.04260561695	0.9948650454	-0.07271568629	0.7970232233	-0.1196917784	-0.04260561695	0.8208531554	1	-0.5441860483	-0.1318011412	-0.5300696948	0.1351777216	0.1395844738	0.989672619	0.1395844738	0.1407841084	0.1407841084	-0.1102067002	-0.1102067002	0.09541977657	-0.06807612158	0.09701146753	-0.07453382315	0.1507447039	-0.1028677384	-0.04012204381	-0.1473690231	-0.07681181412	-0.06806016453	0.2108101459	-0.1275086657	-0.1238893077	-0.09095391595	-0.08617447782	-0.07801692042	-0.09095391595	0.3332777184	-0.08051595475	-0.1355483583	-0.02574813875	0.08685669448	-0.2363548661	-0.00924275848	-0.08637097379	-0.07421474692	0.0103858024	-0.06664332495	-0.02574813875	-0.1780545242	-0.0737949326	-0.02393680172	-0.07151920882	0.4007482983	0.119517261	0.02700578696	0.0394867468
chr11_2109650_G_GC	-0.08056075462	-0.05400181124	0.2516697106	0.2786287992	0.001408635969	0.002964476049	0.277419568	0.1161819196	0.277419568	0.277419568	0.277419568	0.2262433139	-0.001548975922	0.1218196945	0.348696501	0.2339982791	-0.0797475173	0.006512267371	-0.0305229158	-0.0305229158	0.05278678682	-0.0305229158	0.3120087362	0.3120087362	-0.1826596963	0.4435593455	-0.2626941303	-0.4269123089	-0.5093189257	0.8388205355	0.8388205355	0.8388205355	0.4458163509	0.01966246757	-0.1096325351	0.4458163509	0.0004679643514	-0.2208498376	-0.2208498376	0.4458163509	0.4458163509	0.4498767104	-0.4939696757	0.4458163509	-0.09688951336	-0.1096325351	0.4458163509	0.0004679643514	-0.4625092022	-0.5599801708	-0.5599801708	-0.5506667812	-0.2735999046	0.8690325682	0.1611961639	0.09446377943	-0.2204571292	0.4431404085	0.09446377943	-0.1954734542	0.4628844896	-0.2204571292	0.4431404085	0.03694241944	0.4468484787	-0.5599801708	0.7648774898	-0.5607840498	-0.2973182391	0.433244839	0.4420888721	0.01966246757	-0.210322125	-0.6388490382	0.03694241944	0.01966246757	0.01966246757	0.433244839	0.433244839	0.7637476493	-0.2540211979	0.433244839	-0.2852380694	-0.1895633374	-0.02894141846	0.8717634984	-0.009696339937	0.8717634984	0.01966246757	0.4358655222	0.4300404715	0.7878764857	0.4368913006	0.4231536705	0.01966246757	-0.5478755202	0.121103768	-0.2674976109	0.8703168881	-0.2674976109	-0.5502985315	-0.6487957777	0.8682087171	-0.6574714794	-0.1895633374	0.01966246757	-0.6621325274	0.1204728466	-0.1895633374	-0.6597589055	-0.5616036674	-0.3010111046	-0.6883117226	0.934047143	0.1222619931	-0.677777136	-0.1954734542	0.01664275491	0.9391410179	-0.6021965968	-0.5464385962	0.03694241944	0.9391410179	-0.2972166128	-0.6642905332	-0.297161646	-0.5370860933	-0.6630234855	-0.5370860933	0.9391410179	-0.5464385962	-0.1545502786	-0.6761473994	-0.3247019892	-0.1081067505	-0.1081067505	-0.6773239047	0.9540558368	0.07864826976	-0.1545502786	-0.2178965211	-0.2676075907	-0.00904635618	0.8284700756	0.8248135565	-0.2812090028	0.5285518643	-0.2812090028	-0.1542660691	-0.1732778474	0.1449768872	-0.1542660691	-0.3432668134	-0.1847682814	0.4970862545	-0.5413522833	-0.5413522833	-0.1656803338	-0.1656803338	-0.5413522833	-0.2805972114	-0.1542660691	0.5346652885	0.4981398256	0.4970862545	0.9628502206	0.1232195447	-0.5413522833	-0.1542660691	-0.6749008918	-0.3624346399	-0.1656803338	-0.6705600405	-0.5441860483	1	-0.3324098816	0.9628502206	0.4893312002	0.5190394992	-0.5441860483	0.5190394992	0.4913436606	0.4913436606	-0.2413339982	-0.2413339982	0.1844610964	-0.1796662758	0.5986762789	-0.2933354929	0.4162598352	-0.2447537502	-0.154135354	0.258504351	-0.1981626661	-0.2349647385	-0.1386704406	0.5680877191	0.5750758154	-0.1988941144	0.4770618112	0.6368365293	-0.1988941144	-0.2023001722	0.4728455782	0.2585379759	-0.1116913774	-0.2637887592	0.2914038437	-0.08638511316	-0.2139075857	0.4095723839	0.01966246757	-0.1815637831	-0.1116913774	0.1615706178	0.1027216458	-0.1081067505	-0.08638511316	-0.213940663	-0.3123164053	-0.2777833315	0.02818470012
chr11_2110046_T_C	0.04893155026	0.04643239541	0.02825774048	0.02727071188	0.01656788842	0.01268163074	0.02596821345	0.02503774775	0.02596821345	0.02596821345	0.02596821345	0.01094273783	0.01392635894	0.01047619792	0.02537280963	0.003459194914	0.4470685291	-0.03013470312	0.03528479848	0.03528479848	-0.04434237651	0.03528479848	-0.003395100409	-0.003395100409	0.4972730643	0.04160499616	0.7750960235	-0.05497618511	-0.05853674403	-0.2742086188	-0.2742086188	-0.2742086188	0.05991893141	-0.05146276367	0.5929279016	0.05991893141	-0.04844794327	0.7202101171	0.7202101171	0.05991893141	0.05991893141	0.06090118826	-0.06262929101	0.05991893141	0.5833810281	0.5929279016	0.05991893141	-0.04844794327	-0.04000631581	-0.04287902543	-0.04287902543	-0.03958397418	0.7949875684	-0.2915171184	-0.04897932648	-0.002943682141	0.7192288952	0.06251988792	-0.002943682141	-0.06466541985	0.05319212281	0.7192288952	0.06251988792	-0.05432694079	0.06155686117	-0.04287902543	0.08721374691	-0.04451880709	0.8087890894	0.05927810831	0.06090118826	-0.05146276367	0.4184735257	0.3842933292	-0.05432694079	-0.05146276367	-0.05146276367	0.05927810831	0.05927810831	0.08133223255	0.6475592684	0.05927810831	0.8054129259	0.7521843172	-0.03739698827	-0.2907089245	-0.0224870351	-0.2907089245	-0.05146276367	0.0566287887	0.05991893141	-0.2647488991	0.05827630505	0.05166430639	-0.05146276367	0.3674158889	-0.004167679121	0.8485924659	-0.2955859766	0.8485924659	-0.04333275669	0.4199105313	-0.2931329581	0.4048078878	0.7521843172	-0.05146276367	0.4069641231	-0.06752599927	0.7521843172	0.4107594981	-0.04615367737	0.7971657149	0.4073634703	-0.3119537896	-0.05706330275	0.4177453799	-0.06466541985	-0.01851480017	-0.3037732299	0.2465969514	-0.1477907728	-0.05432694079	-0.3037732299	0.9156298698	0.4018377155	0.9028685219	-0.1449204981	0.4053745223	-0.1449204981	-0.3037732299	-0.1477907728	0.04376856106	0.4054197399	0.8732509546	0.0007523795859	0.0007523795859	0.4035501076	-0.2981216565	0.1072387077	0.04376856106	0.7162170183	0.8078466279	-0.0209796408	0.05381173149	0.05516040261	0.8763004259	0.06794968191	0.8763004259	0.009807787937	0.03850176319	-0.06221980466	0.009807787937	0.7139629417	0.4184735257	0.07156754048	-0.1317257004	-0.1317257004	0.4270039052	0.4270039052	-0.1317257004	0.8483156218	0.009807787937	0.06514726737	0.05792496135	0.07156754048	-0.3070638196	-0.04525220669	-0.1317257004	0.009807787937	0.3291636891	0.8237946674	0.4270039052	0.4441437705	-0.1318011412	-0.3324098816	1	-0.3070638196	0.07990912783	0.08105270305	-0.1318011412	0.08105270305	0.08300860106	0.08300860106	0.7970016613	0.7970016613	-0.004626347579	0.659554973	-0.3360988413	0.782298021	0.007320389973	0.5594084372	0.01458322639	-0.09199994643	0.1817939983	0.2152817218	0.02883792777	-0.2086468381	-0.2095568668	0.1620661453	0.08733101634	-0.2994302783	0.1620661453	-0.009692570563	0.09026165804	-0.0902141956	0.1563052178	0.5405869416	-0.01950361069	0.08504889381	0.1683321124	0.0879998427	0.0007523795859	0.1628597217	0.1563052178	0.03445371108	-0.06752599927	0.1573978094	0.132419626	-0.04846017926	0.5280175388	0.5586254794	0.001078480762
chr11_2110067_G_A	-0.1541683192	-0.04254370326	0.2777739116	0.2745466241	0.0116466183	0.01385232477	0.2735786352	0.08069109934	0.2735786352	0.2735786352	0.2735786352	0.2475973885	0.009201489111	0.08524448851	0.3038789499	0.2557310514	-0.09926617671	0.01294468769	-0.03215955576	-0.03215955576	0.005005520174	-0.03215955576	0.2773841967	0.2773841967	-0.1661041005	0.4754001222	-0.2729656784	-0.4088941528	-0.4905121639	0.8623477774	0.8623477774	0.8623477774	0.4188004761	-0.1960019389	-0.1103587938	0.4188004761	-0.2282070866	-0.2148050995	-0.2148050995	0.4188004761	0.4188004761	0.4226370901	-0.4701859256	0.4188004761	-0.09866471723	-0.1103587938	0.4188004761	-0.2282070866	-0.4507575615	-0.544603868	-0.544603868	-0.5361120143	-0.2732318386	0.8941915139	0.1587894301	0.1028535331	-0.201373221	0.415878285	0.1028535331	-0.1796442083	0.4340678251	-0.201373221	0.415878285	-0.1912340853	0.419563247	-0.5520827956	0.7482924604	-0.5525840563	-0.2844054155	0.4067634069	0.415094269	-0.2207518198	-0.1960019389	-0.6960800557	-0.1912340853	-0.2207518198	-0.2207518198	0.4067634069	0.4067634069	0.7368444763	-0.3525571733	0.4067634069	-0.2734351776	-0.172674465	-0.2140840544	0.9021707703	-0.1996366844	0.9021707703	-0.2207518198	0.4019658002	0.4035209297	0.8187442118	0.4103936307	0.4738348925	-0.2207518198	-0.5352159123	0.108897903	-0.2577618866	0.89612966	-0.2577618866	-0.5428086138	-0.6368423455	0.8991478955	-0.6573140261	-0.172674465	-0.2207518198	-0.6488922656	0.1267901243	-0.172674465	-0.6470737384	-0.5531019625	-0.3037013655	-0.6962648215	0.9730022012	0.1269568873	-0.6855932855	-0.1796442083	-0.1817284752	0.9784770497	-0.5814573404	-0.5404966058	-0.1912340853	0.9784770497	-0.284668684	-0.6517758124	-0.2849836205	-0.5243463428	-0.650622428	-0.5243463428	0.9784770497	-0.5404966058	-0.1754237054	-0.662640319	-0.3106608114	-0.09700241518	-0.09700241518	-0.6635420148	0.9919290645	0.08662057884	-0.1754237054	-0.2012820369	-0.2463120884	-0.2235588568	0.8038330038	0.8000978883	-0.2597669783	0.5078495186	-0.2597669783	-0.1765490708	-0.192261522	0.1497289802	-0.1765490708	-0.3367999317	-0.171252058	0.5679172562	-0.5276238731	-0.5276238731	-0.1536942648	-0.1536942648	-0.5276238731	-0.2839728693	-0.1765490708	0.6109623326	0.5685513643	0.5679172562	1	0.09813532017	-0.5276238731	-0.1765490708	-0.6594503141	-0.3526556182	-0.1536942648	-0.6438691729	-0.5300696948	0.9628502206	-0.3070638196	1	0.5632821037	0.4991540864	-0.5300696948	0.4991540864	0.5644082954	0.5644082954	-0.2229324199	-0.2229324199	0.2662487515	-0.1623754867	0.6506325403	-0.270679233	0.4035767468	-0.2217963528	-0.1585954938	0.2585363644	-0.2110277079	-0.2435267547	-0.1226329613	0.5772670608	0.5489846762	-0.2384083062	0.463337321	0.6910354214	-0.2384083062	-0.209847699	0.4587922735	0.2332046007	-0.2231606571	-0.2395851863	0.3101064832	-0.209847699	-0.2245566867	0.3912740616	-0.171252058	-0.1808005146	-0.2231606571	0.1750102288	0.1095974033	-0.171252058	-0.209847699	-0.2254288821	-0.3185471292	-0.3069342113	0.03833984086
chr11_2111124_C_G	-0.1154132193	0.002851083203	0.1652569056	0.1358819936	0.1972589373	0.206718417	0.1385254106	0.004769205312	0.1385254106	0.1385254106	0.1385254106	0.1514507379	0.2026932502	0.009234976945	0.4457483344	0.1541327217	0.02418632056	0.2083727577	0.217193484	0.217193484	0.04292792591	0.217193484	0.16069761	0.16069761	0.07847470349	0.8135901128	0.0533742804	0.1185323454	0.07407157079	0.5070783391	0.5070783391	0.5070783391	0.7606116482	-0.24111964	0.1003310695	0.7606116482	-0.2668399443	0.08647455334	0.08647455334	0.7606116482	0.7606116482	0.7579774611	0.1214730624	0.7606116482	0.1176646829	0.1003310695	0.7606116482	-0.2668399443	0.0995531725	0.08418450603	0.08418450603	0.1087758013	0.07566323967	0.5250102498	0.09004181941	0.1201245096	0.1152846644	0.7634820561	0.1201245096	0.01308462859	0.7446639664	0.1152846644	0.7634820561	-0.2509647649	0.7661379798	0.08418450603	0.5104296621	0.08728477566	0.06440970505	0.7731573368	0.7682967556	-0.2749798242	0.02976183335	0.0297007514	-0.2509647649	-0.2749798242	-0.2749798242	0.7731573368	0.7731573368	0.5114186239	-0.07099679629	0.7731573368	0.08714692971	0.09709183163	-0.2450966709	0.5234374688	-0.2877830058	0.5234374688	-0.2749798242	0.7705637455	0.7710635824	0.4759139745	0.7760373032	0.8571993301	-0.2749798242	0.1682536233	0.06959280632	0.07173882865	0.5249517341	0.07173882865	0.0954154703	0.1238992345	0.52792031	0.1121740127	0.09709183163	-0.2749798242	0.1210877659	0.08086708481	0.09709183163	0.1153652487	0.09037586441	0.09842443318	0.1260420784	0.5205748567	0.04665348382	0.1316201998	0.01308462859	-0.2505820119	0.5265877591	0.138779812	0.07972488988	-0.2509647649	0.5265877591	0.07566323967	0.113474252	0.07134756471	0.1048696375	0.1144730047	0.1048696375	0.5265877591	0.07972488988	0.08572321666	0.1172339758	0.0821825316	-0.2072594558	-0.2072594558	0.1200719626	0.5530655261	0.06332185596	0.08572321666	0.05111088182	0.1102506724	-0.2684917804	0.55726298	0.5552809605	0.07041050306	0.9021015686	0.07041050306	0.0800189261	0.06692943862	0.06117533471	0.0800189261	0.09726435879	0.02976183335	0.9659875787	0.1335869859	0.1335869859	0.04743724111	0.04743724111	0.1335869859	0.04503861748	0.0800189261	0.8986773884	0.9613024545	0.9659875787	0.5632821037	0.04743724111	0.1335869859	0.0800189261	0.1825064681	0.118998403	0.04743724111	0.1708333274	0.1351777216	0.4893312002	0.07990912783	0.5632821037	1	0.9131104648	0.1249894789	0.9131104648	0.9900486668	0.9900486668	0.07847470349	0.07847470349	0.1705510362	0.1118635379	0.6832826393	0.04997448164	0.7406018605	0.0818903871	0.04758930522	0.1591856159	0.04296255166	0.03839128902	0.0322769367	0.5783871299	0.5478339729	-0.02002920057	0.642020889	0.5899525637	-0.02002920057	0.01593477626	0.6442751527	0.1251120347	-0.165557281	0.07220354197	0.1473164151	-0.1990961767	0.01376200685	0.5519546982	-0.2072594558	0.05264698684	-0.165557281	0.08784893734	0.05734581203	-0.1056789033	-0.1990961767	0.04877761335	0.06538514513	0.01575680728	0.1154655205
chr11_2111243_A_G	-0.01018595218	-0.009915579404	0.1302188549	0.1421593331	0.2072447624	0.208006083	0.1446867793	0.0407805166	0.1446867793	0.1446867793	0.1446867793	0.1323151912	0.2040942364	0.04664103583	0.5254680065	0.13415692	0.05867453543	0.2258945656	0.2471780625	0.2471780625	0.1022708175	0.2471780625	0.2045920215	0.2045920215	0.06856986232	0.8114948599	0.08498394694	0.1107884567	0.08823051757	0.4648855567	0.4648855567	0.4648855567	0.8408261611	0.05699585407	0.140053552	0.8408261611	0.04944826964	0.09417528925	0.09417528925	0.8408261611	0.8408261611	0.8379141712	0.1096161476	0.8408261611	0.1338693474	0.140053552	0.8408261611	0.04944826964	0.1015479879	0.08468247767	0.08468247767	0.111327237	0.09358663328	0.4804097839	0.09310039815	0.1118292656	0.105675789	0.8439992838	0.1118292656	0.0009990629438	0.8252094796	0.105675789	0.8439992838	0.06394343613	0.8469353027	0.09548969347	0.5476073975	0.09840939395	0.09742365064	0.8536768119	0.8488137145	0.05699585407	0.02123172864	0.1564622405	0.06394343613	0.05699585407	0.05699585407	0.8536768119	0.8536768119	0.563887331	0.1088858171	0.8536768119	0.08969067388	0.08808006547	0.05867453543	0.4710204863	0.02988863307	0.4710204863	0.05699585407	0.8507943133	0.8518658023	0.4231630617	0.8568473283	0.8092235049	0.05699585407	0.1800565136	0.0875750799	0.07551493702	0.4714578412	0.07551493702	0.107421707	0.137092277	0.4751780222	0.1423985748	0.08808006547	0.05699585407	0.13307196	0.07202572158	0.08808006547	0.1276560054	0.101320994	0.1236200268	0.1707886501	0.4528041767	0.03796276108	0.1760610921	0.0009990629438	0.0223435715	0.4584224288	0.1373961079	0.09266991502	0.06394343613	0.4584224288	0.07706013876	0.1260267801	0.07300291847	0.1088808833	0.1271360149	0.1088808833	0.4584224288	0.09266991502	0.1290224339	0.1292691909	0.0830573531	-0.2291171494	-0.2291171494	0.1319556215	0.4877462891	0.05304467184	0.1290224339	0.0410578436	0.0993942028	0.02788508058	0.5894182222	0.5875836017	0.05768658251	0.9777533884	0.05768658251	0.1249809248	0.1073319827	0.05227878119	0.1249809248	0.1110227106	0.02123172864	0.8918691701	0.1382093405	0.1382093405	0.04113239202	0.04113239202	0.1382093405	0.06678963632	0.1249809248	0.8108415008	0.8874543817	0.8918691701	0.4991540864	0.08156564989	0.1382093405	0.1249809248	0.1956906952	0.1301799837	0.04113239202	0.1666252755	0.1395844738	0.5190394992	0.08105270305	0.4991540864	0.9131104648	1	0.1288233513	1	0.9249344821	0.9249344821	0.08909940695	0.08909940695	0.01052267584	0.1027375466	0.6146427261	0.05309747351	0.7989589063	0.08306231602	0.06492591963	0.1496255559	0.05211766814	0.04476300031	0.01862750717	0.5846368783	0.6033757812	0.02541083561	0.7012555498	0.5186755277	0.02541083561	0.03796276108	0.7042083933	0.171140204	0.05227878119	0.07223671915	0.107264922	0.03796276108	0.01966977177	0.6140890187	0.05699585407	0.0409034471	0.05227878119	0.05277353857	0.04718185936	0.05699585407	0.03796276108	0.05744078611	0.1083420319	0.1156554326	0.1073319827
chr11_2111386_G_C	-0.02797474401	0.05392353876	-0.2112777585	-0.2686814716	0.2447149729	0.2477754521	-0.263351204	-0.1601018712	-0.263351204	-0.263351204	-0.263351204	-0.1787716122	0.248389124	-0.1540814995	-0.03620879704	-0.1801887266	-0.08403827762	0.2284162843	0.2355617551	0.2355617551	0.03501855576	0.2355617551	-0.2462164907	-0.2462164907	0.02770781539	0.1209095691	-0.07298997137	0.7552618979	0.816635639	-0.4968764539	-0.4968764539	-0.4968764539	0.1384635296	0.0103858024	-0.1324783565	0.1384635296	0.02189433732	-0.03955121408	-0.03955121408	0.1384635296	0.1384635296	0.1398414187	0.8453363439	0.1384635296	-0.1262438564	-0.1324783565	0.1384635296	0.02189433732	0.7633820153	0.9016132808	0.9016132808	0.9115316332	-0.06485840836	-0.5129418758	-0.1140007836	-0.04063441063	-0.02908842015	0.1426935601	-0.04063441063	0.3272684764	0.1022369632	-0.02908842015	0.1426935601	9.397566571e-05	0.141346976	0.9119848972	-0.5838804543	0.9174322444	-0.06895676334	0.1579454155	0.1398414187	0.0103858024	-0.05825940585	0.72064766	9.397566571e-05	0.0103858024	0.0103858024	0.1579454155	0.1579454155	-0.5925255838	-0.07300214504	0.1579454155	-0.06069135388	-0.1104419551	-0.03854485744	-0.5265627068	-0.03315830511	-0.5265627068	0.0103858024	0.1645943222	0.1596528768	-0.468877226	0.1568069495	0.1674143071	0.0103858024	0.6835394654	-0.1254319071	-0.130299765	-0.5125442207	-0.130299765	0.9111538458	0.7609549302	-0.5157850426	0.7431359861	-0.1104419551	0.0103858024	0.7750229209	-0.0737949326	-0.1104419551	0.7631567691	0.9125581147	-0.153937668	0.7092098614	-0.53118798	-0.102657434	0.6943567469	0.3272684764	-0.02574813875	-0.5369879807	0.8348380052	0.9474158992	9.397566571e-05	-0.5369879807	-0.1282998959	0.7732589526	-0.1247518856	0.9581271552	0.7705098916	0.9581271552	-0.5369879807	0.9474158992	-0.07822637617	0.7998056973	-0.05612118071	-0.05825940585	-0.05825940585	0.796386218	-0.5343564361	-0.1022827643	-0.07822637617	-0.09283307261	-0.03011982111	0.02079765073	-0.6079634256	-0.6061494185	-0.115297361	0.1346444062	-0.115297361	-0.07271568629	-0.08351057044	-0.1119340308	-0.07271568629	-0.1143336497	-0.05825940585	0.1377003159	0.9844070578	0.9844070578	-0.04260561695	-0.04260561695	0.9844070578	-0.08776049472	-0.07271568629	0.159188492	0.1404748165	0.1377003159	-0.5300696948	-0.04260561695	0.9844070578	-0.07271568629	0.7879292125	-0.1196917784	-0.04260561695	0.8116342654	0.989672619	-0.5441860483	-0.1318011412	-0.5300696948	0.1249894789	0.1288233513	1	0.1288233513	0.1306319709	0.1306319709	-0.1102067002	-0.1102067002	0.09541977657	-0.08602628433	0.08895619611	-0.07453382315	0.1408058074	-0.1028677384	-0.04012204381	-0.1572163274	-0.07681181412	-0.06806016453	0.2108101459	-0.1359783263	-0.132461509	-0.09095391595	-0.09540081037	-0.08584568601	-0.09095391595	0.3332777184	-0.08972763833	-0.1355483583	-0.02574813875	0.08685669448	-0.2363548661	-0.00924275848	-0.08637097379	-0.08310412116	0.0103858024	-0.06664332495	-0.02574813875	-0.1780545242	-0.0737949326	-0.02393680172	-0.07151920882	0.4007482983	0.119517261	0.02700578696	0.0394867468
chr11_2111406_A_C	-0.01018595218	-0.009915579404	0.1302188549	0.1421593331	0.2072447624	0.208006083	0.1446867793	0.0407805166	0.1446867793	0.1446867793	0.1446867793	0.1323151912	0.2040942364	0.04664103583	0.5254680065	0.13415692	0.05867453543	0.2258945656	0.2471780625	0.2471780625	0.1022708175	0.2471780625	0.2045920215	0.2045920215	0.06856986232	0.8114948599	0.08498394694	0.1107884567	0.08823051757	0.4648855567	0.4648855567	0.4648855567	0.8408261611	0.05699585407	0.140053552	0.8408261611	0.04944826964	0.09417528925	0.09417528925	0.8408261611	0.8408261611	0.8379141712	0.1096161476	0.8408261611	0.1338693474	0.140053552	0.8408261611	0.04944826964	0.1015479879	0.08468247767	0.08468247767	0.111327237	0.09358663328	0.4804097839	0.09310039815	0.1118292656	0.105675789	0.8439992838	0.1118292656	0.0009990629438	0.8252094796	0.105675789	0.8439992838	0.06394343613	0.8469353027	0.09548969347	0.5476073975	0.09840939395	0.09742365064	0.8536768119	0.8488137145	0.05699585407	0.02123172864	0.1564622405	0.06394343613	0.05699585407	0.05699585407	0.8536768119	0.8536768119	0.563887331	0.1088858171	0.8536768119	0.08969067388	0.08808006547	0.05867453543	0.4710204863	0.02988863307	0.4710204863	0.05699585407	0.8507943133	0.8518658023	0.4231630617	0.8568473283	0.8092235049	0.05699585407	0.1800565136	0.0875750799	0.07551493702	0.4714578412	0.07551493702	0.107421707	0.137092277	0.4751780222	0.1423985748	0.08808006547	0.05699585407	0.13307196	0.07202572158	0.08808006547	0.1276560054	0.101320994	0.1236200268	0.1707886501	0.4528041767	0.03796276108	0.1760610921	0.0009990629438	0.0223435715	0.4584224288	0.1373961079	0.09266991502	0.06394343613	0.4584224288	0.07706013876	0.1260267801	0.07300291847	0.1088808833	0.1271360149	0.1088808833	0.4584224288	0.09266991502	0.1290224339	0.1292691909	0.0830573531	-0.2291171494	-0.2291171494	0.1319556215	0.4877462891	0.05304467184	0.1290224339	0.0410578436	0.0993942028	0.02788508058	0.5894182222	0.5875836017	0.05768658251	0.9777533884	0.05768658251	0.1249809248	0.1073319827	0.05227878119	0.1249809248	0.1110227106	0.02123172864	0.8918691701	0.1382093405	0.1382093405	0.04113239202	0.04113239202	0.1382093405	0.06678963632	0.1249809248	0.8108415008	0.8874543817	0.8918691701	0.4991540864	0.08156564989	0.1382093405	0.1249809248	0.1956906952	0.1301799837	0.04113239202	0.1666252755	0.1395844738	0.5190394992	0.08105270305	0.4991540864	0.9131104648	1	0.1288233513	1	0.9249344821	0.9249344821	0.08909940695	0.08909940695	0.01052267584	0.1027375466	0.6146427261	0.05309747351	0.7989589063	0.08306231602	0.06492591963	0.1496255559	0.05211766814	0.04476300031	0.01862750717	0.5846368783	0.6033757812	0.02541083561	0.7012555498	0.5186755277	0.02541083561	0.03796276108	0.7042083933	0.171140204	0.05227878119	0.07223671915	0.107264922	0.03796276108	0.01966977177	0.6140890187	0.05699585407	0.0409034471	0.05227878119	0.05277353857	0.04718185936	0.05699585407	0.03796276108	0.05744078611	0.1083420319	0.1156554326	0.1073319827
chr11_2111509_A_G	-0.1118158055	0.005058329356	0.1654630704	0.1377695665	0.2067666681	0.2084808405	0.1404510098	-0.002480982312	0.1404510098	0.1404510098	0.1404510098	0.1588435772	0.2044064601	0.001762883128	0.4550098842	0.161633404	0.02654933375	0.218322941	0.2274231073	0.2274231073	0.04800395044	0.2274231073	0.1657973414	0.1657973414	0.08065245729	0.8245671828	0.05662496642	0.1243955004	0.08089429998	0.507973448	0.507973448	0.507973448	0.7723229543	-0.2385149458	0.1050122387	0.7723229543	-0.2642466341	0.08906001034	0.08906001034	0.7723229543	0.7723229543	0.7694560075	0.1278015937	0.7723229543	0.122188109	0.1050122387	0.7723229543	-0.2642466341	0.1054618953	0.09017396212	0.09017396212	0.1145857388	0.07872003644	0.5264368745	0.09320613968	0.1222802836	0.1176362354	0.7748539182	0.1222802836	0.01523748356	0.7557618731	0.1176362354	0.7748539182	-0.2482277728	0.7777401063	0.09017396212	0.5141741518	0.09330947314	0.06756410531	0.7846701053	0.7797387324	-0.2722551359	0.0314065746	0.03767819794	-0.2482277728	-0.2722551359	-0.2722551359	0.7846701053	0.7846701053	0.5154282768	-0.06659702449	0.7846701053	0.09010473429	0.09922998357	-0.2417793695	0.5248319738	-0.2845639326	0.5248319738	-0.2722551359	0.7824216591	0.7827378488	0.475948454	0.7877844278	0.8670457225	-0.2722551359	0.176446932	0.07300104374	0.07459685443	0.5264532571	0.07459685443	0.1014316612	0.1309311092	0.5293548422	0.1194667971	0.09922998357	-0.2722551359	0.1281417723	0.08287701778	0.09922998357	0.122345522	0.09643586837	0.1020172095	0.1335866873	0.5219617354	0.04842883456	0.1392411964	0.01523748356	-0.2475779456	0.5280464312	0.1451218411	0.08556485381	-0.2482277728	0.5280464312	0.07872003644	0.1204778883	0.07436135927	0.1105278896	0.1215382841	0.1105278896	0.5280464312	0.08556485381	0.08785384768	0.1241920973	0.08525314524	-0.2047747558	-0.2047747558	0.127066793	0.5542823332	0.06547102721	0.08785384768	0.05314710433	0.1127855286	-0.2654884944	0.5607295441	0.5587149982	0.07302260929	0.9137731519	0.07302260929	0.08209351614	0.06920105279	0.06307459166	0.08209351614	0.1007465434	0.0314065746	0.9756557872	0.1392167164	0.1392167164	0.04880812747	0.04880812747	0.1392167164	0.04786762236	0.08209351614	0.9072012787	0.9709098991	0.9756557872	0.5644082954	0.04880812747	0.1392167164	0.08209351614	0.1894854923	0.1226221182	0.04880812747	0.1775405712	0.1407841084	0.4913436606	0.08300860106	0.5644082954	0.9900486668	0.9249344821	0.1306319709	0.9249344821	1	1	0.08065245729	0.08065245729	0.1670136036	0.1141114074	0.6877072515	0.05284820921	0.751098155	0.08506670837	0.04970049699	0.1653167362	0.04547459074	0.04101535567	0.03481513503	0.5838715712	0.5539064562	-0.01709066039	0.65061896	0.5931847099	-0.01709066039	0.01781898831	0.6527435863	0.120760829	-0.1628545263	0.07556126439	0.1423554462	-0.1964499354	0.01651423847	0.5589638546	-0.2047747558	0.05498255121	-0.1628545263	0.07714252521	0.05943909995	-0.1035541856	-0.1964499354	0.05133802939	0.07000137673	0.02025197337	0.117565132
chr11_2111531_A_G	-0.1118158055	0.005058329356	0.1654630704	0.1377695665	0.2067666681	0.2084808405	0.1404510098	-0.002480982312	0.1404510098	0.1404510098	0.1404510098	0.1588435772	0.2044064601	0.001762883128	0.4550098842	0.161633404	0.02654933375	0.218322941	0.2274231073	0.2274231073	0.04800395044	0.2274231073	0.1657973414	0.1657973414	0.08065245729	0.8245671828	0.05662496642	0.1243955004	0.08089429998	0.507973448	0.507973448	0.507973448	0.7723229543	-0.2385149458	0.1050122387	0.7723229543	-0.2642466341	0.08906001034	0.08906001034	0.7723229543	0.7723229543	0.7694560075	0.1278015937	0.7723229543	0.122188109	0.1050122387	0.7723229543	-0.2642466341	0.1054618953	0.09017396212	0.09017396212	0.1145857388	0.07872003644	0.5264368745	0.09320613968	0.1222802836	0.1176362354	0.7748539182	0.1222802836	0.01523748356	0.7557618731	0.1176362354	0.7748539182	-0.2482277728	0.7777401063	0.09017396212	0.5141741518	0.09330947314	0.06756410531	0.7846701053	0.7797387324	-0.2722551359	0.0314065746	0.03767819794	-0.2482277728	-0.2722551359	-0.2722551359	0.7846701053	0.7846701053	0.5154282768	-0.06659702449	0.7846701053	0.09010473429	0.09922998357	-0.2417793695	0.5248319738	-0.2845639326	0.5248319738	-0.2722551359	0.7824216591	0.7827378488	0.475948454	0.7877844278	0.8670457225	-0.2722551359	0.176446932	0.07300104374	0.07459685443	0.5264532571	0.07459685443	0.1014316612	0.1309311092	0.5293548422	0.1194667971	0.09922998357	-0.2722551359	0.1281417723	0.08287701778	0.09922998357	0.122345522	0.09643586837	0.1020172095	0.1335866873	0.5219617354	0.04842883456	0.1392411964	0.01523748356	-0.2475779456	0.5280464312	0.1451218411	0.08556485381	-0.2482277728	0.5280464312	0.07872003644	0.1204778883	0.07436135927	0.1105278896	0.1215382841	0.1105278896	0.5280464312	0.08556485381	0.08785384768	0.1241920973	0.08525314524	-0.2047747558	-0.2047747558	0.127066793	0.5542823332	0.06547102721	0.08785384768	0.05314710433	0.1127855286	-0.2654884944	0.5607295441	0.5587149982	0.07302260929	0.9137731519	0.07302260929	0.08209351614	0.06920105279	0.06307459166	0.08209351614	0.1007465434	0.0314065746	0.9756557872	0.1392167164	0.1392167164	0.04880812747	0.04880812747	0.1392167164	0.04786762236	0.08209351614	0.9072012787	0.9709098991	0.9756557872	0.5644082954	0.04880812747	0.1392167164	0.08209351614	0.1894854923	0.1226221182	0.04880812747	0.1775405712	0.1407841084	0.4913436606	0.08300860106	0.5644082954	0.9900486668	0.9249344821	0.1306319709	0.9249344821	1	1	0.08065245729	0.08065245729	0.1670136036	0.1141114074	0.6877072515	0.05284820921	0.751098155	0.08506670837	0.04970049699	0.1653167362	0.04547459074	0.04101535567	0.03481513503	0.5838715712	0.5539064562	-0.01709066039	0.65061896	0.5931847099	-0.01709066039	0.01781898831	0.6527435863	0.120760829	-0.1628545263	0.07556126439	0.1423554462	-0.1964499354	0.01651423847	0.5589638546	-0.2047747558	0.05498255121	-0.1628545263	0.07714252521	0.05943909995	-0.1035541856	-0.1964499354	0.05133802939	0.07000137673	0.02025197337	0.117565132
chr11_2111568_G_A	-0.068064623	0.04599014692	0.04772897843	0.02539679614	0.07232163301	0.07005340802	0.02445642402	-0.03383921754	0.02445642402	0.02445642402	0.02445642402	0.0518022291	0.07051741125	-0.03113288453	0.03829571005	0.04564445243	0.3816764707	0.003440086824	0.03508724038	0.03508724038	-0.06588431224	0.03508724038	-0.01863198031	-0.01863198031	0.323440208	0.04608669911	0.550225618	-0.01207646972	-0.0009744215404	-0.2157390489	-0.2157390489	-0.2157390489	0.05626741634	-0.03736265137	0.4500370038	0.05626741634	-0.03517385163	0.6595458731	0.6595458731	0.05626741634	0.05626741634	0.05681854838	-0.01153210746	0.05626741634	0.4334073376	0.4500370038	0.05626741634	-0.03517385163	0.006885919178	0.004276613226	0.004276613226	0.006813225399	0.5644314949	-0.2282891429	-0.007339640417	0.03638710147	0.6845622931	0.05796880709	0.03638710147	-0.04694795547	0.06254581642	0.6845622931	0.05796880709	-0.03944208207	0.05743026687	0.004276613226	0.04599751774	0.003016170438	0.5871916434	0.05566564558	0.05681854838	-0.03736265137	0.02811633865	0.3086976561	-0.03944208207	-0.03736265137	-0.03736265137	0.05566564558	0.05566564558	0.0415879047	0.4701366475	0.05566564558	0.5718761293	0.7429979482	-0.008879105315	-0.2277280183	0.005944708647	-0.2277280183	-0.03736265137	0.05393305292	0.05626741634	-0.2204787789	0.05510172202	0.05273072753	-0.03736265137	0.3028930209	-0.01325256948	0.6212600934	-0.2314031386	0.6212600934	0.004321866893	0.3509115553	-0.2295545185	0.3393238287	0.7429979482	-0.03736265137	0.340605894	-0.0490247742	0.7429979482	0.3434356239	0.001760756571	0.6184718755	0.3092816249	-0.2264826032	-0.04142871728	0.3068942758	-0.04694795547	-0.04517240629	-0.2288526982	0.2843848933	-0.1104892368	-0.03944208207	-0.2288526982	0.7459773581	0.3478499263	0.7551934659	-0.1084199703	0.3326830658	-0.1084199703	-0.2288526982	-0.1104892368	-0.05196875033	0.3391415413	0.7119002756	0.02811633865	0.02811633865	0.3377485566	-0.2246971925	0.08253042251	-0.05196875033	0.8392529442	0.820705412	-0.04380084959	0.107274421	0.108312828	0.8336215857	0.05040784831	0.8336215857	-0.05034087702	-0.05355661087	-0.04517240629	-0.05034087702	0.6466108373	0.02811633865	0.04492866276	-0.1103355244	-0.1103355244	0.04117379829	0.04117379829	-0.1103355244	0.8083195431	-0.05034087702	0.0617741422	0.0460652431	0.04492866276	-0.2229324199	-0.03285370433	-0.1103355244	-0.05034087702	0.3056343275	0.6075545075	0.04117379829	0.3363390377	-0.1102067002	-0.2413339982	0.7970016613	-0.2229324199	0.07847470349	0.08909940695	-0.1102067002	0.08909940695	0.08065245729	0.08065245729	1	1	0.02462920565	0.8339065128	-0.2998203541	0.7632911985	0.08016052404	0.6631824247	-0.04866888207	-0.1241405536	0.1062311151	0.08977514892	0.03268864695	-0.2577830484	-0.2691986194	0.09326980016	0.08471061629	-0.2779177861	0.09326980016	-0.04142871728	0.08680447108	-0.07486924222	0.00963467407	0.6716148725	-0.07247030872	0.01797526989	0.09739238805	0.07995520769	-0.03736265137	0.1160035252	0.00963467407	-0.06150080632	-0.0490247742	0.02811633865	0.01797526989	-0.01833483574	0.5890178296	0.6434888357	0.04030270212
chr11_2111990_C_T	-0.068064623	0.04599014692	0.04772897843	0.02539679614	0.07232163301	0.07005340802	0.02445642402	-0.03383921754	0.02445642402	0.02445642402	0.02445642402	0.0518022291	0.07051741125	-0.03113288453	0.03829571005	0.04564445243	0.3816764707	0.003440086824	0.03508724038	0.03508724038	-0.06588431224	0.03508724038	-0.01863198031	-0.01863198031	0.323440208	0.04608669911	0.550225618	-0.01207646972	-0.0009744215404	-0.2157390489	-0.2157390489	-0.2157390489	0.05626741634	-0.03736265137	0.4500370038	0.05626741634	-0.03517385163	0.6595458731	0.6595458731	0.05626741634	0.05626741634	0.05681854838	-0.01153210746	0.05626741634	0.4334073376	0.4500370038	0.05626741634	-0.03517385163	0.006885919178	0.004276613226	0.004276613226	0.006813225399	0.5644314949	-0.2282891429	-0.007339640417	0.03638710147	0.6845622931	0.05796880709	0.03638710147	-0.04694795547	0.06254581642	0.6845622931	0.05796880709	-0.03944208207	0.05743026687	0.004276613226	0.04599751774	0.003016170438	0.5871916434	0.05566564558	0.05681854838	-0.03736265137	0.02811633865	0.3086976561	-0.03944208207	-0.03736265137	-0.03736265137	0.05566564558	0.05566564558	0.0415879047	0.4701366475	0.05566564558	0.5718761293	0.7429979482	-0.008879105315	-0.2277280183	0.005944708647	-0.2277280183	-0.03736265137	0.05393305292	0.05626741634	-0.2204787789	0.05510172202	0.05273072753	-0.03736265137	0.3028930209	-0.01325256948	0.6212600934	-0.2314031386	0.6212600934	0.004321866893	0.3509115553	-0.2295545185	0.3393238287	0.7429979482	-0.03736265137	0.340605894	-0.0490247742	0.7429979482	0.3434356239	0.001760756571	0.6184718755	0.3092816249	-0.2264826032	-0.04142871728	0.3068942758	-0.04694795547	-0.04517240629	-0.2288526982	0.2843848933	-0.1104892368	-0.03944208207	-0.2288526982	0.7459773581	0.3478499263	0.7551934659	-0.1084199703	0.3326830658	-0.1084199703	-0.2288526982	-0.1104892368	-0.05196875033	0.3391415413	0.7119002756	0.02811633865	0.02811633865	0.3377485566	-0.2246971925	0.08253042251	-0.05196875033	0.8392529442	0.820705412	-0.04380084959	0.107274421	0.108312828	0.8336215857	0.05040784831	0.8336215857	-0.05034087702	-0.05355661087	-0.04517240629	-0.05034087702	0.6466108373	0.02811633865	0.04492866276	-0.1103355244	-0.1103355244	0.04117379829	0.04117379829	-0.1103355244	0.8083195431	-0.05034087702	0.0617741422	0.0460652431	0.04492866276	-0.2229324199	-0.03285370433	-0.1103355244	-0.05034087702	0.3056343275	0.6075545075	0.04117379829	0.3363390377	-0.1102067002	-0.2413339982	0.7970016613	-0.2229324199	0.07847470349	0.08909940695	-0.1102067002	0.08909940695	0.08065245729	0.08065245729	1	1	0.02462920565	0.8339065128	-0.2998203541	0.7632911985	0.08016052404	0.6631824247	-0.04866888207	-0.1241405536	0.1062311151	0.08977514892	0.03268864695	-0.2577830484	-0.2691986194	0.09326980016	0.08471061629	-0.2779177861	0.09326980016	-0.04142871728	0.08680447108	-0.07486924222	0.00963467407	0.6716148725	-0.07247030872	0.01797526989	0.09739238805	0.07995520769	-0.03736265137	0.1160035252	0.00963467407	-0.06150080632	-0.0490247742	0.02811633865	0.01797526989	-0.01833483574	0.5890178296	0.6434888357	0.04030270212
chr11_2112258_T_C	-0.2502091587	0.05653217624	0.1018308134	-0.0317273484	0.1213052176	0.1259198284	-0.03060557101	-0.1368552664	-0.03060557101	-0.03060557101	-0.03060557101	0.0646815354	0.1238511736	-0.1416816498	-0.1415518065	0.06994491472	0.01857769703	0.03844824242	-0.00746711734	-0.00746711734	-0.1208432311	-0.00746711734	-0.1067533461	-0.1067533461	0.06261291391	0.04844820232	-0.03234690001	0.07796368326	-0.009190673439	0.1122564568	0.1122564568	0.1122564568	-0.02077869343	-0.220060446	-0.0359259218	-0.02077869343	-0.238315862	0.03728524277	0.03728524277	-0.02077869343	-0.02077869343	-0.02202602268	0.09566163419	-0.02077869343	0.00757382987	-0.0359259218	-0.02077869343	-0.238315862	0.03789253393	0.06033218801	0.06033218801	0.05756951342	-0.006961397069	0.1128595767	0.02108038921	-0.02664600212	0.07037025988	-0.02349046942	-0.02664600212	0.05607006168	-0.02930065917	0.07037025988	-0.02349046942	-0.2043666067	-0.02226315872	0.06033218801	0.005532703283	0.0617082761	-0.06520531399	-0.02055646872	-0.02202602268	-0.220060446	-0.08771906858	-0.1460961984	-0.2043666067	-0.220060446	-0.220060446	-0.02055646872	-0.02055646872	-0.06490725146	-0.3048528391	-0.02055646872	-0.009342772965	0.06328532229	-0.5076640065	0.1119433193	-0.3715411779	0.1119433193	-0.220060446	-0.01779320825	-0.02077869343	0.1010106135	-0.01928877346	0.1336405304	-0.220060446	0.05885665172	-0.03772553604	-0.01993239896	0.1150430477	-0.01993239896	0.0609706027	0.04310631706	0.1134851419	-0.04016656885	0.06328532229	-0.220060446	0.04631713179	-0.03338168259	0.06328532229	0.04368267769	0.06308106241	-0.2939729855	-0.229245692	0.2704887444	0.04947842157	-0.2264922024	0.05607006168	-0.278366748	0.2733193548	0.1175162397	0.0539741313	-0.2043666067	0.2733193548	-0.006961397069	0.04273022358	-0.009342772965	0.09218147702	0.04310631706	0.09218147702	0.2733193548	0.0539741313	-0.7175550979	0.0446223088	-0.002282264723	0.0446223088	0.0446223088	0.04592857811	0.2683564239	0.01564600291	-0.7175550979	0.05653217624	0.07458835965	-0.2967669659	-0.01179947025	-0.01293859135	0.03818283971	0.02802908914	0.03818283971	-0.7422783806	-0.6948437014	0.05394951881	-0.7422783806	-0.3836622987	-0.02154837989	0.1795013177	0.09511581877	0.09511581877	-0.035572243	-0.035572243	0.09511581877	0.008401078635	-0.7422783806	0.4467594578	0.1777737349	0.1795013177	0.2662487515	0.03923726198	0.09511581877	-0.7422783806	-0.1562251329	-0.3643567235	-0.035572243	0.09757297853	0.09541977657	0.1844610964	-0.004626347579	0.2662487515	0.1705510362	0.01052267584	0.09541977657	0.01052267584	0.1670136036	0.1670136036	0.02462920565	0.02462920565	1	0.06741725031	0.298780641	0.01080841837	-0.04870378366	-0.2530648748	-0.6141913955	0.07577449993	-0.5501856925	-0.5307000214	0.06762857776	-0.06917342683	-0.09315735787	-0.5903876757	-0.06074400229	0.2866385858	-0.5903876757	-0.01055308992	-0.06330888429	-0.05964070161	-0.4445248814	0.0606023157	0.09807395903	-0.4307736703	-0.5639764187	-0.06277297181	-0.1538897573	-0.4506142286	-0.4445248814	0.02137712419	-0.03338168259	-0.2862311346	-0.4908051818	0.02924942301	-0.1263372456	-0.2452984884	-0.03088801663
chr11_2113165_C_T	-0.04611773921	0.07657291157	0.114291075	0.08397683297	0.0297972323	0.04095760373	0.09687372634	0.1233827041	0.09687372634	0.09687372634	0.09687372634	0.01915522271	0.02776402308	0.1277339597	0.07846810416	0.01313002833	0.339078488	-0.01843093109	0.006732025399	0.006732025399	-0.07851383903	0.006732025399	0.04293732688	0.04293732688	0.2859953934	0.1029382466	0.4891354296	0.003845578893	-0.008828437651	-0.1536404459	-0.1536404459	-0.1536404459	0.0923921495	-0.04022951596	0.3922086268	0.0923921495	-0.03787276796	0.5906725144	0.5906725144	0.0923921495	0.0923921495	0.09258192178	0.0001493839478	0.0923921495	0.3987441855	0.3922086268	0.0923921495	-0.03787276796	0.02071876968	0.01771534208	0.01771534208	0.02050004424	0.5024844361	-0.1672295608	0.011526274	0.02402286651	0.6139305056	0.09375830161	0.02402286651	-0.05055030772	0.09845090419	0.6139305056	0.09375830161	-0.04246850296	0.09357867505	0.01771534208	0.06315568836	0.01633228748	0.4957089578	0.1096218358	0.1107629783	-0.04022951596	0.01942707395	0.2829039041	-0.04246850296	-0.04022951596	-0.04022951596	0.1096218358	0.1096218358	0.05851753033	0.3905262673	0.1096218358	0.5094732414	0.6681527423	-0.056285206	-0.1665043567	-0.05055030772	-0.1665043567	-0.04022951596	0.1085071383	0.1108068973	-0.1683287375	0.1096574874	0.1254455632	-0.04022951596	0.3044658433	0.004506548689	0.5550119087	-0.1698273612	0.5550119087	0.03612060489	0.3431122628	-0.1681564914	0.3311051832	0.6681527423	-0.04022951596	0.3326993147	0.1958593462	0.6681527423	0.3356901928	0.03291176643	0.549538953	0.3003646214	-0.1655937658	0.009514202887	0.2978168583	-0.05055030772	-0.04863851931	-0.1679555864	0.2860631243	-0.06707430314	-0.04246850296	-0.1679555864	0.667887218	0.340118681	0.6764899771	-0.06460898778	0.3265046529	-0.06460898778	-0.1679555864	-0.06707430314	-0.05595635198	0.3313813253	0.6367097163	0.01942707395	0.01942707395	0.3299083054	-0.1639758799	0.06679830283	-0.05595635198	0.7567853996	0.7373827066	-0.04716172202	0.1327780096	0.1339110996	0.7493764652	0.10504939	0.7493764652	-0.05420357071	-0.05766605026	0.001295108502	-0.05420357071	0.5755814106	0.01942707395	0.116337601	-0.06757507735	-0.06757507735	0.03207037368	0.03207037368	-0.06757507735	0.7258752332	-0.05420357071	0.1318202432	0.117453497	0.116337601	-0.1623754867	-0.035374594	-0.06757507735	-0.05420357071	0.2989099786	0.539225124	0.03207037368	0.3286429484	-0.06807612158	-0.1796662758	0.659554973	-0.1623754867	0.1118635379	0.1027375466	-0.08602628433	0.1027375466	0.1141114074	0.1141114074	0.8339065128	0.8339065128	0.06741725031	1	-0.2273645841	0.6544405836	0.0784590598	0.5639689841	-0.05240328233	-0.1025464345	0.08736347913	0.07203190988	0.02040182081	-0.2173397094	-0.2289020934	0.07483587519	0.08683695833	-0.2039916335	0.07483587519	0.009514202887	0.07308746643	-0.1084740008	-0.04863851931	0.5706922383	0.02585067239	-0.04460757419	0.07882724978	0.0874948445	-0.04022951596	0.09676961821	-0.04863851931	0.08401101427	0.1958593462	-0.04022951596	-0.04460757419	0.01008573574	0.4969655663	0.5236395168	-0.01490938479
chr11_2113931_G_A	-0.1897397226	-0.01748372837	0.2039184553	0.1075058732	0.2044453474	0.1855439077	0.1049189404	-0.07946286012	0.1049189404	0.1049189404	0.1049189404	0.1747462993	0.2056778757	-0.07178485974	0.288548717	0.1844317595	-0.09249487401	0.1433573465	0.1301347066	0.1301347066	0.0253747142	0.1301347066	0.1171445955	0.1171445955	-0.1000434534	0.5980137618	-0.2896966703	0.1833351243	0.04685581201	0.5515954575	0.5515954575	0.5515954575	0.5557674575	-0.1844676916	-0.2902329511	0.5557674575	-0.2114656206	-0.1868399081	-0.1868399081	0.5557674575	0.5557674575	0.5604003067	0.08627684728	0.5557674575	-0.2748413111	-0.2902329511	0.5557674575	-0.2114656206	0.1445757597	0.03030751324	0.03030751324	0.04557639671	-0.284460741	0.5860190537	-0.08398407069	0.08953158068	-0.1642523618	0.5546686046	0.08953158068	-0.2173755449	0.5483097495	-0.1642523618	0.5546686046	-0.2116910906	0.5581869482	0.03030751324	0.4095606975	0.03483132933	-0.2870807482	0.5498236161	0.5522414199	-0.2380103842	-0.2380103842	-0.2163890275	-0.2116910906	-0.2380103842	-0.2380103842	0.5498236161	0.5498236161	0.393369749	-0.3714484536	0.5498236161	-0.2693449004	-0.1802595529	-0.2521750794	0.5835800206	-0.2390009216	0.5835800206	-0.2380103842	0.5509576855	0.5475037001	0.6083570823	0.5533577274	0.6285781119	-0.2380103842	-0.1620618911	-0.138053858	-0.2923195143	0.5890859263	-0.2923195143	0.03880359496	-0.124120107	0.5892672773	-0.1562133556	-0.1802595529	-0.2380103842	-0.1311518856	0.1050968824	-0.1802595529	-0.1250406553	0.03128048366	-0.372873474	-0.2092843238	0.6330728729	-0.1883510555	-0.2011877198	-0.2173755449	-0.2155568183	0.6354055995	-0.0165976757	0.06534389071	-0.2116910906	0.6354055995	-0.3215736162	-0.130424952	-0.3193115833	0.08942138694	-0.1315728976	0.08942138694	0.6354055995	0.06534389071	-0.1842976327	-0.1270208444	-0.3068629658	-0.130924999	-0.130924999	-0.1300516546	0.6447924293	0.05843536576	-0.1842976327	-0.265499762	-0.2157613244	-0.2431554937	0.4313647994	0.4282790235	-0.2687793039	0.6190057902	-0.2687793039	-0.1809117035	-0.2068587274	-0.148332538	-0.1809117035	-0.3308083273	-0.2112390379	0.6876894472	0.1017644792	0.1017644792	-0.1823836472	-0.1823836472	0.1017644792	-0.2875635564	-0.1809117035	0.7276667571	0.6899648938	0.6876894472	0.6506325403	0.09001431081	0.1017644792	-0.1809117035	-0.1133285145	-0.3668329555	-0.1823836472	-0.09720857408	0.09701146753	0.5986762789	-0.3360988413	0.6506325403	0.6832826393	0.6146427261	0.08895619611	0.6146427261	0.6877072515	0.6877072515	-0.2998203541	-0.2998203541	0.298780641	-0.2273645841	1	-0.3576774532	0.6843656523	-0.3695487652	-0.2402890588	0.2390792192	-0.2919236729	-0.3162405473	0.006471971247	0.6681085196	0.6397022402	-0.3285507516	0.561946271	0.8251345374	-0.3285507516	0.05452451589	0.5600808598	0.1678336829	-0.2827810987	-0.2022867587	0.2470625698	-0.261213727	-0.3112848	0.4788006817	-0.1844676916	-0.2542528035	-0.2827810987	0.1435226632	0.0864999328	-0.2112390379	-0.2855012841	0.0991016421	-0.2986091482	-0.3125940583	0.1001393091
chr11_2114221_T_C	-0.005682425657	0.02347362264	0.01461451842	0.01084759586	0.03903955679	0.0493451368	0.02306796719	0.03623002455	0.02306796719	0.02306796719	0.02306796719	-0.0003888590473	0.03670254067	0.01936373962	0.02955875964	-0.00696880172	0.3176364651	-0.01643150955	0.012342821	0.012342821	-0.01771569087	0.012342821	0.01085165146	0.01085165146	0.4319236946	0.0225895189	0.6418743947	-0.04108810791	-0.03884856784	-0.2489786178	-0.2489786178	-0.2489786178	0.009962258689	-0.04641442108	0.4808655563	0.009962258689	-0.04369534551	0.5274022305	0.5274022305	0.009962258689	0.009962258689	0.01140753855	-0.04548565542	0.009962258689	0.4679917109	0.4808655563	0.009962258689	-0.04369534551	-0.02443580836	-0.02719644971	-0.02719644971	-0.02417784261	0.6320615065	-0.264587592	-0.03329002997	0.01220404826	0.5494928806	0.01295356153	0.01220404826	-0.05832193633	0.001657242656	0.5494928806	0.01295356153	-0.04899763102	0.01153035412	-0.02719644971	0.03735938612	-0.02869804258	0.650176239	0.02748423329	0.01140753855	-0.04641442108	0.4154007507	0.3123304281	-0.04899763102	-0.04641442108	-0.04641442108	0.02748423329	0.02748423329	0.03172208149	0.5168702586	0.02748423329	0.6406353455	0.5657479632	-0.02668102206	-0.2638612476	-0.01169126373	-0.2638612476	-0.04641442108	0.02470221141	0.02778135026	-0.2450080628	0.02624457781	0.03228190856	-0.04641442108	0.3146822692	-0.01127219648	0.668099867	-0.2682733316	0.668099867	-0.02748423329	0.3482693738	-0.2660541649	0.3350601904	0.5657479632	-0.04641442108	0.3529463883	-0.0609019015	0.5657479632	0.3563462687	-0.0301947316	0.629613429	0.3320145685	-0.2750407812	-0.05146556409	0.3139863962	-0.05832193633	-0.05611622865	-0.2779697421	0.2310868596	-0.1089104491	-0.04899763102	-0.2779697421	0.7387632058	0.3452307973	0.7483782099	-0.1062102543	0.3321989652	-0.1062102543	-0.2779697421	-0.1089104491	-0.02205054937	0.3516606358	0.7296769149	0.01131247539	0.01131247539	0.3499855266	-0.2728473787	0.01534155918	-0.02205054937	0.7228216022	0.6411248692	-0.0109075524	-0.01298076478	-0.01181783388	0.6522207792	0.02003954872	0.6522207792	-0.01878627259	-0.02515802784	-0.05611622865	-0.01878627259	0.5158991357	0.3576738542	0.02293183531	-0.0914942565	-0.0914942565	0.4160303207	0.4160303207	-0.0914942565	0.660040486	-0.01878627259	0.02897736121	0.02439597505	0.02293183531	-0.270679233	-0.04081310109	-0.0914942565	-0.01878627259	0.256623352	0.6404264059	0.4160303207	0.3642598533	-0.07453382315	-0.2933354929	0.782298021	-0.270679233	0.04997448164	0.05309747351	-0.07453382315	0.05309747351	0.05284820921	0.05284820921	0.7632911985	0.7632911985	0.01080841837	0.6544405836	-0.3576774532	1	0.003083093143	0.6933761658	-0.01534248387	-0.1278670288	0.03719238215	0.09066915871	0.1658772543	-0.3137605739	-0.3134458662	0.02610086508	0.06855509902	-0.3386647672	0.02610086508	0.0009055524474	0.07121446278	-0.06208431681	0.1371575316	0.701803384	-0.07578699627	0.05327666899	0.02965235906	0.06126878812	0.01131247539	0.007983085985	0.1371575316	-0.06163619716	-0.0609019015	0.1267662683	0.1056477855	-0.03720807673	0.6127849107	0.6448456402	0.01621560088
chr11_2114571_C_G	-0.01764480652	0.006037469186	0.1746017676	0.07088378278	0.2074198244	0.2092110636	0.07347089452	-0.1306116514	0.07347089452	0.07347089452	0.07347089452	0.1765463421	0.2051630961	-0.1157012908	0.4416882219	0.1790515281	0.07097241945	0.2009937495	0.2355942836	0.2355942836	0.1072192116	0.2355942836	0.1392637122	0.1392637122	0.02327769819	0.6922606674	-0.002806318553	0.1453820808	0.1584722306	0.3824898184	0.3824898184	0.3824898184	0.7223682085	0.0316036185	-0.1056772515	0.7223682085	0.02197809179	0.07041208131	0.07041208131	0.7223682085	0.7223682085	0.7199605496	0.1571271061	0.7223682085	-0.1143421765	-0.1056772515	0.7223682085	0.02197809179	0.136699003	0.1213021622	0.1213021622	0.1452780527	-0.01288841412	0.4082202006	-0.1437174282	0.1209754673	0.07901066514	0.7252820838	0.1209754673	0.04267614483	0.7166977115	0.07901066514	0.7252820838	0.008953618296	0.7277117716	0.1312836301	0.4306309719	0.1342970449	0.007320389973	0.7247296878	0.7199605496	-0.00142787433	-0.1335538456	0.1329275235	0.008953618296	-0.00142787433	-0.00142787433	0.7247296878	0.7247296878	0.4465961754	0.03931827096	0.7247296878	-0.002665018902	0.07828358339	0.07097241945	0.3992006541	0.04267614483	0.3992006541	-0.00142787433	0.7321702622	0.7223682085	0.4525339807	0.7272457521	0.6800649293	-0.00142787433	0.03682061567	-0.12278507	-0.00804567595	0.4072275166	-0.00804567595	0.1326728288	0.1134469082	0.4031915058	0.12072184	0.07828358339	-0.00142787433	0.1110840984	0.08226036077	0.07828358339	0.1053339291	0.1273607533	0.0492940619	0.1433381051	0.3681268272	-0.3112412371	0.1489148822	0.04267614483	0.03513759329	0.3737783706	0.1548558981	0.1173510374	0.008953618296	0.3737783706	0.002375339122	0.103341804	-0.002665018902	0.1316421459	0.1042513751	0.1316421459	0.3737783706	0.1173510374	0.1115236772	0.09835476026	-0.002742699055	-0.1996168313	-0.1996168313	0.1012132964	0.393109134	0.0652576964	0.1115236772	0.02957681534	0.07757797558	0.03981539519	0.4839869816	0.481936639	0.07288956317	0.7781602233	0.07288956317	0.1065577002	0.09264967499	-0.2689898298	0.1065577002	0.1146344343	-0.1665853385	0.7209145853	0.1493445952	0.1493445952	-0.1755269531	-0.1755269531	0.1493445952	0.0821673065	0.1065577002	0.6533738568	0.7166125749	0.7209145853	0.4035767468	0.04853626969	0.1493445952	0.1065577002	0.2067420887	0.05720236122	-0.1755269531	0.1330304179	0.1507447039	0.4162598352	0.007320389973	0.4035767468	0.7406018605	0.7989589063	0.1408058074	0.7989589063	0.751098155	0.751098155	0.08016052404	0.08016052404	-0.04870378366	0.0784590598	0.6843656523	0.003083093143	1	0.1469566866	0.07558878564	0.1840753984	0.1075342529	0.06025779182	0.1029657152	0.6812593118	0.6864402961	0.1015691514	0.8109815061	0.5908649201	0.1015691514	0.04836156847	0.8127340984	0.141265098	0.007489645735	0.1229576205	0.1635552191	0.04836156847	0.09683280128	0.7227111741	-0.00142787433	0.1193221125	0.007489645735	0.07758225225	0.05931474567	-0.00142787433	-0.01157223245	0.07178294775	0.1208102101	0.1380064323	0.1163237819
chr11_2114583_C_T	0.0988848939	0.009450791401	0.002549553394	-0.0341373928	0.004496470089	0.05078627086	-0.02310199612	-0.05126164454	-0.02310199612	-0.02310199612	-0.02310199612	0.01121405102	0.001765936212	-0.04747300137	0.09947632672	0.003544961862	0.2808397787	0.08559645997	0.1219328701	0.1219328701	-0.04544179715	0.1219328701	-0.05129351728	-0.05129351728	0.2638743737	0.0590753038	0.4060043069	-0.03971534526	-0.04463716176	-0.1516687289	-0.1516687289	-0.1516687289	0.0448872062	-0.05273872651	0.322854145	0.0448872062	-0.04964915694	0.4138780423	0.4138780423	0.0448872062	0.0448872062	0.04610342946	-0.0486837203	0.0448872062	0.3106478228	0.322854145	0.0448872062	-0.04964915694	-0.02458947965	-0.02777256593	-0.02777256593	-0.02432989162	0.3943445311	-0.1695314209	0.00457741428	0.07175359158	0.4332719809	0.04779453151	0.07175359158	-0.06626872809	0.05451096321	0.4332719809	0.04779453151	-0.05567391776	0.0465997871	-0.02777256593	0.01602922068	-0.02948494368	0.4124446055	0.04440714492	0.04610342946	-0.05273872651	0.1077905551	0.2310872581	-0.05567391776	-0.05273872651	-0.05273872651	0.04440714492	0.04440714492	0.05870282359	0.3938269104	0.04440714492	0.4009266791	0.4781157272	0.1035264541	-0.1685041729	-0.0230445765	-0.1685041729	-0.05273872651	0.04144519776	0.0448872062	-0.1673613121	0.04316907985	0.05294526626	-0.05273872651	0.1894565117	0.04865903138	0.4414487211	-0.1724593943	0.4414487211	-0.02806644578	0.2217719648	-0.1704711105	0.2678958037	0.4781157272	-0.05273872651	0.2126093431	0.005141812936	0.4781157272	0.2161626236	-0.03119162008	0.6042712209	0.3194244358	-0.2260848363	-0.05847812482	0.316136299	-0.06626872809	-0.06376247655	-0.2292029202	0.1915599123	-0.1019061385	-0.05567391776	-0.2292029202	0.5179780261	0.2198370514	0.5257665549	-0.09873814322	0.2068755514	-0.09873814322	-0.2292029202	-0.1019061385	0.3206759568	0.2125805028	0.4916767432	0.0007710340133	0.0007710340133	0.2108257667	-0.2239288567	0.001045647706	0.3206759568	0.6195763014	0.5225324177	-0.06182647491	0.0916643299	0.09307816496	0.5886896995	0.05293563359	0.5886896995	0.3344866421	0.3079144342	-0.06376247655	0.3344866421	0.6629908889	0.0007710340133	0.05774782066	-0.1023831894	-0.1023831894	0.01412146252	0.01412146252	-0.1023831894	0.5678217445	0.3344866421	-0.06810122765	0.05936114729	0.05774782066	-0.2217963528	-0.04637418557	-0.1023831894	0.3344866421	0.3231471617	0.6131911617	0.01412146252	0.2108238391	-0.1028677384	-0.2447537502	0.5594084372	-0.2217963528	0.0818903871	0.08306231602	-0.1028677384	0.08306231602	0.08506670837	0.08506670837	0.6631824247	0.6631824247	-0.2530648748	0.5639689841	-0.3695487652	0.6933761658	0.1469566866	1	0.4331581985	-0.1096331671	0.4195622344	0.3725140996	0.1390355049	-0.2138200078	-0.2281168665	0.3870148481	0.1326485124	-0.3434700222	0.3870148481	-0.00993288723	0.1355833018	-0.1086205557	-0.01897385436	0.6049808126	-0.08831774223	-0.00993288723	0.3972999289	0.1178991964	-0.05273872651	0.4444937416	-0.01897385436	-0.05733370833	0.005141812936	0.0007710340133	-0.00993288723	-0.01696224921	0.5208976506	0.5724759861	0.03945637223
chr11_2114811_T_C	0.2616382812	-0.04394233788	-0.09269127857	-0.05729379021	-0.1190862869	-0.1019132629	-0.05824274038	-0.0008309894358	-0.05824274038	-0.05824274038	-0.05824274038	-0.06452576492	-0.1211119569	0.001956412755	0.103436278	-0.06838155429	-0.04852761473	0.05501771635	0.1086659059	0.1086659059	0.08315626554	0.1086659059	-0.002812328538	-0.002812328538	0.05368325174	0.08137675479	0.09357205188	-0.06912320952	-0.08925894316	-0.01417039257	-0.01417039257	-0.01417039257	0.04472930786	0.05446801955	0.02670856553	0.04472930786	0.06176839877	-0.008207410576	-0.008207410576	0.04472930786	0.04472930786	0.04533618582	-0.082302794	0.04472930786	0.02969372163	0.02670856553	0.04472930786	0.06176839877	-0.06941032766	-0.07072782694	-0.07072782694	-0.06867757159	0.05769990895	-0.02600093697	-0.02340531121	0.01112918331	-0.004084165886	0.04641866661	0.01112918331	-0.04358313724	0.02381044585	-0.004084165886	0.04641866661	0.04808798775	0.04582428318	-0.07072782694	0.01214992363	-0.07175038282	0.05539273894	0.04425093527	0.04533618582	0.05446801955	0.1436208629	0.0657645247	0.04808798775	0.05446801955	0.05446801955	0.04425093527	0.04425093527	0.08993565806	0.1944057337	0.04425093527	0.06006116695	-0.04919154365	0.246894882	-0.02519366333	0.02843280858	-0.02519366333	0.05446801955	0.04253031184	0.04472930786	-0.0148626684	0.04363135979	0.03343898194	0.05446801955	-0.04061162199	0.05985023763	0.02749771475	-0.02710495896	0.02749771475	-0.07147624474	-0.04877966441	-0.02614505661	0.04346299267	-0.04919154365	0.05446801955	-0.05097480883	0.07835049537	-0.04919154365	-0.04895167485	-0.07277135708	0.3116317629	0.2149893358	-0.1615149372	-0.03845946969	0.2128233917	-0.04358313724	0.03268767317	-0.163596772	-0.08448752906	-0.06629673593	0.04808798775	-0.163596772	0.01650264886	-0.04835407218	0.01846191559	-0.06420992062	-0.04877966441	-0.06420992062	-0.163596772	-0.06629673593	0.7395534518	-0.02539806926	0.05193219028	-0.03468482377	-0.03468482377	-0.02642081038	-0.1600471083	-0.04703827042	0.7395534518	-0.04394233788	-0.01172875532	0.02652684572	0.0544142729	0.05533901344	-0.009856793375	0.06702917884	-0.009856793375	0.7640826515	0.7170460938	-0.04193484387	0.7640826515	0.419972378	0.05446801955	0.05233736315	-0.03945519114	-0.03945519114	0.07029302223	0.07029302223	-0.03945519114	-0.01355636854	0.7640826515	-0.2320358865	0.0533756092	0.05233736315	-0.1585954938	-0.03049903857	-0.03945519114	0.7640826515	0.2268224067	0.4097251139	0.07029302223	-0.02518819175	-0.04012204381	-0.154135354	0.01458322639	-0.1585954938	0.04758930522	0.06492591963	-0.04012204381	0.06492591963	0.04970049699	0.04970049699	-0.04866888207	-0.04866888207	-0.6141913955	-0.05240328233	-0.2402890588	-0.01534248387	0.07558878564	0.4331581985	1	-0.03036966948	0.77999381	0.7551330997	-0.0525675467	0.1146911922	0.1083795904	0.7319432076	0.0960686586	-0.2274962869	0.7319432076	-0.03845946969	0.09798477102	0.0100928842	0.1819327073	-0.07161249345	-0.06856997451	0.1233033907	0.747056711	0.09941393867	-0.03468482377	0.6437736461	0.1819327073	-0.006227404657	0.07835049537	0.1436208629	0.2041848209	0.0003140097415	0.1396471745	0.1184489571	0.01417887756
chr11_2115390_C_T	-0.02160576587	0.1508227872	-0.1349170985	-0.1758499459	-0.0367191328	-0.06045756268	-0.1786438791	-0.07300807278	-0.1786438791	-0.1786438791	-0.1786438791	-0.146994981	-0.04207840254	-0.08919098702	0.052112161	-0.1339424482	-0.03406534404	-0.0343365086	-0.03310859539	-0.03310859539	0.3927522255	-0.03310859539	0.08678285988	0.08678285988	-0.03020951979	0.04795257041	-0.05175927329	-0.0403177817	-0.0743526613	0.1165950413	0.1165950413	0.1165950413	0.03033562766	-0.03640535083	-0.1305696982	0.03033562766	-0.02657016888	-0.04212803595	-0.04212803595	0.03033562766	0.03033562766	0.02342589632	-0.06159964229	0.03033562766	-0.1235812668	-0.1305696982	0.03033562766	-0.02657016888	-0.02319501975	-0.1285917839	-0.1285917839	-0.132178	-0.04227491909	0.1607273748	-0.1189826216	-0.1045073851	-0.04915415283	0.02682192965	-0.1045073851	-0.07511874111	0.03040693159	-0.04915415283	0.02682192965	-0.04534120806	0.03375945575	-0.1384812673	0.1328768558	-0.1416209666	-0.04705769198	0.03001119311	0.0333998669	-0.03640535083	-0.003678260835	-0.1635166927	-0.04534120806	-0.03640535083	-0.03640535083	0.03001119311	0.03001119311	0.1284522871	-0.07641215227	0.03001119311	-0.03740650718	-0.04500095664	-0.07744396563	0.1706587224	-0.07511874111	0.1706587224	-0.03640535083	0.04373821909	0.04043779925	0.217728347	0.03702202911	0.05965368088	-0.03640535083	-0.1928162391	-0.08321699212	-0.03382004467	0.174270467	-0.03382004467	-0.1399466289	-0.1523628881	0.1688424742	-0.150975043	-0.04500095664	-0.03640535083	-0.1496986159	-0.1109191101	-0.04500095664	-0.1527033984	-0.1349023374	-0.07331591007	-0.1652711523	0.24128643	-0.02387238131	-0.1453963889	-0.07511874111	-0.04097132122	0.258431555	-0.1639645872	-0.1441870942	-0.04534120806	0.258431555	-0.0573980087	-0.1690961574	-0.0679478201	-0.1479754946	-0.1614736794	-0.1479754946	0.258431555	-0.1441870942	-0.0211824373	-0.1809499983	-0.07959960878	-0.03640535083	-0.03640535083	-0.1750124237	0.2641975154	-0.004988320799	-0.0211824373	-0.1057238165	-0.08537621115	-0.04541905509	0.23424937	0.2370297497	-0.06334551022	0.1457800657	-0.06334551022	-0.01322376921	-0.00527251619	-0.04097132122	-0.01322376921	-0.05471111571	-0.03640535083	0.1537000531	-0.1457842711	-0.1457842711	-0.05256733516	-0.05256733516	-0.1457842711	-0.07334155372	-0.01322376921	0.152580839	0.1567490885	0.1537000531	0.2585363644	0.2434304791	-0.1457842711	-0.01322376921	-0.1663284218	-0.08129246454	-0.05256733516	-0.179454714	-0.1473690231	0.258504351	-0.09199994643	0.2585363644	0.1591856159	0.1496255559	-0.1572163274	0.1496255559	0.1653167362	0.1653167362	-0.1241405536	-0.1241405536	0.07577449993	-0.1025464345	0.2390792192	-0.1278670288	0.1840753984	-0.1096331671	-0.03036966948	1	0.02836846644	0.02516606953	-0.065095229	0.2802840464	0.2692379521	0.02614570184	0.2117470042	0.2724773818	0.02614570184	-0.1129445997	0.2087023582	-0.2077076509	-0.06836447818	-0.1323397838	-0.1491311033	-0.05356312079	0.03339519578	0.2495699365	-0.06913244082	0.02299620193	-0.06836447818	-0.1599394816	-0.1109191101	-0.1018595308	-0.08325386027	-0.03907644186	-0.1338040118	-0.1627425344	-0.1225522032
chr11_2115704_C_T	0.2820335319	-0.00072943702	-0.05339644778	-0.03838322002	-0.120387837	-0.10795051	-0.0394653496	-0.03671127075	-0.0394653496	-0.0394653496	-0.0394653496	-0.01759869887	-0.1227197245	-0.03377524176	0.1195782748	-0.02305980961	-0.05671086162	0.003732059071	0.07059879041	0.07059879041	0.1021394114	0.07059879041	0.02739319412	0.02739319412	-0.05687595098	0.07182136986	0.1780840769	-0.03517037615	-0.04181513178	-0.07795654839	-0.07795654839	-0.07795654839	0.03911556447	0.03050267104	0.08497960022	0.03911556447	0.03707511231	0.05040011971	0.05040011971	0.03911556447	0.03911556447	0.03999174222	-0.03308563922	0.03911556447	0.08892557378	0.08497960022	0.03911556447	0.03707511231	-0.01431294202	-0.05975784717	-0.05975784717	-0.05726850182	0.1856024653	-0.07612851493	-0.04431805213	-0.01015490427	0.05706537994	0.04128246519	-0.01015490427	-0.0509325933	0.0464103633	0.05706537994	0.04128246519	0.02470130954	0.04042230035	-0.05975784717	0.01744447539	-0.06099806514	0.1817939983	0.03869722995	0.03999174222	0.03050267104	0.3146483583	0.1188615201	0.02470130954	0.03050267104	0.03050267104	0.03869722995	0.03869722995	0.07783613828	0.2620856264	0.03869722995	0.1895149987	0.07204508198	0.1786799157	-0.07525556397	0.006449256944	-0.07525556397	0.03050267104	0.05851054049	0.03911556447	-0.05519126033	0.03780477118	0.03628884516	0.03050267104	0.02704258329	0.09102287369	0.2121379946	-0.06211423323	0.2121379946	-0.06039018438	0.06428496504	-0.0765504849	0.1340266135	0.07204508198	0.03050267104	0.05933235554	0.04550646325	0.07204508198	0.06189218048	-0.06223548856	0.4733438981	0.2983454282	-0.214639345	-0.04494491798	0.29578139	-0.0509325933	0.01045240269	-0.2171351307	-0.0770865438	-0.07601466319	0.02470130954	-0.2171351307	0.2184281817	0.06372409235	0.2226610191	-0.07356926311	0.06428496504	-0.07356926311	-0.2171351307	-0.07601466319	0.6759512582	0.04086214922	0.2055350449	-0.04053375078	-0.04053375078	0.05883461735	-0.2128232701	-0.006801888982	0.6759512582	-0.00072943702	0.07964827905	0.006016937916	0.0355797086	0.03663605488	0.1950547252	0.05468613939	0.1950547252	0.6991146561	0.6546762286	-0.04900634703	0.6991146561	0.5495450479	0.03050267104	0.02804002519	-0.0764109471	-0.0764109471	0.04466836312	0.04466836312	-0.0764109471	0.1855153518	0.6991146561	-0.2313782198	0.02930593721	0.02804002519	-0.2110277079	-0.03564211358	-0.0764109471	0.6991146561	0.2751098152	0.5197106929	0.04466836312	0.04052448395	-0.07681181412	-0.1981626661	0.1817939983	-0.2110277079	0.04296255166	0.05211766814	-0.07681181412	0.05211766814	0.04547459074	0.04547459074	0.1062311151	0.1062311151	-0.5501856925	0.08736347913	-0.2919236729	0.03719238215	0.1075342529	0.4195622344	0.77999381	0.02836846644	1	0.9443100041	-0.01298450153	0.1059846239	0.09826913159	0.9391696982	0.1109957561	-0.2853026929	0.9391696982	-0.04494491798	0.1132370051	-0.05975784717	0.0699111524	-0.01599641477	-0.07862111829	0.01950089416	0.9582973157	0.1235374074	-0.04053375078	0.8628897535	0.0699111524	-0.005227775759	0.04550646325	0.03050267104	0.08394670631	0.02351889179	0.182872492	0.1993784364	-0.007189407262
chr11_2115906_C_T	0.2774305758	-0.007048918218	-0.07492965586	-0.04932675827	-0.1391378674	-0.1284644182	-0.05045679354	-0.02427930488	-0.05045679354	-0.05045679354	-0.05045679354	-0.03887368764	-0.1415807875	-0.02111399769	0.09558559227	-0.04419016956	-0.05875060991	0.0078710779	0.06235286111	0.06235286111	0.123285233	0.06235286111	0.03035121199	0.03035121199	0.0154267559	0.0653613837	0.2405632964	-0.05015298603	-0.03994120008	-0.1072804496	-0.1072804496	-0.1072804496	0.03416193423	0.02276880509	0.131900658	0.03416193423	0.0290557778	0.07328960494	0.07328960494	0.03416193423	0.03416193423	0.01541382386	-0.04962229176	0.03416193423	0.1363617396	0.131900658	0.03416193423	0.0290557778	-0.0112170574	-0.05301203504	-0.05301203504	-0.05039688727	0.2494088341	-0.1072996379	-0.05043163232	-0.01668999708	0.08084339903	0.03649991675	-0.01668999708	-0.05276451168	0.02230997189	0.08084339903	0.03649991675	0.01719953863	0.03552877849	-0.05301203504	0.01470946857	-0.05431443099	0.2449256732	0.03379657797	0.0351503437	0.02276880509	0.411331528	0.1507394965	0.01719953863	0.02276880509	0.02276880509	0.03379657797	0.03379657797	0.06911129934	0.3023367641	0.03379657797	0.2540195569	0.05853347174	0.1558437231	-0.1064390818	-0.000452267243	-0.1064390818	0.02276880509	0.05148989444	0.03416193423	-0.08322752816	0.0327906046	0.03412691749	0.02276880509	0.06403361828	0.07245849571	0.2492118995	-0.09501178591	0.2492118995	-0.07334940277	0.07315293801	-0.1078943851	0.1533982186	0.05853347174	0.02276880509	0.08556677454	0.03487419497	0.05853347174	0.08825830152	-0.05561356428	0.4973881351	0.3167808698	-0.2474621156	-0.04656147461	0.3141192363	-0.05276451168	0.003436669628	-0.2501086504	-0.08995121889	-0.06693706753	0.01719953863	-0.2501086504	0.2494088341	0.0903858581	0.2540195569	-0.08443005418	0.09118139646	-0.08443005418	-0.2501086504	-0.06693706753	0.6569109172	0.08618008278	0.263815921	-0.04199164873	-0.04199164873	0.1023743061	-0.2454830515	-0.01303465347	0.6569109172	-0.007048918218	0.09778344029	-0.000421949993	-0.01269430775	-0.01164301679	0.1695830612	0.0474667957	0.1695830612	0.6796407607	0.6824428158	-0.05076898314	0.6796407607	0.5453843353	0.2170501665	0.02561711716	-0.06749926114	-0.06749926114	0.1827214054	0.1827214054	-0.06749926114	0.1605208768	0.6796407607	-0.2265108609	0.0269340086	0.02561711716	-0.2435267547	-0.03692407153	-0.06749926114	0.6796407607	0.2631664466	0.5384033907	0.1827214054	0.0680735785	-0.06806016453	-0.2349647385	0.2152817218	-0.2435267547	0.03839128902	0.04476300031	-0.06806016453	0.04476300031	0.04101535567	0.04101535567	0.08977514892	0.08977514892	-0.5307000214	0.07203190988	-0.3162405473	0.09066915871	0.06025779182	0.3725140996	0.7551330997	0.02516606953	0.9443100041	1	-0.01947433202	0.09091035075	0.08268869851	0.9243343493	0.1047012172	-0.3049643289	0.9243343493	-0.04656147461	0.1070394111	-0.05301203504	0.1118479752	-0.0249869895	-0.08990661263	0.01219064063	0.9432997341	0.1203568229	-0.04199164873	0.8213884855	0.1118479752	-0.01688262722	0.03487419497	0.0875292589	0.1296948711	0.01357171628	0.2261415703	0.1939200301	-0.01377726578
chr11_2116314_C_T	0.03277632957	-0.05112669189	-0.05665226188	-0.07267856924	0.07316567754	0.07067033915	-0.07378832137	-0.08484127015	-0.07378832137	-0.07378832137	-0.07378832137	-0.02119502184	0.07120760474	-0.08235243281	0.04913235748	-0.02657143607	0.09821353474	0.02873257387	0.0670494753	0.0670494753	0.09675190197	0.0670494753	-0.009065136457	-0.009065136457	0.1220032965	0.06281485144	0.09710906586	0.1451541694	0.1490894203	-0.1133575827	-0.1133575827	-0.1133575827	0.02802811524	-0.0403556202	0.04947651768	0.02802811524	-0.03799148469	0.0618645259	0.0618645259	0.02802811524	0.02802811524	0.02903896567	0.1596125837	0.02802811524	0.05310628198	0.04947651768	0.02802811524	-0.03799148469	0.1419004185	0.1841395967	0.1841395967	0.1876113381	0.06713355751	-0.1270287062	-0.0006884485116	-0.005169057264	0.06886021977	0.03034534115	-0.005169057264	0.07497652922	0.01204689019	0.06886021977	0.03034534115	-0.04260162558	0.02935160428	0.1841395967	-0.110273975	0.1824235817	0.06444917665	0.02772835916	0.02903896567	-0.0403556202	0.03744104763	0.1685261331	-0.04260162558	-0.0403556202	-0.0403556202	0.02772835916	0.02772835916	-0.1163256044	0.02504206193	0.02772835916	0.06988086946	0.03733844758	-0.05646163873	-0.1262385038	-0.05070876372	-0.1262385038	-0.0403556202	0.02536740085	0.02802811524	-0.1236456084	0.02670010261	0.04654206964	-0.0403556202	0.1858705166	0.03115853924	0.0449627638	-0.1292432739	0.0449627638	0.1860880992	0.1959167404	-0.127732809	0.1858779288	0.03733844758	-0.0403556202	0.1883894946	-0.05295194788	0.03733844758	0.1911507249	0.1807204172	0.00187112275	0.1619018381	-0.1255481217	-0.04474740198	0.15944331	0.07497652922	-0.04879098258	-0.127818802	0.198053521	0.195008102	-0.04260162558	-0.127818802	0.03118395187	0.1942074083	0.03358047769	0.1986804399	0.1959167404	0.1986804399	-0.127818802	0.195008102	-0.05613175387	0.2092420224	0.06042284548	-0.0403556202	-0.0403556202	0.2078622833	-0.1240829931	-0.05472879402	-0.05613175387	0.004313814628	0.05361619337	-0.04730955609	-0.1431631875	-0.1422666293	0.05667397394	0.02133945178	0.05667397394	-0.0543734783	-0.05784681141	0.0163262134	-0.0543734783	0.04488645836	-0.0403556202	0.03822225679	0.2148424331	0.2148424331	-0.0354854799	-0.0354854799	0.2148424331	0.05064895963	-0.0543734783	0.05681981498	0.03946624476	0.03822225679	-0.1226329613	0.05246781672	0.2148424331	-0.0543734783	0.1951975299	-0.001671957218	-0.0354854799	0.2075129464	0.2108101459	-0.1386704406	0.02883792777	-0.1226329613	0.0322769367	0.01862750717	0.2108101459	0.01862750717	0.03481513503	0.03481513503	0.03268864695	0.03268864695	0.06762857776	0.02040182081	0.006471971247	0.1658772543	0.1029657152	0.1390355049	-0.0525675467	-0.065095229	-0.01298450153	-0.01947433202	1	-0.2313116278	-0.2430711631	-0.02023240371	0.1257171995	-0.1937111187	-0.02023240371	0.02583145478	0.1279244509	-0.09796389138	-0.04879098258	0.6950875878	-0.07150213275	-0.04474740198	-0.01789522768	0.1358165524	-0.0403556202	-0.007705445326	-0.04879098258	-0.02969383451	-0.05295194788	-0.0403556202	-0.04474740198	-0.06302266365	0.5346895963	0.532283328	-0.002088912634
chr11_2116492_C_G	-0.09343275623	-0.004798117208	0.187785251	0.1289799972	0.05383528303	0.03870841539	0.1261430732	-0.04725598838	0.1261430732	0.1261430732	0.1261430732	0.1752031907	0.0479837418	-0.03844480136	0.2485462359	0.1776127973	-0.08574831907	0.05824894458	0.08537432291	0.08537432291	0.02124209514	0.08537432291	0.1349135341	0.1349135341	-0.09620299457	0.5450684461	-0.1486758058	-0.105417985	-0.1087021934	0.5349988907	0.5349988907	0.5349988907	0.5249130273	-0.0583250953	-0.2100139446	0.5249130273	-0.07809535657	-0.1273785281	-0.1273785281	0.5249130273	0.5249130273	0.5221330364	-0.1083836442	0.5249130273	-0.212758504	-0.2100139446	0.5249130273	-0.07809535657	-0.1252224626	-0.173624106	-0.173624106	-0.1580629802	-0.1527146588	0.5756709565	-0.1272879849	0.06693331685	-0.1328193777	0.5249735862	0.06693331685	-0.007601127654	0.5194109956	-0.1328193777	0.5249735862	-0.09425788229	0.5277544125	-0.173624106	0.5108737073	-0.1686329189	-0.1313372248	0.5192991689	0.5221330364	-0.114622197	-0.0583250953	-0.2297205365	-0.09425788229	-0.114622197	-0.114622197	0.5192991689	0.5192991689	0.5262547377	-0.1297452	0.5192991689	-0.1351279223	-0.1454530245	-0.02978342869	0.5731689274	-0.07581469565	0.5731689274	-0.114622197	0.5192508034	0.5162241554	0.6163998337	0.5220785386	0.5238298613	-0.114622197	-0.280412705	-0.1140624444	-0.1475120663	0.5783805837	-0.1475120663	-0.1754613373	-0.2463543403	0.5788618221	-0.2330858893	-0.1454530245	-0.114622197	-0.2442506094	0.1233513284	-0.1454530245	-0.2530786083	-0.1721396083	-0.1238934694	-0.1918117514	0.5515694636	-0.2037071515	-0.176252932	-0.007601127654	-0.06789866915	0.559666063	-0.2384576696	-0.1490035661	-0.09425788229	0.559666063	-0.1917367402	-0.2519727681	-0.2007993355	-0.1417868548	-0.2385181541	-0.1417868548	0.559666063	-0.1490035661	0.1307586724	-0.254192095	-0.1952146838	-0.1427707479	-0.1427707479	-0.2498191018	0.570590429	0.09268475974	0.1307586724	-0.2856324955	-0.1915965777	-0.07073253877	0.5209116868	0.517854972	-0.2022026114	0.5810812228	-0.2022026114	0.1228980459	0.1181396483	-0.1857028601	0.1228980459	-0.1061211661	-0.0583250953	0.5699945832	-0.1252406643	-0.1252406643	-0.06896607873	-0.06896607873	-0.1252406643	-0.1957257169	0.1228980459	0.5023128721	0.5646051134	0.5699945832	0.5772670608	0.026504251	-0.1252406643	0.1228980459	-0.1712581032	-0.1102602815	-0.06896607873	-0.229409868	-0.1275086657	0.5680877191	-0.2086468381	0.5772670608	0.5783871299	0.5846368783	-0.1359783263	0.5846368783	0.5838715712	0.5838715712	-0.2577830484	-0.2577830484	-0.06917342683	-0.2173397094	0.6681085196	-0.3137605739	0.6812593118	-0.2138200078	0.1146911922	0.2802840464	0.1059846239	0.09091035075	-0.2313116278	1	0.972599898	0.1110519624	0.8239386322	0.8648807021	0.1110519624	0.0005887489929	0.8219119813	0.2516728359	0.04990552183	-0.3707730989	0.3041855293	0.02612573656	0.1037442613	0.7324152302	-0.1427707479	0.09037328708	0.04990552183	0.1751674497	0.1233513284	0.02612055728	0.05166272413	-0.2994131755	-0.2430690459	-0.2541313873	0.07779077235
chr11_2116493_T_A	-0.01450802892	-0.01234529782	0.1662937958	0.1159289619	0.04659648904	0.03075021663	0.1128914077	-0.04387439698	0.1128914077	0.1128914077	0.1128914077	0.15794149	0.04035223506	-0.03444464781	0.2697055673	0.1598616781	-0.07617620264	0.05386073017	0.07535313423	0.07535313423	0.08341716597	0.07535313423	0.1619488529	0.1619488529	-0.1056623432	0.5223589005	-0.1362511623	-0.1102141785	-0.1094293958	0.5198631747	0.5198631747	0.5198631747	0.5529617806	0.07750414271	-0.1992444549	0.5529617806	0.06625866115	-0.1386880816	-0.1386880816	0.5529617806	0.5529617806	0.5500730021	-0.1160212309	0.5529617806	-0.2014389545	-0.1992444549	0.5529617806	0.06625866115	-0.130414279	-0.1797452931	-0.1797452931	-0.1636135865	-0.1394638211	0.559029932	-0.1260137925	0.05902475319	-0.1437496878	0.5531049408	0.05902475319	-0.01512102529	0.5481044078	-0.1437496878	0.5531049408	0.0607652144	0.5559951849	-0.1711363743	0.5308447517	-0.1662919102	-0.1313112791	0.5470479454	0.5500730021	0.04901480211	-0.03645321966	-0.1803792237	0.0607652144	0.04901480211	0.04901480211	0.5470479454	0.5470479454	0.54576677	-0.05693332047	0.5470479454	-0.1345036495	-0.1555977121	0.09375114082	0.5503419233	0.07693153218	0.5503419233	0.04901480211	0.546916108	0.5441677141	0.5934517778	0.5499354738	0.495044576	0.04901480211	-0.2779235727	-0.1136973132	-0.1455614145	0.5550856874	-0.1455614145	-0.1729472812	-0.2428457856	0.5558397941	-0.2305867611	-0.1555977121	0.04901480211	-0.2413820956	0.117088266	-0.1555977121	-0.2499483049	-0.1700472477	-0.1160615192	-0.1838406277	0.5224142702	-0.2127280451	-0.1684442073	-0.01512102529	0.09105493654	0.5302339091	-0.2400076117	-0.1451056797	0.0607652144	0.5302339091	-0.1921231747	-0.2485888684	-0.2009701354	-0.1373682074	-0.2349147279	-0.1373682074	0.5302339091	-0.1451056797	0.1450983048	-0.25131033	-0.1963043565	-0.150410582	-0.150410582	-0.2470668758	0.541947998	0.08579014815	0.1450983048	-0.2965796903	-0.2037972855	0.07177450936	0.5347638404	0.5318262206	-0.214315781	0.6001327656	-0.214315781	0.1380130269	0.1315151708	-0.1950980867	0.1380130269	-0.1081435389	-0.03645321966	0.5409815123	-0.1213284229	-0.1213284229	-0.04279026482	-0.04279026482	-0.1213284229	-0.2081893648	0.1380130269	0.4688484235	0.5357749189	0.5409815123	0.5489846762	0.05383590801	-0.1213284229	0.1380130269	-0.1688937921	-0.1028944333	-0.04279026482	-0.2262773129	-0.1238893077	0.5750758154	-0.2095568668	0.5489846762	0.5478339729	0.6033757812	-0.132461509	0.6033757812	0.5539064562	0.5539064562	-0.2691986194	-0.2691986194	-0.09315735787	-0.2289020934	0.6397022402	-0.3134458662	0.6864402961	-0.2281168665	0.1083795904	0.2692379521	0.09826913159	0.08268869851	-0.2430711631	0.972599898	1	0.1027112752	0.8431391661	0.8378791315	0.1027112752	0.01988739077	0.8414258905	0.242091728	0.06720885128	-0.3874668999	0.2955755387	0.04573355032	0.09553990341	0.7552741344	0.07750414271	0.08294891859	0.06720885128	0.1754047742	0.117088266	0.07750414271	0.07157970987	-0.2948601045	-0.2623857547	-0.2614671616	0.07025911137
chr11_2116519_C_T	0.2575879331	-0.007323309418	-0.06124365012	-0.02002183019	-0.1445540469	-0.1334651155	-0.02116651886	-0.001045210705	-0.02116651886	-0.02116651886	-0.02116651886	-0.02291277451	-0.1470920619	0.002460757583	0.1177832772	-0.02872492077	-0.0610375779	-0.01012951503	0.06478005289	0.06478005289	0.08110201756	0.06478005289	0.03153268483	0.03153268483	-0.06121526264	0.02656661102	0.1583813051	-0.05210527681	-0.02219423038	-0.1114565246	-0.1114565246	-0.1114565246	0.03549174596	0.09093648503	0.06542188554	0.03549174596	0.1014441557	0.03908578586	0.03908578586	0.03549174596	0.03549174596	0.01601383332	-0.05155392435	0.03549174596	0.06944736702	0.06542188554	0.03549174596	0.1014441557	-0.01165370055	-0.05507561919	-0.05507561919	-0.05235867232	0.1658459515	-0.1114764598	-0.05239476987	-0.01733968377	0.04579291286	0.03792073845	-0.01733968377	-0.05481846056	0.04348881389	0.04579291286	0.03792073845	0.08179239878	0.03691179697	-0.05507561919	-8.859165098e-05	-0.05642871313	0.1620661453	0.03511216758	0.03651863096	0.09093648503	0.2927805808	0.1566072892	0.08179239878	0.09093648503	0.09093648503	0.03511216758	0.03511216758	0.07180157489	0.3141057398	0.03511216758	0.1697260371	0.06081198726	0.2956788774	-0.1105824051	0.1082273036	-0.1105824051	0.09093648503	0.05349422666	0.03549174596	-0.08646730206	0.03406703497	-0.004167861075	0.09093648503	0.01612317083	0.07527906661	0.1916149394	-0.0987102822	0.1916149394	-0.07620465374	0.0385400472	-0.1120943586	0.1408926544	0.06081198726	0.09093648503	0.05217442923	0.03623173267	0.06081198726	0.05491033961	-0.05777841741	0.4365326163	0.2938917829	-0.242383266	-0.04837395966	0.2911511036	-0.05481846056	0.1162018489	-0.2450970825	-0.09345272396	-0.06954270739	0.08179239878	-0.2450970825	0.1969364675	0.05677062305	0.2011199256	-0.08771663847	0.05727029423	-0.08771663847	-0.2450970825	-0.06954270739	0.6329380813	0.03486868065	0.1846144416	-0.04362624548	-0.04362624548	0.05173673877	-0.2403844038	0.0320801953	0.6329380813	-0.007323309418	0.0666871841	0.1516777909	0.03272854147	0.0338606458	0.176184372	0.02831803222	0.176184372	0.6551051317	0.6607866272	-0.05274525265	0.6551051317	0.5378315719	0.09093648503	-0.03220839733	-0.09062720195	-0.09062720195	0.03770378011	0.03770378011	-0.09062720195	0.2012357702	0.6551051317	-0.2730111	-0.0307468573	-0.03220839733	-0.2384083062	-0.03836140418	-0.09062720195	0.6551051317	0.2377573265	0.4801377872	0.03770378011	0.01650908431	-0.09095391595	-0.1988941144	0.1620661453	-0.2384083062	-0.02002920057	0.02541083561	-0.09095391595	0.02541083561	-0.01709066039	-0.01709066039	0.09326980016	0.09326980016	-0.5903876757	0.07483587519	-0.3285507516	0.02610086508	0.1015691514	0.3870148481	0.7319432076	0.02614570184	0.9391696982	0.9243343493	-0.02023240371	0.1110519624	0.1027112752	1	0.1087768912	-0.3168355871	1	-0.04837395966	0.1112061033	-0.05507561919	0.1162018489	-0.0259596508	-0.07192724658	0.07370432399	0.9800192899	0.1250419181	0.02365511977	0.8969924308	0.1162018489	0.01158131151	0.03623173267	0.02365511977	0.1347434658	0.01410001855	0.2095312548	0.201468699	-0.01431356942
chr11_2116686_G_C	-0.008089272866	-0.0129095088	0.1672954132	0.09627282192	0.09391426023	0.09623218997	0.09921619525	-0.06567309247	0.09921619525	0.09921619525	0.09921619525	0.1584037949	0.08549986008	-0.0529340561	0.3310798373	0.1558091871	0.09370181585	0.09107973061	0.1330068417	0.1330068417	0.1053942808	0.1330068417	0.1628575368	0.1628575368	0.08471061629	0.6116815532	0.1060083863	-0.06992281232	-0.06269250931	0.4395527189	0.4395527189	0.4395527189	0.6354728686	0.04922036823	0.002633577897	0.6354728686	0.03912016765	0.1151047512	0.1151047512	0.6354728686	0.6354728686	0.6330100585	-0.07043553552	0.6354728686	-0.006134056613	0.002633577897	0.6354728686	0.03912016765	-0.08405700641	-0.1217378058	-0.1217378058	-0.1017768875	0.09665427244	0.4701462283	-0.1095348949	0.1202047134	0.1221096132	0.6373480434	0.1202047134	-0.009707827304	0.6177252977	0.1221096132	0.6373480434	0.02930081798	0.6398251562	-0.1124719539	0.5539104951	-0.1085454405	0.1154031448	0.6286765909	0.6330100585	0.01855705086	0.01855705086	-0.01014500939	0.02930081798	0.01855705086	0.01855705086	0.6286765909	0.6286765909	0.5654553268	0.1311920955	0.6286765909	0.1061737638	0.100869397	0.07338023454	0.4614280762	0.06459988022	0.4614280762	0.01855705086	0.6267816172	0.6260077406	0.4992095046	0.631125121	0.5790329591	0.01855705086	-0.09567970731	-0.08762807845	0.08922839631	0.4637946971	0.08922839631	-0.1136620939	-0.05736763141	0.4659835344	-0.05319409245	0.100869397	0.01855705086	-0.0629186236	0.1024513068	0.100869397	-0.06973735972	-0.1138675609	0.1270953642	-0.02495626944	0.4320852355	-0.2668806471	-0.01049327583	-0.009707827304	0.05665694173	0.4385195456	-0.06771112012	-0.1243754461	0.02930081798	0.4385195456	0.08248484593	-0.06532889808	0.07755838821	-0.1135457223	-0.05736763141	-0.1135457223	0.4385195456	-0.1243754461	0.1086035882	-0.05746242346	0.09001310872	-0.1654228534	-0.1654228534	-0.05409275209	0.4544437338	0.08754306258	0.1086035882	0.03079390148	0.1052507205	0.03716063982	0.5529556709	0.5506393916	0.08405727503	0.6807572664	0.08405727503	0.1024676346	0.09253057959	-0.2256662262	0.1024676346	0.123654001	-0.01210626651	0.6213551843	-0.08166387149	-0.08166387149	-0.006793439347	-0.006793439347	-0.08166387149	0.07881136564	0.1024676346	0.5592157346	0.616794819	0.6213551843	0.463337321	0.0625396034	-0.08166387149	0.1024676346	0.002317928821	0.1110929861	-0.006793439347	-0.03227951303	-0.08617447782	0.4770618112	0.08733101634	0.463337321	0.642020889	0.7012555498	-0.09540081037	0.7012555498	0.65061896	0.65061896	0.08471061629	0.08471061629	-0.06074400229	0.08683695833	0.561946271	0.06855509902	0.8109815061	0.1326485124	0.0960686586	0.2117470042	0.1109957561	0.1047012172	0.1257171995	0.8239386322	0.8431391661	0.1087768912	1	0.7068884253	0.1087768912	0.03912218558	0.9918191105	0.1840353054	0.05665694173	0.1405831558	0.2531333215	0.03912218558	0.1033076975	0.8918665664	0.04922036823	0.09965052656	0.05665694173	0.1463731644	0.1024513068	0.0798836856	0.06694062491	-0.3332905367	0.1556398179	0.167852056	0.09253057959
chr11_2116776_T_C	-0.2304714005	0.008656354955	0.2266049239	0.1318868501	0.1104025238	0.09281101186	0.1299208745	-0.05804259444	0.1299208745	0.1299208745	0.1299208745	0.1872228835	0.1064047488	-0.05203927635	0.1628990019	0.1925756837	-0.07881255236	0.06473602431	0.03921666276	0.03921666276	-0.0329601438	0.03921666276	0.1038675361	0.1038675361	-0.08375840357	0.5177135434	-0.2535622702	-0.06438610688	-0.09643272974	0.5843768252	0.5843768252	0.5843768252	0.4658437198	-0.1850542244	-0.2515050244	0.4658437198	-0.2140165604	-0.1624653109	-0.1624653109	0.4658437198	0.4658437198	0.470603604	-0.06404457512	0.4658437198	-0.2378958924	-0.2515050244	0.4658437198	-0.2140165604	-0.1062048312	-0.1336817352	-0.1336817352	-0.120872349	-0.2500250413	0.6246990778	-0.06796121013	0.09869624486	-0.142478449	0.4644953856	0.09869624486	0.02434856504	0.4640140573	-0.142478449	0.4644953856	-0.2090867963	0.4676553679	-0.1336817352	0.4682249125	-0.1282844876	-0.2517905229	0.4529161031	0.4626741367	-0.2370913523	-0.2110727884	-0.3344119203	-0.2090867963	-0.2370913523	-0.2370913523	0.4529161031	0.4529161031	0.4496529357	-0.3432937654	0.4529161031	-0.2361258818	-0.1464785034	-0.2512460686	0.6219190153	-0.2278589594	0.6219190153	-0.2370913523	0.4461165118	0.4497809414	0.6392389552	0.4559928592	0.5300941037	-0.2370913523	-0.2767382458	-0.1176322151	-0.2480998205	0.6229417535	-0.2480998205	-0.127150815	-0.2515090185	0.6281616996	-0.284367996	-0.1464785034	-0.2370913523	-0.2610260371	0.1287057934	-0.1464785034	-0.2707607569	-0.1307442215	-0.3374764891	-0.335695473	0.6754099831	-0.1606066261	-0.3197522344	0.02434856504	-0.2067968706	0.6788093258	-0.1600885946	-0.09856929126	-0.2090867963	0.6788093258	-0.2860943411	-0.2564946859	-0.2846875537	-0.07730487198	-0.2515090185	-0.07730487198	0.6788093258	-0.09856929126	-0.1892748173	-0.2566052753	-0.2824135563	-0.1069985325	-0.1069985325	-0.2588362938	0.6860760623	0.08424773103	-0.1892748173	-0.2509274251	-0.202848449	-0.2518015221	0.4821768512	0.4787203594	-0.2417944165	0.5218780493	-0.2417944165	-0.1879857657	-0.2093180661	-0.1414628669	-0.1879857657	-0.3217629571	-0.1850542244	0.592308849	-0.06833420601	-0.06833420601	-0.1594533949	-0.1594533949	-0.06833420601	-0.2715649277	-0.1879857657	0.6386267487	0.5939865318	0.592308849	0.6910354214	0.04645425858	-0.06833420601	-0.1879857657	-0.2563221418	-0.3505730859	-0.1594533949	-0.2335194203	-0.07801692042	0.6368365293	-0.2994302783	0.6910354214	0.5899525637	0.5186755277	-0.08584568601	0.5186755277	0.5931847099	0.5931847099	-0.2779177861	-0.2779177861	0.2866385858	-0.2039916335	0.8251345374	-0.3386647672	0.5908649201	-0.3434700222	-0.2274962869	0.2724773818	-0.2853026929	-0.3049643289	-0.1937111187	0.8648807021	0.8378791315	-0.3168355871	0.7068884253	1	-0.3168355871	0.02823030489	0.6966298131	0.18867251	-0.2721308744	-0.3283551407	0.3382824473	-0.2550250916	-0.3013618085	0.6094710797	-0.1850542244	-0.2516740677	-0.2721308744	0.1881678382	0.1287057934	-0.1850542244	-0.2550250916	-0.253663121	-0.3717224541	-0.4135340726	0.0890475059
chr11_2116887_C_T	0.2575879331	-0.007323309418	-0.06124365012	-0.02002183019	-0.1445540469	-0.1334651155	-0.02116651886	-0.001045210705	-0.02116651886	-0.02116651886	-0.02116651886	-0.02291277451	-0.1470920619	0.002460757583	0.1177832772	-0.02872492077	-0.0610375779	-0.01012951503	0.06478005289	0.06478005289	0.08110201756	0.06478005289	0.03153268483	0.03153268483	-0.06121526264	0.02656661102	0.1583813051	-0.05210527681	-0.02219423038	-0.1114565246	-0.1114565246	-0.1114565246	0.03549174596	0.09093648503	0.06542188554	0.03549174596	0.1014441557	0.03908578586	0.03908578586	0.03549174596	0.03549174596	0.01601383332	-0.05155392435	0.03549174596	0.06944736702	0.06542188554	0.03549174596	0.1014441557	-0.01165370055	-0.05507561919	-0.05507561919	-0.05235867232	0.1658459515	-0.1114764598	-0.05239476987	-0.01733968377	0.04579291286	0.03792073845	-0.01733968377	-0.05481846056	0.04348881389	0.04579291286	0.03792073845	0.08179239878	0.03691179697	-0.05507561919	-8.859165098e-05	-0.05642871313	0.1620661453	0.03511216758	0.03651863096	0.09093648503	0.2927805808	0.1566072892	0.08179239878	0.09093648503	0.09093648503	0.03511216758	0.03511216758	0.07180157489	0.3141057398	0.03511216758	0.1697260371	0.06081198726	0.2956788774	-0.1105824051	0.1082273036	-0.1105824051	0.09093648503	0.05349422666	0.03549174596	-0.08646730206	0.03406703497	-0.004167861075	0.09093648503	0.01612317083	0.07527906661	0.1916149394	-0.0987102822	0.1916149394	-0.07620465374	0.0385400472	-0.1120943586	0.1408926544	0.06081198726	0.09093648503	0.05217442923	0.03623173267	0.06081198726	0.05491033961	-0.05777841741	0.4365326163	0.2938917829	-0.242383266	-0.04837395966	0.2911511036	-0.05481846056	0.1162018489	-0.2450970825	-0.09345272396	-0.06954270739	0.08179239878	-0.2450970825	0.1969364675	0.05677062305	0.2011199256	-0.08771663847	0.05727029423	-0.08771663847	-0.2450970825	-0.06954270739	0.6329380813	0.03486868065	0.1846144416	-0.04362624548	-0.04362624548	0.05173673877	-0.2403844038	0.0320801953	0.6329380813	-0.007323309418	0.0666871841	0.1516777909	0.03272854147	0.0338606458	0.176184372	0.02831803222	0.176184372	0.6551051317	0.6607866272	-0.05274525265	0.6551051317	0.5378315719	0.09093648503	-0.03220839733	-0.09062720195	-0.09062720195	0.03770378011	0.03770378011	-0.09062720195	0.2012357702	0.6551051317	-0.2730111	-0.0307468573	-0.03220839733	-0.2384083062	-0.03836140418	-0.09062720195	0.6551051317	0.2377573265	0.4801377872	0.03770378011	0.01650908431	-0.09095391595	-0.1988941144	0.1620661453	-0.2384083062	-0.02002920057	0.02541083561	-0.09095391595	0.02541083561	-0.01709066039	-0.01709066039	0.09326980016	0.09326980016	-0.5903876757	0.07483587519	-0.3285507516	0.02610086508	0.1015691514	0.3870148481	0.7319432076	0.02614570184	0.9391696982	0.9243343493	-0.02023240371	0.1110519624	0.1027112752	1	0.1087768912	-0.3168355871	1	-0.04837395966	0.1112061033	-0.05507561919	0.1162018489	-0.0259596508	-0.07192724658	0.07370432399	0.9800192899	0.1250419181	0.02365511977	0.8969924308	0.1162018489	0.01158131151	0.03623173267	0.02365511977	0.1347434658	0.01410001855	0.2095312548	0.201468699	-0.01431356942
chr11_2117063_T_C	-0.006655401472	0.1838386046	-0.0771997117	-0.1000001619	0.1899219777	0.2137096532	-0.07681963146	-0.008145453629	-0.07681963146	-0.07681963146	-0.07681963146	-0.08001210554	0.1887463116	-0.005839607272	0.07289162147	-0.08287982672	0.02727544605	0.1294306717	0.169912557	0.169912557	-0.0520635692	0.169912557	-0.1071950443	-0.1071950443	0.01797526989	0.02052288492	-0.01109157321	0.3762596807	0.3258016107	-0.2273323024	-0.2273323024	-0.2273323024	0.04446403741	0.07396156544	-0.01153342063	0.04446403741	0.08180671247	0.008212906156	0.008212906156	0.04446403741	0.04446403741	0.04489955689	0.3355823918	0.04446403741	-0.009283891435	-0.01153342063	0.04446403741	0.08180671247	0.3386496166	0.331731296	0.331731296	0.3350745354	-0.008268729772	-0.2144769654	-0.005799982785	0.02875407378	0.01219064063	0.0458085225	0.02875407378	-0.03709954685	0.04942539932	0.01219064063	0.0458085225	0.0671533085	0.04538295342	0.331731296	-0.2118908884	0.3300866729	-0.009692570563	0.04398850185	0.04489955689	0.07396156544	-0.02952497975	0.2832817419	0.0671533085	0.07396156544	0.07396156544	0.04398850185	0.04398850185	-0.2173755697	0.01029415011	0.04398850185	-0.006818687862	0.02102744843	0.02727544605	-0.2140860348	0.04649488664	-0.2140860348	0.07396156544	0.04261936017	0.04446403741	-0.2077349883	0.04354287417	0.02643297001	0.07396156544	0.2651961952	-0.01047253959	-0.0007457641864	-0.217265213	-0.0007457641864	0.3352415638	0.3061091146	-0.2156657819	0.2965624285	0.02102744843	0.07396156544	0.2973982632	-0.0387407053	0.02102744843	0.2996808351	0.3284595928	-0.02536411133	0.2714891948	-0.2129152259	-0.03273809524	0.2695837565	-0.03709954685	0.05092362092	-0.2148705956	0.328210336	0.3439073257	0.0671533085	-0.2148705956	-0.008268729772	0.3034383775	-0.006818687862	0.3475142014	0.3061091146	0.3475142014	-0.2148705956	0.3439073257	-0.04106711503	0.2960264437	-0.01084012623	0.07396156544	0.07396156544	0.294903394	-0.2113722826	-0.04004068151	-0.04106711503	-0.03740531146	0.004331875593	0.04337815173	-0.2095024621	-0.2089375329	0.006112601585	0.03983364794	0.006112601585	-0.03978072541	-0.04232188546	-0.03569645977	-0.03978072541	0.02398558024	-0.02952497975	0.02042448972	0.3384921352	0.3384921352	-0.0259618876	-0.0259618876	0.3384921352	0.00259719019	-0.03978072541	0.03432542719	0.02134658615	0.02042448972	-0.209847699	-0.0259618876	0.3384921352	-0.03978072541	0.2826497409	-0.02762526517	-0.0259618876	0.2935802226	0.3332777184	-0.2023001722	-0.009692570563	-0.209847699	0.01593477626	0.03796276108	0.3332777184	0.03796276108	0.01781898831	0.01781898831	-0.04142871728	-0.04142871728	-0.01055308992	0.009514202887	0.05452451589	0.0009055524474	0.04836156847	-0.00993288723	-0.03845946969	-0.1129445997	-0.04494491798	-0.04656147461	0.02583145478	0.0005887489929	0.01988739077	-0.04837395966	0.03912218558	0.02823030489	-0.04837395966	1	0.0408209747	-0.07479950441	-0.03569645977	0.03765541978	-0.07378670265	-0.03273809524	-0.04725115263	0.03638030035	0.07396156544	-0.04254685345	-0.03569645977	-0.02620377056	-0.0387407053	-0.02952497975	-0.03273809524	0.01713127432	-0.003604707478	0.003954953409	0.03184828754
chr11_2117403_A_G	-0.005183379962	-0.0108770686	0.1601935886	0.08406146563	0.1030264129	0.1055502604	0.08702982114	-0.08313416278	0.08702982114	0.08702982114	0.08702982114	0.1573961303	0.09472529384	-0.07070128568	0.3319836722	0.1550434894	0.09577492693	0.1006335859	0.142776045	0.142776045	0.1099707802	0.142776045	0.1540649803	0.1540649803	0.08680447108	0.6138815487	0.1089612548	-0.064110634	-0.05616409256	0.4345703835	0.4345703835	0.4345703835	0.6380859903	0.05073029822	-0.003662373658	0.6380859903	0.04055310036	0.1175460071	0.1175460071	0.6380859903	0.6380859903	0.6355273485	-0.06419082151	0.6380859903	-0.01259588982	-0.003662373658	0.6380859903	0.04055310036	-0.07824206817	-0.1158392043	-0.1158392043	-0.09599379338	0.09951773543	0.4656617612	-0.1218684112	0.1009669763	0.1244201672	0.6397978063	0.1009669763	-0.007696916877	0.6199671281	0.1244201672	0.6397978063	0.03093076	0.6423695477	-0.1065880641	0.5510759328	-0.1026258392	0.1182892154	0.6312617657	0.6355273485	0.02011566608	0.02011566608	-0.002794950829	0.03093076	0.02011566608	0.02011566608	0.6312617657	0.6312617657	0.5627898626	0.1347476994	0.6312617657	0.1089692165	0.1029615265	0.07548561091	0.4569128985	0.06649280969	0.4569128985	0.02011566608	0.6295333507	0.6286358905	0.4999784918	0.6338073533	0.5807894586	0.02011566608	-0.09519732351	-0.09931413778	0.09191067295	0.4593234996	0.09191067295	-0.1077159428	-0.05049767591	0.4614849573	-0.04613172616	0.1029615265	0.02011566608	-0.05602881342	0.0831056906	0.1029615265	-0.06292202681	-0.1078975342	0.1304700125	-0.01766564764	0.4276373327	-0.2646960065	-0.003138369338	-0.007696916877	0.05848701374	0.4341296421	-0.06140283399	-0.1186226406	0.03093076	0.4341296421	0.08537080623	-0.05850544641	0.08039927459	-0.1078941367	-0.05049767591	-0.1078941367	0.4341296421	-0.1186226406	0.1106400575	-0.05068067075	0.09292061601	-0.1635721268	-0.1635721268	-0.04727391552	0.4499365352	0.08955776103	0.1106400575	0.03275695225	0.1077381613	0.03896336953	0.5500506088	0.5476960704	0.08652035224	0.6836136044	0.08652035224	0.1044446543	0.09466005976	-0.2233878997	0.1044446543	0.1269300362	-0.01049896607	0.6233254668	-0.07599644385	-0.07599644385	-0.005386224572	-0.005386224572	-0.07599644385	0.08139799399	0.1044446543	0.5603785257	0.6187163064	0.6233254668	0.4587922735	0.06383673566	-0.07599644385	0.1044446543	0.009233618007	0.114587271	-0.005386224572	-0.02559303136	-0.08051595475	0.4728455782	0.09026165804	0.4587922735	0.6442751527	0.7042083933	-0.08972763833	0.7042083933	0.6527435863	0.6527435863	0.08680447108	0.08680447108	-0.06330888429	0.07308746643	0.5600808598	0.07121446278	0.8127340984	0.1355833018	0.09798477102	0.2087023582	0.1132370051	0.1070394111	0.1279244509	0.8219119813	0.8414258905	0.1112061033	0.9918191105	0.6966298131	0.1112061033	0.0408209747	1	0.1894484202	0.05848701374	0.1436387957	0.2389301878	0.0408209747	0.1056852001	0.8985851995	0.05073029822	0.1017808026	0.05848701374	0.1367086308	0.0831056906	0.08134493036	0.06859524572	-0.348989676	0.1597915529	0.1717149695	0.09466005976
chr11_2117677_C_T	-0.04867915605	-0.1211928388	-0.1836253252	-0.1734800987	0.3346512937	0.330215561	-0.1761118285	-0.1063468859	-0.1761118285	-0.1761118285	-0.1761118285	-0.1200699548	0.3303134519	-0.09959501632	0.07008164695	-0.1140518215	-0.06530659455	0.3443217412	0.3144343603	0.3144343603	-0.141333182	0.3144343603	-0.2521086892	-0.2521086892	-0.05508277836	0.1425452826	-0.0785739107	-0.1720798619	-0.1894808005	0.2770162751	0.2770162751	0.2770162751	0.1488994291	0.04221783269	-0.1285345813	0.1488994291	0.05596975412	-0.08212211748	-0.08212211748	0.1488994291	0.1488994291	0.150249132	-0.1997021667	0.1488994291	-0.1466891054	-0.1285345813	0.1488994291	0.05596975412	-0.1625418834	-0.166596626	-0.166596626	-0.1608259493	-0.08615974638	0.2516489731	-0.119827164	-0.06884692683	-0.09215070773	0.1531847232	-0.06884692683	-0.09235827191	0.154462117	-0.09215070773	0.1531847232	0.03001226544	0.1518667406	-0.166596626	0.2319518665	-0.1590776027	-0.05865741549	0.1578332346	0.150249132	0.04221783269	-0.02672140469	-0.1622284894	0.03001226544	0.04221783269	0.04221783269	0.1578332346	0.1578332346	0.237458086	-0.03956612554	0.1578332346	-0.08204093234	-0.09376756403	0.04891411266	0.2467949035	0.04686119096	0.2467949035	0.04221783269	0.1536286077	0.1595394831	0.2928320342	0.1565875048	0.1280875749	0.04221783269	-0.2307903297	-0.1145218951	-0.08391000739	0.244071998	-0.08391000739	-0.1578332346	-0.1876314204	0.2454349721	-0.183674476	-0.09376756403	0.04221783269	-0.1832335189	-0.1015748798	-0.09376756403	-0.1777238485	-0.1619686516	-0.0784433866	-0.166114847	0.2303709681	-0.04352790437	-0.1715591456	-0.09235827191	-0.0002494381946	0.2262710604	-0.1864024902	-0.1431258231	0.03001226544	0.2262710604	-0.1020880533	-0.185994376	-0.09812466314	-0.1478768115	-0.1876314204	-0.1478768115	0.2262710604	-0.1431258231	0.0192380446	-0.1789622206	-0.0920719011	-0.02672140469	-0.02672140469	-0.1816963758	0.2317897272	-0.1297314117	0.0192380446	-0.07206443335	-0.1062574026	0.04371990124	0.2201242927	0.2070391447	-0.120176456	0.1662209315	-0.120176456	0.001731571612	0.01110649451	-0.05795280721	0.001731571612	-0.1059417759	0.007748214	0.1182283631	-0.1445267617	-0.1445267617	-0.006176761326	-0.006176761326	-0.1445267617	-0.09271623673	0.001731571612	0.1129691104	0.1111038971	0.1182283631	0.2332046007	-0.006176761326	-0.1445267617	0.001731571612	-0.1793429757	-0.07228642932	-0.006176761326	-0.1774833623	-0.1355483583	0.2585379759	-0.0902141956	0.2332046007	0.1251120347	0.171140204	-0.1355483583	0.171140204	0.120760829	0.120760829	-0.07486924222	-0.07486924222	-0.05964070161	-0.1084740008	0.1678336829	-0.06208431681	0.141265098	-0.1086205557	0.0100928842	-0.2077076509	-0.05975784717	-0.05301203504	-0.09796389138	0.2516728359	0.242091728	-0.05507561919	0.1840353054	0.18867251	-0.05507561919	-0.07479950441	0.1894484202	1	0.2305640379	-0.1153899304	-0.1590376422	0.2066448959	-0.07034659452	0.2152621792	-0.02672140469	-0.09314630895	0.2305640379	-0.1405084324	-0.1015748798	0.1800963075	0.2379164959	-0.08619910385	-0.06967621387	-0.006741620376	-0.06300799768
chr11_2118063_A_ACT	0.1587727127	-0.04078542707	-0.09702719822	0.01181206032	-0.03183576757	-0.03465407772	0.01099234098	0.1158911752	0.01099234098	0.01099234098	0.01099234098	-0.07146221107	-0.03356768478	0.119527482	0.08901310831	-0.07484979557	0.08151196635	-0.04072831933	0.03818288992	0.03818288992	0.0705149277	0.03818288992	0.05568880944	0.05568880944	0.06444175443	-0.07895112803	0.1965535661	-0.05624729719	0.006630658259	-0.1544183171	-0.1544183171	-0.1544183171	0.02972698611	0.3497204561	0.1444822247	0.02972698611	0.3741754344	0.1045675707	0.1045675707	0.02972698611	0.02972698611	0.03043987066	-0.06901557421	0.02972698611	0.07994437315	0.1444822247	0.02972698611	0.3741754344	-0.02733776199	-0.0291011227	-0.0291011227	-0.02704916069	0.1594432569	-0.1652623515	-0.06407307634	-0.04748301873	0.003436669628	0.03146761463	-0.04748301873	-0.04045203216	0.006727968244	0.003436669628	0.03146761463	0.3288673669	0.03076759167	-0.0291011227	0.02872692659	-0.03012240357	0.2437152268	0.0585660441	0.03043987066	0.3497204561	0.1587637318	0.2142903598	0.3288673669	0.3497204561	0.3497204561	0.0585660441	0.0585660441	0.04682766783	0.3680567242	0.0585660441	0.1626681085	-0.04565751875	0.397895102	-0.1647304428	0.4223014346	-0.1647304428	0.3497204561	0.05723340602	0.05919916947	-0.1347022365	0.0582173278	-0.1526445974	0.3497204561	0.05290626612	-0.02000470118	0.1337577196	-0.1676433393	0.1337577196	-0.02940906088	0.02206056764	-0.1661783781	0.04208854103	-0.04565751875	0.3497204561	0.04475455224	-0.04224149322	-0.04565751875	0.04678373855	-0.03114070621	0.1931157292	0.1528952656	-0.2473387049	-0.03569645977	0.1509174606	-0.04045203216	0.3606632888	-0.228579651	-0.09842181643	-0.05367508112	0.3288673669	-0.228579651	0.1153229936	-0.004479922007	0.0735665558	-0.08130734009	0.02206056764	-0.08130734009	-0.228579651	-0.05367508112	0.2364528298	0.01952445374	0.1074527333	-0.03219299242	-0.03219299242	0.01854093565	-0.2248011997	-0.04365894124	0.2364528298	-0.04078542707	-0.00428213417	0.4659484579	-0.03492746854	-0.03414338224	-0.05263612844	0.02447215662	-0.05263612844	0.1737105133	0.2275761247	-0.03892215569	0.1737105133	0.05214554102	0.3497204561	-0.1851519785	-0.05407581724	-0.05407581724	0.2955222721	0.2955222721	-0.05407581724	0.04284986794	0.1737105133	-0.2421036747	-0.2115979998	-0.1851519785	-0.2231606571	-0.02830792291	-0.05407581724	0.1737105133	0.01151881518	0.225391728	0.2955222721	0.04500815193	-0.02574813875	-0.1116913774	0.1563052178	-0.2231606571	-0.165557281	0.05227878119	-0.02574813875	0.05227878119	-0.1628545263	-0.1628545263	0.00963467407	0.00963467407	-0.4445248814	-0.04863851931	-0.2827810987	0.1371575316	0.007489645735	-0.01897385436	0.1819327073	-0.06836447818	0.0699111524	0.1118479752	-0.04879098258	0.04990552183	0.06720885128	0.1162018489	0.05665694173	-0.2721308744	0.1162018489	-0.03569645977	0.05848701374	0.2305640379	1	-0.02097599998	-0.08599637884	0.9171244278	0.06308017868	0.05765207811	0.1587637318	-0.04639158238	1	-0.07741091102	-0.04224149322	0.7316339047	0.9171244278	-0.05027523113	0.235401555	0.3631732736	-0.04614628525
chr11_2118282_A_G	-0.0258939548	0.007813259158	-0.01816567878	-0.05549904053	0.1104496404	0.1199436158	-0.04434635823	-0.05600648877	-0.04434635823	-0.04434635823	-0.04434635823	-0.009112068545	0.1078024658	-0.05208021863	0.06245508489	-0.01676283785	0.3192954195	0.03396631408	0.07765091585	0.07765091585	0.02553844182	0.07765091585	-0.02631177136	-0.02631177136	0.2972367829	0.06553617363	0.4096071396	0.1065644604	0.1204666084	-0.2278736037	-0.2278736037	-0.2278736037	0.05076502977	-0.05497624996	0.3238655532	0.05076502977	-0.05175560054	0.4479801396	0.4479801396	0.05076502977	0.05076502977	0.05198242886	0.1182667753	0.05076502977	0.3115451945	0.3238655532	0.05076502977	-0.05175560054	0.119978352	0.1473848414	0.1473848414	0.1516925237	0.3978568756	-0.2464266934	0.001843675676	0.03282880945	0.4687061268	0.05373751607	0.03282880945	0.01872505843	0.0443027837	0.4687061268	0.05373751607	-0.05803597132	0.05254208084	0.1473848414	-0.06269018864	0.1452515007	0.4161945883	0.05022210614	0.05198242886	-0.05497624996	0.05372323002	0.3246233015	-0.05803597132	-0.05497624996	-0.05497624996	0.05022210614	0.05022210614	-0.070229011	0.3123533332	0.05022210614	0.4045893007	0.4836218141	-0.04089804788	-0.2454632194	-0.02517761235	-0.2454632194	-0.05497624996	0.04719389773	0.05076502977	-0.2417636727	0.04898237417	0.05940307307	-0.05497624996	0.3346414036	0.01959872257	0.4186902145	-0.2501487467	0.4186902145	0.1489444176	0.3705385797	-0.247792603	0.3554606209	0.4836218141	-0.05497624996	0.3582443154	-0.07213616117	0.4836218141	0.3621730034	0.1431313903	0.3945846725	0.3180023616	-0.2441208127	-0.06095915127	0.3145851635	0.01872505843	-0.06646769993	-0.2473916991	0.3598683281	0.07609443024	-0.05803597132	-0.2473916991	0.4983162795	0.3673057091	0.5060289592	0.08023048294	0.355408327	0.08023048294	-0.2473916991	0.07609443024	-0.07646799421	0.3718956662	0.4966872423	-0.0006265099711	-0.0006265099711	0.369947032	-0.2418405085	-0.0008496495653	-0.07646799421	0.6275163283	0.5565729532	-0.06444956039	-0.04728205507	-0.04593232312	0.5670629195	0.04179131227	0.5670629195	-0.07407270461	-0.0788044081	-0.02097599998	-0.07407270461	0.4378094102	-0.0006265099711	0.04811024246	0.0898163716	0.0898163716	0.01310360648	0.01310360648	0.0898163716	0.54648632	-0.07407270461	0.07360031406	0.04981120721	0.04811024246	-0.2395851863	0.01310360648	0.0898163716	-0.07407270461	0.3364782322	0.3849033919	0.01310360648	0.3688224982	0.08685669448	-0.2637887592	0.5405869416	-0.2395851863	0.07220354197	0.07223671915	0.08685669448	0.07223671915	0.07556126439	0.07556126439	0.6716148725	0.6716148725	0.0606023157	0.5706922383	-0.2022867587	0.701803384	0.1229576205	0.6049808126	-0.07161249345	-0.1323397838	-0.01599641477	-0.0249869895	0.6950875878	-0.3707730989	-0.3874668999	-0.0259596508	0.1405831558	-0.3283551407	-0.0259596508	0.03765541978	0.1436387957	-0.1153899304	-0.02097599998	1	-0.1121551593	-0.01165186574	-0.02274769666	0.1406818413	-0.05497624996	-0.008734877121	-0.02097599998	-0.08514731775	-0.07213616117	-0.0006265099711	-0.01165186574	-0.05264269172	0.7715152702	0.810980789	0.03805512015
chr11_2118338_C_CGCTCTGAG	-0.05940974254	-0.07015066772	0.3697824939	0.3174574848	-0.1285962609	-0.1373360425	0.3152694529	0.07097896556	0.3152694529	0.3152694529	0.3152694529	0.3012344359	-0.1253311651	0.07938026571	0.05328842434	0.2918880399	0.03414936484	-0.172187727	-0.1468093068	-0.1468093068	-0.186065131	-0.1468093068	0.184174077	0.184174077	-0.009759093943	0.1768056751	-0.0406961922	-0.1535294686	-0.1810623173	0.299922442	0.299922442	0.299922442	0.1512171243	-0.05992373646	-0.07052124504	0.1512171243	-0.09069590905	-0.03884226013	-0.03884226013	0.1512171243	0.1512171243	0.1525604104	-0.1821936531	0.1512171243	-0.06346084761	-0.07052124504	0.1512171243	-0.09069590905	-0.1994926392	-0.2360670407	-0.2360670407	-0.2305338172	-0.06522561705	0.3306877204	-0.0240081665	-0.06576897942	-0.02788356177	0.1444381286	-0.06576897942	-0.06222319501	0.1562778116	-0.02788356177	0.1444381286	-0.06710308637	0.1429852072	-0.2360670407	0.3016306141	-0.2388290165	-0.06951163713	0.1384792395	0.1414622003	-0.09633973743	-0.05992373646	-0.2695573128	-0.06710308637	-0.09633973743	-0.09633973743	0.1384792395	0.1384792395	0.291735065	-0.1012242666	0.1384792395	-0.06086732589	-0.003827262067	-0.08652099769	0.3335505458	-0.06222319501	0.3335505458	-0.09633973743	0.1339353541	0.128735401	0.3375924685	0.1369597588	0.15936207	-0.09633973743	-0.2473863157	-0.03908381973	-0.04382544736	0.3314932339	-0.04382544736	-0.2385650218	-0.2388941333	0.3325206773	-0.2533001414	-0.003827262067	-0.09633973743	-0.2429560484	0.3289299134	-0.003827262067	-0.2474578781	-0.2415882362	-0.05776489842	-0.2492470977	0.3237636822	-0.007711900535	-0.254672891	-0.06222319501	-0.05551553772	0.3198575747	-0.2201048248	-0.2358489536	-0.06710308637	0.3198575747	-0.0483978928	-0.2368098327	-0.04387540145	-0.2302890776	-0.2388941333	-0.2302890776	0.3198575747	-0.2358489536	-0.05355428013	-0.2382104079	-0.05591564231	-0.02350773549	-0.02350773549	-0.2409178939	0.3089720297	0.09158475345	-0.05355428013	-0.07015066772	-0.02879930317	-0.08549639282	0.2223837565	0.2250141864	-0.004412247167	0.1134468805	-0.004412247167	-0.07460556645	-0.05979643728	0.03592698564	-0.07460556645	-0.05486203955	-0.02350773549	0.1496160429	-0.2360823595	-0.2360823595	-0.04354316244	-0.04354316244	-0.2360823595	-0.01526797836	-0.07460556645	0.171336956	0.1418973742	0.1496160429	0.3101064832	-0.08471340051	-0.2360823595	-0.07460556645	-0.2364341438	-0.05115927856	-0.04354316244	-0.2166796178	-0.2363548661	0.2914038437	-0.01950361069	0.3101064832	0.1473164151	0.107264922	-0.2363548661	0.107264922	0.1423554462	0.1423554462	-0.07247030872	-0.07247030872	0.09807395903	0.02585067239	0.2470625698	-0.07578699627	0.1635552191	-0.08831774223	-0.06856997451	-0.1491311033	-0.07862111829	-0.08990661263	-0.07150213275	0.3041855293	0.2955755387	-0.07192724658	0.2531333215	0.3382824473	-0.07192724658	-0.07378670265	0.2389301878	-0.1590376422	-0.08599637884	-0.1121551593	1	-0.07378670265	-0.06676098085	0.2610392949	-0.05992373646	-0.04437115416	-0.08599637884	0.6825264683	0.4048199932	-0.05992373646	-0.07378670265	-0.1059449407	-0.1568139503	-0.1368790829	-0.08589626587
chr11_2118403_A_C	0.1347379237	-0.03740531146	-0.1027366993	-0.02795852277	-0.003200150541	-0.005546341196	-0.02874675118	0.06623539925	-0.02874675118	-0.02874675118	-0.02874675118	-0.08001210554	-0.004739567646	0.06921016026	0.07289162147	-0.08287982672	0.09585935748	-0.01136068592	0.07512211121	0.07512211121	0.05633278187	0.07512211121	0.008394391286	0.008394391286	0.07737925706	-0.1066457056	0.1297173013	-0.04169338988	0.02891831524	-0.1591129519	-0.1591129519	-0.1591129519	0.01251989459	0.384421201	0.09861603691	0.01251989459	0.4106128425	0.1222080436	0.1222080436	0.01251989459	0.01251989459	0.01336079932	-0.05407325026	0.01251989459	0.02774496291	0.09861603691	0.01251989459	0.4106128425	-0.01042561607	-0.01225630434	-0.01225630434	-0.01031555415	0.08737291126	-0.1690413689	-0.05876298347	-0.04354783638	0.01219064063	0.0143321714	-0.04354783638	-0.03709954685	-0.01305406722	0.01219064063	0.0143321714	0.3621178408	0.01350464403	-0.01225630434	0.0008857175398	-0.01322145529	0.1797903582	0.04398850185	0.01336079932	0.384421201	-0.02952497975	0.2046007671	0.3621178408	0.384421201	0.384421201	0.04398850185	0.04398850185	0.02094772473	0.331379102	0.04398850185	0.08975619737	-0.04187362576	0.4387789147	-0.168580458	0.4644670541	-0.168580458	0.384421201	0.04261936017	0.04446403741	-0.1407216252	0.04354287417	-0.1868749507	0.384421201	0.03261890859	-0.01047253959	0.05101027035	-0.1713929715	0.05101027035	-0.01238599638	-0.01079310684	-0.1699783422	0.01236700544	-0.04187362576	0.384421201	0.01497571988	-0.0387407053	-0.04187362576	0.01679386617	-0.0141832784	0.09801925265	0.1089703611	-0.2355435822	-0.03273809524	0.1071782643	-0.03709954685	0.3974039437	-0.2148705956	-0.08571640655	-0.03939837672	0.3621178408	-0.2148705956	0.03955209074	-0.03925687715	-0.006818687862	-0.06963230274	-0.01079310684	-0.06963230274	-0.2148705956	-0.03939837672	0.1875471456	-0.01227722222	0.03503211526	-0.02952497975	-0.02952497975	-0.01315524171	-0.2113722826	-0.04004068151	0.1875471456	-0.03740531146	0.004331875593	0.511322773	-0.0211673472	-0.02043880319	-0.04827387918	0.007538610942	-0.04827387918	0.1170819077	0.1801886335	-0.03569645977	0.1170819077	0.02398558024	0.1774481106	-0.2208452271	-0.03989209325	-0.03989209325	0.09103519029	0.09103519029	-0.03989209325	0.05561042525	0.1170819077	-0.2554780578	-0.2496509282	-0.2208452271	-0.209847699	-0.0259618876	-0.03989209325	0.1170819077	0.008454996442	0.134848752	0.09103519029	0.01562023013	-0.00924275848	-0.08638511316	0.08504889381	-0.209847699	-0.1990961767	0.03796276108	-0.00924275848	0.03796276108	-0.1964499354	-0.1964499354	0.01797526989	0.01797526989	-0.4307736703	-0.04460757419	-0.261213727	0.05327666899	0.04836156847	-0.00993288723	0.1233033907	-0.05356312079	0.01950089416	0.01219064063	-0.04474740198	0.02612573656	0.04573355032	0.07370432399	0.03912218558	-0.2550250916	0.07370432399	-0.03273809524	0.0408209747	0.2066448959	0.9171244278	-0.01165186574	-0.07378670265	1	0.01485547602	0.06318277215	0.1774481106	-0.04254685345	0.9171244278	-0.07099543748	-0.0387407053	0.5913942914	0.8122294372	-0.04610864259	0.1918380261	0.3268652671	-0.04232188546
chr11_2118815_G_A	0.2653273797	-0.005201909285	-0.05306487321	-0.02591133146	-0.1367274366	-0.1252102325	-0.02703542042	-0.02070260412	-0.02703542042	-0.02703542042	-0.02703542042	-0.01526905236	-0.1391981198	-0.01745501193	0.1120414142	-0.02106379714	-0.05962083588	0.0005368055044	0.06139528208	0.06139528208	0.08782427248	0.06139528208	0.03018906609	0.03018906609	-0.05979439638	0.04109230739	0.1646408363	-0.04664228224	-0.01539450164	-0.09563190375	-0.09563190375	-0.09563190375	0.02959637191	0.02584438204	0.07167571477	0.02959637191	0.0323862987	0.04270314383	0.04270314383	0.02959637191	0.02959637191	0.009800385367	-0.04559859655	0.02959637191	0.07567388465	0.07167571477	0.02959637191	0.0323862987	-0.005505271115	-0.04965992647	-0.04965992647	-0.04698917407	0.1721194626	-0.09506304702	-0.04977720072	-0.0150240575	0.04939387114	0.03204325353	-0.0150240575	-0.05354607035	0.03751965484	0.04939387114	0.03204325353	0.02005595233	0.03099391412	-0.04965992647	0.005543670982	-0.05098978616	0.1683321124	0.02927984359	0.03066378244	0.02584438204	0.2996764604	0.1328467699	0.02005595233	0.02584438204	0.02584438204	0.02927984359	0.02927984359	0.06319818293	0.2707065485	0.02927984359	0.1760082646	0.06439369049	0.212595349	-0.09416844935	0.05705206305	-0.09416844935	0.02584438204	0.04800827479	0.02959637191	-0.07145672103	0.02819405302	0.008830056821	0.02584438204	0.02532205087	0.08030340121	0.1981233535	-0.08185341035	0.1981233535	-0.07109097825	0.04679324474	-0.09558996852	0.1323584017	0.06439369049	0.02584438204	0.06067841721	0.03919515555	0.06439369049	0.06336680013	-0.05231616391	0.4481656227	0.2892204431	-0.22837466	-0.04725115263	0.2865418781	-0.05354607035	0.06308017868	-0.2310051222	-0.08815423211	-0.06454771421	0.02005595233	-0.2310051222	0.203753707	0.06527652035	0.2079511871	-0.08313342643	0.06585105686	-0.08313342643	-0.2310051222	-0.06454771421	0.6464769455	0.04295888694	0.1912536415	-0.04261363756	-0.04261363756	0.06016938694	-0.2264548085	0.03504919152	0.6464769455	-0.005201909285	0.07082139573	0.05322763914	0.0232478097	0.02434606042	0.1821686697	0.02253345778	0.1821686697	0.6689543051	0.6748879816	-0.05152098363	0.6689543051	0.5511197868	0.09430240163	0.0004599533458	-0.08602058302	-0.08602058302	0.03992445661	0.03992445661	-0.08602058302	0.1727178956	0.6689543051	-0.2467364378	0.001836892514	0.0004599533458	-0.2245566867	-0.03747099838	-0.08602058302	0.6689543051	0.2496516337	0.492638739	0.03992445661	0.02421639318	-0.08637097379	-0.2139075857	0.1683321124	-0.2245566867	0.01376200685	0.01966977177	-0.08637097379	0.01966977177	0.01651423847	0.01651423847	0.09739238805	0.09739238805	-0.5639764187	0.07882724978	-0.3112848	0.02965235906	0.09683280128	0.3972999289	0.747056711	0.03339519578	0.9582973157	0.9432997341	-0.01789522768	0.1037442613	0.09553990341	0.9800192899	0.1033076975	-0.3013618085	0.9800192899	-0.04725115263	0.1056852001	-0.07034659452	0.06308017868	-0.02274769666	-0.06676098085	0.01485547602	1	0.1185935191	-0.04261363756	0.9152382142	0.06308017868	0.01605336359	0.03919515555	0.02584438204	0.07696210467	0.01711948134	0.1922561309	0.1829077381	-0.01201874679
chr11_2118860_T_G	-0.006281603625	0.01668517004	0.1205530131	-0.02694787734	0.1625183722	0.160261651	-0.02363120752	-0.1688955071	-0.02363120752	-0.02363120752	-0.02363120752	0.09563543222	0.1488362595	-0.1594239077	0.2828879294	0.08979293298	0.1028624299	0.1397150472	0.1914342738	0.1914342738	0.1392678478	0.1914342738	0.06637758178	0.06637758178	0.1138726369	0.5354088799	0.1339170032	-0.0582702023	-0.04362295463	0.3614816566	0.3614816566	0.3614816566	0.5643808537	0.07041047254	-0.1514281698	0.5643808537	0.05933246686	0.1488839633	0.1488839633	0.5643808537	0.5643808537	0.5618372343	-0.05610051893	0.5643808537	-0.163013318	-0.1514281698	0.5643808537	0.05933246686	-0.07122272367	-0.1150534798	-0.1150534798	-0.09736238077	0.123142856	0.398867696	-0.3621812623	-0.2424553699	0.1539020578	0.5653349973	-0.2424553699	-0.004332771332	0.5437111103	0.1539020578	0.5653349973	0.05249779959	0.5678860728	-0.1061260296	0.498631248	-0.101577038	0.1420936344	0.5583448934	0.5618372343	0.04086702155	0.01132357055	0.01402522038	0.05249779959	0.04086702155	0.04086702155	0.5583448934	0.5583448934	0.505609441	0.1579679554	0.5583448934	0.131415795	0.1297876758	0.08328302059	0.3898230351	0.09112574627	0.3898230351	0.04086702155	0.5573868081	0.5643808537	0.5354671761	0.5608811703	0.500926518	0.04086702155	-0.1980624426	-0.3286577706	0.1120713852	0.3927942361	0.1120713852	-0.1072490191	-0.03939231269	0.3945571153	-0.03949067797	0.1297876758	0.04086702155	-0.04296196448	0.08782733517	0.1297876758	-0.0508990394	-0.1059418002	0.1272584257	-0.01187756775	0.3618512725	-0.2316444177	0.003384861557	-0.004332771332	0.08238047255	0.3690380198	-0.05144624512	-0.1123697958	0.05249779959	0.3690380198	0.09583897676	-0.04720137415	0.09006034078	-0.1034854241	-0.03939231269	-0.1034854241	0.3690380198	-0.1123697958	0.09310143551	-0.038531003	0.1046897781	-0.1363936844	-0.1363936844	-0.03460656516	0.3830487499	0.1155209348	0.09310143551	0.03773882096	0.1245060215	0.06275233998	0.4832558625	0.4803996191	0.1030463839	0.6022512247	0.1030463839	0.08491672873	0.07975404892	-0.2143602608	0.08491672873	0.1314852139	-0.01821988044	0.5381461245	-0.07053567852	-0.07053567852	-0.0197322558	-0.0197322558	-0.07053567852	0.1000519556	0.08491672873	0.485742887	0.5331052087	0.5381461245	0.3912740616	0.0804691017	-0.07053567852	0.08491672873	0.01628711582	0.1137860193	-0.0197322558	-0.0144069053	-0.07421474692	0.4095723839	0.0879998427	0.3912740616	0.5519546982	0.6140890187	-0.08310412116	0.6140890187	0.5589638546	0.5589638546	0.07995520769	0.07995520769	-0.06277297181	0.0874948445	0.4788006817	0.06126878812	0.7227111741	0.1178991964	0.09941393867	0.2495699365	0.1235374074	0.1203568229	0.1358165524	0.7324152302	0.7552741344	0.1250419181	0.8918665664	0.6094710797	0.1250419181	0.03638030035	0.8985851995	0.2152621792	0.05765207811	0.1406818413	0.2610392949	0.06318277215	0.1185935191	1	0.07041047254	0.1099794228	0.05765207811	0.145154688	0.08782733517	0.07041047254	0.06318277215	-0.3393802224	0.1466754594	0.1523572761	-0.2590328521
chr11_2119046_G_A	0.3151495236	-0.03373412703	-0.1105662099	-0.0492778499	-0.04884705508	-0.05138471442	-0.0500113237	0.04855454421	-0.0500113237	-0.0500113237	-0.0500113237	-0.09101206298	-0.05032195325	0.05113680023	0.08567225405	-0.09328683836	0.03834350587	-0.03846195449	-0.03673510605	-0.03673510605	0.2390779811	-0.03673510605	0.1048656487	0.1048656487	-0.03736265137	-0.14077954	0.05113989055	-0.02471476217	-0.00961928596	-0.1161526898	-0.1161526898	-0.1161526898	0.09771796804	0.657790927	0.04478671756	0.09771796804	0.6997962485	-0.04399663951	-0.04399663951	0.09771796804	0.09771796804	0.09737954644	-0.03675207152	0.09771796804	0.04728498222	0.04478671756	0.09771796804	0.6997962485	-0.02530212367	-0.02672140469	-0.02672140469	-0.02503501234	0.05483793937	-0.1251331083	0.005383682784	-0.03927378725	-0.04199164873	0.09808673761	-0.03927378725	-0.03345837202	0.1009218427	-0.04199164873	0.09808673761	0.7305259816	0.09842795177	0.007748214	0.04581082407	0.006840650358	0.0007523795859	0.09667289046	0.09737954644	0.771860618	0.08744247206	0.2528506497	0.7305259816	0.771860618	0.771860618	0.09667289046	0.09667289046	0.06904277424	0.3792921347	0.09667289046	0.003527921741	-0.03776389383	0.6431251667	-0.1497549824	0.7036879829	-0.1497549824	0.771860618	0.09629953388	0.09771796804	-0.149294152	0.09700851243	-0.162426842	0.771860618	0.008701368412	0.0008129241822	0.009699959193	-0.1522730876	0.009699959193	0.007830202965	0.01336110435	-0.1510065578	0.03963131668	-0.03776389383	0.771860618	0.01067586867	-0.03493845721	-0.03776389383	0.01231091722	0.005936864917	0.03070153686	0.05756194576	-0.1738784575	-0.02952497975	0.05597412997	-0.03345837202	0.7316339047	-0.175597848	-0.006198638185	0.01248032938	0.7305259816	-0.175597848	0.002126679089	0.01324453155	0.003527921741	0.01437213442	0.01336110435	0.01437213442	-0.175597848	0.01248032938	0.04696136312	0.0113960114	-0.0005828634934	-0.02662721893	-0.02662721893	0.01058630898	-0.1725575269	-0.03611084586	0.04696136312	-0.03373412703	-0.04450869163	0.7424835804	0.04696321928	0.04767764272	-0.04353598751	0.05857722533	-0.04353598751	0.05057576317	0.0435870947	-0.03219299242	0.05057576317	-0.009422226909	0.08744247206	-0.1991701353	0.0114186177	0.0114186177	0.1055480603	0.1055480603	0.0114186177	0.01296677378	0.05057576317	-0.2100758577	-0.1979930953	-0.1991701353	-0.171252058	0.1055480603	0.0114186177	0.05057576317	0.00487757611	0.02799887377	0.1055480603	0.0113018402	0.0103858024	0.01966246757	0.0007523795859	-0.171252058	-0.2072594558	0.05699585407	0.0103858024	0.05699585407	-0.2047747558	-0.2047747558	-0.03736265137	-0.03736265137	-0.1538897573	-0.04022951596	-0.1844676916	0.01131247539	-0.00142787433	-0.05273872651	-0.03468482377	-0.06913244082	-0.04053375078	-0.04199164873	-0.0403556202	-0.1427707479	0.07750414271	0.02365511977	0.04922036823	-0.1850542244	0.02365511977	0.07396156544	0.05073029822	-0.02672140469	0.1587637318	-0.05497624996	-0.05992373646	0.1774481106	-0.04261363756	0.07041047254	1	-0.03837104686	0.1587637318	-0.01465518656	-0.03493845721	0.2015121631	0.1774481106	0.02812394422	-0.03066926576	0.0197455644	-0.0381681586
chr11_2119119_G_T	0.1996080343	0.004101673631	-0.01735924606	-0.0176100092	-0.1202390684	-0.1069398745	-0.01861680917	-0.05408578202	-0.01861680917	-0.01861680917	-0.01861680917	0.01827031548	-0.122458355	-0.05148027274	0.1076579394	0.01252346494	-0.05368501772	0.02731958852	0.0806909228	0.0806909228	0.04034037666	0.0806909228	0.007905029246	0.007905029246	-0.05384129863	0.0370011795	0.1258829788	-0.04582869775	-0.006788221348	-0.07527477332	-0.07527477332	-0.07527477332	0.04948303555	-0.03837104686	0.07328787666	0.04948303555	-0.03612317274	0.05882220644	0.05882220644	0.04948303555	0.04948303555	0.02761091285	-0.04105882495	0.04948303555	0.07696241658	0.07328787666	0.04948303555	-0.03612317274	-0.001176646779	-0.02608869649	-0.02608869649	-0.02360789721	0.1663772445	-0.08830501983	-0.03851186427	-0.004914857894	0.06547387221	0.05135193546	-0.004914857894	-0.04821505256	0.05611397784	0.06547387221	0.05135193546	-0.04050660015	0.05069438232	-0.02608869649	-0.003457697298	-0.02732294986	0.1628597217	0.04895382264	0.05015441111	-0.03837104686	0.2575123589	0.1414917863	-0.04050660015	-0.03837104686	-0.03837104686	0.04895382264	0.04895382264	0.05974537979	0.2533179591	0.04895382264	0.169990058	0.08046312891	0.1914294711	-0.08750365623	0.01153717329	-0.08750365623	-0.03837104686	0.06998076558	0.04948303555	-0.069664783	0.0482684001	0.04425326451	-0.03837104686	0.04742963127	0.06621098287	0.1907298156	-0.07370412911	0.1907298156	-0.04895382264	0.0627270466	-0.0887944825	0.1564230636	0.08046312891	-0.03837104686	0.07818904033	0.05242107316	0.08046312891	0.0806484986	-0.02855329818	0.3839480866	0.2701063433	-0.1840718583	-0.04254685345	0.2676877035	-0.04821505256	0.01552333718	-0.1863880432	-0.0652886201	-0.04290015727	-0.04050660015	-0.1863880432	0.2005589519	0.0825926131	0.2045053009	-0.0633885938	0.08331955859	-0.0633885938	-0.1863880432	-0.04290015727	0.5458005989	0.05871569567	0.1886069765	-0.03837104686	-0.03837104686	0.07753311372	-0.1824270548	0.04827913344	0.5458005989	0.004101673631	0.08935236132	0.01076379124	0.03215156349	0.03315021878	0.2093859386	0.04337411598	0.2093859386	0.5649791122	0.5811885565	-0.04639158238	0.5649791122	0.5173469492	0.03559980459	0.03634259613	-0.06618707951	-0.06618707951	-0.03374040606	-0.03374040606	-0.06618707951	0.1997309037	0.5649791122	-0.173837004	0.03752540835	0.03634259613	-0.1808005146	-0.03374040606	-0.06618707951	0.5649791122	0.2443955398	0.4339140312	-0.03374040606	0.03836227447	-0.06664332495	-0.1815637831	0.1628597217	-0.1808005146	0.05264698684	0.0409034471	-0.06664332495	0.0409034471	0.05498255121	0.05498255121	0.1160035252	0.1160035252	-0.4506142286	0.09676961821	-0.2542528035	0.007983085985	0.1193221125	0.4444937416	0.6437736461	0.02299620193	0.8628897535	0.8213884855	-0.007705445326	0.09037328708	0.08294891859	0.8969924308	0.09965052656	-0.2516740677	0.8969924308	-0.04254685345	0.1017808026	-0.09314630895	-0.04639158238	-0.008734877121	-0.04437115416	-0.04254685345	0.9152382142	0.1099794228	-0.03837104686	1	-0.04639158238	0.03579943767	0.05242107316	-0.03837104686	-0.04254685345	0.03048276811	0.1731152145	0.1598889564	-0.001986185919
chr11_2119159_G_A	0.1587727127	-0.04078542707	-0.09702719822	0.01181206032	-0.03183576757	-0.03465407772	0.01099234098	0.1158911752	0.01099234098	0.01099234098	0.01099234098	-0.07146221107	-0.03356768478	0.119527482	0.08901310831	-0.07484979557	0.08151196635	-0.04072831933	0.03818288992	0.03818288992	0.0705149277	0.03818288992	0.05568880944	0.05568880944	0.06444175443	-0.07895112803	0.1965535661	-0.05624729719	0.006630658259	-0.1544183171	-0.1544183171	-0.1544183171	0.02972698611	0.3497204561	0.1444822247	0.02972698611	0.3741754344	0.1045675707	0.1045675707	0.02972698611	0.02972698611	0.03043987066	-0.06901557421	0.02972698611	0.07994437315	0.1444822247	0.02972698611	0.3741754344	-0.02733776199	-0.0291011227	-0.0291011227	-0.02704916069	0.1594432569	-0.1652623515	-0.06407307634	-0.04748301873	0.003436669628	0.03146761463	-0.04748301873	-0.04045203216	0.006727968244	0.003436669628	0.03146761463	0.3288673669	0.03076759167	-0.0291011227	0.02872692659	-0.03012240357	0.2437152268	0.0585660441	0.03043987066	0.3497204561	0.1587637318	0.2142903598	0.3288673669	0.3497204561	0.3497204561	0.0585660441	0.0585660441	0.04682766783	0.3680567242	0.0585660441	0.1626681085	-0.04565751875	0.397895102	-0.1647304428	0.4223014346	-0.1647304428	0.3497204561	0.05723340602	0.05919916947	-0.1347022365	0.0582173278	-0.1526445974	0.3497204561	0.05290626612	-0.02000470118	0.1337577196	-0.1676433393	0.1337577196	-0.02940906088	0.02206056764	-0.1661783781	0.04208854103	-0.04565751875	0.3497204561	0.04475455224	-0.04224149322	-0.04565751875	0.04678373855	-0.03114070621	0.1931157292	0.1528952656	-0.2473387049	-0.03569645977	0.1509174606	-0.04045203216	0.3606632888	-0.228579651	-0.09842181643	-0.05367508112	0.3288673669	-0.228579651	0.1153229936	-0.004479922007	0.0735665558	-0.08130734009	0.02206056764	-0.08130734009	-0.228579651	-0.05367508112	0.2364528298	0.01952445374	0.1074527333	-0.03219299242	-0.03219299242	0.01854093565	-0.2248011997	-0.04365894124	0.2364528298	-0.04078542707	-0.00428213417	0.4659484579	-0.03492746854	-0.03414338224	-0.05263612844	0.02447215662	-0.05263612844	0.1737105133	0.2275761247	-0.03892215569	0.1737105133	0.05214554102	0.3497204561	-0.1851519785	-0.05407581724	-0.05407581724	0.2955222721	0.2955222721	-0.05407581724	0.04284986794	0.1737105133	-0.2421036747	-0.2115979998	-0.1851519785	-0.2231606571	-0.02830792291	-0.05407581724	0.1737105133	0.01151881518	0.225391728	0.2955222721	0.04500815193	-0.02574813875	-0.1116913774	0.1563052178	-0.2231606571	-0.165557281	0.05227878119	-0.02574813875	0.05227878119	-0.1628545263	-0.1628545263	0.00963467407	0.00963467407	-0.4445248814	-0.04863851931	-0.2827810987	0.1371575316	0.007489645735	-0.01897385436	0.1819327073	-0.06836447818	0.0699111524	0.1118479752	-0.04879098258	0.04990552183	0.06720885128	0.1162018489	0.05665694173	-0.2721308744	0.1162018489	-0.03569645977	0.05848701374	0.2305640379	1	-0.02097599998	-0.08599637884	0.9171244278	0.06308017868	0.05765207811	0.1587637318	-0.04639158238	1	-0.07741091102	-0.04224149322	0.7316339047	0.9171244278	-0.05027523113	0.235401555	0.3631732736	-0.04614628525
chr11_2119283_C_T	0.04075947079	-0.01074796357	0.2025187111	0.1882937654	-0.1545676228	-0.1377646882	0.1868182809	0.1936407256	0.1868182809	0.1868182809	0.1868182809	0.06895515352	-0.146645289	0.2005414424	-0.01695809433	0.07134112464	0.1067428796	-0.1492065679	-0.1536556764	-0.1536556764	-0.07059236371	-0.1536556764	0.1345129309	0.1345129309	0.02352222075	0.06932554417	0.03091110454	-0.1224872634	-0.1458849693	0.161889473	0.161889473	0.161889473	0.06732922751	-0.01465518656	0.02594743692	0.06732922751	-0.06027661845	0.03017083282	0.03017083282	0.06732922751	0.06732922751	0.06864291747	-0.1471626856	0.06732922751	0.0312592738	0.02594743692	0.06732922751	-0.06027661845	-0.1685034737	-0.1852664735	-0.1852664735	-0.1817047793	0.0152537016	0.1723839667	0.02417580279	-0.02544837023	0.03917738853	0.05565389798	-0.02544837023	-0.0804536287	0.06382581433	0.03917738853	0.05565389798	-0.02068284188	0.05417313762	-0.1852664735	0.1916176082	-0.1870460356	0.01185363973	0.05153193403	0.05359611244	-0.06402751409	-0.01465518656	-0.1580484298	-0.02068284188	-0.06402751409	-0.06402751409	0.05153193403	0.05153193403	0.1849697365	0.001434741139	0.05153193403	0.01872205649	0.05924052131	-0.0241397325	0.1742136113	-0.0006896025318	0.1742136113	-0.06402751409	0.04790000272	0.03684880749	0.1608395951	0.04999805822	0.05203562511	-0.06402751409	-0.1366127935	0.01280751174	0.03429874822	0.1724638702	0.03429874822	-0.1872269003	-0.149606279	0.1733394675	-0.1593044945	0.05924052131	-0.06402751409	-0.152486185	0.4990349929	0.05924052131	-0.1488475335	-0.1888249386	0.01277950491	-0.15019342	0.1732608596	-0.02620377056	-0.1538101887	-0.0804536287	0.005240123208	0.1705630367	-0.1512604395	-0.1782597625	-0.02068284188	0.1705630367	0.0152537016	-0.1483009959	0.01872205649	-0.1746630324	-0.149606279	-0.1746630324	0.1705630367	-0.1782597625	-0.01634469795	-0.1494004971	0.008325189563	0.03471714097	0.03471714097	-0.1512069808	0.1741362684	0.1809959334	-0.01634469795	-0.08111670615	0.02103596875	-0.03785194084	0.1154231417	0.1171432046	0.05099711055	0.05696822405	0.05099711055	-0.01143051002	-0.02100713132	0.04656564032	-0.01143051002	0.02897337218	-0.01465518656	0.08222535925	-0.178138651	-0.178138651	-0.000482576876	-0.000482576876	-0.178138651	0.04242067062	-0.01143051002	0.08323620701	0.08416478427	0.08222535925	0.1750102288	-0.05630063553	-0.178138651	-0.01143051002	-0.135075372	0.02641528531	-0.000482576876	-0.1349047479	-0.1780545242	0.1615706178	0.03445371108	0.1750102288	0.08784893734	0.05277353857	-0.1780545242	0.05277353857	0.07714252521	0.07714252521	-0.06150080632	-0.06150080632	0.02137712419	0.08401101427	0.1435226632	-0.06163619716	0.07758225225	-0.05733370833	-0.006227404657	-0.1599394816	-0.005227775759	-0.01688262722	-0.02969383451	0.1751674497	0.1754047742	0.01158131151	0.1463731644	0.1881678382	0.01158131151	-0.02620377056	0.1367086308	-0.1405084324	-0.07741091102	-0.08514731775	0.6825264683	-0.07099543748	0.01605336359	0.145154688	-0.01465518656	0.03579943767	-0.07741091102	1	0.5676288303	-0.06402751409	-0.07099543748	-0.06981955458	-0.1214048377	-0.0894596521	-0.09177872907
chr11_2119780_C_A	0.008528053375	0.01220505526	0.2481677708	0.2377113969	-0.1482995001	-0.1524019183	0.2370330511	0.1871088844	0.2370330511	0.2370330511	0.2370330511	0.1298252053	-0.1503933666	0.1916068868	0.04471312394	0.1227223191	-0.04888247383	-0.1486884025	-0.1469920424	-0.1469920424	-0.07670026853	-0.1469920424	0.1789008108	0.1789008108	-0.0490247742	0.06412014065	-0.06866741605	-0.07619331226	-0.09597360121	0.155201048	0.155201048	0.155201048	0.05484022653	-0.03493845721	-0.04431766176	0.05484022653	-0.03289167297	-0.0577294501	-0.0577294501	0.05484022653	0.05484022653	0.05532738113	-0.08902481521	0.05484022653	-0.04191659966	-0.04431766176	0.05484022653	-0.03289167297	-0.0763975631	-0.077630258	-0.077630258	-0.07559104367	-0.0663737069	0.1431201408	0.0115700752	0.05919051042	-0.05509863518	0.05639866376	0.05919051042	-0.04390183976	0.0606622331	-0.05509863518	0.05639866376	-0.03688296859	0.05592304545	-0.077630258	0.1063719198	-0.07864767872	-0.06752599927	0.05425371934	0.05532738113	-0.03493845721	-0.03493845721	-0.121186309	-0.03688296859	-0.03493845721	-0.03493845721	0.05425371934	0.05425371934	0.1027589025	-0.08280755855	0.05425371934	-0.06520997466	-0.04955125775	-0.04888247383	0.1441940923	-0.04390183976	0.1441940923	-0.03493845721	0.05266678581	0.05484022653	0.1366842371	0.05375484695	0.06946046208	-0.03493845721	-0.09631254164	0.005421166906	-0.06212813229	0.1436351597	-0.06212813229	-0.07845171498	-0.1050197658	0.1439134362	-0.1099955391	-0.04955125775	-0.03493845721	-0.106131038	0.8899111675	-0.04955125775	-0.1041831977	-0.0796637701	-0.015700369	-0.07656494599	0.1087525098	-0.0387407053	-0.07854230071	-0.04390183976	-0.04224149322	0.1073148798	-0.09114235804	-0.07330368002	-0.03688296859	0.1073148798	-0.0663737069	-0.1041034907	-0.06520997466	-0.07123142639	-0.1050197658	-0.07123142639	0.1073148798	-0.07330368002	0.06810288191	-0.1042730263	-0.06711071945	-0.03493845721	-0.03493845721	-0.1052407065	0.1091749225	0.006348600606	0.06810288191	-0.04426366706	-0.05840133067	-0.04095892697	0.08966243106	0.0906242097	-0.05712501333	0.04938526918	-0.05712501333	0.07303488681	0.0635022951	-0.04224149322	0.07303488681	-0.008596722953	-0.03493845721	0.06195707588	-0.07354534196	-0.07354534196	-0.03072206337	-0.03072206337	-0.07354534196	-0.05965995035	0.07303488681	0.03254990987	0.06298824957	0.06195707588	0.1095974033	-0.03072206337	-0.07354534196	0.07303488681	-0.06824905308	-0.0185533645	-0.03072206337	-0.1034113638	-0.0737949326	0.1027216458	-0.06752599927	0.1095974033	0.05734581203	0.04718185936	-0.0737949326	0.04718185936	0.05943909995	0.05943909995	-0.0490247742	-0.0490247742	-0.03338168259	0.1958593462	0.0864999328	-0.0609019015	0.05931474567	0.005141812936	0.07835049537	-0.1109191101	0.04550646325	0.03487419497	-0.05295194788	0.1233513284	0.117088266	0.03623173267	0.1024513068	0.1287057934	0.03623173267	-0.0387407053	0.0831056906	-0.1015748798	-0.04224149322	-0.07213616117	0.4048199932	-0.0387407053	0.03919515555	0.08782733517	-0.03493845721	0.05242107316	-0.04224149322	0.5676288303	1	-0.03493845721	-0.0387407053	-0.006140056555	-0.0967766947	-0.05994257536	-0.05008170696
chr11_2119781_G_A	0.1073454672	-0.03373412703	-0.05426910814	-0.02280816892	-0.02223806275	-0.02453155794	-0.02351677511	0.007560804937	-0.02351677511	-0.02351677511	-0.02351677511	-0.03176030716	-0.02366284214	0.009774400043	0.05434636137	-0.03501405184	0.1139412135	0.02361385113	0.01550703247	0.01550703247	0.1195963784	0.01550703247	0.05390153092	0.05390153092	0.09359532868	-0.03564933831	0.1546124388	-0.09559098094	-0.04234371957	-0.06602211348	-0.06602211348	-0.06602211348	0.06250702836	0.315581854	0.1662007097	0.06250702836	0.3373644601	0.08165631449	0.08165631449	0.06250702836	0.06250702836	0.0626154491	-0.1028296302	0.06250702836	0.08810062608	0.1662007097	0.06250702836	0.3373644601	-0.09526098354	-0.09566064208	-0.09566064208	-0.09425532536	0.1602604599	-0.07505099924	-0.05299562741	-0.03927378725	0.02276880509	0.06339142879	-0.03927378725	-0.03345837202	0.03205285664	0.02276880509	0.06339142879	0.2970201832	0.06328957804	-0.06119102339	0.09793002391	-0.06196241266	0.2618280959	0.06183852598	0.0626154491	0.315581854	0.2015121631	0.1661232934	0.2970201832	0.315581854	0.315581854	0.06183852598	0.06183852598	0.09531233856	0.3350520101	0.06183852598	0.1632047275	-0.03776389383	0.3407343363	-0.09959573634	0.4272580998	-0.09959573634	0.315581854	0.06093875266	0.06250702836	-0.07542760626	0.06172344554	-0.1288379777	0.315581854	0.008701368412	-0.05560401406	0.1237977843	-0.1017096796	0.1237977843	-0.06183852598	0.01336110435	-0.1006468504	0.008305423996	-0.03776389383	0.315581854	0.01067586867	-0.03493845721	-0.03776389383	0.01231091722	-0.06273287262	0.2120365716	0.0874184408	-0.1738784575	-0.02952497975	0.08580980294	-0.03345837202	0.254242094	-0.175597848	-0.07137825789	-0.05793713882	0.2970201832	-0.175597848	0.1075491996	0.01324453155	0.1099791256	-0.05636730733	0.01336110435	-0.05636730733	-0.175597848	-0.05793713882	0.2149571673	0.04228988604	0.1511073607	-0.02662721893	-0.02662721893	0.04145563013	-0.1725575269	-0.03611084586	0.2149571673	-0.03373412703	0.01466569916	0.2266841762	-0.05683446919	-0.05621021929	-0.04353598751	0.02297950696	-0.04353598751	0.1370279298	0.2070976013	-0.03219299242	0.1370279298	0.03937647067	0.315581854	-0.1326842893	-0.02333805198	-0.02333805198	0.234509951	0.234509951	-0.02333805198	-0.04546790805	0.1370279298	-0.1781318075	-0.1648029484	-0.1326842893	-0.171252058	-0.02341383029	-0.02333805198	0.1370279298	0.00487757611	0.1623160517	0.234509951	0.04194042264	-0.02393680172	-0.1081067505	0.1573978094	-0.171252058	-0.1056789033	0.05699585407	-0.02393680172	0.05699585407	-0.1035541856	-0.1035541856	0.02811633865	0.02811633865	-0.2862311346	-0.04022951596	-0.2112390379	0.1267662683	-0.00142787433	0.0007710340133	0.1436208629	-0.1018595308	0.03050267104	0.0875292589	-0.0403556202	0.02612055728	0.07750414271	0.02365511977	0.0798836856	-0.1850542244	0.02365511977	-0.02952497975	0.08134493036	0.1800963075	0.7316339047	-0.0006265099711	-0.05992373646	0.5913942914	0.02584438204	0.07041047254	0.2015121631	-0.03837104686	0.7316339047	-0.06402751409	-0.03493845721	1	0.7983673818	-0.04158326039	0.1416746244	0.2866953376	-0.0381681586
chr11_2119803_C_T	0.1818690321	-0.03740531146	-0.0771997117	0.04408311634	-0.09976121468	-0.1029934498	0.04336256925	0.1406162521	0.04336256925	0.04336256925	0.04336256925	-0.05313485421	-0.1014825073	0.1442599278	0.07289162147	-0.05644664669	0.02727544605	-0.06767722898	-0.01966833457	-0.01966833457	0.0924648989	-0.01966833457	0.1008659397	0.1008659397	0.07737925706	-0.04306141032	0.1766535929	-0.1059938623	-0.03045834386	-0.1136333849	-0.1136333849	-0.1136333849	0.04446403741	0.384421201	0.1353325228	0.04446403741	0.4106128425	0.06521047488	0.06521047488	0.04446403741	0.04446403741	0.04489955689	-0.1140202721	0.04446403741	0.06477381725	0.1353325228	0.04446403741	0.4106128425	-0.07389384019	-0.07479950441	-0.07479950441	-0.07311375225	0.1351937318	-0.1236057725	-0.05876298347	-0.04354783638	0.01219064063	0.0458085225	-0.04354783638	-0.03709954685	0.01818566605	0.01219064063	0.0458085225	0.3621178408	0.04538295342	-0.07479950441	0.07181125284	-0.07564111497	0.2271610904	0.04398850185	0.04489955689	0.384421201	0.1774481106	0.1783737756	0.3621178408	0.384421201	0.384421201	0.04398850185	0.04398850185	0.09244471306	0.371514721	0.04398850185	0.13804364	-0.04187362576	0.4387789147	-0.1230748813	0.4644670541	-0.1230748813	0.384421201	0.04261936017	0.04446403741	-0.09604604974	0.04354287417	-0.1564023906	0.384421201	-0.01906493288	-0.01047253959	0.1027663049	-0.12552073	0.1027663049	-0.07559100732	-0.01079310684	-0.1242909024	0.01236700544	-0.04187362576	0.384421201	-0.01326653446	-0.0387407053	-0.04187362576	-0.01149483073	-0.07648198225	0.2214026166	0.1089703611	-0.2129152259	-0.03273809524	0.1071782643	-0.03709954685	0.310783863	-0.2148705956	-0.1152826025	-0.07134051858	0.3621178408	-0.2148705956	0.08737291126	-0.01069893927	0.08975619737	-0.1017204954	-0.01079310684	-0.1017204954	-0.2148705956	-0.07134051858	0.2637518992	0.01575038377	0.1267765983	-0.02952497975	-0.02952497975	0.0148500888	-0.2113722826	-0.04004068151	0.2637518992	-0.03740531146	0.004331875593	0.3553412326	-0.04470923656	-0.04400114441	-0.04827387918	0.007538610942	-0.04827387918	0.1955132243	0.2543588065	-0.03569645977	0.1955132243	0.06825683738	0.2809346558	-0.2208452271	-0.07142411228	-0.07142411228	0.2080322682	0.2080322682	-0.07142411228	0.00259719019	0.1955132243	-0.2844584063	-0.2496509282	-0.2208452271	-0.209847699	-0.0259618876	-0.07142411228	0.1955132243	-0.018964478	0.1754672563	0.2080322682	-0.01217576912	-0.07151920882	-0.08638511316	0.132419626	-0.209847699	-0.1990961767	0.03796276108	-0.07151920882	0.03796276108	-0.1964499354	-0.1964499354	0.01797526989	0.01797526989	-0.4908051818	-0.04460757419	-0.2855012841	0.1056477855	-0.01157223245	-0.00993288723	0.2041848209	-0.08325386027	0.08394670631	0.1296948711	-0.04474740198	0.05166272413	0.07157970987	0.1347434658	0.06694062491	-0.2550250916	0.1347434658	-0.03273809524	0.06859524572	0.2379164959	0.9171244278	-0.01165186574	-0.07378670265	0.8122294372	0.07696210467	0.06318277215	0.1774481106	-0.04254685345	0.9171244278	-0.07099543748	-0.0387407053	0.7983673818	1	-0.04610864259	0.2309265728	0.3672290563	-0.04232188546
chr11_2120123_C_T	0.05123420289	-0.003006309441	-0.1134200903	-0.1129017759	0.1640115375	0.1622534679	-0.1140809989	-0.04107785222	-0.1140809989	-0.1140809989	-0.1140809989	-0.09787730213	0.1784520172	-0.0380965237	0.08699876274	-0.08435591308	-0.05817923287	0.2012584299	0.1536899091	0.1536899091	0.02181313568	0.1536899091	-0.09576500979	-0.09576500979	-0.05834859676	0.0347450199	-0.08172699283	0.4137728588	0.3715994774	-0.2171338093	-0.2171338093	-0.2171338093	0.06653578183	0.02812394422	-0.07020396516	0.06653578183	0.03467931887	-0.06870877959	-0.06870877959	0.06653578183	0.06653578183	0.06709952389	0.3845365913	0.06653578183	-0.06749477769	-0.07020396516	0.06653578183	0.03467931887	0.4283762069	0.4193404292	0.4193404292	0.4238538933	-0.07899705246	-0.231123817	-0.01141195013	0.03607008769	-0.06557762068	0.0683720767	0.03607008769	-0.05225135224	0.0734371415	-0.06557762068	0.0683720767	0.02233051342	0.06782192917	0.4193404292	-0.2752657215	0.4171186892	-0.08036849463	0.0658241926	0.06709952389	0.02812394422	-0.04158326039	0.3202819512	0.02233051342	0.02812394422	0.02812394422	0.0658241926	0.0658241926	-0.2667506187	-0.04448671904	0.0658241926	-0.07761199471	-0.05897521007	0.03421524679	-0.2304639526	0.004056782006	-0.2304639526	0.02812394422	0.08556310006	0.06653578183	-0.2214472649	0.06524664294	0.06335234818	0.02812394422	0.2959655109	-0.01788380581	-0.07394402927	-0.2189195154	-0.07394402927	0.4237777469	0.346448123	-0.2324049048	0.3532911075	-0.05897521007	0.02812394422	0.3358463679	-0.006140056555	-0.05897521007	0.3389246555	0.4149196785	-0.06594467057	0.3209980679	-0.229203575	-0.04610864259	0.3183572304	-0.05225135224	0.008070940115	-0.2317858622	0.375350935	0.4139469298	0.02233051342	-0.2317858622	-0.04678556339	0.3434254366	-0.045086195	0.4187049236	0.3270425542	0.4187049236	-0.2317858622	0.4139469298	-0.006508771766	0.3345451978	-0.0489752831	-0.04158326039	-0.04158326039	0.3330289581	-0.2273054345	-0.05639367407	-0.006508771766	-0.003006309441	-0.03334737866	0.003784839972	-0.2561422587	-0.255312793	-0.03135535415	0.06005727171	-0.03135535415	-0.003197224289	-0.009646469562	-0.05027523113	-0.003197224289	-0.03128149797	-0.04158326039	0.05462089031	0.4072242266	0.4072242266	-0.03656496774	-0.03656496774	0.4072242266	-0.03529740117	-0.003197224289	0.05366810762	0.05587853274	0.05462089031	-0.2254288821	-0.03656496774	0.4072242266	-0.003197224289	0.3359622028	-0.04139496638	-0.03656496774	0.3317806762	0.4007482983	-0.213940663	-0.04846017926	-0.2254288821	0.04877761335	0.05744078611	0.4007482983	0.05744078611	0.05133802939	0.05133802939	-0.01833483574	-0.01833483574	0.02924942301	0.01008573574	0.0991016421	-0.03720807673	0.07178294775	-0.01696224921	0.0003140097415	-0.03907644186	0.02351889179	0.01357171628	-0.06302266365	-0.2994131755	-0.2948601045	0.01410001855	-0.3332905367	-0.253663121	0.01410001855	0.01713127432	-0.348989676	-0.08619910385	-0.05027523113	-0.05264269172	-0.1059449407	-0.04610864259	0.01711948134	-0.3393802224	0.02812394422	0.03048276811	-0.05027523113	-0.06981955458	-0.006140056555	-0.04158326039	-0.04610864259	1	-0.06252317722	-0.0537502327	0.04031360414
chr11_2120298_A_G	0.002997133305	0.0293772205	-0.04399938862	-0.03984804763	0.04225906469	0.04700213089	-0.03178149185	-0.03583185074	-0.03178149185	-0.03178149185	-0.03178149185	-0.009642254223	0.03850815827	-0.03021095214	0.08742942802	-0.008943778997	0.2394626454	0.07713197307	0.1185952517	0.1185952517	0.03541913915	0.1185952517	-0.007905248669	-0.007905248669	0.3664255399	0.07774036636	0.4999165671	0.02970280267	0.09696085133	-0.2933308388	-0.2933308388	-0.2933308388	0.07117470562	0.01241670679	0.3533557488	0.07117470562	0.02182977583	0.4951279398	0.4951279398	0.07117470562	0.07117470562	0.05963803575	0.07706946155	0.07117470562	0.3468097986	0.3533557488	0.07117470562	0.02182977583	0.06644224821	0.1386395316	0.1386395316	0.1441777308	0.4770916482	-0.3182333306	-0.03653953063	0.01162457561	0.5196744565	0.07511759953	0.01162457561	0.1161471226	0.01941599332	0.5196744565	0.07511759953	0.004010975388	0.07355244305	0.1386395316	-0.08637562472	0.1358941952	0.4885725257	0.08357100835	0.0727689992	0.01241670679	0.1416746244	0.4237499148	0.004010975388	0.01241670679	0.01241670679	0.08357100835	0.08357100835	-0.04689568444	0.47689117	0.08357100835	0.4855708227	0.4453548783	0.1252447238	-0.3169216992	0.01173507198	-0.3169216992	0.01241670679	0.07975313487	0.08447444867	-0.2957301992	0.08211732743	0.07871826423	0.01241670679	0.3612212177	-0.004851463464	0.4291030272	-0.3231079109	0.4291030272	0.1269490635	0.3568643223	-0.3199972546	0.409527079	0.4453548783	0.01241670679	0.3666478625	-0.06684664741	0.4453548783	0.3717311151	0.1331641664	0.4332144539	0.4075421385	-0.3340308431	-0.08178180092	0.3917015735	0.1161471226	-0.0170445276	-0.3384348556	0.2782630699	0.07446623076	0.004010975388	-0.3384348556	0.4970015462	0.3656406746	0.5056749959	0.05316936476	0.3568643223	0.05316936476	-0.3384348556	0.07446623076	0.1195033796	0.4010880842	0.545879271	-0.03066926576	-0.03066926576	0.3985515894	-0.3215617291	-0.01237672145	0.1195033796	0.4899447889	0.569599476	0.04341939091	-0.06267886932	-0.06086743599	0.4907825164	0.08606109786	0.4907825164	0.09655158399	0.1413195764	-0.05310825368	0.09655158399	0.4838548444	0.184760597	0.0510216474	0.110397593	0.110397593	0.1299895794	0.1299895794	0.110397593	0.5141376676	0.09655158399	0.01335233946	0.04078864487	0.0510216474	-0.3185471292	-0.01614341429	0.110397593	0.09655158399	0.3864307339	0.4890619115	0.1299895794	0.397773684	0.119517261	-0.3123164053	0.5280175388	-0.3185471292	0.06538514513	0.1083420319	0.119517261	0.1083420319	0.07000137673	0.07000137673	0.5890178296	0.5890178296	-0.1263372456	0.4969655663	-0.2986091482	0.6127849107	0.1208102101	0.5208976506	0.1396471745	-0.1338040118	0.182872492	0.2261415703	0.5346895963	-0.2430690459	-0.2623857547	0.2095312548	0.1556398179	-0.3717224541	0.2095312548	-0.003604707478	0.1597915529	-0.06967621387	0.235401555	0.7715152702	-0.1568139503	0.1918380261	0.1922561309	0.1466754594	-0.03066926576	0.1731152145	0.235401555	-0.1214048377	-0.0967766947	0.1416746244	0.2309265728	-0.06252317722	1	0.8669454248	0.01779843532
chr11_2120805_A_G	0.03597106596	0.007401164272	-0.03132346532	-0.0111275326	0.06325827808	0.06887943066	-0.002590922026	-0.001658817473	-0.002590922026	-0.002590922026	-0.002590922026	-0.001698321748	0.05978154444	0.003905382575	0.133169125	-0.01149533078	0.2864480993	0.04929616071	0.09465957493	0.09465957493	0.02618871664	0.09465957493	0.01426403592	0.01426403592	0.2348590729	0.0530975767	0.4491172643	0.04170573622	0.07709779953	-0.2726978775	-0.2726978775	-0.2726978775	0.07555480859	0.1087288221	0.3690234735	0.07555480859	0.1233018072	0.4492071589	0.4492071589	0.07555480859	0.07555480859	0.07694054167	0.04189012524	0.07555480859	0.3299092607	0.3690234735	0.07555480859	0.1233018072	0.06609353899	0.08736985028	0.08736985028	0.09239441992	0.423572019	-0.2960776571	-0.001181163533	0.05330054864	0.4465110604	0.07912821529	0.05330054864	-0.01512150987	0.07439189863	0.4465110604	0.07912821529	0.0959930306	0.07776889708	0.08736985028	-0.04689619877	0.08487716552	0.4771617092	0.08833352324	0.07694054167	0.1087288221	0.1087288221	0.4018952708	0.0959930306	0.1087288221	0.1087288221	0.08833352324	0.08833352324	-0.0049016187	0.5088594941	0.08833352324	0.4312947513	0.4697039323	0.2569620446	-0.2948422611	0.1645758848	-0.2948422611	0.1087288221	0.08489882227	0.0892884485	-0.2889663002	0.08709672938	0.01434688052	0.1087288221	0.3077858676	0.03145355627	0.4554142382	-0.300628068	0.4554142382	0.08829436831	0.3361321948	-0.2977187752	0.3800003166	0.4697039323	0.1087288221	0.3353598813	-0.05994257536	0.4697039323	0.3401172607	0.08239708301	0.4806224873	0.3942251778	-0.3224154105	-0.076772625	0.3782888178	-0.01512150987	0.06525099006	-0.3265711599	0.2508191666	0.01871932211	0.0959930306	-0.3265711599	0.5263692567	0.3331995127	0.5350950556	0.00978014527	0.3237463106	0.00978014527	-0.3265711599	0.01871932211	0.1657950335	0.3228447861	0.498100839	-0.02474606447	-0.02474606447	0.3205063133	-0.309794654	-0.003390746286	0.1657950335	0.5147007203	0.5074344828	0.1200134022	-0.002712621536	-0.0009633793284	0.5181145169	0.07826535858	0.5181145169	0.1427500416	0.1558547642	-0.04646986628	0.1427500416	0.5147792987	0.1087288221	-0.01221871465	0.01613491843	0.01613491843	0.09001845558	0.09001845558	0.01613491843	0.5427339667	0.1427500416	-0.06448740164	-0.02290636157	-0.01221871465	-0.3069342113	-0.01058187964	0.01613491843	0.1427500416	0.3348982534	0.5210208267	0.09001845558	0.3201769511	0.02700578696	-0.2777833315	0.5586254794	-0.3069342113	0.01575680728	0.1156554326	0.02700578696	0.1156554326	0.02025197337	0.02025197337	0.6434888357	0.6434888357	-0.2452984884	0.5236395168	-0.3125940583	0.6448456402	0.1380064323	0.5724759861	0.1184489571	-0.1627425344	0.1993784364	0.1939200301	0.532283328	-0.2541313873	-0.2614671616	0.201468699	0.167852056	-0.4135340726	0.201468699	0.003954953409	0.1717149695	-0.006741620376	0.3631732736	0.810980789	-0.1368790829	0.3268652671	0.1829077381	0.1523572761	0.0197455644	0.1598889564	0.3631732736	-0.0894596521	-0.05994257536	0.2866953376	0.3672290563	-0.0537502327	0.8669454248	1	0.02830381331
chr11_2121017_G_A	-0.06953203883	-0.0483553883	-0.01726745844	0.175989036	-0.07001865834	-0.07365620624	0.1751693535	0.2458838899	0.1751693535	0.1751693535	0.1751693535	0.01817371054	-0.05302587947	0.2511707088	0.07790150917	0.01245724667	-0.0534011563	-0.03288710634	-0.05265707085	-0.05265707085	-0.08546951915	-0.05265707085	0.1137905334	0.1137905334	-0.05355661087	0.09959570386	-0.07501501314	0.0407700898	0.03311952863	0.06704376555	0.06704376555	0.06704376555	0.08959922468	-0.0381681586	0.3542618329	0.08959922468	-0.03593217019	-0.06306594462	-0.06306594462	0.08959922468	0.08959922468	0.08975463783	0.04203592745	0.08959922468	0.3603106492	0.3542618329	0.08959922468	-0.03593217019	0.03894192546	0.06051615596	0.06051615596	0.0633363765	-0.07250927415	0.05394520543	0.5934942244	0.857609927	-0.06019193789	0.09086694761	0.857609927	0.01808020162	0.09530472234	-0.06019193789	0.09086694761	-0.04029242008	0.09072095205	0.06051615596	0.00963466688	0.05911763231	-0.0737680841	0.08864097572	0.08975463783	-0.0381681586	-0.0381681586	0.01021049724	-0.04029242008	-0.0381681586	-0.0381681586	0.08864097572	0.08864097572	0.02365676131	-0.05875478523	0.08864097572	-0.07123796681	-0.05413176241	0.0007807186593	0.05496070773	-0.04796011377	0.05496070773	-0.0381681586	0.08735121689	0.08959922468	-0.1963551362	0.08847601638	0.1042032297	-0.0381681586	0.2982875	0.5672519681	-0.06787123978	0.05352370109	-0.06787123978	0.06115651734	0.01915215972	0.05424421635	0.03435689482	-0.05413176241	-0.0381681586	0.01530307201	-0.05008170696	-0.05413176241	0.01764679376	0.05772656627	-0.02097421306	0.03971372451	0.03678354023	-0.04232188546	0.03746755435	0.01808020162	-0.04614628525	0.03501376053	0.03782980221	0.04312419812	-0.04029242008	0.03501376053	-0.0347304181	0.01898506118	-0.03309047532	0.04595134275	0.01915215972	0.04595134275	0.03501376053	0.04312419812	0.06731565771	0.0163353436	-0.03707495392	-0.0381681586	-0.0381681586	0.01517469478	0.03756413128	-0.0517622398	0.06731565771	0.009906138574	-0.02138886664	-0.04474515894	0.048720025	0.04972794129	-0.01943985024	0.08396614127	-0.01943985024	0.07249663416	0.06247889227	-0.04614628525	0.07249663416	0.02146860191	-0.0381681586	0.09571453773	0.04127831204	0.04127831204	-0.03356200247	-0.03356200247	0.04127831204	-0.02329399196	0.07249663416	0.06518727898	0.09679653242	0.09571453773	0.03833984086	-0.03356200247	0.04127831204	0.07249663416	0.05031488368	0.008045360052	-0.03356200247	0.01620035613	0.0394867468	0.02818470012	0.001078480762	0.03833984086	0.1154655205	0.1073319827	0.0394867468	0.1073319827	0.117565132	0.117565132	0.04030270212	0.04030270212	-0.03088801663	-0.01490938479	0.1001393091	0.01621560088	0.1163237819	0.03945637223	0.01417887756	-0.1225522032	-0.007189407262	-0.01377726578	-0.002088912634	0.07779077235	0.07025911137	-0.01431356942	0.09253057959	0.0890475059	-0.01431356942	0.03184828754	0.09466005976	-0.06300799768	-0.04614628525	0.03805512015	-0.08589626587	-0.04232188546	-0.01201874679	-0.2590328521	-0.0381681586	-0.001986185919	-0.04614628525	-0.09177872907	-0.05008170696	-0.0381681586	-0.04232188546	0.04031360414	0.01779843532	0.02830381331	1
