variant_id	chr11_2040128_A_G	chr11_2063051_C_T	chr11_2063598_G_A	chr11_2063846_C_T	chr11_2064769_A_G	chr11_2065099_T_C	chr11_2065330_T_C	chr11_2065765_C_A	chr11_2065900_C_T	chr11_2066031_T_G	chr11_2066970_G_A	chr11_2067320_C_T	chr11_2068243_A_AT	chr11_2068717_A_G	chr11_2068776_A_G	chr11_2068968_C_T	chr11_2069125_TCTCCATACTCCATTTTCCACA_T	chr11_2070333_C_T	chr11_2070570_C_T	chr11_2070813_A_C	chr11_2070926_A_T	chr11_2070993_T_G	chr11_2070994_C_T	chr11_2072097_C_T	chr11_2072504_T_C	chr11_2072719_A_T	chr11_2073182_A_G	chr11_2073378_C_T	chr11_2073444_A_G	chr11_2073476_A_C	chr11_2073913_A_G	chr11_2074316_C_T	chr11_2074376_A_G	chr11_2074576_C_A	chr11_2074632_A_C	chr11_2074763_T_TG	chr11_2074764_A_G	chr11_2075149_A_G	chr11_2075252_T_C	chr11_2075577_G_A	chr11_2075720_C_G	chr11_2075736_C_T	chr11_2076043_C_A	chr11_2076311_A_C	chr11_2076798_T_C	chr11_2076844_T_C	chr11_2076994_T_C	chr11_2077046_CCA_C	chr11_2077056_T_G	chr11_2077271_C_T	chr11_2077310_A_G	chr11_2077486_A_G	chr11_2078005_C_G	chr11_2078638_T_C	chr11_2078742_G_A	chr11_2078745_A_T	chr11_2078858_A_AT	chr11_2079295_A_G	chr11_2080254_A_G	chr11_2080612_C_T	chr11_2081637_C_CT	chr11_2081917_A_G	chr11_2082061_G_A	chr11_2082423_C_T	chr11_2082702_C_CA	chr11_2082751_A_G	chr11_2082869_C_T	chr11_2082990_C_T	chr11_2083463_G_A	chr11_2083657_C_G	chr11_2083658_C_T	chr11_2083709_C_T	chr11_2084014_C_T	chr11_2084913_T_C	chr11_2085855_C_T	chr11_2086132_G_A	chr11_2086270_C_T	chr11_2086561_C_G	chr11_2086893_CAGT_C	chr11_2087220_T_C	chr11_2087361_A_G	chr11_2087412_A_T	chr11_2087607_T_C	chr11_2087727_T_G	chr11_2087911_T_C	chr11_2088229_C_T	chr11_2089861_A_G	chr11_2090336_T_G	chr11_2090389_G_A	chr11_2090456_T_G	chr11_2090748_T_C	chr11_2091639_C_T	chr11_2092983_G_C	chr11_2092999_C_G	chr11_2093065_C_T	chr11_2093603_C_A	chr11_2093897_G_A	chr11_2094303_C_T	chr11_2094347_C_T	chr11_2094579_G_A	chr11_2094599_G_A	chr11_2094762_G_A	chr11_2094852_T_C	chr11_2095273_C_T	chr11_2095733_C_A	chr11_2095799_A_G	chr11_2095814_GACA_G	chr11_2095968_T_C	chr11_2096564_C_G	chr11_2096707_G_A	chr11_2096908_C_T	chr11_2096919_G_A	chr11_2097177_C_A	chr11_2097561_T_C	chr11_2097671_G_A	chr11_2097954_C_T	chr11_2098122_C_T	chr11_2098180_AC_A	chr11_2098701_A_AT	chr11_2099684_T_C	chr11_2099854_G_A	chr11_2101283_G_A	chr11_2101317_A_T	chr11_2101345_C_T	chr11_2101692_T_C	chr11_2101804_G_A	chr11_2102033_G_A	chr11_2102842_G_A	chr11_2102978_A_C	chr11_2103039_T_G	chr11_2103063_T_C	chr11_2103073_T_TC	chr11_2104098_C_T	chr11_2104138_A_G	chr11_2104159_C_T	chr11_2104272_G_A	chr11_2105215_T_G	chr11_2106354_T_C	chr11_2106729_G_A	chr11_2106930_T_C	chr11_2107025_C_T	chr11_2107107_G_A	chr11_2107122_C_T	chr11_2107154_G_A	chr11_2107216_C_A	chr11_2107655_C_A	chr11_2107742_G_A	chr11_2107752_C_T	chr11_2107761_C_T	chr11_2107854_G_T	chr11_2108072_G_A	chr11_2108091_G_GAGTC	chr11_2108689_C_T	chr11_2108712_G_C	chr11_2108794_C_T	chr11_2108997_G_A	chr11_2109059_G_A	chr11_2109282_GC_G	chr11_2109320_TG_T	chr11_2109650_G_GC	chr11_2110046_T_C	chr11_2110067_G_A	chr11_2111124_C_G	chr11_2111243_A_G	chr11_2111386_G_C	chr11_2111406_A_C	chr11_2111509_A_G	chr11_2111531_A_G	chr11_2111568_G_A	chr11_2111990_C_T	chr11_2112258_T_C	chr11_2113165_C_T	chr11_2113931_G_A	chr11_2114221_T_C	chr11_2114571_C_G	chr11_2114583_C_T	chr11_2114811_T_C	chr11_2115390_C_T	chr11_2115454_C_T	chr11_2115704_C_T	chr11_2115906_C_T	chr11_2116492_C_G	chr11_2116493_T_A	chr11_2116519_C_T	chr11_2116686_G_C	chr11_2116776_T_C	chr11_2116887_C_T	chr11_2117403_A_G	chr11_2117677_C_T	chr11_2118063_A_ACT	chr11_2118282_A_G	chr11_2118338_C_CGCTCTGAG	chr11_2118403_A_C	chr11_2118815_G_A	chr11_2118860_T_G	chr11_2119046_G_A	chr11_2119119_G_T	chr11_2119159_G_A	chr11_2119781_G_A	chr11_2119803_C_T	chr11_2120298_A_G	chr11_2120805_A_G
chr11_2040128_A_G	1	-0.01056429919	0.04578192458	-0.1474633615	-0.1137669228	0.05184828876	0.05883665389	0.0502329118	0.05184828876	0.05184828876	-0.02382907306	-0.1448391421	0.1069561545	0.07158293565	-0.0271841222	-0.1298269728	-0.0738066279	-0.001113416447	-0.001113416447	-0.04944091455	0.008599011222	0.01948213348	0.01471916964	-0.1254149404	0.01172957498	0.06073075432	0.006032019608	-0.06738366861	-0.06503931228	-0.0682970867	0.004262100015	-0.01751727539	0.04044895408	0.00131251745	-0.02491249995	-0.02614955462	-0.01832260819	0.004262100015	0.004262100015	-0.01390555758	-0.06776361882	0.00131251745	0.02336955077	0.01278329219	0.0005102776456	-0.01716861823	0.004026096874	0.01525682565	0.01525682565	-0.02334229271	0.03586896456	-0.01838207183	-0.05109689151	0.00131251745	0.004230762319	-0.05380611117	0.00131251745	-0.00560675077	0.0005102776456	0.004721387499	-0.03499031523	0.02092293703	0.009744016142	0.03757708491	-0.005554418518	-0.01026406805	0.058628632	0.03265438498	-0.007712906532	-0.005658738766	-0.005658738766	0.03150770483	0.03757708491	0.007406126529	0.02911607702	0.03455574953	0.02895316929	-0.04888451402	0.005689934642	-0.02645937966	-0.02966553856	-0.02645937966	-0.007754718066	0.08578534343	0.02141132075	-0.02177405704	0.02141132075	0.05139530576	-0.01193656273	0.03713655461	0.09327464957	0.01751632197	-0.02902921559	0.02382807639	0.01606392694	0.03729922761	-0.02558870101	0.06667992777	-0.04888451402	-0.009752790013	0.06223706381	-0.04888451402	0.05984425283	-0.009703870804	-0.0379058634	-0.03213571663	0.1124328827	-0.05840486393	-0.02167638835	0.1146259841	-0.07822131992	0.01416163976	-0.02140260168	0.1146259841	0.03129496982	0.06133154324	0.04371649207	-0.03623077356	0.04175008551	-0.03623077356	0.1066823233	0.0240323259	-0.1220607184	0.04943794957	0.03908585838	0.05151082578	0.1187441149	-0.1536197914	-0.005708296642	-0.01566225273	-0.04087258262	-0.04333274519	0.05796689465	0.05493997133	0.05796689465	-0.1453172931	-0.07757173789	-0.1369469913	-0.0135675934	0.01419098115	0.002269669676	-0.01319777001	-0.01796719766	-0.0371937811	-0.0371937811	-0.01319777001	0.05181860881	-0.1369469913	0.1089202662	0.0442486183	0.04268635693	0.08624037478	-0.006878198919	-0.1369469913	-0.08753481476	-0.09781428223	-0.03599101564	0.01874104035	0.03772513943	0.08420955077	0.00346985048	0.09597695509	0.004296703069	0.06807855614	0.003835924882	0.06807855614	0.04854489861	0.05083423995	-0.05165222238	-0.03880634446	0.1162136053	-0.05224249313	0.007778866048	0.01747191371	0.04669093487	0.0004673918981	-0.05614492646	0.03105495713	0.05536207775	-0.07083110933	-0.06872751563	0.004893304689	0.008901922593	-0.05815869605	0.1374558038	0.02242559001	-0.05665389198	0.1374558038	0.07948357816	0.09423116083	-0.01770945802	0.02177012741	0.09138331883	-0.07045264417	0.1401042742	-0.005098199769	-0.05170673282	0.08833588348	0.01965027557	0.05429358151	-0.004343043565	0.001632770095
chr11_2063051_C_T	-0.01056429919	1	0.5793942824	-0.1505523085	-0.2051860783	0.5743284757	0.3775362996	0.5732879696	0.5743284757	0.5743284757	0.4555109546	-0.152175466	0.04376399101	0.05039234482	0.4592225045	-0.1342341884	-0.1984563124	-0.3440202923	-0.3440202923	-0.2333720363	-0.3382241553	0.3462731994	0.3421693153	-0.08601138637	-0.01560170675	-0.08406540003	0.04283142713	0.004297054232	0.00281389477	0.004466813702	-0.09779602634	-0.03199028808	-0.06789013207	-0.09056126864	-0.02347745971	-0.1033786087	-0.1051402356	-0.09779602634	-0.09779602634	-0.1910496344	-0.04330627138	-0.09056126864	-0.08651528062	-0.07281307594	-0.09484088128	-0.02486795454	0.08036380913	0.1007277231	0.1007277231	0.09802997681	-0.08654858538	0.01525441702	-0.09847329298	-0.09056126864	-0.0877411802	-0.08507063645	-0.09056126864	-0.03837889387	-0.09484088128	0.06952338982	-0.1341666252	0.05673022969	-0.06499810593	-0.06737544658	-0.06826316844	-0.02751412026	0.005664936227	-0.04664857551	-0.03592804574	-0.03435500696	-0.03435500696	-0.06489363313	-0.06737544658	-0.09218938544	-0.08523228286	-0.07041788008	-0.07296878095	-0.09737120257	-0.02603590631	0.0227580597	-0.0650200995	0.0227580597	-0.03612281106	-0.08274918671	-0.1140789908	0.01636581397	-0.1140789908	0.006168068479	-0.02841419389	-0.03682781377	-0.1077313424	-0.06274444051	0.01347071525	-0.06428871073	-0.00722389466	-0.06802377207	0.01180518875	0.01756212443	-0.09737120257	-0.02547651404	-0.01211831793	-0.09737120257	-0.007814591462	0.06433891918	-0.06417430031	-0.02502462827	0.05769969001	-0.01691349561	-0.07181494425	0.05391604112	-0.08332690954	0.05453802714	-0.04463433331	0.05391604112	-0.06655453632	-0.004694447164	-0.06655453632	-0.0481809014	0.001582229802	-0.0481809014	0.06516943946	0.04625805973	-0.0209064502	-0.0222756565	-0.0706192039	-0.02369750794	0.08408355426	-0.07159734342	-0.0997037954	-0.06647880217	-0.05064738608	-0.05704680154	-0.1336235129	0.006097199406	-0.1336235129	-0.08444541911	-0.03993525259	-0.08570600677	-0.0777422353	0.08283841646	-0.05850813944	-0.051789075	-0.04205907139	0.04628425835	0.04628425835	-0.051789075	-0.1483247682	-0.08570600677	0.004426992875	-0.01964021396	-0.02115070496	0.05744969719	-0.05531660415	-0.08570600677	-0.1819710029	-0.1184061852	0.0414810238	-0.09078426919	-0.0502591333	0.05984381355	-0.06675585097	0.08626096203	-0.06422232958	0.02490188048	-0.058106199	0.02490188048	-0.02791473747	-0.02947480864	-0.07885040808	-0.08379831735	0.1045739737	-0.07664798015	-0.01194481697	0.004952135003	-0.07239357869	-0.04374449056	0.02475091203	-0.003870412268	0.07879397905	-0.07047944672	-0.03343450329	-0.0943232315	0.01258754978	-0.03426663121	-0.02512774453	-0.03243427704	-0.03746623648	-0.02512774453	-0.03747223057	-0.01072359724	-0.08659365192	0.02415755994	0.00785344398	-0.02827470578	-0.01295699944	0.0934745359	-0.05554781027	-0.0227678932	-0.07574767614	-0.03716739783	0.07635819392	0.0198306865
chr11_2063598_G_A	0.04578192458	0.5793942824	1	-0.3122941555	-0.3836470168	0.9950005379	0.8867111274	0.9933388271	0.9950005379	0.9950005379	0.3012828583	-0.3107737354	0.7572069328	0.1142275435	0.3088489801	-0.2894812441	-0.3569308016	-0.5533032696	-0.5533032696	-0.3956230612	-0.5481842896	0.5643597605	0.5705629202	-0.1041228802	0.03392231415	-0.02521476395	0.02764034166	0.0579159287	0.05533443843	0.05737149411	-0.05722966783	-0.1172466893	-0.0296584446	-0.04066891863	-0.1315845964	-0.08571734392	-0.08416772198	-0.05722966783	-0.05722966783	-0.1090006909	-0.05850694431	-0.04066891863	-0.07558451541	-0.06944457698	-0.05892318057	-0.1194335329	0.04867751854	0.05992150071	0.05992150071	0.0732348927	-0.08193154174	0.09635447598	-0.1296178927	-0.04066891863	-0.04238535097	-0.1214120685	-0.04066891863	-0.118882243	-0.05892318057	0.0526825621	-0.09508766775	0.05452832117	-0.08310879204	-0.04238732793	-0.04319000514	-0.1237032611	-0.02351439994	-0.1080632081	-0.1060497318	-0.1165978666	-0.1165978666	-0.038696019	-0.04238732793	-0.06695103488	-0.1354371525	-0.04054940037	-0.07232050977	-0.1333637412	-0.07724453122	0.0978670835	-0.1096682555	0.0978670835	-0.1151638971	-0.002641513064	-0.06863988587	0.09249446749	-0.06863988587	0.01829202989	-0.1123060886	-0.0458057279	-0.02910516324	-0.06996921281	0.0947779666	-0.07249362254	0.01723993714	-0.06164637243	0.09249446749	-0.01221561121	-0.1333637412	-0.1208982264	-0.02741761627	-0.1333637412	-0.02383033135	0.05750370327	-0.01196290331	-0.1040402263	0.2147586113	-0.09422827747	-0.1020884908	0.2135980565	-0.06593950576	0.03913799738	-0.1092311164	0.2135980565	-0.06146249298	-0.03271281399	-0.06521831325	-0.02006875511	-0.0307812189	-0.02006875511	0.2137026682	0.02993401273	-0.07493261664	-0.03896638338	-0.07182923428	-0.04128907437	0.2009685414	-0.102403419	-0.1126759105	-0.08431223874	-0.002600680965	-0.01402497741	-0.09259100139	0.02342764004	-0.09259100139	-0.1155927015	-0.08591070426	-0.1177980252	-0.09773430957	0.06388111164	0.01934337338	-0.04438435685	-0.03057187296	0.0474651589	0.0474651589	-0.04438435685	-0.07028276304	-0.1177980252	0.1061423586	0.03749535536	0.03524071648	0.1408353672	-0.04063061264	-0.1177980252	-0.1526396122	-0.09711057854	0.05439751071	-0.03418913189	-0.03414085899	0.07902132503	-0.01853643028	0.1866368728	0.06811953458	0.04904557185	-0.02991307873	0.04904557185	0.04020878403	0.04143251856	-0.07035222733	-0.08128740909	0.1068973658	-0.09325703321	-0.0138548638	-0.07291619646	0.01008834919	0.03767580143	0.01459652784	-0.02988209709	0.1752744335	-0.1218534488	-0.1025536692	-0.09587642334	-0.0602709939	-0.02657487314	-0.0125274558	-0.006669957783	-0.02773898288	-0.0125274558	-0.003153184457	-0.01051105114	-0.06581730024	0.01054878243	0.005787370765	-0.0104223559	-0.01462568158	-0.0222100281	-0.03322829625	-0.01798347768	-0.02737705473	0.01383301315	0.06199872014	0.004316086355
chr11_2063846_C_T	-0.1474633615	-0.1505523085	-0.3122941555	1	0.8670168758	-0.3162157744	-0.2620624543	-0.3137570106	-0.3162157744	-0.3162157744	-0.1247213744	0.9974699835	-0.2572333267	0.04566045328	-0.1270846603	0.914722759	0.7105274581	0.5520005447	0.5520005447	-0.2583278197	0.5538125511	-0.5241038458	-0.5243006963	0.06648319021	-0.06944312704	0.03239111244	-0.07545993757	-0.149461511	-0.1505117493	-0.153150772	0.09368304039	0.2785866422	0.04760825177	0.0896892986	0.2721314235	0.1778427389	0.1756024965	0.09368304039	0.09368304039	0.09943457697	0.1249869185	0.0896892986	0.03412927937	0.03777732654	0.08845722139	0.2603176188	-0.05121144931	0.003681664982	0.003681664982	-0.01428363564	0.03119882884	-0.1498172079	0.2980348104	0.0896892986	0.09195806299	0.2943795067	0.0896892986	0.2503399273	0.08845722139	-0.009537146639	0.08187134986	-0.01438364058	0.03610356312	0.1045420652	0.09136866761	0.2516519519	-0.1410659543	0.1812845943	0.2589140502	0.2623944324	0.2623944324	0.0998349608	0.1045420652	0.06995030703	0.1820954859	0.1021973447	0.0481677975	0.304941201	0.1701815906	-0.1471481604	0.1736145846	-0.1471481604	0.2603176188	0.0444195232	0.09813739594	-0.1396844274	0.09813739594	-0.08817222511	0.2561811564	0.03721313105	-0.1064198369	0.05075255677	-0.1471330523	0.04914255755	0.008905315595	0.05717491927	-0.1439397231	0.03576070235	0.304941201	0.2476367896	0.04524712133	0.304941201	0.04137111487	-0.007887270498	-0.03863853039	-0.004715562744	-0.1404771712	-0.004234850749	0.1640275576	-0.1387338565	0.2582564096	-0.01735267984	0.2254769788	-0.1387338565	0.06536198136	0.03114709183	0.06536198136	-0.006405364593	0.02792353992	-0.006405364593	-0.1328393363	-0.04293964568	-0.06666725413	0.03895970827	0.07367571062	0.03752449899	-0.1317993435	-0.05929745455	0.2760244959	0.1825583695	0.1124906143	0.11968181	0.118877384	0.01997527003	0.118877384	-0.06954130565	-0.08628011766	-0.06032608484	-0.01413822565	-0.1103471342	-0.09470531175	0.02462573847	0.01991169533	-0.08516277645	-0.08516277645	0.02462573847	0.118877384	-0.06032608484	-0.04383602289	-0.1037795194	-0.1013551887	-0.04153480403	0.01991169533	-0.06032608484	0.02587950376	-0.03429579151	-0.08784821257	0.03118416067	0.02223620331	0.05310894021	0.01971646815	-0.1042556074	-0.1632932545	0.01124376964	0.1111204877	0.01124376964	-0.1110270929	-0.1129056784	0.2787183302	0.2838930055	0.01352287556	0.2472143321	-0.03369512384	0.0829571762	0.0485022143	0.04097084442	-0.03154806312	-0.135018806	-0.09757983192	-0.05278752731	-0.09579963812	-0.05253396585	-0.01989619133	-0.09678562863	0.02485659565	-0.05288386034	-0.09560113646	0.02485659565	0.01499697334	-0.01024082226	0.2712458289	0.03143251156	-0.06482350626	-0.08033091984	0.03624287225	0.1437694523	-0.05404330502	0.001049447951	0.05640994693	0.01824998678	0.1078556128	0.1269963682
chr11_2064769_A_G	-0.1137669228	-0.2051860783	-0.3836470168	0.8670168758	1	-0.3880906749	-0.3194058425	-0.3862331009	-0.3880906749	-0.3880906749	-0.1584410134	0.8643281798	-0.2978305652	0.04549537905	-0.1610493835	0.8000981141	0.77086891	0.6250724047	0.6250724047	-0.261085055	0.6253168755	-0.5925165888	-0.5936427866	0.03040857837	-0.08952146042	0.05211994544	-0.01193774218	-0.1915784265	-0.1887788866	-0.1917513404	0.09116851536	0.2630981947	0.05951525375	0.09206647146	0.2536929862	0.2132661333	0.2106909388	0.09116851536	0.09116851536	0.09601464267	0.08353124406	0.09206647146	0.07478456046	0.07533172552	0.08696587586	0.2519921848	-0.05962535301	-0.002161939334	-0.002161939334	-0.0277822009	0.05498307385	-0.1935293828	0.2768205588	0.09206647146	0.09469660389	0.2728765629	0.09206647146	0.2392540875	0.08696587586	-0.01037460004	0.07587260562	-0.005380942139	0.05243932276	0.101008677	0.08846030929	0.2405080115	-0.1553807433	0.2196243422	0.2458500912	0.25432806	0.25432806	0.09545659959	0.101008677	0.06797598545	0.2199318247	0.09824350656	0.06849557273	0.2837941894	0.1969546069	-0.1905296664	0.2008584075	-0.1905296664	0.2519921848	0.06414406877	0.09755974621	-0.1820091657	0.09755974621	-0.1449001807	0.2473386527	0.05346765954	-0.1265942784	0.06116766837	-0.1856805503	0.05932714694	0.018845453	0.07251306878	-0.1859067929	0.04894934823	0.2837941894	0.2359871793	0.0637016949	0.2837941894	0.06120447511	-0.0003843774648	-0.06554172181	-0.01811973696	-0.1539907159	-0.02310211357	0.1952932355	-0.1519927453	0.2513364507	-0.01183721452	0.2216575089	-0.1519927453	0.06733085559	0.06274089353	0.06733085559	0.08715771994	0.06191869432	0.08715771994	-0.146484759	0.005933802213	-0.1149255717	0.06943669818	0.07067518695	0.06781077168	-0.1452637446	-0.1035453967	0.266397926	0.1904142178	0.07646143533	0.08414170242	0.1005980909	0.02085108043	0.1005980909	-0.08987950261	-0.09887014887	-0.08169297218	-0.04102060517	-0.06647064205	-0.07111928871	0.1261252629	0.1194044826	-0.0395226745	-0.0395226745	0.1261252629	0.1005980909	-0.08169297218	-0.004810271824	-0.08230816362	-0.08038972163	-0.06535096289	0.1194044826	-0.08169297218	0.03274392508	-0.02750710988	-0.04358485347	0.09170176925	0.1094438877	0.01695670353	0.04440646127	-0.1294291528	-0.1363323474	0.01080168099	0.1003441068	0.01080168099	-0.0910517926	-0.09308362787	0.2634587085	0.2735758399	0.03440364773	0.2226882306	-0.03658052857	0.07886326201	0.03810414	0.01481725073	-0.06095380391	-0.1012331984	-0.1251631793	-0.06281451091	-0.10282994	-0.01069423237	-0.001040428939	-0.08746955424	0.01233230646	-0.05008232288	-0.08604059315	0.01233230646	0.04713628242	0.02821659468	0.2552306046	0.006366392561	-0.00969310841	-0.1045545189	0.02350293275	0.1412672527	-0.06839654721	0.03010940301	0.08249020792	0.04526475148	0.08448023614	0.101264435
chr11_2065099_T_C	0.05184828876	0.5743284757	0.9950005379	-0.3162157744	-0.3880906749	1	0.8829208633	0.9983296501	1	1	0.2984508124	-0.3147130152	0.7548835864	0.1154275345	0.3059877883	-0.2930327997	-0.362039831	-0.5604046156	-0.5604046156	-0.3894298147	-0.5553093336	0.5717152571	0.5778648115	-0.09836096741	0.02593135552	-0.03057704832	0.02293865439	0.0581602706	0.05556565437	0.05756736627	-0.07276519697	-0.1170901462	-0.03522803081	-0.05555171478	-0.1315647208	-0.0891636285	-0.08763162593	-0.07276519697	-0.07276519697	-0.1204109651	-0.05984139364	-0.05555171478	-0.08078204357	-0.0748244928	-0.07436773192	-0.1194476512	0.04579242987	0.05738632839	0.05738632839	0.07058294004	-0.08729028902	0.09606899921	-0.1320009665	-0.05555171478	-0.05718583531	-0.1238242821	-0.05555171478	-0.1190444686	-0.07436773192	0.04970847763	-0.1033820155	0.05149525149	-0.08855590626	-0.05910987888	-0.0588355943	-0.1238602585	-0.02694177554	-0.1160028964	-0.1060822205	-0.1165968802	-0.1165968802	-0.05563922012	-0.05910987888	-0.07588606486	-0.1414716787	-0.05738142493	-0.07751603628	-0.1357512902	-0.07903650167	0.09761043204	-0.1113473764	0.09761043204	-0.1151841976	-0.00106381905	-0.07857315632	0.09232395081	-0.07857315632	0.01532456813	-0.1123688585	-0.04934488411	-0.02184163149	-0.07509713528	0.09457269651	-0.07395336526	0.01505895682	-0.06401727626	0.09232395081	-0.01562343875	-0.1357512902	-0.1210967926	-0.03089121873	-0.1357512902	-0.02726842332	0.05474687887	-0.01097023123	-0.1072496823	0.2142414245	-0.09737371602	-0.103565756	0.2131017306	-0.06824746201	0.0359883887	-0.1095930084	0.2131017306	-0.06271251629	-0.03611956034	-0.06646289838	-0.02184163149	-0.0342662417	-0.02184163149	0.2129800454	0.02658613641	-0.07502923972	-0.0423176179	-0.07304766427	-0.044654104	0.2002810448	-0.1022095135	-0.1146836527	-0.08565672489	-0.005224746363	-0.01639583604	-0.09014846118	0.01815982271	-0.09014846118	-0.1152017022	-0.08721513439	-0.1174249147	-0.09752017153	0.05913273481	0.01595977382	-0.04589139794	-0.03212312645	0.0439037555	0.0439037555	-0.04589139794	-0.06787252367	-0.1174249147	0.102727182	0.03376395628	0.03148578652	0.1400929411	-0.04216730175	-0.1174249147	-0.1513348153	-0.09788225978	0.05084286509	-0.03593674368	-0.03587320711	0.08118178151	-0.01965354126	0.1862172195	0.06431811955	0.043082991	-0.03117952492	0.043082991	0.03614077015	0.03733399403	-0.0723430795	-0.08314144419	0.1065777003	-0.09538407619	-0.01792790083	-0.07647230136	0.01315502515	0.04003550839	0.009822938823	-0.02405901385	0.1768131822	-0.1186340716	-0.1010207619	-0.09850901868	-0.06270129051	-0.02565530327	-0.01011257381	-0.006439157351	-0.02679927004	-0.01011257381	-0.003102986699	-0.0112288154	-0.06763131622	0.009505291832	0.005884183138	-0.009203810547	-0.01218958649	-0.02166099792	-0.03077324188	-0.01847749024	-0.02632886355	0.01405940643	0.05760131185	0.004125764385
chr11_2065330_T_C	0.05883665389	0.3775362996	0.8867111274	-0.2620624543	-0.3194058425	0.8829208633	1	0.8814990583	0.8829208633	0.8829208633	-0.1736910582	-0.2600601641	0.8471508952	0.1190411434	-0.1622232491	-0.2424666057	-0.3185890423	-0.4898927079	-0.4898927079	-0.3684755572	-0.4837542539	0.500966997	0.5085001186	-0.09793825092	0.03267049419	-0.04989950305	0.07465545455	0.06712412231	0.06483885823	0.06413003155	0.01578915956	-0.09062172382	-0.05411388212	0.02516977336	-0.106117935	-0.06798620045	-0.06589011441	0.01578915956	0.01578915956	-0.06377224681	-0.08197084862	0.02516977336	-0.09243942034	-0.08985482604	0.01304108466	-0.09358961351	0.0663058012	0.08046636746	0.08046636746	0.1031574135	-0.1046203413	0.1008617499	-0.1109995894	0.02516977336	0.02247234261	-0.1019278366	0.02516977336	-0.08980961617	0.01304108466	0.09447455577	-0.07925236989	0.09857430077	-0.1097655395	0.043989232	0.03129851024	-0.09895151805	-0.07163246336	-0.06525003045	-0.07992743074	-0.08671699666	-0.08671699666	0.05012674916	0.043989232	-0.0459280144	-0.117633335	0.04704282722	-0.09800160833	-0.1152315943	-0.03248999418	0.09448318418	-0.07146683604	0.09448318418	-0.08477034849	0.08663682302	0.01239046342	0.09407832217	0.01239046342	0.02794369166	-0.08969376491	-0.03702084359	-0.002753217745	-0.09875886608	0.09723605829	-0.1009371012	0.04257470746	-0.07823284003	0.09407832217	-0.01091659084	-0.1152315943	-0.09512698045	-0.02110252769	-0.1152315943	-0.01857385965	0.09175864452	-0.006929076063	-0.07403713806	0.1903449973	-0.06940279039	-0.05738649021	0.1886268674	-0.05470914127	0.08654619783	-0.08383833468	0.1886268674	-0.08491481032	-0.02040695211	-0.08879377989	-0.002753217745	-0.01995913676	-0.002753217745	0.1863432239	0.06911621413	-0.06923493066	-0.03395853101	-0.09535598037	-0.03596653803	0.1899832137	-0.09504071791	-0.1168412253	-0.03501441231	0.03969776784	0.02206811282	-0.09308248513	0.04285685902	-0.09308248513	-0.1086003762	-0.04968040398	-0.1104493216	-0.06969093341	0.06825441874	0.02416060366	-0.04787911523	-0.0428115334	0.01298050893	0.01298050893	-0.04787911523	-0.06428285834	-0.1104493216	0.1040843745	0.03666741577	0.03473131668	0.132079465	-0.0428115334	-0.1104493216	-0.1439281203	-0.1103299371	0.01694068485	-0.05539367144	-0.02589577657	0.0845649722	-0.04371029742	0.1728815046	0.06787056132	0.05937069981	-0.02235197858	0.05937069981	0.03230194666	0.03394017391	-0.06860373061	-0.08549531153	0.05707180264	-0.1012997213	-0.01803130126	-0.1193837863	0.0778630648	-0.009644947542	0.02145522115	0.002024330091	0.1902135648	-0.1346660625	-0.09735190926	-0.02486336692	-0.0429640776	-0.006223648112	0.03371547283	-0.0006727205572	-0.007755051154	0.03371547283	0.02529070182	0.02749600294	-0.0636631065	-0.02535786599	0.03325842392	0.00980620302	0.02334446476	-0.07952074619	-0.02765150914	0.02325206345	0.007500256669	0.03835472163	0.08063169238	0.01204669709
chr11_2065765_C_A	0.0502329118	0.5732879696	0.9933388271	-0.3137570106	-0.3862331009	0.9983296501	0.8814990583	1	0.9983296501	0.9983296501	0.297843635	-0.3122614737	0.7537016094	0.115957189	0.3053793907	-0.2902118058	-0.3598423546	-0.560082209	-0.560082209	-0.3878055889	-0.5550011379	0.5715855333	0.5777244612	-0.09959972871	0.02796521267	-0.02884433622	0.02139851868	0.05947424132	0.05686865777	0.05885780307	-0.0718833876	-0.1186274536	-0.03361728633	-0.05461412013	-0.1331533333	-0.08586167534	-0.08434048414	-0.0718833876	-0.0718833876	-0.1192763855	-0.06035323743	-0.05461412013	-0.07898166438	-0.07314676937	-0.07348131781	-0.1210089255	0.04488307414	0.05660657302	0.05660657302	0.06977914961	-0.08557927128	0.0972314175	-0.1329433271	-0.05461412013	-0.05624375742	-0.1247671405	-0.05461412013	-0.1206234556	-0.07348131781	0.04877389029	-0.101947641	0.05054303028	-0.0869016016	-0.05828812894	-0.0579504761	-0.1254502168	-0.02811365194	-0.1166402294	-0.1076268954	-0.1181510961	-0.1181510961	-0.0548269598	-0.05828812894	-0.07449259803	-0.1415579349	-0.05656441435	-0.07568198738	-0.1366993644	-0.08096419016	0.09878681336	-0.1132636711	0.09878681336	-0.11674273	-0.0005395427233	-0.07774070724	0.09352360257	-0.07774070724	0.01771311448	-0.1139360442	-0.04832092762	-0.02245670938	-0.07320619464	0.09576472099	-0.07206746305	0.01434950663	-0.06254107771	0.09352360257	-0.01450465905	-0.1366993644	-0.1226954544	-0.02980471776	-0.1366993644	-0.02616220736	0.0538903268	-0.01391014915	-0.1073626396	0.2171522136	-0.09745104321	-0.1054494573	0.2160205203	-0.06909301249	0.0349798906	-0.1112183776	0.2160205203	-0.06069761116	-0.03503512169	-0.06445040519	-0.02245670938	-0.03320667826	-0.02245670938	0.2157822516	0.02550101474	-0.07655915838	-0.04125206323	-0.0710648588	-0.04359447851	0.203097595	-0.103697276	-0.107761714	-0.08748919227	-0.006104613496	-0.01720394839	-0.08572140692	0.01947045306	-0.08572140692	-0.1166513337	-0.08900286371	-0.1188734068	-0.09641494605	0.05761780562	0.01485078794	-0.04644501725	-0.03267596728	0.04276701638	0.04276701638	-0.04644501725	-0.06900370925	-0.1188734068	0.1027786346	0.03599439375	0.03371625384	0.1427645155	-0.04272660217	-0.1188734068	-0.1534248102	-0.1004720144	0.04971619069	-0.03778596339	-0.03649058705	0.08199277	-0.02134780743	0.1891516978	0.06312442907	0.04436876429	-0.03163644392	0.04436876429	0.03830710454	0.03950270861	-0.07308762575	-0.08385258124	0.1088633127	-0.09619992863	-0.01494512857	-0.07774282793	0.01419124033	0.03834385428	0.00824408593	-0.02526230271	0.1758642473	-0.12025606	-0.1029189181	-0.09615781826	-0.06102346162	-0.02766331219	-0.009319649237	-0.003501509683	-0.02880927219	-0.009319649237	-0.0002152613769	-0.008764478556	-0.06831165878	0.009168445545	0.008822082941	-0.01111555208	-0.01139193544	-0.02300196494	-0.0325232367	-0.0158999834	-0.02757531398	0.01708740001	0.06012604388	0.006865876268
chr11_2065900_C_T	0.05184828876	0.5743284757	0.9950005379	-0.3162157744	-0.3880906749	1	0.8829208633	0.9983296501	1	1	0.2984508124	-0.3147130152	0.7548835864	0.1154275345	0.3059877883	-0.2930327997	-0.362039831	-0.5604046156	-0.5604046156	-0.3894298147	-0.5553093336	0.5717152571	0.5778648115	-0.09836096741	0.02593135552	-0.03057704832	0.02293865439	0.0581602706	0.05556565437	0.05756736627	-0.07276519697	-0.1170901462	-0.03522803081	-0.05555171478	-0.1315647208	-0.0891636285	-0.08763162593	-0.07276519697	-0.07276519697	-0.1204109651	-0.05984139364	-0.05555171478	-0.08078204357	-0.0748244928	-0.07436773192	-0.1194476512	0.04579242987	0.05738632839	0.05738632839	0.07058294004	-0.08729028902	0.09606899921	-0.1320009665	-0.05555171478	-0.05718583531	-0.1238242821	-0.05555171478	-0.1190444686	-0.07436773192	0.04970847763	-0.1033820155	0.05149525149	-0.08855590626	-0.05910987888	-0.0588355943	-0.1238602585	-0.02694177554	-0.1160028964	-0.1060822205	-0.1165968802	-0.1165968802	-0.05563922012	-0.05910987888	-0.07588606486	-0.1414716787	-0.05738142493	-0.07751603628	-0.1357512902	-0.07903650167	0.09761043204	-0.1113473764	0.09761043204	-0.1151841976	-0.00106381905	-0.07857315632	0.09232395081	-0.07857315632	0.01532456813	-0.1123688585	-0.04934488411	-0.02184163149	-0.07509713528	0.09457269651	-0.07395336526	0.01505895682	-0.06401727626	0.09232395081	-0.01562343875	-0.1357512902	-0.1210967926	-0.03089121873	-0.1357512902	-0.02726842332	0.05474687887	-0.01097023123	-0.1072496823	0.2142414245	-0.09737371602	-0.103565756	0.2131017306	-0.06824746201	0.0359883887	-0.1095930084	0.2131017306	-0.06271251629	-0.03611956034	-0.06646289838	-0.02184163149	-0.0342662417	-0.02184163149	0.2129800454	0.02658613641	-0.07502923972	-0.0423176179	-0.07304766427	-0.044654104	0.2002810448	-0.1022095135	-0.1146836527	-0.08565672489	-0.005224746363	-0.01639583604	-0.09014846118	0.01815982271	-0.09014846118	-0.1152017022	-0.08721513439	-0.1174249147	-0.09752017153	0.05913273481	0.01595977382	-0.04589139794	-0.03212312645	0.0439037555	0.0439037555	-0.04589139794	-0.06787252367	-0.1174249147	0.102727182	0.03376395628	0.03148578652	0.1400929411	-0.04216730175	-0.1174249147	-0.1513348153	-0.09788225978	0.05084286509	-0.03593674368	-0.03587320711	0.08118178151	-0.01965354126	0.1862172195	0.06431811955	0.043082991	-0.03117952492	0.043082991	0.03614077015	0.03733399403	-0.0723430795	-0.08314144419	0.1065777003	-0.09538407619	-0.01792790083	-0.07647230136	0.01315502515	0.04003550839	0.009822938823	-0.02405901385	0.1768131822	-0.1186340716	-0.1010207619	-0.09850901868	-0.06270129051	-0.02565530327	-0.01011257381	-0.006439157351	-0.02679927004	-0.01011257381	-0.003102986699	-0.0112288154	-0.06763131622	0.009505291832	0.005884183138	-0.009203810547	-0.01218958649	-0.02166099792	-0.03077324188	-0.01847749024	-0.02632886355	0.01405940643	0.05760131185	0.004125764385
chr11_2066031_T_G	0.05184828876	0.5743284757	0.9950005379	-0.3162157744	-0.3880906749	1	0.8829208633	0.9983296501	1	1	0.2984508124	-0.3147130152	0.7548835864	0.1154275345	0.3059877883	-0.2930327997	-0.362039831	-0.5604046156	-0.5604046156	-0.3894298147	-0.5553093336	0.5717152571	0.5778648115	-0.09836096741	0.02593135552	-0.03057704832	0.02293865439	0.0581602706	0.05556565437	0.05756736627	-0.07276519697	-0.1170901462	-0.03522803081	-0.05555171478	-0.1315647208	-0.0891636285	-0.08763162593	-0.07276519697	-0.07276519697	-0.1204109651	-0.05984139364	-0.05555171478	-0.08078204357	-0.0748244928	-0.07436773192	-0.1194476512	0.04579242987	0.05738632839	0.05738632839	0.07058294004	-0.08729028902	0.09606899921	-0.1320009665	-0.05555171478	-0.05718583531	-0.1238242821	-0.05555171478	-0.1190444686	-0.07436773192	0.04970847763	-0.1033820155	0.05149525149	-0.08855590626	-0.05910987888	-0.0588355943	-0.1238602585	-0.02694177554	-0.1160028964	-0.1060822205	-0.1165968802	-0.1165968802	-0.05563922012	-0.05910987888	-0.07588606486	-0.1414716787	-0.05738142493	-0.07751603628	-0.1357512902	-0.07903650167	0.09761043204	-0.1113473764	0.09761043204	-0.1151841976	-0.00106381905	-0.07857315632	0.09232395081	-0.07857315632	0.01532456813	-0.1123688585	-0.04934488411	-0.02184163149	-0.07509713528	0.09457269651	-0.07395336526	0.01505895682	-0.06401727626	0.09232395081	-0.01562343875	-0.1357512902	-0.1210967926	-0.03089121873	-0.1357512902	-0.02726842332	0.05474687887	-0.01097023123	-0.1072496823	0.2142414245	-0.09737371602	-0.103565756	0.2131017306	-0.06824746201	0.0359883887	-0.1095930084	0.2131017306	-0.06271251629	-0.03611956034	-0.06646289838	-0.02184163149	-0.0342662417	-0.02184163149	0.2129800454	0.02658613641	-0.07502923972	-0.0423176179	-0.07304766427	-0.044654104	0.2002810448	-0.1022095135	-0.1146836527	-0.08565672489	-0.005224746363	-0.01639583604	-0.09014846118	0.01815982271	-0.09014846118	-0.1152017022	-0.08721513439	-0.1174249147	-0.09752017153	0.05913273481	0.01595977382	-0.04589139794	-0.03212312645	0.0439037555	0.0439037555	-0.04589139794	-0.06787252367	-0.1174249147	0.102727182	0.03376395628	0.03148578652	0.1400929411	-0.04216730175	-0.1174249147	-0.1513348153	-0.09788225978	0.05084286509	-0.03593674368	-0.03587320711	0.08118178151	-0.01965354126	0.1862172195	0.06431811955	0.043082991	-0.03117952492	0.043082991	0.03614077015	0.03733399403	-0.0723430795	-0.08314144419	0.1065777003	-0.09538407619	-0.01792790083	-0.07647230136	0.01315502515	0.04003550839	0.009822938823	-0.02405901385	0.1768131822	-0.1186340716	-0.1010207619	-0.09850901868	-0.06270129051	-0.02565530327	-0.01011257381	-0.006439157351	-0.02679927004	-0.01011257381	-0.003102986699	-0.0112288154	-0.06763131622	0.009505291832	0.005884183138	-0.009203810547	-0.01218958649	-0.02166099792	-0.03077324188	-0.01847749024	-0.02632886355	0.01405940643	0.05760131185	0.004125764385
chr11_2066970_G_A	-0.02382907306	0.4555109546	0.3012828583	-0.1247213744	-0.1584410134	0.2984508124	-0.1736910582	0.297843635	0.2984508124	0.2984508124	1	-0.1256124023	-0.1343005194	-0.002203147452	0.99246451	-0.1165434806	-0.1032172036	-0.1682011598	-0.1682011598	-0.08274587535	-0.1699576279	0.1689121641	0.1665886396	-0.01979716119	0.004875906175	0.04920664836	-0.09509861456	-0.01507508037	-0.01586061896	-0.01005952624	-0.1544702818	-0.06284251014	0.04843320706	-0.1385414333	-0.06142315197	-0.04236693861	-0.04338921551	-0.1544702818	-0.1544702818	-0.100654206	0.04443726234	-0.1385414333	0.02965142088	0.03739947804	-0.1524097925	-0.0613795051	-0.0330661266	-0.03832113758	-0.03832113758	-0.05676204353	0.04125449739	-0.002780049838	-0.04716553362	-0.1385414333	-0.1366342179	-0.04839656415	-0.1385414333	-0.06800137513	-0.1524097925	-0.08263250439	-0.03909047356	-0.08715648803	0.04935870622	-0.1810166316	-0.156552033	-0.05941565783	0.09765245371	-0.09560936305	-0.06104856189	-0.06951387763	-0.06951387763	-0.1858122621	-0.1810166316	-0.04788727545	-0.04587920754	-0.1833996318	0.04807602212	-0.04641616332	-0.09752922105	0.01359764737	-0.08620623759	0.01359764737	-0.07047429391	-0.1843136203	-0.1717655374	0.002988411307	-0.1717655374	-0.01866935389	-0.05423239179	-0.02121635221	-0.05631870227	0.05464637118	0.001339738204	0.05376167496	-0.05108663639	0.03004036243	0.002988411307	-0.003505306339	-0.04641616332	-0.06132866974	-0.01487891745	-0.04641616332	-0.01245294314	-0.06676143029	-0.01119118948	-0.06891672066	0.06487603382	-0.05757446164	-0.09910097728	0.06594753821	-0.02762168999	-0.09513180367	-0.05975908724	0.06594753821	0.04421349083	-0.02759287712	0.04421349083	-0.03707016959	-0.02440198059	-0.03707016959	0.07088034648	-0.0787882605	-0.01681881198	-0.01296376945	0.04366593165	-0.01376987519	0.03624785626	-0.02211063228	0.0009710027069	-0.1073776396	-0.08741567517	-0.0753898192	-0.00524793525	-0.03848808845	-0.00524793525	-0.0222386847	-0.08053419756	-0.02312284702	-0.06444840169	-0.004699807888	-0.008627325987	0.004206315363	0.02317661159	0.07433388445	0.07433388445	0.004206315363	-0.01712767909	-0.02312284702	0.01142259918	0.004243292929	0.00343383677	0.02758310564	0.001750401434	-0.02312284702	-0.02828979083	0.02069743712	0.08093275565	0.04142189285	-0.01931416533	-0.006089732836	0.05066709907	0.04099181402	0.005120193336	-0.01797860945	-0.01761755376	-0.01797860945	0.01902689386	0.01825476695	-0.008363923207	0.003181535538	0.1099934418	0.01028124835	0.007676871238	0.09090750723	-0.1391019078	0.1001460902	-0.01315882014	-0.06782726355	-0.01895848474	0.01818525769	-0.01766389036	-0.1529469622	-0.03977112826	-0.04377120796	-0.09622240854	-0.01282026171	-0.0430923968	-0.09622240854	-0.05887824974	-0.07909970091	-0.008893984553	0.07477020315	-0.05626717961	-0.04242587198	-0.07930183768	0.1167003511	-0.0137491401	-0.08626373273	-0.07378525211	-0.04964010936	-0.03423741387	-0.01565236535
chr11_2067320_C_T	-0.1448391421	-0.152175466	-0.3107737354	0.9974699835	0.8643281798	-0.3147130152	-0.2600601641	-0.3122614737	-0.3147130152	-0.3147130152	-0.1256124023	1	-0.2544525415	0.04618695879	-0.1279814114	0.9124208466	0.7129935795	0.5524341383	0.5524341383	-0.2602882687	0.554223304	-0.5243299398	-0.5245445786	0.06498856877	-0.06691118507	0.03015260578	-0.07221983167	-0.1477815397	-0.1488424413	-0.1514965605	0.0947561605	0.2765835968	0.04958207104	0.09082035043	0.2700814785	0.1762472448	0.1740023435	0.0947561605	0.0947561605	0.1008520216	0.1243127876	0.09082035043	0.03192716151	0.03987207268	0.08954111742	0.2583004049	-0.05232836473	0.002674578417	0.002674578417	-0.0153175006	0.02892896263	-0.1441128465	0.2967609485	0.09082035043	0.09309425166	0.2931012547	0.09082035043	0.2483079519	0.08954111742	-0.01071885521	0.08365695395	-0.01558488341	0.03818159984	0.1055225299	0.09243654254	0.249609327	-0.1423820881	0.1804591256	0.2569077125	0.2603821164	0.2603821164	0.1008044731	0.1055225299	0.07167262433	0.181967311	0.1031723389	0.04595810974	0.3036581965	0.1723299794	-0.1456703096	0.1757624121	-0.1456703096	0.2583004049	0.0450324655	0.0991511261	-0.1381792677	0.0991511261	-0.08931378305	0.254154117	0.0343180346	-0.1070807147	0.04857009597	-0.145633571	0.04695465224	0.008014329324	0.05468597641	-0.1424314324	0.03293243778	0.3036581965	0.2455842292	0.04237167055	0.3036581965	0.03851287206	-0.008978205864	-0.03820999501	-0.004766185877	-0.142205907	-0.004249819028	0.1616720939	-0.1404574434	0.2570804543	-0.01860868554	0.2233987789	-0.1404574434	0.06322613304	0.02831763699	0.06322613304	-0.007139834289	0.025066042	-0.007139834289	-0.1346347707	-0.04426362361	-0.06322615384	0.03616225213	0.07155960061	0.03472026305	-0.1335991172	-0.05569987696	0.2749308594	0.1802381161	0.1113298633	0.1186128515	0.1174523984	0.02155809753	0.1174523984	-0.06583148262	-0.08371566981	-0.05665530626	-0.01269141946	-0.1121758575	-0.09601214458	0.02396304302	0.01924253603	-0.08653286544	-0.08653286544	0.02396304302	0.1174523984	-0.05665530626	-0.04778157164	-0.1052115666	-0.1028000118	-0.04342302353	0.01924253603	-0.05665530626	0.02775269017	-0.03327810573	-0.08920943586	0.02891536164	0.02148892579	0.04997142618	0.01763379892	-0.1060016856	-0.1604196158	0.01278273842	0.1105014397	0.01278273842	-0.1083096998	-0.1101849195	0.277654779	0.2828752762	0.007856646832	0.2461044896	-0.03534938581	0.08139405353	0.04973051819	0.04348232985	-0.02859316417	-0.1363803023	-0.09268824281	-0.04992579832	-0.09375000217	-0.05363219138	-0.0224872126	-0.09494761887	0.02582148879	-0.05451786412	-0.09375186767	0.02582148879	0.01323704407	-0.01220414219	0.2702630107	0.03098759194	-0.06651535348	-0.0783593512	0.03720684291	0.1420315988	-0.05613144414	-0.0008636153264	0.05485630764	0.01653174737	0.1060091881	0.1251063159
chr11_2068243_A_AT	0.1069561545	0.04376399101	0.7572069328	-0.2572333267	-0.2978305652	0.7548835864	0.8471508952	0.7537016094	0.7548835864	0.7548835864	-0.1343005194	-0.2544525415	1	0.1107567626	-0.1210502693	-0.2356560169	-0.306966684	-0.4336832816	-0.4336832816	-0.289677054	-0.4258651259	0.4431038077	0.4527806326	-0.03657448082	0.04855967745	-0.003957019459	0.08150035825	0.02945660872	0.02762574298	0.02801049055	0.008133877188	-0.1115439695	-0.0155678273	0.02491138689	-0.1329287575	-0.03294985816	-0.03004224972	0.008133877188	0.008133877188	-0.08118395618	-0.06763686634	0.02491138689	-0.05180861826	-0.05286979176	0.004254445726	-0.1183273344	0.09853506014	0.1004008764	0.1004008764	0.1219061153	-0.05846472222	0.0746691411	-0.06927562362	0.02491138689	0.02108755889	-0.06531982724	0.02491138689	-0.118246458	0.004254445726	0.106586443	-0.08945228664	0.1149846333	-0.07226001143	0.02820665378	0.01899106319	-0.1283234001	-0.05674551501	-0.05148812703	-0.1033391017	-0.1114860734	-0.1114860734	0.02932508556	0.02820665378	-0.06761889689	-0.1111541858	0.03241958264	-0.05088900935	-0.07404348111	-0.06763603427	0.07049014168	-0.09904914502	0.07049014168	-0.1087086456	0.08587611872	0.004587482798	0.07133660177	0.004587482798	0.04446875332	-0.1127733505	0.01146189482	0.03626438701	-0.0550992728	0.07578123252	-0.05692767949	0.02708955917	-0.03818240111	0.07523422896	0.03358585384	-0.07404348111	-0.1275870871	0.03288243025	-0.07404348111	0.03419254204	0.1103656116	0.01526435861	-0.05817708188	0.1919976776	-0.05232095512	-0.08499717948	0.1942800519	-0.01000872378	0.0954279632	-0.1007039376	0.1942800519	-0.04266420944	0.02070744316	-0.04266420944	0.005728387247	0.01608210231	0.005728387247	0.1853073792	0.07856793671	-0.09102793647	0.00534961995	-0.05467039548	0.003686422495	0.1837655625	-0.108406096	-0.06430203965	-0.06227184251	0.01114808308	0.004138210996	-0.02504260458	0.04144512475	-0.02504260458	-0.1193051347	-0.03520206248	-0.1206673891	-0.01781265651	0.07874594756	0.06016078475	-0.03468531617	-0.02788847159	-0.00130503293	-0.00130503293	-0.03468531617	8.553451281e-05	-0.1206673891	0.1512654771	0.06872195596	0.06721473948	0.1214064365	-0.02788847159	-0.1206673891	-0.1065848788	-0.09139660836	0.004708365619	-0.01616125219	-0.01849126765	0.05391147119	-0.008354481029	0.1563599725	0.1143044621	0.05440419172	-0.008167066365	0.05440419172	0.07374251382	0.07617719709	-0.02351171233	-0.03742633833	0.09587568329	-0.0584249136	-0.016922212	-0.1228048296	0.1054977673	0.03614608943	0.02853084769	0.06735861427	0.1443981398	-0.1147745381	-0.05626145105	0.0005979203404	-0.0529440915	0.01687301207	0.03584669463	0.008114715661	0.01476339034	0.03584669463	0.02769348512	0.02362384189	-0.02562562155	-0.02770798382	0.01971995047	0.0319967284	0.02350293275	-0.1173544675	0.0258358156	0.02076559297	0.02953175082	0.05023072671	0.1110250481	0.01134150216
chr11_2068717_A_G	0.07158293565	0.05039234482	0.1142275435	0.04566045328	0.04549537905	0.1154275345	0.1190411434	0.115957189	0.1154275345	0.1154275345	-0.002203147452	0.04618695879	0.1107567626	1	-0.001225070166	0.07411436433	0.004889066395	0.05336786607	0.05336786607	0.1196220702	0.05452324193	0.2230573692	0.224351582	-0.004949469197	0.1211784375	0.03903394207	0.03947940559	0.05472935595	0.05503180535	0.05583455286	0.298561805	0.05583898237	0.02284931481	0.283275776	0.0601599957	-0.00307065754	-0.002448172353	0.298561805	0.298561805	0.2066344372	-0.03472418311	0.283275776	0.0338830721	0.02916975522	0.2965680498	0.05970027331	0.08440385552	0.03147581636	0.03147581636	0.03460528504	0.03997311072	0.05604220315	-0.02498668496	0.283275776	0.30199153	-0.02409501538	0.283275776	0.06293241721	0.2965680498	0.04913406915	0.163367082	0.05166669522	0.03122950036	0.3246635184	0.3005809861	0.06326224426	0.05337509264	0.1060329083	0.05937838411	0.05916917323	0.05916917323	0.3294576859	0.3246635184	0.178421881	0.07520242836	0.3270428843	0.03266728265	-0.005451626462	0.05279704164	0.05523018935	0.05085602461	0.05523018935	0.05970027331	0.5194176947	0.3154819496	0.05290452522	0.3154819496	0.1114280787	0.06076144958	0.06907560533	-0.008407706552	0.04218039394	0.05391118829	0.0426769472	0.01407855395	0.04547942842	0.05290452522	0.07523363074	-0.005451626462	0.06430980182	0.07778359703	-0.005451626462	0.07651686571	0.04020805504	0.09468301486	0.1156554573	0.001271073147	0.1133537586	0.05755067555	0.0006918536347	-0.04244721336	0.05619227424	0.06814045676	0.0006918536347	0.03582856184	0.06451069265	0.03582856184	-0.03962958313	0.06678956614	-0.03962958313	0.007544471558	0.04768104852	0.05990680557	0.05207952804	0.02256874516	0.05256492335	0.007014737254	0.05330023615	-0.06837135163	0.06625160234	0.1023724026	0.09507735641	-0.01784096793	0.1990662189	-0.01784096793	0.04845257542	0.0905858996	0.04871958364	0.07296468449	0.09786008342	0.08878307999	-0.09381362168	-0.09117050654	0.05449703917	0.05449703917	-0.09381362168	0.001428443511	0.04871958364	0.05698172915	0.08651107317	0.08724245997	-0.002946614957	-0.09117050654	0.04871958364	0.008202051442	0.0773116502	0.05485608346	0.01147392872	-0.06731481962	0.07914233069	0.04329555699	-0.0004720409074	0.05097584099	0.204538755	-0.08554026337	0.204538755	0.0721032354	0.07281015345	0.03524822247	0.03021998139	-0.01076864858	0.04452966557	-0.05815581789	0.04636031284	0.1706999857	0.06281074318	-0.008450445777	-0.03865316192	0.0610858466	-0.02041495776	0.01006675183	0.01383398575	0.07107376791	0.00123740964	0.2647226698	-0.0562184319	0.0007736409623	0.2647226698	0.06820986632	0.07363559081	0.0275494661	-0.07368523742	0.06701751785	0.003802012813	0.2623255961	0.05708897833	0.05044703805	0.06814045676	0.04556293667	0.06369557193	0.08846501412	0.1023017353
chr11_2068776_A_G	-0.0271841222	0.4592225045	0.3088489801	-0.1270846603	-0.1610493835	0.3059877883	-0.1622232491	0.3053793907	0.3059877883	0.3059877883	0.99246451	-0.1279814114	-0.1210502693	-0.001225070166	1	-0.1186695881	-0.106591197	-0.1728049173	-0.1728049173	-0.08596842114	-0.1745626371	0.173702747	0.1713612514	-0.02217283909	0.009122578511	0.0451027183	-0.08027190913	-0.01970202937	-0.02047932787	-0.01472210072	-0.1515998252	-0.06557392542	0.04418270282	-0.1356692631	-0.06425186457	-0.04464339323	-0.04567056734	-0.1515998252	-0.1515998252	-0.1082438253	0.04317444232	-0.1356692631	0.0257266414	0.03330678805	-0.1495394296	-0.06416704842	-0.01198997917	-0.02697341217	-0.02697341217	-0.03264683289	0.03714147003	-0.007738665657	-0.04870729403	-0.1356692631	-0.1337614605	-0.04994333319	-0.1356692631	-0.07078832387	-0.1495394296	-0.06105206109	-0.05396439936	-0.06610667616	0.04513466253	-0.1781369954	-0.1536813885	-0.0622694515	0.09463506027	-0.08944750536	-0.06382107546	-0.07224282722	-0.07224282722	-0.1829294531	-0.1781369954	-0.06343384823	-0.0522229563	-0.1805184749	0.04404836451	-0.04796929919	-0.1009372316	0.008554147112	-0.08961220786	0.008554147112	-0.0732087067	-0.1821242982	-0.1688907409	-0.001939988236	-0.1688907409	-0.01351895764	-0.05708386455	-0.01167576717	-0.05726350505	0.05063052728	-0.003607260679	0.0497395755	-0.03681323473	0.03308074156	-0.001939988236	0.006128492052	-0.04796929919	-0.06419350059	-0.005204591475	-0.04796929919	-0.002743837485	-0.04376585478	-0.01734164134	-0.06176110184	0.06133983921	-0.05040278684	-0.1023731472	0.06241616754	-0.01512123233	-0.07435576346	-0.06270536984	0.06241616754	0.04035744489	-0.01790015148	0.04035744489	-0.01899133433	-0.01478597441	-0.01899133433	0.06720382081	-0.0596557669	-0.01986076126	-0.003484702148	0.03985764066	-0.004291358446	0.03276748983	-0.02499527588	-0.0005692973213	-0.1105172846	-0.09598561055	-0.08380203494	-0.007522170675	-0.03551028402	-0.007522170675	-0.02502405814	-0.07575390398	-0.02589761033	-0.06159659754	0.0005679102179	-0.01094903398	0.00307096725	0.02191332522	0.07143062101	0.07143062101	0.00307096725	-0.01933251466	-0.02589761033	0.01132489935	0.001619112573	0.0007954431286	0.02411539732	0.000612284087	-0.02589761033	-0.03234773346	0.01522128432	0.07800281535	0.03730970802	-0.02046089736	-0.01139358796	0.04680711519	0.03761119098	0.00247274086	-0.01520727044	-0.01844051815	-0.01520727044	0.01608117006	0.01529323803	-0.009794429213	0.001769107313	0.1068266368	0.008622100397	0.004738564349	0.08778795081	-0.1361110975	0.10394096	-0.008029872812	-0.06004358236	-0.02109987607	0.01480312282	-0.01415010546	-0.1469361284	-0.03589738373	-0.04047084621	-0.09396600407	-0.006510620617	-0.03977509633	-0.09396600407	-0.0615481019	-0.08203391996	-0.01019174463	0.07360654715	-0.05893617426	-0.03888234736	-0.07713143275	0.1132061186	-0.009283102005	-0.08905517878	-0.07596001525	-0.05228796191	-0.02876506635	-0.01865695841
chr11_2068968_C_T	-0.1298269728	-0.1342341884	-0.2894812441	0.914722759	0.8000981141	-0.2930327997	-0.2424666057	-0.2902118058	-0.2930327997	-0.2930327997	-0.1165434806	0.9124208466	-0.2356560169	0.07411436433	-0.1186695881	1	0.6354200923	0.513573371	0.513573371	-0.2367646691	0.5163437342	-0.4805088055	-0.4801165772	0.08310965901	-0.1112824785	0.04426406796	-0.132966319	-0.1466098775	-0.1475289413	-0.1498962134	0.09183948638	0.3308920476	0.03232349925	0.08485030195	0.3260061157	0.183349351	0.1812834832	0.09183948638	0.09183948638	0.08718539949	-0.02251622129	0.08485030195	0.03418982237	0.01884486549	0.08598662041	0.313161064	-0.09180058529	-0.04865929758	-0.04865929758	-0.06578238564	0.0340490572	-0.1540518897	0.295452412	0.08485030195	0.08689784088	0.2920427791	0.08485030195	0.3038963764	0.08598662041	-0.04774306428	0.1076803969	-0.05032451311	0.01789423821	0.09104941092	0.08976526959	0.3054890889	-0.1445739098	0.1849035411	0.3114725765	0.3151103716	0.3151103716	0.08674022043	0.09104941092	0.1003179318	0.2074819791	0.08890299499	0.04825324387	0.3020810779	0.1988443148	-0.1516700568	0.2015969588	-0.1516700568	0.313161064	0.0374467009	0.08305726364	-0.1449025883	0.08305726364	-0.1216730125	0.3092803942	0.008563349071	-0.110396417	0.04933504314	-0.1522996923	0.04787308379	-0.0555045441	0.02451552669	-0.1493776904	0.01290291034	0.3020810779	0.3017321514	0.01502945499	0.3020810779	0.01025534443	-0.05363821382	-0.04145741916	-0.03240522384	-0.1467235036	-0.02481201399	0.2131049907	-0.1451566316	0.1933472003	-0.05078260679	0.2800691852	-0.1451566316	0.06133091278	0.004427202478	0.06133091278	-0.09870967266	0.002109887936	-0.09870967266	-0.1466911206	-0.07648564548	-0.06910638738	0.008696025828	0.06536859277	0.007377575023	-0.140429667	-0.06485115532	0.2803055821	0.2305903842	0.1457828034	0.15015	0.1123601328	0.008585272411	0.1123601328	-0.07246898496	-0.08724219771	-0.06251135797	-0.01883257898	-0.1038291197	-0.1419043478	-0.08427750785	-0.0871066326	-0.07892139433	-0.07892139433	-0.08427750785	0.09793456269	-0.06251135797	-0.08716953305	-0.1472669971	-0.1446173198	-0.04338831689	-0.0871066326	-0.06251135797	-0.02736842777	-0.04360067333	-0.08133173734	-0.01541385301	-0.0875904716	0.08382655011	0.01971153733	-0.1094305627	-0.2105021624	0.003521807757	-0.03635394896	0.003521807757	-0.1559714194	-0.1578544014	0.2911371677	0.2933353853	0.001795192755	0.2650650451	-0.06352975697	0.08439501305	0.05064575464	0.05544650114	-0.02403030241	-0.1472369283	-0.0908462769	-0.03623732359	-0.07828776902	-0.05153391226	-0.01759563095	-0.08141865823	0.05602520614	-0.0605267851	-0.08032241561	0.05602520614	0.002119208434	-0.02349414062	0.2893952792	0.008138264664	-0.07712984406	-0.06377707473	0.06740192591	0.1479367329	-0.04418673582	-0.009592077449	0.04336367662	0.01388774136	0.1170617575	0.1179860013
chr11_2069125_TCTCCATACTCCATTTTCCACA_T	-0.0738066279	-0.1984563124	-0.3569308016	0.7105274581	0.77086891	-0.362039831	-0.3185890423	-0.3598423546	-0.362039831	-0.362039831	-0.1032172036	0.7129935795	-0.306966684	0.004889066395	-0.106591197	0.6354200923	1	0.6413891181	0.6413891181	-0.293559006	0.6420061355	-0.6195966807	-0.6208116979	0.02310684769	-0.02249338493	0.08701409607	-0.03760445938	-0.1485965356	-0.1455954473	-0.1491157098	0.09924456655	0.1727259674	0.1000824047	0.09237674515	0.1631844577	0.1733763339	0.1705759518	0.09924456655	0.09924456655	0.09027180911	0.06899679846	0.09237674515	0.08511687677	0.09535772631	0.09442040787	0.1689474192	-0.07014243432	0.001734985861	0.001734985861	-0.03509342406	0.06751189012	-0.1377786511	0.2139438055	0.09237674515	0.08774116226	0.2098630341	0.09237674515	0.1733730567	0.09442040787	-0.01388811001	0.08994395184	-0.01480359155	0.06938702337	0.1108262709	0.09618360066	0.1688864114	-0.09631972225	0.1751189741	0.1734943176	0.1769727586	0.1769727586	0.112935645	0.1108262709	0.07586942144	0.1785773712	0.1077013456	0.06845998764	0.2126812423	0.14333178	-0.1386651268	0.1531203359	-0.1386651268	0.1744348273	0.05808872352	0.1067716312	-0.1290413293	0.1067716312	-0.09114074753	0.169376111	0.05557445707	-0.09489536377	0.05981422574	-0.1330798681	0.0577439187	-0.0124233222	0.05688653111	-0.1334884783	0.04127803928	0.2126812423	0.1639465859	0.05819953611	0.2126812423	0.05964899681	-0.01071686105	-0.05131104148	-0.007983128587	-0.118691125	-0.009614413112	0.1288537242	-0.1163978067	0.1545803207	-0.01499766693	0.1489662393	-0.1163978067	0.07107657713	0.07460763736	0.08073066476	0.04446957336	0.06944194128	0.04446957336	-0.09972775835	0.006066357326	-0.0744251186	0.08650817582	0.08926538815	0.08468329102	-0.1197234289	-0.06091374583	0.1885272826	0.1170454247	0.02161311393	0.03055921873	0.03436390456	0.0229821207	0.03436390456	-0.0507085628	-0.05062773684	-0.04723609552	-0.04398646125	-0.02642964088	-0.02692657949	0.1203921782	0.1131219371	-0.01418346273	-0.01418346273	0.1203921782	0.04869936743	-0.04723609552	0.01115236316	-0.03899826741	-0.0366157549	-0.04522883668	0.1131219371	-0.04723609552	0.02944446173	-0.01409678944	-0.01315260928	0.07142471667	0.1167033209	-0.01407200281	0.01918617033	-0.1068908125	-0.08217420284	0.01207057881	0.1322154443	0.01207057881	-0.0432854223	-0.0453815547	0.1609441254	0.1757412843	0.005928912751	0.1366030288	-0.05153621798	0.07856586106	0.02420760746	-0.00346078797	-0.05628683755	-0.06731556751	-0.09889665067	-0.06371804466	-0.08132897302	-0.05039334855	0.009713460627	-0.08073664753	0.001014737291	-0.0667453988	-0.07907114022	0.001014737291	0.07219034009	0.04043973696	0.1618902775	0.02846775416	0.001810850695	-0.08723242013	0.01377831484	0.1332961535	-0.05936340272	0.04235441147	0.08836128917	0.06444463953	0.08863970787	0.07985710406
chr11_2070333_C_T	-0.001113416447	-0.3440202923	-0.5533032696	0.5520005447	0.6250724047	-0.5604046156	-0.4898927079	-0.560082209	-0.5604046156	-0.5604046156	-0.1682011598	0.5524341383	-0.4336832816	0.05336786607	-0.1728049173	0.513573371	0.6413891181	1	1	-0.4502127588	0.9951129411	-0.9457113137	-0.9500397715	-0.004632954384	0.005583385868	0.04199887844	-0.02043221812	-0.07490760174	-0.07050069468	-0.07234644079	0.11817695	0.1363948132	0.0334561987	0.09906934868	0.1381905748	0.1469979302	0.1432057724	0.11817695	0.11817695	0.1180602814	0.01950390715	0.09906934868	0.05908637791	0.04915324374	0.1164701062	0.1282148437	-0.04459881852	0.007885104912	0.007885104912	-0.04106950004	0.0539032045	-0.06975984629	0.1858036422	0.09906934868	0.09750807487	0.1804919338	0.09906934868	0.1404841069	0.1164701062	-0.03208054704	0.1055009199	-0.03121154291	0.03811676668	0.133739063	0.1076855181	0.1370629549	-0.08526305081	0.1203479732	0.1317291517	0.1316826792	0.1316826792	0.1311815907	0.133739063	0.1014207525	0.1356192203	0.1292484099	0.03923341774	0.1872611158	0.1126755092	-0.07132874472	0.1278014331	-0.07132874472	0.1282148437	0.1203074364	0.1387794871	-0.06460672782	0.1387794871	-0.01095689989	0.1255211726	0.02892674992	-0.07111938489	0.03431541625	-0.07013628434	0.03141248185	-0.01903632012	0.03182441567	-0.07146037043	0.01668537214	0.1872611158	0.1344208895	0.03038109605	0.1872611158	0.02494500506	-0.0115335374	-0.03416446238	0.03474401532	-0.107617636	0.02446032276	0.1198240022	-0.104347679	0.1408852359	-0.0181197491	0.1233327959	-0.104347679	0.03540611445	0.03211231976	0.04656478022	0.01837216929	0.02547954764	0.01837216929	-0.105053602	-0.008620751074	0.01482528913	0.05156717273	0.06068206427	0.04896311834	-0.131706476	0.03356135512	0.212375941	0.1131794223	0.0911261057	0.1041590065	0.1024091568	0.04218441843	0.1024091568	0.04312522856	0.02816655574	0.04800431923	0.07041796561	-0.08192789681	-0.01207944313	0.07064706235	0.06177407354	-0.07817530409	-0.07817530409	0.07064706235	0.09136273833	0.04800431923	-0.03951621665	-0.004914021316	-0.004226286093	-0.07293912508	0.0717356892	0.04800431923	0.1181040509	0.03661159044	-0.07489158477	0.03459843674	0.08876259594	-0.0275509003	-0.00526336525	-0.1111083219	-0.06076822537	0.01251272801	0.09466408433	0.01251272801	-0.01290122891	-0.01223067816	0.180820394	0.1797956547	-0.05226314854	0.141783862	-0.001771517008	0.08279738539	0.03383554637	0.05897522687	-0.02235289827	-0.06686057387	-0.08388528685	0.01038997156	0.004857247416	0.01870475646	-0.01483739993	-0.01696295039	0.01628482741	-0.01704929811	-0.01771932623	0.01628482741	-0.02199493934	-0.03030623586	0.1539629928	-0.01368751352	-0.05501317283	-0.03124020107	0.02849198121	0.05849973094	0.02233331386	-0.02864736178	-0.006543961566	-0.02708844155	0.03808523271	0.04295185604
chr11_2070570_C_T	-0.001113416447	-0.3440202923	-0.5533032696	0.5520005447	0.6250724047	-0.5604046156	-0.4898927079	-0.560082209	-0.5604046156	-0.5604046156	-0.1682011598	0.5524341383	-0.4336832816	0.05336786607	-0.1728049173	0.513573371	0.6413891181	1	1	-0.4502127588	0.9951129411	-0.9457113137	-0.9500397715	-0.004632954384	0.005583385868	0.04199887844	-0.02043221812	-0.07490760174	-0.07050069468	-0.07234644079	0.11817695	0.1363948132	0.0334561987	0.09906934868	0.1381905748	0.1469979302	0.1432057724	0.11817695	0.11817695	0.1180602814	0.01950390715	0.09906934868	0.05908637791	0.04915324374	0.1164701062	0.1282148437	-0.04459881852	0.007885104912	0.007885104912	-0.04106950004	0.0539032045	-0.06975984629	0.1858036422	0.09906934868	0.09750807487	0.1804919338	0.09906934868	0.1404841069	0.1164701062	-0.03208054704	0.1055009199	-0.03121154291	0.03811676668	0.133739063	0.1076855181	0.1370629549	-0.08526305081	0.1203479732	0.1317291517	0.1316826792	0.1316826792	0.1311815907	0.133739063	0.1014207525	0.1356192203	0.1292484099	0.03923341774	0.1872611158	0.1126755092	-0.07132874472	0.1278014331	-0.07132874472	0.1282148437	0.1203074364	0.1387794871	-0.06460672782	0.1387794871	-0.01095689989	0.1255211726	0.02892674992	-0.07111938489	0.03431541625	-0.07013628434	0.03141248185	-0.01903632012	0.03182441567	-0.07146037043	0.01668537214	0.1872611158	0.1344208895	0.03038109605	0.1872611158	0.02494500506	-0.0115335374	-0.03416446238	0.03474401532	-0.107617636	0.02446032276	0.1198240022	-0.104347679	0.1408852359	-0.0181197491	0.1233327959	-0.104347679	0.03540611445	0.03211231976	0.04656478022	0.01837216929	0.02547954764	0.01837216929	-0.105053602	-0.008620751074	0.01482528913	0.05156717273	0.06068206427	0.04896311834	-0.131706476	0.03356135512	0.212375941	0.1131794223	0.0911261057	0.1041590065	0.1024091568	0.04218441843	0.1024091568	0.04312522856	0.02816655574	0.04800431923	0.07041796561	-0.08192789681	-0.01207944313	0.07064706235	0.06177407354	-0.07817530409	-0.07817530409	0.07064706235	0.09136273833	0.04800431923	-0.03951621665	-0.004914021316	-0.004226286093	-0.07293912508	0.0717356892	0.04800431923	0.1181040509	0.03661159044	-0.07489158477	0.03459843674	0.08876259594	-0.0275509003	-0.00526336525	-0.1111083219	-0.06076822537	0.01251272801	0.09466408433	0.01251272801	-0.01290122891	-0.01223067816	0.180820394	0.1797956547	-0.05226314854	0.141783862	-0.001771517008	0.08279738539	0.03383554637	0.05897522687	-0.02235289827	-0.06686057387	-0.08388528685	0.01038997156	0.004857247416	0.01870475646	-0.01483739993	-0.01696295039	0.01628482741	-0.01704929811	-0.01771932623	0.01628482741	-0.02199493934	-0.03030623586	0.1539629928	-0.01368751352	-0.05501317283	-0.03124020107	0.02849198121	0.05849973094	0.02233331386	-0.02864736178	-0.006543961566	-0.02708844155	0.03808523271	0.04295185604
chr11_2070813_A_C	-0.04944091455	-0.2333720363	-0.3956230612	-0.2583278197	-0.261085055	-0.3894298147	-0.3684755572	-0.3878055889	-0.3894298147	-0.3894298147	-0.08274587535	-0.2602882687	-0.289677054	0.1196220702	-0.08596842114	-0.2367646691	-0.293559006	-0.4502127588	-0.4502127588	1	-0.4501796063	0.466613893	0.4684959928	0.1184933508	0.01087400135	0.03202142459	0.01486494287	0.01252997225	0.01066780424	0.01453789601	0.03493893025	-0.03149081386	0.04036618538	0.0330114374	-0.01181893366	-0.0565756639	-0.05394890688	0.03493893025	0.03493893025	0.06173383158	0.05425964484	0.0330114374	0.05926725566	0.06889617404	0.03799595367	-0.01845907369	0.03211997355	-0.0587526023	-0.0587526023	-0.01882292293	0.07718493099	-0.03048655358	-0.06599542642	0.0330114374	0.03599451596	-0.06882550954	0.0330114374	-0.03097215998	0.03799595367	-0.008653461194	0.04200076037	-0.005069056781	0.09261219048	0.01026572297	0.03185895842	-0.01751743918	0.1695383488	0.03476196093	-0.03672604028	-0.03010569252	-0.03010569252	0.01060667355	0.01026572297	0.02543799469	0.03882233159	0.01394546007	0.0773232258	-0.06381919496	-0.03509991937	-0.02320711642	-0.009031119222	-0.02320711642	-0.0276921026	0.04561898857	0.02333672915	-0.03289673253	0.02333672915	0.02856719091	-0.0182685672	0.06384014327	0.1149555251	0.07551504018	-0.02906084872	0.07756925368	0.01290592684	0.06840002717	-0.02541402771	0.03941218471	-0.06381919496	-0.01733430136	0.04170119835	-0.06381919496	0.04342963597	-0.03267713447	0.0594147708	0.1036666051	-0.1036990326	0.1036074659	-0.01464084889	-0.1107893628	-0.09753814024	0.004257730964	-0.01204257124	-0.1107893628	0.05158211489	0.03023196085	0.04346020494	-0.002291128505	0.03603883989	-0.002291128505	-0.103689605	-0.01041811864	0.07578698871	0.0153506377	0.03490065012	0.02085373198	-0.08379799252	0.08301754168	-0.1330020253	-0.01970147585	-0.09235419562	-0.08881221733	-0.00757190733	-0.02110665404	-0.00757190733	0.09008606243	0.08673876332	0.08723275279	0.05415448737	0.05635208936	0.02875376852	-0.03758154528	-0.04231910226	0.0590437671	0.0590437671	-0.03758154528	-0.00757190733	0.08723275279	-0.03988573207	0.000393662332	0.002324020553	-0.08590556585	-0.04231910226	0.08723275279	0.05345650778	0.1017910376	0.05305836238	0.02670692129	-0.06345361662	-0.05378383132	0.05680060129	-0.09314812831	0.02100818979	-0.01042399387	-0.07268381258	-0.01042399387	0.005344691132	0.003538388447	-0.1204375297	-0.1094195239	-0.06078156027	-0.04166182362	0.02406582536	0.005271528457	0.03131811914	-0.09328060627	0.01972637046	0.1058121511	-0.1134573841	0.1356140617	0.1345661136	0.1144777915	0.1488459386	0.06187890212	0.08786184751	0.02856567214	0.06387570529	0.08786184751	0.05035686951	0.07284539516	-0.09898335778	-0.02026323047	0.07642190377	0.06116702592	0.07602453418	-0.01999362378	0.04825630191	0.07316455676	0.06359385868	0.03631759921	-0.07979521703	-0.02270825499
chr11_2070926_A_T	0.008599011222	-0.3382241553	-0.5481842896	0.5538125511	0.6253168755	-0.5553093336	-0.4837542539	-0.5550011379	-0.5553093336	-0.5553093336	-0.1699576279	0.554223304	-0.4258651259	0.05452324193	-0.1745626371	0.5163437342	0.6420061355	0.9951129411	0.9951129411	-0.4501796063	1	-0.9501159341	-0.9544712699	-0.003585007917	0.008083231038	0.04002021313	-0.02087189817	-0.07431116844	-0.06993693454	-0.071807987	0.1204987679	0.1402045815	0.03125026556	0.1015930517	0.1418071054	0.1474292609	0.1436290998	0.1204987679	0.1204987679	0.1162148027	0.01803067077	0.1015930517	0.05720484171	0.04706858217	0.1188148199	0.1317772944	-0.04721813794	0.01142675597	0.01142675597	-0.04343612341	0.05184411912	-0.06965066944	0.1884188006	0.1015930517	0.100053845	0.183087964	0.1015930517	0.1437640974	0.1188148199	-0.02943495323	0.1053045535	-0.02874526209	0.03600048737	0.1358003978	0.1100287102	0.1403752381	-0.08837382036	0.1214102749	0.1352571171	0.1352550195	0.1352550195	0.133217489	0.1358003978	0.1009258695	0.1351405668	0.1313087234	0.03745960852	0.1899452585	0.1140640162	-0.07118321984	0.1291699208	-0.07118321984	0.1317772944	0.1214256638	0.140891293	-0.06440819243	0.140891293	-0.01050551019	0.1290486526	0.02860405163	-0.07264166436	0.03266089854	-0.06994873728	0.02975216131	-0.02109769647	0.02927773017	-0.07123693815	0.01660439901	0.1899452585	0.1376996936	0.03017372694	0.1899452585	0.02480324786	-0.008426627141	-0.03951173462	0.03129742771	-0.1032209024	0.02112839192	0.1215603627	-0.09994040999	0.1379984313	-0.01588998245	0.1264635183	-0.09994040999	0.03395430997	0.03192983222	0.0450724402	0.0165247983	0.02524524744	0.0165247983	-0.1009280854	-0.006960404143	0.01038180977	0.05131489798	0.05915482801	0.04870526843	-0.1274425476	0.02922649437	0.2094592293	0.1151355431	0.09156392213	0.1047550756	0.09881517762	0.04136932261	0.09881517762	0.0388933476	0.02665230557	0.04376232565	0.06684551687	-0.08225575472	-0.01535148309	0.06883769628	0.05997301334	-0.08134270558	-0.08134270558	0.06883769628	0.08780888688	0.04376232565	-0.03941596116	-0.008529806286	-0.007871048021	-0.06911625354	0.06989844194	0.04376232565	0.1117714853	0.02899261221	-0.07805431806	0.02906267478	0.08667943567	-0.02196555157	-0.01022627831	-0.1066090474	-0.0642064822	0.01141990708	0.09302592902	0.01141990708	-0.01681675193	-0.01617703606	0.1780955603	0.1771940968	-0.05223623069	0.1390334811	0.00280068315	0.07887821878	0.03675748858	0.05367296938	-0.0269679666	-0.07013674919	-0.08672878687	0.005772916739	-0.0005914498559	0.02249287207	-0.009693253173	-0.02280143055	0.01859407803	-0.01252038782	-0.02355878432	0.01859407803	-0.01335387323	-0.02287383769	0.1515169568	-0.0146538522	-0.05041500944	-0.03677295791	0.03077484765	0.05879798273	0.01712623504	-0.02087189817	-0.005523562162	-0.01804600979	0.04531697371	0.05090589648
chr11_2070993_T_G	0.01948213348	0.3462731994	0.5643597605	-0.5241038458	-0.5925165888	0.5717152571	0.500966997	0.5715855333	0.5717152571	0.5717152571	0.1689121641	-0.5243299398	0.4431038077	0.2230573692	0.173702747	-0.4805088055	-0.6195966807	-0.9457113137	-0.9457113137	0.466613893	-0.9501159341	1	0.9953669411	0.01657513561	0.03299195392	-0.0228984379	0.03483222335	0.08490307993	0.0807573149	0.08286262906	-0.02108832614	-0.1183018077	-0.01846601188	-0.007652152254	-0.1184285099	-0.1300796355	-0.1261899942	-0.02108832614	-0.02108832614	-0.04695212258	-0.02496550843	-0.007652152254	-0.04129862051	-0.03238511614	-0.0200979592	-0.1088010142	0.07404635073	0.001554703089	0.001554703089	0.05606422904	-0.03407651222	0.08152089728	-0.1751370252	-0.007652152254	-0.006743249329	-0.1697061029	-0.007652152254	-0.1194097217	-0.0200979592	0.04702530571	-0.05193927897	0.04714847069	-0.02089645572	-0.02748272407	-0.01022238955	-0.1159975024	0.09252759065	-0.07995177436	-0.1122992302	-0.1123676137	-0.1123676137	-0.02340016916	-0.02748272407	-0.04278883393	-0.1048092472	-0.02232755138	-0.02242796985	-0.1767723534	-0.09463274295	0.08273394943	-0.1099947393	0.08273394943	-0.1088010142	0.05154772329	-0.03544253421	0.07535518403	-0.03544253421	0.04598437499	-0.105788561	-0.0006906855389	0.05398090575	-0.01879206344	0.08108426691	-0.01579162722	0.02794753599	-0.01305475673	0.0820120202	0.009165011775	-0.1767723534	-0.1130413628	-0.003215147638	-0.1767723534	0.001600290306	0.02370082906	0.06331088931	0.005010432315	0.09993947735	0.01415094976	-0.1010964362	0.09654839588	-0.142483001	0.03609961759	-0.1048044925	0.09654839588	-0.02217930906	-0.008708373625	-0.03301754707	-0.02424866996	-0.004697904016	-0.02424866996	0.09980182474	0.0253650246	0.005526422399	-0.02790694458	-0.04688066007	-0.02519908108	0.1254663745	-0.01510881826	-0.212303749	-0.09267818476	-0.05982025961	-0.07180935976	-0.1067889547	0.02642629836	-0.1067889547	-0.02199202808	0.003948200065	-0.02664873574	-0.04386490552	0.1110290143	0.04506964819	-0.08089075319	-0.07160794091	0.09541209899	0.09541209899	-0.08089075319	-0.09069513362	-0.02664873574	0.06055693294	0.03830337136	0.03790783525	0.06609149945	-0.08128350284	-0.02664873574	-0.1038816528	-0.007414053436	0.09235954627	-0.02343233156	-0.0919731731	0.04610508475	0.01885274819	0.1026548719	0.08272662659	0.05837301942	-0.1008126343	0.05837301942	0.04290468169	0.0425240165	-0.160439141	-0.1611544738	0.04709430637	-0.1195045706	-0.01234929189	-0.06252276067	0.02767156283	-0.03385429997	0.01628326609	0.04983024538	0.1066667029	-0.01126636214	0.005575088998	-0.003982680861	0.03574055818	0.0255575369	0.07849867201	0.003101422658	0.02615135263	0.07849867201	0.03885214406	0.05051168081	-0.1369674257	-0.00457822753	0.07461174804	0.03941581376	0.0657807032	-0.05235840552	0.005677548828	0.04680108471	0.02398740969	0.04199684512	-0.008853519286	-0.01411200701
chr11_2070994_C_T	0.01471916964	0.3421693153	0.5705629202	-0.5243006963	-0.5936427866	0.5778648115	0.5085001186	0.5777244612	0.5778648115	0.5778648115	0.1665886396	-0.5245445786	0.4527806326	0.224351582	0.1713612514	-0.4801165772	-0.6208116979	-0.9500397715	-0.9500397715	0.4684959928	-0.9544712699	0.9953669411	1	0.01317899099	0.0253391929	-0.02125603438	0.03432803447	0.07847061469	0.07433021367	0.07642173677	-0.03022167751	-0.1183034377	-0.01712170018	-0.01630917882	-0.1185817642	-0.1335064679	-0.1296320017	-0.03022167751	-0.03022167751	-0.05320937923	-0.0263301177	-0.01630917882	-0.03943257636	-0.03081912451	-0.02916913308	-0.1089709689	0.071328341	-0.0008037767016	-0.0008037767016	0.05360671572	-0.0324298385	0.07473470053	-0.1775967586	-0.01630917882	-0.01534377425	-0.1721829696	-0.01630917882	-0.11972057	-0.02916913308	0.04422969665	-0.05590423163	0.04429860911	-0.01938755463	-0.0374301757	-0.01941981941	-0.1163103589	0.09854289735	-0.0784826708	-0.1124678851	-0.1125187298	-0.1125187298	-0.03349754347	-0.0374301757	-0.04719629172	-0.1017782294	-0.03234970759	-0.02050076053	-0.1792414681	-0.09287146492	0.07596234335	-0.1081979737	0.07596234335	-0.1089709689	0.03450229008	-0.04510276548	0.06865665395	-0.04510276548	0.03991331283	-0.1059957198	-0.000902739914	0.06962291428	-0.01673586463	0.07434673301	-0.01375201465	0.02586821346	-0.01204744917	0.0753128652	0.009144304823	-0.1792414681	-0.1133906242	-0.003309400097	-0.1792414681	0.001550291475	0.02112340066	0.06110810955	0.001773479488	0.09562822202	0.01098848551	-0.09897017473	0.09225256087	-0.1447846359	0.03311707734	-0.1013063268	0.09225256087	-0.01985457502	-0.008771727438	-0.03069179556	-0.02598203562	-0.001574044846	-0.02598203562	0.09534716645	0.02217968218	0.00124718718	-0.02796763299	-0.04458237187	-0.0252746786	0.1210009148	-0.01921390011	-0.2143748417	-0.09036203335	-0.06562637202	-0.07735883208	-0.09919127956	0.01698626478	-0.09919127956	-0.02596222141	-0.001052754512	-0.03061107281	-0.04379083419	0.1065339982	0.03853629364	-0.08239665824	-0.07313803947	0.09203895931	0.09203895931	-0.08239665824	-0.08309896937	-0.03061107281	0.05740974762	0.0314512394	0.0310198885	0.06157989062	-0.08281269308	-0.03061107281	-0.1028279878	-0.008292085449	0.08900287062	-0.02161874466	-0.09368076959	0.04198095194	0.02150340585	0.09836522145	0.07580833733	0.04803880846	-0.102064743	0.04803880846	0.03568803216	0.0352689416	-0.1624398066	-0.1630385395	0.05021167469	-0.1216722039	-0.01629064688	-0.06604386188	0.02540542848	-0.035168136	0.01934503915	0.055392746	0.1035880062	-0.01572891569	0.0002807335206	-0.01307986052	0.03331225829	0.01980410841	0.06741422779	-0.0008269684012	0.02039423694	0.06741422779	0.03889245009	0.04980092155	-0.1387936395	-0.005568186673	0.07052019572	0.03390852937	0.05478861088	-0.0431955599	0.0006805779217	0.04629577222	0.0249566046	0.04223025933	-0.009224169567	-0.01428798281
chr11_2072097_C_T	-0.1254149404	-0.08601138637	-0.1041228802	0.06648319021	0.03040857837	-0.09836096741	-0.09793825092	-0.09959972871	-0.09836096741	-0.09836096741	-0.01979716119	0.06498856877	-0.03657448082	-0.004949469197	-0.02217283909	0.08310965901	0.02310684769	-0.004632954384	-0.004632954384	0.1184933508	-0.003585007917	0.01657513561	0.01317899099	1	0.0954853811	0.3581519168	-0.1345391113	-0.1530286866	-0.1537723165	-0.1558135831	-0.01073651833	-0.1721367244	0.3455486679	-0.009952436834	-0.1771618105	0.3509774875	0.3488680392	-0.01073651833	-0.01073651833	0.05284865054	0.02743865385	-0.009952436834	0.3804009356	0.3616875162	-0.01689438572	-0.175596953	-0.07053914003	-0.09015971426	-0.09015971426	-0.07347693631	0.3904588947	-0.1823056618	0.5182942153	-0.009952436834	-0.02403909422	0.514329454	-0.009952436834	-0.1663804959	-0.01689438572	-0.04540079	0.03033932979	-0.04646991602	0.3678864763	-0.03850279355	-0.02135435952	-0.1672524915	0.1434678415	0.1539287659	-0.1630658347	-0.1625871658	-0.1625871658	-0.02564265233	-0.03850279355	0.01847333266	0.1759608488	-0.02324570626	0.4022811566	0.5115183572	-0.196520491	-0.1802957931	-0.1910160295	-0.1802957931	-0.1639498118	0.02971888521	-0.02025450105	-0.1790300471	-0.02025450105	0.1759364139	-0.166672764	0.3420865181	0.02075334286	0.3997357068	-0.1769551739	0.4034285897	0.02278950143	0.3952026244	-0.1743104626	0.327066087	0.5115183572	-0.169950626	0.3313793083	0.5115183572	0.3355384297	-0.09650071149	0.2622934742	0.2720036935	-0.1711304539	0.2752107538	-0.1814819824	-0.1697733824	0.2750946315	-0.05178845319	-0.1401962584	-0.1697733824	0.4000938958	0.3079414839	0.4000938958	-0.04087271119	0.3157480466	-0.04087271119	-0.1735559072	-0.07311055346	-0.06603489014	0.3129294054	0.4052575772	0.3119367003	-0.1557975463	-0.0533635905	0.2850971905	-0.1697870073	-0.1940965556	-0.1896955243	0.1964311786	-0.1910740303	0.1964311786	-0.0460347384	-0.1088813845	-0.04724714649	0.01811124736	0.01328449464	-0.02128355106	-0.01035270147	-0.01374037601	0.1064866354	0.1064866354	-0.01035270147	0.2040380102	-0.04724714649	0.01858449618	-0.04077723054	-0.0421107383	-0.141561147	-0.01374037601	-0.04724714649	0.08710130602	0.1554074546	0.1013159754	0.2041681936	-0.03066569911	-0.2669243825	0.2273435527	-0.1445140678	-0.01630670908	-0.1832343615	0.0300160413	-0.1832343615	-0.03005211817	-0.03137466439	0.2723790434	0.3038534464	-0.09960415134	0.2389050029	-0.01331547045	0.223755062	-0.08792486739	0.1231637724	-0.05362053015	-0.1033950184	-0.1037926178	-0.00740068254	0.01160911445	-0.0823375982	-0.1983576774	-0.07374667122	-0.08972737471	-0.01616048336	-0.07277849839	-0.08972737471	0.04080849913	0.01185457724	0.2978427454	-0.01769632099	-0.1085987941	-0.05487540554	-0.0962449881	-0.1421586879	-0.01770184376	0.01820386067	0.06096400754	0.04513108593	0.2344330256	0.2627442123
chr11_2072504_T_C	0.01172957498	-0.01560170675	0.03392231415	-0.06944312704	-0.08952146042	0.02593135552	0.03267049419	0.02796521267	0.02593135552	0.02593135552	0.004875906175	-0.06691118507	0.04855967745	0.1211784375	0.009122578511	-0.1112824785	-0.02249338493	0.005583385868	0.005583385868	0.01087400135	0.008083231038	0.03299195392	0.0253391929	0.0954853811	1	0.2937291475	-0.06087089155	0.4284821054	0.4292360172	0.4250286765	0.4513904952	-0.5466879786	0.3168086326	0.4654056585	-0.5717333507	0.217421157	0.2150909289	0.4513904952	0.4513904952	0.2646054005	0.1067417869	0.4654056585	0.2808445864	0.2896350711	0.4459500211	-0.5459027493	0.2046495812	0.1920803568	0.1920803568	0.1930668896	0.2805003977	0.45904553	0.1933580232	0.4654056585	0.4601817276	0.1900449642	0.4654056585	-0.5443582584	0.4459500211	0.1508955256	0.2002929252	0.1189658871	0.3068684392	0.4136071692	0.4246844568	-0.5559794451	0.1498482791	-0.1948471273	-0.5296546066	-0.5355409861	-0.5355409861	0.4048715851	0.4136071692	0.1892752792	-0.2761915095	0.4126417906	0.2612509835	0.1925376308	-0.5765233475	0.4523187047	-0.6016412695	0.4523187047	-0.5325258552	0.2443002	0.417542377	0.4565688485	0.417542377	0.7242199571	-0.5398796908	0.2947879772	-0.006024902657	0.2787808729	0.4504462805	0.2732717145	0.02649203745	0.2791184756	0.4565688485	0.3410366092	0.1925376308	-0.5501257163	0.3130653362	0.1925376308	0.3074020623	0.1980708693	0.5004511408	0.4699353967	0.3036211081	0.4900916652	-0.6157346994	0.3013005412	0.1946191591	0.09036470051	-0.5546662583	0.3013005412	0.2680678362	0.2674757464	0.2759125662	-0.03433623434	0.2598695078	-0.03433623434	0.3009780567	0.0452267294	0.2753988062	0.2743637986	0.2686217558	0.2730419377	0.2869857529	0.2733468075	0.1915226717	-0.6009387225	-0.01785341022	-0.0285456689	0.1768016016	0.3228595141	0.1768016016	0.2613032487	0.3078410797	0.2621767504	0.4099382104	0.1640124466	0.6354362081	-0.08948271453	-0.08221059538	0.09439189414	0.09439189414	-0.08948271453	0.1302066916	0.2621767504	0.399551404	0.6535678736	0.6540271907	0.287965686	-0.09271537086	0.2621767504	0.2620359384	0.3441759919	0.09353122852	0.1233097393	-0.1283047212	-0.1890914972	0.1886317853	0.2713412495	0.5317577765	0.2671105897	-0.002092781328	0.2671105897	0.6235419602	0.6203527224	0.169874597	0.1657785564	-0.08852431269	0.159574669	0.1199036748	0.1028189065	0.03379845031	0.2211623076	0.2454506412	-0.04965212473	0.03786492949	0.1498317899	0.1759146755	0.07147541615	-0.05058541814	0.1086985619	0.09587942255	0.110016271	0.106979252	0.09587942255	0.002952115522	-0.05167761023	0.1278948559	0.08918385693	-0.08214752823	0.143999569	0.09118616773	-0.2990298566	0.1369925772	-0.07819704477	0.04280113369	0.02712359122	0.1373644159	0.09465697594
chr11_2072719_A_T	0.06073075432	-0.08406540003	-0.02521476395	0.03239111244	0.05211994544	-0.03057704832	-0.04989950305	-0.02884433622	-0.03057704832	-0.03057704832	0.04920664836	0.03015260578	-0.003957019459	0.03903394207	0.0451027183	0.04426406796	0.08701409607	0.04199887844	0.04199887844	0.03202142459	0.04002021313	-0.0228984379	-0.02125603438	0.3581519168	0.2937291475	1	-0.306473197	-0.4081767272	-0.4050652026	-0.4077480207	0.1868131384	-0.245954303	0.9377653092	0.1816486523	-0.2674650573	0.6485765574	0.6548254235	0.1868131384	0.1868131384	0.2263954302	-0.09712567183	0.1816486523	0.931412858	0.8963628762	0.1763978853	-0.2651357765	-0.2134875184	-0.1744619877	-0.1744619877	-0.1865910028	0.9066266079	-0.3588006038	0.4720571019	0.1816486523	0.1715997729	0.4671633552	0.1816486523	-0.2418551185	0.1763978853	-0.2045303828	0.2863747374	-0.174659421	0.8620329005	0.1480189279	0.1646200593	-0.2564761052	0.5232018461	0.4158476965	-0.2411925622	-0.2494672417	-0.2494672417	0.1493020954	0.1480189279	0.2858009025	0.5222165274	0.1520968396	0.8789673354	0.4693730188	-0.2679110466	-0.3559034272	-0.2558297645	-0.3559034272	-0.2515543484	0.0843342617	0.1523219021	-0.3504404313	0.1523219021	0.1539645857	-0.2557249898	0.6664535963	0.2654092649	0.8652738811	-0.3472474661	0.863202949	-0.1237196312	0.7515322738	-0.3504404313	0.6507571132	0.4693730188	-0.2606090003	0.6507747772	0.4693730188	0.6537529777	-0.1943639175	0.4475684214	0.4231352655	-0.1631717581	0.427966144	-0.2359884889	-0.1610114944	0.2070376068	-0.1816257653	-0.2624955174	-0.1610114944	0.87796403	0.6239737071	0.8620346765	-0.1178469319	0.6254030662	-0.1178469319	-0.1813594696	-0.2077500474	-0.2612730582	0.62267864	0.8434928239	0.6212412536	-0.1801808765	-0.2447157246	0.3487973858	-0.2217403277	-0.4164692815	-0.4018707764	0.4294430337	-0.06164689411	0.4294430337	-0.2304688187	-0.2999389702	-0.2266811975	-0.01808945569	0.2894699962	0.1291359925	-0.07819001975	-0.08253175958	0.4852403101	0.4852403101	-0.07819001975	0.3939625205	-0.2266811975	0.2954737004	0.1363112068	0.1348720814	-0.1854465499	-0.07186636504	-0.2266811975	0.03732497561	0.3929985355	0.486941406	0.6082933232	-0.1001069073	-0.3598939319	0.6810723397	-0.1757847064	0.1175969147	-0.1017329542	-0.06592613362	-0.1017329542	0.1154968754	0.113990595	0.2667984065	0.2984840439	0.1263170459	0.1751930082	-0.06897310986	0.3933072985	-0.199827551	-0.08851025734	-0.192884139	-0.01063146707	-0.1874529419	-0.0848236852	-0.07816085253	-0.06996315718	-0.04065346245	-0.06771438187	-0.03307355861	-0.05442993465	-0.06608441649	-0.03307355861	0.09387010837	0.07881283731	0.2841261497	0.006381026013	-0.02751961843	-0.06418879849	-0.02917282089	0.0103701755	-0.03043790742	0.07173484738	0.09632323941	0.09154685926	0.1513913098	0.162317107
chr11_2073182_A_G	0.006032019608	0.04283142713	0.02764034166	-0.07545993757	-0.01193774218	0.02293865439	0.07465545455	0.02139851868	0.02293865439	0.02293865439	-0.09509861456	-0.07221983167	0.08150035825	0.03947940559	-0.08027190913	-0.132966319	-0.03760445938	-0.02043221812	-0.02043221812	0.01486494287	-0.02087189817	0.03483222335	0.03432803447	-0.1345391113	-0.06087089155	-0.306473197	1	-0.310196678	-0.3108410402	-0.3089509098	0.1786780079	-0.02119871317	-0.2405477505	0.1734202811	-0.01030748768	-0.1909630741	-0.1927931361	0.1786780079	0.1786780079	-0.1488645664	0.2972940886	0.1734202811	-0.2698488229	-0.2224144517	0.1808218069	0.01429126283	0.6535450889	0.5751082635	0.5751082635	0.5760195206	-0.2271563064	-0.2724223097	-0.1170527941	0.1734202811	0.1755628067	-0.1193554281	0.1734202811	0.01397027702	0.1808218069	0.5481503864	-0.2920613917	0.5301128294	-0.1813638283	0.183976032	0.1917776498	0.01923518954	-0.1137378338	0.3471868249	0.008962340107	0.01628592027	0.01628592027	0.1796342486	0.183976032	-0.3126881597	0.02465368799	0.1818115153	-0.2307869658	-0.1159591743	0.2631218853	-0.2698352545	0.2706832877	-0.2698352545	0.01957160085	0.1253479789	0.1768088909	-0.2704914324	0.1768088909	-0.1015100408	0.02085558682	0.1227993167	-0.0839091943	-0.2253727946	-0.2654695617	-0.2270596378	0.3495020149	-0.04208588609	-0.2662120989	0.131429454	-0.1159591743	0.0205013463	0.1281191738	-0.1159591743	0.1288653297	0.5702906536	-0.3719673489	-0.04148820684	-0.1248760026	-0.03659390247	0.2234222505	-0.1282778639	0.1474448557	0.5273517608	0.06644214055	-0.1282778639	-0.247022569	0.1847710246	-0.2330878905	0.3966370538	0.1768308409	0.3966370538	-0.1030187237	0.5756978205	-0.1819274048	0.1698688375	-0.2347885967	0.1766966616	-0.1069127013	-0.1749976636	-0.06938509344	0.1432245149	-0.1129729085	-0.09841883153	-0.1131107821	0.008680047085	-0.1131107821	-0.1637688929	0.1162375808	-0.1646914754	0.03150081462	0.1760135595	-0.0383270038	0.2931333732	0.284478789	-0.1298079355	-0.1298079355	0.2931333732	-0.09931627527	-0.1646914754	0.09115765616	-0.06184113673	-0.06362902552	-0.1149396104	0.284478789	-0.1646914754	-0.0959168537	-0.2763344528	-0.1319997447	-0.0686054328	0.2389673687	-0.01053324405	-0.1734406976	-0.09861710758	0.04656843348	0.009170760316	0.1190704104	0.009170760316	-0.06590287491	-0.06773640447	-0.04687683549	-0.03631715861	0.06467149471	0.01031040849	0.0341875039	-0.09670452312	0.1002186559	-0.1150121247	-0.03463210261	0.103936394	0.0006063230506	-0.1559343592	-0.04715194563	0.100590954	0.07149925441	0.04212193978	0.05606100009	-0.0235060315	0.03959890954	0.05606100009	0.02246106113	0.0930389654	-0.05725170607	-0.03044980942	0.1094447441	0.01469755399	0.05040516136	-0.02873943524	0.09437545128	0.08183045692	0.0354234895	0.03249938609	0.1224271633	0.03484889246
chr11_2073378_C_T	-0.06738366861	0.004297054232	0.0579159287	-0.149461511	-0.1915784265	0.0581602706	0.06712412231	0.05947424132	0.0581602706	0.0581602706	-0.01507508037	-0.1477815397	0.02945660872	0.05472935595	-0.01970202937	-0.1466098775	-0.1485965356	-0.07490760174	-0.07490760174	0.01252997225	-0.07431116844	0.08490307993	0.07847061469	-0.1530286866	0.4284821054	-0.4081767272	-0.310196678	1	0.9981828739	0.9945812441	0.1318364018	-0.3265876311	-0.4006357978	0.1471547756	-0.3336888372	-0.237543106	-0.240213841	0.1318364018	0.1318364018	0.214172311	-0.07935641057	0.1471547756	-0.3796826407	-0.382902683	0.1353856762	-0.3352160211	-0.1809644593	-0.1747374295	-0.1747374295	-0.1520541001	-0.40024045	0.9412793118	-0.2037241086	0.1471547756	0.1505777953	-0.2007347411	0.1471547756	-0.3456866248	0.1353856762	-0.1675447745	0.2396921792	-0.1815361924	-0.3902090518	0.1209823392	0.1282634544	-0.3474983588	-0.2681651458	-0.7970475434	-0.3378456538	-0.3371226484	-0.3371226484	0.1134464914	0.1209823392	0.2281476257	-0.6807565728	0.1172294929	-0.3869331087	-0.2026819389	-0.4074485761	0.9299541891	-0.4121945126	0.9299541891	-0.3352160211	0.06928871282	0.1290738492	0.9274105962	0.1290738492	0.4896159534	-0.340328701	-0.4750331597	-0.1601073354	-0.3770068625	0.9239496515	-0.3794147019	-0.1399505885	-0.4300643569	0.9274105962	-0.4697381806	-0.2026819389	-0.3394203292	-0.4753548082	-0.2026819389	-0.4764851282	-0.1499312253	0.3030094202	0.004328389721	0.5180524934	0.01386929132	-0.3900544059	0.5168518257	-0.1650681128	-0.1932840614	-0.340531886	0.5168518257	-0.3766669987	-0.4811804958	-0.3805912317	-0.1034577063	-0.474531666	-0.1034577063	0.5066403524	-0.1990343584	0.572898421	-0.4642181836	-0.3681265565	-0.4667113489	0.4948206065	0.5883100908	-0.1484915989	-0.3724427531	0.4560960948	0.4342269727	-0.180447319	0.2123052915	-0.180447319	0.5604597853	0.4206411178	0.558396759	0.2761435236	-0.2737262518	0.4145802379	-0.09166916601	-0.07608061845	-0.2432327258	-0.2432327258	-0.09166916601	-0.1979287316	0.558396759	-0.04008622651	0.4096675921	0.4122253984	0.4321542382	-0.0971001749	0.558396759	0.2953882008	0.1417578562	-0.2453813199	-0.3556150839	-0.09669903204	0.1104336922	-0.3307116993	0.4678629117	0.3875306176	0.1986309557	-0.06604917825	0.1986309557	0.4025641056	0.4015393276	-0.09860061616	-0.1402270263	-0.2344178241	-0.06356599834	0.1434715447	-0.2246243647	0.1501751032	0.2270443086	0.3206235099	-0.07207016133	0.1219394784	0.2569863687	0.1776049733	0.1386875652	0.03241242222	0.146994347	0.1038995919	0.1808479952	0.1461599875	0.1038995919	-0.09701601666	-0.1201551365	-0.135960644	0.08642904097	-0.05734560246	0.1581990232	0.09346110905	-0.2253274329	0.06255419311	-0.1238518291	-0.05857674381	-0.07906103958	-0.1755061424	-0.127936439
chr11_2073444_A_G	-0.06503931228	0.00281389477	0.05533443843	-0.1505117493	-0.1887788866	0.05556565437	0.06483885823	0.05686865777	0.05556565437	0.05556565437	-0.01586061896	-0.1488424413	0.02762574298	0.05503180535	-0.02047932787	-0.1475289413	-0.1455954473	-0.07050069468	-0.07050069468	0.01066780424	-0.06993693454	0.0807573149	0.07433021367	-0.1537723165	0.4292360172	-0.4050652026	-0.3108410402	0.9981828739	1	0.9963857317	0.1323893769	-0.3270835769	-0.4013260782	0.147706142	-0.3342062063	-0.2380367476	-0.2407044216	0.1323893769	0.1323893769	0.2147615348	-0.07960003686	0.147706142	-0.3803326382	-0.3836028673	0.1359333532	-0.3357082088	-0.1813734208	-0.1750386705	-0.1750386705	-0.1524606446	-0.4008849846	0.9430577604	-0.2039766418	0.147706142	0.1511241555	-0.2010026848	0.147706142	-0.346164587	0.1359333532	-0.1680249051	0.2405021592	-0.1819918598	-0.3909164801	0.1214977212	0.1288217875	-0.347978826	-0.2685245059	-0.7984676941	-0.3383212208	-0.3376033879	-0.3376033879	0.1139733762	0.1214977212	0.2289328711	-0.6818656113	0.1177505891	-0.387557944	-0.2029411944	-0.4081224274	0.9317900224	-0.4128198873	0.9317900224	-0.3357082088	0.06961781953	0.1295879612	0.92928391	0.1295879612	0.4905542631	-0.3408157025	-0.4759684371	-0.1602298579	-0.377638255	0.9258288283	-0.3800441336	-0.1402596708	-0.4307844944	0.92928391	-0.4706343867	-0.2029411944	-0.3399371495	-0.4762674116	-0.2029411944	-0.4773820059	-0.1503888343	0.3057910295	0.007636165767	0.5148689287	0.01718752067	-0.390720715	0.5136774917	-0.1653841528	-0.1937510159	-0.3410807587	0.5136774917	-0.3772508424	-0.4820445698	-0.3811627226	-0.103758551	-0.4754424481	-0.103758551	0.5034409424	-0.1995567807	0.5783895195	-0.4651036582	-0.3687153694	-0.4675956169	0.4916553736	0.5939649554	-0.1487789664	-0.3731231003	0.4572992665	0.4355514289	-0.1810129432	0.212991011	-0.1810129432	0.5663313549	0.4253615504	0.564217453	0.2800683367	-0.2744834046	0.4156788296	-0.09192693237	-0.07639587306	-0.2436814351	-0.2436814351	-0.09192693237	-0.1984393276	0.564217453	-0.04333151269	0.4106803912	0.4132317044	0.4291675966	-0.09734926397	0.564217453	0.2997431116	0.1456278932	-0.2458174263	-0.3563991952	-0.09701414486	0.1074599247	-0.3314235954	0.4648452248	0.3886445191	0.1993171006	-0.06629665439	0.1993171006	0.4035308513	0.4025109803	-0.09901785154	-0.1404711652	-0.2384740175	-0.06415239871	0.1415968057	-0.2251904106	0.1507737036	0.2284838297	0.3262362376	-0.07308146755	0.1204479426	0.2625738347	0.1823117373	0.140767913	0.03410138226	0.1516025344	0.1044058529	0.1788608055	0.1507926752	0.1044058529	-0.09819294038	-0.1214473503	-0.1361965104	0.08579948108	-0.058639477	0.1629295462	0.09400654764	-0.2260014367	0.06451435401	-0.1250827692	-0.0596739943	-0.08025711827	-0.1764513936	-0.1290564708
chr11_2073476_A_C	-0.0682970867	0.004466813702	0.05737149411	-0.153150772	-0.1917513404	0.05756736627	0.06413003155	0.05885780307	0.05756736627	0.05756736627	-0.01005952624	-0.1514965605	0.02801049055	0.05583455286	-0.01472210072	-0.1498962134	-0.1491157098	-0.07234644079	-0.07234644079	0.01453789601	-0.071807987	0.08286262906	0.07642173677	-0.1558135831	0.4250286765	-0.4077480207	-0.3089509098	0.9945812441	0.9963857317	1	0.1275917814	-0.3292663855	-0.4005224606	0.1431495627	-0.3319442577	-0.2398891978	-0.2425605445	0.1275917814	0.1275917814	0.2114472694	-0.08037569835	0.1431495627	-0.3830165864	-0.3827037891	0.1311630277	-0.3334797061	-0.1828501845	-0.1762780586	-0.1762780586	-0.1538268251	-0.4036332603	0.9392902185	-0.2052250445	0.1431495627	0.1465920544	-0.2022708507	0.1431495627	-0.348381443	0.1311630277	-0.1695943516	0.2385082504	-0.1835637599	-0.3900435657	0.1229670454	0.123996551	-0.3458463679	-0.2702214792	-0.8008790575	-0.3405046193	-0.3397944455	-0.3397944455	0.1154380458	0.1229670454	0.226700321	-0.6833171852	0.1192175671	-0.3902182912	-0.2041991761	-0.4070821871	0.931663686	-0.407890725	0.931663686	-0.3379150975	0.07052693729	0.1310843579	0.9256250319	0.1310843579	0.48722898	-0.3386028133	-0.4760477602	-0.16105969	-0.38027535	0.9221557228	-0.3826861316	-0.1413874128	-0.4337924919	0.9256250319	-0.4741382832	-0.2041991761	-0.337853889	-0.47627166	-0.2041991761	-0.477353123	-0.1518489758	0.3022787126	0.004166275135	0.514853864	0.01037517426	-0.3894982369	0.5136800664	-0.1666176474	-0.1953883806	-0.3391113812	0.5136800664	-0.3797919703	-0.4855263163	-0.383693599	-0.1047363737	-0.478992919	-0.1047363737	0.5076634831	-0.2013256824	0.573792916	-0.4685659812	-0.3712351515	-0.4710646576	0.4959556073	0.5894515374	-0.1498946964	-0.3678052178	0.4613647716	0.4397785416	-0.1827999084	0.2151337746	-0.1827999084	0.5619870146	0.420646202	0.5598839945	0.274628438	-0.2769931811	0.4158231608	-0.09277580883	-0.07730224361	-0.2454651894	-0.2454651894	-0.09277580883	-0.1943870526	0.5598839945	-0.03990090003	0.4106253359	0.4131622253	0.4334106235	-0.09820072337	0.5598839945	0.2984854923	0.1434582064	-0.2475839345	-0.3554362627	-0.08891970397	0.1121641888	-0.3340516946	0.4694797352	0.3886696456	0.2014106843	-0.05452207174	0.2014106843	0.4033109302	0.4022854427	-0.1002097709	-0.1414705422	-0.2332390672	-0.06555314451	0.142919399	-0.2176020276	0.1468653025	0.2282481118	0.3220852171	-0.07050095702	0.1231019079	0.2586717361	0.1816011432	0.1350055136	0.0335956153	0.1470642555	0.1057945099	0.1800363371	0.1462539038	0.1057945099	-0.1008924666	-0.1244612044	-0.137163799	0.0848615102	-0.06142685181	0.1585397543	0.09543506275	-0.2188150725	0.06074763888	-0.1279880818	-0.06207417098	-0.08292911583	-0.1789765513	-0.1317557823
chr11_2073913_A_G	0.004262100015	-0.09779602634	-0.05722966783	0.09368304039	0.09116851536	-0.07276519697	0.01578915956	-0.0718833876	-0.07276519697	-0.07276519697	-0.1544702818	0.0947561605	0.008133877188	0.298561805	-0.1515998252	0.09183948638	0.09924456655	0.11817695	0.11817695	0.03493893025	0.1204987679	-0.02108832614	-0.03022167751	-0.01073651833	0.4513904952	0.1868131384	0.1786780079	0.1318364018	0.1323893769	0.1275917814	1	0.1157058695	0.2082313472	0.9572950337	0.1165448198	0.1849476889	0.1859367305	1	1	0.7538107444	0.08677515599	0.9572950337	0.191683802	0.2048081164	0.9944118764	0.11571327	0.1325319183	0.1274710933	0.1274710933	0.133541942	0.1899650857	0.1395532862	0.1247199288	0.9572950337	0.9522593571	0.1151107271	0.9572950337	0.1300847832	0.9944118764	0.1471560994	0.5788358706	0.141483852	0.2030565792	0.9197097437	0.9604778076	0.1230771409	0.06907598768	0.373557956	0.1228679078	0.1224525574	0.1224525574	0.9079855175	0.9197097437	0.5767621143	0.2797860168	0.9138562888	0.1768085115	0.1248570794	0.1460041697	0.1379553651	0.1620522532	0.1379553651	0.1235339726	0.5752161029	0.9313291537	0.1395632067	0.9313291537	0.3153212102	0.1178868352	0.2101084632	-0.005684276293	0.1779425738	0.1416547241	0.1721937736	0.09161194428	0.204000964	0.1395632067	0.2365193345	0.1248570794	0.1252217029	0.179322508	0.1248570794	0.1767742724	0.1316941522	0.1971942497	0.2330890208	0.09335758422	0.2818411639	0.1507889907	0.09225116221	0.1105312003	0.1503566694	0.1254975665	0.09225116221	0.1598427525	0.2257017159	0.1598427525	0.07707578163	0.2240998007	0.07707578163	0.1049117678	0.1384569246	0.07731061253	0.2287963721	0.1510688438	0.2298573995	0.0966184939	0.07888667923	0.09028437324	0.09203503609	0.241898226	0.2391352793	0.06656311553	0.5237524913	0.06656311553	0.06873520042	0.1241777743	0.06947865028	0.1381309178	0.1370954543	0.2616882159	0.05872060976	0.06070925858	0.08926569964	0.08926569964	0.05872060976	-0.01516099752	0.06947865028	0.1915548682	0.2626220242	0.2643751876	0.09619689966	0.06070925858	0.06947865028	0.0675153583	0.1026363251	0.09037305714	0.08514907029	-0.06708748445	0.101277763	0.1152289641	0.09053035998	0.2009344169	0.4163739086	-0.09636960841	0.4163739086	0.2005167085	0.2021302458	0.08421079153	0.07458628652	-0.0378167843	0.08889548586	0.01851057703	0.02208415241	0.1802215869	0.01654959355	0.04321428029	-0.08210914964	0.0669511712	-0.08983150114	-0.03626925436	0.05316201925	0.1140802563	-0.01826348062	0.2995588257	0.02065261935	-0.01927654043	0.2995588257	0.04726982613	0.06224497192	0.03800188844	0.03516562291	0.02811186436	-0.02494550728	0.2833170732	0.05360664248	0.02463657549	0.04952550727	0.04454437379	0.07645370574	0.1338944448	0.09847885174
chr11_2074316_C_T	-0.01751727539	-0.03199028808	-0.1172466893	0.2785866422	0.2630981947	-0.1170901462	-0.09062172382	-0.1186274536	-0.1170901462	-0.1170901462	-0.06284251014	0.2765835968	-0.1115439695	0.05583898237	-0.06557392542	0.3308920476	0.1727259674	0.1363948132	0.1363948132	-0.03149081386	0.1402045815	-0.1183018077	-0.1183034377	-0.1721367244	-0.5466879786	-0.245954303	-0.02119871317	-0.3265876311	-0.3270835769	-0.3292663855	0.1157058695	1	-0.2656264195	0.1253228856	0.9662837233	-0.177327248	-0.1790512544	0.1157058695	0.1157058695	0.1511519339	-0.04905761562	0.1253228856	-0.2506959947	-0.2584032972	0.1179251753	0.9644312302	-0.1229667891	-0.1010445089	-0.1010445089	-0.1110908131	-0.2550548705	-0.3442639913	-0.1318237868	0.1253228856	0.1274710402	-0.1339091044	0.1253228856	0.9396202115	0.1179251753	-0.0935492394	0.1684207686	-0.09614183719	-0.2563642915	0.1132005208	0.1215206502	0.9281108798	-0.1364315466	0.3819845247	0.959231254	0.9559453496	0.9559453496	0.1170741618	0.1132005208	0.1602776342	0.4257210854	0.1108896503	-0.243172878	-0.1311092678	0.7622342254	-0.3465460384	0.7559930621	-0.3465460384	0.953288265	0.07598485477	0.1139977286	-0.3436740092	0.1139977286	-0.599025517	0.948012588	-0.2925300761	-0.03196776966	-0.2436431109	-0.3425983212	-0.2404159616	-0.07384700739	-0.2582070165	-0.3436740092	-0.2837876276	-0.1311092678	0.9231059192	-0.2876376397	-0.1311092678	-0.2836345546	-0.0913415129	-0.41671319	-0.4387787842	-0.2351070578	-0.4273584475	0.78437813	-0.2334375365	-0.1275690745	-0.104451125	0.9151228191	-0.2334375365	-0.2399933243	-0.295629415	-0.2350923237	-0.102717867	-0.2984851774	-0.102717867	-0.2191506425	-0.1239400414	-0.189545962	-0.2960204964	-0.2321808377	-0.293283877	-0.2075800241	-0.196445237	-0.1182507163	0.7790639948	0.3167271875	0.3170713254	-0.146497866	0.1780747018	-0.146497866	-0.1924732031	-0.2244194534	-0.1930858598	-0.2992070061	-0.1222667379	-0.4661727822	-0.08473229099	-0.08796821703	-0.07058770622	-0.07058770622	-0.08473229099	-0.1392203153	-0.1930858598	-0.2859434226	-0.4751153421	-0.4735628585	-0.114943615	-0.06171675362	-0.1930858598	-0.2661370336	-0.2764874341	-0.0548835724	-0.1569840156	-0.06892161908	0.4673005304	-0.1389885569	-0.1864697284	-0.5470037408	0.173678719	-0.04752046802	0.173678719	-0.4905589428	-0.4891018429	-0.09757134857	-0.1024718845	0.1191358677	-0.07693791436	-0.04673578759	-0.08892288904	0.07660245616	-0.1003305434	-0.09986215834	-0.0559647063	0.0120864329	-0.09498108383	-0.0795212412	-0.04004969049	0.1451370383	-0.1584272858	0.07636468167	-0.03863959038	-0.1574395441	0.07636468167	-0.01062303601	0.06422512791	-0.09404975126	-0.05950982352	0.08016791238	-0.1477972352	0.06993342387	0.3278233056	-0.117287863	0.0762220243	-0.04197100079	-0.008877448538	-0.0507948223	-0.04878938292
chr11_2074376_A_G	0.04044895408	-0.06789013207	-0.0296584446	0.04760825177	0.05951525375	-0.03522803081	-0.05411388212	-0.03361728633	-0.03522803081	-0.03522803081	0.04843320706	0.04958207104	-0.0155678273	0.02284931481	0.04418270282	0.03232349925	0.1000824047	0.0334561987	0.0334561987	0.04036618538	0.03125026556	-0.01846601188	-0.01712170018	0.3455486679	0.3168086326	0.9377653092	-0.2405477505	-0.4006357978	-0.4013260782	-0.4005224606	0.2082313472	-0.2656264195	1	0.2037893159	-0.2694930929	0.6364850306	0.6377687346	0.2082313472	0.2082313472	0.2515055705	-0.09304344498	0.2037893159	0.9121023603	0.942900259	0.1980370567	-0.2672195874	-0.2226645344	-0.1811603597	-0.1811603597	-0.1937705793	0.8826071981	-0.3549027225	0.4804684603	0.2037893159	0.1939575067	0.4754186396	0.2037893159	-0.2625534645	0.1980370567	-0.2142829864	0.3288775919	-0.2132401744	0.916333239	0.1689954194	0.1862550697	-0.2639295	0.504600998	0.4231617036	-0.2613365012	-0.2605844987	-0.2605844987	0.1701033883	0.1689954194	0.3091443438	0.5349232409	0.1729395168	0.8567947445	0.4782037555	-0.2294778324	-0.3518494774	-0.2136602392	-0.3518494774	-0.2582868165	0.09309513488	0.173558821	-0.3568263386	0.173558821	0.1298952193	-0.2581687445	0.645485965	0.2694267137	0.8593553347	-0.3502630968	0.8572066014	-0.1585797078	0.7296541342	-0.3495869712	0.6240591306	0.4782037555	-0.2638449029	0.6235354802	0.4782037555	0.6267355442	-0.2025102064	0.4408702572	0.3895725295	-0.1533527335	0.3948102419	-0.2550499368	-0.15555995	0.2099556196	-0.2152318386	-0.2752577268	-0.15555995	0.8656224579	0.6080833575	0.8538357795	-0.1275915679	0.6125608311	-0.1275915679	-0.141905748	-0.2257328449	-0.2768106845	0.6034057644	0.835501033	0.6018859275	-0.1403985907	-0.2592009683	0.3547170947	-0.248212544	-0.4131255038	-0.40089324	0.4206875781	-0.05546673759	0.4206875781	-0.2487428574	-0.3246038722	-0.2449878084	-0.04612748137	0.2689633931	0.120654374	-0.07634988632	-0.08093065005	0.4719855283	0.4719855283	-0.07634988632	0.3798491797	-0.2449878084	0.2979745397	0.122158266	0.1206027957	-0.1473186636	-0.08093065005	-0.2449878084	0.0103637553	0.361048727	0.4635416401	0.5849809651	-0.1099629539	-0.3441969484	0.6606582947	-0.1338785715	0.1218399799	-0.09184476806	-0.06067732099	-0.09184476806	0.1178939019	0.116320989	0.283377124	0.3170936952	0.1271534136	0.1868467722	-0.03444146724	0.3986286357	-0.1948474375	-0.08007049813	-0.2284778191	-0.02797996509	-0.1423777379	-0.116834553	-0.1008457461	-0.09693109658	-0.06798283373	-0.1079238561	-0.02484393535	-0.03429378622	-0.1063511063	-0.02484393535	0.08838305708	0.07314788501	0.2862999689	-0.0001675578685	-0.04014688591	-0.09199539494	-0.03531952093	-0.01477652928	-0.05467880306	0.06750328992	0.101369855	0.09186715153	0.1839131909	0.2073298528
chr11_2074576_C_A	0.00131251745	-0.09056126864	-0.04066891863	0.0896892986	0.09206647146	-0.05555171478	0.02516977336	-0.05461412013	-0.05555171478	-0.05555171478	-0.1385414333	0.09082035043	0.02491138689	0.283275776	-0.1356692631	0.08485030195	0.09237674515	0.09906934868	0.09906934868	0.0330114374	0.1015930517	-0.007652152254	-0.01630917882	-0.009952436834	0.4654056585	0.1816486523	0.1734202811	0.1471547756	0.147706142	0.1431495627	0.9572950337	0.1253228856	0.2037893159	1	0.07272572345	0.1802532484	0.1813098457	0.9572950337	0.9572950337	0.7233527379	0.07107255729	1	0.1983359969	0.2121411155	0.9626693845	0.1258392403	0.1323854933	0.135335736	0.135335736	0.1416904524	0.1911834018	0.1504445226	0.1227425135	1	0.9947338494	0.1135370998	1	0.08081901505	0.9626693845	0.1565737094	0.5480793187	0.1513360636	0.2108028419	0.8918417867	0.9299822905	0.07377991867	0.07482365652	0.3477320962	0.1251607461	0.1247027222	0.1247027222	0.8807370329	0.8918417867	0.547152415	0.2492335477	0.8862971912	0.1837630655	0.1227711732	0.1485275149	0.14877919	0.1177911297	0.14877919	0.1258392403	0.5679310094	0.9025853428	0.1499742979	0.9025853428	0.2960760081	0.1205323402	0.1828604624	0.003037807039	0.1844139586	0.1521710611	0.1789127641	0.09914591141	0.2138241843	0.1499742979	0.2498481334	0.1227711732	0.07610791098	0.1947668258	0.1227711732	0.1921072678	0.1405031506	0.2099358692	0.2096003121	0.1042234492	0.2564470918	0.1517889084	0.1030689863	0.1186818426	0.09477307401	0.1291812102	0.1030689863	0.1659372274	0.1912195077	0.1659372274	0.06729350152	0.1900405986	0.06729350152	0.116247158	0.0795198986	0.08103333603	0.1945971712	0.1572881947	0.1956829937	0.1081945796	0.08145791353	0.09792808798	0.1008672008	0.2654305038	0.2614726986	0.08007916558	0.5060707681	0.08007916558	0.07080660986	0.08487399322	0.07159405794	0.1540610678	0.09786095869	0.2394333106	0.04632074246	0.04861227876	0.09459806396	0.09459806396	0.04632074246	0.0007649442676	0.07159405794	0.1689292823	0.241776077	0.2435119471	0.100829051	0.04861227876	0.07159405794	0.07503852365	0.1177801871	0.09574098917	0.09553461279	-0.07218168934	0.0758272154	0.128826713	0.1013111105	0.1878656291	0.4033931108	-0.08730993042	0.4033931108	0.1826782347	0.1842810076	0.0916624933	0.08174744185	-0.04400343831	0.09701303901	0.03739621766	0.006173079472	0.1796174094	0.02704089198	0.03625681713	-0.07109645348	0.08010153452	-0.07201631178	-0.01523252837	0.05881093188	0.1340450353	-0.001577804326	0.3164574457	0.03940405083	-0.002582663543	0.3164574457	0.01241771869	0.03248010362	0.04594552383	0.03900998739	0.008731463675	-0.00324165023	0.3004041572	0.06291051562	0.04177618168	0.01858353305	0.02729903205	0.0625796625	0.1154853868	0.08648974209
chr11_2074632_A_C	-0.02491249995	-0.02347745971	-0.1315845964	0.2721314235	0.2536929862	-0.1315647208	-0.106117935	-0.1331533333	-0.1315647208	-0.1315647208	-0.06142315197	0.2700814785	-0.1329287575	0.0601599957	-0.06425186457	0.3260061157	0.1631844577	0.1381905748	0.1381905748	-0.01181893366	0.1418071054	-0.1184285099	-0.1185817642	-0.1771618105	-0.5717333507	-0.2674650573	-0.01030748768	-0.3336888372	-0.3342062063	-0.3319442577	0.1165448198	0.9662837233	-0.2694930929	0.07272572345	1	-0.1884005841	-0.1901653499	0.1165448198	0.1165448198	0.156058985	-0.03912521388	0.07272572345	-0.262551421	-0.2616769396	0.1188375469	0.9586715125	-0.1248211867	-0.1087863635	-0.1087863635	-0.1190975339	-0.2628452282	-0.3527168065	-0.132112084	0.07272572345	0.0751345568	-0.1342701245	0.07272572345	0.9497196671	0.1188375469	-0.1028999084	0.1771809608	-0.105668629	-0.2598974654	0.1129287087	0.1222275798	0.9601355613	-0.1411205217	0.3817074357	0.9314967006	0.9392430434	0.9392430434	0.1165749156	0.1129287087	0.1683053539	0.4308012732	0.1105352122	-0.2550212708	-0.1313266029	0.7469295309	-0.345937656	0.7841038104	-0.345937656	0.9420776244	0.08088184417	0.1141087514	-0.3517813859	0.1141087514	-0.5874559209	0.9477579388	-0.2794701127	-0.03797127985	-0.2552014088	-0.3508351007	-0.2520539432	-0.08077345681	-0.2724340585	-0.3517813859	-0.3009542358	-0.1313266029	0.9604095907	-0.3051022998	-0.1313266029	-0.3009996077	-0.09993230798	-0.4314549613	-0.427693661	-0.2433359967	-0.4160272177	0.7747514015	-0.2416197311	-0.1349640021	-0.06642212287	0.90314077	-0.2416197311	-0.2510042422	-0.2776131338	-0.2461385921	-0.0965044328	-0.2807204074	-0.0965044328	-0.222633723	-0.08307092501	-0.1925531016	-0.2782150299	-0.2430903043	-0.2755415415	-0.2111107968	-0.1985973306	-0.1249083359	0.7700410739	0.3009325525	0.2977485274	-0.1567214633	0.1784206598	-0.1567214633	-0.194071547	-0.1968265195	-0.1947278249	-0.3116263698	-0.1061771895	-0.4610971548	-0.07634656621	-0.07982261714	-0.08844129431	-0.08844129431	-0.07634656621	-0.1567214633	-0.1947278249	-0.2840325111	-0.4755021537	-0.4740265188	-0.1141876514	-0.0667915601	-0.1947278249	-0.2803076195	-0.3007019984	-0.08502733125	-0.1843353703	-0.07458886272	0.5015517848	-0.1655419436	-0.1893556807	-0.5513645644	0.1729380907	-0.0673090652	0.1729380907	-0.4918677858	-0.4904915837	-0.1041076779	-0.1085543037	0.1191790181	-0.08420898385	-0.0549071079	-0.05931919149	0.07261734258	-0.1174203176	-0.1052920049	-0.04970334082	0.0009771379964	-0.1103284227	-0.0890355688	-0.05367808376	0.1320638489	-0.1734964874	0.06607630904	-0.0468920913	-0.1725144949	0.06607630904	0.002655632476	0.0735511124	-0.09997697038	-0.06263787033	0.08183295272	-0.1664989979	0.05985352213	0.3350232775	-0.1393143881	0.08641056313	-0.04223957099	-0.01176850299	-0.03989012316	-0.04181663907
chr11_2074763_T_TG	-0.02614955462	-0.1033786087	-0.08571734392	0.1778427389	0.2132661333	-0.0891636285	-0.06798620045	-0.08586167534	-0.0891636285	-0.0891636285	-0.04236693861	0.1762472448	-0.03294985816	-0.00307065754	-0.04464339323	0.183349351	0.1733763339	0.1469979302	0.1469979302	-0.0565756639	0.1474292609	-0.1300796355	-0.1335064679	0.3509774875	0.217421157	0.6485765574	-0.1909630741	-0.237543106	-0.2380367476	-0.2398891978	0.1849476889	-0.177327248	0.6364850306	0.1802532484	-0.1884005841	1	0.9969185444	0.1849476889	0.1849476889	0.2091461449	-0.0353568006	0.1802532484	0.6816147888	0.6617040223	0.1780935674	-0.1924585825	-0.1400479737	-0.1095707675	-0.1095707675	-0.1258225777	0.6645489879	-0.256658254	0.7291082935	0.1802532484	0.1655929113	0.7243438244	0.1802532484	-0.1831025235	0.1780935674	-0.130765866	0.2238936177	-0.1155729165	0.639917098	0.1582481602	0.1667388784	-0.1897623596	-0.1591355168	0.3252492982	-0.1856546255	-0.1852976661	-0.1852976661	0.155084113	0.1582481602	0.2301037626	0.3917341254	0.1566702932	0.6265157418	0.7254725033	-0.1678536561	-0.2547865277	-0.1625335033	-0.2547865277	-0.1866610561	0.08412087753	0.1644807124	-0.2534547872	0.1644807124	-0.002341498206	-0.1893860979	0.4875640647	-0.07995049585	0.6160886446	-0.2468200455	0.6147145004	-0.06968651014	0.5378271947	-0.2487563097	0.4737373716	0.7254725033	-0.1924663325	0.4644388762	0.7254725033	0.4642158973	-0.1232645733	0.3421453526	0.3408449864	-0.1532672667	0.3443649568	-0.1516910662	-0.1518758973	0.3876124991	-0.1204152282	-0.2022267685	-0.1518758973	0.6259766615	0.4584840634	0.6055772939	-0.04314022576	0.4753004345	-0.04314022576	-0.1619140053	-0.1311592262	-0.1697269807	0.4523175507	0.5980775602	0.4513905255	-0.1441432899	-0.1585326866	0.5536302123	-0.1552664776	-0.1829077687	-0.1691363624	0.2971383686	-0.1414792224	0.2971383686	-0.1460280696	-0.2024374445	-0.1407254996	-0.009847507583	0.08895068843	0.01613949376	0.001403514112	-0.002190281256	0.2131459343	0.2131459343	0.001403514112	0.244128682	-0.1407254996	0.1190774141	0.03376549368	0.03264252597	-0.1191472605	-0.002190281256	-0.1407254996	0.03539907895	0.1851847544	0.2125684746	0.3308371332	-0.0329514573	-0.2760015992	0.3572750104	-0.1265534635	-0.007106297112	-0.1904263664	-0.02095189376	-0.1904263664	0.02138819961	0.02021510722	0.4520929462	0.4929458122	-0.02991156715	0.3538243352	0.01080012498	0.161673984	0.07175494718	0.04876200946	-0.146140148	-0.1077751467	-0.1482792255	-0.1337220666	-0.1456150103	0.05946057006	-0.06011517577	-0.04892578023	0.02731671783	0.02513617052	-0.04786127477	0.02731671783	0.1051418136	0.09938773988	0.4573591524	-0.0190153684	-0.06069461369	-0.05299351125	0.02022909807	-0.146933036	-0.02983981759	0.09062928742	0.1386706891	0.1171004258	0.2755254969	0.2613188628
chr11_2074764_A_G	-0.01832260819	-0.1051402356	-0.08416772198	0.1756024965	0.2106909388	-0.08763162593	-0.06589011441	-0.08434048414	-0.08763162593	-0.08763162593	-0.04338921551	0.1740023435	-0.03004224972	-0.002448172353	-0.04567056734	0.1812834832	0.1705759518	0.1432057724	0.1432057724	-0.05394890688	0.1436290998	-0.1261899942	-0.1296320017	0.3488680392	0.2150909289	0.6548254235	-0.1927931361	-0.240213841	-0.2407044216	-0.2425605445	0.1859367305	-0.1790512544	0.6377687346	0.1813098457	-0.1901653499	0.9969185444	1	0.1859367305	0.1859367305	0.2104843017	-0.03594731249	0.1813098457	0.6880449464	0.6678986103	0.1791003003	-0.1941908791	-0.1411166547	-0.1105183677	-0.1105183677	-0.1267904924	0.670850124	-0.2594673427	0.726876268	0.1813098457	0.1666785023	0.7221109697	0.1813098457	-0.1848729183	0.1791003003	-0.1318858052	0.2197490995	-0.1022521472	0.6413014199	0.1591829143	0.1677469382	-0.1915336795	-0.1538729977	0.3283602511	-0.1873860322	-0.1870333666	-0.1870333666	0.1560075981	0.1591829143	0.2317236487	0.3954061465	0.1575994201	0.633109276	0.7232413254	-0.1701544835	-0.2575914498	-0.1647984693	-0.2575914498	-0.1884018487	0.08470994872	0.1654378364	-0.2562276483	0.1654378364	0.0008897068466	-0.1911370961	0.4928786763	-0.08064890296	0.6178172451	-0.2496207045	0.6164372796	-0.06063675079	0.543856767	-0.2515360561	0.4791981717	0.7232413254	-0.1942479119	0.4698967101	0.7232413254	0.4697054	-0.124294012	0.3420854039	0.3446691911	-0.1550640931	0.3482367069	-0.1539344846	-0.1536676663	0.385956653	-0.1144655672	-0.2040403241	-0.1536676663	0.6278481777	0.4593152264	0.6074787046	-0.04389257693	0.4714737718	-0.04389257693	-0.1637655508	-0.1324626785	-0.1714888046	0.4531375348	0.599955423	0.4522058615	-0.1460248211	-0.1602299916	0.5518363244	-0.1522066356	-0.1838291039	-0.1699707623	0.3027889027	-0.1395092729	0.3027889027	-0.1476806198	-0.2044905353	-0.1423823342	-0.008248232453	0.08671304155	0.0145970715	0.0006902700211	-0.002909217726	0.2112527605	0.2112527605	0.0006902700211	0.2498568998	-0.1423823342	0.1188830814	0.03205171991	0.03091827	-0.1210897269	-0.002909217726	-0.1423823342	0.03743497867	0.1860083856	0.2106837488	0.3328680219	-0.03370961839	-0.2745675012	0.3597619305	-0.1283791661	-0.008771795192	-0.1884401665	-0.02151399776	-0.1884401665	0.01954198768	0.018357607	0.4504832386	0.4913309946	-0.03148390676	0.3522819848	0.008931725484	0.1660040759	0.07304440905	0.04636011581	-0.1480769879	-0.1028873068	-0.1495038903	-0.1356235358	-0.1478891683	0.06264987026	-0.05769562467	-0.04690470358	0.02836147332	0.02325353537	-0.04582837391	0.02836147332	0.1089089502	0.1025958814	0.455824737	-0.01945288205	-0.05662420862	-0.0555019643	0.02129246636	-0.1424144349	-0.03214389544	0.0940101564	0.1367990735	0.1150478301	0.2731720496	0.2589536381
chr11_2075149_A_G	0.004262100015	-0.09779602634	-0.05722966783	0.09368304039	0.09116851536	-0.07276519697	0.01578915956	-0.0718833876	-0.07276519697	-0.07276519697	-0.1544702818	0.0947561605	0.008133877188	0.298561805	-0.1515998252	0.09183948638	0.09924456655	0.11817695	0.11817695	0.03493893025	0.1204987679	-0.02108832614	-0.03022167751	-0.01073651833	0.4513904952	0.1868131384	0.1786780079	0.1318364018	0.1323893769	0.1275917814	1	0.1157058695	0.2082313472	0.9572950337	0.1165448198	0.1849476889	0.1859367305	1	1	0.7538107444	0.08677515599	0.9572950337	0.191683802	0.2048081164	0.9944118764	0.11571327	0.1325319183	0.1274710933	0.1274710933	0.133541942	0.1899650857	0.1395532862	0.1247199288	0.9572950337	0.9522593571	0.1151107271	0.9572950337	0.1300847832	0.9944118764	0.1471560994	0.5788358706	0.141483852	0.2030565792	0.9197097437	0.9604778076	0.1230771409	0.06907598768	0.373557956	0.1228679078	0.1224525574	0.1224525574	0.9079855175	0.9197097437	0.5767621143	0.2797860168	0.9138562888	0.1768085115	0.1248570794	0.1460041697	0.1379553651	0.1620522532	0.1379553651	0.1235339726	0.5752161029	0.9313291537	0.1395632067	0.9313291537	0.3153212102	0.1178868352	0.2101084632	-0.005684276293	0.1779425738	0.1416547241	0.1721937736	0.09161194428	0.204000964	0.1395632067	0.2365193345	0.1248570794	0.1252217029	0.179322508	0.1248570794	0.1767742724	0.1316941522	0.1971942497	0.2330890208	0.09335758422	0.2818411639	0.1507889907	0.09225116221	0.1105312003	0.1503566694	0.1254975665	0.09225116221	0.1598427525	0.2257017159	0.1598427525	0.07707578163	0.2240998007	0.07707578163	0.1049117678	0.1384569246	0.07731061253	0.2287963721	0.1510688438	0.2298573995	0.0966184939	0.07888667923	0.09028437324	0.09203503609	0.241898226	0.2391352793	0.06656311553	0.5237524913	0.06656311553	0.06873520042	0.1241777743	0.06947865028	0.1381309178	0.1370954543	0.2616882159	0.05872060976	0.06070925858	0.08926569964	0.08926569964	0.05872060976	-0.01516099752	0.06947865028	0.1915548682	0.2626220242	0.2643751876	0.09619689966	0.06070925858	0.06947865028	0.0675153583	0.1026363251	0.09037305714	0.08514907029	-0.06708748445	0.101277763	0.1152289641	0.09053035998	0.2009344169	0.4163739086	-0.09636960841	0.4163739086	0.2005167085	0.2021302458	0.08421079153	0.07458628652	-0.0378167843	0.08889548586	0.01851057703	0.02208415241	0.1802215869	0.01654959355	0.04321428029	-0.08210914964	0.0669511712	-0.08983150114	-0.03626925436	0.05316201925	0.1140802563	-0.01826348062	0.2995588257	0.02065261935	-0.01927654043	0.2995588257	0.04726982613	0.06224497192	0.03800188844	0.03516562291	0.02811186436	-0.02494550728	0.2833170732	0.05360664248	0.02463657549	0.04952550727	0.04454437379	0.07645370574	0.1338944448	0.09847885174
chr11_2075252_T_C	0.004262100015	-0.09779602634	-0.05722966783	0.09368304039	0.09116851536	-0.07276519697	0.01578915956	-0.0718833876	-0.07276519697	-0.07276519697	-0.1544702818	0.0947561605	0.008133877188	0.298561805	-0.1515998252	0.09183948638	0.09924456655	0.11817695	0.11817695	0.03493893025	0.1204987679	-0.02108832614	-0.03022167751	-0.01073651833	0.4513904952	0.1868131384	0.1786780079	0.1318364018	0.1323893769	0.1275917814	1	0.1157058695	0.2082313472	0.9572950337	0.1165448198	0.1849476889	0.1859367305	1	1	0.7538107444	0.08677515599	0.9572950337	0.191683802	0.2048081164	0.9944118764	0.11571327	0.1325319183	0.1274710933	0.1274710933	0.133541942	0.1899650857	0.1395532862	0.1247199288	0.9572950337	0.9522593571	0.1151107271	0.9572950337	0.1300847832	0.9944118764	0.1471560994	0.5788358706	0.141483852	0.2030565792	0.9197097437	0.9604778076	0.1230771409	0.06907598768	0.373557956	0.1228679078	0.1224525574	0.1224525574	0.9079855175	0.9197097437	0.5767621143	0.2797860168	0.9138562888	0.1768085115	0.1248570794	0.1460041697	0.1379553651	0.1620522532	0.1379553651	0.1235339726	0.5752161029	0.9313291537	0.1395632067	0.9313291537	0.3153212102	0.1178868352	0.2101084632	-0.005684276293	0.1779425738	0.1416547241	0.1721937736	0.09161194428	0.204000964	0.1395632067	0.2365193345	0.1248570794	0.1252217029	0.179322508	0.1248570794	0.1767742724	0.1316941522	0.1971942497	0.2330890208	0.09335758422	0.2818411639	0.1507889907	0.09225116221	0.1105312003	0.1503566694	0.1254975665	0.09225116221	0.1598427525	0.2257017159	0.1598427525	0.07707578163	0.2240998007	0.07707578163	0.1049117678	0.1384569246	0.07731061253	0.2287963721	0.1510688438	0.2298573995	0.0966184939	0.07888667923	0.09028437324	0.09203503609	0.241898226	0.2391352793	0.06656311553	0.5237524913	0.06656311553	0.06873520042	0.1241777743	0.06947865028	0.1381309178	0.1370954543	0.2616882159	0.05872060976	0.06070925858	0.08926569964	0.08926569964	0.05872060976	-0.01516099752	0.06947865028	0.1915548682	0.2626220242	0.2643751876	0.09619689966	0.06070925858	0.06947865028	0.0675153583	0.1026363251	0.09037305714	0.08514907029	-0.06708748445	0.101277763	0.1152289641	0.09053035998	0.2009344169	0.4163739086	-0.09636960841	0.4163739086	0.2005167085	0.2021302458	0.08421079153	0.07458628652	-0.0378167843	0.08889548586	0.01851057703	0.02208415241	0.1802215869	0.01654959355	0.04321428029	-0.08210914964	0.0669511712	-0.08983150114	-0.03626925436	0.05316201925	0.1140802563	-0.01826348062	0.2995588257	0.02065261935	-0.01927654043	0.2995588257	0.04726982613	0.06224497192	0.03800188844	0.03516562291	0.02811186436	-0.02494550728	0.2833170732	0.05360664248	0.02463657549	0.04952550727	0.04454437379	0.07645370574	0.1338944448	0.09847885174
chr11_2075577_G_A	-0.01390555758	-0.1910496344	-0.1090006909	0.09943457697	0.09601464267	-0.1204109651	-0.06377224681	-0.1192763855	-0.1204109651	-0.1204109651	-0.100654206	0.1008520216	-0.08118395618	0.2066344372	-0.1082438253	0.08718539949	0.09027180911	0.1180602814	0.1180602814	0.06173383158	0.1162148027	-0.04695212258	-0.05320937923	0.05284865054	0.2646054005	0.2263954302	-0.1488645664	0.214172311	0.2147615348	0.2114472694	0.7538107444	0.1511519339	0.2515055705	0.7233527379	0.156058985	0.2091461449	0.2104843017	0.7538107444	0.7538107444	1	0.07941448126	0.7233527379	0.2534774182	0.2705449489	0.7579223902	0.1549054564	-0.3228692638	-0.392439846	-0.392439846	-0.3269378065	0.2520792403	0.1909171514	0.1515193174	0.7233527379	0.7186429236	0.1441852884	0.7233527379	0.1699132566	0.7579223902	-0.31450813	0.7774447484	-0.3059020085	0.2660024363	0.6940157666	0.7216953495	0.1644517199	0.1143023512	0.2026249658	0.1604959135	0.1599546015	0.1599546015	0.6854511926	0.6940157666	0.7815297441	0.3773842972	0.689739356	0.2515638323	0.1515359088	0.183907615	0.1888515889	0.2063630559	0.1888515889	0.1613659591	0.4436609697	0.7110096114	0.1879174815	0.7110096114	0.1431321646	0.1577360694	0.009025575358	0.03442097614	0.2499889924	0.1906544078	0.2457187043	0.05024571303	0.2529856369	0.1879174815	0.01368330169	0.1515359088	0.1672452734	-0.02666587877	0.1515359088	-0.0304276437	-0.3554691018	0.302080579	0.08879270854	0.09176926052	0.1212692997	0.1914808306	0.09030042979	0.1215963547	-0.2895036017	0.1649292929	0.09030042979	0.2356782732	0.01216110631	0.2356782732	0.07544068509	0.01315769297	0.07544068509	0.1072598645	-0.2691636102	0.129797959	0.02212573524	0.2271468774	0.0233497868	0.09997140531	0.1378304973	0.1147998006	0.1443532044	0.3439050074	0.3341256384	0.108312846	0.3600668653	0.108312846	0.1380693742	-0.1102402941	0.1387195732	-0.05602362869	-0.1343984287	0.1381292184	0.06368100631	0.06645289698	0.1393921043	0.1393921043	0.06368100631	0.04080243469	0.1387195732	0.02299969381	0.1373954719	0.1390599792	0.1161485241	0.06645289698	0.1387195732	0.1612753808	0.2259444837	0.1404445078	0.1638561514	-0.02965969434	0.1411235004	0.1838264054	0.1008520248	0.09560028226	0.2773874676	-0.0594584507	0.2773874676	0.09336663139	0.09493096848	0.08268655669	0.08139868568	-0.1330707569	0.08867418722	-0.02324136804	0.05605373608	0.09975761534	0.0269870428	-0.04144497178	-0.2465915944	-0.01732475408	-0.002428712886	-0.1087483418	0.008812252625	0.07696645487	-0.07896939236	0.2088305786	0.03229795702	-0.07526232526	0.2088305786	0.06600611931	0.06261020058	0.06130883737	0.03628592301	0.03550631558	-0.08381517795	0.1947073782	0.07228356325	-0.08084973082	0.07079113508	0.07364797928	0.08484467051	-0.08411967526	0.07614764532
chr11_2075720_C_G	-0.06776361882	-0.04330627138	-0.05850694431	0.1249869185	0.08353124406	-0.05984139364	-0.08197084862	-0.06035323743	-0.05984139364	-0.05984139364	0.04443726234	0.1243127876	-0.06763686634	-0.03472418311	0.04317444232	-0.02251622129	0.06899679846	0.01950390715	0.01950390715	0.05425964484	0.01803067077	-0.02496550843	-0.0263301177	0.02743865385	0.1067417869	-0.09712567183	0.2972940886	-0.07935641057	-0.07960003686	-0.08037569835	0.08677515599	-0.04905761562	-0.09304344498	0.07107255729	-0.03912521388	-0.0353568006	-0.03594731249	0.08677515599	0.08677515599	0.07941448126	1	0.07107255729	-0.08078585593	-0.08779660506	0.08730176207	-0.05328989865	0.3624921799	0.2273199005	0.2273199005	0.2026498039	0.06917517145	-0.05824954661	-0.001311612243	0.07107255729	0.07166009745	-0.002138408186	0.07107255729	-0.01506358972	0.08730176207	0.1830415229	-0.07567866468	0.175177433	0.04082457447	0.08034215427	0.08624722528	-0.01514253758	0.103004889	0.09723729684	-0.02468026016	-0.02423106596	-0.02423106596	0.07924680451	0.08034215427	-0.08823830618	-0.009985642355	0.07979540124	0.05417031453	-0.0004838263212	-0.07591793857	-0.0574055499	-0.06139628716	-0.0574055499	-0.02481405143	0.04905582132	0.08251164216	-0.05498828445	0.08251164216	0.1213689762	-0.02597781314	0.1664818421	-0.02603072819	0.05828496338	-0.05603459712	0.05775821093	0.2500828858	0.1769049952	-0.05498828445	0.1623391583	-0.0004838263212	-0.01630482379	0.1604111072	-0.0004838263212	0.1507070019	0.2059668242	-0.03484228562	0.09291696474	0.003056164301	0.09594013895	-0.06767344847	0.003661795784	0.2787811899	0.1858678752	-0.03465083127	0.003661795784	-0.04591055969	0.06957003568	-0.04591055969	0.3054393675	0.06714753206	0.3054393675	0.0105083026	0.1616550409	0.04548866364	0.05747386752	-0.04534198327	0.0682012161	-0.002947296978	0.05418548614	0.03539123533	-0.06290825581	0.009085446935	0.004419251622	-0.00863769832	0.1213827165	-0.00863769832	0.0602064342	0.06436900735	0.05919687124	0.04043390409	-0.0107721265	0.169751556	0.3250829976	0.3192402379	-0.02804713992	-0.02804713992	0.3250829976	-0.00863769832	0.05919687124	0.1168352621	0.1605393963	0.1605398279	0.03389691399	0.3192402379	0.05919687124	0.1555598874	0.01977778924	-0.02891136478	0.08727284103	0.2649430898	-0.01661741665	-0.0269780891	0.004902994961	0.1280579509	0.117562093	0.4008869516	0.117562093	0.1538011355	0.1538023513	0.01441919201	0.02224433497	0.02519173091	0.176912519	0.1197634724	-0.05289662963	0.07790240396	-0.008941335253	-0.002424729222	-0.03301136911	-0.08267522012	0.07348049089	0.03549163106	0.04733821871	0.01970139742	0.01983543311	-0.06452340175	0.04517959095	0.02038598798	-0.06452340175	-0.01776430562	-0.02737855011	0.02650248446	0.06882778261	-0.01607160845	0.02981027443	-0.06319083786	-0.04894422035	0.06656810516	-0.02081979295	0.01053119402	-0.01192143838	0.03600332828	0.0596486028
chr11_2075736_C_T	0.00131251745	-0.09056126864	-0.04066891863	0.0896892986	0.09206647146	-0.05555171478	0.02516977336	-0.05461412013	-0.05555171478	-0.05555171478	-0.1385414333	0.09082035043	0.02491138689	0.283275776	-0.1356692631	0.08485030195	0.09237674515	0.09906934868	0.09906934868	0.0330114374	0.1015930517	-0.007652152254	-0.01630917882	-0.009952436834	0.4654056585	0.1816486523	0.1734202811	0.1471547756	0.147706142	0.1431495627	0.9572950337	0.1253228856	0.2037893159	1	0.07272572345	0.1802532484	0.1813098457	0.9572950337	0.9572950337	0.7233527379	0.07107255729	1	0.1983359969	0.2121411155	0.9626693845	0.1258392403	0.1323854933	0.135335736	0.135335736	0.1416904524	0.1911834018	0.1504445226	0.1227425135	1	0.9947338494	0.1135370998	1	0.08081901505	0.9626693845	0.1565737094	0.5480793187	0.1513360636	0.2108028419	0.8918417867	0.9299822905	0.07377991867	0.07482365652	0.3477320962	0.1251607461	0.1247027222	0.1247027222	0.8807370329	0.8918417867	0.547152415	0.2492335477	0.8862971912	0.1837630655	0.1227711732	0.1485275149	0.14877919	0.1177911297	0.14877919	0.1258392403	0.5679310094	0.9025853428	0.1499742979	0.9025853428	0.2960760081	0.1205323402	0.1828604624	0.003037807039	0.1844139586	0.1521710611	0.1789127641	0.09914591141	0.2138241843	0.1499742979	0.2498481334	0.1227711732	0.07610791098	0.1947668258	0.1227711732	0.1921072678	0.1405031506	0.2099358692	0.2096003121	0.1042234492	0.2564470918	0.1517889084	0.1030689863	0.1186818426	0.09477307401	0.1291812102	0.1030689863	0.1659372274	0.1912195077	0.1659372274	0.06729350152	0.1900405986	0.06729350152	0.116247158	0.0795198986	0.08103333603	0.1945971712	0.1572881947	0.1956829937	0.1081945796	0.08145791353	0.09792808798	0.1008672008	0.2654305038	0.2614726986	0.08007916558	0.5060707681	0.08007916558	0.07080660986	0.08487399322	0.07159405794	0.1540610678	0.09786095869	0.2394333106	0.04632074246	0.04861227876	0.09459806396	0.09459806396	0.04632074246	0.0007649442676	0.07159405794	0.1689292823	0.241776077	0.2435119471	0.100829051	0.04861227876	0.07159405794	0.07503852365	0.1177801871	0.09574098917	0.09553461279	-0.07218168934	0.0758272154	0.128826713	0.1013111105	0.1878656291	0.4033931108	-0.08730993042	0.4033931108	0.1826782347	0.1842810076	0.0916624933	0.08174744185	-0.04400343831	0.09701303901	0.03739621766	0.006173079472	0.1796174094	0.02704089198	0.03625681713	-0.07109645348	0.08010153452	-0.07201631178	-0.01523252837	0.05881093188	0.1340450353	-0.001577804326	0.3164574457	0.03940405083	-0.002582663543	0.3164574457	0.01241771869	0.03248010362	0.04594552383	0.03900998739	0.008731463675	-0.00324165023	0.3004041572	0.06291051562	0.04177618168	0.01858353305	0.02729903205	0.0625796625	0.1154853868	0.08648974209
chr11_2076043_C_A	0.02336955077	-0.08651528062	-0.07558451541	0.03412927937	0.07478456046	-0.08078204357	-0.09243942034	-0.07898166438	-0.08078204357	-0.08078204357	0.02965142088	0.03192716151	-0.05180861826	0.0338830721	0.0257266414	0.03418982237	0.08511687677	0.05908637791	0.05908637791	0.05926725566	0.05720484171	-0.04129862051	-0.03943257636	0.3804009356	0.2808445864	0.931412858	-0.2698488229	-0.3796826407	-0.3803326382	-0.3830165864	0.191683802	-0.2506959947	0.9121023603	0.1983359969	-0.262551421	0.6816147888	0.6880449464	0.191683802	0.191683802	0.2534774182	-0.08078585593	0.1983359969	1	0.9683425813	0.1941700135	-0.2602680586	-0.2171407398	-0.1803875242	-0.1803875242	-0.1922666671	0.9558115655	-0.4099322828	0.5115618999	0.1983359969	0.1879279269	0.50657717	0.1983359969	-0.2451262202	0.1941700135	-0.1900651243	0.2864769371	-0.1594995052	0.9145422594	0.1676920671	0.182517355	-0.2509489122	0.5431403695	0.4728965145	-0.245092991	-0.2443693169	-0.2443693169	0.1694124985	0.1676920671	0.2871118735	0.5695267004	0.1720543605	0.9269703325	0.5091445821	-0.2608638227	-0.4072151809	-0.2488652694	-0.4072151809	-0.2464216359	0.1104484867	0.1712843534	-0.4094867478	0.1712843534	0.1551650667	-0.2505227363	0.7280527535	0.2979273747	0.9127706969	-0.3986694238	0.9107285053	-0.0851503486	0.8147894276	-0.4020057291	0.7040900912	0.5091445821	-0.255013205	0.7045657252	0.5091445821	0.7074690323	-0.1803269234	0.5014268116	0.4808892248	-0.2346377081	0.4855790671	-0.2335559455	-0.2325752132	0.2573147432	-0.1660573519	-0.2653652477	-0.2325752132	0.9211929642	0.6767759231	0.9049528044	-0.07327003589	0.6785498961	-0.07327003589	-0.2513410862	-0.1921320408	-0.2608958129	0.6712912936	0.8857259564	0.6699127855	-0.2460479147	-0.2450233463	0.3817071292	-0.2113541365	-0.442712731	-0.435918677	0.4639986084	-0.0648903925	0.4639986084	-0.2265208429	-0.303677492	-0.2226303511	-0.0001965542967	0.2935037875	0.1165420052	-0.0288176997	-0.03373908293	0.499353169	0.499353169	-0.0288176997	0.421797017	-0.2226303511	0.2770450942	0.1214455772	0.1199928237	-0.2494631715	-0.03373908293	-0.2226303511	0.07156367868	0.4226505482	0.4908954546	0.6518321185	-0.06601118319	-0.4051388952	0.7119732459	-0.2436482219	0.1021004498	-0.1095894933	-0.03550660852	-0.1095894933	0.104989832	0.1034816851	0.2982787274	0.3309348716	0.1073729233	0.2029894412	-0.06202760405	0.436687513	-0.2111895577	-0.09250399808	-0.2533578862	-0.0004742498306	-0.1827041552	-0.07472274926	-0.0633351555	-0.08822580508	-0.05129967903	-0.05801593311	-0.03657524922	-0.03783253765	-0.05638596448	-0.03657524922	0.03952695169	0.03504086215	0.3072320314	-0.005392416231	-0.07085315593	-0.0556757345	-0.05516082292	0.02293410857	-0.01679075239	0.0170999895	0.03284698869	0.03031071974	0.1560152426	0.1708232496
chr11_2076311_A_C	0.01278329219	-0.07281307594	-0.06944457698	0.03777732654	0.07533172552	-0.0748244928	-0.08985482604	-0.07314676937	-0.0748244928	-0.0748244928	0.03739947804	0.03987207268	-0.05286979176	0.02916975522	0.03330678805	0.01884486549	0.09535772631	0.04915324374	0.04915324374	0.06889617404	0.04706858217	-0.03238511614	-0.03081912451	0.3616875162	0.2896350711	0.8963628762	-0.2224144517	-0.382902683	-0.3836028673	-0.3827037891	0.2048081164	-0.2584032972	0.942900259	0.2121411155	-0.2616769396	0.6617040223	0.6678986103	0.2048081164	0.2048081164	0.2705449489	-0.08779660506	0.2121411155	0.9683425813	1	0.2073489147	-0.2594824277	-0.2299668802	-0.191705954	-0.191705954	-0.2039468886	0.9276299395	-0.4115847357	0.4989329108	0.2121411155	0.2020300529	0.4938928016	0.2121411155	-0.2543054578	0.2073489147	-0.2039048444	0.3081311069	-0.1742571158	0.947032115	0.1800287038	0.1957133654	-0.2556382656	0.52233849	0.4810124413	-0.2535797296	-0.2528353631	-0.2528353631	0.1815050475	0.1800287038	0.3076968359	0.5853533087	0.1842027941	0.9007682994	0.4966824983	-0.2146575869	-0.4087519546	-0.1990006438	-0.4087519546	-0.2504263341	0.1178284317	0.1839718461	-0.4141825522	0.1839718461	0.1202626626	-0.250147468	0.6937612317	0.2814392988	0.8874665551	-0.4037744167	0.8853633454	-0.09651306891	0.7857901006	-0.4068432407	0.6713425239	0.4966824983	-0.2553949621	0.6712844394	0.4966824983	0.6743797468	-0.1930015488	0.4839659768	0.4469864268	-0.2389748568	0.4520446843	-0.2416188064	-0.2413702405	0.245006203	-0.1815262277	-0.2664009139	-0.2413702405	0.8930294152	0.6443674713	0.8810800142	-0.08272679987	0.645653106	-0.08272679987	-0.2252660612	-0.2083804514	-0.2646883024	0.6392501981	0.8623007249	0.6377952261	-0.219828842	-0.2477347543	0.3696051952	-0.2189114636	-0.4356729652	-0.4277048105	0.4474157628	-0.04991843613	0.4474157628	-0.2331972806	-0.3171810465	-0.2294258395	-0.02282018537	0.2727412426	0.1050453494	-0.02691386385	-0.03203485039	0.484295152	0.484295152	-0.02691386385	0.4060135642	-0.2294258395	0.2715335685	0.1079532061	0.1063999254	-0.2245341605	-0.03203485039	-0.2294258395	0.05674143733	0.3973594875	0.4758339267	0.6299712726	-0.06621860176	-0.3872530089	0.6888424668	-0.2156091949	0.1000046724	-0.08994532669	-0.02994606334	-0.08994532669	0.1010338409	0.09945261729	0.296920563	0.3305458143	0.09831789591	0.1998369665	-0.0530964502	0.4307210409	-0.2059499631	-0.07354441356	-0.268735554	-0.007016518609	-0.1402558248	-0.09304344787	-0.08059753861	-0.1103217429	-0.07226671931	-0.08193513196	-0.02883768565	-0.03426296041	-0.08032331815	-0.02883768565	0.04057831856	0.03573126025	0.2990396933	-0.0114784337	-0.07195492199	-0.07798887721	-0.04692121831	0.01287863195	-0.03962598987	0.01951109034	0.03995663123	0.03277812799	0.1771195357	0.2036127137
chr11_2076798_T_C	0.0005102776456	-0.09484088128	-0.05892318057	0.08845722139	0.08696587586	-0.07436773192	0.01304108466	-0.07348131781	-0.07436773192	-0.07436773192	-0.1524097925	0.08954111742	0.004254445726	0.2965680498	-0.1495394296	0.08598662041	0.09442040787	0.1164701062	0.1164701062	0.03799595367	0.1188148199	-0.0200979592	-0.02916913308	-0.01689438572	0.4459500211	0.1763978853	0.1808218069	0.1353856762	0.1359333532	0.1311630277	0.9944118764	0.1179251753	0.1980370567	0.9626693845	0.1188375469	0.1780935674	0.1791003003	0.9944118764	0.9944118764	0.7579223902	0.08730176207	0.9626693845	0.1941700135	0.2073489147	1	0.1179735429	0.1337303451	0.1284661786	0.1284661786	0.1345727836	0.1925617789	0.137000275	0.1258002379	0.9626693845	0.9576046889	0.1162389511	0.9626693845	0.1323219335	1	0.1483482752	0.5817185011	0.1427324053	0.2056571745	0.9263524534	0.9663065894	0.1253559467	0.07091537151	0.3789868399	0.1250857163	0.1246770568	0.1246770568	0.9148049998	0.9263524534	0.5800182253	0.284393641	0.9205868392	0.1793485267	0.1259428839	0.1488630827	0.1353848868	0.1647899496	0.1353848868	0.1257638039	0.589619482	0.9376761115	0.1369377689	0.9376761115	0.3158851073	0.1201577552	0.2135484957	-0.004564641186	0.1804349253	0.1390377138	0.1747183447	0.09256852148	0.2068399205	0.1369377689	0.2397589215	0.1259428839	0.1275112995	0.1828444269	0.1259428839	0.1802847951	0.132809934	0.2017822179	0.2381607393	0.08793056243	0.2866871121	0.1535201503	0.08681249922	0.1115648285	0.1516552392	0.1278483676	0.08681249922	0.1623203873	0.2289902176	0.1623203873	0.0778732775	0.2274396967	0.0778732775	0.09963656786	0.1399306899	0.07971527238	0.2320167822	0.1535422412	0.233085314	0.09133446912	0.08117630579	0.09125517569	0.09492236866	0.2425571901	0.2396608517	0.06828990987	0.5276815184	0.06828990987	0.07097945479	0.1268564692	0.07171531945	0.1417259768	0.139397588	0.2627134077	0.05944908299	0.06144473849	0.09104553211	0.09104553211	0.05944908299	-0.01311609631	0.07171531945	0.1908359349	0.2638394082	0.2656020679	0.09110856534	0.06144473849	0.07171531945	0.0708912592	0.1068508754	0.09213834968	0.08815218586	-0.06574111505	0.09949798064	0.1178511656	0.08503817489	0.2024075542	0.4212844256	-0.09519675652	0.4212844256	0.2021784642	0.2038032249	0.08515762271	0.07549689273	-0.04171805263	0.0899272319	0.02093152021	0.02422842233	0.1875674839	0.01962122619	0.03869322067	-0.07962053954	0.06863100677	-0.08665933359	-0.03278059632	0.05464308418	0.117504987	-0.01455580683	0.3096293578	0.02305610998	-0.01556262705	0.3096293578	0.04180907312	0.05748951227	0.03901687993	0.03565500135	0.0226446161	-0.02136829253	0.2933698967	0.05582120839	0.02770010761	0.04460439152	0.03803783658	0.07064337484	0.1359969329	0.1007630582
chr11_2076844_T_C	-0.01716861823	-0.02486795454	-0.1194335329	0.2603176188	0.2519921848	-0.1194476512	-0.09358961351	-0.1210089255	-0.1194476512	-0.1194476512	-0.0613795051	0.2583004049	-0.1183273344	0.05970027331	-0.06416704842	0.313161064	0.1689474192	0.1282148437	0.1282148437	-0.01845907369	0.1317772944	-0.1088010142	-0.1089709689	-0.175596953	-0.5459027493	-0.2651357765	0.01429126283	-0.3352160211	-0.3357082088	-0.3334797061	0.11571327	0.9644312302	-0.2672195874	0.1258392403	0.9586715125	-0.1924585825	-0.1941908791	0.11571327	0.11571327	0.1549054564	-0.05328989865	0.1258392403	-0.2602680586	-0.2594824277	0.1179735429	1	-0.1307348671	-0.1079463029	-0.1079463029	-0.1181206611	-0.2652085779	-0.3540033166	-0.1384432669	0.1258392403	0.1280253679	-0.1405437649	0.1258392403	0.9473372498	0.1179735429	-0.1023525913	0.1760303195	-0.1050973809	-0.2577706817	0.112071958	0.1212905939	0.9576466435	-0.1339586391	0.3825630667	0.9675764025	0.9755235751	0.9755235751	0.1156401981	0.112071958	0.1672334931	0.4313218173	0.1097123831	-0.2528652231	-0.1377840266	0.7790940704	-0.3473449093	0.7823221828	-0.3473449093	0.9782572942	0.08015250507	0.1132611818	-0.3530577267	0.1132611818	-0.6170759844	0.9837373457	-0.3078220222	-0.03808066002	-0.2530120697	-0.3521501827	-0.2499258821	-0.08029339431	-0.2702594367	-0.3530577267	-0.2986544451	-0.1377840266	0.9578793077	-0.3027724546	-0.1377840266	-0.2987258132	-0.09934099351	-0.4318845812	-0.4573986045	-0.2410274921	-0.4460061732	0.8077804789	-0.2393342324	-0.1336522935	-0.1137351043	0.9383504173	-0.2393342324	-0.2488280325	-0.2929970689	-0.2297018822	-0.0956019495	-0.2960753249	-0.0956019495	-0.2207463761	-0.1272434082	-0.1965142404	-0.2933171025	-0.2268571538	-0.2907078604	-0.2094263496	-0.2024697421	-0.1236716332	0.7889329896	0.3163250929	0.3131143153	-0.1553978759	0.1828103424	-0.1553978759	-0.1980122133	-0.2340088281	-0.1986171742	-0.3134946307	-0.121707415	-0.4807364017	-0.07569453947	-0.07912078988	-0.06371398358	-0.06371398358	-0.07569453947	-0.1553978759	-0.1986171742	-0.2996528994	-0.4951062501	-0.4937472665	-0.1194785182	-0.06631500092	-0.1986171742	-0.2825001061	-0.2859802928	-0.06077573645	-0.1647200299	-0.07405666963	0.4896714857	-0.1449454502	-0.1879706898	-0.5655378138	0.1777115644	-0.06670211646	0.1777115644	-0.5116769303	-0.5059734108	-0.1031973347	-0.1075156758	0.1286283088	-0.0837146028	-0.04458818963	-0.07738310487	0.05882232252	-0.1175786593	-0.1156053737	-0.05035754741	0.01230075379	-0.1103905831	-0.08983212448	-0.05392795344	0.1466358044	-0.1774025153	0.07481152733	-0.03685190561	-0.1764532703	0.07481152733	0.0007978775599	0.0702378357	-0.09906009206	-0.06199202239	0.0896973405	-0.1660489878	0.06865529367	0.3447351839	-0.1391105585	0.08293565716	-0.04906147322	0.003506879641	-0.04603151258	-0.04295503099
chr11_2076994_T_C	0.004026096874	0.08036380913	0.04867751854	-0.05121144931	-0.05962535301	0.04579242987	0.0663058012	0.04488307414	0.04579242987	0.04579242987	-0.0330661266	-0.05232836473	0.09853506014	0.08440385552	-0.01198997917	-0.09180058529	-0.07014243432	-0.04459881852	-0.04459881852	0.03211997355	-0.04721813794	0.07404635073	0.071328341	-0.07053914003	0.2046495812	-0.2134875184	0.6535450889	-0.1809644593	-0.1813734208	-0.1828501845	0.1325319183	-0.1229667891	-0.2226645344	0.1323854933	-0.1248211867	-0.1400479737	-0.1411166547	0.1325319183	0.1325319183	-0.3228692638	0.3624921799	0.1323854933	-0.2171407398	-0.2299668802	0.1337303451	-0.1307348671	1	0.8163455849	0.8163455849	0.834756604	-0.1242827801	-0.1349738005	-0.08279748922	0.1323854933	0.1335811026	-0.08414333175	0.1323854933	-0.1170556311	0.1337303451	0.7800916025	-0.5142905434	0.7551745832	-0.1428935559	0.1385262989	0.1412594976	-0.1176691164	-0.04163346177	0.1954331884	-0.1163535006	-0.1158843824	-0.1158843824	0.1361602182	0.1385262989	-0.5367903199	-0.255920676	0.1373459584	-0.1393201417	-0.08231197984	-0.161717247	-0.1333443594	-0.1632367442	-0.1333443594	-0.1169842509	0.09729171629	0.1329724905	-0.1285592832	0.1329724905	0.2567590051	-0.1191816902	0.3485081212	-0.06773657131	-0.1332983359	-0.1306583745	-0.1343171024	0.4559991608	0.09471064564	-0.1285592832	0.3629499193	-0.08231197984	-0.1198470468	0.3592491242	-0.08231197984	0.3627288922	0.7939929315	-0.2337531198	0.2417317181	-0.03564740978	0.2478975804	-0.1579933315	-0.03448055409	0.171666096	0.74590253	-0.1278778412	-0.03448055409	-0.1755086656	0.3145400594	-0.1755086656	0.2378374769	0.3096659212	0.2378374769	-0.04812918112	0.6903091916	-0.06961893068	0.304920319	-0.1733350896	0.3095518692	-0.0540510925	-0.06898263951	-0.04711033879	-0.1550161035	-0.2503221901	-0.2295078968	-0.04888395321	0.1818552519	-0.04888395321	-0.07264513604	0.3161997713	-0.07337586373	0.2606931315	0.3349809365	0.1844760939	0.06707414864	0.06334378238	-0.09883166812	-0.09883166812	0.06707414864	-0.03990332701	-0.07337586373	0.2307911372	0.1712929812	0.1708470956	-0.04886279136	0.06334378238	-0.07337586373	-0.06199697505	-0.145938807	-0.09980376424	-0.08341552532	0.05867973438	-0.03371179491	-0.1042379639	-0.03924336911	0.1630000057	0.1786178916	0.1129405833	0.1786178916	0.1615969295	0.1611378444	-0.01398386574	-0.01410458817	0.1143022037	0.06653222232	0.04205883202	-0.09329268484	0.1291654889	-0.01947557387	0.1347661918	0.1564450635	0.02785000099	-0.03886342257	0.1207161026	0.05468090089	0.00926097641	0.07288179486	0.02490227639	-0.03717219247	0.06853995337	0.02490227639	0.01440204452	0.01815741776	-0.02111307132	-0.01484936189	0.03219871637	0.07625296477	0.02670399393	-0.06470705829	0.1385842316	-0.0009801003946	0.02196791054	0.02706511732	0.2270358089	0.04049281502
chr11_2077046_CCA_C	0.01525682565	0.1007277231	0.05992150071	0.003681664982	-0.002161939334	0.05738632839	0.08046636746	0.05660657302	0.05738632839	0.05738632839	-0.03832113758	0.002674578417	0.1004008764	0.03147581636	-0.02697341217	-0.04865929758	0.001734985861	0.007885104912	0.007885104912	-0.0587526023	0.01142675597	0.001554703089	-0.0008037767016	-0.09015971426	0.1920803568	-0.1744619877	0.5751082635	-0.1747374295	-0.1750386705	-0.1762780586	0.1274710933	-0.1010445089	-0.1811603597	0.135335736	-0.1087863635	-0.1095707675	-0.1105183677	0.1274710933	0.1274710933	-0.392439846	0.2273199005	0.135335736	-0.1803875242	-0.191705954	0.1284661786	-0.1079463029	0.8163455849	1	1	0.8689464579	-0.1838618467	-0.1286010386	-0.08476585013	0.135335736	0.1363043596	-0.08588989384	0.135335736	-0.1137226476	0.1284661786	0.8234450697	-0.5549993648	0.7985329612	-0.1895015916	0.1386101986	0.1376351159	-0.1143186649	-0.124498576	0.1880884942	-0.1073642829	-0.106994675	-0.106994675	0.1367204479	0.1386101986	-0.5744538452	-0.2878827079	0.1376669137	-0.1924058364	-0.08452719857	-0.1406182002	-0.1272091658	-0.1501469594	-0.1272091658	-0.1079463029	0.08463349283	0.1308612384	-0.1230518636	0.1308612384	0.2313441001	-0.10984775	0.3236012518	-0.06418594192	-0.1877847239	-0.124891631	-0.1886634585	0.4271971495	0.0286396126	-0.1230518636	0.3424545007	-0.08452719857	-0.1161958739	0.3393154628	-0.08452719857	0.3361866382	0.8821227524	-0.283967415	0.2152675301	-0.03168091945	0.2206459367	-0.1405103667	-0.03066643046	0.1107274592	0.781665877	-0.1155486289	-0.03066643046	-0.1785063108	0.3382221867	-0.1785063108	0.1811508407	0.3339567276	0.1811508407	-0.03491320658	0.7290759927	-0.1313513524	0.3336731706	-0.1762956107	0.3330511246	-0.04175497797	-0.1277213006	-0.06080179142	-0.1395349409	-0.2771270584	-0.2632597446	-0.08448149018	0.1680504574	-0.08448149018	-0.1350776569	0.300562761	-0.1352373869	0.2318017562	0.3694540747	0.185616015	0.1739058704	0.169088983	-0.1088590816	-0.1088590816	0.1739058704	-0.07438708218	-0.1352373869	0.2775994191	0.1756291302	0.1753221075	-0.04146164767	0.169088983	-0.1352373869	-0.09737248097	-0.220161115	-0.1093117187	-0.0744176244	0.1572016405	-0.008309813314	-0.1439399063	-0.02100717222	0.1658696294	0.1590341438	0.2347045527	0.1590341438	0.1626665401	0.1623382724	-0.04048350614	-0.04545380213	0.1907463373	-0.03618202946	0.07208928155	-0.09719490176	0.1164694322	-0.04382336849	0.1326741284	0.1809960883	0.05428024129	-0.08220878234	0.1222535414	0.05056446622	0.005940790875	0.0639394289	0.01552920044	-0.001096431858	0.0587557268	0.01552920044	-0.01056368237	-5.58241517e-05	-0.05598568116	-0.000538418943	0.01615949147	0.06262503515	0.01713025025	-0.06727099203	0.1202543623	-0.02546294733	-0.01951702343	-4.828848701e-05	0.2162278044	-0.00736335763
chr11_2077056_T_G	0.01525682565	0.1007277231	0.05992150071	0.003681664982	-0.002161939334	0.05738632839	0.08046636746	0.05660657302	0.05738632839	0.05738632839	-0.03832113758	0.002674578417	0.1004008764	0.03147581636	-0.02697341217	-0.04865929758	0.001734985861	0.007885104912	0.007885104912	-0.0587526023	0.01142675597	0.001554703089	-0.0008037767016	-0.09015971426	0.1920803568	-0.1744619877	0.5751082635	-0.1747374295	-0.1750386705	-0.1762780586	0.1274710933	-0.1010445089	-0.1811603597	0.135335736	-0.1087863635	-0.1095707675	-0.1105183677	0.1274710933	0.1274710933	-0.392439846	0.2273199005	0.135335736	-0.1803875242	-0.191705954	0.1284661786	-0.1079463029	0.8163455849	1	1	0.8689464579	-0.1838618467	-0.1286010386	-0.08476585013	0.135335736	0.1363043596	-0.08588989384	0.135335736	-0.1137226476	0.1284661786	0.8234450697	-0.5549993648	0.7985329612	-0.1895015916	0.1386101986	0.1376351159	-0.1143186649	-0.124498576	0.1880884942	-0.1073642829	-0.106994675	-0.106994675	0.1367204479	0.1386101986	-0.5744538452	-0.2878827079	0.1376669137	-0.1924058364	-0.08452719857	-0.1406182002	-0.1272091658	-0.1501469594	-0.1272091658	-0.1079463029	0.08463349283	0.1308612384	-0.1230518636	0.1308612384	0.2313441001	-0.10984775	0.3236012518	-0.06418594192	-0.1877847239	-0.124891631	-0.1886634585	0.4271971495	0.0286396126	-0.1230518636	0.3424545007	-0.08452719857	-0.1161958739	0.3393154628	-0.08452719857	0.3361866382	0.8821227524	-0.283967415	0.2152675301	-0.03168091945	0.2206459367	-0.1405103667	-0.03066643046	0.1107274592	0.781665877	-0.1155486289	-0.03066643046	-0.1785063108	0.3382221867	-0.1785063108	0.1811508407	0.3339567276	0.1811508407	-0.03491320658	0.7290759927	-0.1313513524	0.3336731706	-0.1762956107	0.3330511246	-0.04175497797	-0.1277213006	-0.06080179142	-0.1395349409	-0.2771270584	-0.2632597446	-0.08448149018	0.1680504574	-0.08448149018	-0.1350776569	0.300562761	-0.1352373869	0.2318017562	0.3694540747	0.185616015	0.1739058704	0.169088983	-0.1088590816	-0.1088590816	0.1739058704	-0.07438708218	-0.1352373869	0.2775994191	0.1756291302	0.1753221075	-0.04146164767	0.169088983	-0.1352373869	-0.09737248097	-0.220161115	-0.1093117187	-0.0744176244	0.1572016405	-0.008309813314	-0.1439399063	-0.02100717222	0.1658696294	0.1590341438	0.2347045527	0.1590341438	0.1626665401	0.1623382724	-0.04048350614	-0.04545380213	0.1907463373	-0.03618202946	0.07208928155	-0.09719490176	0.1164694322	-0.04382336849	0.1326741284	0.1809960883	0.05428024129	-0.08220878234	0.1222535414	0.05056446622	0.005940790875	0.0639394289	0.01552920044	-0.001096431858	0.0587557268	0.01552920044	-0.01056368237	-5.58241517e-05	-0.05598568116	-0.000538418943	0.01615949147	0.06262503515	0.01713025025	-0.06727099203	0.1202543623	-0.02546294733	-0.01951702343	-4.828848701e-05	0.2162278044	-0.00736335763
chr11_2077271_C_T	-0.02334229271	0.09802997681	0.0732348927	-0.01428363564	-0.0277822009	0.07058294004	0.1031574135	0.06977914961	0.07058294004	0.07058294004	-0.05676204353	-0.0153175006	0.1219061153	0.03460528504	-0.03264683289	-0.06578238564	-0.03509342406	-0.04106950004	-0.04106950004	-0.01882292293	-0.04343612341	0.05606422904	0.05360671572	-0.07347693631	0.1930668896	-0.1865910028	0.5760195206	-0.1520541001	-0.1524606446	-0.1538268251	0.133541942	-0.1110908131	-0.1937705793	0.1416904524	-0.1190975339	-0.1258225777	-0.1267904924	0.133541942	0.133541942	-0.3269378065	0.2026498039	0.1416904524	-0.1922666671	-0.2039468886	0.1345727836	-0.1181206611	0.834756604	0.8689464579	0.8689464579	1	-0.2026124521	-0.1448957127	-0.09053305026	0.1416904524	0.1426942322	-0.09169309157	0.1416904524	-0.123998283	0.1345727836	0.8911860176	-0.6036588656	0.8645008249	-0.2083945722	0.1441300953	0.1436154219	-0.1246481546	-0.1322131088	0.2062297424	-0.1174837836	-0.1171360226	-0.1171360226	0.1421650887	0.1441300953	-0.6254812436	-0.3089657471	0.1431492457	-0.2107925024	-0.09031937505	-0.1467462504	-0.1434739459	-0.1560514501	-0.1434739459	-0.1181206611	0.08800386628	0.1365865043	-0.1391562874	0.1365865043	0.2473614473	-0.1200882382	0.3479455742	-0.06820500767	-0.2060803153	-0.1410830822	-0.2069929167	0.5912882253	0.09001177782	-0.1391562874	0.367340106	-0.09031937505	-0.126591734	0.3641098404	-0.09031937505	0.36115259	0.9026210813	-0.2684839381	0.266301263	-0.08836952147	0.2720195316	-0.1460284608	-0.08736019349	0.2476810899	0.8466264971	-0.1261935718	-0.08736019349	-0.1898714214	0.368991816	-0.1898714214	0.3712371482	0.364549671	0.3712371482	-0.09131558524	0.7890276636	-0.103178709	0.364028955	-0.1875199708	0.3633920632	-0.09841967875	-0.1062597143	-0.06572476714	-0.1447003002	-0.3066619921	-0.2920870506	-0.0517291678	0.1683603028	-0.0517291678	-0.1129661511	0.2866042707	-0.1133142509	0.2390870248	0.3274212579	0.1457662901	0.1692747102	0.1644231963	-0.1167254198	-0.1167254198	0.1692747102	-0.04168422658	-0.1133142509	0.2238993107	0.1349640554	0.134500068	-0.08983571262	0.1644231963	-0.1133142509	-0.06034049369	-0.1892263935	-0.1171354463	-0.06068548209	0.1521461511	-0.05007046827	-0.120207677	-0.0703174185	0.1311037738	0.1586107951	0.2304044705	0.1586107951	0.1208562893	0.1203595834	-0.04531804856	-0.04997302566	0.1320772006	-0.05359355335	0.01474190549	-0.1055248532	0.1037159833	-0.02870780156	0.1563658222	0.1631203502	0.06431173015	-0.09295080429	0.0898209556	0.025595401	0.01138390488	0.05544613501	-0.01638218309	-0.04191777862	0.05029881433	-0.01638218309	0.002551550071	0.01042129074	-0.06030317863	-0.003008613396	0.02939754561	0.06105347424	-0.01453838619	-0.01974996364	0.1140387669	-0.01413829109	-0.002882461041	0.01377886898	0.2048084467	-0.01786023071
chr11_2077310_A_G	0.03586896456	-0.08654858538	-0.08193154174	0.03119882884	0.05498307385	-0.08729028902	-0.1046203413	-0.08557927128	-0.08729028902	-0.08729028902	0.04125449739	0.02892896263	-0.05846472222	0.03997311072	0.03714147003	0.0340490572	0.06751189012	0.0539032045	0.0539032045	0.07718493099	0.05184411912	-0.03407651222	-0.0324298385	0.3904588947	0.2805003977	0.9066266079	-0.2271563064	-0.40024045	-0.4008849846	-0.4036332603	0.1899650857	-0.2550548705	0.8826071981	0.1911834018	-0.2628452282	0.6645489879	0.670850124	0.1899650857	0.1899650857	0.2520792403	0.06917517145	0.1911834018	0.9558115655	0.9276299395	0.1925617789	-0.2652085779	-0.1242827801	-0.1838618467	-0.1838618467	-0.2026124521	1	-0.4320787928	0.5146071795	0.1911834018	0.1810018935	0.5095114316	0.1911834018	-0.2372999639	0.1925617789	-0.2137889441	0.305179486	-0.1834625496	0.9504187913	0.1645135823	0.1807393817	-0.2430461407	0.595828622	0.4923226341	-0.2410052417	-0.2401835091	-0.2401835091	0.1659279795	0.1645135823	0.3049918605	0.6020290314	0.1686961821	0.9656070215	0.512436806	-0.2650184	-0.4292949735	-0.2488626462	-0.4292949735	-0.242311727	0.1169099762	0.1686464272	-0.4237730559	0.1686464272	0.1619003813	-0.2465641419	0.7443612827	0.2775179539	0.9524605122	-0.420639607	0.9503516633	-0.1180689631	0.837118393	-0.4237730559	0.7253060582	0.512436806	-0.2472641088	0.7254975102	0.512436806	0.7286390984	-0.2037666083	0.5195309889	0.4938509827	-0.2490141954	0.4989640173	-0.2365555013	-0.2468910972	0.2512252701	-0.1848284691	-0.2627443296	-0.2468910972	0.9225250354	0.6687461608	0.9104401932	-0.1101596866	0.6701496821	-0.1101596866	-0.266342302	-0.2113298923	-0.2340208229	0.6597516679	0.8912081188	0.6619012975	-0.2611038053	-0.2166674258	0.4017629636	-0.2179096371	-0.433189477	-0.4182456361	0.4751014168	-0.05115914241	0.4751014168	-0.2019158373	-0.2810085423	-0.1982981832	0.0234688755	0.2997845515	0.1331009044	-0.05778022505	-0.06247826535	0.5051835777	0.5051835777	-0.05778022505	0.4332299429	-0.1982981832	0.2746740231	0.1365672383	0.1351019167	-0.2559457759	-0.06247826535	-0.1982981832	0.08868316875	0.4520760003	0.4964238612	0.6528527547	-0.09252915052	-0.4124940961	0.7248029801	-0.2578119456	0.1138989216	-0.091176801	-0.05424033307	-0.091176801	0.1228657711	0.1213558653	0.3203610723	0.3550634954	0.08991299711	0.2776850797	-0.0571955651	0.430999663	-0.1951959393	-0.08325125851	-0.2607151282	-0.012029129	-0.1961034711	-0.05035487124	-0.05146920467	-0.0753466083	-0.04751513565	-0.0448750644	-0.01767035132	-0.04266443249	-0.04314408358	-0.01767035132	0.04251566085	0.03864369892	0.3328283427	0.00608650545	-0.0666974635	-0.04097071747	-0.02122249484	0.009065359168	0.004059959558	0.02640835915	0.0406460132	0.03437291423	0.1937213738	0.2166992916
chr11_2077486_A_G	-0.01838207183	0.01525441702	0.09635447598	-0.1498172079	-0.1935293828	0.09606899921	0.1008617499	0.0972314175	0.09606899921	0.09606899921	-0.002780049838	-0.1441128465	0.0746691411	0.05604220315	-0.007738665657	-0.1540518897	-0.1377786511	-0.06975984629	-0.06975984629	-0.03048655358	-0.06965066944	0.08152089728	0.07473470053	-0.1823056618	0.45904553	-0.3588006038	-0.2724223097	0.9412793118	0.9430577604	0.9392902185	0.1395532862	-0.3442639913	-0.3549027225	0.1504445226	-0.3527168065	-0.256658254	-0.2594673427	0.1395532862	0.1395532862	0.1909171514	-0.05824954661	0.1504445226	-0.4099322828	-0.4115847357	0.137000275	-0.3540033166	-0.1349738005	-0.1286010386	-0.1286010386	-0.1448957127	-0.4320787928	1	-0.2271106017	0.1504445226	0.1540732476	-0.2243445996	0.1504445226	-0.3653509902	0.137000275	-0.1667367673	0.2424317296	-0.1817236354	-0.4195869832	0.125749536	0.1357852224	-0.3672657846	-0.2847312064	-0.8452176583	-0.3564640706	-0.355701221	-0.355701221	0.117780713	0.125749536	0.2325288432	-0.7281544966	0.1217811126	-0.4168520034	-0.2261863069	-0.4323690095	0.9857786903	-0.4400740408	0.9857786903	-0.3540033166	0.06459944389	0.1282543283	0.9841142819	0.1282543283	0.5141271618	-0.3593972401	-0.5049492668	-0.1762361401	-0.4061822966	0.9804694793	-0.408721955	-0.1525042937	-0.4633089687	0.9841142819	-0.4943720652	-0.2261863069	-0.3596659252	-0.5007971747	-0.2261863069	-0.5014849682	-0.1454418557	0.2514069984	-0.04699276712	0.622164621	-0.03684037518	-0.4205533953	0.6212736939	-0.1873192988	-0.1949929646	-0.3620417926	0.6212736939	-0.4040496215	-0.5059527212	-0.407914083	-0.1204493629	-0.5001842943	-0.1204493629	0.6072379199	-0.2045347227	0.5445951792	-0.4922605972	-0.3952290921	-0.4948925895	0.5920948013	0.5576192684	-0.1685991044	-0.4017798221	0.4817325571	0.4586540329	-0.21129574	0.2303878558	-0.21129574	0.5318282613	0.4111429621	0.5297277258	0.2514863081	-0.2677885323	0.4442295666	-0.1064639465	-0.09136232752	-0.2555684149	-0.2555684149	-0.1064639465	-0.2285108866	0.5297277258	0.009806214937	0.4398242725	0.4422926173	0.5181153442	-0.1120617272	0.5297277258	0.2475117596	0.09243563616	-0.2578537671	-0.3914537162	-0.1135859745	0.169324687	-0.3615594604	0.5565402845	0.4185969191	0.2195346347	-0.07853914505	0.2195346347	0.437549521	0.4365094532	-0.1186625326	-0.1584082777	-0.1974512041	-0.08590660934	0.1529814621	-0.2447632387	0.1572518922	0.2172902356	0.3689455429	-0.08360447827	0.1077736138	0.23696377	0.1678958757	0.1527159582	0.02968322939	0.125593552	0.1126939098	0.1715120234	0.1248704748	0.1126939098	-0.04622757372	-0.07553429833	-0.1535637036	0.09008045281	-0.01508678958	0.1361155929	0.1098009044	-0.248994598	0.03945165514	-0.07184537177	0.005920679056	-0.02088306187	-0.1889307573	-0.1451773345
chr11_2078005_C_G	-0.05109689151	-0.09847329298	-0.1296178927	0.2980348104	0.2768205588	-0.1320009665	-0.1109995894	-0.1329433271	-0.1320009665	-0.1320009665	-0.04716553362	0.2967609485	-0.06927562362	-0.02498668496	-0.04870729403	0.295452412	0.2139438055	0.1858036422	0.1858036422	-0.06599542642	0.1884188006	-0.1751370252	-0.1775967586	0.5182942153	0.1933580232	0.4720571019	-0.1170527941	-0.2037241086	-0.2039766418	-0.2052250445	0.1247199288	-0.1318237868	0.4804684603	0.1227425135	-0.132112084	0.7291082935	0.726876268	0.1247199288	0.1247199288	0.1515193174	-0.001311612243	0.1227425135	0.5115618999	0.4989329108	0.1258002379	-0.1384432669	-0.08279748922	-0.08476585013	-0.08476585013	-0.09053305026	0.5146071795	-0.2271106017	1	0.1227425135	0.1028944742	0.9948284488	0.1227425135	-0.1292428685	0.1258002379	-0.08658452511	0.1703958101	-0.09148537659	0.5098866162	0.1113745148	0.1236351675	-0.1299202268	-0.1097252091	0.2722607712	-0.1302148917	-0.1299362258	-0.1299362258	0.1090724556	0.1113745148	0.1577329682	0.3148243409	0.1102265856	0.5313869518	0.9948301807	-0.1666139398	-0.2258596209	-0.1558925674	-0.2258596209	-0.1309207845	0.07186647743	0.1159073736	-0.2276338772	0.1159073736	0.1953123008	-0.1328885433	0.4355400387	-0.0539767327	0.529605846	-0.2235825617	0.5286074748	-0.05725659654	0.4794645268	-0.2215374471	0.4253804765	0.9948301807	-0.1318768805	0.4222822336	0.9948301807	0.4195821343	-0.0898129782	0.3423237919	0.294439174	-0.1394211862	0.3002888243	-0.1659469975	-0.1384432669	0.5767448748	-0.09074206326	-0.1389753187	-0.1384432669	0.5331812421	0.4205999612	0.5331812421	-0.02213503675	0.4220701137	-0.02213503675	-0.1493648125	-0.09044630953	-0.1461465298	0.426736051	0.5396486192	0.4261273485	-0.1342671603	-0.1342741134	0.6805443624	-0.1782057228	-0.08827670825	-0.08733686987	0.415292369	-0.2149818391	0.415292369	-0.1331219521	-0.1802587054	-0.1333472986	0.08275148975	-0.1209145301	-0.03847503136	0.01908084218	0.0162474456	-0.06056577699	-0.06056577699	0.01908084218	0.415292369	-0.1333472986	0.06565404636	-0.05618289612	-0.05723591101	-0.1107361458	0.0162474456	-0.1333472986	0.160816688	0.1013282681	-0.06196369604	0.2294693578	-0.008243728071	-0.2299328285	0.244881655	-0.11450726	-0.0559262888	-0.238868999	0.01091282614	-0.238868999	-0.06069392792	-0.06178340538	0.6533236429	0.6994246531	-0.07541328328	0.5377726707	-0.01586260649	0.2947210194	0.04939376458	0.1630008216	-0.1423591905	-0.0856978402	-0.1271751096	-0.09910105055	-0.103933233	-0.06816493872	-0.1692060949	-0.1195035269	0.02498353404	-0.002685402221	-0.11901046	0.02498353404	0.08620733935	0.05200305515	0.6496084835	-0.004757225903	-0.1704174834	-0.1151245452	0.01442436883	-0.1056569397	-0.09858938626	0.05832740286	0.1232114421	0.09158804674	0.4487820437	0.4411738528
chr11_2078638_T_C	0.00131251745	-0.09056126864	-0.04066891863	0.0896892986	0.09206647146	-0.05555171478	0.02516977336	-0.05461412013	-0.05555171478	-0.05555171478	-0.1385414333	0.09082035043	0.02491138689	0.283275776	-0.1356692631	0.08485030195	0.09237674515	0.09906934868	0.09906934868	0.0330114374	0.1015930517	-0.007652152254	-0.01630917882	-0.009952436834	0.4654056585	0.1816486523	0.1734202811	0.1471547756	0.147706142	0.1431495627	0.9572950337	0.1253228856	0.2037893159	1	0.07272572345	0.1802532484	0.1813098457	0.9572950337	0.9572950337	0.7233527379	0.07107255729	1	0.1983359969	0.2121411155	0.9626693845	0.1258392403	0.1323854933	0.135335736	0.135335736	0.1416904524	0.1911834018	0.1504445226	0.1227425135	1	0.9947338494	0.1135370998	1	0.08081901505	0.9626693845	0.1565737094	0.5480793187	0.1513360636	0.2108028419	0.8918417867	0.9299822905	0.07377991867	0.07482365652	0.3477320962	0.1251607461	0.1247027222	0.1247027222	0.8807370329	0.8918417867	0.547152415	0.2492335477	0.8862971912	0.1837630655	0.1227711732	0.1485275149	0.14877919	0.1177911297	0.14877919	0.1258392403	0.5679310094	0.9025853428	0.1499742979	0.9025853428	0.2960760081	0.1205323402	0.1828604624	0.003037807039	0.1844139586	0.1521710611	0.1789127641	0.09914591141	0.2138241843	0.1499742979	0.2498481334	0.1227711732	0.07610791098	0.1947668258	0.1227711732	0.1921072678	0.1405031506	0.2099358692	0.2096003121	0.1042234492	0.2564470918	0.1517889084	0.1030689863	0.1186818426	0.09477307401	0.1291812102	0.1030689863	0.1659372274	0.1912195077	0.1659372274	0.06729350152	0.1900405986	0.06729350152	0.116247158	0.0795198986	0.08103333603	0.1945971712	0.1572881947	0.1956829937	0.1081945796	0.08145791353	0.09792808798	0.1008672008	0.2654305038	0.2614726986	0.08007916558	0.5060707681	0.08007916558	0.07080660986	0.08487399322	0.07159405794	0.1540610678	0.09786095869	0.2394333106	0.04632074246	0.04861227876	0.09459806396	0.09459806396	0.04632074246	0.0007649442676	0.07159405794	0.1689292823	0.241776077	0.2435119471	0.100829051	0.04861227876	0.07159405794	0.07503852365	0.1177801871	0.09574098917	0.09553461279	-0.07218168934	0.0758272154	0.128826713	0.1013111105	0.1878656291	0.4033931108	-0.08730993042	0.4033931108	0.1826782347	0.1842810076	0.0916624933	0.08174744185	-0.04400343831	0.09701303901	0.03739621766	0.006173079472	0.1796174094	0.02704089198	0.03625681713	-0.07109645348	0.08010153452	-0.07201631178	-0.01523252837	0.05881093188	0.1340450353	-0.001577804326	0.3164574457	0.03940405083	-0.002582663543	0.3164574457	0.01241771869	0.03248010362	0.04594552383	0.03900998739	0.008731463675	-0.00324165023	0.3004041572	0.06291051562	0.04177618168	0.01858353305	0.02729903205	0.0625796625	0.1154853868	0.08648974209
chr11_2078742_G_A	0.004230762319	-0.0877411802	-0.04238535097	0.09195806299	0.09469660389	-0.05718583531	0.02247234261	-0.05624375742	-0.05718583531	-0.05718583531	-0.1366342179	0.09309425166	0.02108755889	0.30199153	-0.1337614605	0.08689784088	0.08774116226	0.09750807487	0.09750807487	0.03599451596	0.100053845	-0.006743249329	-0.01534377425	-0.02403909422	0.4601817276	0.1715997729	0.1755628067	0.1505777953	0.1511241555	0.1465920544	0.9522593571	0.1274710402	0.1939575067	0.9947338494	0.0751345568	0.1655929113	0.1666785023	0.9522593571	0.9522593571	0.7186429236	0.07166009745	0.9947338494	0.1879279269	0.2020300529	0.9576046889	0.1280253679	0.1335811026	0.1363043596	0.1363043596	0.1426942322	0.1810018935	0.1540732476	0.1028944742	0.9947338494	1	0.09380858309	0.9947338494	0.08319640361	0.9576046889	0.1577328733	0.5434780135	0.1525470709	0.200696806	0.8871598992	0.9250533338	0.07619618955	0.07660554665	0.341813814	0.1273350866	0.1268836107	0.1268836107	0.8761152436	0.8871598992	0.5426582629	0.2428037006	0.8816453077	0.1732986376	0.1132447781	0.1513289737	0.1524047841	0.1206443766	0.1524047841	0.1280253679	0.5649895168	0.8978242579	0.153551224	0.8978242579	0.2908107154	0.1227558082	0.1743361429	0.004092573364	0.1803230935	0.1557638238	0.1748516129	0.1000697721	0.2103770856	0.153551224	0.2469623034	0.1132447781	0.07853451995	0.1921158352	0.1132447781	0.189434873	0.141586616	0.2086158196	0.2089361702	0.1064953813	0.2555651772	0.1544728717	0.1053357348	0.1196828351	0.0962664387	0.1314803698	0.1053357348	0.1617061344	0.1885787719	0.1617061344	0.06812076256	0.1874502493	0.06812076256	0.1185645627	0.08119238931	0.08337315952	0.1860424277	0.1465622016	0.1871288054	0.1105456474	0.08369050911	0.08517923207	0.1036610487	0.2720865042	0.267952016	0.08172364375	0.5100727371	0.08172364375	0.07299450545	0.0876433776	0.07377461084	0.1575278721	0.1002675909	0.2405697995	0.02902217636	0.03156562518	0.09632842157	0.09632842157	0.02902217636	0.002690244308	0.07377461084	0.1683570736	0.2430943906	0.2448399594	0.1032379505	0.03156562518	0.07377461084	0.07204521812	0.1218427503	0.09745736865	0.09190964333	-0.08634880683	0.08002509295	0.131351813	0.1035799343	0.1893900011	0.4083057231	-0.1075569964	0.4083057231	0.1844025158	0.1860166077	0.09257541898	0.0826239328	-0.04173615136	0.09800716388	0.03195544317	0.008316453381	0.1771594237	0.02998980009	0.0389386721	-0.06873893955	0.08170180981	-0.06902108882	-0.01192867741	0.05432212794	0.13052445	0.001958376699	0.3139197438	0.034049264	0.0009593046858	0.3139197438	0.00725078751	0.02798346751	0.04691186637	0.03947987395	0.01120807967	0.0001485136903	0.2979125467	0.06504037429	0.04469561396	0.01392720461	0.02105380779	0.05700602332	0.1037088373	0.08133048398
chr11_2078745_A_T	-0.05380611117	-0.08507063645	-0.1214120685	0.2943795067	0.2728765629	-0.1238242821	-0.1019278366	-0.1247671405	-0.1238242821	-0.1238242821	-0.04839656415	0.2931012547	-0.06531982724	-0.02409501538	-0.04994333319	0.2920427791	0.2098630341	0.1804919338	0.1804919338	-0.06882550954	0.183087964	-0.1697061029	-0.1721829696	0.514329454	0.1900449642	0.4671633552	-0.1193554281	-0.2007347411	-0.2010026848	-0.2022708507	0.1151107271	-0.1339091044	0.4754186396	0.1135370998	-0.1342701245	0.7243438244	0.7221109697	0.1151107271	0.1151107271	0.1441852884	-0.002138408186	0.1135370998	0.50657717	0.4938928016	0.1162389511	-0.1405437649	-0.08414333175	-0.08588989384	-0.08588989384	-0.09169309157	0.5095114316	-0.2243445996	0.9948284488	0.1135370998	0.09380858309	1	0.1135370998	-0.1314086608	0.1162389511	-0.08796523938	0.1648302753	-0.09288112673	0.5047553895	0.1011312465	0.1139773606	-0.1320973699	-0.1113513798	0.2646409092	-0.1323314866	-0.1320587238	-0.1320587238	0.0987114598	0.1011312465	0.1518622896	0.3081897653	0.09992493452	0.5263335026	0.989671777	-0.1693005681	-0.223075415	-0.1585619681	-0.223075415	-0.1330488533	0.05559165535	0.1058885177	-0.2247963137	0.1058885177	0.1928730973	-0.1350277832	0.4298472823	-0.05483480036	0.5246005345	-0.2207757873	0.5235963529	-0.05831012931	0.4742119405	-0.2187222278	0.4198188969	0.989671777	-0.134065265	0.4166745765	0.989671777	0.4140048805	-0.09105045886	0.3416406649	0.2932827435	-0.1415272874	0.2991623911	-0.1685310788	-0.1405437649	0.5732226585	-0.09222188551	-0.1411976036	-0.1405437649	0.5282447665	0.4150493533	0.5282447665	-0.02310980864	0.4164706706	-0.02310980864	-0.1515217179	-0.09205120612	-0.1407654499	0.4212168744	0.5347253737	0.4205992096	-0.136484506	-0.1287052783	0.6767779724	-0.1806750999	-0.08949302154	-0.08841794647	0.4118596672	-0.2199353558	0.4118596672	-0.1274077678	-0.1760254854	-0.1276783762	0.08450005155	-0.1231996207	-0.0403003288	0.018090152	0.01525295194	-0.06239043823	-0.06239043823	0.018090152	0.4118596672	-0.1276783762	0.05973124514	-0.05813169449	-0.05919655157	-0.1130712024	0.01525295194	-0.1276783762	0.162930263	0.1023745709	-0.06377339194	0.2254201886	-0.009257604384	-0.2335161127	0.2410298247	-0.1166913755	-0.06399410238	-0.2442771256	0.0101053353	-0.2442771256	-0.06893581781	-0.07005781633	0.6497028279	0.6957057656	-0.07722930266	0.5344761269	-0.01820294646	0.2914951485	0.04147042754	0.1593862459	-0.1446222734	-0.08747051751	-0.1285758675	-0.101453326	-0.1067728733	-0.06953910373	-0.1723080375	-0.1225642415	0.01408142393	-0.005065269288	-0.122075191	0.01408142393	0.09096807932	0.05615452468	0.6461087554	-0.005342305689	-0.1722777663	-0.1180507731	0.003638820078	-0.1076010484	-0.1012676889	0.06266270123	0.1288528992	0.09655610015	0.4515075993	0.4443660946
chr11_2078858_A_AT	0.00131251745	-0.09056126864	-0.04066891863	0.0896892986	0.09206647146	-0.05555171478	0.02516977336	-0.05461412013	-0.05555171478	-0.05555171478	-0.1385414333	0.09082035043	0.02491138689	0.283275776	-0.1356692631	0.08485030195	0.09237674515	0.09906934868	0.09906934868	0.0330114374	0.1015930517	-0.007652152254	-0.01630917882	-0.009952436834	0.4654056585	0.1816486523	0.1734202811	0.1471547756	0.147706142	0.1431495627	0.9572950337	0.1253228856	0.2037893159	1	0.07272572345	0.1802532484	0.1813098457	0.9572950337	0.9572950337	0.7233527379	0.07107255729	1	0.1983359969	0.2121411155	0.9626693845	0.1258392403	0.1323854933	0.135335736	0.135335736	0.1416904524	0.1911834018	0.1504445226	0.1227425135	1	0.9947338494	0.1135370998	1	0.08081901505	0.9626693845	0.1565737094	0.5480793187	0.1513360636	0.2108028419	0.8918417867	0.9299822905	0.07377991867	0.07482365652	0.3477320962	0.1251607461	0.1247027222	0.1247027222	0.8807370329	0.8918417867	0.547152415	0.2492335477	0.8862971912	0.1837630655	0.1227711732	0.1485275149	0.14877919	0.1177911297	0.14877919	0.1258392403	0.5679310094	0.9025853428	0.1499742979	0.9025853428	0.2960760081	0.1205323402	0.1828604624	0.003037807039	0.1844139586	0.1521710611	0.1789127641	0.09914591141	0.2138241843	0.1499742979	0.2498481334	0.1227711732	0.07610791098	0.1947668258	0.1227711732	0.1921072678	0.1405031506	0.2099358692	0.2096003121	0.1042234492	0.2564470918	0.1517889084	0.1030689863	0.1186818426	0.09477307401	0.1291812102	0.1030689863	0.1659372274	0.1912195077	0.1659372274	0.06729350152	0.1900405986	0.06729350152	0.116247158	0.0795198986	0.08103333603	0.1945971712	0.1572881947	0.1956829937	0.1081945796	0.08145791353	0.09792808798	0.1008672008	0.2654305038	0.2614726986	0.08007916558	0.5060707681	0.08007916558	0.07080660986	0.08487399322	0.07159405794	0.1540610678	0.09786095869	0.2394333106	0.04632074246	0.04861227876	0.09459806396	0.09459806396	0.04632074246	0.0007649442676	0.07159405794	0.1689292823	0.241776077	0.2435119471	0.100829051	0.04861227876	0.07159405794	0.07503852365	0.1177801871	0.09574098917	0.09553461279	-0.07218168934	0.0758272154	0.128826713	0.1013111105	0.1878656291	0.4033931108	-0.08730993042	0.4033931108	0.1826782347	0.1842810076	0.0916624933	0.08174744185	-0.04400343831	0.09701303901	0.03739621766	0.006173079472	0.1796174094	0.02704089198	0.03625681713	-0.07109645348	0.08010153452	-0.07201631178	-0.01523252837	0.05881093188	0.1340450353	-0.001577804326	0.3164574457	0.03940405083	-0.002582663543	0.3164574457	0.01241771869	0.03248010362	0.04594552383	0.03900998739	0.008731463675	-0.00324165023	0.3004041572	0.06291051562	0.04177618168	0.01858353305	0.02729903205	0.0625796625	0.1154853868	0.08648974209
chr11_2079295_A_G	-0.00560675077	-0.03837889387	-0.118882243	0.2503399273	0.2392540875	-0.1190444686	-0.08980961617	-0.1206234556	-0.1190444686	-0.1190444686	-0.06800137513	0.2483079519	-0.118246458	0.06293241721	-0.07078832387	0.3038963764	0.1733730567	0.1404841069	0.1404841069	-0.03097215998	0.1437640974	-0.1194097217	-0.11972057	-0.1663804959	-0.5443582584	-0.2418551185	0.01397027702	-0.3456866248	-0.346164587	-0.348381443	0.1300847832	0.9396202115	-0.2625534645	0.08081901505	0.9497196671	-0.1831025235	-0.1848729183	0.1300847832	0.1300847832	0.1699132566	-0.01506358972	0.08081901505	-0.2451262202	-0.2543054578	0.1323219335	0.9473372498	-0.1170556311	-0.1137226476	-0.1137226476	-0.123998283	-0.2372999639	-0.3653509902	-0.1292428685	0.08081901505	0.08319640361	-0.1314086608	0.08081901505	1	0.1323219335	-0.1165509775	0.1978865757	-0.1192708047	-0.2617421612	0.1262356253	0.1355138223	0.9895590423	-0.1364759339	0.4125263103	0.979244711	0.9766458456	0.9766458456	0.1296836999	0.1262356253	0.189051111	0.4686410553	0.1239065322	-0.2467457194	-0.128418835	0.780452021	-0.3716979773	0.8112534266	-0.3716979773	0.973920057	0.08362975251	0.1274882067	-0.3684223327	0.1274882067	-0.604959814	0.9685078603	-0.2778873354	-0.04323824955	-0.2464954428	-0.367667475	-0.2435325361	-0.08570340572	-0.2666908671	-0.3684223327	-0.3020855993	-0.128418835	0.9843637514	-0.3064010393	-0.128418835	-0.3023053439	-0.1132564025	-0.4354185717	-0.4357369623	-0.2505973645	-0.4242665364	0.8053319038	-0.2488890726	-0.1304612497	-0.07541426172	0.9332738863	-0.2488890726	-0.2415923549	-0.2586364852	-0.2228853267	-0.08824688412	-0.2619138285	-0.08824688412	-0.2364955836	-0.08603180902	-0.2016960113	-0.2593252925	-0.2201250175	-0.2568076647	-0.230755721	-0.2068367201	-0.1185600728	0.7780054484	0.2879133505	0.2940899116	-0.1558903389	0.1917544128	-0.1558903389	-0.2019652499	-0.2086071977	-0.2025672349	-0.324912367	-0.08435662973	-0.451481507	-0.0665630659	-0.0701674721	-0.0558257769	-0.0558257769	-0.0665630659	-0.1489457699	-0.2025672349	-0.2651448263	-0.4622365035	-0.4608923956	-0.1272532814	-0.04511713505	-0.2025672349	-0.2741724399	-0.2799774278	-0.0413433207	-0.1472133436	-0.05660075479	0.4865058041	-0.1342321767	-0.2093372438	-0.5438118242	0.186359752	-0.05460143549	0.186359752	-0.4790983858	-0.4735037717	-0.09798132604	-0.1012980976	0.1309242341	-0.08940231358	-0.06265500245	-0.0764310942	0.06777967681	-0.09439873969	-0.09919900373	-0.07274441981	0.00143698179	-0.1042348918	-0.1018498452	-0.05780112282	0.1223000993	-0.1762812037	0.06381260829	-0.05496682137	-0.1753098612	0.06381260829	0.01884324467	0.0831850007	-0.09253239016	-0.06405274197	0.0953071322	-0.1684718571	0.05794707011	0.323950715	-0.1343715819	0.09660430931	-0.04268111422	0.006079377725	-0.03978431983	-0.03564993498
chr11_2080254_A_G	0.0005102776456	-0.09484088128	-0.05892318057	0.08845722139	0.08696587586	-0.07436773192	0.01304108466	-0.07348131781	-0.07436773192	-0.07436773192	-0.1524097925	0.08954111742	0.004254445726	0.2965680498	-0.1495394296	0.08598662041	0.09442040787	0.1164701062	0.1164701062	0.03799595367	0.1188148199	-0.0200979592	-0.02916913308	-0.01689438572	0.4459500211	0.1763978853	0.1808218069	0.1353856762	0.1359333532	0.1311630277	0.9944118764	0.1179251753	0.1980370567	0.9626693845	0.1188375469	0.1780935674	0.1791003003	0.9944118764	0.9944118764	0.7579223902	0.08730176207	0.9626693845	0.1941700135	0.2073489147	1	0.1179735429	0.1337303451	0.1284661786	0.1284661786	0.1345727836	0.1925617789	0.137000275	0.1258002379	0.9626693845	0.9576046889	0.1162389511	0.9626693845	0.1323219335	1	0.1483482752	0.5817185011	0.1427324053	0.2056571745	0.9263524534	0.9663065894	0.1253559467	0.07091537151	0.3789868399	0.1250857163	0.1246770568	0.1246770568	0.9148049998	0.9263524534	0.5800182253	0.284393641	0.9205868392	0.1793485267	0.1259428839	0.1488630827	0.1353848868	0.1647899496	0.1353848868	0.1257638039	0.589619482	0.9376761115	0.1369377689	0.9376761115	0.3158851073	0.1201577552	0.2135484957	-0.004564641186	0.1804349253	0.1390377138	0.1747183447	0.09256852148	0.2068399205	0.1369377689	0.2397589215	0.1259428839	0.1275112995	0.1828444269	0.1259428839	0.1802847951	0.132809934	0.2017822179	0.2381607393	0.08793056243	0.2866871121	0.1535201503	0.08681249922	0.1115648285	0.1516552392	0.1278483676	0.08681249922	0.1623203873	0.2289902176	0.1623203873	0.0778732775	0.2274396967	0.0778732775	0.09963656786	0.1399306899	0.07971527238	0.2320167822	0.1535422412	0.233085314	0.09133446912	0.08117630579	0.09125517569	0.09492236866	0.2425571901	0.2396608517	0.06828990987	0.5276815184	0.06828990987	0.07097945479	0.1268564692	0.07171531945	0.1417259768	0.139397588	0.2627134077	0.05944908299	0.06144473849	0.09104553211	0.09104553211	0.05944908299	-0.01311609631	0.07171531945	0.1908359349	0.2638394082	0.2656020679	0.09110856534	0.06144473849	0.07171531945	0.0708912592	0.1068508754	0.09213834968	0.08815218586	-0.06574111505	0.09949798064	0.1178511656	0.08503817489	0.2024075542	0.4212844256	-0.09519675652	0.4212844256	0.2021784642	0.2038032249	0.08515762271	0.07549689273	-0.04171805263	0.0899272319	0.02093152021	0.02422842233	0.1875674839	0.01962122619	0.03869322067	-0.07962053954	0.06863100677	-0.08665933359	-0.03278059632	0.05464308418	0.117504987	-0.01455580683	0.3096293578	0.02305610998	-0.01556262705	0.3096293578	0.04180907312	0.05748951227	0.03901687993	0.03565500135	0.0226446161	-0.02136829253	0.2933698967	0.05582120839	0.02770010761	0.04460439152	0.03803783658	0.07064337484	0.1359969329	0.1007630582
chr11_2080612_C_T	0.004721387499	0.06952338982	0.0526825621	-0.009537146639	-0.01037460004	0.04970847763	0.09447455577	0.04877389029	0.04970847763	0.04970847763	-0.08263250439	-0.01071885521	0.106586443	0.04913406915	-0.06105206109	-0.04774306428	-0.01388811001	-0.03208054704	-0.03208054704	-0.008653461194	-0.02943495323	0.04702530571	0.04422969665	-0.04540079	0.1508955256	-0.2045303828	0.5481503864	-0.1675447745	-0.1680249051	-0.1695943516	0.1471560994	-0.0935492394	-0.2142829864	0.1565737094	-0.1028999084	-0.130765866	-0.1318858052	0.1471560994	0.1471560994	-0.31450813	0.1830415229	0.1565737094	-0.1900651243	-0.2039048444	0.1483482752	-0.1023525913	0.7800916025	0.8234450697	0.8234450697	0.8911860176	-0.2137889441	-0.1667367673	-0.08658452511	0.1565737094	0.1577328733	-0.08796523938	0.1565737094	-0.1165509775	0.1483482752	1	-0.677337753	0.9699474293	-0.226310632	0.1535193706	0.1560092276	-0.1171618179	-0.1410255989	0.2482297436	-0.1087207522	-0.1081684886	-0.1081684886	0.1511847626	0.1535193706	-0.7056060262	-0.3303022604	0.1523543899	-0.2241744382	-0.08610397869	-0.1576214859	-0.1820305217	-0.1651798793	-0.1820305217	-0.1093101255	0.08444800312	0.1477889832	-0.1771247825	0.1477889832	0.2675883347	-0.1115906913	0.4003147601	-0.08523223323	-0.2186744039	-0.1793409063	-0.2197147987	0.685710657	0.1236696763	-0.1771247825	0.4209808574	-0.08610397869	-0.119409911	0.4173127244	-0.08610397869	0.4153921777	0.9325249352	-0.2939374699	0.2971608799	-0.1104508497	0.3036519095	-0.1533331592	-0.1093101255	0.246720428	0.9497404592	-0.1209613884	-0.1093101255	-0.2076256241	0.4158915488	-0.2076256241	0.3565229118	0.4108370381	0.3565229118	-0.1154391663	0.8808764843	-0.1236850925	0.4102978964	-0.2050542977	0.4095706217	-0.1218144432	-0.1236686819	-0.06262538018	-0.1437593958	-0.333987572	-0.3395700792	-0.07119186915	0.1882669694	-0.07119186915	-0.1205697395	0.302052413	-0.1210189873	0.2396418728	0.3339218939	0.1160014829	0.1824867724	0.177103229	-0.1354067836	-0.1354067836	0.1824867724	-0.06210383796	-0.1210189873	0.2019980552	0.1021132106	0.1014286736	-0.1153256432	0.177103229	-0.1210189873	-0.07499686958	-0.2211684744	-0.135829733	-0.08436774629	0.1571014961	-0.07440914543	-0.1491334165	-0.09359943296	0.09860110134	0.1769727293	0.230601274	0.1769727293	0.08537578004	0.08464251712	-0.04237481468	-0.04368611856	0.09511009762	-0.04504602225	0.04521859394	-0.09839210019	0.107472583	-0.01296783466	0.1117893753	0.1163329222	0.1140843081	-0.125802904	0.03196896149	-0.01846966889	-0.060111629	0.0001691592531	0.005129223581	-0.02100552047	-0.004446350012	0.005129223581	-0.01115943633	-0.000140724307	-0.05146390702	-0.01614558667	0.02797035551	0.008863249889	0.00709704506	-0.04780107958	0.06643666846	-0.02633952126	-0.02008639042	0.00131509744	0.1930633286	-0.01171513993
chr11_2081637_C_CT	-0.03499031523	-0.1341666252	-0.09508766775	0.08187134986	0.07587260562	-0.1033820155	-0.07925236989	-0.101947641	-0.1033820155	-0.1033820155	-0.03909047356	0.08365695395	-0.08945228664	0.163367082	-0.05396439936	0.1076803969	0.08994395184	0.1055009199	0.1055009199	0.04200076037	0.1053045535	-0.05193927897	-0.05590423163	0.03033932979	0.2002929252	0.2863747374	-0.2920613917	0.2396921792	0.2405021592	0.2385082504	0.5788358706	0.1684207686	0.3288775919	0.5480793187	0.1771809608	0.2238936177	0.2197490995	0.5788358706	0.5788358706	0.7774447484	-0.07567866468	0.5480793187	0.2864769371	0.3081311069	0.5817185011	0.1760303195	-0.5142905434	-0.5549993648	-0.5549993648	-0.6036588656	0.305179486	0.2424317296	0.1703958101	0.5480793187	0.5434780135	0.1648302753	0.5480793187	0.1978865757	0.5817185011	-0.677337753	1	-0.6914996338	0.343359654	0.5272723412	0.5680109543	0.1935202023	0.1730100698	0.05519963075	0.1860134459	0.1852634703	0.1852634703	0.5212287415	0.5272723412	0.955722067	0.4413375451	0.5242539285	0.302702477	0.1701678993	0.205744158	0.2532431877	0.2609653267	0.2532431877	0.1870218216	0.3411349816	0.5392814887	0.2500658399	0.5392814887	-0.007981456463	0.1850480714	-0.1600582676	0.07339572957	0.317493786	0.2490169675	0.3143670627	-0.512325463	0.04736360653	0.2500658399	-0.1940082564	0.1701678993	0.196994199	-0.2045408694	0.1701678993	-0.19625704	-0.6365672929	0.3988826798	-0.08267860346	0.1558315098	-0.05407410975	0.2377999022	0.1540473153	-0.1037868195	-0.6613127131	0.1937599288	0.1540473153	0.2950875009	-0.149158076	0.2950875009	-0.2290207193	-0.1415052953	-0.2290207193	0.1690222322	-0.5928182374	0.1276842828	-0.1428440604	0.2866584968	-0.1414273054	0.1681479207	0.1658263701	0.1150937396	0.1731462477	0.4177493598	0.4191535783	0.1068649158	0.2093520158	0.1068649158	0.1553668093	-0.1368807018	0.1562752892	-0.1073649626	-0.1466039101	0.1330686795	-0.1072309252	-0.1012672174	0.1891958547	0.1891958547	-0.1072309252	0.04943588379	0.1562752892	0.004329679765	0.111154037	0.1130360892	0.1688167007	-0.1012672174	0.1562752892	0.1218589874	0.2762571497	0.1902142865	0.1475777906	-0.1725309622	0.1214613195	0.221911337	0.1457663671	0.1063741403	0.1441908832	-0.242556377	0.1441908832	0.08241550111	0.08424581878	0.1043378621	0.09793454999	-0.1037078187	0.110685858	0.0001529320646	0.1077833197	0.03854321305	-0.007861295538	-0.05183972543	-0.1417397381	-0.09586259289	0.05223466355	-0.02890860317	0.07603030797	0.1581865308	-0.006113058574	0.2109797407	0.04834304372	-0.003244064059	0.2109797407	0.03807435304	0.04444732994	0.07802103152	0.0432083565	-0.006661180486	-0.005989358458	0.1978118945	0.06288330572	-0.01597969749	0.05495383725	0.04960369606	0.05320173037	-0.04445989564	0.09210415896
chr11_2081917_A_G	0.02092293703	0.05673022969	0.05452832117	-0.01438364058	-0.005380942139	0.05149525149	0.09857430077	0.05054303028	0.05149525149	0.05149525149	-0.08715648803	-0.01558488341	0.1149846333	0.05166669522	-0.06610667616	-0.05032451311	-0.01480359155	-0.03121154291	-0.03121154291	-0.005069056781	-0.02874526209	0.04714847069	0.04429860911	-0.04646991602	0.1189658871	-0.174659421	0.5301128294	-0.1815361924	-0.1819918598	-0.1835637599	0.141483852	-0.09614183719	-0.2132401744	0.1513360636	-0.105668629	-0.1155729165	-0.1022521472	0.141483852	0.141483852	-0.3059020085	0.175177433	0.1513360636	-0.1594995052	-0.1742571158	0.1427324053	-0.1050973809	0.7551745832	0.7985329612	0.7985329612	0.8645008249	-0.1834625496	-0.1817236354	-0.09148537659	0.1513360636	0.1525470709	-0.09288112673	0.1513360636	-0.1192708047	0.1427324053	0.9699474293	-0.6914996338	1	-0.2246788458	0.1466460351	0.1500553872	-0.1198958997	-0.1315777622	0.2586468421	-0.1112960998	-0.1107359987	-0.1107359987	0.1441743408	0.1466460351	-0.6854427743	-0.3029569426	0.1454129692	-0.1925013887	-0.09104189102	-0.1571814358	-0.1966350244	-0.1644119334	-0.1966350244	-0.111899434	0.08674583475	0.1414105152	-0.1916390919	0.1414105152	0.2645015718	-0.1142235586	0.4105867773	-0.08811897765	-0.2159466761	-0.1883925363	-0.2170080157	0.722953895	0.1441854725	-0.1916390919	0.4314367971	-0.09104189102	-0.1221870158	0.427704214	-0.09104189102	0.425983396	0.9045765085	-0.3003599333	0.3004704087	-0.1198584102	0.3070802813	-0.1521948274	-0.1187014872	0.2348160716	0.962433709	-0.1240462022	-0.1187014872	-0.2045518073	0.4046189003	-0.2045518073	0.3581603034	0.3886690354	0.3581603034	-0.1251311684	0.8603067317	-0.1327329781	0.3991768625	-0.2020185484	0.3984243502	-0.1313871434	-0.1322415115	-0.06699839435	-0.1177453347	-0.3280776019	-0.3329516939	-0.06050092737	0.1871332763	-0.06050092737	-0.12884123	0.2814977067	-0.129259957	0.2271854617	0.3140794485	0.0935644324	0.1904763083	0.1849277081	-0.1416680458	-0.1416680458	0.1904763083	-0.0516159878	-0.129259957	0.1871002993	0.07909937863	0.07832562103	-0.1251861372	0.1849277081	-0.129259957	-0.07231580703	-0.2257389993	-0.1420368837	-0.07943765663	0.1627716347	-0.06147063438	-0.1467697035	-0.1033232281	0.0754740621	0.1753386368	0.2219652733	0.1753386368	0.06170678706	0.06087778243	-0.04699250799	-0.04795280583	0.07805581513	-0.05005434702	0.03332431684	-0.09130288138	0.1045989427	-0.02033597853	0.09665416659	0.126618242	0.1030633912	-0.1353138863	0.01664030569	-0.01477897244	-0.05730603873	0.006152099743	0.0003018822764	-0.02452087952	0.001700634128	0.0003018822764	-0.00162246762	0.006574335605	-0.05539080787	-0.01851886286	0.03686947503	-0.006528103972	0.002335054046	-0.02145132743	0.05115874886	-0.01832353039	-0.02194914599	-0.002741428587	0.1772946681	-0.02309908781
chr11_2082061_G_A	0.009744016142	-0.06499810593	-0.08310879204	0.03610356312	0.05243932276	-0.08855590626	-0.1097655395	-0.0869016016	-0.08855590626	-0.08855590626	0.04935870622	0.03818159984	-0.07226001143	0.03122950036	0.04513466253	0.01789423821	0.06938702337	0.03811676668	0.03811676668	0.09261219048	0.03600048737	-0.02089645572	-0.01938755463	0.3678864763	0.3068684392	0.8620329005	-0.1813638283	-0.3902090518	-0.3909164801	-0.3900435657	0.2030565792	-0.2563642915	0.916333239	0.2108028419	-0.2598974654	0.639917098	0.6413014199	0.2030565792	0.2030565792	0.2660024363	0.04082457447	0.2108028419	0.9145422594	0.947032115	0.2056571745	-0.2577706817	-0.1428935559	-0.1895015916	-0.1895015916	-0.2083945722	0.9504187913	-0.4195869832	0.5098866162	0.2108028419	0.200696806	0.5047553895	0.2108028419	-0.2617421612	0.2056571745	-0.226310632	0.343359654	-0.2246788458	1	0.1775421993	0.1938749546	-0.2631139446	0.5868793175	0.4908177713	-0.2609027587	-0.260167216	-0.260167216	0.1789105289	0.1775421993	0.3245887988	0.6077272739	0.1816765594	0.9396967479	0.5077944193	-0.2274997165	-0.4203954413	-0.2116094892	-0.4203954413	-0.2577706817	0.1205444759	0.1817217777	-0.4183721323	0.1817217777	0.130890568	-0.2575352888	0.7082972723	0.2703974141	0.9425145564	-0.4190367095	0.9403736974	-0.1623176369	0.8066596708	-0.4183721323	0.6934030394	0.5077944193	-0.2629143305	0.6932925946	0.5077944193	0.6964989242	-0.2160619751	0.5255114796	0.4658257699	-0.2508377071	0.4710803123	-0.2544217901	-0.2532242554	0.2425834253	-0.2260944772	-0.2741103395	-0.2532242554	0.9094145163	0.6408677248	0.8974166121	-0.1241135048	0.6456626329	-0.1241135048	-0.2372230426	-0.2350519471	-0.2268962593	0.6322481909	0.8784030683	0.6343259647	-0.2272953746	-0.2088523341	0.3926994283	-0.2479689831	-0.4302819221	-0.4148336071	0.4624117799	-0.04458395811	0.4624117799	-0.1982819502	-0.2897375576	-0.1947605026	0.0113181112	0.2843881786	0.1299014167	-0.07269134052	-0.07727673516	0.5019397131	0.5019397131	-0.07269134052	0.4208415278	-0.1947605026	0.2691422031	0.1324500624	0.1309413208	-0.2320961425	-0.07727673516	-0.1947605026	0.07858310323	0.445045288	0.4931135245	0.6365094697	-0.1062334444	-0.4170314719	0.7135648474	-0.2228022426	0.1284648508	-0.07979524944	-0.05757463473	-0.07979524944	0.1291252655	0.1276041694	0.3205830046	0.3558113435	0.08637597767	0.2836194671	-0.040548024	0.4272630716	-0.1908213495	-0.0690660818	-0.2808131759	-0.01708883178	-0.1453549219	-0.06317040971	-0.05939065118	-0.09336036371	-0.06932485235	-0.06883737556	-0.01072771406	-0.0356158169	-0.06715327125	-0.01072771406	0.04387122489	0.03772856816	0.3250045486	0.003118822889	-0.0736421531	-0.05323586874	-0.01420262006	-0.02148865801	-0.01072008605	0.02621169681	0.04989669003	0.04108570414	0.2260833349	0.2608488083
chr11_2082423_C_T	0.03757708491	-0.06737544658	-0.04238732793	0.1045420652	0.101008677	-0.05910987888	0.043989232	-0.05828812894	-0.05910987888	-0.05910987888	-0.1810166316	0.1055225299	0.02820665378	0.3246635184	-0.1781369954	0.09104941092	0.1108262709	0.133739063	0.133739063	0.01026572297	0.1358003978	-0.02748272407	-0.0374301757	-0.03850279355	0.4136071692	0.1480189279	0.183976032	0.1209823392	0.1214977212	0.1229670454	0.9197097437	0.1132005208	0.1689954194	0.8918417867	0.1129287087	0.1582481602	0.1591829143	0.9197097437	0.9197097437	0.6940157666	0.08034215427	0.8918417867	0.1676920671	0.1800287038	0.9263524534	0.112071958	0.1385262989	0.1386101986	0.1386101986	0.1441300953	0.1645135823	0.125749536	0.1113745148	0.8918417867	0.8871598992	0.1011312465	0.8918417867	0.1262356253	0.9263524534	0.1535193706	0.5272723412	0.1466460351	0.1775421993	1	0.9368156555	0.1188070352	0.05532982925	0.373819072	0.1196516484	0.1193039592	0.1193039592	0.9875093123	1	0.5542819627	0.2763995658	0.9937634724	0.1521499696	0.1114423948	0.1676589023	0.1242621726	0.1563100249	0.1242621726	0.1203002779	0.6359373014	0.9635989835	0.1265494239	0.9635989835	0.3414510906	0.1140763283	0.2454930369	-0.01989123147	0.1539523628	0.1284826121	0.1477784386	0.1079523464	0.1888775276	0.1265494239	0.2421163662	0.1114423948	0.1207855656	0.2406397838	0.1114423948	0.238405176	0.1402106022	0.2024333422	0.2816020138	0.08840977465	0.2774440066	0.1461027421	0.08738699825	0.09773794998	0.1547073743	0.1200306358	0.08738699825	0.1361224478	0.2369510402	0.1361224478	0.08459701224	0.2346726286	0.08459701224	0.09908050062	0.1583996917	0.09611117259	0.2208644817	0.1272881784	0.2218521021	0.09043478582	0.07503436693	0.07823105141	0.1376869518	0.2868053172	0.2852836758	0.04486171451	0.5899230746	0.04486171451	0.06565335095	0.1341436232	0.06632835312	0.1525087556	0.1471186802	0.3022715782	0.06930310365	0.07094116551	0.07629621635	0.07629621635	0.06930310365	0.04486171451	0.06632835312	0.2322505961	0.3208046255	0.3226636437	0.08906542505	0.07094116551	0.06632835312	0.1066441519	0.13309262	0.07743055072	0.1183004546	0.08403354691	0.09882770367	0.08983638135	0.07752053561	0.223023625	0.4765179588	0.07414847384	0.4765179588	0.2538558986	0.2555692629	0.07244438928	0.06325222955	-0.02134082281	0.07606585036	0.00469392915	0.04804971995	0.2134018745	0.02145328671	0.04705320483	-0.07782483437	0.08427880659	-0.09324708848	-0.04075113777	0.07317741785	0.1227914227	-0.02563717611	0.3470847248	-0.001456134391	-0.02660344659	0.3470847248	0.08335055012	0.1069771817	0.02524290653	0.02906077325	0.08071201099	-0.03698024616	0.3300629689	0.05171480276	0.01518874175	0.09605111227	0.05465191575	0.08234084387	0.1378957421	0.118385255
chr11_2082702_C_CA	-0.005554418518	-0.06826316844	-0.04319000514	0.09136866761	0.08846030929	-0.0588355943	0.03129851024	-0.0579504761	-0.0588355943	-0.0588355943	-0.156552033	0.09243654254	0.01899106319	0.3005809861	-0.1536813885	0.08976526959	0.09618360066	0.1076855181	0.1076855181	0.03185895842	0.1100287102	-0.01022238955	-0.01941981941	-0.02135435952	0.4246844568	0.1646200593	0.1917776498	0.1282634544	0.1288217875	0.123996551	0.9604778076	0.1215206502	0.1862550697	0.9299822905	0.1222275798	0.1667388784	0.1677469382	0.9604778076	0.9604778076	0.7216953495	0.08624722528	0.9299822905	0.182517355	0.1957133654	0.9663065894	0.1212905939	0.1412594976	0.1376351159	0.1376351159	0.1436154219	0.1807393817	0.1357852224	0.1236351675	0.9299822905	0.9250533338	0.1139773606	0.9299822905	0.1355138223	0.9663065894	0.1560092276	0.5680109543	0.1500553872	0.1938749546	0.9368156555	1	0.1285042167	0.06722436005	0.3858029677	0.1284459294	0.1280726854	0.1280726854	0.9251340762	0.9368156555	0.581697991	0.2866517146	0.9309830788	0.1675333817	0.1237667839	0.1636972625	0.1341903519	0.1660985814	0.1341903519	0.1291422326	0.5961972715	0.9016110194	0.1358506848	0.9016110194	0.2962135393	0.1234406813	0.2066481662	-0.006812917773	0.168657268	0.1379259605	0.1628765135	0.1041099737	0.2011462799	0.1358506848	0.2458029873	0.1237667839	0.1306267664	0.2009361322	0.1237667839	0.1984413518	0.1412096422	0.216562439	0.233930095	0.09883040295	0.2829289705	0.1550811666	0.09773567785	0.1094930259	0.1587815938	0.1307595865	0.09773567785	0.1504440408	0.2473484559	0.1504440408	0.07627451115	0.2456848496	0.07627451115	0.1102319446	0.1460976715	0.07488952321	0.2317125813	0.1417596538	0.232769659	0.1019472951	0.06864610115	0.07510112132	0.09624053951	0.2475142529	0.2448329726	0.0545689594	0.5366202662	0.0545689594	0.05846888568	0.1284115653	0.05927301442	0.1408268349	0.1570056769	0.2669671468	0.0579883083	0.05996995997	0.08747474971	0.08747474971	0.0579883083	-0.01722250353	0.05927301442	0.204137148	0.2677258716	0.2694887213	0.0937060458	0.05996995997	0.05927301442	0.05761604564	0.09839190985	0.08859679775	0.0821250653	-0.05238015638	0.115141186	0.1125898533	0.08816073692	0.1994562132	0.4292343999	-0.09755483761	0.4292343999	0.2052540976	0.2068769858	0.0832592414	0.0736709335	-0.0338860096	0.08785850431	0.02409460505	0.01992370705	0.1928283112	0.006490092482	0.04046782502	-0.07601880217	0.05609193862	-0.1001006597	-0.04612214392	0.05781612925	0.124755068	-0.03461929927	0.3150114442	0.01823086434	-0.03567961544	0.3150114442	0.06071062146	0.08953403149	0.03698013695	0.03467353334	0.05763268623	-0.04129062161	0.2986461926	0.05965520868	0.01455689675	0.07736878112	0.05974951532	0.0904196544	0.1317797497	0.1039065047
chr11_2082751_A_G	-0.01026406805	-0.02751412026	-0.1237032611	0.2516519519	0.2405080115	-0.1238602585	-0.09895151805	-0.1254502168	-0.1238602585	-0.1238602585	-0.05941565783	0.249609327	-0.1283234001	0.06326224426	-0.0622694515	0.3054890889	0.1688864114	0.1370629549	0.1370629549	-0.01751743918	0.1403752381	-0.1159975024	-0.1163103589	-0.1672524915	-0.5559794451	-0.2564761052	0.01923518954	-0.3474983588	-0.347978826	-0.3458463679	0.1230771409	0.9281108798	-0.2639295	0.07377991867	0.9601355613	-0.1897623596	-0.1915336795	0.1230771409	0.1230771409	0.1644517199	-0.01514253758	0.07377991867	-0.2509489122	-0.2556382656	0.1253559467	0.9576466435	-0.1176691164	-0.1143186649	-0.1143186649	-0.1246481546	-0.2430461407	-0.3672657846	-0.1299202268	0.07377991867	0.07619618955	-0.1320973699	0.07377991867	0.9895590423	0.1253559467	-0.1171618179	0.1935202023	-0.1198958997	-0.2631139446	0.1188070352	0.1285042167	1	-0.1371912005	0.4026373066	0.9684300767	0.9764155496	0.9764155496	0.1221979004	0.1188070352	0.1844611456	0.4593549928	0.1164284337	-0.252613636	-0.1290918746	0.7752081063	-0.3649875134	0.8155051833	-0.3649875134	0.9736799196	0.08406805373	0.1202089667	-0.3703532239	0.1202089667	-0.6081303916	0.978919484	-0.2835873051	-0.04346486002	-0.2524016985	-0.36959441	-0.2494227826	-0.0861525749	-0.2724818471	-0.3703532239	-0.3079370254	-0.1290918746	0.9947698529	-0.3122879003	-0.1290918746	-0.3081778955	-0.1138499762	-0.4417822453	-0.4420673812	-0.2519107384	-0.4305488168	0.8047607008	-0.2501934933	-0.1311449935	-0.07580950577	0.9329734542	-0.2501934933	-0.2475598016	-0.2642383586	-0.2287547303	-0.0887093836	-0.267531204	-0.0887093836	-0.2324678094	-0.08648269934	-0.2027530945	-0.2648736631	-0.2259217318	-0.2623452769	-0.2266660235	-0.2079207457	-0.1191814428	0.7820829534	0.2936917097	0.2956312287	-0.1567073558	0.1870380651	-0.1567073558	-0.2030237442	-0.2097005022	-0.2036288841	-0.3266152237	-0.0948845646	-0.4624292451	-0.06691192109	-0.07053521788	-0.06825255348	-0.06825255348	-0.06691192109	-0.1567073558	-0.2036288841	-0.2786349444	-0.477569343	-0.4762573984	-0.1227318182	-0.05794440529	-0.2036288841	-0.2844568177	-0.2939737974	-0.06541166904	-0.1664254557	-0.06783347801	0.505482089	-0.1495934467	-0.2050515673	-0.5597176603	0.1812797501	-0.06996059706	0.1812797501	-0.4946899766	-0.4891081278	-0.09849484345	-0.1018289981	0.1316104044	-0.08987086863	-0.06844474397	-0.05959279026	0.06132656743	-0.1043742231	-0.1046909324	-0.06727101182	0.001444512972	-0.1095929363	-0.09807116791	-0.07065255884	0.1229410707	-0.1814995914	0.0641470484	-0.06064423098	-0.1805370898	0.0641470484	0.01354050761	0.0785172349	-0.09301734985	-0.06438844061	0.09035904841	-0.1736903492	0.0582507691	0.342554156	-0.1445955037	0.09191891514	-0.04878985891	0.0005927568441	-0.03999282835	-0.0358367753
chr11_2082869_C_T	0.058628632	0.005664936227	-0.02351439994	-0.1410659543	-0.1553807433	-0.02694177554	-0.07163246336	-0.02811365194	-0.02694177554	-0.02694177554	0.09765245371	-0.1423820881	-0.05674551501	0.05337509264	0.09463506027	-0.1445739098	-0.09631972225	-0.08526305081	-0.08526305081	0.1695383488	-0.08837382036	0.09252759065	0.09854289735	0.1434678415	0.1498482791	0.5232018461	-0.1137378338	-0.2681651458	-0.2685245059	-0.2702214792	0.06907598768	-0.1364315466	0.504600998	0.07482365652	-0.1411205217	-0.1591355168	-0.1538729977	0.06907598768	0.06907598768	0.1143023512	0.103004889	0.07482365652	0.5431403695	0.52233849	0.07091537151	-0.1339586391	-0.04163346177	-0.124498576	-0.124498576	-0.1322131088	0.595828622	-0.2847312064	-0.1097252091	0.07482365652	0.07660554665	-0.1113513798	0.07482365652	-0.1364759339	0.07091537151	-0.1410255989	0.1730100698	-0.1315777622	0.5868793175	0.05532982925	0.06722436005	-0.1371912005	1	0.3000114009	-0.133236367	-0.1325977726	-0.1325977726	0.06081215519	0.05532982925	0.1605761251	0.3730133426	0.06276638295	0.6149318228	-0.1092420285	-0.1789871784	-0.2880156199	-0.1683318918	-0.2880156199	-0.1339586391	0.04968481983	0.05389350733	-0.282188497	0.05389350733	0.2251308976	-0.1366772417	0.4668270673	0.4659740366	0.6131102727	-0.2849223887	0.6117764208	-0.08959051171	0.539304264	-0.28720778	0.4600786279	-0.1092420285	-0.1398805491	0.4704517205	-0.1092420285	0.4747790441	-0.1361358458	0.343759928	0.2947958313	-0.1600715968	0.2976678617	-0.1587130939	-0.1587321329	-0.09617308099	-0.1276966148	-0.1498361251	-0.1587321329	0.5610504491	0.3951676486	0.5610504491	-0.09766457274	0.384251159	-0.09766457274	-0.1738372996	-0.1432930801	-0.122280084	0.3898527282	0.5433409934	0.3937832281	-0.1795704244	-0.1112885466	-0.08658772752	-0.1358042008	-0.3828363347	-0.3780248127	0.2941482871	0.08389490889	0.2941482871	-0.105101077	-0.15417344	-0.1058953776	0.03706826491	0.3239466577	0.1725200729	-0.08987113263	-0.09211427448	0.4727149841	0.4727149841	-0.08987113263	0.3022381605	-0.1058953776	0.2444025701	0.154325742	0.1536063133	-0.2112945382	-0.09211427448	-0.1058953776	0.07384837993	0.421071943	0.46131526	0.5240613974	-0.0974363799	-0.264881727	0.5962527344	-0.1943359903	0.1774352199	0.07617681557	-0.06463695003	0.07617681557	0.1448655017	0.1441275987	-0.07825428892	-0.07707825181	0.1589835004	-0.01542364705	-0.1023155007	0.4008542121	-0.3653790102	-0.1826856101	-0.1884403921	0.09564210781	-0.09756072814	0.08263743541	0.09192062533	-0.1573711566	0.007272227979	-0.006008147306	-0.07013726148	-0.1039327109	-0.004841749395	-0.07013726148	-0.02991495225	-0.03403717509	-0.07032105563	0.03153272161	-0.006733145349	0.007752963326	-0.06736707434	0.1611938423	0.04140703093	-0.04154125106	-0.06199796844	-0.04734874195	-0.03691615051	0.008353817637
chr11_2082990_C_T	0.03265438498	-0.04664857551	-0.1080632081	0.1812845943	0.2196243422	-0.1160028964	-0.06525003045	-0.1166402294	-0.1160028964	-0.1160028964	-0.09560936305	0.1804591256	-0.05148812703	0.1060329083	-0.08944750536	0.1849035411	0.1751189741	0.1203479732	0.1203479732	0.03476196093	0.1214102749	-0.07995177436	-0.0784826708	0.1539287659	-0.1948471273	0.4158476965	0.3471868249	-0.7970475434	-0.7984676941	-0.8008790575	0.373557956	0.3819845247	0.4231617036	0.3477320962	0.3817074357	0.3252492982	0.3283602511	0.373557956	0.373557956	0.2026249658	0.09723729684	0.3477320962	0.4728965145	0.4810124413	0.3789868399	0.3825630667	0.1954331884	0.1880884942	0.1880884942	0.2062297424	0.4923226341	-0.8452176583	0.2722607712	0.3477320962	0.341813814	0.2646409092	0.3477320962	0.4125263103	0.3789868399	0.2482297436	0.05519963075	0.2586468421	0.4908177713	0.373819072	0.3858029677	0.4026373066	0.3000114009	1	0.4008182427	0.399954786	0.399954786	0.3751066303	0.373819072	0.07916180676	0.8323421956	0.3744522937	0.4750687915	0.2714570195	0.4943628842	-0.8592258507	0.4886299879	-0.8592258507	0.3989054706	0.2429342281	0.3532598241	-0.8500973526	0.3532598241	-0.3148893112	0.3927437076	0.5844180855	0.1580513942	0.4658821761	-0.8456747906	0.4652146481	0.1932472002	0.534637432	-0.8500973526	0.6017802867	0.2714570195	0.3966337905	0.5778071563	0.2714570195	0.5772207091	0.221925688	-0.1261134499	0.1776344033	-0.532890504	0.1938380748	0.4648486428	-0.5326115529	0.2281099524	0.2751999431	0.3987818025	-0.5326115529	0.4511391228	0.6034847589	0.4547330553	0.1494044838	0.5971546344	0.1494044838	-0.5172927828	0.276255408	-0.4569370957	0.5825579447	0.4384531714	0.58553878	-0.5075561393	-0.4800523882	0.2004945428	0.4169237146	-0.3258365454	-0.3086753981	0.226069768	0.06994655596	0.226069768	-0.4611104723	-0.304146602	-0.4587838805	-0.1429842813	0.3363565415	-0.2785026825	0.1271775554	0.1141333304	0.2787323825	0.2787323825	0.1271775554	0.1993864144	-0.4587838805	0.09088016814	-0.264552392	-0.265934907	-0.4430278929	0.1333836829	-0.4587838805	-0.2010740968	-0.03806057859	0.2814630677	0.3997888306	0.07610184238	-0.1134870016	0.3883931187	-0.4814980606	-0.2869104987	0.02400513905	0.02060490229	0.02400513905	-0.2919056937	-0.290087787	0.1510057074	0.1831343844	0.1549060675	0.1227196793	-0.1182642758	0.2201390456	-0.03676365074	-0.1799138899	-0.3243316794	0.02469396772	-0.04171697267	-0.2747053249	-0.19046116	-0.1154816299	0.01817189799	-0.1358784881	0.06217373486	-0.1469898346	-0.1357412819	0.06217373486	0.0691348903	0.110696934	0.159616645	-0.0670458217	0.03860161128	-0.1487443885	0.05637177953	0.2445983748	-0.03210432374	0.1011184705	0.02087457829	0.06116100985	0.2425308339	0.1875066761
chr11_2083463_G_A	-0.007712906532	-0.03592804574	-0.1060497318	0.2589140502	0.2458500912	-0.1060822205	-0.07992743074	-0.1076268954	-0.1060822205	-0.1060822205	-0.06104856189	0.2569077125	-0.1033391017	0.05937838411	-0.06382107546	0.3114725765	0.1734943176	0.1317291517	0.1317291517	-0.03672604028	0.1352571171	-0.1122992302	-0.1124678851	-0.1630658347	-0.5296546066	-0.2411925622	0.008962340107	-0.3378456538	-0.3383212208	-0.3405046193	0.1228679078	0.959231254	-0.2613365012	0.1251607461	0.9314967006	-0.1856546255	-0.1873860322	0.1228679078	0.1228679078	0.1604959135	-0.02468026016	0.1251607461	-0.245092991	-0.2535797296	0.1250857163	0.9675764025	-0.1163535006	-0.1073642829	-0.1073642829	-0.1174837836	-0.2410052417	-0.3564640706	-0.1302148917	0.1251607461	0.1273350866	-0.1323314866	0.1251607461	0.979244711	0.1250857163	-0.1087207522	0.1860134459	-0.1112960998	-0.2609027587	0.1196516484	0.1284459294	0.9684300767	-0.133236367	0.4008182427	1	0.99190725	0.99190725	0.1232768026	0.1196516484	0.1776227306	0.4527528206	0.1173425297	-0.2468740846	-0.1294513354	0.7937782433	-0.3629898651	0.7921514933	-0.3629898651	0.9892018771	0.07972034246	0.1206900199	-0.3599170708	0.1206900199	-0.6180064	0.9838308186	-0.3018695676	-0.03787533846	-0.246980029	-0.3590251837	-0.2439109677	-0.07986047205	-0.2643580847	-0.3599170708	-0.2970441737	-0.1294513354	0.9633304444	-0.3011399799	-0.1294513354	-0.297115157	-0.1061288015	-0.4336849301	-0.4590260599	-0.2397279311	-0.4477071702	0.8179675194	-0.238043801	-0.1245377263	-0.1131218726	0.9490466656	-0.238043801	-0.2427306562	-0.2871217175	-0.2237076294	-0.09508648727	-0.2901850702	-0.09508648727	-0.2248844555	-0.126557343	-0.2008275337	-0.2874978002	-0.2209371364	-0.2849001619	-0.2190181733	-0.2068421736	-0.113221865	0.7944742256	0.3146195457	0.3199913175	-0.1474981323	0.1876123128	-0.1474981323	-0.2024576605	-0.2375185592	-0.2030228589	-0.3161525023	-0.1159498379	-0.4694633909	-0.07528641311	-0.07869419002	-0.05723303662	-0.05723303662	-0.07528641311	-0.1404362559	-0.2030228589	-0.2817162456	-0.4793768547	-0.4779855362	-0.1188343194	-0.05322070344	-0.2030228589	-0.2720269432	-0.2759888706	-0.04235196159	-0.1451775981	-0.06259454209	0.4787228428	-0.1293362899	-0.1978475887	-0.5580862219	0.1828802943	-0.05109477824	0.1828802943	-0.4956858365	-0.4899704947	-0.09255984308	-0.0963417509	0.1279347766	-0.08326323422	-0.0498724481	-0.08859166093	0.06539241819	-0.0881728246	-0.09989308828	-0.06785358131	0.01223443115	-0.09519281904	-0.08934777174	-0.05786850125	0.136120697	-0.1677574502	0.07440816196	-0.04210500291	-0.1667851371	0.07440816196	-0.004670523063	0.05953335119	-0.08763904428	-0.06165777664	0.07819226503	-0.1563821211	0.06828512119	0.3371759349	-0.1239154792	0.07198475299	-0.05475020923	-0.002094471935	-0.05075666229	-0.04272342802
chr11_2083657_C_G	-0.005658738766	-0.03435500696	-0.1165978666	0.2623944324	0.25432806	-0.1165968802	-0.08671699666	-0.1181510961	-0.1165968802	-0.1165968802	-0.06951387763	0.2603821164	-0.1114860734	0.05916917323	-0.07224282722	0.3151103716	0.1769727586	0.1316826792	0.1316826792	-0.03010569252	0.1352550195	-0.1123676137	-0.1125187298	-0.1625871658	-0.5355409861	-0.2494672417	0.01628592027	-0.3371226484	-0.3376033879	-0.3397944455	0.1224525574	0.9559453496	-0.2605844987	0.1247027222	0.9392430434	-0.1852976661	-0.1870333666	0.1224525574	0.1224525574	0.1599546015	-0.02423106596	0.1247027222	-0.2443693169	-0.2528353631	0.1246770568	0.9755235751	-0.1158843824	-0.106994675	-0.106994675	-0.1171360226	-0.2401835091	-0.355701221	-0.1299362258	0.1247027222	0.1268836107	-0.1320587238	0.1247027222	0.9766458456	0.1246770568	-0.1081684886	0.1852634703	-0.1107359987	-0.260167216	0.1193039592	0.1280726854	0.9764155496	-0.1325977726	0.399954786	0.99190725	1	1	0.1229667437	0.1193039592	0.1768949678	0.4515955039	0.1169878532	-0.2461644165	-0.1291636814	0.791636822	-0.3622743412	0.7900368463	-0.3622743412	0.9972843622	0.07954973722	0.1203192228	-0.3592142832	0.1203192228	-0.6163382433	0.99189304	-0.3007849827	-0.03734590087	-0.2463012263	-0.3582998296	-0.2432060881	-0.07944313498	-0.2634751398	-0.3592142832	-0.2959975829	-0.1291636814	0.9712973735	-0.3000773291	-0.1291636814	-0.2960422076	-0.1056556975	-0.4326585883	-0.457722891	-0.239328304	-0.4463583215	0.8156471633	-0.237640305	-0.1242947048	-0.112514149	0.9463982524	-0.237640305	-0.2420847413	-0.286008287	-0.2229426856	-0.0949150251	-0.2890592713	-0.0949150251	-0.2243286217	-0.1259436878	-0.2001947289	-0.2864258615	-0.2201816661	-0.2838038448	-0.2184219278	-0.2063230504	-0.1130069479	0.7967836872	0.3177058594	0.3187011652	-0.1470342306	0.1871298144	-0.1470342306	-0.2019703819	-0.2367965704	-0.202542393	-0.315244678	-0.1198283147	-0.4753412717	-0.07508915433	-0.07850795543	-0.06228140805	-0.06228140805	-0.07508915433	-0.1470342306	-0.202542393	-0.2916718962	-0.4895734352	-0.4881886209	-0.1175883744	-0.06569151717	-0.202542393	-0.2801940083	-0.2829959658	-0.05934786114	-0.1578356262	-0.07336039986	0.4891111119	-0.1379481226	-0.1971955654	-0.5688630869	0.182420324	-0.06620049906	0.182420324	-0.5059585818	-0.5002238154	-0.09224889112	-0.09610592135	0.1259080971	-0.08282207961	-0.05400279939	-0.08758854282	0.06449100489	-0.09618515783	-0.1086189954	-0.07272303407	0.01366605619	-0.1036133586	-0.09634866854	-0.06130959663	0.1347814502	-0.1750104965	0.07385432034	-0.04611978842	-0.1740588585	0.07385432034	-0.002886393263	0.06714454671	-0.08737531004	-0.06160623779	0.08603038705	-0.1637567944	0.06768523666	0.3409778953	-0.1321747717	0.07970267019	-0.05352492121	-0.0003399318126	-0.04924205916	-0.04112792782
chr11_2083658_C_T	-0.005658738766	-0.03435500696	-0.1165978666	0.2623944324	0.25432806	-0.1165968802	-0.08671699666	-0.1181510961	-0.1165968802	-0.1165968802	-0.06951387763	0.2603821164	-0.1114860734	0.05916917323	-0.07224282722	0.3151103716	0.1769727586	0.1316826792	0.1316826792	-0.03010569252	0.1352550195	-0.1123676137	-0.1125187298	-0.1625871658	-0.5355409861	-0.2494672417	0.01628592027	-0.3371226484	-0.3376033879	-0.3397944455	0.1224525574	0.9559453496	-0.2605844987	0.1247027222	0.9392430434	-0.1852976661	-0.1870333666	0.1224525574	0.1224525574	0.1599546015	-0.02423106596	0.1247027222	-0.2443693169	-0.2528353631	0.1246770568	0.9755235751	-0.1158843824	-0.106994675	-0.106994675	-0.1171360226	-0.2401835091	-0.355701221	-0.1299362258	0.1247027222	0.1268836107	-0.1320587238	0.1247027222	0.9766458456	0.1246770568	-0.1081684886	0.1852634703	-0.1107359987	-0.260167216	0.1193039592	0.1280726854	0.9764155496	-0.1325977726	0.399954786	0.99190725	1	1	0.1229667437	0.1193039592	0.1768949678	0.4515955039	0.1169878532	-0.2461644165	-0.1291636814	0.791636822	-0.3622743412	0.7900368463	-0.3622743412	0.9972843622	0.07954973722	0.1203192228	-0.3592142832	0.1203192228	-0.6163382433	0.99189304	-0.3007849827	-0.03734590087	-0.2463012263	-0.3582998296	-0.2432060881	-0.07944313498	-0.2634751398	-0.3592142832	-0.2959975829	-0.1291636814	0.9712973735	-0.3000773291	-0.1291636814	-0.2960422076	-0.1056556975	-0.4326585883	-0.457722891	-0.239328304	-0.4463583215	0.8156471633	-0.237640305	-0.1242947048	-0.112514149	0.9463982524	-0.237640305	-0.2420847413	-0.286008287	-0.2229426856	-0.0949150251	-0.2890592713	-0.0949150251	-0.2243286217	-0.1259436878	-0.2001947289	-0.2864258615	-0.2201816661	-0.2838038448	-0.2184219278	-0.2063230504	-0.1130069479	0.7967836872	0.3177058594	0.3187011652	-0.1470342306	0.1871298144	-0.1470342306	-0.2019703819	-0.2367965704	-0.202542393	-0.315244678	-0.1198283147	-0.4753412717	-0.07508915433	-0.07850795543	-0.06228140805	-0.06228140805	-0.07508915433	-0.1470342306	-0.202542393	-0.2916718962	-0.4895734352	-0.4881886209	-0.1175883744	-0.06569151717	-0.202542393	-0.2801940083	-0.2829959658	-0.05934786114	-0.1578356262	-0.07336039986	0.4891111119	-0.1379481226	-0.1971955654	-0.5688630869	0.182420324	-0.06620049906	0.182420324	-0.5059585818	-0.5002238154	-0.09224889112	-0.09610592135	0.1259080971	-0.08282207961	-0.05400279939	-0.08758854282	0.06449100489	-0.09618515783	-0.1086189954	-0.07272303407	0.01366605619	-0.1036133586	-0.09634866854	-0.06130959663	0.1347814502	-0.1750104965	0.07385432034	-0.04611978842	-0.1740588585	0.07385432034	-0.002886393263	0.06714454671	-0.08737531004	-0.06160623779	0.08603038705	-0.1637567944	0.06768523666	0.3409778953	-0.1321747717	0.07970267019	-0.05352492121	-0.0003399318126	-0.04924205916	-0.04112792782
chr11_2083709_C_T	0.03150770483	-0.06489363313	-0.038696019	0.0998349608	0.09545659959	-0.05563922012	0.05012674916	-0.0548269598	-0.05563922012	-0.05563922012	-0.1858122621	0.1008044731	0.02932508556	0.3294576859	-0.1829294531	0.08674022043	0.112935645	0.1311815907	0.1311815907	0.01060667355	0.133217489	-0.02340016916	-0.03349754347	-0.02564265233	0.4048715851	0.1493020954	0.1796342486	0.1134464914	0.1139733762	0.1154380458	0.9079855175	0.1170741618	0.1701033883	0.8807370329	0.1165749156	0.155084113	0.1560075981	0.9079855175	0.9079855175	0.6854511926	0.07924680451	0.8807370329	0.1694124985	0.1815050475	0.9148049998	0.1156401981	0.1361602182	0.1367204479	0.1367204479	0.1421650887	0.1659279795	0.117780713	0.1090724556	0.8807370329	0.8761152436	0.0987114598	0.8807370329	0.1296836999	0.9148049998	0.1511847626	0.5212287415	0.1441743408	0.1789105289	0.9875093123	0.9251340762	0.1221979004	0.06081215519	0.3751066303	0.1232768026	0.1229667437	0.1229667437	1	0.9875093123	0.5477105979	0.2789899198	0.9937056286	0.1537916021	0.1091281122	0.1691641413	0.1162993343	0.1577754015	0.1162993343	0.1239450841	0.6438986726	0.9513037246	0.1187054573	0.9513037246	0.3342690266	0.1176089224	0.2452933378	-0.02241634497	0.1557645946	0.1206047737	0.1495114878	0.1061570234	0.1897158732	0.1187054573	0.2354992034	0.1091281122	0.1241421829	0.2405340281	0.1091281122	0.2383351931	0.1380433563	0.1992410028	0.2777627753	0.08343258677	0.2736614564	0.1478340098	0.08242065398	0.09552628389	0.1521304143	0.1231613808	0.08242065398	0.1380853778	0.2368698733	0.1380853778	0.08304418191	0.2344713743	0.08304418191	0.09400925019	0.1555823095	0.09123686817	0.220664373	0.1291602808	0.2216401635	0.08527177096	0.07019612355	0.07613985383	0.139571375	0.2860615514	0.2848330881	0.05189297147	0.5737979882	0.05189297147	0.06090880318	0.1286499841	0.06160008892	0.1517957458	0.1424414441	0.2940590754	0.06790745776	0.06952931891	0.07247051974	0.07247051974	0.06790745776	0.05189297147	0.06160008892	0.2280870439	0.3123273834	0.3141485944	0.08381993413	0.06952931891	0.06160008892	0.106752525	0.1309831046	0.07363722004	0.1194554527	0.08250164418	0.08993863543	0.09171757337	0.07247149306	0.2135278247	0.4576149545	0.07313756601	0.4576149545	0.2442354021	0.245905589	0.07040086101	0.06128027783	-0.03281095494	0.07383609274	-0.0005777569588	0.04374171071	0.2088093104	0.02969892688	0.04131942908	-0.0831735875	0.09062338393	-0.09265553914	-0.0415662739	0.07025933896	0.1156853119	-0.02695599389	0.3398918034	-0.006765614283	-0.02791450287	0.3398918034	0.08698325729	0.109664384	0.02299832883	0.02799593033	0.08442138613	-0.03800724133	0.3228097329	0.04702940792	0.01599027626	0.09895872319	0.0595185124	0.08628550286	0.1488643152	0.1301447237
chr11_2084014_C_T	0.03757708491	-0.06737544658	-0.04238732793	0.1045420652	0.101008677	-0.05910987888	0.043989232	-0.05828812894	-0.05910987888	-0.05910987888	-0.1810166316	0.1055225299	0.02820665378	0.3246635184	-0.1781369954	0.09104941092	0.1108262709	0.133739063	0.133739063	0.01026572297	0.1358003978	-0.02748272407	-0.0374301757	-0.03850279355	0.4136071692	0.1480189279	0.183976032	0.1209823392	0.1214977212	0.1229670454	0.9197097437	0.1132005208	0.1689954194	0.8918417867	0.1129287087	0.1582481602	0.1591829143	0.9197097437	0.9197097437	0.6940157666	0.08034215427	0.8918417867	0.1676920671	0.1800287038	0.9263524534	0.112071958	0.1385262989	0.1386101986	0.1386101986	0.1441300953	0.1645135823	0.125749536	0.1113745148	0.8918417867	0.8871598992	0.1011312465	0.8918417867	0.1262356253	0.9263524534	0.1535193706	0.5272723412	0.1466460351	0.1775421993	1	0.9368156555	0.1188070352	0.05532982925	0.373819072	0.1196516484	0.1193039592	0.1193039592	0.9875093123	1	0.5542819627	0.2763995658	0.9937634724	0.1521499696	0.1114423948	0.1676589023	0.1242621726	0.1563100249	0.1242621726	0.1203002779	0.6359373014	0.9635989835	0.1265494239	0.9635989835	0.3414510906	0.1140763283	0.2454930369	-0.01989123147	0.1539523628	0.1284826121	0.1477784386	0.1079523464	0.1888775276	0.1265494239	0.2421163662	0.1114423948	0.1207855656	0.2406397838	0.1114423948	0.238405176	0.1402106022	0.2024333422	0.2816020138	0.08840977465	0.2774440066	0.1461027421	0.08738699825	0.09773794998	0.1547073743	0.1200306358	0.08738699825	0.1361224478	0.2369510402	0.1361224478	0.08459701224	0.2346726286	0.08459701224	0.09908050062	0.1583996917	0.09611117259	0.2208644817	0.1272881784	0.2218521021	0.09043478582	0.07503436693	0.07823105141	0.1376869518	0.2868053172	0.2852836758	0.04486171451	0.5899230746	0.04486171451	0.06565335095	0.1341436232	0.06632835312	0.1525087556	0.1471186802	0.3022715782	0.06930310365	0.07094116551	0.07629621635	0.07629621635	0.06930310365	0.04486171451	0.06632835312	0.2322505961	0.3208046255	0.3226636437	0.08906542505	0.07094116551	0.06632835312	0.1066441519	0.13309262	0.07743055072	0.1183004546	0.08403354691	0.09882770367	0.08983638135	0.07752053561	0.223023625	0.4765179588	0.07414847384	0.4765179588	0.2538558986	0.2555692629	0.07244438928	0.06325222955	-0.02134082281	0.07606585036	0.00469392915	0.04804971995	0.2134018745	0.02145328671	0.04705320483	-0.07782483437	0.08427880659	-0.09324708848	-0.04075113777	0.07317741785	0.1227914227	-0.02563717611	0.3470847248	-0.001456134391	-0.02660344659	0.3470847248	0.08335055012	0.1069771817	0.02524290653	0.02906077325	0.08071201099	-0.03698024616	0.3300629689	0.05171480276	0.01518874175	0.09605111227	0.05465191575	0.08234084387	0.1378957421	0.118385255
chr11_2084913_T_C	0.007406126529	-0.09218938544	-0.06695103488	0.06995030703	0.06797598545	-0.07588606486	-0.0459280144	-0.07449259803	-0.07588606486	-0.07588606486	-0.04788727545	0.07167262433	-0.06761889689	0.178421881	-0.06343384823	0.1003179318	0.07586942144	0.1014207525	0.1014207525	0.02543799469	0.1009258695	-0.04278883393	-0.04719629172	0.01847333266	0.1892752792	0.2858009025	-0.3126881597	0.2281476257	0.2289328711	0.226700321	0.5767621143	0.1602776342	0.3091443438	0.547152415	0.1683053539	0.2301037626	0.2317236487	0.5767621143	0.5767621143	0.7815297441	-0.08823830618	0.547152415	0.2871118735	0.3076968359	0.5800182253	0.1672334931	-0.5367903199	-0.5744538452	-0.5744538452	-0.6254812436	0.3049918605	0.2325288432	0.1577329682	0.547152415	0.5426582629	0.1518622896	0.547152415	0.189051111	0.5800182253	-0.7056060262	0.955722067	-0.6854427743	0.3245887988	0.5542819627	0.581697991	0.1844611456	0.1605761251	0.07916180676	0.1776227306	0.1768949678	0.1768949678	0.5477105979	0.5542819627	1	0.4808598835	0.5510003484	0.3041516331	0.1574272926	0.2518484011	0.243876802	0.2499227543	0.243876802	0.1785856204	0.363502576	0.5335687359	0.2411437361	0.5335687359	0.002163956991	0.1762965629	-0.1788917456	0.06300929882	0.3005822293	0.2444221366	0.2972371543	-0.486064288	0.04389170492	0.2411437361	-0.1582113096	0.1574272926	0.1878017076	-0.1967931871	0.1574272926	-0.1969912277	-0.6610586383	0.3928855878	-0.06483830618	0.1575894631	-0.03460843894	0.2323667809	0.1558813659	-0.1242574022	-0.6627725282	0.1890726912	0.1558813659	0.278618248	-0.1620413625	0.278618248	-0.2373162457	-0.1591880449	-0.2373162457	0.1697691977	-0.6159494294	0.1680229088	-0.1687603612	0.2702365572	-0.1674172288	0.1689734205	0.1524688049	0.1137266422	0.1821252966	0.4536058582	0.4563937823	0.1020483965	0.2377959317	0.1020483965	0.1427585063	-0.1531867598	0.1436748408	-0.081459805	-0.1630492849	0.0908233401	-0.1083495488	-0.1025464966	0.17060377	0.17060377	-0.1083495488	0.03532099368	0.1436748408	-0.02582588507	0.116114689	0.1179515127	0.1576743783	-0.1025464966	0.1436748408	0.1022309181	0.2492733848	0.1717748703	0.1233387295	-0.167613623	0.1372375156	0.1985834567	0.1361487041	0.0558411176	0.1692703502	-0.2598143613	0.1692703502	0.08443294775	0.08620865597	0.09290194296	0.0871475773	-0.1007238521	0.09825571721	-0.02310452842	0.09142298978	0.05445540036	0.02077027563	-0.06088221351	-0.1530220038	-0.04209385358	0.03126505425	-0.0597210861	0.05440417858	0.1335895749	-0.02134212141	0.2256690851	0.02669642332	-0.01831698976	0.2256690851	0.04920868192	0.06057606872	0.06702390734	0.03732522201	0.01508113875	-0.03294252296	0.2122491593	0.078591298	-0.04322544465	0.07328172558	0.05630889514	0.06060423642	-0.06606180198	0.08078573312
chr11_2085855_C_T	0.02911607702	-0.08523228286	-0.1354371525	0.1820954859	0.2199318247	-0.1414716787	-0.117633335	-0.1415579349	-0.1414716787	-0.1414716787	-0.04587920754	0.181967311	-0.1111541858	0.07520242836	-0.0522229563	0.2074819791	0.1785773712	0.1356192203	0.1356192203	0.03882233159	0.1351405668	-0.1048092472	-0.1017782294	0.1759608488	-0.2761915095	0.5222165274	0.02465368799	-0.6807565728	-0.6818656113	-0.6833171852	0.2797860168	0.4257210854	0.5349232409	0.2492335477	0.4308012732	0.3917341254	0.3954061465	0.2797860168	0.2797860168	0.3773842972	-0.009985642355	0.2492335477	0.5695267004	0.5853533087	0.284393641	0.4313218173	-0.255920676	-0.2878827079	-0.2878827079	-0.3089657471	0.6020290314	-0.7281544966	0.3148243409	0.2492335477	0.2428037006	0.3081897653	0.2492335477	0.4686410553	0.284393641	-0.3303022604	0.4413375451	-0.3029569426	0.6077272739	0.2763995658	0.2866517146	0.4593549928	0.3730133426	0.8323421956	0.4527528206	0.4515955039	0.4515955039	0.2789899198	0.2763995658	0.4808598835	1	0.2776831266	0.5911596439	0.3137662335	0.5718796398	-0.7330530529	0.5706183554	-0.7330530529	0.4512262912	0.1883896407	0.2596459702	-0.7269654193	0.2596459702	-0.4599254045	0.4465273146	0.3403923221	0.2027681926	0.5790615075	-0.7213881989	0.57900637	-0.2040486632	0.4501755657	-0.7269654193	0.3454850349	0.3137662335	0.4547916276	0.3242250873	0.3137662335	0.3247525496	-0.3173249617	0.04530090278	0.003055326567	-0.4560368288	0.01512975398	0.5406681391	-0.4564177152	0.08109781376	-0.2752662372	0.4577722995	-0.4564177152	0.5583745066	0.3500577762	0.5618763334	-0.05841630794	0.3467819218	-0.05841630794	-0.4379846807	-0.2348358976	-0.3744577212	0.3328677986	0.5445424354	0.3361883657	-0.4248498246	-0.3969900021	0.2311886328	0.4884936126	-0.1263881873	-0.1064727026	0.2610099043	-0.03956681879	0.2610099043	-0.3803066546	-0.4691773342	-0.3777826427	-0.2764358382	0.1366761548	-0.3377377948	0.01950471589	0.009875093557	0.3490647456	0.3490647456	0.01950471589	0.2298104926	-0.3777826427	-0.02702621552	-0.3161985662	-0.3171539782	-0.3656880139	0.02863209597	-0.3777826427	-0.1530099637	0.08946088441	0.3519674476	0.4378157226	-0.01573732105	-0.06800383821	0.4637690571	-0.4156033573	-0.3359741522	-0.07786861491	-0.111866373	-0.07786861491	-0.3332741932	-0.3310833247	0.1713813295	0.2034368985	0.09651694091	0.1453486044	-0.1411061249	0.2707943408	-0.09731409298	-0.1678832272	-0.3799822383	-0.0425011402	-0.1059235037	-0.1956844566	-0.2038716929	-0.1019542576	0.05210027821	-0.1324929677	0.05764555015	-0.1312040276	-0.1297184202	0.05764555015	0.07374819253	0.1079404995	0.1849720942	-0.05608953836	0.02160851711	-0.1500036403	0.05086635885	0.2656801419	-0.06929464229	0.1135976886	0.03183243934	0.05884110924	0.1258501164	0.1894042908
chr11_2086132_G_A	0.03455574953	-0.07041788008	-0.04054940037	0.1021973447	0.09824350656	-0.05738142493	0.04704282722	-0.05656441435	-0.05738142493	-0.05738142493	-0.1833996318	0.1031723389	0.03241958264	0.3270428843	-0.1805184749	0.08890299499	0.1077013456	0.1292484099	0.1292484099	0.01394546007	0.1313087234	-0.02232755138	-0.03234970759	-0.02324570626	0.4126417906	0.1520968396	0.1818115153	0.1172294929	0.1177505891	0.1192175671	0.9138562888	0.1108896503	0.1729395168	0.8862971912	0.1105352122	0.1566702932	0.1575994201	0.9138562888	0.9138562888	0.689739356	0.07979540124	0.8862971912	0.1720543605	0.1842027941	0.9205868392	0.1097123831	0.1373459584	0.1376669137	0.1376669137	0.1431492457	0.1686961821	0.1217811126	0.1102265856	0.8862971912	0.8816453077	0.09992493452	0.8862971912	0.1239065322	0.9205868392	0.1523543899	0.5242539285	0.1454129692	0.1816765594	0.9937634724	0.9309830788	0.1164284337	0.06276638295	0.3744522937	0.1173425297	0.1169878532	0.1169878532	0.9937056286	0.9937634724	0.5510003484	0.2776831266	1	0.1565017718	0.1102883809	0.1647952955	0.1202967577	0.1534564315	0.1202967577	0.1179786415	0.6398866058	0.9574604522	0.1226431222	0.9574604522	0.3411247093	0.1117057199	0.2486704638	-0.02114751339	0.1584196956	0.1245594141	0.1522061173	0.107056676	0.192688472	0.1226431222	0.2388182751	0.1102883809	0.1183957788	0.2438930257	0.1102883809	0.2416818004	0.1391291827	0.2039970639	0.2828151806	0.08593096692	0.2786947328	0.1432555425	0.0849136078	0.09663528294	0.1534217572	0.1175712846	0.0849136078	0.1407323349	0.2401897933	0.1407323349	0.08382249676	0.2378503685	0.08382249676	0.09655466447	0.1569943479	0.09368341151	0.2240001977	0.1318080151	0.2249837949	0.08786345578	0.07262497893	0.07718873312	0.1348779043	0.2864293613	0.2850536579	0.05375883627	0.586310704	0.05375883627	0.06329078266	0.1314068656	0.06397387509	0.155474958	0.144787963	0.30149659	0.06860712427	0.07023709031	0.07439072143	0.07439072143	0.06860712427	0.05375883627	0.06397387509	0.2332931249	0.3199072956	0.3217575676	0.0864530765	0.07023709031	0.06397387509	0.1101170304	0.1352698608	0.07554114055	0.1224381434	0.08326945796	0.09440184243	0.09454932818	0.07500618796	0.221658861	0.4717847519	0.07364387071	0.4717847519	0.2524348757	0.2541375663	0.07142591186	0.06226955993	-0.02374698259	0.07495461809	0.002070250929	0.04590476187	0.2163772084	0.02555649674	0.04419869941	-0.08048519735	0.08260838938	-0.08922961823	-0.03782092297	0.07819330139	0.1266867051	-0.0229718312	0.3502340233	-0.004098497182	-0.02392344537	0.3502340233	0.08933403256	0.1122593605	0.02412532694	0.02853024022	0.08676934778	-0.03413770618	0.333145531	0.04938195537	0.01926837739	0.1015112269	0.06162401691	0.08857007081	0.1433517303	0.1242352464
chr11_2086270_C_T	0.02895316929	-0.07296878095	-0.07232050977	0.0481677975	0.06849557273	-0.07751603628	-0.09800160833	-0.07568198738	-0.07751603628	-0.07751603628	0.04807602212	0.04595810974	-0.05088900935	0.03266728265	0.04404836451	0.04825324387	0.06845998764	0.03923341774	0.03923341774	0.0773232258	0.03745960852	-0.02242796985	-0.02050076053	0.4022811566	0.2612509835	0.8789673354	-0.2307869658	-0.3869331087	-0.387557944	-0.3902182912	0.1768085115	-0.243172878	0.8567947445	0.1837630655	-0.2550212708	0.6265157418	0.633109276	0.1768085115	0.1768085115	0.2515638323	0.05417031453	0.1837630655	0.9269703325	0.9007682994	0.1793485267	-0.2528652231	-0.1393201417	-0.1924058364	-0.1924058364	-0.2107925024	0.9656070215	-0.4168520034	0.5313869518	0.1837630655	0.1732986376	0.5263335026	0.1837630655	-0.2467457194	0.1793485267	-0.2241744382	0.302702477	-0.1925013887	0.9396967479	0.1521499696	0.1675333817	-0.252613636	0.6149318228	0.4750687915	-0.2468740846	-0.2461644165	-0.2461644165	0.1537916021	0.1521499696	0.3041516331	0.5911596439	0.1565017718	1	0.5291465392	-0.3096560829	-0.4179243874	-0.2972321525	-0.4179243874	-0.2482123848	0.1096249996	0.1559439925	-0.4127617754	0.1559439925	0.1889438045	-0.2523048529	0.7674369035	0.2826108603	0.9861257172	-0.4093734057	0.9840783505	-0.1153900495	0.8699674187	-0.4127617754	0.7506871903	0.5291465392	-0.2566698981	0.7513740701	0.5291465392	0.7543187579	-0.2166852202	0.5612772575	0.5236799204	-0.2502591796	0.5284266363	-0.2795633418	-0.2482123848	0.2620207495	-0.1986177483	-0.2669459382	-0.2482123848	0.9505762409	0.6860242762	0.9382975181	-0.1014389746	0.6878949835	-0.1014389746	-0.2666817863	-0.2225136116	-0.2211680934	0.6767973963	0.9185927934	0.679073604	-0.2568337758	-0.2047340101	0.4124246479	-0.2620432052	-0.4545796455	-0.4405237762	0.489545972	-0.02981798758	0.489545972	-0.1906412588	-0.2840445001	-0.1869475706	0.03340166713	0.3009609257	0.1510317433	-0.04956152793	-0.05419401105	0.5230532832	0.5230532832	-0.04956152793	0.4470027417	-0.1869475706	0.2828472499	0.1564140362	0.1550697891	-0.2599289846	-0.05419401105	-0.1869475706	0.1094730349	0.4816062757	0.5142366738	0.6751245073	-0.0836428846	-0.4180517347	0.7487610466	-0.2548300976	0.1410667846	-0.05659047278	-0.04748716849	-0.05659047278	0.1443796843	0.1430006132	0.3290052431	0.3631186024	0.1121390702	0.2953063026	-0.0770814127	0.4442187816	-0.2044072855	-0.08763370889	-0.2632083159	-0.01188282683	-0.1970056851	-0.04513575591	-0.04283220856	-0.07499081197	-0.04896747431	-0.02953692259	-0.02432085939	-0.06653174032	-0.02781687128	-0.02432085939	0.05860722687	0.0405677547	0.3399115048	0.01216881728	-0.07154154017	-0.02724379922	-0.02807750154	0.01274370597	0.01359776651	0.04492519823	0.05762977501	0.04950465705	0.2176214495	0.2410885857
chr11_2086561_C_G	-0.04888451402	-0.09737120257	-0.1333637412	0.304941201	0.2837941894	-0.1357512902	-0.1152315943	-0.1366993644	-0.1357512902	-0.1357512902	-0.04641616332	0.3036581965	-0.07404348111	-0.005451626462	-0.04796929919	0.3020810779	0.2126812423	0.1872611158	0.1872611158	-0.06381919496	0.1899452585	-0.1767723534	-0.1792414681	0.5115183572	0.1925376308	0.4693730188	-0.1159591743	-0.2026819389	-0.2029411944	-0.2041991761	0.1248570794	-0.1311092678	0.4782037555	0.1227711732	-0.1313266029	0.7254725033	0.7232413254	0.1248570794	0.1248570794	0.1515359088	-0.0004838263212	0.1227711732	0.5091445821	0.4966824983	0.1259428839	-0.1377840266	-0.08231197984	-0.08452719857	-0.08452719857	-0.09031937505	0.512436806	-0.2261863069	0.9948301807	0.1227711732	0.1132447781	0.989671777	0.1227711732	-0.128418835	0.1259428839	-0.08610397869	0.1701678993	-0.09104189102	0.5077944193	0.1114423948	0.1237667839	-0.1290918746	-0.1092420285	0.2714570195	-0.1294513354	-0.1291636814	-0.1291636814	0.1091281122	0.1114423948	0.1574272926	0.3137662335	0.1102883809	0.5291465392	1	-0.1656589581	-0.2249263981	-0.1548405593	-0.2249263981	-0.1301530888	0.0719636147	0.1159990789	-0.2267710693	0.1159990789	0.1938734507	-0.132130501	0.4338720127	-0.05367987748	0.5337727161	-0.2226375181	0.5327702788	-0.05679577674	0.4836630797	-0.220586744	0.429494258	1	-0.1310579913	0.42639152	1	0.4236213954	-0.08951276362	0.3466773275	0.2987629166	-0.1387666907	0.3046445334	-0.165089297	-0.1377840266	0.5864940079	-0.09020503683	-0.1381977664	-0.1377840266	0.5371921718	0.424682668	0.5371921718	-0.0213791046	0.4262206425	-0.0213791046	-0.1487648467	-0.08977877841	-0.1456033402	0.4249523247	0.5371688346	0.4243392853	-0.1334443263	-0.1336664249	0.6778429082	-0.1775958027	-0.08188562715	-0.08112464234	0.4232251106	-0.2122356775	0.4232251106	-0.1325808026	-0.1797601998	-0.1328139935	0.08799276312	-0.119880038	-0.03702774361	0.002067942285	-0.0005439502569	-0.05935519469	-0.05935519469	0.002067942285	0.4232251106	-0.1328139935	0.06662675048	-0.05479908902	-0.05585129914	-0.1095420165	-0.0005439502569	-0.1328139935	0.1603832115	0.1073088583	-0.0607832886	0.2294615781	-0.02291441915	-0.2287415316	0.2514201538	-0.1135071086	-0.05452346444	-0.2359152306	-0.00967011172	-0.2359152306	-0.05917667267	-0.06026471163	0.6639914712	0.7106849608	-0.07437015746	0.5468755857	-0.02144720892	0.3011547726	0.04826755429	0.1684227961	-0.1415762593	-0.08480874199	-0.1271078994	-0.09776505931	-0.1021526676	-0.07346661321	-0.1747188781	-0.1176642561	0.02391379761	-0.007986092299	-0.117161831	0.02391379761	0.08228139215	0.04833193529	0.6601133277	-0.004212362283	-0.1703444885	-0.113375409	0.01319155237	-0.1048065781	-0.09691598314	0.05453669868	0.1187842128	0.0875085208	0.4437828951	0.4426379789
chr11_2086893_CAGT_C	0.005689934642	-0.02603590631	-0.07724453122	0.1701815906	0.1969546069	-0.07903650167	-0.03248999418	-0.08096419016	-0.07903650167	-0.07903650167	-0.09752922105	0.1723299794	-0.06763603427	0.05279704164	-0.1009372316	0.1988443148	0.14333178	0.1126755092	0.1126755092	-0.03509991937	0.1140640162	-0.09463274295	-0.09287146492	-0.196520491	-0.5765233475	-0.2679110466	0.2631218853	-0.4074485761	-0.4081224274	-0.4070821871	0.1460041697	0.7622342254	-0.2294778324	0.1485275149	0.7469295309	-0.1678536561	-0.1701544835	0.1460041697	0.1460041697	0.183907615	-0.07591793857	0.1485275149	-0.2608638227	-0.2146575869	0.1488630827	0.7790940704	-0.161717247	-0.1406182002	-0.1406182002	-0.1467462504	-0.2650184	-0.4323690095	-0.1666139398	0.1485275149	0.1513289737	-0.1693005681	0.1485275149	0.780452021	0.1488630827	-0.1576214859	0.205744158	-0.1571814358	-0.2274997165	0.1676589023	0.1636972625	0.7752081063	-0.1789871784	0.4943628842	0.7937782433	0.791636822	0.791636822	0.1691641413	0.1676589023	0.2518484011	0.5718796398	0.1647952955	-0.3096560829	-0.1656589581	1	-0.4371731865	0.95689414	-0.4371731865	0.7933344938	0.1087075762	0.1436304916	-0.4353799819	0.1436304916	-0.7484857728	0.7920035647	-0.3928137725	-0.04185710001	-0.310182282	-0.4320922257	-0.308116476	-0.1199855243	-0.343057483	-0.4353799819	-0.3437301197	-0.1656589581	0.7740475498	-0.3695493218	-0.1656589581	-0.372028163	-0.1503704102	-0.5102543333	-0.5446474133	-0.2768610422	-0.5353630734	0.9312849848	-0.2794440737	-0.1643679578	-0.1587344049	0.8210717107	-0.2794440737	-0.2990995798	-0.3024131909	-0.2823973053	0.02846708363	-0.3080203113	0.02846708363	-0.2381946251	-0.08854211441	-0.2187621686	-0.3132290323	-0.2830238303	-0.3115637907	-0.2325569274	-0.2630203027	-0.1394456783	0.8550571683	0.3312582537	0.3399552972	-0.1797350671	-0.02179460619	-0.1797350671	-0.2579525725	-0.2938817239	-0.2586671488	-0.3537057251	-0.1678036338	-0.5671370849	0.06656478505	0.06002560451	-0.1137082806	-0.1137082806	0.06656478505	-0.1735347185	-0.2586671488	-0.3314192609	-0.546165708	-0.545921971	-0.1633235514	0.08239140191	-0.2586671488	-0.2903997198	-0.3761077237	-0.1012035372	-0.1606756371	0.06148264397	0.3322025184	-0.2021282827	-0.2240440085	-0.5503722073	-0.039536055	-0.08154034669	-0.039536055	-0.553637176	-0.5496055085	-0.1258586639	-0.1227523102	-0.001416996821	-0.1220805202	-0.0789830653	-0.1411982641	0.09054073759	-0.1058243776	-0.1854675662	-0.03450399961	0.08295807305	-0.1795212046	-0.1889510779	-0.04157996565	0.1243130379	-0.1199683126	0.1027944394	-0.07797744432	-0.1184296928	0.1027944394	0.01043691038	0.07260395749	-0.1212560554	-0.07662441981	0.09041501026	-0.1400769637	0.09841111257	0.3091258507	-0.08725086803	0.07406450651	-0.02694149979	0.01574973939	-0.08259560621	-0.02741971261
chr11_2087220_T_C	-0.02645937966	0.0227580597	0.0978670835	-0.1471481604	-0.1905296664	0.09761043204	0.09448318418	0.09878681336	0.09761043204	0.09761043204	0.01359764737	-0.1456703096	0.07049014168	0.05523018935	0.008554147112	-0.1516700568	-0.1386651268	-0.07132874472	-0.07132874472	-0.02320711642	-0.07118321984	0.08273394943	0.07596234335	-0.1802957931	0.4523187047	-0.3559034272	-0.2698352545	0.9299541891	0.9317900224	0.931663686	0.1379553651	-0.3465460384	-0.3518494774	0.14877919	-0.345937656	-0.2547865277	-0.2575914498	0.1379553651	0.1379553651	0.1888515889	-0.0574055499	0.14877919	-0.4072151809	-0.4087519546	0.1353848868	-0.3473449093	-0.1333443594	-0.1272091658	-0.1272091658	-0.1434739459	-0.4292949735	0.9857786903	-0.2258596209	0.14877919	0.1524047841	-0.223075415	0.14877919	-0.3716979773	0.1353848868	-0.1820305217	0.2532431877	-0.1966350244	-0.4203954413	0.1242621726	0.1341903519	-0.3649875134	-0.2880156199	-0.8592258507	-0.3629898651	-0.3622743412	-0.3622743412	0.1162993343	0.1242621726	0.243876802	-0.7330530529	0.1202967577	-0.4179243874	-0.2249263981	-0.4371731865	1	-0.4372719192	1	-0.3605544476	0.07361179482	0.1267247656	0.9911464406	0.1267247656	0.5103919713	-0.3571327392	-0.515274823	-0.1753982371	-0.4073118551	0.9875208044	-0.4098457948	-0.151368364	-0.4638804295	0.9911464406	-0.5048650096	-0.2249263981	-0.3573486512	-0.5112795614	-0.2249263981	-0.5120166048	-0.1618269992	0.2546728072	-0.05367743745	0.6266615031	-0.04358201776	-0.4177636121	0.6257577448	-0.186092584	-0.2096767638	-0.3596595468	0.6257577448	-0.4014688764	-0.5128939627	-0.4053421695	-0.1194839691	-0.5070571652	-0.1194839691	0.6161427937	-0.2180730691	0.544522357	-0.499092741	-0.392671586	-0.5017236181	0.6009973002	0.557378791	-0.1674897172	-0.3990291184	0.4916777645	0.4718124074	-0.2095337082	0.2282330471	-0.2095337082	0.5313929922	0.4001127438	0.5293120807	0.2425674938	-0.2776591737	0.4440200614	-0.1056253823	-0.09047258038	-0.2537477098	-0.2537477098	-0.1056253823	-0.226788197	0.5293120807	0.009858789884	0.4398156422	0.4422973095	0.5267945548	-0.1112192849	0.5293120807	0.2485460779	0.09442194531	-0.2560498487	-0.3885788285	-0.1126187712	0.1816788894	-0.3589144961	0.5653063696	0.4149320423	0.2174394197	-0.07781684374	0.2174394197	0.4341256541	0.4330798802	-0.1174928468	-0.1574127229	-0.1848912988	-0.0845454619	0.1381511276	-0.2285986652	0.149880479	0.2018043579	0.3730608399	-0.07169652489	0.08450553151	0.240695956	0.1791696098	0.1549731272	0.04600451658	0.1299914843	0.1113012575	0.1658314895	0.1292693504	0.1113012575	-0.04339783893	-0.07239899509	-0.1526000537	0.09099425863	-0.01220157979	0.1403606945	0.1083891269	-0.2328960874	0.04311333368	-0.06879993346	0.008472203	-0.01806939728	-0.1904471529	-0.146826737
chr11_2087361_A_G	-0.02966553856	-0.0650200995	-0.1096682555	0.1736145846	0.2008584075	-0.1113473764	-0.07146683604	-0.1132636711	-0.1113473764	-0.1113473764	-0.08620623759	0.1757624121	-0.09904914502	0.05085602461	-0.08961220786	0.2015969588	0.1531203359	0.1278014331	0.1278014331	-0.009031119222	0.1291699208	-0.1099947393	-0.1081979737	-0.1910160295	-0.6016412695	-0.2558297645	0.2706832877	-0.4121945126	-0.4128198873	-0.407890725	0.1620522532	0.7559930621	-0.2136602392	0.1177911297	0.7841038104	-0.1625335033	-0.1647984693	0.1620522532	0.1620522532	0.2063630559	-0.06139628716	0.1177911297	-0.2488652694	-0.1990006438	0.1647899496	0.7823221828	-0.1632367442	-0.1501469594	-0.1501469594	-0.1560514501	-0.2488626462	-0.4400740408	-0.1558925674	0.1177911297	0.1206443766	-0.1585619681	0.1177911297	0.8112534266	0.1647899496	-0.1651798793	0.2609653267	-0.1644119334	-0.2116094892	0.1563100249	0.1660985814	0.8155051833	-0.1683318918	0.4886299879	0.7921514933	0.7900368463	0.7900368463	0.1577754015	0.1563100249	0.2499227543	0.5706183554	0.1534564315	-0.2972321525	-0.1548405593	0.95689414	-0.4372719192	1	-0.4372719192	0.791737883	0.106077478	0.1605308814	-0.4432124722	0.1605308814	-0.7539251249	0.7998528481	-0.3594417782	-0.03952381558	-0.297797515	-0.4399310336	-0.2957312423	-0.1327602902	-0.3375253657	-0.4432124722	-0.3822443181	-0.1548405593	0.8143283759	-0.3852635231	-0.1548405593	-0.3802499649	-0.1589385037	-0.5143345996	-0.5471612592	-0.2931770113	-0.5380711481	0.9380997437	-0.2957754901	-0.1603650153	-0.1248492372	0.8240539401	-0.2957754901	-0.2868836412	-0.2811547699	-0.2703184447	0.04018706802	-0.2866384244	0.04018706802	-0.2497030412	-0.0513504759	-0.2588482136	-0.2810635696	-0.2710607145	-0.2793780252	-0.2442141853	-0.2561539253	-0.1444230323	0.8581884544	0.2938324825	0.3025127223	-0.180809052	-0.03599572625	-0.180809052	-0.2512816834	-0.2691172193	-0.2519989004	-0.3963193641	-0.1435162635	-0.5323192947	0.07899763309	0.07238591176	-0.1035738836	-0.1035738836	0.07899763309	-0.1685101291	-0.2519989004	-0.3037793911	-0.5527862301	-0.5525609553	-0.1613884955	0.09456814991	-0.2519989004	-0.2775226802	-0.3646557835	-0.09128208573	-0.1451894298	0.06294555116	0.3486690266	-0.190598282	-0.2267819183	-0.5149316063	-0.05404708105	-0.07942485398	-0.05404708105	-0.5600291286	-0.5560482468	-0.1225148744	-0.1195676093	-0.008745140016	-0.1185807304	-0.07862596656	-0.1005631211	0.07440040288	-0.1410277274	-0.1830773969	-0.01997384867	0.01982703963	-0.1729307205	-0.1737338067	-0.03080918718	0.1387748415	-0.1123906786	0.08395879207	-0.07283425965	-0.1108605234	0.08395879207	0.01981710711	0.07281747188	-0.1181525594	-0.07486016067	0.07995935866	-0.1364370982	0.0796758053	0.3159460595	-0.08499971831	0.0740309071	-0.02783406334	0.01048719545	-0.0641687812	-0.01772560141
chr11_2087412_A_T	-0.02645937966	0.0227580597	0.0978670835	-0.1471481604	-0.1905296664	0.09761043204	0.09448318418	0.09878681336	0.09761043204	0.09761043204	0.01359764737	-0.1456703096	0.07049014168	0.05523018935	0.008554147112	-0.1516700568	-0.1386651268	-0.07132874472	-0.07132874472	-0.02320711642	-0.07118321984	0.08273394943	0.07596234335	-0.1802957931	0.4523187047	-0.3559034272	-0.2698352545	0.9299541891	0.9317900224	0.931663686	0.1379553651	-0.3465460384	-0.3518494774	0.14877919	-0.345937656	-0.2547865277	-0.2575914498	0.1379553651	0.1379553651	0.1888515889	-0.0574055499	0.14877919	-0.4072151809	-0.4087519546	0.1353848868	-0.3473449093	-0.1333443594	-0.1272091658	-0.1272091658	-0.1434739459	-0.4292949735	0.9857786903	-0.2258596209	0.14877919	0.1524047841	-0.223075415	0.14877919	-0.3716979773	0.1353848868	-0.1820305217	0.2532431877	-0.1966350244	-0.4203954413	0.1242621726	0.1341903519	-0.3649875134	-0.2880156199	-0.8592258507	-0.3629898651	-0.3622743412	-0.3622743412	0.1162993343	0.1242621726	0.243876802	-0.7330530529	0.1202967577	-0.4179243874	-0.2249263981	-0.4371731865	1	-0.4372719192	1	-0.3605544476	0.07361179482	0.1267247656	0.9911464406	0.1267247656	0.5103919713	-0.3571327392	-0.515274823	-0.1753982371	-0.4073118551	0.9875208044	-0.4098457948	-0.151368364	-0.4638804295	0.9911464406	-0.5048650096	-0.2249263981	-0.3573486512	-0.5112795614	-0.2249263981	-0.5120166048	-0.1618269992	0.2546728072	-0.05367743745	0.6266615031	-0.04358201776	-0.4177636121	0.6257577448	-0.186092584	-0.2096767638	-0.3596595468	0.6257577448	-0.4014688764	-0.5128939627	-0.4053421695	-0.1194839691	-0.5070571652	-0.1194839691	0.6161427937	-0.2180730691	0.544522357	-0.499092741	-0.392671586	-0.5017236181	0.6009973002	0.557378791	-0.1674897172	-0.3990291184	0.4916777645	0.4718124074	-0.2095337082	0.2282330471	-0.2095337082	0.5313929922	0.4001127438	0.5293120807	0.2425674938	-0.2776591737	0.4440200614	-0.1056253823	-0.09047258038	-0.2537477098	-0.2537477098	-0.1056253823	-0.226788197	0.5293120807	0.009858789884	0.4398156422	0.4422973095	0.5267945548	-0.1112192849	0.5293120807	0.2485460779	0.09442194531	-0.2560498487	-0.3885788285	-0.1126187712	0.1816788894	-0.3589144961	0.5653063696	0.4149320423	0.2174394197	-0.07781684374	0.2174394197	0.4341256541	0.4330798802	-0.1174928468	-0.1574127229	-0.1848912988	-0.0845454619	0.1381511276	-0.2285986652	0.149880479	0.2018043579	0.3730608399	-0.07169652489	0.08450553151	0.240695956	0.1791696098	0.1549731272	0.04600451658	0.1299914843	0.1113012575	0.1658314895	0.1292693504	0.1113012575	-0.04339783893	-0.07239899509	-0.1526000537	0.09099425863	-0.01220157979	0.1403606945	0.1083891269	-0.2328960874	0.04311333368	-0.06879993346	0.008472203	-0.01806939728	-0.1904471529	-0.146826737
chr11_2087607_T_C	-0.007754718066	-0.03612281106	-0.1151638971	0.2603176188	0.2519921848	-0.1151841976	-0.08477034849	-0.11674273	-0.1151841976	-0.1151841976	-0.07047429391	0.2583004049	-0.1087086456	0.05970027331	-0.0732087067	0.313161064	0.1744348273	0.1282148437	0.1282148437	-0.0276921026	0.1317772944	-0.1088010142	-0.1089709689	-0.1639498118	-0.5325258552	-0.2515543484	0.01957160085	-0.3352160211	-0.3357082088	-0.3379150975	0.1235339726	0.953288265	-0.2582868165	0.1258392403	0.9420776244	-0.1866610561	-0.1884018487	0.1235339726	0.1235339726	0.1613659591	-0.02481405143	0.1258392403	-0.2464216359	-0.2504263341	0.1257638039	0.9782572942	-0.1169842509	-0.1079463029	-0.1079463029	-0.1181206611	-0.242311727	-0.3540033166	-0.1309207845	0.1258392403	0.1280253679	-0.1330488533	0.1258392403	0.973920057	0.1257638039	-0.1093101255	0.1870218216	-0.111899434	-0.2577706817	0.1203002779	0.1291422326	0.9736799196	-0.1339586391	0.3989054706	0.9892018771	0.9972843622	0.9972843622	0.1239450841	0.1203002779	0.1785856204	0.4512262912	0.1179786415	-0.2482123848	-0.1301530888	0.7933344938	-0.3605544476	0.791737883	-0.3605544476	1	0.08015250507	0.1213442785	-0.3574629509	0.1213442785	-0.6170759844	0.9945909516	-0.3035059974	-0.03808066002	-0.2483189035	-0.3565608179	-0.2452332049	-0.08029339431	-0.2657911653	-0.3574629509	-0.2986544451	-0.1301530888	0.9738893097	-0.3027724546	-0.1301530888	-0.2987258132	-0.1067041239	-0.4360359287	-0.4615144323	-0.2355962801	-0.4501341831	0.8175279646	-0.233898556	-0.1252128432	-0.1137351043	0.9489110933	-0.233898556	-0.2440464949	-0.2886781994	-0.2249203446	-0.0956019495	-0.2917581585	-0.0956019495	-0.2207463761	-0.1272434082	-0.2019162163	-0.2890563209	-0.2221348329	-0.2864446009	-0.2148159083	-0.2079634615	-0.1138356388	0.7987810568	0.3206674024	0.3217259849	-0.1482977172	0.188629356	-0.1482977172	-0.20355518	-0.2388061433	-0.2041234424	-0.3178663596	-0.121707415	-0.4763723728	-0.07569453947	-0.07912078988	-0.06371398358	-0.06371398358	-0.07569453947	-0.1482977172	-0.2041234424	-0.291448162	-0.4907293496	-0.4893570735	-0.114201537	-0.06631500092	-0.2041234424	-0.2825001061	-0.2859802928	-0.06077573645	-0.1600311733	-0.07405666963	0.4938482329	-0.1399761067	-0.1934454034	-0.5699640297	0.1838716852	-0.06670211646	0.1838716852	-0.5072422672	-0.5015244793	-0.09306160841	-0.09686401789	0.1242859538	-0.0837146028	-0.04458818963	-0.08907191481	0.06574690937	-0.09829342507	-0.1105484515	-0.06822141441	0.01230075379	-0.1054966746	-0.09860432633	-0.0581822054	0.1368586049	-0.1774025153	0.07481152733	-0.03685190561	-0.1764532703	0.07481152733	-0.004695841889	0.06504695808	-0.08811413404	-0.06199202239	0.08415674223	-0.1660489878	0.06865529367	0.3390037599	-0.1342694466	0.07765531913	-0.05504700918	-0.002105826031	-0.05103181329	-0.04295503099
chr11_2087727_T_G	0.08578534343	-0.08274918671	-0.002641513064	0.0444195232	0.06414406877	-0.00106381905	0.08663682302	-0.0005395427233	-0.00106381905	-0.00106381905	-0.1843136203	0.0450324655	0.08587611872	0.5194176947	-0.1821242982	0.0374467009	0.05808872352	0.1203074364	0.1203074364	0.04561898857	0.1214256638	0.05154772329	0.03450229008	0.02971888521	0.2443002	0.0843342617	0.1253479789	0.06928871282	0.06961781953	0.07052693729	0.5752161029	0.07598485477	0.09309513488	0.5679310094	0.08088184417	0.08412087753	0.08470994872	0.5752161029	0.5752161029	0.4436609697	0.04905582132	0.5679310094	0.1104484867	0.1178284317	0.589619482	0.08015250507	0.09729171629	0.08463349283	0.08463349283	0.08800386628	0.1169099762	0.06459944389	0.07186647743	0.5679310094	0.5649895168	0.05559165535	0.5679310094	0.08362975251	0.589619482	0.08444800312	0.3411349816	0.08674583475	0.1205444759	0.6359373014	0.5961972715	0.08406805373	0.04968481983	0.2429342281	0.07972034246	0.07954973722	0.07954973722	0.6438986726	0.6359373014	0.363502576	0.1883896407	0.6398866058	0.1096249996	0.0719636147	0.1087075762	0.07361179482	0.106077478	0.07361179482	0.08015250507	1	0.6207349773	0.07093563839	0.6207349773	0.2177172009	0.08135720911	0.1636353584	0.01030251513	0.1065326614	0.07210823695	0.1070990005	0.07452646374	0.1355168752	0.07093563839	0.1576409914	0.0719636147	0.08525938589	0.1607932974	0.0719636147	0.1594520474	0.07578034999	0.1444934581	0.1812414643	0.04394185356	0.1787301656	0.1002198615	0.0433091074	0.0640110313	0.09169541886	0.0895574761	0.0433091074	0.1003014143	0.1486709213	0.1003014143	0.03629473841	0.1317604222	0.03629473841	0.05059411656	0.08569174783	0.05591030679	0.1370447033	0.08838982991	0.1376490033	0.05023677028	0.04807173571	0.05281749732	0.1063200687	0.1987545796	0.1993957578	0.04853794805	0.3781270046	0.04853794805	0.04236404596	0.08190626291	0.04276111758	0.106139833	0.07982059963	0.1751511733	0.02498308444	0.02621902414	0.03707966437	0.03707966437	0.02498308444	0.04853794805	0.04276111758	0.1312764094	0.1864394388	0.1875458627	0.0424595479	0.02621902414	0.04276111758	0.07435675416	0.08911658229	0.03793550032	0.07271417709	0.03645996408	0.1384106061	0.06199765207	0.04227279848	0.1779950364	0.3985028459	0.0452740447	0.3985028459	0.1887028503	0.189857442	0.04943814991	0.04409046863	-0.05316603514	0.05879108276	0.0410860765	0.0605493658	0.2846179673	-0.007201612068	-0.02995492244	0.0154686059	0.06710383429	-0.01672781452	0.01160387233	0.1150225661	0.1753846827	0.009017492074	0.4775845598	0.05427742242	0.008507535365	0.4775845598	0.07289628048	0.08397705784	0.04126792677	-0.007964057219	0.07147298469	0.008214387954	0.4539673514	0.04688010757	0.05899130654	0.07762730848	0.04627847136	0.06756860939	0.1263059826	0.1151334811
chr11_2087911_T_C	0.02141132075	-0.1140789908	-0.06863988587	0.09813739594	0.09755974621	-0.07857315632	0.01239046342	-0.07774070724	-0.07857315632	-0.07857315632	-0.1717655374	0.0991511261	0.004587482798	0.3154819496	-0.1688907409	0.08305726364	0.1067716312	0.1387794871	0.1387794871	0.02333672915	0.140891293	-0.03544253421	-0.04510276548	-0.02025450105	0.417542377	0.1523219021	0.1768088909	0.1290738492	0.1295879612	0.1310843579	0.9313291537	0.1139977286	0.173558821	0.9025853428	0.1141087514	0.1644807124	0.1654378364	0.9313291537	0.9313291537	0.7110096114	0.08251164216	0.9025853428	0.1712843534	0.1839718461	0.9376761115	0.1132611818	0.1329724905	0.1308612384	0.1308612384	0.1365865043	0.1686464272	0.1282543283	0.1159073736	0.9025853428	0.8978242579	0.1058885177	0.9025853428	0.1274882067	0.9376761115	0.1477889832	0.5392814887	0.1414105152	0.1817217777	0.9635989835	0.9016110194	0.1202089667	0.05389350733	0.3532598241	0.1206900199	0.1203192228	0.1203192228	0.9513037246	0.9635989835	0.5335687359	0.2596459702	0.9574604522	0.1559439925	0.1159990789	0.1436304916	0.1267247656	0.1605308814	0.1267247656	0.1213442785	0.6207349773	1	0.1287756031	1	0.3555901053	0.1153226753	0.2588319689	0.002122243317	0.1644540554	0.1307595304	0.1654081701	0.09764128676	0.2006223294	0.1287756031	0.2292881164	0.1159990789	0.1222435455	0.2280078111	0.1159990789	0.2256808851	0.1335451124	0.1963949946	0.2769652995	0.08198643217	0.2726587825	0.1500479703	0.08092879521	0.1020885208	0.1497798388	0.1218441813	0.08092879521	0.1536957038	0.2243743176	0.1536957038	0.08765900141	0.222333674	0.08765900141	0.09306540725	0.1545669874	0.07351211903	0.2276925058	0.1447699643	0.2287072975	0.08449799232	0.0763178545	0.08233806502	0.1414049275	0.2690146197	0.2670842934	0.0628703473	0.5783201249	0.0628703473	0.0666768644	0.1234982687	0.06737505485	0.1344646073	0.1334103899	0.3054192304	0.07205202037	0.07372237872	0.08377868724	0.08377868724	0.07205202037	0.0628703473	0.06737505485	0.2343627151	0.3049119899	0.3067466342	0.09147046837	0.07372237872	0.06737505485	0.1198638863	0.1435771974	0.08485054498	0.130052145	0.07051442532	0.09754389666	0.100995452	0.07924377891	0.2350295772	0.4677336218	0.07615071311	0.4677336218	0.2397281553	0.2414202748	0.07645592433	0.06712016776	-0.02485221787	0.08044157829	0.006697944683	0.05645794355	0.2121435882	0.01975138638	0.03567673015	-0.06744913901	0.08140626139	-0.07988694824	-0.02613865834	0.06623915307	0.1221419534	-0.01009156744	0.3349002987	0.008878560722	-0.01103125355	0.3349002987	0.0681484453	0.07091968278	0.02962389221	0.03114707327	0.04057236915	-0.02188384191	0.3181330191	0.06085934196	0.02803343888	0.05902737027	0.0363032616	0.06635409075	0.1463511478	0.1194126364
chr11_2088229_C_T	-0.02177405704	0.01636581397	0.09249446749	-0.1396844274	-0.1820091657	0.09232395081	0.09407832217	0.09352360257	0.09232395081	0.09232395081	0.002988411307	-0.1381792677	0.07133660177	0.05290452522	-0.001939988236	-0.1449025883	-0.1290413293	-0.06460672782	-0.06460672782	-0.03289673253	-0.06440819243	0.07535518403	0.06865665395	-0.1790300471	0.4565688485	-0.3504404313	-0.2704914324	0.9274105962	0.92928391	0.9256250319	0.1395632067	-0.3436740092	-0.3568263386	0.1499742979	-0.3517813859	-0.2534547872	-0.2562276483	0.1395632067	0.1395632067	0.1879174815	-0.05498828445	0.1499742979	-0.4094867478	-0.4141825522	0.1369377689	-0.3530577267	-0.1285592832	-0.1230518636	-0.1230518636	-0.1391562874	-0.4237730559	0.9841142819	-0.2276338772	0.1499742979	0.153551224	-0.2247963137	0.1499742979	-0.3684223327	0.1369377689	-0.1771247825	0.2500658399	-0.1916390919	-0.4183721323	0.1265494239	0.1358506848	-0.3703532239	-0.282188497	-0.8500973526	-0.3599170708	-0.3592142832	-0.3592142832	0.1187054573	0.1265494239	0.2411437361	-0.7269654193	0.1226431222	-0.4127617754	-0.2267710693	-0.4353799819	0.9911464406	-0.4432124722	0.9911464406	-0.3574629509	0.07093563839	0.1287756031	1	0.1287756031	0.5156936082	-0.3627745033	-0.5139689268	-0.191023345	-0.4022992806	0.9892880627	-0.4048061714	-0.1477258054	-0.4574450903	0.9928597662	-0.4968550035	-0.2267710693	-0.3669628249	-0.5031143148	-0.2267710693	-0.5039178651	-0.15729804	0.2665689066	-0.04013295477	0.6214388547	-0.03014452007	-0.4243753219	0.620496822	-0.182040082	-0.2044478221	-0.3689161051	0.620496822	-0.3967660139	-0.5048504376	-0.4006411056	-0.1164363666	-0.4988818673	-0.1164363666	0.6070100714	-0.2124836425	0.5524249813	-0.4911541941	-0.3880251893	-0.4937554062	0.5917675672	0.5649794868	-0.1638290354	-0.4060002096	0.4858740604	0.4691701692	-0.2040161294	0.2310644066	-0.2040161294	0.5387416137	0.4092389062	0.5366464716	0.2543649761	-0.2697702795	0.4535416114	-0.1029685056	-0.08776697024	-0.247850851	-0.247850851	-0.1029685056	-0.2212786309	0.5366464716	0.01326348896	0.4498993512	0.4524390875	0.5179877809	-0.1085233092	0.5366464716	0.2589495328	0.1075115409	-0.250182982	-0.379331188	-0.1096026855	0.1643059149	-0.3503990297	0.5554735206	0.4250883754	0.2210297424	-0.07559746223	0.2210297424	0.4448264474	0.4438412421	-0.1139435661	-0.1540903247	-0.1893854341	-0.08068923594	0.1362607234	-0.2413449619	0.1502557207	0.2107649184	0.3773199549	-0.08007457126	0.08488718721	0.244821894	0.1744989814	0.1563699541	0.03715515466	0.1367940897	0.1072255429	0.1640469261	0.1360666297	0.1072255429	-0.04943292664	-0.07677946411	-0.1493829113	0.09280719414	-0.01388514795	0.1466918955	0.1185607657	-0.2447324537	0.05206629821	-0.07364208717	0.005122375656	-0.02456707451	-0.1912222306	-0.1523580639
chr11_2089861_A_G	0.02141132075	-0.1140789908	-0.06863988587	0.09813739594	0.09755974621	-0.07857315632	0.01239046342	-0.07774070724	-0.07857315632	-0.07857315632	-0.1717655374	0.0991511261	0.004587482798	0.3154819496	-0.1688907409	0.08305726364	0.1067716312	0.1387794871	0.1387794871	0.02333672915	0.140891293	-0.03544253421	-0.04510276548	-0.02025450105	0.417542377	0.1523219021	0.1768088909	0.1290738492	0.1295879612	0.1310843579	0.9313291537	0.1139977286	0.173558821	0.9025853428	0.1141087514	0.1644807124	0.1654378364	0.9313291537	0.9313291537	0.7110096114	0.08251164216	0.9025853428	0.1712843534	0.1839718461	0.9376761115	0.1132611818	0.1329724905	0.1308612384	0.1308612384	0.1365865043	0.1686464272	0.1282543283	0.1159073736	0.9025853428	0.8978242579	0.1058885177	0.9025853428	0.1274882067	0.9376761115	0.1477889832	0.5392814887	0.1414105152	0.1817217777	0.9635989835	0.9016110194	0.1202089667	0.05389350733	0.3532598241	0.1206900199	0.1203192228	0.1203192228	0.9513037246	0.9635989835	0.5335687359	0.2596459702	0.9574604522	0.1559439925	0.1159990789	0.1436304916	0.1267247656	0.1605308814	0.1267247656	0.1213442785	0.6207349773	1	0.1287756031	1	0.3555901053	0.1153226753	0.2588319689	0.002122243317	0.1644540554	0.1307595304	0.1654081701	0.09764128676	0.2006223294	0.1287756031	0.2292881164	0.1159990789	0.1222435455	0.2280078111	0.1159990789	0.2256808851	0.1335451124	0.1963949946	0.2769652995	0.08198643217	0.2726587825	0.1500479703	0.08092879521	0.1020885208	0.1497798388	0.1218441813	0.08092879521	0.1536957038	0.2243743176	0.1536957038	0.08765900141	0.222333674	0.08765900141	0.09306540725	0.1545669874	0.07351211903	0.2276925058	0.1447699643	0.2287072975	0.08449799232	0.0763178545	0.08233806502	0.1414049275	0.2690146197	0.2670842934	0.0628703473	0.5783201249	0.0628703473	0.0666768644	0.1234982687	0.06737505485	0.1344646073	0.1334103899	0.3054192304	0.07205202037	0.07372237872	0.08377868724	0.08377868724	0.07205202037	0.0628703473	0.06737505485	0.2343627151	0.3049119899	0.3067466342	0.09147046837	0.07372237872	0.06737505485	0.1198638863	0.1435771974	0.08485054498	0.130052145	0.07051442532	0.09754389666	0.100995452	0.07924377891	0.2350295772	0.4677336218	0.07615071311	0.4677336218	0.2397281553	0.2414202748	0.07645592433	0.06712016776	-0.02485221787	0.08044157829	0.006697944683	0.05645794355	0.2121435882	0.01975138638	0.03567673015	-0.06744913901	0.08140626139	-0.07988694824	-0.02613865834	0.06623915307	0.1221419534	-0.01009156744	0.3349002987	0.008878560722	-0.01103125355	0.3349002987	0.0681484453	0.07091968278	0.02962389221	0.03114707327	0.04057236915	-0.02188384191	0.3181330191	0.06085934196	0.02803343888	0.05902737027	0.0363032616	0.06635409075	0.1463511478	0.1194126364
chr11_2090336_T_G	0.05139530576	0.006168068479	0.01829202989	-0.08817222511	-0.1449001807	0.01532456813	0.02794369166	0.01771311448	0.01532456813	0.01532456813	-0.01866935389	-0.08931378305	0.04446875332	0.1114280787	-0.01351895764	-0.1216730125	-0.09114074753	-0.01095689989	-0.01095689989	0.02856719091	-0.01050551019	0.04598437499	0.03991331283	0.1759364139	0.7242199571	0.1539645857	-0.1015100408	0.4896159534	0.4905542631	0.48722898	0.3153212102	-0.599025517	0.1298952193	0.2960760081	-0.5874559209	-0.002341498206	0.0008897068466	0.3153212102	0.3153212102	0.1431321646	0.1213689762	0.2960760081	0.1551650667	0.1202626626	0.3158851073	-0.6170759844	0.2567590051	0.2313441001	0.2313441001	0.2473614473	0.1619003813	0.5141271618	0.1953123008	0.2960760081	0.2908107154	0.1928730973	0.2960760081	-0.604959814	0.3158851073	0.2675883347	-0.007981456463	0.2645015718	0.130890568	0.3414510906	0.2962135393	-0.6081303916	0.2251308976	-0.3148893112	-0.6180064	-0.6163382433	-0.6163382433	0.3342690266	0.3414510906	0.002163956991	-0.4599254045	0.3411247093	0.1889438045	0.1938734507	-0.7484857728	0.5103919713	-0.7539251249	0.5103919713	-0.6170759844	0.2177172009	0.3555901053	0.5156936082	0.3555901053	1	-0.6271115411	0.3641848755	0.05574220874	0.190743599	0.5142987018	0.1896447043	0.1982752284	0.2797671416	0.5156936082	0.3553449214	0.1938734507	-0.605499166	0.3582639627	0.1938734507	0.3515675079	0.250598529	0.4683813818	0.5716630057	0.335975743	0.5595451626	-0.7433706227	0.3375017789	0.2036462227	0.2722794232	-0.6420874954	0.3375017789	0.1683073024	0.2859262638	0.1683073024	0.02856325621	0.277450353	0.02856325621	0.3009706335	0.2042839964	0.308642724	0.2887913831	0.1699417586	0.287979054	0.2912963834	0.3043482593	0.1696126476	-0.6737982387	-0.0500521963	-0.0662885462	0.2143428099	0.315700098	0.2143428099	0.2879915527	0.3749099849	0.2848187414	0.4809387649	0.07490399545	0.5874401686	-0.01970494015	-0.01229681882	-0.07495744622	-0.07495744622	-0.01970494015	0.203160001	0.2848187414	0.333155911	0.6069597027	0.6077935356	0.2173257523	-0.03246604274	0.2848187414	0.3510966179	0.283381951	-0.08601133253	0.0488515288	-0.00121913974	-0.1852703637	0.05785998385	0.2734615239	0.5311602655	0.2775853843	0.1206358549	0.2775853843	0.5826461001	0.5799942193	0.1521758526	0.1410643075	-0.04256680038	0.1581948338	0.06806278903	0.1592977895	0.01362047747	0.1761922213	0.2027683499	0.004440991553	0.05413620525	0.1361717777	0.1596554957	-0.004799815891	-0.1100015617	0.05117893287	0.08504696182	0.06464427597	0.04890170246	0.08504696182	0.005831705356	-0.04870772992	0.1180325351	0.1003908996	-0.07756145018	0.06500125654	0.07966675113	-0.2163621807	0.04618131984	-0.05992715969	0.007009837554	-0.003236450896	0.1706639617	0.1172929194
chr11_2090389_G_A	-0.01193656273	-0.02841419389	-0.1123060886	0.2561811564	0.2473386527	-0.1123688585	-0.08969376491	-0.1139360442	-0.1123688585	-0.1123688585	-0.05423239179	0.254154117	-0.1127733505	0.06076144958	-0.05708386455	0.3092803942	0.169376111	0.1255211726	0.1255211726	-0.0182685672	0.1290486526	-0.105788561	-0.1059957198	-0.166672764	-0.5398796908	-0.2557249898	0.02085558682	-0.340328701	-0.3408157025	-0.3386028133	0.1178868352	0.948012588	-0.2581687445	0.1205323402	0.9477579388	-0.1893860979	-0.1911370961	0.1178868352	0.1178868352	0.1577360694	-0.02597781314	0.1205323402	-0.2505227363	-0.250147468	0.1201577552	0.9837373457	-0.1191816902	-0.10984775	-0.10984775	-0.1200882382	-0.2465641419	-0.3593972401	-0.1328885433	0.1205323402	0.1227558082	-0.1350277832	0.1205323402	0.9685078603	0.1201577552	-0.1115906913	0.1850480714	-0.1142235586	-0.2575352888	0.1140763283	0.1234406813	0.978919484	-0.1366772417	0.3927437076	0.9838308186	0.99189304	0.99189304	0.1176089224	0.1140763283	0.1762965629	0.4465273146	0.1117057199	-0.2523048529	-0.132130501	0.7920035647	-0.3571327392	0.7998528481	-0.3571327392	0.9945909516	0.08135720911	0.1153226753	-0.3627745033	0.1153226753	-0.6271115411	1	-0.308942718	-0.03954757537	-0.2523509415	-0.3619077311	-0.2492839934	-0.0819918664	-0.2704188967	-0.3627745033	-0.3039630474	-0.132130501	0.9790863773	-0.3081575049	-0.132130501	-0.3040877726	-0.1087986583	-0.4427856014	-0.4690911464	-0.23900158	-0.4576793117	0.8213020963	-0.2372933226	-0.1270479364	-0.1161740343	0.9539496941	-0.2372933226	-0.2479668473	-0.2940125721	-0.2288719196	-0.09697496402	-0.29715042	-0.09697496402	-0.2189538366	-0.1298398407	-0.2053560964	-0.2943119919	-0.2260374698	-0.2917207446	-0.2130081117	-0.2112417493	-0.1154919742	0.8027872516	0.3222492318	0.3234704997	-0.1508224216	0.1858165687	-0.1508224216	-0.2067223982	-0.2428217591	-0.2072831968	-0.3231052858	-0.1254596071	-0.4827990998	-0.07690434636	-0.08034555005	-0.06657377884	-0.06657377884	-0.07690434636	-0.1508224216	-0.2072831968	-0.2951052353	-0.4974183218	-0.4960842946	-0.1127159498	-0.06756066595	-0.2072831968	-0.2871084762	-0.2919418745	-0.06362607609	-0.1644157222	-0.07544775463	0.5033123124	-0.1440258198	-0.191434478	-0.5765946765	0.1806220974	-0.06770465917	0.1806220974	-0.5142442608	-0.5085744391	-0.09468552162	-0.09837905989	0.1297235001	-0.08549748568	-0.04798871024	-0.07452913601	0.06134100387	-0.1025021983	-0.1093521426	-0.05924215951	0.00957719962	-0.1043709258	-0.08997034076	-0.06468629434	0.1410063343	-0.177818806	0.07672322204	-0.04025235643	-0.1768601635	0.07672322204	-0.008305954554	0.06086384314	-0.08959049267	-0.06276334432	0.08042092155	-0.1662241509	0.07059246103	0.3522404488	-0.1384520611	0.07357276802	-0.05808515755	-0.00562897531	-0.05460386898	-0.04660138557
chr11_2090456_T_G	0.03713655461	-0.03682781377	-0.0458057279	0.03721313105	0.05346765954	-0.04934488411	-0.03702084359	-0.04832092762	-0.04934488411	-0.04934488411	-0.02121635221	0.0343180346	0.01146189482	0.06907560533	-0.01167576717	0.008563349071	0.05557445707	0.02892674992	0.02892674992	0.06384014327	0.02860405163	-0.0006906855389	-0.000902739914	0.3420865181	0.2947879772	0.6664535963	0.1227993167	-0.4750331597	-0.4759684371	-0.4760477602	0.2101084632	-0.2925300761	0.645485965	0.1828604624	-0.2794701127	0.4875640647	0.4928786763	0.2101084632	0.2101084632	0.009025575358	0.1664818421	0.1828604624	0.7280527535	0.6937612317	0.2135484957	-0.3078220222	0.3485081212	0.3236012518	0.3236012518	0.3479455742	0.7443612827	-0.5049492668	0.4355400387	0.1828604624	0.1743361429	0.4298472823	0.1828604624	-0.2778873354	0.2135484957	0.4003147601	-0.1600582676	0.4105867773	0.7082972723	0.2454930369	0.2066481662	-0.2835873051	0.4668270673	0.5844180855	-0.3018695676	-0.3007849827	-0.3007849827	0.2452933378	0.2454930369	-0.1788917456	0.3403923221	0.2486704638	0.7674369035	0.4338720127	-0.3928137725	-0.515274823	-0.3594417782	-0.515274823	-0.3035059974	0.1636353584	0.2588319689	-0.5139689268	0.2588319689	0.3641848755	-0.308942718	1	0.225739012	0.7622326721	-0.5054131238	0.7633144753	0.3126383154	0.8687655254	-0.5069732724	0.936689832	0.4338720127	-0.2890092957	0.9656335107	0.4338720127	0.9674728973	0.3670885623	0.3211569371	0.6954549941	-0.310537699	0.6749958622	-0.360445389	-0.3078220222	0.3815050873	0.4289171558	-0.3300104778	-0.3078220222	0.7410372136	0.9042403378	0.7296473333	0.1343931369	0.9023694884	0.1343931369	-0.3300054628	0.3751190192	-0.2917090193	0.8920784985	0.7131118467	0.8936522668	-0.3247752315	-0.2750770244	0.3305348381	-0.3137931491	-0.6344762149	-0.6235502609	0.3957786351	0.1081635261	0.3957786351	-0.2590790963	-0.06193189644	-0.2560012481	0.1592565222	0.4987647988	0.2367236062	0.07830209713	0.07023783552	0.3897768616	0.3897768616	0.07830209713	0.4070539423	-0.2560012481	0.4167294736	0.2312808319	0.2295837007	-0.3159248139	0.07023783552	-0.2560012481	0.0723253397	0.3141209665	0.3812698526	0.5853390536	0.09736254337	-0.4201307467	0.5793146072	-0.3040481428	0.2081899647	0.07530743879	0.1884263328	0.07530743879	0.2083102734	0.2065488834	0.266191083	0.2977564167	0.1758120085	0.2322458553	-0.05508077003	0.3798310999	-0.1097237039	-0.09763951388	-0.1795823505	0.06788116802	-0.1162054217	-0.124741117	-0.02542171293	-0.07758559007	-0.09024069724	-0.03581464296	-0.01888893091	-0.08645976144	-0.03701517448	-0.01888893091	0.07825404495	0.0578215756	0.2717835249	-0.004973166193	-0.03517471002	-0.03347129956	-0.03495597215	-0.0192430197	0.04153886659	0.04733101763	0.04712358831	0.04823364433	0.3351714182	0.2322403364
chr11_2090748_T_C	0.09327464957	-0.1077313424	-0.02910516324	-0.1064198369	-0.1265942784	-0.02184163149	-0.002753217745	-0.02245670938	-0.02184163149	-0.02184163149	-0.05631870227	-0.1070807147	0.03626438701	-0.008407706552	-0.05726350505	-0.110396417	-0.09489536377	-0.07111938489	-0.07111938489	0.1149555251	-0.07264166436	0.05398090575	0.06962291428	0.02075334286	-0.006024902657	0.2654092649	-0.0839091943	-0.1601073354	-0.1602298579	-0.16105969	-0.005684276293	-0.03196776966	0.2694267137	0.003037807039	-0.03797127985	-0.07995049585	-0.08064890296	-0.005684276293	-0.005684276293	0.03442097614	-0.02603072819	0.003037807039	0.2979273747	0.2814392988	-0.004564641186	-0.03808066002	-0.06773657131	-0.06418594192	-0.06418594192	-0.06820500767	0.2775179539	-0.1762361401	-0.0539767327	0.003037807039	0.004092573364	-0.05483480036	0.003037807039	-0.04323824955	-0.004564641186	-0.08523223323	0.07339572957	-0.08811897765	0.2703974141	-0.01989123147	-0.006812917773	-0.04346486002	0.4659740366	0.1580513942	-0.03787533846	-0.03734590087	-0.03734590087	-0.02241634497	-0.01989123147	0.06300929882	0.2027681926	-0.02114751339	0.2826108603	-0.05367987748	-0.04185710001	-0.1753982371	-0.03952381558	-0.1753982371	-0.03808066002	0.01030251513	0.002122243317	-0.191023345	0.002122243317	0.05574220874	-0.03954757537	0.225739012	1	0.2896886382	-0.183165916	0.2989290865	-0.06560547382	0.2462346645	-0.1816999727	0.2074371446	-0.05367987748	-0.04490544897	0.2049930088	-0.05367987748	0.2071789942	-0.07464091449	0.1264607573	0.1254446293	-0.1192782084	0.1293053013	-0.00930063113	-0.1186104653	-0.0593943864	-0.07964102298	-0.03920721773	-0.1186104653	0.2944544724	0.1954098822	0.2843346572	-0.02261676735	0.201428773	-0.02261676735	-0.1259542569	-0.07731906042	-0.09577027134	0.2017993299	0.2808133326	0.2013160723	-0.1259563672	-0.09896229441	-0.06509719874	-0.01288091214	-0.2142808322	-0.2039882908	0.4870711848	-0.01829634792	0.4870711848	-0.09282127082	-0.1242347101	-0.09298246076	0.1940921502	-0.1082731075	0.01497910793	-0.007232810706	-0.008938535814	-0.07292579274	-0.07292579274	-0.007232810706	0.4870711848	-0.09298246076	0.08509012983	0.01195416541	0.01137196932	-0.1404412323	-0.008938535814	-0.09298246076	0.230165046	0.1676657879	-0.07338238258	0.2596666534	-0.02343385362	-0.1398054953	0.2842692591	-0.1295065831	0.04081583052	-0.02021699701	-0.01938888516	-0.02021699701	0.01963750747	0.01907391511	-0.08282073816	-0.07803272652	0.09763144283	-0.0895230965	-0.04442731202	-0.07069778475	0.0633221454	-0.1731590507	-0.09175780991	0.3631676493	-0.09921683781	0.2205503735	0.2095042193	0.1154154543	0.1417817543	0.1889401995	0.0761034547	-0.04538574101	0.1901704782	0.0761034547	-0.05245388588	-0.06929090529	-0.07556245945	0.04081569356	-0.07401240426	0.1938375013	0.03963362661	0.02449894352	0.2045459937	-0.06155820601	-0.06987523135	-0.05756158683	-0.08581524825	-0.09408009161
chr11_2091639_C_T	0.01751632197	-0.06274444051	-0.06996921281	0.05075255677	0.06116766837	-0.07509713528	-0.09875886608	-0.07320619464	-0.07509713528	-0.07509713528	0.05464637118	0.04857009597	-0.0550992728	0.04218039394	0.05063052728	0.04933504314	0.05981422574	0.03431541625	0.03431541625	0.07551504018	0.03266089854	-0.01879206344	-0.01673586463	0.3997357068	0.2787808729	0.8652738811	-0.2253727946	-0.3770068625	-0.377638255	-0.38027535	0.1779425738	-0.2436431109	0.8593553347	0.1844139586	-0.2552014088	0.6160886446	0.6178172451	0.1779425738	0.1779425738	0.2499889924	0.05828496338	0.1844139586	0.9127706969	0.8874665551	0.1804349253	-0.2530120697	-0.1332983359	-0.1877847239	-0.1877847239	-0.2060803153	0.9524605122	-0.4061822966	0.529605846	0.1844139586	0.1803230935	0.5246005345	0.1844139586	-0.2464954428	0.1804349253	-0.2186744039	0.317493786	-0.2159466761	0.9425145564	0.1539523628	0.168657268	-0.2524016985	0.6131102727	0.4658821761	-0.246980029	-0.2463012263	-0.2463012263	0.1557645946	0.1539523628	0.3005822293	0.5790615075	0.1584196956	0.9861257172	0.5337727161	-0.310182282	-0.4073118551	-0.297797515	-0.4073118551	-0.2483189035	0.1065326614	0.1644540554	-0.4022992806	0.1644540554	0.190743599	-0.2523509415	0.7622326721	0.2896886382	1	-0.4025917855	0.9979772401	-0.1430322454	0.8696810355	-0.4022992806	0.7522491399	0.5337727161	-0.2563990129	0.7493668356	0.5337727161	0.7522031708	-0.2116962386	0.5779739587	0.5285575408	-0.2456461466	0.5366840619	-0.280617708	-0.2436257373	0.2704650178	-0.2156558851	-0.2664042169	-0.2436257373	0.9636306381	0.6983562771	0.9512454911	-0.1076226801	0.7041654928	-0.1076226801	-0.2617647352	-0.2214067633	-0.2163394253	0.6852847731	0.9272330876	0.6876212147	-0.2518369506	-0.2003013472	0.4130828301	-0.2803874739	-0.4592683497	-0.4456355452	0.4899031341	-0.02500668636	0.4899031341	-0.1864869413	-0.2814558037	-0.182749337	0.03602100177	0.3110997448	0.1647275648	-0.06837316769	-0.07267867456	0.5365577515	0.5365577515	-0.06837316769	0.446991166	-0.182749337	0.2924952947	0.17099344	0.1697178428	-0.2501677132	-0.07267867456	-0.182749337	0.1063432795	0.4942361275	0.5276215863	0.6747963356	-0.09899819474	-0.4239119717	0.7553287242	-0.2456256626	0.1556216915	-0.05081283931	-0.05777086722	-0.05081283931	0.1597591612	0.1584542723	0.3372320167	0.3713303014	0.1222826443	0.3036759863	-0.07203220331	0.4524279925	-0.2021358788	-0.08349372126	-0.262015214	-0.01312140021	-0.1905302142	-0.03784964251	-0.03287381007	-0.08321486571	-0.05418102325	-0.02954189794	-0.02303892898	-0.06609886962	-0.02784619042	-0.02303892898	0.04634924234	0.0263687541	0.347761736	0.01491527315	-0.08518848583	-0.0166112181	-0.02691689981	0.003279046142	0.02285937221	0.02993383304	0.04692560843	0.04122410442	0.2176200765	0.2451904666
chr11_2092983_G_C	-0.02902921559	0.01347071525	0.0947779666	-0.1471330523	-0.1856805503	0.09457269651	0.09723605829	0.09576472099	0.09457269651	0.09457269651	0.001339738204	-0.145633571	0.07578123252	0.05391118829	-0.003607260679	-0.1522996923	-0.1330798681	-0.07013628434	-0.07013628434	-0.02906084872	-0.06994873728	0.08108426691	0.07434673301	-0.1769551739	0.4504462805	-0.3472474661	-0.2654695617	0.9239496515	0.9258288283	0.9221557228	0.1416547241	-0.3425983212	-0.3502630968	0.1521710611	-0.3508351007	-0.2468200455	-0.2496207045	0.1416547241	0.1416547241	0.1906544078	-0.05603459712	0.1521710611	-0.3986694238	-0.4037744167	0.1390377138	-0.3521501827	-0.1306583745	-0.124891631	-0.124891631	-0.1410830822	-0.420639607	0.9804694793	-0.2235825617	0.1521710611	0.1557638238	-0.2207757873	0.1521710611	-0.367667475	0.1390377138	-0.1793409063	0.2490169675	-0.1883925363	-0.4190367095	0.1284826121	0.1379259605	-0.36959441	-0.2849223887	-0.8456747906	-0.3590251837	-0.3582998296	-0.3582998296	0.1206047737	0.1284826121	0.2444221366	-0.7213881989	0.1245594141	-0.4093734057	-0.2226375181	-0.4320922257	0.9875208044	-0.4399310336	0.9875208044	-0.3565608179	0.07210823695	0.1307595304	0.9892880627	0.1307595304	0.5142987018	-0.3619077311	-0.5054131238	-0.183165916	-0.4025917855	1	-0.4051132977	-0.141833578	-0.4548694877	0.9964370668	-0.4951312016	-0.2226375181	-0.3662278129	-0.5014446415	-0.2226375181	-0.5022132314	-0.1593351559	0.264200515	-0.04027319467	0.6191219298	-0.03021195127	-0.4246991502	0.6181895534	-0.1839212847	-0.2013669457	-0.3682997198	0.6181895534	-0.3968835746	-0.5031802086	-0.4007634262	-0.1084873221	-0.4972582063	-0.1084873221	0.6045727344	-0.2098996701	0.5500398671	-0.4894979464	-0.3881365933	-0.4921115065	0.5893054987	0.5627331042	-0.165527489	-0.4021830623	0.4846584968	0.4680973116	-0.2122766706	0.2293123999	-0.2122766706	0.5365591236	0.4061610417	0.5344667202	0.2464504148	-0.2691509103	0.4553254861	-0.09364447617	-0.07858425756	-0.2455570805	-0.2455570805	-0.09364447617	-0.2295603757	0.5344667202	0.01657832296	0.4514674525	0.4540026138	0.5239617856	-0.09936609162	0.5344667202	0.2551473338	0.1024188893	-0.2479664703	-0.3797683431	-0.101940869	0.1660766705	-0.3543065489	0.5619758439	0.42664831	0.218904088	-0.07659363461	0.218904088	0.4462057403	0.445211082	-0.1155268313	-0.1556394624	-0.1956042565	-0.08234845598	0.1426194521	-0.2346822265	0.1413278397	0.2074727075	0.3745057412	-0.07779727072	0.08794449471	0.2379555282	0.170922812	0.1511986298	0.03281999265	0.1363884008	0.09463358764	0.1703312025	0.1356689445	0.09463358764	-0.04797626288	-0.07597529779	-0.1508832177	0.09221204812	-0.01682683494	0.1429313831	0.091776828	-0.2431263795	0.04855268525	-0.07266301517	0.007443180768	-0.02290920379	-0.1903706456	-0.1599061969
chr11_2092999_C_G	0.02382807639	-0.06428871073	-0.07249362254	0.04914255755	0.05932714694	-0.07395336526	-0.1009371012	-0.07206746305	-0.07395336526	-0.07395336526	0.05376167496	0.04695465224	-0.05692767949	0.0426769472	0.0497395755	0.04787308379	0.0577439187	0.03141248185	0.03141248185	0.07756925368	0.02975216131	-0.01579162722	-0.01375201465	0.4034285897	0.2732717145	0.863202949	-0.2270596378	-0.3794147019	-0.3800441336	-0.3826861316	0.1721937736	-0.2404159616	0.8572066014	0.1789127641	-0.2520539432	0.6147145004	0.6164372796	0.1721937736	0.1721937736	0.2457187043	0.05775821093	0.1789127641	0.9107285053	0.8853633454	0.1747183447	-0.2499258821	-0.1343171024	-0.1886634585	-0.1886634585	-0.2069929167	0.9503516633	-0.408721955	0.5286074748	0.1789127641	0.1748516129	0.5235963529	0.1789127641	-0.2435325361	0.1747183447	-0.2197147987	0.3143670627	-0.2170080157	0.9403736974	0.1477784386	0.1628765135	-0.2494227826	0.6117764208	0.4652146481	-0.2439109677	-0.2432060881	-0.2432060881	0.1495114878	0.1477784386	0.2972371543	0.57900637	0.1522061173	0.9840783505	0.5327702788	-0.308116476	-0.4098457948	-0.2957312423	-0.4098457948	-0.2452332049	0.1070990005	0.1654081701	-0.4048061714	0.1654081701	0.1896447043	-0.2492839934	0.7633144753	0.2989290865	0.9979772401	-0.4051132977	1	-0.1438083669	0.8712594739	-0.4048061714	0.753412431	0.5327702788	-0.2534379066	0.750505722	0.5327702788	0.7533608847	-0.2126550884	0.5782715832	0.5284540864	-0.2472591562	0.5366119663	-0.2783796616	-0.2452332049	0.2695550367	-0.216768188	-0.2635282128	-0.2452332049	0.965790924	0.6995019088	0.9534070675	-0.1082725809	0.7052818462	-0.1082725809	-0.263430693	-0.2225960992	-0.217946668	0.6864153796	0.9293691686	0.6887467087	-0.2535071396	-0.201844663	0.4122433065	-0.2780623483	-0.4601846244	-0.44646641	0.4947854758	-0.02357527611	0.4947854758	-0.187980563	-0.2833312244	-0.1842405221	0.03730194741	0.3093591248	0.1634792618	-0.06894254274	-0.07325648448	0.5352204093	0.5352204093	-0.06894254274	0.451877979	-0.1842405221	0.2924487434	0.1696265224	0.1683412271	-0.2518577776	-0.07325648448	-0.1842405221	0.1080245819	0.4950722631	0.5262913373	0.6767653032	-0.09964160031	-0.4230331687	0.7576903728	-0.2472303477	0.1542469559	-0.04942371295	-0.05824538709	-0.04942371295	0.1582713545	0.1569560575	0.3364290772	0.3705681968	0.1247086086	0.3028144082	-0.07352642138	0.4510374096	-0.2009843195	-0.08537410773	-0.2637315486	-0.00928590361	-0.1916792383	-0.03532094762	-0.03110026464	-0.08422300518	-0.05228546472	-0.02795862409	-0.02215718325	-0.06758821541	-0.02625224383	-0.02215718325	0.04478022614	0.02460330104	0.3470249883	0.01453647486	-0.08673543439	-0.01489900955	-0.02602808174	0.006767006493	0.02513320512	0.02822038749	0.04556828898	0.03969504989	0.2160169643	0.2435580583
chr11_2093065_C_T	0.01606392694	-0.00722389466	0.01723993714	0.008905315595	0.018845453	0.01505895682	0.04257470746	0.01434950663	0.01505895682	0.01505895682	-0.05108663639	0.008014329324	0.02708955917	0.01407855395	-0.03681323473	-0.0555045441	-0.0124233222	-0.01903632012	-0.01903632012	0.01290592684	-0.02109769647	0.02794753599	0.02586821346	0.02278950143	0.02649203745	-0.1237196312	0.3495020149	-0.1399505885	-0.1402596708	-0.1413874128	0.09161194428	-0.07384700739	-0.1585797078	0.09914591141	-0.08077345681	-0.06968651014	-0.06063675079	0.09161194428	0.09161194428	0.05024571303	0.2500828858	0.09914591141	-0.0851503486	-0.09651306891	0.09256852148	-0.08029339431	0.4559991608	0.4271971495	0.4271971495	0.5912882253	-0.1180689631	-0.1525042937	-0.05725659654	0.09914591141	0.1000697721	-0.05831012931	0.09914591141	-0.08570340572	0.09256852148	0.685710657	-0.512325463	0.722953895	-0.1623176369	0.1079523464	0.1041099737	-0.0861525749	-0.08959051171	0.1932472002	-0.07986047205	-0.07944313498	-0.07944313498	0.1061570234	0.1079523464	-0.486064288	-0.2040486632	0.107056676	-0.1153900495	-0.05679577674	-0.1199855243	-0.151368364	-0.1327602902	-0.151368364	-0.08029339431	0.07452646374	0.09764128676	-0.1477258054	0.09764128676	0.1982752284	-0.0819918664	0.3126383154	-0.06560547382	-0.1430322454	-0.141833578	-0.1438083669	1	0.3456251597	-0.1477258054	0.3314074552	-0.05679577674	-0.08782667421	0.3287329248	-0.05679577674	0.3240117287	0.5549758864	-0.1957648615	0.2477463613	-0.1090732707	0.2455785203	-0.1242936816	-0.1082466599	0.3635954707	0.6963613513	-0.09402032811	-0.1082466599	-0.126245018	0.305317829	-0.126245018	0.5062868989	0.2941583818	0.5062868989	-0.1083366096	0.6120884618	-0.08996615982	0.3012113695	-0.1246815445	0.3006679042	-0.1173217183	-0.09828989257	-0.03535393358	-0.08351317544	-0.2360868939	-0.2387043652	-0.02051206978	0.1544821529	-0.02051206978	-0.08126012653	0.03376481226	-0.08165029321	0.03091680458	0.06087950681	-0.009280207879	0.2816620907	0.2756722128	-0.08076498299	-0.08076498299	0.2816620907	-0.008341084029	-0.08165029321	0.05418319451	-0.01656068167	-0.01735101208	-0.1038957982	0.2756722128	-0.08165029321	0.02561128372	-0.1184387381	-0.08142275049	0.03010744018	0.2588261632	0.03612353745	-0.06836607447	-0.08840900676	-0.02358851842	0.1469236319	0.3321657765	0.1469236319	-0.03023482483	-0.03108204231	-0.04697163386	-0.03858956253	-0.02021370963	-0.04823495072	-0.05099335113	-0.06318710163	0.03907590059	-0.03719701877	0.01767797056	-0.1175927015	0.05586658591	-0.09359962447	-0.117396902	-0.08018522737	-0.08289952732	-0.1180065357	-0.0687381716	-0.03337656896	-0.1176507009	-0.0687381716	0.08063788839	0.07503501821	-0.03412042907	-0.01568019744	0.1221182942	-0.1269444411	-0.06687486208	0.03757472822	-0.1045543424	0.06890624687	0.04091708516	0.08222428043	-0.03254813304	-0.01482922741
chr11_2093603_C_A	0.03729922761	-0.06802377207	-0.06164637243	0.05717491927	0.07251306878	-0.06401727626	-0.07823284003	-0.06254107771	-0.06401727626	-0.06401727626	0.03004036243	0.05468597641	-0.03818240111	0.04547942842	0.03308074156	0.02451552669	0.05688653111	0.03182441567	0.03182441567	0.06840002717	0.02927773017	-0.01305475673	-0.01204744917	0.3952026244	0.2791184756	0.7515322738	-0.04208588609	-0.4300643569	-0.4307844944	-0.4337924919	0.204000964	-0.2582070165	0.7296541342	0.2138241843	-0.2724340585	0.5378271947	0.543856767	0.204000964	0.204000964	0.2529856369	0.1769049952	0.2138241843	0.8147894276	0.7857901006	0.2068399205	-0.2702594367	0.09471064564	0.0286396126	0.0286396126	0.09001177782	0.837118393	-0.4633089687	0.4794645268	0.2138241843	0.2103770856	0.4742119405	0.2138241843	-0.2666908671	0.2068399205	0.1236696763	0.04736360653	0.1441854725	0.8066596708	0.1888775276	0.2011462799	-0.2724818471	0.539304264	0.534637432	-0.2643580847	-0.2634751398	-0.2634751398	0.1897158732	0.1888775276	0.04389170492	0.4501755657	0.192688472	0.8699674187	0.4836630797	-0.343057483	-0.4638804295	-0.3375253657	-0.4638804295	-0.2657911653	0.1355168752	0.2006223294	-0.4574450903	0.2006223294	0.2797671416	-0.2704188967	0.8687655254	0.2462346645	0.8696810355	-0.4548694877	0.8712594739	0.3456251597	1	-0.4574450903	0.8822845604	0.4836630797	-0.277063861	0.8783605409	0.4836630797	0.8787602625	0.06738539401	0.458790143	0.6120227062	-0.2859641368	0.6185981942	-0.333084406	-0.2836642506	0.4343832601	0.1318555329	-0.2894988881	-0.2836642506	0.8465254725	0.8184748214	0.8504560242	0.1422097824	0.8045366193	0.1422097824	-0.3007401595	0.08618945631	-0.2533408197	0.8039640337	0.8282779833	0.8059479179	-0.2956143534	-0.2424010893	0.3786094665	-0.3135579814	-0.5584287768	-0.5468625288	0.4600078575	0.0461911415	0.4600078575	-0.2213091772	-0.254222892	-0.2178855177	0.04904473431	0.3134011423	0.1415510135	0.0716193403	0.06467311933	0.4554863336	0.4554863336	0.0716193403	0.4249887362	-0.2178855177	0.297763637	0.1443199633	0.1427108702	-0.287437969	0.06467311933	-0.2178855177	0.1123932275	0.400745352	0.4469937607	0.6472185185	0.03173161386	-0.3783594072	0.6752932178	-0.2760947601	0.1261794217	0.01812543548	0.1056581962	0.01812543548	0.1272254162	0.1255599826	0.3007402747	0.3370973556	0.1069023508	0.2683639131	-0.09787634254	0.404284412	-0.1769403029	-0.09193408118	-0.2401583375	-0.06025637713	-0.1512706581	-0.07606429466	-0.08183539976	-0.1252663321	-0.09673724781	-0.07845803525	-0.05740975591	-0.08367454102	-0.07666899579	-0.05740975591	0.08726575855	0.04905482298	0.3167359154	0.007758810224	-0.03631902296	-0.07070234338	-0.06022740543	0.02531032321	-0.0189584252	0.04906627256	0.06816175073	0.08303433325	0.196098123	0.2309198193
chr11_2093897_G_A	-0.02558870101	0.01180518875	0.09249446749	-0.1439397231	-0.1859067929	0.09232395081	0.09407832217	0.09352360257	0.09232395081	0.09232395081	0.002988411307	-0.1424314324	0.07523422896	0.05290452522	-0.001939988236	-0.1493776904	-0.1334884783	-0.07146037043	-0.07146037043	-0.02541402771	-0.07123693815	0.0820120202	0.0753128652	-0.1743104626	0.4565688485	-0.3504404313	-0.2662120989	0.9274105962	0.92928391	0.9256250319	0.1395632067	-0.3436740092	-0.3495869712	0.1499742979	-0.3517813859	-0.2487563097	-0.2515360561	0.1395632067	0.1395632067	0.1879174815	-0.05498828445	0.1499742979	-0.4020057291	-0.4068432407	0.1369377689	-0.3530577267	-0.1285592832	-0.1230518636	-0.1230518636	-0.1391562874	-0.4237730559	0.9841142819	-0.2215374471	0.1499742979	0.153551224	-0.2187222278	0.1499742979	-0.3684223327	0.1369377689	-0.1771247825	0.2500658399	-0.1916390919	-0.4183721323	0.1265494239	0.1358506848	-0.3703532239	-0.28720778	-0.8500973526	-0.3599170708	-0.3592142832	-0.3592142832	0.1187054573	0.1265494239	0.2411437361	-0.7269654193	0.1226431222	-0.4127617754	-0.220586744	-0.4353799819	0.9911464406	-0.4432124722	0.9911464406	-0.3574629509	0.07093563839	0.1287756031	0.9928597662	0.1287756031	0.5156936082	-0.3627745033	-0.5069732724	-0.1816999727	-0.4022992806	0.9964370668	-0.4048061714	-0.1477258054	-0.4574450903	1	-0.4968550035	-0.220586744	-0.3669628249	-0.5031143148	-0.220586744	-0.5039178651	-0.15729804	0.2665689066	-0.04013295477	0.6214388547	-0.03014452007	-0.4283251394	0.620496822	-0.182040082	-0.2044478221	-0.3689161051	0.620496822	-0.3967660139	-0.5048504376	-0.4006411056	-0.1164363666	-0.4988818673	-0.1164363666	0.6070100714	-0.2124836425	0.5524249813	-0.4911541941	-0.3880251893	-0.4937554062	0.5917675672	0.5649794868	-0.1638290354	-0.4060002096	0.4858740604	0.4691701692	-0.2097702965	0.2263485153	-0.2097702965	0.5387416137	0.4092389062	0.5366464716	0.2508220047	-0.2697702795	0.4570783424	-0.1029685056	-0.08776697024	-0.247850851	-0.247850851	-0.1029685056	-0.227032798	0.5366464716	0.01658816328	0.4534465138	0.4559970226	0.5265410071	-0.1085233092	0.5366464716	0.255303211	0.1040691301	-0.250182982	-0.3831311685	-0.1096026855	0.1643059149	-0.3544263246	0.5643472426	0.4286755046	0.2160374082	-0.07559746223	0.2160374082	0.4484204224	0.4474467805	-0.1139435661	-0.1540903247	-0.1929046001	-0.08068923594	0.1452639559	-0.2366084927	0.1502557207	0.2107649184	0.3773199549	-0.08007457126	0.08488718721	0.2408557337	0.1744989814	0.1529221893	0.03715515466	0.1332542802	0.1072255429	0.1729314012	0.1325153368	0.1072255429	-0.04498066278	-0.07257263174	-0.1493829113	0.09280719414	-0.01388514795	0.143118264	0.1042807609	-0.2447324537	0.04814292576	-0.06936275358	0.009973221371	-0.02001838088	-0.1871698471	-0.1566931627
chr11_2094303_C_T	0.06667992777	0.01756212443	-0.01221561121	0.03576070235	0.04894934823	-0.01562343875	-0.01091659084	-0.01450465905	-0.01562343875	-0.01562343875	-0.003505306339	0.03293243778	0.03358585384	0.07523363074	0.006128492052	0.01290291034	0.04127803928	0.01668537214	0.01668537214	0.03941218471	0.01660439901	0.009165011775	0.009144304823	0.327066087	0.3410366092	0.6507571132	0.131429454	-0.4697381806	-0.4706343867	-0.4741382832	0.2365193345	-0.2837876276	0.6240591306	0.2498481334	-0.3009542358	0.4737373716	0.4791981717	0.2365193345	0.2365193345	0.01368330169	0.1623391583	0.2498481334	0.7040900912	0.6713425239	0.2397589215	-0.2986544451	0.3629499193	0.3424545007	0.3424545007	0.367340106	0.7253060582	-0.4943720652	0.4253804765	0.2498481334	0.2469623034	0.4198188969	0.2498481334	-0.3020855993	0.2397589215	0.4209808574	-0.1940082564	0.4314367971	0.6934030394	0.2421163662	0.2458029873	-0.3079370254	0.4600786279	0.6017802867	-0.2970441737	-0.2959975829	-0.2959975829	0.2354992034	0.2421163662	-0.1582113096	0.3454850349	0.2388182751	0.7506871903	0.429494258	-0.3437301197	-0.5048650096	-0.3822443181	-0.5048650096	-0.2986544451	0.1576409914	0.2292881164	-0.4968550035	0.2292881164	0.3553449214	-0.3039630474	0.936689832	0.2074371446	0.7522491399	-0.4951312016	0.753412431	0.3314074552	0.8822845604	-0.4968550035	1	0.429494258	-0.3131898908	0.9705130696	0.429494258	0.9651901538	0.3868962984	0.3386100665	0.6803518753	-0.2969720631	0.6922957129	-0.3696393272	-0.2943133656	0.3943242364	0.4127800543	-0.3197918942	-0.2943133656	0.7296079023	0.9051845465	0.7334265686	0.1247486179	0.8898523499	0.1247486179	-0.3158367561	0.346487844	-0.2522318178	0.8793989024	0.7130293709	0.8810383827	-0.3105635841	-0.2798001513	0.3420320703	-0.3510902263	-0.6230968845	-0.6131808561	0.4011215062	0.1101975378	0.4011215062	-0.2645209371	-0.08152889336	-0.2613126647	0.2040847432	0.4771450863	0.17971356	0.05458536525	0.04700421309	0.377881552	0.377881552	0.05458536525	0.3614288436	-0.2613126647	0.3669216897	0.2138925563	0.2121976443	-0.3139779746	0.04700421309	-0.2613126647	0.0308332627	0.278131498	0.3697587854	0.5380000909	0.01695962714	-0.4192642335	0.5692045401	-0.2949519665	0.1550381123	0.07878123227	0.0851099596	0.07878123227	0.1917952329	0.1900364688	0.2769698851	0.3081846486	0.1787160892	0.2435748396	-0.05952115975	0.3468497104	-0.1128956606	-0.06008648992	-0.1758102878	0.06496577875	-0.0572014897	-0.1284689825	-0.02934241265	-0.1167712636	-0.1173967687	-0.03409634977	-0.01542363737	-0.09523331936	-0.03536642859	-0.01542363737	0.04486997729	0.02131741946	0.2817855771	-0.0004653056358	-0.06091731188	-0.02606300408	-0.01766992488	-0.01095498269	0.04920248761	0.00913581759	0.0349801613	0.04443806226	0.3082028784	0.2101928107
chr11_2094347_C_T	-0.04888451402	-0.09737120257	-0.1333637412	0.304941201	0.2837941894	-0.1357512902	-0.1152315943	-0.1366993644	-0.1357512902	-0.1357512902	-0.04641616332	0.3036581965	-0.07404348111	-0.005451626462	-0.04796929919	0.3020810779	0.2126812423	0.1872611158	0.1872611158	-0.06381919496	0.1899452585	-0.1767723534	-0.1792414681	0.5115183572	0.1925376308	0.4693730188	-0.1159591743	-0.2026819389	-0.2029411944	-0.2041991761	0.1248570794	-0.1311092678	0.4782037555	0.1227711732	-0.1313266029	0.7254725033	0.7232413254	0.1248570794	0.1248570794	0.1515359088	-0.0004838263212	0.1227711732	0.5091445821	0.4966824983	0.1259428839	-0.1377840266	-0.08231197984	-0.08452719857	-0.08452719857	-0.09031937505	0.512436806	-0.2261863069	0.9948301807	0.1227711732	0.1132447781	0.989671777	0.1227711732	-0.128418835	0.1259428839	-0.08610397869	0.1701678993	-0.09104189102	0.5077944193	0.1114423948	0.1237667839	-0.1290918746	-0.1092420285	0.2714570195	-0.1294513354	-0.1291636814	-0.1291636814	0.1091281122	0.1114423948	0.1574272926	0.3137662335	0.1102883809	0.5291465392	1	-0.1656589581	-0.2249263981	-0.1548405593	-0.2249263981	-0.1301530888	0.0719636147	0.1159990789	-0.2267710693	0.1159990789	0.1938734507	-0.132130501	0.4338720127	-0.05367987748	0.5337727161	-0.2226375181	0.5327702788	-0.05679577674	0.4836630797	-0.220586744	0.429494258	1	-0.1310579913	0.42639152	1	0.4236213954	-0.08951276362	0.3466773275	0.2987629166	-0.1387666907	0.3046445334	-0.165089297	-0.1377840266	0.5864940079	-0.09020503683	-0.1381977664	-0.1377840266	0.5371921718	0.424682668	0.5371921718	-0.0213791046	0.4262206425	-0.0213791046	-0.1487648467	-0.08977877841	-0.1456033402	0.4249523247	0.5371688346	0.4243392853	-0.1334443263	-0.1336664249	0.6778429082	-0.1775958027	-0.08188562715	-0.08112464234	0.4232251106	-0.2122356775	0.4232251106	-0.1325808026	-0.1797601998	-0.1328139935	0.08799276312	-0.119880038	-0.03702774361	0.002067942285	-0.0005439502569	-0.05935519469	-0.05935519469	0.002067942285	0.4232251106	-0.1328139935	0.06662675048	-0.05479908902	-0.05585129914	-0.1095420165	-0.0005439502569	-0.1328139935	0.1603832115	0.1073088583	-0.0607832886	0.2294615781	-0.02291441915	-0.2287415316	0.2514201538	-0.1135071086	-0.05452346444	-0.2359152306	-0.00967011172	-0.2359152306	-0.05917667267	-0.06026471163	0.6639914712	0.7106849608	-0.07437015746	0.5468755857	-0.02144720892	0.3011547726	0.04826755429	0.1684227961	-0.1415762593	-0.08480874199	-0.1271078994	-0.09776505931	-0.1021526676	-0.07346661321	-0.1747188781	-0.1176642561	0.02391379761	-0.007986092299	-0.117161831	0.02391379761	0.08228139215	0.04833193529	0.6601133277	-0.004212362283	-0.1703444885	-0.113375409	0.01319155237	-0.1048065781	-0.09691598314	0.05453669868	0.1187842128	0.0875085208	0.4437828951	0.4426379789
chr11_2094579_G_A	-0.009752790013	-0.02547651404	-0.1208982264	0.2476367896	0.2359871793	-0.1210967926	-0.09512698045	-0.1226954544	-0.1210967926	-0.1210967926	-0.06132866974	0.2455842292	-0.1275870871	0.06430980182	-0.06419350059	0.3017321514	0.1639465859	0.1344208895	0.1344208895	-0.01733430136	0.1376996936	-0.1130413628	-0.1133906242	-0.169950626	-0.5501257163	-0.2606090003	0.0205013463	-0.3394203292	-0.3399371495	-0.337853889	0.1252217029	0.9231059192	-0.2638449029	0.07610791098	0.9604095907	-0.1924663325	-0.1942479119	0.1252217029	0.1252217029	0.1672452734	-0.01630482379	0.07610791098	-0.255013205	-0.2553949621	0.1275112995	0.9578793077	-0.1198470468	-0.1161958739	-0.1161958739	-0.126591734	-0.2472641088	-0.3596659252	-0.1318768805	0.07610791098	0.07853451995	-0.134065265	0.07610791098	0.9843637514	0.1275112995	-0.119409911	0.196994199	-0.1221870158	-0.2629143305	0.1207855656	0.1306267664	0.9947698529	-0.1398805491	0.3966337905	0.9633304444	0.9712973735	0.9712973735	0.1241421829	0.1207855656	0.1878017076	0.4547916276	0.1183957788	-0.2566698981	-0.1310579913	0.7740475498	-0.3573486512	0.8143283759	-0.3573486512	0.9738893097	0.08525938589	0.1222435455	-0.3669628249	0.1222435455	-0.605499166	0.9790863773	-0.2890092957	-0.04490544897	-0.2563990129	-0.3662278129	-0.2534379066	-0.08782667421	-0.277063861	-0.3669628249	-0.3131898908	-0.1310579913	1	-0.317616239	-0.1310579913	-0.3134829967	-0.1159157517	-0.448478498	-0.4496174264	-0.2446074445	-0.4380662524	0.8086163533	-0.2428708422	-0.132960244	-0.07828046395	0.9380973726	-0.2428708422	-0.2514474553	-0.2695639847	-0.2326696817	-0.0900842949	-0.272913922	-0.0900842949	-0.2254623667	-0.08911473601	-0.2061656649	-0.2701215795	-0.2297881988	-0.2676128036	-0.219612684	-0.2111766141	-0.1208200068	0.7861696386	0.2995989341	0.2974341046	-0.1592007159	0.1900163253	-0.1592007159	-0.2061704197	-0.2137283816	-0.2067682536	-0.3318032984	-0.09863208097	-0.4645581587	-0.06812601891	-0.07176426128	-0.0710680555	-0.0710680555	-0.06812601891	-0.1592007159	-0.2067682536	-0.2782670331	-0.4799445791	-0.4786568993	-0.1160952157	-0.05919172571	-0.2067682536	-0.2890292323	-0.2998687195	-0.0682172795	-0.1707524986	-0.06922187595	0.5148480047	-0.1535834537	-0.197711938	-0.5619950733	0.1841640799	-0.07095201182	0.1841640799	-0.4973179808	-0.4917682167	-0.1000982033	-0.1033265593	0.1284395892	-0.09162807138	-0.06085412671	-0.06256189525	0.06380882232	-0.1085193745	-0.1085048022	-0.06429892408	0.005015459884	-0.1133009241	-0.1025151474	-0.06450917461	0.1270611504	-0.1862185602	0.06605397214	-0.05319631667	-0.1852606018	0.06605397214	0.02075046869	0.0845866992	-0.09447561477	-0.06515300235	0.09756856683	-0.1782062785	0.0601814187	0.3387368675	-0.1487142986	0.09826372141	-0.04591857932	0.008144827775	-0.03862020188	-0.02893607335
chr11_2094599_G_A	0.06223706381	-0.01211831793	-0.02741761627	0.04524712133	0.0637016949	-0.03089121873	-0.02110252769	-0.02980471776	-0.03089121873	-0.03089121873	-0.01487891745	0.04237167055	0.03288243025	0.07778359703	-0.005204591475	0.01502945499	0.05819953611	0.03038109605	0.03038109605	0.04170119835	0.03017372694	-0.003215147638	-0.003309400097	0.3313793083	0.3130653362	0.6507747772	0.1281191738	-0.4753548082	-0.4762674116	-0.47627166	0.179322508	-0.2876376397	0.6235354802	0.1947668258	-0.3051022998	0.4644388762	0.4698967101	0.179322508	0.179322508	-0.02666587877	0.1604111072	0.1947668258	0.7045657252	0.6712844394	0.1828444269	-0.3027724546	0.3592491242	0.3393154628	0.3393154628	0.3641098404	0.7254975102	-0.5007971747	0.4222822336	0.1947668258	0.1921158352	0.4166745765	0.1947668258	-0.3064010393	0.1828444269	0.4173127244	-0.2045408694	0.427704214	0.6932925946	0.2406397838	0.2009361322	-0.3122879003	0.4704517205	0.5778071563	-0.3011399799	-0.3000773291	-0.3000773291	0.2405340281	0.2406397838	-0.1967931871	0.3242250873	0.2438930257	0.7513740701	0.42639152	-0.3695493218	-0.5112795614	-0.3852635231	-0.5112795614	-0.3027724546	0.1607932974	0.2280078111	-0.5031143148	0.2280078111	0.3582639627	-0.3081575049	0.9656335107	0.2049930088	0.7493668356	-0.5014446415	0.750505722	0.3287329248	0.8783605409	-0.5031143148	0.9705130696	0.42639152	-0.317616239	1	0.42639152	0.9947847958	0.3835074886	0.3412870951	0.6854674685	-0.2967647435	0.6645399263	-0.3761181154	-0.2940642224	0.3914175249	0.4087551512	-0.3286869183	-0.2940642224	0.7269664051	0.9031767976	0.7307965392	0.1312713664	0.8876696278	0.1312713664	-0.3160581343	0.352020465	-0.2778587827	0.8773772819	0.7103979355	0.8789931422	-0.3107320746	-0.2834964852	0.3314852504	-0.3257161348	-0.6190060496	-0.6087450642	0.4024637777	0.1124958973	0.4024637777	-0.2678947155	-0.07908204711	-0.2646930943	0.1896464875	0.4829785983	0.2164900621	0.06247397425	0.05468738878	0.3780143279	0.3780143279	0.06247397425	0.4138385957	-0.2646930943	0.4040961439	0.2293121146	0.2276303891	-0.3144284748	0.05468738878	-0.2646930943	0.06400540266	0.3069020327	0.3698108795	0.5753677754	0.0941646284	-0.4266882837	0.5742742128	-0.2990156455	0.1882018046	0.08050336925	0.1813762541	0.08050336925	0.2068597792	0.2051153929	0.2742396182	0.3057540498	0.1836099205	0.2404560231	-0.06221741359	0.3697478587	-0.1135367898	-0.07675489335	-0.1722752811	0.07340881498	-0.08821746125	-0.1210619391	-0.02121847171	-0.09116930864	-0.1011497242	-0.03036653693	-0.01139043944	-0.09807003785	-0.03160144663	-0.01139043944	0.07295292686	0.0464679845	0.2793819431	-0.002216839203	-0.03281284961	-0.02527025406	-0.01361253692	-0.01775980591	0.05215450503	0.03506608092	0.05278376514	0.05548143405	0.3178178476	0.2247934079
chr11_2094762_G_A	-0.04888451402	-0.09737120257	-0.1333637412	0.304941201	0.2837941894	-0.1357512902	-0.1152315943	-0.1366993644	-0.1357512902	-0.1357512902	-0.04641616332	0.3036581965	-0.07404348111	-0.005451626462	-0.04796929919	0.3020810779	0.2126812423	0.1872611158	0.1872611158	-0.06381919496	0.1899452585	-0.1767723534	-0.1792414681	0.5115183572	0.1925376308	0.4693730188	-0.1159591743	-0.2026819389	-0.2029411944	-0.2041991761	0.1248570794	-0.1311092678	0.4782037555	0.1227711732	-0.1313266029	0.7254725033	0.7232413254	0.1248570794	0.1248570794	0.1515359088	-0.0004838263212	0.1227711732	0.5091445821	0.4966824983	0.1259428839	-0.1377840266	-0.08231197984	-0.08452719857	-0.08452719857	-0.09031937505	0.512436806	-0.2261863069	0.9948301807	0.1227711732	0.1132447781	0.989671777	0.1227711732	-0.128418835	0.1259428839	-0.08610397869	0.1701678993	-0.09104189102	0.5077944193	0.1114423948	0.1237667839	-0.1290918746	-0.1092420285	0.2714570195	-0.1294513354	-0.1291636814	-0.1291636814	0.1091281122	0.1114423948	0.1574272926	0.3137662335	0.1102883809	0.5291465392	1	-0.1656589581	-0.2249263981	-0.1548405593	-0.2249263981	-0.1301530888	0.0719636147	0.1159990789	-0.2267710693	0.1159990789	0.1938734507	-0.132130501	0.4338720127	-0.05367987748	0.5337727161	-0.2226375181	0.5327702788	-0.05679577674	0.4836630797	-0.220586744	0.429494258	1	-0.1310579913	0.42639152	1	0.4236213954	-0.08951276362	0.3466773275	0.2987629166	-0.1387666907	0.3046445334	-0.165089297	-0.1377840266	0.5864940079	-0.09020503683	-0.1381977664	-0.1377840266	0.5371921718	0.424682668	0.5371921718	-0.0213791046	0.4262206425	-0.0213791046	-0.1487648467	-0.08977877841	-0.1456033402	0.4249523247	0.5371688346	0.4243392853	-0.1334443263	-0.1336664249	0.6778429082	-0.1775958027	-0.08188562715	-0.08112464234	0.4232251106	-0.2122356775	0.4232251106	-0.1325808026	-0.1797601998	-0.1328139935	0.08799276312	-0.119880038	-0.03702774361	0.002067942285	-0.0005439502569	-0.05935519469	-0.05935519469	0.002067942285	0.4232251106	-0.1328139935	0.06662675048	-0.05479908902	-0.05585129914	-0.1095420165	-0.0005439502569	-0.1328139935	0.1603832115	0.1073088583	-0.0607832886	0.2294615781	-0.02291441915	-0.2287415316	0.2514201538	-0.1135071086	-0.05452346444	-0.2359152306	-0.00967011172	-0.2359152306	-0.05917667267	-0.06026471163	0.6639914712	0.7106849608	-0.07437015746	0.5468755857	-0.02144720892	0.3011547726	0.04826755429	0.1684227961	-0.1415762593	-0.08480874199	-0.1271078994	-0.09776505931	-0.1021526676	-0.07346661321	-0.1747188781	-0.1176642561	0.02391379761	-0.007986092299	-0.117161831	0.02391379761	0.08228139215	0.04833193529	0.6601133277	-0.004212362283	-0.1703444885	-0.113375409	0.01319155237	-0.1048065781	-0.09691598314	0.05453669868	0.1187842128	0.0875085208	0.4437828951	0.4426379789
chr11_2094852_T_C	0.05984425283	-0.007814591462	-0.02383033135	0.04137111487	0.06120447511	-0.02726842332	-0.01857385965	-0.02616220736	-0.02726842332	-0.02726842332	-0.01245294314	0.03851287206	0.03419254204	0.07651686571	-0.002743837485	0.01025534443	0.05964899681	0.02494500506	0.02494500506	0.04342963597	0.02480324786	0.001600290306	0.001550291475	0.3355384297	0.3074020623	0.6537529777	0.1288653297	-0.4764851282	-0.4773820059	-0.477353123	0.1767742724	-0.2836345546	0.6267355442	0.1921072678	-0.3009996077	0.4642158973	0.4697054	0.1767742724	0.1767742724	-0.0304276437	0.1507070019	0.1921072678	0.7074690323	0.6743797468	0.1802847951	-0.2987258132	0.3627288922	0.3361866382	0.3361866382	0.36115259	0.7286390984	-0.5014849682	0.4195821343	0.1921072678	0.189434873	0.4140048805	0.1921072678	-0.3023053439	0.1802847951	0.4153921777	-0.19625704	0.425983396	0.6964989242	0.238405176	0.1984413518	-0.3081778955	0.4747790441	0.5772207091	-0.297115157	-0.2960422076	-0.2960422076	0.2383351931	0.238405176	-0.1969912277	0.3247525496	0.2416818004	0.7543187579	0.4236213954	-0.372028163	-0.5120166048	-0.3802499649	-0.5120166048	-0.2987258132	0.1594520474	0.2256808851	-0.5039178651	0.2256808851	0.3515675079	-0.3040877726	0.9674728973	0.2071789942	0.7522031708	-0.5022132314	0.7533608847	0.3240117287	0.8787602625	-0.5039178651	0.9651901538	0.4236213954	-0.3134829967	0.9947847958	0.4236213954	1	0.3809756067	0.3408598178	0.6834457622	-0.3014076451	0.6623836681	-0.3711738837	-0.2987258132	0.3809874119	0.4071982685	-0.3244675813	-0.2987258132	0.7295513442	0.9047546574	0.7333878806	0.1241035132	0.8893001465	0.1241035132	-0.3204621612	0.3509224952	-0.2824477596	0.8789110998	0.7129382157	0.8805452253	-0.3151702544	-0.2796090788	0.3263680512	-0.3208094613	-0.6243207831	-0.6142262158	0.4007750116	0.1087001287	0.4007750116	-0.2641238013	-0.07775259065	-0.2609247079	0.182873757	0.4844334189	0.2167830711	0.05376920428	0.04613606218	0.3822191098	0.3822191098	0.05376920428	0.4121688433	-0.2609247079	0.4015248338	0.2229213912	0.2212322696	-0.3144031818	0.04613606218	-0.2609247079	0.06300370924	0.311756444	0.3739847677	0.5744057591	0.08722019903	-0.4263773741	0.5764043715	-0.2993626178	0.1887527981	0.07677951731	0.170718747	0.07677951731	0.2006328141	0.1988805656	0.268706268	0.2997356494	0.1771172033	0.2362820006	-0.0581342881	0.3694223674	-0.1168786393	-0.0870898072	-0.1717591152	0.07717448702	-0.1003842148	-0.1165237473	-0.01563165489	-0.08507315841	-0.09089852389	-0.02430944796	-0.01386128052	-0.09846018991	-0.02554256511	-0.01386128052	0.07302819105	0.0472954799	0.2730194716	-0.001168707771	-0.03297530658	-0.01946744404	-0.01610568487	-0.01371954592	0.05754812276	0.03565669383	0.05184027636	0.05532209073	0.3187436265	0.2253574628
chr11_2095273_C_T	-0.009703870804	0.06433891918	0.05750370327	-0.007887270498	-0.0003843774648	0.05474687887	0.09175864452	0.0538903268	0.05474687887	0.05474687887	-0.06676143029	-0.008978205864	0.1103656116	0.04020805504	-0.04376585478	-0.05363821382	-0.01071686105	-0.0115335374	-0.0115335374	-0.03267713447	-0.008426627141	0.02370082906	0.02112340066	-0.09650071149	0.1980708693	-0.1943639175	0.5702906536	-0.1499312253	-0.1503888343	-0.1518489758	0.1316941522	-0.0913415129	-0.2025102064	0.1405031506	-0.09993230798	-0.1232645733	-0.124294012	0.1316941522	0.1316941522	-0.3554691018	0.2059668242	0.1405031506	-0.1803269234	-0.1930015488	0.132809934	-0.09934099351	0.7939929315	0.8821227524	0.8821227524	0.9026210813	-0.2037666083	-0.1454418557	-0.0898129782	0.1405031506	0.141586616	-0.09105045886	0.1405031506	-0.1132564025	0.132809934	0.9325249352	-0.6365672929	0.9045765085	-0.2160619751	0.1402106022	0.1412096422	-0.1138499762	-0.1361358458	0.221925688	-0.1061288015	-0.1056556975	-0.1056556975	0.1380433563	0.1402106022	-0.6610586383	-0.3173249617	0.1391291827	-0.2166852202	-0.08951276362	-0.1503704102	-0.1618269992	-0.1589385037	-0.1618269992	-0.1067041239	0.07578034999	0.1335451124	-0.15729804	0.1335451124	0.250598529	-0.1087986583	0.3670885623	-0.07464091449	-0.2116962386	-0.1593351559	-0.2126550884	0.5549758864	0.06738539401	-0.15729804	0.3868962984	-0.08951276362	-0.1159157517	0.3835074886	-0.08951276362	0.3809756067	1	-0.2857548349	0.2654453795	-0.08568051985	0.2714083033	-0.1482389976	-0.08461473275	0.2132651495	0.8858380884	-0.1163695057	-0.08461473275	-0.2016896811	0.3822085302	-0.2016896811	0.3149488239	0.3775457442	0.3149488239	-0.08957362222	0.8238977357	-0.1218067032	0.3770679071	-0.199191868	0.3763960505	-0.09628918462	-0.1163885982	-0.06085395633	-0.1394759511	-0.3072376764	-0.3153868986	-0.05680483431	0.1813785886	-0.05680483431	-0.1145126111	0.3384973916	-0.1149054255	0.282594466	0.3727493367	0.1872089122	0.2066935164	0.2012052164	-0.1298581314	-0.1298581314	0.2066935164	-0.0471870076	-0.1149054255	0.264165409	0.1753919766	0.1750069517	-0.09595408317	0.2012052164	-0.1149054255	-0.05215959318	-0.2031685877	-0.1301637049	-0.06106465963	0.1816458699	-0.04747068446	-0.1344862062	-0.07551764366	0.1663019183	0.1714085446	0.2553543846	0.1714085446	0.16102109	0.1606092121	-0.04050390725	-0.04363524687	0.1667818157	-0.03977068032	0.07567501162	-0.08834228778	0.09651039076	-0.01497861159	0.1456443553	0.1538658707	0.09665821021	-0.1063789856	0.06940900999	0.03896197785	-0.01538803363	0.02807042294	-0.01526805011	0.005560322616	0.0231416285	-0.01526805011	0.00267948214	0.01321203811	-0.05280410291	-0.008207982236	0.03619781924	0.0348268736	-0.01334245693	-0.07057845975	0.08887172512	-0.01623156579	0.002465508667	0.01446972715	0.2076484683	-0.01805450615
chr11_2095733_C_A	-0.0379058634	-0.06417430031	-0.01196290331	-0.03863853039	-0.06554172181	-0.01097023123	-0.006929076063	-0.01391014915	-0.01097023123	-0.01097023123	-0.01119118948	-0.03820999501	0.01526435861	0.09468301486	-0.01734164134	-0.04145741916	-0.05131104148	-0.03416446238	-0.03416446238	0.0594147708	-0.03951173462	0.06331088931	0.06110810955	0.2622934742	0.5004511408	0.4475684214	-0.3719673489	0.3030094202	0.3057910295	0.3022787126	0.1971942497	-0.41671319	0.4408702572	0.2099358692	-0.4314549613	0.3421453526	0.3420854039	0.1971942497	0.1971942497	0.302080579	-0.03484228562	0.2099358692	0.5014268116	0.4839659768	0.2017822179	-0.4318845812	-0.2337531198	-0.283967415	-0.283967415	-0.2684839381	0.5195309889	0.2514069984	0.3423237919	0.2099358692	0.2086158196	0.3416406649	0.2099358692	-0.4354185717	0.2017822179	-0.2939374699	0.3988826798	-0.3003599333	0.5255114796	0.2024333422	0.216562439	-0.4417822453	0.343759928	-0.1261134499	-0.4336849301	-0.4326585883	-0.4326585883	0.1992410028	0.2024333422	0.3928855878	0.04530090278	0.2039970639	0.5612772575	0.3466773275	-0.5102543333	0.2546728072	-0.5143345996	0.2546728072	-0.4360359287	0.1444934581	0.1963949946	0.2665689066	0.1963949946	0.4683813818	-0.4427856014	0.3211569371	0.1264607573	0.5779739587	0.264200515	0.5782715832	-0.1957648615	0.458790143	0.2665689066	0.3386100665	0.3466773275	-0.448478498	0.3412870951	0.3466773275	0.3408598178	-0.2857548349	1	0.6409246906	-0.09513273388	0.6440856304	-0.5235161942	-0.09562544002	0.1481661131	-0.3092465962	-0.4606870128	-0.09562544002	0.5691452829	0.311478348	0.5691452829	-0.1371209977	0.3064073592	-0.1371209977	-0.1220733178	-0.305391453	0.4004525111	0.3040349768	0.5620967392	0.3045368957	-0.1067577452	0.4143944288	0.2192790184	-0.5138701454	-0.1161564444	-0.1132007077	0.2921696008	0.1121179841	0.2921696008	0.3973718342	0.2174622106	0.3993660886	0.3790659682	0.1114874681	0.4351686425	-0.105149289	-0.1027424872	0.3057403408	0.3057403408	-0.105149289	0.2921696008	0.3993660886	0.1043298272	0.4230711107	0.4213378456	-0.1456401704	-0.112522554	0.3993660886	0.4681576046	0.6910551603	0.2967835466	0.3786904602	-0.1147367311	-0.453845391	0.4571577872	-0.1264152834	0.4004572086	0.07916006531	-0.0890243269	0.07916006531	0.4076467372	0.4058998398	0.2538329545	0.2537451609	-0.2053981768	0.2255276076	-0.205030352	0.2792964105	-0.1083134524	0.1728935072	0.1520118748	-0.08288332298	-0.04809384399	0.2749360044	0.2182261744	-0.02185870153	-0.06554298573	0.1946173553	0.05014430431	-0.1847450024	0.1949145489	0.05014430431	0.02000087072	-0.02394227114	0.2164535455	-0.02209270591	-0.08265146682	0.2166931459	0.04919656224	-0.1205025834	0.1333029108	-0.01305598134	0.0835349174	0.02901364352	0.03881236838	0.08564838166
chr11_2095799_A_G	-0.03213571663	-0.02502462827	-0.1040402263	-0.004715562744	-0.01811973696	-0.1072496823	-0.07403713806	-0.1073626396	-0.1072496823	-0.1072496823	-0.06891672066	-0.004766185877	-0.05817708188	0.1156554573	-0.06176110184	-0.03240522384	-0.007983128587	0.03474401532	0.03474401532	0.1036666051	0.03129742771	0.005010432315	0.001773479488	0.2720036935	0.4699353967	0.4231352655	-0.04148820684	0.004328389721	0.007636165767	0.004166275135	0.2330890208	-0.4387787842	0.3895725295	0.2096003121	-0.427693661	0.3408449864	0.3446691911	0.2330890208	0.2330890208	0.08879270854	0.09291696474	0.2096003121	0.4808892248	0.4469864268	0.2381607393	-0.4573986045	0.2417317181	0.2152675301	0.2152675301	0.266301263	0.4938509827	-0.04699276712	0.294439174	0.2096003121	0.2089361702	0.2932827435	0.2096003121	-0.4357369623	0.2381607393	0.2971608799	-0.08267860346	0.3004704087	0.4658257699	0.2816020138	0.233930095	-0.4420673812	0.2947958313	0.1776344033	-0.4590260599	-0.457722891	-0.457722891	0.2777627753	0.2816020138	-0.06483830618	0.003055326567	0.2828151806	0.5236799204	0.2987629166	-0.5446474133	-0.05367743745	-0.5471612592	-0.05367743745	-0.4615144323	0.1812414643	0.2769652995	-0.04013295477	0.2769652995	0.5716630057	-0.4690911464	0.6954549941	0.1254446293	0.5285575408	-0.04027319467	0.5284540864	0.2477463613	0.6120227062	-0.04013295477	0.6803518753	0.2987629166	-0.4496174264	0.6854674685	0.2987629166	0.6834457622	0.2654453795	0.6409246906	1	-0.4529664767	0.9750840551	-0.5471861997	-0.4491669489	0.2869908041	0.3174329929	-0.4932856458	-0.4491669489	0.517477185	0.6407653058	0.5029950978	0.0906010953	0.6435590063	0.0906010953	-0.4757939277	0.2677595836	0.4043466507	0.6224685142	0.4896144194	0.6227865688	-0.4622909426	0.3953109932	0.2394867659	-0.5001269572	-0.3955878742	-0.3883831934	0.3131263689	0.2139584688	0.3131263689	0.3825807221	0.4462880444	0.3841602661	0.5993600999	0.3321588484	0.4165480186	0.0249396009	0.01477195403	0.2515374592	0.2515374592	0.0249396009	0.3131263689	0.3841602661	0.108592339	0.4400730876	0.4380401014	-0.4490741343	0.01477195403	0.3841602661	0.5141558815	0.6566922936	0.2425010295	0.3959843121	0.05379409854	-0.6417409925	0.4068241314	-0.4356982831	0.361290195	0.1741764002	0.1238943059	0.1741764002	0.4148369791	0.41275716	0.2318533257	0.2281834688	-0.2043321755	0.1885104575	-0.1716778366	0.2549140402	-0.02253550202	0.03984771272	0.2044915754	0.01223028699	-0.1534080199	0.2274435852	0.2630553967	0.07894785947	0.02232152745	0.2572111947	0.04718839848	-0.1944287931	0.2547727855	0.04718839848	0.04172992862	0.02146000449	0.1768095941	-0.0175582345	-0.0290622639	0.2672557372	0.04701958436	-0.1156767111	0.2342399057	0.0144866971	0.0573069833	0.02196303063	0.1957637149	0.1128755608
chr11_2095814_GACA_G	0.1124328827	0.05769969001	0.2147586113	-0.1404771712	-0.1539907159	0.2142414245	0.1903449973	0.2171522136	0.2142414245	0.2142414245	0.06487603382	-0.142205907	0.1919976776	0.001271073147	0.06133983921	-0.1467235036	-0.118691125	-0.107617636	-0.107617636	-0.1036990326	-0.1032209024	0.09993947735	0.09562822202	-0.1711304539	0.3036211081	-0.1631717581	-0.1248760026	0.5180524934	0.5148689287	0.514853864	0.09335758422	-0.2351070578	-0.1533527335	0.1042234492	-0.2433359967	-0.1532672667	-0.1550640931	0.09335758422	0.09335758422	0.09176926052	0.003056164301	0.1042234492	-0.2346377081	-0.2389748568	0.08793056243	-0.2410274921	-0.03564740978	-0.03168091945	-0.03168091945	-0.08836952147	-0.2490141954	0.622164621	-0.1394211862	0.1042234492	0.1064953813	-0.1415272874	0.1042234492	-0.2505973645	0.08793056243	-0.1104508497	0.1558315098	-0.1198584102	-0.2508377071	0.08840977465	0.09883040295	-0.2519107384	-0.1600715968	-0.532890504	-0.2397279311	-0.239328304	-0.239328304	0.08343258677	0.08840977465	0.1575894631	-0.4560368288	0.08593096692	-0.2502591796	-0.1387666907	-0.2768610422	0.6266615031	-0.2931770113	0.6266615031	-0.2355962801	0.04394185356	0.08198643217	0.6214388547	0.08198643217	0.335975743	-0.23900158	-0.310537699	-0.1192782084	-0.2456461466	0.6191219298	-0.2472591562	-0.1090732707	-0.2859641368	0.6214388547	-0.2969720631	-0.1387666907	-0.2446074445	-0.2967647435	-0.1387666907	-0.3014076451	-0.08568051985	-0.09513273388	-0.4529664767	1	-0.4539078144	-0.2762785412	0.9972888399	-0.1345630983	-0.1351442214	-0.2409480276	0.9972888399	-0.2507847908	-0.3258688493	-0.2507847908	-0.1077833993	-0.3246505292	-0.1077833993	0.9657910946	-0.147471196	-0.182046501	-0.3172287008	-0.2429605201	-0.3189018504	0.9358153971	-0.1876461848	-0.1048360582	-0.2570154818	0.3323043939	0.3204463738	-0.1637490911	0.1494284597	-0.1637490911	-0.1774471016	-0.1689138964	-0.1781949685	-0.2331237741	-0.1440837049	0.2813113432	-0.07629959839	-0.05414277391	-0.1576290523	-0.1576290523	-0.07629959839	-0.1779377453	-0.1781949685	0.3851074981	0.290933995	0.2902845614	0.8224372198	-0.07973331631	-0.1781949685	-0.2848049093	-0.3568687468	-0.1591577528	-0.2699796459	-0.08586611663	0.5111018756	-0.2562030137	0.8660487433	0.278067245	0.1483919177	-0.03656797291	0.1483919177	0.2846243747	0.283986651	-0.1141286148	-0.1189075432	0.2701864068	-0.07602633733	0.3144638763	-0.166468492	0.09467692273	0.1115642563	-0.01142032778	-0.02207971512	0.2075402562	-0.1611665979	-0.1753596107	-0.01680367656	-0.1199494355	-0.2190703223	0.04921292605	0.3119647831	-0.2182508785	0.04921292605	-0.001013136597	-0.02521902881	-0.0779155542	0.1107837649	0.01031832173	-0.2168042046	0.04321557894	-0.1840953132	-0.2040817574	-0.02463198109	0.003239125433	0.01856356067	-0.1127733915	-0.07684802405
chr11_2095968_T_C	-0.05840486393	-0.01691349561	-0.09422827747	-0.004234850749	-0.02310211357	-0.09737371602	-0.06940279039	-0.09745104321	-0.09737371602	-0.09737371602	-0.05757446164	-0.004249819028	-0.05232095512	0.1133537586	-0.05040278684	-0.02481201399	-0.009614413112	0.02446032276	0.02446032276	0.1036074659	0.02112839192	0.01415094976	0.01098848551	0.2752107538	0.4900916652	0.427966144	-0.03659390247	0.01386929132	0.01718752067	0.01037517426	0.2818411639	-0.4273584475	0.3948102419	0.2564470918	-0.4160272177	0.3443649568	0.3482367069	0.2818411639	0.2818411639	0.1212692997	0.09594013895	0.2564470918	0.4855790671	0.4520446843	0.2866871121	-0.4460061732	0.2478975804	0.2206459367	0.2206459367	0.2720195316	0.4989640173	-0.03684037518	0.3002888243	0.2564470918	0.2555651772	0.2991623911	0.2564470918	-0.4242665364	0.2866871121	0.3036519095	-0.05407410975	0.3070802813	0.4710803123	0.2774440066	0.2829289705	-0.4305488168	0.2976678617	0.1938380748	-0.4477071702	-0.4463583215	-0.4463583215	0.2736614564	0.2774440066	-0.03460843894	0.01512975398	0.2786947328	0.5284266363	0.3046445334	-0.5353630734	-0.04358201776	-0.5380711481	-0.04358201776	-0.4501341831	0.1787301656	0.2726587825	-0.03014452007	0.2726587825	0.5595451626	-0.4576793117	0.6749958622	0.1293053013	0.5366840619	-0.03021195127	0.5366119663	0.2455785203	0.6185981942	-0.03014452007	0.6922957129	0.3046445334	-0.4380662524	0.6645399263	0.3046445334	0.6623836681	0.2714083033	0.6440856304	0.9750840551	-0.4539078144	1	-0.5382563337	-0.4501341831	0.2924944004	0.3243618975	-0.4817084943	-0.4501341831	0.5252330148	0.6493506112	0.5107080633	0.08562197095	0.652298744	0.08562197095	-0.4764020506	0.2653598033	0.4141454826	0.6341454628	0.5007969645	0.6344995669	-0.4669844017	0.4047368534	0.2443994485	-0.5212040121	-0.4048607443	-0.3979822326	0.3149749545	0.2070504818	0.3149749545	0.3874895296	0.4540190561	0.3890867032	0.6043134745	0.3421579175	0.3977655437	0.01819700017	0.008180254212	0.2590454023	0.2590454023	0.01819700017	0.2718384281	0.3890867032	0.08407493105	0.4185807016	0.4198367744	-0.4533680048	0.008180254212	0.3890867032	0.489660928	0.6442736724	0.2499497029	0.3757104256	-0.01861913447	-0.6385298068	0.4177911984	-0.4366985306	0.3460000724	0.1673880334	0.03365879371	0.1673880334	0.3968871455	0.3947701354	0.2365920379	0.2326770384	-0.2145107962	0.2064914363	-0.1642598384	0.2405672	-0.0285689935	0.0426134137	0.1950979185	0.00559619957	-0.1476927192	0.2259408076	0.2611531203	0.05870186291	0.01241259029	0.2529492367	0.04268686326	-0.1829444186	0.2504571074	0.04268686326	0.01673254005	-0.0007096977352	0.1810302351	-0.0009955517098	-0.05459812648	0.2657163191	0.04248235426	-0.1126673859	0.2339487383	-0.008523612892	0.04643240146	0.01302594698	0.1932926017	0.1054415063
chr11_2096564_C_G	-0.02167638835	-0.07181494425	-0.1020884908	0.1640275576	0.1952932355	-0.103565756	-0.05738649021	-0.1054494573	-0.103565756	-0.103565756	-0.09910097728	0.1616720939	-0.08499717948	0.05755067555	-0.1023731472	0.2131049907	0.1288537242	0.1198240022	0.1198240022	-0.01464084889	0.1215603627	-0.1010964362	-0.09897017473	-0.1814819824	-0.6157346994	-0.2359884889	0.2234222505	-0.3900544059	-0.390720715	-0.3894982369	0.1507889907	0.78437813	-0.2550499368	0.1517889084	0.7747514015	-0.1516910662	-0.1539344846	0.1507889907	0.1507889907	0.1914808306	-0.06767344847	0.1517889084	-0.2335559455	-0.2416188064	0.1535201503	0.8077804789	-0.1579933315	-0.1405103667	-0.1405103667	-0.1460284608	-0.2365555013	-0.4205533953	-0.1659469975	0.1517889084	0.1544728717	-0.1685310788	0.1517889084	0.8053319038	0.1535201503	-0.1533331592	0.2377999022	-0.1521948274	-0.2544217901	0.1461027421	0.1550811666	0.8047607008	-0.1587130939	0.4648486428	0.8179675194	0.8156471633	0.8156471633	0.1478340098	0.1461027421	0.2323667809	0.5406681391	0.1432555425	-0.2795633418	-0.165089297	0.9312849848	-0.4177636121	0.9380997437	-0.4177636121	0.8175279646	0.1002198615	0.1500479703	-0.4243753219	0.1500479703	-0.7433706227	0.8213020963	-0.360445389	-0.00930063113	-0.280617708	-0.4246991502	-0.2783796616	-0.1242936816	-0.333084406	-0.4283251394	-0.3696393272	-0.165089297	0.8086163533	-0.3761181154	-0.165089297	-0.3711738837	-0.1482389976	-0.5235161942	-0.5471861997	-0.2762785412	-0.5382563337	1	-0.274190431	-0.1589296902	-0.1526644696	0.8578403063	-0.274190431	-0.2702510296	-0.2996913488	-0.2702510296	0.0422741774	-0.289412893	0.0422741774	-0.2639883806	-0.07830940105	-0.2554172366	-0.2994808714	-0.271138256	-0.2976483566	-0.258456249	-0.2539648516	-0.1450958832	0.9165017899	0.3357813044	0.3393330023	-0.1673017286	-0.04535472575	-0.1673017286	-0.2449331561	-0.2856607313	-0.2456567968	-0.3767559671	-0.1523790639	-0.542357254	0.07972092816	0.07318218148	-0.08592951778	-0.08592951778	0.07972092816	-0.1545694227	-0.2456567968	-0.3178949739	-0.5616198026	-0.5612589787	-0.1811409336	0.09614606562	-0.2456567968	-0.2629811561	-0.3389360511	-0.07330698552	-0.1253351785	0.06605376507	0.3358509775	-0.1665767806	-0.2469521729	-0.5303446779	-0.0679005982	-0.07423829001	-0.0679005982	-0.5791736254	-0.5749540137	-0.1322489866	-0.1308606673	0.001036681984	-0.124366652	-0.07138303112	-0.1289442323	0.08307113657	-0.170803107	-0.1741563938	-0.009644197607	-0.01696124914	-0.1507713331	-0.1542130651	0.01551749314	0.1955407823	-0.08778170075	0.09613414924	-0.06036670237	-0.08620005028	0.09613414924	-0.002749795489	0.07674937356	-0.1204896808	-0.07122924323	0.09869498553	-0.1103628247	0.09145831667	0.3359187582	-0.06070990975	0.0766538943	-0.04927512482	0.0009669044104	-0.1029345078	-0.05399851286
chr11_2096707_G_A	0.1146259841	0.05391604112	0.2135980565	-0.1387338565	-0.1519927453	0.2131017306	0.1886268674	0.2160205203	0.2131017306	0.2131017306	0.06594753821	-0.1404574434	0.1942800519	0.0006918536347	0.06241616754	-0.1451566316	-0.1163978067	-0.104347679	-0.104347679	-0.1107893628	-0.09994040999	0.09654839588	0.09225256087	-0.1697733824	0.3013005412	-0.1610114944	-0.1282778639	0.5168518257	0.5136774917	0.5136800664	0.09225116221	-0.2334375365	-0.15555995	0.1030689863	-0.2416197311	-0.1518758973	-0.1536676663	0.09225116221	0.09225116221	0.09030042979	0.003661795784	0.1030689863	-0.2325752132	-0.2413702405	0.08681249922	-0.2393342324	-0.03448055409	-0.03066643046	-0.03066643046	-0.08736019349	-0.2468910972	0.6212736939	-0.1384432669	0.1030689863	0.1053357348	-0.1405437649	0.1030689863	-0.2488890726	0.08681249922	-0.1093101255	0.1540473153	-0.1187014872	-0.2532242554	0.08738699825	0.09773567785	-0.2501934933	-0.1587321329	-0.5326115529	-0.238043801	-0.237640305	-0.237640305	0.08242065398	0.08738699825	0.1558813659	-0.4564177152	0.0849136078	-0.2482123848	-0.1377840266	-0.2794440737	0.6257577448	-0.2957754901	0.6257577448	-0.233898556	0.0433091074	0.08092879521	0.620496822	0.08092879521	0.3375017789	-0.2372933226	-0.3078220222	-0.1186104653	-0.2436257373	0.6181895534	-0.2452332049	-0.1082466599	-0.2836642506	0.620496822	-0.2943133656	-0.1377840266	-0.2428708422	-0.2940642224	-0.1377840266	-0.2987258132	-0.08461473275	-0.09562544002	-0.4491669489	0.9972888399	-0.4501341831	-0.274190431	1	-0.1336522935	-0.133940866	-0.2391649624	1	-0.2488280325	-0.323229155	-0.2488280325	-0.1071062074	-0.3219783237	-0.1071062074	0.9685463038	-0.1461880496	-0.1803083127	-0.3146210104	-0.2410241165	-0.3162874174	0.9385496689	-0.1859885837	-0.1039996444	-0.254962141	0.3380366403	0.3260318198	-0.1624980346	0.1537152744	-0.1624980346	-0.1758403465	-0.1668464147	-0.1765921015	-0.2304317811	-0.1422234753	0.2873326779	-0.07569453947	-0.05350921196	-0.1562742982	-0.1562742982	-0.07569453947	-0.176698352	-0.1765921015	0.3895450455	0.2971127502	0.2964874627	0.8251011153	-0.07912078988	-0.1765921015	-0.2825001061	-0.3539426229	-0.1578113929	-0.2678748758	-0.08517947322	0.5147319692	-0.254271007	0.8686490419	0.2798694341	0.1469109603	-0.03604140785	0.1469109603	0.2865624284	0.2859363939	-0.1133330611	-0.1181673338	0.2719260259	-0.07512749037	0.3053526284	-0.1650491795	0.09344525679	0.113844151	-0.009410006598	-0.02058443575	0.2090648021	-0.1593296679	-0.173168042	-0.01563968574	-0.1222371803	-0.2167129621	0.04823480596	0.3084730056	-0.2158912425	0.04823480596	0.0007978775599	-0.02319796139	-0.07716817603	0.1113118034	0.01212896474	-0.2145541579	0.04222480496	-0.1825558268	-0.2020450131	-0.02267110335	0.004808350366	0.02034499666	-0.1110354218	-0.07504991662
chr11_2096908_C_T	-0.07822131992	-0.08332690954	-0.06593950576	0.2582564096	0.2513364507	-0.06824746201	-0.05470914127	-0.06909301249	-0.06824746201	-0.06824746201	-0.02762168999	0.2570804543	-0.01000872378	-0.04244721336	-0.01512123233	0.1933472003	0.1545803207	0.1408852359	0.1408852359	-0.09753814024	0.1379984313	-0.142483001	-0.1447846359	0.2750946315	0.1946191591	0.2070376068	0.1474448557	-0.1650681128	-0.1653841528	-0.1666176474	0.1105312003	-0.1275690745	0.2099556196	0.1186818426	-0.1349640021	0.3876124991	0.385956653	0.1105312003	0.1105312003	0.1215963547	0.2787811899	0.1186818426	0.2573147432	0.245006203	0.1115648285	-0.1336522935	0.171666096	0.1107274592	0.1107274592	0.2476810899	0.2512252701	-0.1873192988	0.5767448748	0.1186818426	0.1196828351	0.5732226585	0.1186818426	-0.1304612497	0.1115648285	0.246720428	-0.1037868195	0.2348160716	0.2425834253	0.09773794998	0.1094930259	-0.1311449935	-0.09617308099	0.2281099524	-0.1245377263	-0.1242947048	-0.1242947048	0.09552628389	0.09773794998	-0.1242574022	0.08109781376	0.09663528294	0.2620207495	0.5864940079	-0.1643679578	-0.186092584	-0.1603650153	-0.186092584	-0.1252128432	0.0640110313	0.1020885208	-0.182040082	0.1020885208	0.2036462227	-0.1270479364	0.3815050873	-0.0593943864	0.2704650178	-0.1839212847	0.2695550367	0.3635954707	0.4343832601	-0.182040082	0.3943242364	0.5864940079	-0.132960244	0.3914175249	0.5864940079	0.3809874119	0.2132651495	0.1481661131	0.2869908041	-0.1345630983	0.2924944004	-0.1589296902	-0.1336522935	1	0.2236507365	-0.139494641	-0.1336522935	0.2732891137	0.3898721067	0.2732891137	0.4764521479	0.3856621885	0.4764521479	-0.1354844921	0.2079415479	-0.1002902418	0.3780131058	0.2625726899	0.3774318382	-0.1269229085	-0.09710287412	0.7100623137	-0.1589619788	0.009607950995	-0.005886260165	0.5003373111	0.1152221699	0.5003373111	-0.08859913936	-0.117629502	-0.08904722851	0.1984103876	-0.1103902621	0.1684266121	0.2798732923	0.2736600336	-0.07897860782	-0.07897860782	0.2798732923	0.5003373111	-0.08904722851	0.22698405	0.1524741487	0.152112244	-0.08304614019	0.2736600336	-0.08904722851	0.3412884009	0.1738721451	-0.07990167965	0.3661994657	0.2167937722	-0.197674567	0.2893807805	-0.0900543378	0.1618959922	0.1130199138	0.2878921104	0.1130199138	0.1532572296	0.1529143325	0.6763713653	0.7228095067	0.1081568808	0.5605449264	-0.01770488067	0.3148597053	0.01213365933	0.2521995143	-0.08598524948	-0.1232642379	-0.08933362627	-0.08505267436	-0.1062484838	-0.212344612	-0.2897541605	-0.1049440334	-0.1073090582	-0.01953134013	-0.1044610585	-0.1073090582	-0.1056324422	-0.1246581661	0.697966734	0.03541493963	-0.1292174825	-0.09622106605	-0.1050630986	-0.04983770759	-0.07839267827	-0.1230980983	-0.07376888363	-0.09737347632	0.2461881948	0.2422050157
chr11_2096919_G_A	0.01416163976	0.05453802714	0.03913799738	-0.01735267984	-0.01183721452	0.0359883887	0.08654619783	0.0349798906	0.0359883887	0.0359883887	-0.09513180367	-0.01860868554	0.0954279632	0.05619227424	-0.07435576346	-0.05078260679	-0.01499766693	-0.0181197491	-0.0181197491	0.004257730964	-0.01588998245	0.03609961759	0.03311707734	-0.05178845319	0.09036470051	-0.1816257653	0.5273517608	-0.1932840614	-0.1937510159	-0.1953883806	0.1503566694	-0.104451125	-0.2152318386	0.09477307401	-0.06642212287	-0.1204152282	-0.1144655672	0.1503566694	0.1503566694	-0.2895036017	0.1858678752	0.09477307401	-0.1660573519	-0.1815262277	0.1516552392	-0.1137351043	0.74590253	0.781665877	0.781665877	0.8466264971	-0.1848284691	-0.1949929646	-0.09074206326	0.09477307401	0.0962664387	-0.09222188551	0.09477307401	-0.07541426172	0.1516552392	0.9497404592	-0.6613127131	0.962433709	-0.2260944772	0.1547073743	0.1587815938	-0.07580950577	-0.1276966148	0.2751999431	-0.1131218726	-0.112514149	-0.112514149	0.1521304143	0.1547073743	-0.6627725282	-0.2752662372	0.1534217572	-0.1986177483	-0.09020503683	-0.1587344049	-0.2096767638	-0.1248492372	-0.2096767638	-0.1137351043	0.09169541886	0.1497798388	-0.2044478221	0.1497798388	0.2722794232	-0.1161740343	0.4289171558	-0.07964102298	-0.2156558851	-0.2013669457	-0.216768188	0.6963613513	0.1318555329	-0.2044478221	0.4127800543	-0.09020503683	-0.07828046395	0.4087551512	-0.09020503683	0.4071982685	0.8858380884	-0.3092465962	0.3174329929	-0.1351442214	0.3243618975	-0.1526644696	-0.133940866	0.2236507365	1	-0.1269259085	-0.133940866	-0.2094536969	0.4289407804	-0.2094536969	0.3622555927	0.4182024732	0.3622555927	-0.1409140382	0.9022745119	-0.1344167437	0.4231716186	-0.2068597309	0.4223867885	-0.1471406925	-0.1330436922	-0.07434259388	-0.1240287142	-0.3506836702	-0.3545019353	-0.07192540398	0.185230094	-0.07192540398	-0.1290410271	0.313094937	-0.1295181948	0.2107769434	0.3446751187	0.1073134492	0.1988999676	0.1930977955	-0.1455052265	-0.1455052265	0.1988999676	-0.06312771855	-0.1295181948	0.2003509218	0.09188504603	0.09110246776	-0.1346599051	0.1930977955	-0.1295181948	-0.07690225692	-0.2356569268	-0.1459398247	-0.08721854919	0.1683873616	-0.04730617461	-0.1577549995	-0.1186877667	0.08302177444	0.1722541262	0.2149575499	0.1722541262	0.07379480097	0.07295640162	-0.05424502356	-0.05474993082	0.08026851046	-0.05790105805	0.01790941555	-0.08217853227	0.1063495692	-0.02716769639	0.09698471054	0.1196262161	0.09030769235	-0.1328749986	0.01252210777	-0.01957823865	-0.07409981592	0.00031932211	-0.01282024611	-0.0393125521	-0.004049653816	-0.01282024611	0.01671413518	0.0209597164	-0.06188480525	-0.022127127	0.04147199099	-0.01113427276	-0.01061924951	-0.03590607213	0.04953105344	-0.002613151357	-0.0130715739	0.002830241286	0.1906540278	-0.01250402832
chr11_2097177_C_A	-0.02140260168	-0.04463433331	-0.1092311164	0.2254769788	0.2216575089	-0.1095930084	-0.08383833468	-0.1112183776	-0.1095930084	-0.1095930084	-0.05975908724	0.2233987789	-0.1007039376	0.06814045676	-0.06270536984	0.2800691852	0.1489662393	0.1233327959	0.1233327959	-0.01204257124	0.1264635183	-0.1048044925	-0.1013063268	-0.1401962584	-0.5546662583	-0.2624955174	0.06644214055	-0.340531886	-0.3410807587	-0.3391113812	0.1254975665	0.9151228191	-0.2752577268	0.1291812102	0.90314077	-0.2022267685	-0.2040403241	0.1254975665	0.1254975665	0.1649292929	-0.03465083127	0.1291812102	-0.2653652477	-0.2664009139	0.1278483676	0.9383504173	-0.1278778412	-0.1155486289	-0.1155486289	-0.1261935718	-0.2627443296	-0.3620417926	-0.1389753187	0.1291812102	0.1314803698	-0.1411976036	0.1291812102	0.9332738863	0.1278483676	-0.1209613884	0.1937599288	-0.1240462022	-0.2741103395	0.1200306358	0.1307595865	0.9329734542	-0.1498361251	0.3987818025	0.9490466656	0.9463982524	0.9463982524	0.1231613808	0.1200306358	0.1890726912	0.4577722995	0.1175712846	-0.2669459382	-0.1381977664	0.8210717107	-0.3596595468	0.8240539401	-0.3596595468	0.9489110933	0.0895574761	0.1218441813	-0.3689161051	0.1218441813	-0.6420874954	0.9539496941	-0.3300104778	-0.03920721773	-0.2664042169	-0.3682997198	-0.2635282128	-0.09402032811	-0.2894988881	-0.3689161051	-0.3197918942	-0.1381977664	0.9380973726	-0.3286869183	-0.1381977664	-0.3244675813	-0.1163695057	-0.4606870128	-0.4932856458	-0.2409480276	-0.4817084943	0.8578403063	-0.2391649624	-0.139494641	-0.1269259085	1	-0.2391649624	-0.2609572475	-0.3144871261	-0.2423776761	-0.1062601826	-0.3180366532	-0.1062601826	-0.2227125454	-0.1420289111	-0.2134130081	-0.3143963603	-0.2393759651	-0.3119915949	-0.216859005	-0.2176914419	-0.1267145269	0.8368054381	0.338376292	0.3407735431	-0.161391556	0.1160817331	-0.161391556	-0.2122299526	-0.2472595498	-0.2128316871	-0.3337236006	-0.1378801777	-0.5131303414	-0.08520786544	-0.08871612935	-0.0818531805	-0.0818531805	-0.08520786544	-0.1544943026	-0.2128316871	-0.3153259082	-0.5252894476	-0.5242200693	-0.1251919661	-0.06383646813	-0.2128316871	-0.2925973179	-0.3093445187	-0.06719419819	-0.1779220847	-0.0743759168	0.4722956858	-0.1589587025	-0.1996640403	-0.6026901101	0.1109001124	-0.05963658968	0.1109001124	-0.5440832383	-0.5388117139	-0.1059532669	-0.1087479745	0.08576280021	-0.08979015474	-0.05754243433	-0.0796723649	0.06658516099	-0.1056450702	-0.1034058102	-0.04645940186	0.0006063230506	-0.1083938346	-0.08975951373	-0.05645072554	0.1522304764	-0.1870003581	0.08187822331	-0.05012955244	-0.1860099045	0.08187822331	0.03313450571	0.0930389654	-0.09978430255	-0.06786119237	0.1040624826	-0.1737784867	0.07608033089	0.3442920327	-0.140762782	0.1074776509	-0.01109238149	0.03795169427	-0.04758198574	-0.00152508124
chr11_2097561_T_C	0.1146259841	0.05391604112	0.2135980565	-0.1387338565	-0.1519927453	0.2131017306	0.1886268674	0.2160205203	0.2131017306	0.2131017306	0.06594753821	-0.1404574434	0.1942800519	0.0006918536347	0.06241616754	-0.1451566316	-0.1163978067	-0.104347679	-0.104347679	-0.1107893628	-0.09994040999	0.09654839588	0.09225256087	-0.1697733824	0.3013005412	-0.1610114944	-0.1282778639	0.5168518257	0.5136774917	0.5136800664	0.09225116221	-0.2334375365	-0.15555995	0.1030689863	-0.2416197311	-0.1518758973	-0.1536676663	0.09225116221	0.09225116221	0.09030042979	0.003661795784	0.1030689863	-0.2325752132	-0.2413702405	0.08681249922	-0.2393342324	-0.03448055409	-0.03066643046	-0.03066643046	-0.08736019349	-0.2468910972	0.6212736939	-0.1384432669	0.1030689863	0.1053357348	-0.1405437649	0.1030689863	-0.2488890726	0.08681249922	-0.1093101255	0.1540473153	-0.1187014872	-0.2532242554	0.08738699825	0.09773567785	-0.2501934933	-0.1587321329	-0.5326115529	-0.238043801	-0.237640305	-0.237640305	0.08242065398	0.08738699825	0.1558813659	-0.4564177152	0.0849136078	-0.2482123848	-0.1377840266	-0.2794440737	0.6257577448	-0.2957754901	0.6257577448	-0.233898556	0.0433091074	0.08092879521	0.620496822	0.08092879521	0.3375017789	-0.2372933226	-0.3078220222	-0.1186104653	-0.2436257373	0.6181895534	-0.2452332049	-0.1082466599	-0.2836642506	0.620496822	-0.2943133656	-0.1377840266	-0.2428708422	-0.2940642224	-0.1377840266	-0.2987258132	-0.08461473275	-0.09562544002	-0.4491669489	0.9972888399	-0.4501341831	-0.274190431	1	-0.1336522935	-0.133940866	-0.2391649624	1	-0.2488280325	-0.323229155	-0.2488280325	-0.1071062074	-0.3219783237	-0.1071062074	0.9685463038	-0.1461880496	-0.1803083127	-0.3146210104	-0.2410241165	-0.3162874174	0.9385496689	-0.1859885837	-0.1039996444	-0.254962141	0.3380366403	0.3260318198	-0.1624980346	0.1537152744	-0.1624980346	-0.1758403465	-0.1668464147	-0.1765921015	-0.2304317811	-0.1422234753	0.2873326779	-0.07569453947	-0.05350921196	-0.1562742982	-0.1562742982	-0.07569453947	-0.176698352	-0.1765921015	0.3895450455	0.2971127502	0.2964874627	0.8251011153	-0.07912078988	-0.1765921015	-0.2825001061	-0.3539426229	-0.1578113929	-0.2678748758	-0.08517947322	0.5147319692	-0.254271007	0.8686490419	0.2798694341	0.1469109603	-0.03604140785	0.1469109603	0.2865624284	0.2859363939	-0.1133330611	-0.1181673338	0.2719260259	-0.07512749037	0.3053526284	-0.1650491795	0.09344525679	0.113844151	-0.009410006598	-0.02058443575	0.2090648021	-0.1593296679	-0.173168042	-0.01563968574	-0.1222371803	-0.2167129621	0.04823480596	0.3084730056	-0.2158912425	0.04823480596	0.0007978775599	-0.02319796139	-0.07716817603	0.1113118034	0.01212896474	-0.2145541579	0.04222480496	-0.1825558268	-0.2020450131	-0.02267110335	0.004808350366	0.02034499666	-0.1110354218	-0.07504991662
chr11_2097671_G_A	0.03129496982	-0.06655453632	-0.06146249298	0.06536198136	0.06733085559	-0.06271251629	-0.08491481032	-0.06069761116	-0.06271251629	-0.06271251629	0.04421349083	0.06322613304	-0.04266420944	0.03582856184	0.04035744489	0.06133091278	0.07107657713	0.03540611445	0.03540611445	0.05158211489	0.03395430997	-0.02217930906	-0.01985457502	0.4000938958	0.2680678362	0.87796403	-0.247022569	-0.3766669987	-0.3772508424	-0.3797919703	0.1598427525	-0.2399933243	0.8656224579	0.1659372274	-0.2510042422	0.6259766615	0.6278481777	0.1598427525	0.1598427525	0.2356782732	-0.04591055969	0.1659372274	0.9211929642	0.8930294152	0.1623203873	-0.2488280325	-0.1755086656	-0.1785063108	-0.1785063108	-0.1898714214	0.9225250354	-0.4040496215	0.5331812421	0.1659372274	0.1617061344	0.5282447665	0.1659372274	-0.2415923549	0.1623203873	-0.2076256241	0.2950875009	-0.2045518073	0.9094145163	0.1361224478	0.1504440408	-0.2475598016	0.5610504491	0.4511391228	-0.2427306562	-0.2420847413	-0.2420847413	0.1380853778	0.1361224478	0.278618248	0.5583745066	0.1407323349	0.9505762409	0.5371921718	-0.2990995798	-0.4014688764	-0.2868836412	-0.4014688764	-0.2440464949	0.1003014143	0.1536957038	-0.3967660139	0.1536957038	0.1683073024	-0.2479668473	0.7410372136	0.2944544724	0.9636306381	-0.3968835746	0.965790924	-0.126245018	0.8465254725	-0.3967660139	0.7296079023	0.5371921718	-0.2514474553	0.7269664051	0.5371921718	0.7295513442	-0.2016896811	0.5691452829	0.517477185	-0.2507847908	0.5252330148	-0.2702510296	-0.2488280325	0.2732891137	-0.2094536969	-0.2609572475	-0.2488280325	1	0.7321168892	0.9831755243	-0.1002183214	0.7346319029	-0.1002183214	-0.2661019778	-0.2082807096	-0.2589386084	0.7222700735	0.9585373637	0.7247439445	-0.2560840919	-0.2397508419	0.4149183564	-0.2751038383	-0.4961801048	-0.4831763055	0.5037011703	-0.03562211638	0.5037011703	-0.231801505	-0.3144441077	-0.2276141669	0.01068165179	0.3368136183	0.1585196947	-0.07285685427	-0.07696136968	0.5595127195	0.5595127195	-0.07285685427	0.4599811786	-0.2276141669	0.3198843119	0.1626568568	0.1614039389	-0.2489652891	-0.07696136968	-0.2276141669	0.0762880677	0.4834073501	0.5504135932	0.6996579892	-0.1013211792	-0.4107332741	0.7828240981	-0.2462581557	0.1506765454	-0.06067253622	-0.06548920813	-0.06067253622	0.1486447549	0.1473527449	0.3367028324	0.3699022958	0.1547332137	0.2381422968	-0.08128329476	0.4698292858	-0.2220687161	-0.07932339793	-0.2554208488	0.005269730213	-0.1774437086	-0.07027321174	-0.0548854932	-0.1114420466	-0.07356045139	-0.04879762498	-0.03601669663	-0.07975156646	-0.0472122916	-0.03601669663	0.05503748782	0.0337456558	0.345045488	0.003638869657	-0.07922006169	-0.03356633237	-0.04006281229	0.01912182718	-0.004922106353	0.03631589442	0.05657130881	0.04893940354	0.1826831315	0.2068534726
chr11_2097954_C_T	0.06133154324	-0.004694447164	-0.03271281399	0.03114709183	0.06274089353	-0.03611956034	-0.02040695211	-0.03503512169	-0.03611956034	-0.03611956034	-0.02759287712	0.02831763699	0.02070744316	0.06451069265	-0.01790015148	0.004427202478	0.07460763736	0.03211231976	0.03211231976	0.03023196085	0.03192983222	-0.008708373625	-0.008771727438	0.3079414839	0.2674757464	0.6239737071	0.1847710246	-0.4811804958	-0.4820445698	-0.4855263163	0.2257017159	-0.295629415	0.6080833575	0.1912195077	-0.2776131338	0.4584840634	0.4593152264	0.2257017159	0.2257017159	0.01216110631	0.06957003568	0.1912195077	0.6767759231	0.6443674713	0.2289902176	-0.2929970689	0.3145400594	0.3382221867	0.3382221867	0.368991816	0.6687461608	-0.5059527212	0.4205999612	0.1912195077	0.1885787719	0.4150493533	0.1912195077	-0.2586364852	0.2289902176	0.4158915488	-0.149158076	0.4046189003	0.6408677248	0.2369510402	0.2473484559	-0.2642383586	0.3951676486	0.6034847589	-0.2871217175	-0.286008287	-0.286008287	0.2368698733	0.2369510402	-0.1620413625	0.3500577762	0.2401897933	0.6860242762	0.424682668	-0.3024131909	-0.5128939627	-0.2811547699	-0.5128939627	-0.2886781994	0.1486709213	0.2243743176	-0.5048504376	0.2243743176	0.2859262638	-0.2940125721	0.9042403378	0.1954098822	0.6983562771	-0.5031802086	0.6995019088	0.305317829	0.8184748214	-0.5048504376	0.9051845465	0.424682668	-0.2695639847	0.9031767976	0.424682668	0.9047546574	0.3822085302	0.311478348	0.6407653058	-0.3258688493	0.6493506112	-0.2996913488	-0.323229155	0.3898721067	0.4289407804	-0.3144871261	-0.323229155	0.7321168892	1	0.7473134055	0.2776753545	0.984629193	0.2776753545	-0.3444348986	0.4668034762	-0.3198226132	0.973008746	0.7268021129	0.9746815216	-0.3393519164	-0.313242297	0.3302679416	-0.3703413313	-0.7157248519	-0.7048373381	0.390125013	0.108955262	0.390125013	-0.3025780926	-0.08255916664	-0.2991451638	0.1405908204	0.5311157137	0.2378081159	0.2280699869	0.2181178501	0.4018273416	0.4018273416	0.2280699869	0.3619181663	-0.2991451638	0.4497470852	0.2403719818	0.2387536498	-0.3338809904	0.2181178501	-0.2991451638	0.06037213394	0.2656595718	0.3932580133	0.6191133542	0.1741433995	-0.4280891267	0.5848752762	-0.3196935953	0.2102797827	0.07730449494	0.09552833376	0.07730449494	0.2184637561	0.2167869093	0.2653796688	0.2961473573	0.2293874128	0.1718090221	-0.07660305051	0.3599403514	-0.1532116878	-0.09947145012	-0.1757070924	0.1178002732	-0.1055243425	-0.1636133349	-0.06263926223	-0.1156010954	-0.1154622321	-0.03649978036	-0.04107190106	-0.1206530088	-0.03775592207	-0.04107190106	0.07524154594	0.04933641019	0.2697127463	-0.01680417822	-0.0340856799	-0.05624276708	-0.04313336759	0.03060933335	0.009077886242	0.03793039206	0.05960163202	0.06229843782	0.2823976825	0.1791801176
chr11_2098122_C_T	0.04371649207	-0.06655453632	-0.06521831325	0.06536198136	0.06733085559	-0.06646289838	-0.08879377989	-0.06445040519	-0.06646289838	-0.06646289838	0.04421349083	0.06322613304	-0.04266420944	0.03582856184	0.04035744489	0.06133091278	0.08073066476	0.04656478022	0.04656478022	0.04346020494	0.0450724402	-0.03301754707	-0.03069179556	0.4000938958	0.2759125662	0.8620346765	-0.2330878905	-0.3805912317	-0.3811627226	-0.383693599	0.1598427525	-0.2350923237	0.8538357795	0.1659372274	-0.2461385921	0.6055772939	0.6074787046	0.1598427525	0.1598427525	0.2356782732	-0.04591055969	0.1659372274	0.9049528044	0.8810800142	0.1623203873	-0.2297018822	-0.1755086656	-0.1785063108	-0.1785063108	-0.1898714214	0.9104401932	-0.407914083	0.5331812421	0.1659372274	0.1617061344	0.5282447665	0.1659372274	-0.2228853267	0.1623203873	-0.2076256241	0.2950875009	-0.2045518073	0.8974166121	0.1361224478	0.1504440408	-0.2287547303	0.5610504491	0.4547330553	-0.2237076294	-0.2229426856	-0.2229426856	0.1380853778	0.1361224478	0.278618248	0.5618763334	0.1407323349	0.9382975181	0.5371921718	-0.2823973053	-0.4053421695	-0.2703184447	-0.4053421695	-0.2249203446	0.1003014143	0.1536957038	-0.4006411056	0.1536957038	0.1683073024	-0.2288719196	0.7296473333	0.2843346572	0.9512454911	-0.4007634262	0.9534070675	-0.126245018	0.8504560242	-0.4006411056	0.7334265686	0.5371921718	-0.2326696817	0.7307965392	0.5371921718	0.7333878806	-0.2016896811	0.5691452829	0.5029950978	-0.2507847908	0.5107080633	-0.2702510296	-0.2488280325	0.2732891137	-0.2094536969	-0.2423776761	-0.2488280325	0.9831755243	0.7473134055	1	-0.1002183214	0.7346319029	-0.1002183214	-0.2661019778	-0.2082807096	-0.263690501	0.7372622	0.9751534778	0.7397447899	-0.2560840919	-0.2445834375	0.4149183564	-0.2880982385	-0.511459098	-0.4983269578	0.4974554572	-0.03562211638	0.4974554572	-0.2366774213	-0.3186641056	-0.2324578011	0.002990397069	0.3368136183	0.1546808408	-0.0614367972	-0.06569665193	0.5595127195	0.5595127195	-0.0614367972	0.4537354655	-0.2324578011	0.3198843119	0.1588066802	0.1575420695	-0.2489652891	-0.06569665193	-0.2324578011	0.07233026119	0.4759343972	0.5504135932	0.6996579892	-0.09153691342	-0.407059164	0.7784527742	-0.2462581557	0.146782988	-0.06067253622	-0.05200373568	-0.06067253622	0.144743767	0.1434392057	0.3367028324	0.3699022958	0.1585530021	0.2381422968	-0.08616945862	0.4749703647	-0.2342512558	-0.07508229415	-0.2554208488	0.0105077628	-0.1774437086	-0.07027321174	-0.0548854932	-0.1189266222	-0.08216104543	-0.04879762498	-0.04380950726	-0.0845732792	-0.0472122916	-0.04380950726	0.06470267896	0.02917945754	0.345045488	0.003638869657	-0.0840938946	-0.03356633237	-0.04781274466	0.01912182718	-0.000663582401	0.03167100158	0.06710176083	0.0588139291	0.1870816872	0.2115588943
chr11_2098180_AC_A	-0.03623077356	-0.0481809014	-0.02006875511	-0.006405364593	0.08715771994	-0.02184163149	-0.002753217745	-0.02245670938	-0.02184163149	-0.02184163149	-0.03707016959	-0.007139834289	0.005728387247	-0.03962958313	-0.01899133433	-0.09870967266	0.04446957336	0.01837216929	0.01837216929	-0.002291128505	0.0165247983	-0.02424866996	-0.02598203562	-0.04087271119	-0.03433623434	-0.1178469319	0.3966370538	-0.1034577063	-0.103758551	-0.1047363737	0.07707578163	-0.102717867	-0.1275915679	0.06729350152	-0.0965044328	-0.04314022576	-0.04389257693	0.07707578163	0.07707578163	0.07544068509	0.3054393675	0.06729350152	-0.07327003589	-0.08272679987	0.0778732775	-0.0956019495	0.2378374769	0.1811508407	0.1811508407	0.3712371482	-0.1101596866	-0.1204493629	-0.02213503675	0.06729350152	0.06812076256	-0.02310980864	0.06729350152	-0.08824688412	0.0778732775	0.3565229118	-0.2290207193	0.3581603034	-0.1241135048	0.08459701224	0.07627451115	-0.0887093836	-0.09766457274	0.1494044838	-0.09508648727	-0.0949150251	-0.0949150251	0.08304418191	0.08459701224	-0.2373162457	-0.05841630794	0.08382249676	-0.1014389746	-0.0213791046	0.02846708363	-0.1194839691	0.04018706802	-0.1194839691	-0.0956019495	0.03629473841	0.08765900141	-0.1164363666	0.08765900141	0.02856325621	-0.09697496402	0.1343931369	-0.02261676735	-0.1076226801	-0.1084873221	-0.1082725809	0.5062868989	0.1422097824	-0.1164363666	0.1247486179	-0.0213791046	-0.0900842949	0.1312713664	-0.0213791046	0.1241035132	0.3149488239	-0.1371209977	0.0906010953	-0.1077833993	0.08562197095	0.0422741774	-0.1071062074	0.4764521479	0.3622555927	-0.1062601826	-0.1071062074	-0.1002183214	0.2776753545	-0.1002183214	1	0.2745248031	1	-0.1032780309	0.5374726109	-0.05003853982	0.2739406804	-0.09897717399	0.2734993778	-0.1145497144	-0.05245388588	0.01817178697	-0.09625210357	-0.1867101801	-0.2039882908	0.03626037525	0.1294904461	0.03626037525	-0.03416461689	-0.02270263373	-0.03471415723	-0.009462447245	-0.06485219192	0.1258133282	0.7895818354	0.7770375789	-0.0859856543	-0.0859856543	0.7895818354	0.05128740223	-0.03471415723	0.1458669175	0.1138518638	0.1135791249	-0.1069360634	0.7770375789	-0.03471415723	0.2777769555	-0.05708089809	-0.08621798853	0.2497429914	0.6827869934	-0.148645311	-0.04176686472	-0.09474595039	0.1251260304	0.1231954764	0.4024052672	0.1231954764	0.1041086079	0.1038167986	-0.0184659091	-0.01040208985	0.07925081517	-0.03500089123	-0.04442731202	-0.07069778475	-0.02461049769	-0.02009923188	-0.02754191542	0.04810331684	-0.03204935543	-0.03839065116	-0.06898275406	-0.05565768277	-0.03410713652	0.03178838441	-0.1301388931	-0.05698665934	0.03250885333	-0.1301388931	-0.05245388588	-0.06929090529	-0.006063221468	6.165512623e-05	-0.03883344989	-0.0581413672	-0.1281816365	0.1700612057	-0.05160151659	-0.07273370015	-0.0445392314	-0.05756158683	-0.08581524825	-0.08275896644
chr11_2098701_A_AT	0.04175008551	0.001582229802	-0.0307812189	0.02792353992	0.06191869432	-0.0342662417	-0.01995913676	-0.03320667826	-0.0342662417	-0.0342662417	-0.02440198059	0.025066042	0.01608210231	0.06678956614	-0.01478597441	0.002109887936	0.06944194128	0.02547954764	0.02547954764	0.03603883989	0.02524524744	-0.004697904016	-0.001574044846	0.3157480466	0.2598695078	0.6254030662	0.1768308409	-0.474531666	-0.4754424481	-0.478992919	0.2240998007	-0.2984851774	0.6125608311	0.1900405986	-0.2807204074	0.4753004345	0.4714737718	0.2240998007	0.2240998007	0.01315769297	0.06714753206	0.1900405986	0.6785498961	0.645653106	0.2274396967	-0.2960753249	0.3096659212	0.3339567276	0.3339567276	0.364549671	0.6701496821	-0.5001842943	0.4220701137	0.1900405986	0.1874502493	0.4164706706	0.1900405986	-0.2619138285	0.2274396967	0.4108370381	-0.1415052953	0.3886690354	0.6456626329	0.2346726286	0.2456848496	-0.267531204	0.384251159	0.5971546344	-0.2901850702	-0.2890592713	-0.2890592713	0.2344713743	0.2346726286	-0.1591880449	0.3467819218	0.2378503685	0.6878949835	0.4262206425	-0.3080203113	-0.5070571652	-0.2866384244	-0.5070571652	-0.2917581585	0.1317604222	0.222333674	-0.4988818673	0.222333674	0.277450353	-0.29715042	0.9023694884	0.201428773	0.7041654928	-0.4972582063	0.7052818462	0.2941583818	0.8045366193	-0.4988818673	0.8898523499	0.4262206425	-0.272913922	0.8876696278	0.4262206425	0.8893001465	0.3775457442	0.3064073592	0.6435590063	-0.3246505292	0.652298744	-0.289412893	-0.3219783237	0.3856621885	0.4182024732	-0.3180366532	-0.3219783237	0.7346319029	0.984629193	0.7346319029	0.2745248031	1	0.2745248031	-0.3435781459	0.4610424662	-0.3186125438	0.9612340447	0.7180327015	0.9628739234	-0.3384604306	-0.3115873476	0.3264739804	-0.3635451566	-0.7095311765	-0.6983354521	0.3844685363	0.1108630301	0.3844685363	-0.2962115325	-0.07985776969	-0.2928543992	0.1395005674	0.5393431537	0.2424493353	0.225328218	0.2153391423	0.4153781618	0.4153781618	0.225328218	0.3562728119	-0.2928543992	0.4494958055	0.2445002473	0.2428690033	-0.3374522379	0.2153391423	-0.2928543992	0.06098624854	0.2763850414	0.4065039347	0.6245256853	0.1710676833	-0.4373502607	0.5919232285	-0.3227184796	0.2144940876	0.07385441562	0.09328023356	0.07385441562	0.2221768281	0.2204861382	0.2617432218	0.292702958	0.233617118	0.1679236562	-0.07465735578	0.3443351515	-0.1534508042	-0.1004633934	-0.1716093071	0.1070144568	-0.1108594464	-0.1558221041	-0.05795575677	-0.1100961967	-0.1106059613	-0.03615475229	-0.04404680084	-0.1144276324	-0.03738300003	-0.04404680084	0.05929024756	0.04945417295	0.2663841125	-0.01853283642	-0.03242787776	-0.05535696185	-0.04603806716	0.02388280676	0.01185476735	0.03843569424	0.05335709182	0.05526013785	0.275016483	0.1717180738
chr11_2099684_T_C	-0.03623077356	-0.0481809014	-0.02006875511	-0.006405364593	0.08715771994	-0.02184163149	-0.002753217745	-0.02245670938	-0.02184163149	-0.02184163149	-0.03707016959	-0.007139834289	0.005728387247	-0.03962958313	-0.01899133433	-0.09870967266	0.04446957336	0.01837216929	0.01837216929	-0.002291128505	0.0165247983	-0.02424866996	-0.02598203562	-0.04087271119	-0.03433623434	-0.1178469319	0.3966370538	-0.1034577063	-0.103758551	-0.1047363737	0.07707578163	-0.102717867	-0.1275915679	0.06729350152	-0.0965044328	-0.04314022576	-0.04389257693	0.07707578163	0.07707578163	0.07544068509	0.3054393675	0.06729350152	-0.07327003589	-0.08272679987	0.0778732775	-0.0956019495	0.2378374769	0.1811508407	0.1811508407	0.3712371482	-0.1101596866	-0.1204493629	-0.02213503675	0.06729350152	0.06812076256	-0.02310980864	0.06729350152	-0.08824688412	0.0778732775	0.3565229118	-0.2290207193	0.3581603034	-0.1241135048	0.08459701224	0.07627451115	-0.0887093836	-0.09766457274	0.1494044838	-0.09508648727	-0.0949150251	-0.0949150251	0.08304418191	0.08459701224	-0.2373162457	-0.05841630794	0.08382249676	-0.1014389746	-0.0213791046	0.02846708363	-0.1194839691	0.04018706802	-0.1194839691	-0.0956019495	0.03629473841	0.08765900141	-0.1164363666	0.08765900141	0.02856325621	-0.09697496402	0.1343931369	-0.02261676735	-0.1076226801	-0.1084873221	-0.1082725809	0.5062868989	0.1422097824	-0.1164363666	0.1247486179	-0.0213791046	-0.0900842949	0.1312713664	-0.0213791046	0.1241035132	0.3149488239	-0.1371209977	0.0906010953	-0.1077833993	0.08562197095	0.0422741774	-0.1071062074	0.4764521479	0.3622555927	-0.1062601826	-0.1071062074	-0.1002183214	0.2776753545	-0.1002183214	1	0.2745248031	1	-0.1032780309	0.5374726109	-0.05003853982	0.2739406804	-0.09897717399	0.2734993778	-0.1145497144	-0.05245388588	0.01817178697	-0.09625210357	-0.1867101801	-0.2039882908	0.03626037525	0.1294904461	0.03626037525	-0.03416461689	-0.02270263373	-0.03471415723	-0.009462447245	-0.06485219192	0.1258133282	0.7895818354	0.7770375789	-0.0859856543	-0.0859856543	0.7895818354	0.05128740223	-0.03471415723	0.1458669175	0.1138518638	0.1135791249	-0.1069360634	0.7770375789	-0.03471415723	0.2777769555	-0.05708089809	-0.08621798853	0.2497429914	0.6827869934	-0.148645311	-0.04176686472	-0.09474595039	0.1251260304	0.1231954764	0.4024052672	0.1231954764	0.1041086079	0.1038167986	-0.0184659091	-0.01040208985	0.07925081517	-0.03500089123	-0.04442731202	-0.07069778475	-0.02461049769	-0.02009923188	-0.02754191542	0.04810331684	-0.03204935543	-0.03839065116	-0.06898275406	-0.05565768277	-0.03410713652	0.03178838441	-0.1301388931	-0.05698665934	0.03250885333	-0.1301388931	-0.05245388588	-0.06929090529	-0.006063221468	6.165512623e-05	-0.03883344989	-0.0581413672	-0.1281816365	0.1700612057	-0.05160151659	-0.07273370015	-0.0445392314	-0.05756158683	-0.08581524825	-0.08275896644
chr11_2099854_G_A	0.1066823233	0.06516943946	0.2137026682	-0.1328393363	-0.146484759	0.2129800454	0.1863432239	0.2157822516	0.2129800454	0.2129800454	0.07088034648	-0.1346347707	0.1853073792	0.007544471558	0.06720382081	-0.1466911206	-0.09972775835	-0.105053602	-0.105053602	-0.103689605	-0.1009280854	0.09980182474	0.09534716645	-0.1735559072	0.3009780567	-0.1813594696	-0.1030187237	0.5066403524	0.5034409424	0.5076634831	0.1049117678	-0.2191506425	-0.141905748	0.116247158	-0.222633723	-0.1619140053	-0.1637655508	0.1049117678	0.1049117678	0.1072598645	0.0105083026	0.116247158	-0.2513410862	-0.2252660612	0.09963656786	-0.2207463761	-0.04812918112	-0.03491320658	-0.03491320658	-0.09131558524	-0.266342302	0.6072379199	-0.1493648125	0.116247158	0.1185645627	-0.1515217179	0.116247158	-0.2364955836	0.09963656786	-0.1154391663	0.1690222322	-0.1251311684	-0.2372230426	0.09908050062	0.1102319446	-0.2324678094	-0.1738372996	-0.5172927828	-0.2248844555	-0.2243286217	-0.2243286217	0.09400925019	0.09908050062	0.1697691977	-0.4379846807	0.09655466447	-0.2666817863	-0.1487648467	-0.2381946251	0.6161427937	-0.2497030412	0.6161427937	-0.2207463761	0.05059411656	0.09306540725	0.6070100714	0.09306540725	0.3009706335	-0.2189538366	-0.3300054628	-0.1259542569	-0.2617647352	0.6045727344	-0.263430693	-0.1083366096	-0.3007401595	0.6070100714	-0.3158367561	-0.1487648467	-0.2254623667	-0.3160581343	-0.1487648467	-0.3204621612	-0.08957362222	-0.1220733178	-0.4757939277	0.9657910946	-0.4764020506	-0.2639883806	0.9685463038	-0.1354844921	-0.1409140382	-0.2227125454	0.9685463038	-0.2661019778	-0.3444348986	-0.2661019778	-0.1032780309	-0.3435781459	-0.1032780309	1	-0.1544621521	-0.1893831783	-0.3356030756	-0.2581523337	-0.3373365401	0.9708077054	-0.1939019348	-0.113408863	-0.2440923605	0.3670224429	0.3517414308	-0.1695413794	0.1710688443	-0.1695413794	-0.1885656106	-0.1858023688	-0.1893039637	-0.2525904067	-0.1585156289	0.2878223672	-0.08249895713	-0.06075572795	-0.1654904782	-0.1654904782	-0.08249895713	-0.1835366153	-0.1893039637	0.3998715111	0.295908638	0.2952232055	0.8624860816	-0.08599742259	-0.1893039637	-0.2995786379	-0.3743477744	-0.1670253872	-0.2822810437	-0.09290478576	0.5557798576	-0.2661436192	0.9093094766	0.2790283245	0.1637467049	-0.04210391993	0.1637467049	0.2841232013	0.2834320747	-0.1122252378	-0.1158731329	0.2885683385	-0.07694888546	0.2913190416	-0.1695496484	0.0939335017	0.1290860826	-0.02817669733	-0.02644876746	0.246332805	-0.1754969992	-0.1809999051	-0.04192177601	-0.1379434489	-0.2349831846	0.05958455343	0.3159338936	-0.2341643519	0.05958455343	-0.009813049927	-0.03677883215	-0.0856501874	0.1045362779	-0.003899234673	-0.2314821012	0.05375269915	-0.1716728322	-0.215656633	-0.03536569408	-0.001990162873	0.01022643324	-0.06701749898	-0.03271605662
chr11_2101283_G_A	0.0240323259	0.04625805973	0.02993401273	-0.04293964568	0.005933802213	0.02658613641	0.06911621413	0.02550101474	0.02658613641	0.02658613641	-0.0787882605	-0.04426362361	0.07856793671	0.04768104852	-0.0596557669	-0.07648564548	0.006066357326	-0.008620751074	-0.008620751074	-0.01041811864	-0.006960404143	0.0253650246	0.02217968218	-0.07311055346	0.0452267294	-0.2077500474	0.5756978205	-0.1990343584	-0.1995567807	-0.2013256824	0.1384569246	-0.1239400414	-0.2257328449	0.0795198986	-0.08307092501	-0.1311592262	-0.1324626785	0.1384569246	0.1384569246	-0.2691636102	0.1616550409	0.0795198986	-0.1921320408	-0.2083804514	0.1399306899	-0.1272434082	0.6903091916	0.7290759927	0.7290759927	0.7890276636	-0.2113298923	-0.2045347227	-0.09044630953	0.0795198986	0.08119238931	-0.09205120612	0.0795198986	-0.08603180902	0.1399306899	0.8808764843	-0.5928182374	0.8603067317	-0.2350519471	0.1583996917	0.1460976715	-0.08648269934	-0.1432930801	0.276255408	-0.126557343	-0.1259436878	-0.1259436878	0.1555823095	0.1583996917	-0.6159494294	-0.2348358976	0.1569943479	-0.2225136116	-0.08977877841	-0.08854211441	-0.2180730691	-0.0513504759	-0.2180730691	-0.1272434082	0.08569174783	0.1545669874	-0.2124836425	0.1545669874	0.2042839964	-0.1298398407	0.3751190192	-0.07731906042	-0.2214067633	-0.2098996701	-0.2225960992	0.6120884618	0.08618945631	-0.2124836425	0.346487844	-0.08977877841	-0.08911473601	0.352020465	-0.08977877841	0.3509224952	0.8238977357	-0.305391453	0.2677595836	-0.147471196	0.2653598033	-0.07830940105	-0.1461880496	0.2079415479	0.9022745119	-0.1420289111	-0.1461880496	-0.2082807096	0.4668034762	-0.2082807096	0.5374726109	0.4610424662	0.5374726109	-0.1544621521	1	-0.1404016336	0.4704249691	-0.2221596959	0.4695970918	-0.160264738	-0.1370990078	-0.06614138949	-0.1522028728	-0.3874623052	-0.3886423958	-0.0799152118	0.208278222	-0.0799152118	-0.1318787357	0.3031485863	-0.1324282074	0.1881092681	0.3294547576	0.1569827306	0.4289197269	0.4197769017	-0.15312552	-0.15312552	0.4289197269	-0.05516944899	-0.1324282074	0.2494137773	0.1399141699	0.1392048251	-0.1555630211	0.4197769017	-0.1324282074	0.005480042094	-0.233990872	-0.1536299283	0.0003049149743	0.3875587442	-0.08236470144	-0.1638482951	-0.1380487827	0.1323498876	0.1950227855	0.2255213826	0.1950227855	0.1211372227	0.1203775462	-0.05768219735	-0.05648102851	0.1191957651	-0.06441420259	-0.006677597384	-0.09601135959	0.08687213318	-0.04882567489	0.07807080877	0.184278355	0.0858537343	-0.1373375337	-0.00143384313	-0.008389308027	-0.05209333028	0.028426884	-0.001012053755	-0.06673330321	0.02456046931	-0.001012053755	0.02245878528	0.01916800516	-0.06227396996	-0.02988384117	0.04625517698	-0.02535821721	0.001269719725	0.0308545781	0.02283692928	-0.0009373314183	-0.01720009621	0.01136409415	0.1811362037	-0.007145098985
chr11_2101317_A_T	-0.1220607184	-0.0209064502	-0.07493261664	-0.06666725413	-0.1149255717	-0.07502923972	-0.06923493066	-0.07655915838	-0.07502923972	-0.07502923972	-0.01681881198	-0.06322615384	-0.09102793647	0.05990680557	-0.01986076126	-0.06910638738	-0.0744251186	0.01482528913	0.01482528913	0.07578698871	0.01038180977	0.005526422399	0.00124718718	-0.06603489014	0.2753988062	-0.2612730582	-0.1819274048	0.572898421	0.5783895195	0.573792916	0.07731061253	-0.189545962	-0.2768106845	0.08103333603	-0.1925531016	-0.1697269807	-0.1714888046	0.07731061253	0.07731061253	0.129797959	0.04548866364	0.08103333603	-0.2608958129	-0.2646883024	0.07971527238	-0.1965142404	-0.06961893068	-0.1313513524	-0.1313513524	-0.103178709	-0.2340208229	0.5445951792	-0.1461465298	0.08103333603	0.08337315952	-0.1407654499	0.08103333603	-0.2016960113	0.07971527238	-0.1236850925	0.1276842828	-0.1327329781	-0.2268962593	0.09611117259	0.07488952321	-0.2027530945	-0.122280084	-0.4569370957	-0.2008275337	-0.2001947289	-0.2001947289	0.09123686817	0.09611117259	0.1680229088	-0.3744577212	0.09368341151	-0.2211680934	-0.1456033402	-0.2187621686	0.544522357	-0.2588482136	0.544522357	-0.2019162163	0.05591030679	0.07351211903	0.5524249813	0.07351211903	0.308642724	-0.2053560964	-0.2917090193	-0.09577027134	-0.2163394253	0.5500398671	-0.217946668	-0.08996615982	-0.2533408197	0.5524249813	-0.2522318178	-0.1456033402	-0.2061656649	-0.2778587827	-0.1456033402	-0.2824477596	-0.1218067032	0.4004525111	0.4043466507	-0.182046501	0.4141454826	-0.2554172366	-0.1803083127	-0.1002902418	-0.1344167437	-0.2134130081	-0.1803083127	-0.2589386084	-0.3198226132	-0.263690501	-0.05003853982	-0.3186125438	-0.05003853982	-0.1893831783	-0.1404016336	1	-0.3366928936	-0.2698109289	-0.3383693496	-0.2100807767	0.9598923098	-0.0944967162	-0.2507384693	0.3520925469	0.348675394	-0.09936238704	0.1948875817	-0.09936238704	0.9197196876	0.7378341307	0.9171902455	0.6457453198	-0.224863559	0.2797970519	-0.06298698944	-0.06657771945	-0.1874426901	-0.1874426901	-0.06298698944	-0.1134746642	0.9171902455	-0.4241985613	0.3154664911	0.3192627875	-0.1993772587	-0.06657771945	0.9171902455	0.6512424106	0.5104209696	-0.1884366507	-0.235907849	-0.06329621458	-0.3218197573	-0.2153156067	-0.1995635319	0.241380225	0.1782027722	-0.05160643647	0.1782027722	0.3095352619	0.3089860505	-0.03293117514	-0.07592499147	-0.5296231014	0.04385713736	-0.1343633089	-0.1481478855	0.1216939004	0.1924177982	0.496223711	-0.0988910177	-0.07112344139	0.510873181	0.4227546898	0.2158199635	0.1673354176	0.4115173018	0.101771912	-0.1091615505	0.4100193436	0.101771912	-0.09382188675	-0.09214630786	-0.09925232569	0.01450443954	-0.05581218822	0.4285495062	0.1042717373	-0.1375372141	0.297370957	-0.08747059459	-0.03841729515	-0.08193870276	-0.1022277366	-0.08175033678
chr11_2101345_C_T	0.04943794957	-0.0222756565	-0.03896638338	0.03895970827	0.06943669818	-0.0423176179	-0.03395853101	-0.04125206323	-0.0423176179	-0.0423176179	-0.01296376945	0.03616225213	0.00534961995	0.05207952804	-0.003484702148	0.008696025828	0.08650817582	0.05156717273	0.05156717273	0.0153506377	0.05131489798	-0.02790694458	-0.02796763299	0.3129294054	0.2743637986	0.62267864	0.1698688375	-0.4642181836	-0.4651036582	-0.4685659812	0.2287963721	-0.2960204964	0.6034057644	0.1945971712	-0.2782150299	0.4523175507	0.4531375348	0.2287963721	0.2287963721	0.02212573524	0.05747386752	0.1945971712	0.6712912936	0.6392501981	0.2320167822	-0.2933171025	0.304920319	0.3336731706	0.3336731706	0.364028955	0.6597516679	-0.4922605972	0.426736051	0.1945971712	0.1860424277	0.4212168744	0.1945971712	-0.2593252925	0.2320167822	0.4102978964	-0.1428440604	0.3991768625	0.6322481909	0.2208644817	0.2317125813	-0.2648736631	0.3898527282	0.5825579447	-0.2874978002	-0.2864258615	-0.2864258615	0.220664373	0.2208644817	-0.1687603612	0.3328677986	0.2240001977	0.6767973963	0.4249523247	-0.3132290323	-0.499092741	-0.2810635696	-0.499092741	-0.2890563209	0.1370447033	0.2276925058	-0.4911541941	0.2276925058	0.2887913831	-0.2943119919	0.8920784985	0.2017993299	0.6852847731	-0.4894979464	0.6864153796	0.3012113695	0.8039640337	-0.4911541941	0.8793989024	0.4249523247	-0.2701215795	0.8773772819	0.4249523247	0.8789110998	0.3770679071	0.3040349768	0.6224685142	-0.3172287008	0.6341454628	-0.2994808714	-0.3146210104	0.3780131058	0.4231716186	-0.3143963603	-0.3146210104	0.7222700735	0.973008746	0.7372622	0.2739406804	0.9612340447	0.2739406804	-0.3356030756	0.4704249691	-0.3366928936	1	0.750341309	0.9983318084	-0.3432369697	-0.3176418127	0.3489558853	-0.3769395031	-0.7367321704	-0.7257337737	0.4071398914	0.09836731251	0.4071398914	-0.307198245	-0.08896956152	-0.3037539558	0.1352731028	0.5279927244	0.248292709	0.2453550976	0.2352599722	0.4012597734	0.4012597734	0.2453550976	0.3737469267	-0.3037539558	0.4629920538	0.2440007398	0.2424250127	-0.3293903625	0.2352599722	-0.3037539558	0.07014043017	0.2687455829	0.3927226442	0.6328387111	0.189238536	-0.4354272745	0.5925898055	-0.3153937848	0.2213296087	0.06660748434	0.1062602713	0.06660748434	0.2190015976	0.2173584884	0.2697553076	0.3005135928	0.2297059774	0.1762292775	-0.07992676889	0.359680396	-0.1565788946	-0.09435437409	-0.1773077628	0.1302185642	-0.09912975739	-0.1499044283	-0.04804451091	-0.1173810015	-0.1254051482	-0.01889015171	-0.04746359045	-0.1233268329	-0.02007386446	-0.04746359045	0.06131072665	0.028328372	0.2660851675	-0.01657816562	-0.06402841013	-0.04166049032	-0.04945912229	0.02570503961	0.02413470752	0.01258612369	0.04472462792	0.04826189678	0.2785994941	0.1767701833
chr11_2101692_T_C	0.03908585838	-0.0706192039	-0.07182923428	0.07367571062	0.07067518695	-0.07304766427	-0.09535598037	-0.0710648588	-0.07304766427	-0.07304766427	0.04366593165	0.07155960061	-0.05467039548	0.02256874516	0.03985764066	0.06536859277	0.08926538815	0.06068206427	0.06068206427	0.03490065012	0.05915482801	-0.04688066007	-0.04458237187	0.4052575772	0.2686217558	0.8434928239	-0.2347885967	-0.3681265565	-0.3687153694	-0.3712351515	0.1510688438	-0.2321808377	0.835501033	0.1572881947	-0.2430903043	0.5980775602	0.599955423	0.1510688438	0.1510688438	0.2271468774	-0.04534198327	0.1572881947	0.8857259564	0.8623007249	0.1535422412	-0.2268571538	-0.1733350896	-0.1762956107	-0.1762956107	-0.1875199708	0.8912081188	-0.3952290921	0.5396486192	0.1572881947	0.1465622016	0.5347253737	0.1572881947	-0.2201250175	0.1535422412	-0.2050542977	0.2866584968	-0.2020185484	0.8784030683	0.1272881784	0.1417596538	-0.2259217318	0.5433409934	0.4384531714	-0.2209371364	-0.2201816661	-0.2201816661	0.1291602808	0.1272881784	0.2702365572	0.5445424354	0.1318080151	0.9185927934	0.5371688346	-0.2830238303	-0.392671586	-0.2710607145	-0.392671586	-0.2221348329	0.08838982991	0.1447699643	-0.3880251893	0.1447699643	0.1699417586	-0.2260374698	0.7131118467	0.2808133326	0.9272330876	-0.3881365933	0.9293691686	-0.1246815445	0.8282779833	-0.3880251893	0.7130293709	0.5371688346	-0.2297881988	0.7103979355	0.5371688346	0.7129382157	-0.199191868	0.5620967392	0.4896144194	-0.2429605201	0.5007969645	-0.271138256	-0.2410241165	0.2625726899	-0.2068597309	-0.2393759651	-0.2410241165	0.9585373637	0.7268021129	0.9751534778	-0.09897717399	0.7180327015	-0.09897717399	-0.2581523337	-0.2221596959	-0.2698109289	0.750341309	1	0.7528060698	-0.2622771457	-0.2510999026	0.4354153047	-0.297363776	-0.5239871796	-0.5108592341	0.5097998419	-0.04529165752	0.5097998419	-0.2433773665	-0.3272208368	-0.2391462391	0.006751364116	0.3370982758	0.1565565176	-0.04939731097	-0.05375782534	0.5633052142	0.5633052142	-0.04939731097	0.4604529343	-0.2391462391	0.3266146976	0.1644449376	0.1632190844	-0.2504664464	-0.05375782534	-0.2391462391	0.07534328295	0.47373042	0.5541346685	0.7072871616	-0.08074018712	-0.4201610072	0.7817636377	-0.2479646221	0.1488105012	-0.0706245255	-0.03804123623	-0.0706245255	0.1506565498	0.1493929365	0.3413385133	0.374575043	0.1716793424	0.2426532142	-0.08510229841	0.4741655339	-0.2373660189	-0.06996386213	-0.2566508783	0.005204467573	-0.1752461682	-0.06515126528	-0.05420576728	-0.117453783	-0.09388464794	-0.04439868194	-0.05096325225	-0.08828788533	-0.04282067207	-0.05096325225	0.05912862613	0.0288180864	0.340772294	0.003593804306	-0.09267938555	-0.02931976373	-0.05487456458	0.003947246669	0.007756204756	0.0266914056	0.07147076247	0.05320943416	0.1717325397	0.2042917088
chr11_2101804_G_A	0.05151082578	-0.02369750794	-0.04128907437	0.03752449899	0.06781077168	-0.044654104	-0.03596653803	-0.04359447851	-0.044654104	-0.044654104	-0.01376987519	0.03472026305	0.003686422495	0.05256492335	-0.004291358446	0.007377575023	0.08468329102	0.04896311834	0.04896311834	0.02085373198	0.04870526843	-0.02519908108	-0.0252746786	0.3119367003	0.2730419377	0.6212412536	0.1766966616	-0.4667113489	-0.4675956169	-0.4710646576	0.2298573995	-0.293283877	0.6018859275	0.1956829937	-0.2755415415	0.4513905255	0.4522058615	0.2298573995	0.2298573995	0.0233497868	0.0682012161	0.1956829937	0.6699127855	0.6377952261	0.233085314	-0.2907078604	0.3095518692	0.3330511246	0.3330511246	0.3633920632	0.6619012975	-0.4948925895	0.4261273485	0.1956829937	0.1871288054	0.4205992096	0.1956829937	-0.2568076647	0.233085314	0.4095706217	-0.1414273054	0.3984243502	0.6343259647	0.2218521021	0.232769659	-0.2623452769	0.3937832281	0.58553878	-0.2849001619	-0.2838038448	-0.2838038448	0.2216401635	0.2218521021	-0.1674172288	0.3361883657	0.2249837949	0.679073604	0.4243392853	-0.3115637907	-0.5017236181	-0.2793780252	-0.5017236181	-0.2864446009	0.1376490033	0.2287072975	-0.4937554062	0.2287072975	0.287979054	-0.2917207446	0.8936522668	0.2013160723	0.6876212147	-0.4921115065	0.6887467087	0.3006679042	0.8059479179	-0.4937554062	0.8810383827	0.4243392853	-0.2676128036	0.8789931422	0.4243392853	0.8805452253	0.3763960505	0.3045368957	0.6227865688	-0.3189018504	0.6344995669	-0.2976483566	-0.3162874174	0.3774318382	0.4223867885	-0.3119915949	-0.3162874174	0.7247439445	0.9746815216	0.7397447899	0.2734993778	0.9628739234	0.2734993778	-0.3373365401	0.4695970918	-0.3383693496	0.9983318084	0.7528060698	1	-0.3449777779	-0.3192475939	0.3484352298	-0.3750729031	-0.7380365336	-0.7269528558	0.4062898836	0.09972257724	0.4062898836	-0.3087514981	-0.09075175131	-0.3053026384	0.1330901179	0.5307706397	0.2473186283	0.2449740431	0.2348649761	0.405168697	0.405168697	0.2449740431	0.3728774986	-0.3053026384	0.4632467118	0.2429169958	0.2413314208	-0.3311410167	0.2348649761	-0.3053026384	0.06818992416	0.2697082849	0.3965490963	0.6350594188	0.1887546907	-0.434922248	0.5951514767	-0.3170583027	0.2202241221	0.06790342112	0.1058855026	0.06790342112	0.2177924246	0.2161387807	0.2692146477	0.300031147	0.2320551115	0.1755777767	-0.08133755556	0.3632528987	-0.1556429082	-0.09612546725	-0.1789949585	0.1291072964	-0.1002493233	-0.1515362368	-0.04990437832	-0.1150363749	-0.123761109	-0.02089127659	-0.04669231574	-0.1247578716	-0.02207693441	-0.04669231574	0.06423411517	0.03488596536	0.2656035046	-0.01693053022	-0.05678799984	-0.04358922951	-0.04868295006	0.02439386565	0.02241973021	0.01932247728	0.04821648682	0.05130683839	0.2773257044	0.1754131677
chr11_2102033_G_A	0.1187441149	0.08408355426	0.2009685414	-0.1317993435	-0.1452637446	0.2002810448	0.1899832137	0.203097595	0.2002810448	0.2002810448	0.03624785626	-0.1335991172	0.1837655625	0.007014737254	0.03276748983	-0.140429667	-0.1197234289	-0.131706476	-0.131706476	-0.08379799252	-0.1274425476	0.1254663745	0.1210009148	-0.1557975463	0.2869857529	-0.1801808765	-0.1069127013	0.4948206065	0.4916553736	0.4959556073	0.0966184939	-0.2075800241	-0.1403985907	0.1081945796	-0.2111107968	-0.1441432899	-0.1460248211	0.0966184939	0.0966184939	0.09997140531	-0.002947296978	0.1081945796	-0.2460479147	-0.219828842	0.09133446912	-0.2094263496	-0.0540510925	-0.04175497797	-0.04175497797	-0.09841967875	-0.2611038053	0.5920948013	-0.1342671603	0.1081945796	0.1105456474	-0.136484506	0.1081945796	-0.230755721	0.09133446912	-0.1218144432	0.1681479207	-0.1313871434	-0.2272953746	0.09043478582	0.1019472951	-0.2266660235	-0.1795704244	-0.5075561393	-0.2190181733	-0.2184219278	-0.2184219278	0.08527177096	0.09043478582	0.1689734205	-0.4248498246	0.08786345578	-0.2568337758	-0.1334443263	-0.2325569274	0.6009973002	-0.2442141853	0.6009973002	-0.2148159083	0.05023677028	0.08449799232	0.5917675672	0.08449799232	0.2912963834	-0.2130081117	-0.3247752315	-0.1259563672	-0.2518369506	0.5893054987	-0.2535071396	-0.1173217183	-0.2956143534	0.5917675672	-0.3105635841	-0.1334443263	-0.219612684	-0.3107320746	-0.1334443263	-0.3151702544	-0.09628918462	-0.1067577452	-0.4622909426	0.9358153971	-0.4669844017	-0.258456249	0.9385496689	-0.1269229085	-0.1471406925	-0.216859005	0.9385496689	-0.2560840919	-0.3393519164	-0.2560840919	-0.1145497144	-0.3384604306	-0.1145497144	0.9708077054	-0.160264738	-0.2100807767	-0.3432369697	-0.2622771457	-0.3449777779	1	-0.2150660496	-0.1131796665	-0.2384402661	0.374653897	0.3591446197	-0.1762322869	0.1762316246	-0.1762322869	-0.2099515119	-0.2037644025	-0.2105520253	-0.2729313696	-0.1575119889	0.2866492405	-0.09520779156	-0.07314782782	-0.1650191487	-0.1650191487	-0.09520779156	-0.1903121252	-0.2105520253	0.4145099161	0.2949071105	0.2942156459	0.890599701	-0.09854211049	-0.2105520253	-0.3256387328	-0.3944766172	-0.1665704136	-0.290978651	-0.1037440362	0.5830288756	-0.2705552325	0.9383917644	0.2778866757	0.1692550869	-0.05700682752	0.1692550869	0.2831333435	0.2824360015	-0.112021826	-0.1157427526	0.3047339469	-0.06794660575	0.2948048237	-0.1748264615	0.1000687933	0.1176948314	-0.04640052671	-0.02510806368	0.2554577418	-0.1891623537	-0.19282483	-0.03678922794	-0.136100777	-0.2382185374	0.07650230701	0.3195621685	-0.2374072155	0.07650230701	-0.008075895802	-0.03497668866	-0.08536340881	0.1056014743	-0.002135934542	-0.2348459192	0.07053087886	-0.1710341398	-0.2195745361	-0.03361516554	-0.0004489223236	0.0120394448	-0.04577597958	-0.02576457847
chr11_2102842_G_A	-0.1536197914	-0.07159734342	-0.102403419	-0.05929745455	-0.1035453967	-0.1022095135	-0.09504071791	-0.103697276	-0.1022095135	-0.1022095135	-0.02211063228	-0.05569987696	-0.108406096	0.05330023615	-0.02499527588	-0.06485115532	-0.06091374583	0.03356135512	0.03356135512	0.08301754168	0.02922649437	-0.01510881826	-0.01921390011	-0.0533635905	0.2733468075	-0.2447157246	-0.1749976636	0.5883100908	0.5939649554	0.5894515374	0.07888667923	-0.196445237	-0.2592009683	0.08145791353	-0.1985973306	-0.1585326866	-0.1602299916	0.07888667923	0.07888667923	0.1378304973	0.05418548614	0.08145791353	-0.2450233463	-0.2477347543	0.08117630579	-0.2024697421	-0.06898263951	-0.1277213006	-0.1277213006	-0.1062597143	-0.2166674258	0.5576192684	-0.1342741134	0.08145791353	0.08369050911	-0.1287052783	0.08145791353	-0.2068367201	0.08117630579	-0.1236686819	0.1658263701	-0.1322415115	-0.2088523341	0.07503436693	0.06864610115	-0.2079207457	-0.1112885466	-0.4800523882	-0.2068421736	-0.2063230504	-0.2063230504	0.07019612355	0.07503436693	0.1524688049	-0.3969900021	0.07262497893	-0.2047340101	-0.1336664249	-0.2630203027	0.557378791	-0.2561539253	0.557378791	-0.2079634615	0.04807173571	0.0763178545	0.5649794868	0.0763178545	0.3043482593	-0.2112417493	-0.2750770244	-0.09896229441	-0.2003013472	0.5627331042	-0.201844663	-0.09828989257	-0.2424010893	0.5649794868	-0.2798001513	-0.1336664249	-0.2111766141	-0.2834964852	-0.1336664249	-0.2796090788	-0.1163885982	0.4143944288	0.3953109932	-0.1876461848	0.4047368534	-0.2539648516	-0.1859885837	-0.09710287412	-0.1330436922	-0.2176914419	-0.1859885837	-0.2397508419	-0.313242297	-0.2445834375	-0.05245388588	-0.3115873476	-0.05245388588	-0.1939019348	-0.1370990078	0.9598923098	-0.3176418127	-0.2510999026	-0.3192475939	-0.2150660496	1	-0.09392087607	-0.2501256347	0.3332473417	0.3287824492	-0.09001995026	0.1764522923	-0.09001995026	0.9583669055	0.7696564847	0.9557514963	0.6327418441	-0.2182365003	0.3253389112	-0.05528291296	-0.05879942669	-0.1773603868	-0.1773603868	-0.05528291296	-0.09719592555	0.9557514963	-0.410427362	0.3103908017	0.314307151	-0.2033120114	-0.05879942669	0.9557514963	0.6956609956	0.5570966536	-0.178357919	-0.2140832653	-0.05442214636	-0.3357663402	-0.1958434767	-0.2002740928	0.2929960058	0.1601685655	-0.04516950443	0.1601685655	0.3058078247	0.3053088112	-0.02180521598	-0.06620475458	-0.5625666168	0.05723285842	-0.1194042825	-0.1361247712	0.1065555105	0.1708351948	0.5158550602	-0.08670405822	-0.1251071363	0.5404790502	0.456190063	0.2435596073	0.1858817517	0.4430162151	0.09011749084	-0.09378402439	0.4414852267	0.09011749084	-0.1049240642	-0.1088549094	-0.09027679641	0.02049209211	-0.07787989209	0.458818877	0.09255828655	-0.1524135174	0.321600217	-0.1056202738	-0.0426847758	-0.0941606584	-0.09001845885	-0.08030882302
chr11_2102978_A_C	-0.005708296642	-0.0997037954	-0.1126759105	0.2760244959	0.266397926	-0.1146836527	-0.1168412253	-0.107761714	-0.1146836527	-0.1146836527	0.0009710027069	0.2749308594	-0.06430203965	-0.06837135163	-0.0005692973213	0.2803055821	0.1885272826	0.212375941	0.212375941	-0.1330020253	0.2094592293	-0.212303749	-0.2143748417	0.2850971905	0.1915226717	0.3487973858	-0.06938509344	-0.1484915989	-0.1487789664	-0.1498946964	0.09028437324	-0.1182507163	0.3547170947	0.09792808798	-0.1249083359	0.5536302123	0.5518363244	0.09028437324	0.09028437324	0.1147998006	0.03539123533	0.09792808798	0.3817071292	0.3696051952	0.09125517569	-0.1236716332	-0.04711033879	-0.06080179142	-0.06080179142	-0.06572476714	0.4017629636	-0.1685991044	0.6805443624	0.09792808798	0.08517923207	0.6767779724	0.09792808798	-0.1185600728	0.09125517569	-0.06262538018	0.1150937396	-0.06699839435	0.3926994283	0.07823105141	0.07510112132	-0.1191814428	-0.08658772752	0.2004945428	-0.113221865	-0.1130069479	-0.1130069479	0.07613985383	0.07823105141	0.1137266422	0.2311886328	0.07718873312	0.4124246479	0.6778429082	-0.1394456783	-0.1674897172	-0.1444230323	-0.1674897172	-0.1138356388	0.05281749732	0.08233806502	-0.1638290354	0.08233806502	0.1696126476	-0.1154919742	0.3305348381	-0.06509719874	0.4130828301	-0.165527489	0.4122433065	-0.03535393358	0.3786094665	-0.1638290354	0.3420320703	0.6778429082	-0.1208200068	0.3314852504	0.6778429082	0.3263680512	-0.06085395633	0.2192790184	0.2394867659	-0.1048360582	0.2443994485	-0.1450958832	-0.1039996444	0.7100623137	-0.07434259388	-0.1267145269	-0.1039996444	0.4149183564	0.3302679416	0.4149183564	0.01817178697	0.3264739804	0.01817178697	-0.113408863	-0.06614138949	-0.0944967162	0.3489558853	0.4354153047	0.3484352298	-0.1131796665	-0.09392087607	1	-0.1649660876	0.05543057757	0.05740497628	0.6539609314	0.08038218975	0.6539609314	-0.09632575099	-0.1433590122	-0.09662257424	0.2777021847	-0.1106147816	0.1085006467	0.04254138898	0.03978921919	-0.0548672001	-0.0548672001	0.04254138898	0.5383296762	-0.09662257424	0.1760712985	0.1731640948	0.1729448428	-0.07978546941	0.03978921919	-0.09662257424	0.2769223828	0.2075861483	-0.05598377074	0.3244045717	0.01568139565	-0.2014114048	0.3351175477	-0.0929814708	0.09577292382	0.07951226825	0.0207740229	0.07951226825	0.1779502346	0.1777676729	0.7989231551	0.8504375089	0.1204792623	0.6690765024	-0.01423289079	0.3859213676	0.009080141058	0.277962691	-0.1350859884	-0.1159172623	-0.08298729114	-0.08811440243	-0.1191834921	-0.1629311555	-0.285161166	-0.07918043097	0.002061400083	-0.005987195922	-0.078693547	0.002061400083	-0.07403882673	-0.0975680901	0.8002802505	0.05550821052	-0.1219786846	-0.0729476249	0.003545393861	-0.117095228	-0.05460162288	-0.08849490459	-0.07827471592	-0.06611603937	0.3375063585	0.3525885518
chr11_2103039_T_G	-0.01566225273	-0.06647880217	-0.08431223874	0.1825583695	0.1904142178	-0.08565672489	-0.03501441231	-0.08748919227	-0.08565672489	-0.08565672489	-0.1073776396	0.1802381161	-0.06227184251	0.06625160234	-0.1105172846	0.2305903842	0.1170454247	0.1131794223	0.1131794223	-0.01970147585	0.1151355431	-0.09267818476	-0.09036203335	-0.1697870073	-0.6009387225	-0.2217403277	0.1432245149	-0.3724427531	-0.3731231003	-0.3678052178	0.09203503609	0.7790639948	-0.248212544	0.1008672008	0.7700410739	-0.1552664776	-0.1522066356	0.09203503609	0.09203503609	0.1443532044	-0.06290825581	0.1008672008	-0.2113541365	-0.2189114636	0.09492236866	0.7889329896	-0.1550161035	-0.1395349409	-0.1395349409	-0.1447003002	-0.2179096371	-0.4017798221	-0.1782057228	0.1008672008	0.1036610487	-0.1806750999	0.1008672008	0.7780054484	0.09492236866	-0.1437593958	0.1731462477	-0.1177453347	-0.2479689831	0.1376869518	0.09624053951	0.7820829534	-0.1358042008	0.4169237146	0.7944742256	0.7967836872	0.7967836872	0.139571375	0.1376869518	0.1821252966	0.4884936126	0.1348779043	-0.2620432052	-0.1775958027	0.8550571683	-0.3990291184	0.8581884544	-0.3990291184	0.7987810568	0.1063200687	0.1414049275	-0.4060002096	0.1414049275	-0.6737982387	0.8027872516	-0.3137931491	-0.01288091214	-0.2803874739	-0.4021830623	-0.2780623483	-0.08351317544	-0.3135579814	-0.4060002096	-0.3510902263	-0.1775958027	0.7861696386	-0.3257161348	-0.1775958027	-0.3208094613	-0.1394759511	-0.5138701454	-0.5001269572	-0.2570154818	-0.5212040121	0.9165017899	-0.254962141	-0.1589619788	-0.1240287142	0.8368054381	-0.254962141	-0.2751038383	-0.3703413313	-0.2880982385	-0.09625210357	-0.3635451566	-0.09625210357	-0.2440923605	-0.1522028728	-0.2507384693	-0.3769395031	-0.297363776	-0.3750729031	-0.2384402661	-0.2501256347	-0.1649660876	1	0.4201672356	0.4066475618	-0.1693394438	-0.06081519804	-0.1693394438	-0.2466477376	-0.2903506334	-0.2473087657	-0.3782830452	-0.173197106	-0.566661384	-0.07805269216	-0.0823261348	-0.1069092546	-0.1069092546	-0.07805269216	-0.1114528523	-0.2473087657	-0.3395877094	-0.5889431204	-0.5885837871	-0.1554421317	-0.05912529272	-0.2473087657	-0.2916044975	-0.3286604246	-0.0991390947	-0.1692642201	0.003063911936	0.3683947532	-0.1848991028	-0.2274344661	-0.5576484975	-0.08312181444	0.05502418809	-0.08312181444	-0.6058682316	-0.6016107686	-0.1347387652	-0.1342692518	-0.03634286863	-0.1324990976	-0.06139378055	-0.09500086508	0.1034299875	-0.1571108582	-0.1530765347	-0.04458116106	0.0008785599101	-0.1477865296	-0.1425922344	0.01093176867	0.1821560776	-0.1131819093	0.09592419493	-0.04528961155	-0.1117234531	0.09592419493	0.02856470586	0.09603742583	-0.1242981485	-0.06800580905	0.1210577675	-0.1094771824	0.09108598749	0.2923983151	-0.05452268184	0.1049579812	-0.03559251253	0.01189180313	-0.08741311283	-0.03769490098
chr11_2103063_T_C	-0.04087258262	-0.05064738608	-0.002600680965	0.1124906143	0.07646143533	-0.005224746363	0.03969776784	-0.006104613496	-0.005224746363	-0.005224746363	-0.08741567517	0.1113298633	0.01114808308	0.1023724026	-0.09598561055	0.1457828034	0.02161311393	0.0911261057	0.0911261057	-0.09235419562	0.09156392213	-0.05982025961	-0.06562637202	-0.1940965556	-0.01785341022	-0.4164692815	-0.1129729085	0.4560960948	0.4572992665	0.4613647716	0.241898226	0.3167271875	-0.4131255038	0.2654305038	0.3009325525	-0.1829077687	-0.1838291039	0.241898226	0.241898226	0.3439050074	0.009085446935	0.2654305038	-0.442712731	-0.4356729652	0.2425571901	0.3163250929	-0.2503221901	-0.2771270584	-0.2771270584	-0.3066619921	-0.433189477	0.4817325571	-0.08827670825	0.2654305038	0.2720865042	-0.08949302154	0.2654305038	0.2879133505	0.2425571901	-0.333987572	0.4177493598	-0.3280776019	-0.4302819221	0.2868053172	0.2475142529	0.2936917097	-0.3828363347	-0.3258365454	0.3146195457	0.3177058594	0.3177058594	0.2860615514	0.2868053172	0.4536058582	-0.1263881873	0.2864293613	-0.4545796455	-0.08188562715	0.3312582537	0.4916777645	0.2938324825	0.4916777645	0.3206674024	0.1987545796	0.2690146197	0.4858740604	0.2690146197	-0.0500521963	0.3222492318	-0.6344762149	-0.2142808322	-0.4592683497	0.4846584968	-0.4601846244	-0.2360868939	-0.5584287768	0.4858740604	-0.6230968845	-0.08188562715	0.2995989341	-0.6190060496	-0.08188562715	-0.6243207831	-0.3072376764	-0.1161564444	-0.3955878742	0.3323043939	-0.4048607443	0.3357813044	0.3380366403	0.009607950995	-0.3506836702	0.338376292	0.3380366403	-0.4961801048	-0.7157248519	-0.511459098	-0.1867101801	-0.7095311765	-0.1867101801	0.3670224429	-0.3874623052	0.3520925469	-0.7367321704	-0.5239871796	-0.7380365336	0.374653897	0.3332473417	0.05543057757	0.4201672356	1	0.966148238	-0.1201156956	0.2619497846	-0.1201156956	0.3110599392	0.1142632379	0.3078692076	0.06589010795	-0.5063583235	0.01550603142	-0.1736557491	-0.163694678	-0.4036875246	-0.4036875246	-0.1736557491	-0.09175576029	0.3078692076	-0.2188232068	0.02553875112	0.02822144927	0.3834478888	-0.163694678	0.3078692076	0.1368314648	-0.09789594115	-0.3992477058	-0.4208568473	-0.1206060929	0.4516083175	-0.3981608997	0.3558343917	-0.01569489535	0.2226079442	-0.03885226459	0.2226079442	0.002390348407	0.005038033185	0.1221281419	0.107438839	-0.1679296773	0.1644183502	0.05663127501	-0.1693137266	0.2663432167	0.2381940475	0.1741244204	-0.1865038959	0.1102163666	0.1039481806	0.02617552621	0.07454645114	0.05517013714	0.0008393214252	0.2232510859	0.1105562729	0.0017423431	0.2232510859	-0.0880656826	-0.05336197356	0.09966555949	0.04833568218	0.0208248924	0.02248917445	0.2167947484	-0.03732122089	-0.02093394947	-0.03704500557	-0.07886329833	-0.06947407214	-0.04888891057	0.03780573285
chr11_2103073_T_TC	-0.04333274519	-0.05704680154	-0.01402497741	0.11968181	0.08414170242	-0.01639583604	0.02206811282	-0.01720394839	-0.01639583604	-0.01639583604	-0.0753898192	0.1186128515	0.004138210996	0.09507735641	-0.08380203494	0.15015	0.03055921873	0.1041590065	0.1041590065	-0.08881221733	0.1047550756	-0.07180935976	-0.07735883208	-0.1896955243	-0.0285456689	-0.4018707764	-0.09841883153	0.4342269727	0.4355514289	0.4397785416	0.2391352793	0.3170713254	-0.40089324	0.2614726986	0.2977485274	-0.1691363624	-0.1699707623	0.2391352793	0.2391352793	0.3341256384	0.004419251622	0.2614726986	-0.435918677	-0.4277048105	0.2396608517	0.3131143153	-0.2295078968	-0.2632597446	-0.2632597446	-0.2920870506	-0.4182456361	0.4586540329	-0.08733686987	0.2614726986	0.267952016	-0.08841794647	0.2614726986	0.2940899116	0.2396608517	-0.3395700792	0.4191535783	-0.3329516939	-0.4148336071	0.2852836758	0.2448329726	0.2956312287	-0.3780248127	-0.3086753981	0.3199913175	0.3187011652	0.3187011652	0.2848330881	0.2852836758	0.4563937823	-0.1064727026	0.2850536579	-0.4405237762	-0.08112464234	0.3399552972	0.4718124074	0.3025127223	0.4718124074	0.3217259849	0.1993957578	0.2670842934	0.4691701692	0.2670842934	-0.0662885462	0.3234704997	-0.6235502609	-0.2039882908	-0.4456355452	0.4680973116	-0.44646641	-0.2387043652	-0.5468625288	0.4691701692	-0.6131808561	-0.08112464234	0.2974341046	-0.6087450642	-0.08112464234	-0.6142262158	-0.3153868986	-0.1132007077	-0.3883831934	0.3204463738	-0.3979822326	0.3393330023	0.3260318198	-0.005886260165	-0.3545019353	0.3407735431	0.3260318198	-0.4831763055	-0.7048373381	-0.4983269578	-0.2039882908	-0.6983354521	-0.2039882908	0.3517414308	-0.3886423958	0.348675394	-0.7257337737	-0.5108592341	-0.7269528558	0.3591446197	0.3287824492	0.05740497628	0.4066475618	0.966148238	1	-0.1262371521	0.2736616113	-0.1262371521	0.3191019777	0.1263711715	0.3159598865	0.07307477231	-0.4801615701	0.0242770022	-0.1853592243	-0.1750879379	-0.3789473662	-0.3789473662	-0.1853592243	-0.09249109215	0.3159598865	-0.2135289809	0.03572038233	0.03848577574	0.3646511232	-0.1750879379	0.3159598865	0.138890292	-0.07482865169	-0.3699037992	-0.4063756512	-0.1288170939	0.4404018575	-0.3789277601	0.3347570294	-0.01213642921	0.2322396945	-0.05664062335	0.2322396945	0.01072998856	0.01345697284	0.1068785373	0.09895398363	-0.1565692695	0.1532918691	0.04904626924	-0.1737818361	0.2715247793	0.2260877756	0.1830429663	-0.1681533576	0.08911045393	0.1055324127	0.03101222595	0.09035209934	0.07689873332	0.01167273539	0.2381499268	0.1027960099	0.01252981946	0.2381499268	-0.0846398039	-0.04671787004	0.09048555938	0.03752221687	0.02308015585	0.03176467254	0.231507712	-0.02279670609	-0.01164960328	-0.03149427921	-0.07979328255	-0.07153392751	-0.07174661449	0.003044952338
chr11_2104098_C_T	0.05796689465	-0.1336235129	-0.09259100139	0.118877384	0.1005980909	-0.09014846118	-0.09308248513	-0.08572140692	-0.09014846118	-0.09014846118	-0.00524793525	0.1174523984	-0.02504260458	-0.01784096793	-0.007522170675	0.1123601328	0.03436390456	0.1024091568	0.1024091568	-0.00757190733	0.09881517762	-0.1067889547	-0.09919127956	0.1964311786	0.1768016016	0.4294430337	-0.1131107821	-0.180447319	-0.1810129432	-0.1827999084	0.06656311553	-0.146497866	0.4206875781	0.08007916558	-0.1567214633	0.2971383686	0.3027889027	0.06656311553	0.06656311553	0.108312846	-0.00863769832	0.08007916558	0.4639986084	0.4474157628	0.06828990987	-0.1553978759	-0.04888395321	-0.08448149018	-0.08448149018	-0.0517291678	0.4751014168	-0.21129574	0.415292369	0.08007916558	0.08172364375	0.4118596672	0.08007916558	-0.1558903389	0.06828990987	-0.07119186915	0.1068649158	-0.06050092737	0.4624117799	0.04486171451	0.0545689594	-0.1567073558	0.2941482871	0.226069768	-0.1474981323	-0.1470342306	-0.1470342306	0.05189297147	0.04486171451	0.1020483965	0.2610099043	0.05375883627	0.489545972	0.4232251106	-0.1797350671	-0.2095337082	-0.180809052	-0.2095337082	-0.1482977172	0.04853794805	0.0628703473	-0.2040161294	0.0628703473	0.2143428099	-0.1508224216	0.3957786351	0.4870711848	0.4899031341	-0.2122766706	0.4947854758	-0.02051206978	0.4600078575	-0.2097702965	0.4011215062	0.4232251106	-0.1592007159	0.4024637777	0.4232251106	0.4007750116	-0.05680483431	0.2921696008	0.3131263689	-0.1637490911	0.3149749545	-0.1673017286	-0.1624980346	0.5003373111	-0.07192540398	-0.161391556	-0.1624980346	0.5037011703	0.390125013	0.4974554572	0.03626037525	0.3844685363	0.03626037525	-0.1695413794	-0.0799152118	-0.09936238704	0.4071398914	0.5097998419	0.4062898836	-0.1762322869	-0.09001995026	0.6539609314	-0.1693394438	-0.1201156956	-0.1262371521	1	0.08125236352	1	-0.15051286	-0.1963131592	-0.1509200076	0.4391922616	-0.1726184139	0.1587303704	-0.01077498287	-0.01389286075	-0.1211474933	-0.1211474933	-0.01077498287	0.916531036	-0.1509200076	0.2647913299	0.1940551212	0.1935253102	-0.16263416	-0.01389286075	-0.1509200076	0.4537375081	0.3452475013	-0.1221592585	0.5021473308	-0.04042118076	-0.2735539631	0.5477111652	-0.1608738199	0.1626803851	0.08502930692	-0.03371788727	0.08502930692	0.1994379142	0.1989454807	0.6312665045	0.5962111963	0.198058256	0.5110090513	-0.08269755452	0.2645352771	0.0487964473	0.09731365334	-0.148766951	0.1338853781	-0.1369430964	0.1284107864	0.08767997937	-0.0595377103	-0.1100422163	0.1087376823	0.04434333333	-0.04860225579	0.104483662	0.04434333333	-0.1043719008	-0.106732301	0.535268621	0.1024362554	-0.1082625165	0.1034591278	0.04634522424	-0.08277021375	0.147067512	-0.1200080355	-0.11541888	-0.1143187699	0.2467035972	0.2663038631
chr11_2104138_A_G	0.05493997133	0.006097199406	0.02342764004	0.01997527003	0.02085108043	0.01815982271	0.04285685902	0.01947045306	0.01815982271	0.01815982271	-0.03848808845	0.02155809753	0.04144512475	0.1990662189	-0.03551028402	0.008585272411	0.0229821207	0.04218441843	0.04218441843	-0.02110665404	0.04136932261	0.02642629836	0.01698626478	-0.1910740303	0.3228595141	-0.06164689411	0.008680047085	0.2123052915	0.212991011	0.2151337746	0.5237524913	0.1780747018	-0.05546673759	0.5060707681	0.1784206598	-0.1414792224	-0.1395092729	0.5237524913	0.5237524913	0.3600668653	0.1213827165	0.5060707681	-0.0648903925	-0.04991843613	0.5276815184	0.1828103424	0.1818552519	0.1680504574	0.1680504574	0.1683603028	-0.05115914241	0.2303878558	-0.2149818391	0.5060707681	0.5100727371	-0.2199353558	0.5060707681	0.1917544128	0.5276815184	0.1882669694	0.2093520158	0.1871332763	-0.04458395811	0.5899230746	0.5366202662	0.1870380651	0.08389490889	0.06994655596	0.1876123128	0.1871298144	0.1871298144	0.5737979882	0.5899230746	0.2377959317	-0.03956681879	0.586310704	-0.02981798758	-0.2122356775	-0.02179460619	0.2282330471	-0.03599572625	0.2282330471	0.188629356	0.3781270046	0.5783201249	0.2310644066	0.5783201249	0.315700098	0.1858165687	0.1081635261	-0.01829634792	-0.02500668636	0.2293123999	-0.02357527611	0.1544821529	0.0461911415	0.2263485153	0.1101975378	-0.2122356775	0.1900163253	0.1124958973	-0.2122356775	0.1087001287	0.1813785886	0.1121179841	0.2139584688	0.1494284597	0.2070504818	-0.04535472575	0.1537152744	0.1152221699	0.185230094	0.1160817331	0.1537152744	-0.03562211638	0.108955262	-0.03562211638	0.1294904461	0.1108630301	0.1294904461	0.1710688443	0.208278222	0.1948875817	0.09836731251	-0.04529165752	0.09972257724	0.1762316246	0.1764522923	0.08038218975	-0.06081519804	0.2619497846	0.2736616113	0.08125236352	1	0.08125236352	0.1747125299	0.2488878767	0.1752323268	0.2855103881	0.2170290322	0.5532997622	0.106599845	0.1090488866	0.1335862703	0.1335862703	0.106599845	0.08125236352	0.1752323268	0.3902148526	0.5815848867	0.5846878309	0.1741059156	0.1090488866	0.1752323268	0.231617184	0.2796218398	0.1349855331	0.1972119452	0.1285834653	0.2659714211	0.154587893	0.1573461781	0.3877787785	0.9369545126	0.09561367793	0.9369545126	0.5328586556	0.5359277009	0.07048735756	0.05461632009	0.3100629637	0.09235808991	0.0170923575	0.1004647478	0.08486173652	0.1307117692	0.1520461904	-0.02688693548	0.1230063035	0.04010519884	0.08036199712	-0.07720214778	-0.01668181605	-0.013016002	0.2122847442	0.008468959338	-0.0143924368	0.2122847442	-0.09996175393	-0.07808314729	0.03440912485	0.04671665808	0.05427036695	-0.03527188638	0.2084342157	0.1071366158	-0.03830046104	-0.07611075769	-0.1524749396	-0.1132075635	0.02049663567	-0.03770229457
chr11_2104159_C_T	0.05796689465	-0.1336235129	-0.09259100139	0.118877384	0.1005980909	-0.09014846118	-0.09308248513	-0.08572140692	-0.09014846118	-0.09014846118	-0.00524793525	0.1174523984	-0.02504260458	-0.01784096793	-0.007522170675	0.1123601328	0.03436390456	0.1024091568	0.1024091568	-0.00757190733	0.09881517762	-0.1067889547	-0.09919127956	0.1964311786	0.1768016016	0.4294430337	-0.1131107821	-0.180447319	-0.1810129432	-0.1827999084	0.06656311553	-0.146497866	0.4206875781	0.08007916558	-0.1567214633	0.2971383686	0.3027889027	0.06656311553	0.06656311553	0.108312846	-0.00863769832	0.08007916558	0.4639986084	0.4474157628	0.06828990987	-0.1553978759	-0.04888395321	-0.08448149018	-0.08448149018	-0.0517291678	0.4751014168	-0.21129574	0.415292369	0.08007916558	0.08172364375	0.4118596672	0.08007916558	-0.1558903389	0.06828990987	-0.07119186915	0.1068649158	-0.06050092737	0.4624117799	0.04486171451	0.0545689594	-0.1567073558	0.2941482871	0.226069768	-0.1474981323	-0.1470342306	-0.1470342306	0.05189297147	0.04486171451	0.1020483965	0.2610099043	0.05375883627	0.489545972	0.4232251106	-0.1797350671	-0.2095337082	-0.180809052	-0.2095337082	-0.1482977172	0.04853794805	0.0628703473	-0.2040161294	0.0628703473	0.2143428099	-0.1508224216	0.3957786351	0.4870711848	0.4899031341	-0.2122766706	0.4947854758	-0.02051206978	0.4600078575	-0.2097702965	0.4011215062	0.4232251106	-0.1592007159	0.4024637777	0.4232251106	0.4007750116	-0.05680483431	0.2921696008	0.3131263689	-0.1637490911	0.3149749545	-0.1673017286	-0.1624980346	0.5003373111	-0.07192540398	-0.161391556	-0.1624980346	0.5037011703	0.390125013	0.4974554572	0.03626037525	0.3844685363	0.03626037525	-0.1695413794	-0.0799152118	-0.09936238704	0.4071398914	0.5097998419	0.4062898836	-0.1762322869	-0.09001995026	0.6539609314	-0.1693394438	-0.1201156956	-0.1262371521	1	0.08125236352	1	-0.15051286	-0.1963131592	-0.1509200076	0.4391922616	-0.1726184139	0.1587303704	-0.01077498287	-0.01389286075	-0.1211474933	-0.1211474933	-0.01077498287	0.916531036	-0.1509200076	0.2647913299	0.1940551212	0.1935253102	-0.16263416	-0.01389286075	-0.1509200076	0.4537375081	0.3452475013	-0.1221592585	0.5021473308	-0.04042118076	-0.2735539631	0.5477111652	-0.1608738199	0.1626803851	0.08502930692	-0.03371788727	0.08502930692	0.1994379142	0.1989454807	0.6312665045	0.5962111963	0.198058256	0.5110090513	-0.08269755452	0.2645352771	0.0487964473	0.09731365334	-0.148766951	0.1338853781	-0.1369430964	0.1284107864	0.08767997937	-0.0595377103	-0.1100422163	0.1087376823	0.04434333333	-0.04860225579	0.104483662	0.04434333333	-0.1043719008	-0.106732301	0.535268621	0.1024362554	-0.1082625165	0.1034591278	0.04634522424	-0.08277021375	0.147067512	-0.1200080355	-0.11541888	-0.1143187699	0.2467035972	0.2663038631
chr11_2104272_G_A	-0.1453172931	-0.08444541911	-0.1155927015	-0.06954130565	-0.08987950261	-0.1152017022	-0.1086003762	-0.1166513337	-0.1152017022	-0.1152017022	-0.0222386847	-0.06583148262	-0.1193051347	0.04845257542	-0.02502405814	-0.07246898496	-0.0507085628	0.04312522856	0.04312522856	0.09008606243	0.0388933476	-0.02199202808	-0.02596222141	-0.0460347384	0.2613032487	-0.2304688187	-0.1637688929	0.5604597853	0.5663313549	0.5619870146	0.06873520042	-0.1924732031	-0.2487428574	0.07080660986	-0.194071547	-0.1460280696	-0.1476806198	0.06873520042	0.06873520042	0.1380693742	0.0602064342	0.07080660986	-0.2265208429	-0.2331972806	0.07097945479	-0.1980122133	-0.07264513604	-0.1350776569	-0.1350776569	-0.1129661511	-0.2019158373	0.5318282613	-0.1331219521	0.07080660986	0.07299450545	-0.1274077678	0.07080660986	-0.2019652499	0.07097945479	-0.1205697395	0.1553668093	-0.12884123	-0.1982819502	0.06565335095	0.05846888568	-0.2030237442	-0.105101077	-0.4611104723	-0.2024576605	-0.2019703819	-0.2019703819	0.06090880318	0.06565335095	0.1427585063	-0.3803066546	0.06329078266	-0.1906412588	-0.1325808026	-0.2579525725	0.5313929922	-0.2512816834	0.5313929922	-0.20355518	0.04236404596	0.0666768644	0.5387416137	0.0666768644	0.2879915527	-0.2067223982	-0.2590790963	-0.09282127082	-0.1864869413	0.5365591236	-0.187980563	-0.08126012653	-0.2213091772	0.5387416137	-0.2645209371	-0.1325808026	-0.2061704197	-0.2678947155	-0.1325808026	-0.2641238013	-0.1145126111	0.3973718342	0.3825807221	-0.1774471016	0.3874895296	-0.2449331561	-0.1758403465	-0.08859913936	-0.1290410271	-0.2122299526	-0.1758403465	-0.231801505	-0.3025780926	-0.2366774213	-0.03416461689	-0.2962115325	-0.03416461689	-0.1885656106	-0.1318787357	0.9197196876	-0.307198245	-0.2433773665	-0.3087514981	-0.2099515119	0.9583669055	-0.09632575099	-0.2466477376	0.3110599392	0.3191019777	-0.15051286	0.1747125299	-0.15051286	1	0.7968048104	0.9972188346	0.6247566027	-0.2229543444	0.3146422749	-0.03641123347	-0.0400449081	-0.1716201688	-0.1716201688	-0.03641123347	-0.1577531628	0.9972188346	-0.4432190654	0.3051987271	0.3047100739	-0.2137964825	-0.0400449081	0.9972188346	0.6976699738	0.5526544082	-0.1725841001	-0.2472442637	-0.03661810756	-0.3391306406	-0.2387441452	-0.2182349593	0.282983112	0.1594566064	-0.04046591957	0.1594566064	0.2970555453	0.2965768492	-0.1171962528	-0.1025554173	-0.5935349072	-0.02099730843	-0.1158387087	-0.1290230035	0.1096151965	0.1826160789	0.5287020251	-0.08573589781	-0.1267476081	0.5284650594	0.4414617684	0.2522141824	0.1923823054	0.4301888661	0.0906109929	-0.09548726213	0.4329973053	0.0906109929	-0.08923614804	-0.09109182589	-0.09480110482	-0.01458593739	-0.05638847616	0.444748191	0.0929530736	-0.1441066645	0.305221918	-0.09376958445	-0.0286900635	-0.07879540158	-0.1403111416	-0.1239486289
chr11_2105215_T_G	-0.07757173789	-0.03993525259	-0.08591070426	-0.08628011766	-0.09887014887	-0.08721513439	-0.04968040398	-0.08900286371	-0.08721513439	-0.08721513439	-0.08053419756	-0.08371566981	-0.03520206248	0.0905858996	-0.07575390398	-0.08724219771	-0.05062773684	0.02816655574	0.02816655574	0.08673876332	0.02665230557	0.003948200065	-0.001052754512	-0.1088813845	0.3078410797	-0.2999389702	0.1162375808	0.4206411178	0.4253615504	0.420646202	0.1241777743	-0.2244194534	-0.3246038722	0.08487399322	-0.1968265195	-0.2024374445	-0.2044905353	0.1241777743	0.1241777743	-0.1102402941	0.06436900735	0.08487399322	-0.303677492	-0.3171810465	0.1268564692	-0.2340088281	0.3161997713	0.300562761	0.300562761	0.2866042707	-0.2810085423	0.4111429621	-0.1802587054	0.08487399322	0.0876433776	-0.1760254854	0.08487399322	-0.2086071977	0.1268564692	0.302052413	-0.1368807018	0.2814977067	-0.2897375576	0.1341436232	0.1284115653	-0.2097005022	-0.15417344	-0.304146602	-0.2375185592	-0.2367965704	-0.2367965704	0.1286499841	0.1341436232	-0.1531867598	-0.4691773342	0.1314068656	-0.2840445001	-0.1797601998	-0.2938817239	0.4001127438	-0.2691172193	0.4001127438	-0.2388061433	0.08190626291	0.1234982687	0.4092389062	0.1234982687	0.3749099849	-0.2428217591	-0.06193189644	-0.1242347101	-0.2814558037	0.4061610417	-0.2833312244	0.03376481226	-0.254222892	0.4092389062	-0.08152889336	-0.1797601998	-0.2137283816	-0.07908204711	-0.1797601998	-0.07775259065	0.3384973916	0.2174622106	0.4462880444	-0.1689138964	0.4540190561	-0.2856607313	-0.1668464147	-0.117629502	0.313094937	-0.2472595498	-0.1668464147	-0.3144441077	-0.08255916664	-0.3186641056	-0.02270263373	-0.07985776969	-0.02270263373	-0.1858023688	0.3031485863	0.7378341307	-0.08896956152	-0.3272208368	-0.09075175131	-0.2037644025	0.7696564847	-0.1433590122	-0.2903506334	0.1142632379	0.1263711715	-0.1963131592	0.2488878767	-0.1963131592	0.7968048104	1	0.7990136245	0.7542221333	0.1436001502	0.4069501967	-0.03021307209	-0.03499994667	-0.218524134	-0.218524134	-0.03021307209	-0.1963131592	0.7990136245	-0.21136906	0.3919334076	0.3952163284	-0.2632160477	-0.03499994667	0.7990136245	0.5100730703	0.3545825779	-0.219695098	-0.2973307024	-0.02646458986	-0.3009215823	-0.2897844856	-0.260235658	0.3629883461	0.2289081427	-0.04110163518	0.2289081427	0.3803608797	0.3797788665	-0.1402167025	-0.1308138766	-0.4033172846	-0.04572413495	-0.07942297879	-0.1544525653	0.155770574	0.1235137196	0.5828016624	0.0511618185	-0.08317126535	0.3786365245	0.4223724697	0.2734749797	0.1731538639	0.3908643427	0.116911191	-0.09733795099	0.3900435941	0.116911191	-0.01580727291	-0.01638443469	-0.1307598504	-0.01527197784	0.02014408303	0.4031536421	0.1198439389	-0.190609524	0.3143219627	-0.02822922749	0.04984504444	-0.01318200001	0.01633703697	-0.1169809555
chr11_2106354_T_C	-0.1369469913	-0.08570600677	-0.1177980252	-0.06032608484	-0.08169297218	-0.1174249147	-0.1104493216	-0.1188734068	-0.1174249147	-0.1174249147	-0.02312284702	-0.05665530626	-0.1206673891	0.04871958364	-0.02589761033	-0.06251135797	-0.04723609552	0.04800431923	0.04800431923	0.08723275279	0.04376232565	-0.02664873574	-0.03061107281	-0.04724714649	0.2621767504	-0.2266811975	-0.1646914754	0.558396759	0.564217453	0.5598839945	0.06947865028	-0.1930858598	-0.2449878084	0.07159405794	-0.1947278249	-0.1407254996	-0.1423823342	0.06947865028	0.06947865028	0.1387195732	0.05919687124	0.07159405794	-0.2226303511	-0.2294258395	0.07171531945	-0.1986171742	-0.07337586373	-0.1352373869	-0.1352373869	-0.1133142509	-0.1982981832	0.5297277258	-0.1333472986	0.07159405794	0.07377461084	-0.1276783762	0.07159405794	-0.2025672349	0.07171531945	-0.1210189873	0.1562752892	-0.129259957	-0.1947605026	0.06632835312	0.05927301442	-0.2036288841	-0.1058953776	-0.4587838805	-0.2030228589	-0.202542393	-0.202542393	0.06160008892	0.06632835312	0.1436748408	-0.3777826427	0.06397387509	-0.1869475706	-0.1328139935	-0.2586671488	0.5293120807	-0.2519989004	0.5293120807	-0.2041234424	0.04276111758	0.06737505485	0.5366464716	0.06737505485	0.2848187414	-0.2072831968	-0.2560012481	-0.09298246076	-0.182749337	0.5344667202	-0.1842405221	-0.08165029321	-0.2178855177	0.5366464716	-0.2613126647	-0.1328139935	-0.2067682536	-0.2646930943	-0.1328139935	-0.2609247079	-0.1149054255	0.3993660886	0.3841602661	-0.1781949685	0.3890867032	-0.2456567968	-0.1765921015	-0.08904722851	-0.1295181948	-0.2128316871	-0.1765921015	-0.2276141669	-0.2991451638	-0.2324578011	-0.03471415723	-0.2928543992	-0.03471415723	-0.1893039637	-0.1324282074	0.9171902455	-0.3037539558	-0.2391462391	-0.3053026384	-0.2105520253	0.9557514963	-0.09662257424	-0.2473087657	0.3078692076	0.3159598865	-0.1509200076	0.1752323268	-0.1509200076	0.9972188346	0.7990136245	1	0.6265561887	-0.2234825852	0.315535227	-0.03684661391	-0.0404666546	-0.1719875187	-0.1719875187	-0.03684661391	-0.1581123742	1	-0.4444591334	0.306028828	0.3055453395	-0.2143946567	-0.0404666546	1	0.6950366823	0.5543397633	-0.1729378377	-0.2432144849	-0.03714272818	-0.3401369983	-0.2343000354	-0.2187030102	0.2839991997	0.1600246389	-0.04076185806	0.1600246389	0.2978548509	0.2973814058	-0.1173212448	-0.1027252588	-0.5911425002	-0.02183211629	-0.1168338552	-0.1297451354	0.1102159596	0.1791904196	0.528278284	-0.08670134628	-0.1272799757	0.5229712445	0.436172917	0.2536607396	0.1933261683	0.4291948593	0.09104288239	-0.09661070782	0.431997435	0.09104288239	-0.08491565078	-0.08729875433	-0.09499541423	-0.01493201641	-0.0522281557	0.4438106603	0.09337728115	-0.1448653434	0.305871976	-0.08980670177	-0.02402375242	-0.07437723491	-0.1412366224	-0.1250134461
chr11_2106729_G_A	-0.0135675934	-0.0777422353	-0.09773430957	-0.01413822565	-0.04102060517	-0.09752017153	-0.06969093341	-0.09641494605	-0.09752017153	-0.09752017153	-0.06444840169	-0.01269141946	-0.01781265651	0.07296468449	-0.06159659754	-0.01883257898	-0.04398646125	0.07041796561	0.07041796561	0.05415448737	0.06684551687	-0.04386490552	-0.04379083419	0.01811124736	0.4099382104	-0.01808945569	0.03150081462	0.2761435236	0.2800683367	0.274628438	0.1381309178	-0.2992070061	-0.04612748137	0.1540610678	-0.3116263698	-0.009847507583	-0.008248232453	0.1381309178	0.1381309178	-0.05602362869	0.04043390409	0.1540610678	-0.0001965542967	-0.02282018537	0.1417259768	-0.3134946307	0.2606931315	0.2318017562	0.2318017562	0.2390870248	0.0234688755	0.2514863081	0.08275148975	0.1540610678	0.1575278721	0.08450005155	0.1540610678	-0.324912367	0.1417259768	0.2396418728	-0.1073649626	0.2271854617	0.0113181112	0.1525087556	0.1408268349	-0.3266152237	0.03706826491	-0.1429842813	-0.3161525023	-0.315244678	-0.315244678	0.1517957458	0.1525087556	-0.081459805	-0.2764358382	0.155474958	0.03340166713	0.08799276312	-0.3537057251	0.2425674938	-0.3963193641	0.2425674938	-0.3178663596	0.106139833	0.1344646073	0.2543649761	0.1344646073	0.4809387649	-0.3231052858	0.1592565222	0.1940921502	0.03602100177	0.2464504148	0.03730194741	0.03091680458	0.04904473431	0.2508220047	0.2040847432	0.08799276312	-0.3318032984	0.1896464875	0.08799276312	0.182873757	0.282594466	0.3790659682	0.5993600999	-0.2331237741	0.6043134745	-0.3767559671	-0.2304317811	0.1984103876	0.2107769434	-0.3337236006	-0.2304317811	0.01068165179	0.1405908204	0.002990397069	-0.009462447245	0.1395005674	-0.009462447245	-0.2525904067	0.1881092681	0.6457453198	0.1352731028	0.006751364116	0.1330901179	-0.2729313696	0.6327418441	0.2777021847	-0.3782830452	0.06589010795	0.07307477231	0.4391922616	0.2855103881	0.4391922616	0.6247566027	0.7542221333	0.6265561887	1	-0.009073953469	0.4335527743	-0.04621966447	-0.05238442918	-0.2822756203	-0.2822756203	-0.04621966447	0.3820881102	0.6265561887	-0.05272043945	0.4869580661	0.4861079352	-0.3320667828	-0.05238442918	0.6265561887	0.7308361424	0.5142701868	-0.2838632296	0.01753184734	-0.05977778715	-0.4504041791	0.05600179667	-0.3231467566	0.3986767558	0.2697773247	-0.05955925779	0.2697773247	0.4760045276	0.4751759024	0.2587616581	0.2458700341	-0.2282956906	0.2706525645	-0.1230255142	-0.0004266676525	0.1807254563	0.1943382598	0.4346269864	0.1206186478	-0.1123300488	0.4154240243	0.4261981211	0.202870454	0.0874557971	0.4135064678	0.1505502386	-0.1228099811	0.4101239719	0.1505502386	-0.08304072438	-0.0730503236	0.2084595441	0.03261392306	-0.03037033789	0.4252317302	0.154395652	-0.2195238113	0.3716711747	-0.09590305115	-0.02460874138	-0.07312034599	0.1543285506	0.05287527793
chr11_2106930_T_C	0.01419098115	0.08283841646	0.06388111164	-0.1103471342	-0.06647064205	0.05913273481	0.06825441874	0.05761780562	0.05913273481	0.05913273481	-0.004699807888	-0.1121758575	0.07874594756	0.09786008342	0.0005679102179	-0.1038291197	-0.02642964088	-0.08192789681	-0.08192789681	0.05635208936	-0.08225575472	0.1110290143	0.1065339982	0.01328449464	0.1640124466	0.2894699962	0.1760135595	-0.2737262518	-0.2744834046	-0.2769931811	0.1370954543	-0.1222667379	0.2689633931	0.09786095869	-0.1061771895	0.08895068843	0.08671304155	0.1370954543	0.1370954543	-0.1343984287	-0.0107721265	0.09786095869	0.2935037875	0.2727412426	0.139397588	-0.121707415	0.3349809365	0.3694540747	0.3694540747	0.3274212579	0.2997845515	-0.2677885323	-0.1209145301	0.09786095869	0.1002675909	-0.1231996207	0.09786095869	-0.08435662973	0.139397588	0.3339218939	-0.1466039101	0.3140794485	0.2843881786	0.1471186802	0.1570056769	-0.0948845646	0.3239466577	0.3363565415	-0.1159498379	-0.1198283147	-0.1198283147	0.1424414441	0.1471186802	-0.1630492849	0.1366761548	0.144787963	0.3009609257	-0.119880038	-0.1678036338	-0.2776591737	-0.1435162635	-0.2776591737	-0.121707415	0.07982059963	0.1334103899	-0.2697702795	0.1334103899	0.07490399545	-0.1254596071	0.4987647988	-0.1082731075	0.3110997448	-0.2691509103	0.3093591248	0.06087950681	0.3134011423	-0.2697702795	0.4771450863	-0.119880038	-0.09863208097	0.4829785983	-0.119880038	0.4844334189	0.3727493367	0.1114874681	0.3321588484	-0.1440837049	0.3421579175	-0.1523790639	-0.1422234753	-0.1103902621	0.3446751187	-0.1378801777	-0.1422234753	0.3368136183	0.5311157137	0.3368136183	-0.06485219192	0.5393431537	-0.06485219192	-0.1585156289	0.3294547576	-0.224863559	0.5279927244	0.3370982758	0.5307706397	-0.1575119889	-0.2182365003	-0.1106147816	-0.173197106	-0.5063583235	-0.4801615701	-0.1726184139	0.2170290322	-0.1726184139	-0.2229543444	0.1436001502	-0.2234825852	-0.009073953469	1	0.356899018	-0.06267680071	-0.06648574783	0.7549595901	0.7549595901	-0.06267680071	-0.1592192275	-0.2234825852	0.5026115692	0.3384764697	0.3420488211	-0.2392988801	-0.05440241561	-0.2234825852	-0.3009818594	0.2634250065	0.74902576	0.4489120115	-0.03526482588	-0.2403123212	0.5066593038	-0.2219127203	0.3397248545	0.1996857312	-0.04713861387	0.1996857312	0.3222552423	0.3216726109	-0.08009951278	-0.08101405003	0.3355136407	-0.08546404495	-0.03069418747	0.2652721801	-0.259903977	-0.1807609903	-0.01835019733	0.0403933219	-0.03829968659	-0.2337409135	-0.06950557487	-0.07866943256	-0.05447433564	-0.09948747629	-0.08092285108	-0.08082888679	-0.102349888	-0.08092285108	0.1394445599	0.1307647212	-0.1022842337	-0.01429380658	0.1571410787	-0.08913908804	-0.07727056049	0.00958890616	-0.03708989741	0.1261891568	0.170905242	0.131119473	0.05020851811	-0.09453315301
chr11_2107025_C_T	0.002269669676	-0.05850813944	0.01934337338	-0.09470531175	-0.07111928871	0.01595977382	0.02416060366	0.01485078794	0.01595977382	0.01595977382	-0.008627325987	-0.09601214458	0.06016078475	0.08878307999	-0.01094903398	-0.1419043478	-0.02692657949	-0.01207944313	-0.01207944313	0.02875376852	-0.01535148309	0.04506964819	0.03853629364	-0.02128355106	0.6354362081	0.1291359925	-0.0383270038	0.4145802379	0.4156788296	0.4158231608	0.2616882159	-0.4661727822	0.120654374	0.2394333106	-0.4610971548	0.01613949376	0.0145970715	0.2616882159	0.2616882159	0.1381292184	0.169751556	0.2394333106	0.1165420052	0.1050453494	0.2627134077	-0.4807364017	0.1844760939	0.185616015	0.185616015	0.1457662901	0.1331009044	0.4442295666	-0.03847503136	0.2394333106	0.2405697995	-0.0403003288	0.2394333106	-0.451481507	0.2627134077	0.1160014829	0.1330686795	0.0935644324	0.1299014167	0.3022715782	0.2669671468	-0.4624292451	0.1725200729	-0.2785026825	-0.4694633909	-0.4753412717	-0.4753412717	0.2940590754	0.3022715782	0.0908233401	-0.3377377948	0.30149659	0.1510317433	-0.03702774361	-0.5671370849	0.4440200614	-0.5323192947	0.4440200614	-0.4763723728	0.1751511733	0.3054192304	0.4535416114	0.3054192304	0.5874401686	-0.4827990998	0.2367236062	0.01497910793	0.1647275648	0.4553254861	0.1634792618	-0.009280207879	0.1415510135	0.4570783424	0.17971356	-0.03702774361	-0.4645581587	0.2164900621	-0.03702774361	0.2167830711	0.1872089122	0.4351686425	0.4165480186	0.2813113432	0.3977655437	-0.542357254	0.2873326779	0.1684266121	0.1073134492	-0.5131303414	0.2873326779	0.1585196947	0.2378081159	0.1546808408	0.1258133282	0.2424493353	0.1258133282	0.2878223672	0.1569827306	0.2797970519	0.248292709	0.1565565176	0.2473186283	0.2866492405	0.3253389112	0.1085006467	-0.566661384	0.01550603142	0.0242770022	0.1587303704	0.5532997622	0.1587303704	0.3146422749	0.4069501967	0.315535227	0.4335527743	0.356899018	1	0.1656152107	0.1702839379	0.2528705919	0.2528705919	0.1656152107	0.2157339425	0.315535227	0.7015981079	0.9588996751	0.9606600151	0.311952429	0.1600028196	0.315535227	0.4483200938	0.5466049955	0.2502153209	0.3908131872	0.199092962	-0.1844415623	0.3346041271	0.2790827107	0.8855789972	0.5203106533	0.1496320673	0.5203106533	0.9292501457	0.927500965	0.1631308451	0.1454431754	0.179592319	0.1779964931	0.05956595731	0.1571275662	-0.01752766796	0.2127642909	0.2952827825	0.05785254576	-0.04624826804	0.2164020468	0.2428845109	0.07240805571	-0.08742051219	0.2122167852	0.06283846267	0.04710276042	0.2105367768	0.06283846267	-0.07602829449	-0.1081971788	0.1229250017	0.07881848762	-0.03228188873	0.194899156	0.06480408173	-0.261002873	0.1735012998	-0.1273526296	-0.00736453016	-0.0899867891	0.03982298978	-0.04792234329
chr11_2107107_G_A	-0.01319777001	-0.051789075	-0.04438435685	0.02462573847	0.1261252629	-0.04589139794	-0.04787911523	-0.04644501725	-0.04589139794	-0.04589139794	0.004206315363	0.02396304302	-0.03468531617	-0.09381362168	0.00307096725	-0.08427750785	0.1203921782	0.07064706235	0.07064706235	-0.03758154528	0.06883769628	-0.08089075319	-0.08239665824	-0.01035270147	-0.08948271453	-0.07819001975	0.2931333732	-0.09166916601	-0.09192693237	-0.09277580883	0.05872060976	-0.08473229099	-0.07634988632	0.04632074246	-0.07634656621	0.001403514112	0.0006902700211	0.05872060976	0.05872060976	0.06368100631	0.3250829976	0.04632074246	-0.0288176997	-0.02691386385	0.05944908299	-0.07569453947	0.06707414864	0.1739058704	0.1739058704	0.1692747102	-0.05778022505	-0.1064639465	0.01908084218	0.04632074246	0.02902217636	0.018090152	0.04632074246	-0.0665630659	0.05944908299	0.1824867724	-0.1072309252	0.1904763083	-0.07269134052	0.06930310365	0.0579883083	-0.06691192109	-0.08987113263	0.1271775554	-0.07528641311	-0.07508915433	-0.07508915433	0.06790745776	0.06930310365	-0.1083495488	0.01950471589	0.06860712427	-0.04956152793	0.002067942285	0.06656478505	-0.1056253823	0.07899763309	-0.1056253823	-0.07569453947	0.02498308444	0.07205202037	-0.1029685056	0.07205202037	-0.01970494015	-0.07690434636	0.07830209713	-0.007232810706	-0.06837316769	-0.09364447617	-0.06894254274	0.2816620907	0.0716193403	-0.1029685056	0.05458536525	0.002067942285	-0.06812601891	0.06247397425	0.002067942285	0.05376920428	0.2066935164	-0.105149289	0.0249396009	-0.07629959839	0.01819700017	0.07972092816	-0.07569453947	0.2798732923	0.1988999676	-0.08520786544	-0.07569453947	-0.07285685427	0.2280699869	-0.0614367972	0.7895818354	0.225328218	0.7895818354	-0.08249895713	0.4289197269	-0.06298698944	0.2453550976	-0.04939731097	0.2449740431	-0.09520779156	-0.05528291296	0.04254138898	-0.07805269216	-0.1736557491	-0.1853592243	-0.01077498287	0.106599845	-0.01077498287	-0.03641123347	-0.03021307209	-0.03684661391	-0.04621966447	-0.06267680071	0.1656152107	1	0.9848244735	-0.0763202359	-0.0763202359	1	0.006182787791	-0.03684661391	0.1846491864	0.1553495735	0.1552820219	-0.111008693	0.9848244735	-0.03684661391	0.3203762716	-0.07882655281	-0.07649982762	0.303805006	0.8682959616	-0.1409562426	-0.06717164243	-0.1010442345	0.1576436922	0.1007402495	0.5406313822	0.1007402495	0.1475933046	0.1475216263	-0.02380496103	-0.01716529658	0.1360485006	-0.03704680142	0.03120927562	-0.056573397	-0.009432666048	-0.06254010646	-0.05530927158	0.1046518789	-0.06446799197	-0.03135189681	-0.07443863872	0.01612493373	0.002631903667	0.05474809494	-0.1077120916	-0.009823545879	0.05546403304	-0.1077120916	-0.04216190561	-0.04182586147	-0.01360540463	0.01050610725	-0.02724670747	-0.06027412721	-0.1060370931	0.136473144	-0.05182937998	-0.04737374158	-0.04143790502	-0.04958500644	-0.05311811994	-0.06171386448
chr11_2107122_C_T	-0.01796719766	-0.04205907139	-0.03057187296	0.01991169533	0.1194044826	-0.03212312645	-0.0428115334	-0.03267596728	-0.03212312645	-0.03212312645	0.02317661159	0.01924253603	-0.02788847159	-0.09117050654	0.02191332522	-0.0871066326	0.1131219371	0.06177407354	0.06177407354	-0.04231910226	0.05997301334	-0.07160794091	-0.07313803947	-0.01374037601	-0.08221059538	-0.08253175958	0.284478789	-0.07608061845	-0.07639587306	-0.07730224361	0.06070925858	-0.08796821703	-0.08093065005	0.04861227876	-0.07982261714	-0.002190281256	-0.002909217726	0.06070925858	0.06070925858	0.06645289698	0.3192402379	0.04861227876	-0.03373908293	-0.03203485039	0.06144473849	-0.07912078988	0.06334378238	0.169088983	0.169088983	0.1644231963	-0.06247826535	-0.09136232752	0.0162474456	0.04861227876	0.03156562518	0.01525295194	0.04861227876	-0.0701674721	0.06144473849	0.177103229	-0.1012672174	0.1849277081	-0.07727673516	0.07094116551	0.05996995997	-0.07053521788	-0.09211427448	0.1141333304	-0.07869419002	-0.07850795543	-0.07850795543	0.06952931891	0.07094116551	-0.1025464966	0.009875093557	0.07023709031	-0.05419401105	-0.0005439502569	0.06002560451	-0.09047258038	0.07238591176	-0.09047258038	-0.07912078988	0.02621902414	0.07372237872	-0.08776697024	0.07372237872	-0.01229681882	-0.08034555005	0.07023783552	-0.008938535814	-0.07267867456	-0.07858425756	-0.07325648448	0.2756722128	0.06467311933	-0.08776697024	0.04700421309	-0.0005439502569	-0.07176426128	0.05468738878	-0.0005439502569	0.04613606218	0.2012052164	-0.1027424872	0.01477195403	-0.05414277391	0.008180254212	0.07318218148	-0.05350921196	0.2736600336	0.1930977955	-0.08871612935	-0.05350921196	-0.07696136968	0.2181178501	-0.06569665193	0.7770375789	0.2153391423	0.7770375789	-0.06075572795	0.4197769017	-0.06657771945	0.2352599722	-0.05375782534	0.2348649761	-0.07314782782	-0.05879942669	0.03978921919	-0.0823261348	-0.163694678	-0.1750879379	-0.01389286075	0.1090488866	-0.01389286075	-0.0400449081	-0.03499994667	-0.0404666546	-0.05238442918	-0.06648574783	0.1702839379	0.9848244735	1	-0.07877899328	-0.07877899328	0.9848244735	0.002834244816	-0.0404666546	0.1917583433	0.1598663569	0.1598042116	-0.08931800169	0.9698311273	-0.0404666546	0.3100370392	-0.08533900887	-0.0789393265	0.2941911443	0.8547011872	-0.1269213862	-0.07130567083	-0.07832313417	0.1622197461	0.1031462695	0.5319662005	0.1031462695	0.1520185856	0.1519527233	-0.02557640004	-0.01890592087	0.140852879	-0.03880768034	0.03977271811	-0.05946996683	-0.006219359909	-0.05548610671	-0.05931512369	0.09966291654	-0.05182751988	-0.03556512598	-0.07892875877	0.01313083616	-0.00376347913	0.0480255028	-0.1038473226	-0.0008595899276	0.04872792777	-0.1038473226	-0.04585689554	-0.04606715785	-0.01533195763	0.009333742837	-0.03112176057	-0.06517494368	-0.1021769111	0.1306334423	-0.05631791296	-0.05139663752	-0.04456488252	-0.05307143133	-0.05670842431	-0.06525935292
chr11_2107154_G_A	-0.0371937811	0.04628425835	0.0474651589	-0.08516277645	-0.0395226745	0.0439037555	0.01298050893	0.04276701638	0.0439037555	0.0439037555	0.07433388445	-0.08653286544	-0.00130503293	0.05449703917	0.07143062101	-0.07892139433	-0.01418346273	-0.07817530409	-0.07817530409	0.0590437671	-0.08134270558	0.09541209899	0.09203895931	0.1064866354	0.09439189414	0.4852403101	-0.1298079355	-0.2432327258	-0.2436814351	-0.2454651894	0.08926569964	-0.07058770622	0.4719855283	0.09459806396	-0.08844129431	0.2131459343	0.2112527605	0.08926569964	0.08926569964	0.1393921043	-0.02804713992	0.09459806396	0.499353169	0.484295152	0.09104553211	-0.06371398358	-0.09883166812	-0.1088590816	-0.1088590816	-0.1167254198	0.5051835777	-0.2555684149	-0.06056577699	0.09459806396	0.09632842157	-0.06239043823	0.09459806396	-0.0558257769	0.09104553211	-0.1354067836	0.1891958547	-0.1416680458	0.5019397131	0.07629621635	0.08747474971	-0.06825255348	0.4727149841	0.2787323825	-0.05723303662	-0.06228140805	-0.06228140805	0.07247051974	0.07629621635	0.17060377	0.3490647456	0.07439072143	0.5230532832	-0.05935519469	-0.1137082806	-0.2537477098	-0.1035738836	-0.2537477098	-0.06371398358	0.03707966437	0.08377868724	-0.247850851	0.08377868724	-0.07495744622	-0.06657377884	0.3897768616	-0.07292579274	0.5365577515	-0.2455570805	0.5352204093	-0.08076498299	0.4554863336	-0.247850851	0.377881552	-0.05935519469	-0.0710680555	0.3780143279	-0.05935519469	0.3822191098	-0.1298581314	0.3057403408	0.2515374592	-0.1576290523	0.2590454023	-0.08592951778	-0.1562742982	-0.07897860782	-0.1455052265	-0.0818531805	-0.1562742982	0.5595127195	0.4018273416	0.5595127195	-0.0859856543	0.4153781618	-0.0859856543	-0.1654904782	-0.15312552	-0.1874426901	0.4012597734	0.5633052142	0.405168697	-0.1650191487	-0.1773603868	-0.0548672001	-0.1069092546	-0.4036875246	-0.3789473662	-0.1211474933	0.1335862703	-0.1211474933	-0.1716201688	-0.218524134	-0.1719875187	-0.2822756203	0.7549595901	0.2528705919	-0.0763202359	-0.07877899328	1	1	-0.0763202359	-0.1130872524	-0.1719875187	0.3692065076	0.2396498267	0.2391787944	-0.1910717406	-0.06424160786	-0.1719875187	-0.233537518	0.4845501483	0.993286035	0.6552541412	-0.06091823229	-0.2901656261	0.7245951836	-0.1792666493	0.2586328643	0.1214957033	-0.04826064943	0.1214957033	0.226049231	0.2255616627	-0.04546807353	-0.04242252013	0.258475786	-0.06629111893	-0.06175017107	0.3693140333	-0.3925112499	-0.1705648623	-0.1865950587	-0.110938529	-0.07866093148	-0.1776971313	-0.1328034745	-0.1594688505	-0.07102861503	-0.1357083432	-0.1480222007	-0.08259685176	-0.1349519927	-0.1480222007	0.08457593933	0.06752189081	-0.05947969839	-0.0132944446	0.08983657048	-0.1229341777	-0.1448019403	0.09820667722	-0.1011429784	0.07999411757	0.1045448158	0.08261944409	-0.1204075215	-0.105206949
chr11_2107216_C_A	-0.0371937811	0.04628425835	0.0474651589	-0.08516277645	-0.0395226745	0.0439037555	0.01298050893	0.04276701638	0.0439037555	0.0439037555	0.07433388445	-0.08653286544	-0.00130503293	0.05449703917	0.07143062101	-0.07892139433	-0.01418346273	-0.07817530409	-0.07817530409	0.0590437671	-0.08134270558	0.09541209899	0.09203895931	0.1064866354	0.09439189414	0.4852403101	-0.1298079355	-0.2432327258	-0.2436814351	-0.2454651894	0.08926569964	-0.07058770622	0.4719855283	0.09459806396	-0.08844129431	0.2131459343	0.2112527605	0.08926569964	0.08926569964	0.1393921043	-0.02804713992	0.09459806396	0.499353169	0.484295152	0.09104553211	-0.06371398358	-0.09883166812	-0.1088590816	-0.1088590816	-0.1167254198	0.5051835777	-0.2555684149	-0.06056577699	0.09459806396	0.09632842157	-0.06239043823	0.09459806396	-0.0558257769	0.09104553211	-0.1354067836	0.1891958547	-0.1416680458	0.5019397131	0.07629621635	0.08747474971	-0.06825255348	0.4727149841	0.2787323825	-0.05723303662	-0.06228140805	-0.06228140805	0.07247051974	0.07629621635	0.17060377	0.3490647456	0.07439072143	0.5230532832	-0.05935519469	-0.1137082806	-0.2537477098	-0.1035738836	-0.2537477098	-0.06371398358	0.03707966437	0.08377868724	-0.247850851	0.08377868724	-0.07495744622	-0.06657377884	0.3897768616	-0.07292579274	0.5365577515	-0.2455570805	0.5352204093	-0.08076498299	0.4554863336	-0.247850851	0.377881552	-0.05935519469	-0.0710680555	0.3780143279	-0.05935519469	0.3822191098	-0.1298581314	0.3057403408	0.2515374592	-0.1576290523	0.2590454023	-0.08592951778	-0.1562742982	-0.07897860782	-0.1455052265	-0.0818531805	-0.1562742982	0.5595127195	0.4018273416	0.5595127195	-0.0859856543	0.4153781618	-0.0859856543	-0.1654904782	-0.15312552	-0.1874426901	0.4012597734	0.5633052142	0.405168697	-0.1650191487	-0.1773603868	-0.0548672001	-0.1069092546	-0.4036875246	-0.3789473662	-0.1211474933	0.1335862703	-0.1211474933	-0.1716201688	-0.218524134	-0.1719875187	-0.2822756203	0.7549595901	0.2528705919	-0.0763202359	-0.07877899328	1	1	-0.0763202359	-0.1130872524	-0.1719875187	0.3692065076	0.2396498267	0.2391787944	-0.1910717406	-0.06424160786	-0.1719875187	-0.233537518	0.4845501483	0.993286035	0.6552541412	-0.06091823229	-0.2901656261	0.7245951836	-0.1792666493	0.2586328643	0.1214957033	-0.04826064943	0.1214957033	0.226049231	0.2255616627	-0.04546807353	-0.04242252013	0.258475786	-0.06629111893	-0.06175017107	0.3693140333	-0.3925112499	-0.1705648623	-0.1865950587	-0.110938529	-0.07866093148	-0.1776971313	-0.1328034745	-0.1594688505	-0.07102861503	-0.1357083432	-0.1480222007	-0.08259685176	-0.1349519927	-0.1480222007	0.08457593933	0.06752189081	-0.05947969839	-0.0132944446	0.08983657048	-0.1229341777	-0.1448019403	0.09820667722	-0.1011429784	0.07999411757	0.1045448158	0.08261944409	-0.1204075215	-0.105206949
chr11_2107655_C_A	-0.01319777001	-0.051789075	-0.04438435685	0.02462573847	0.1261252629	-0.04589139794	-0.04787911523	-0.04644501725	-0.04589139794	-0.04589139794	0.004206315363	0.02396304302	-0.03468531617	-0.09381362168	0.00307096725	-0.08427750785	0.1203921782	0.07064706235	0.07064706235	-0.03758154528	0.06883769628	-0.08089075319	-0.08239665824	-0.01035270147	-0.08948271453	-0.07819001975	0.2931333732	-0.09166916601	-0.09192693237	-0.09277580883	0.05872060976	-0.08473229099	-0.07634988632	0.04632074246	-0.07634656621	0.001403514112	0.0006902700211	0.05872060976	0.05872060976	0.06368100631	0.3250829976	0.04632074246	-0.0288176997	-0.02691386385	0.05944908299	-0.07569453947	0.06707414864	0.1739058704	0.1739058704	0.1692747102	-0.05778022505	-0.1064639465	0.01908084218	0.04632074246	0.02902217636	0.018090152	0.04632074246	-0.0665630659	0.05944908299	0.1824867724	-0.1072309252	0.1904763083	-0.07269134052	0.06930310365	0.0579883083	-0.06691192109	-0.08987113263	0.1271775554	-0.07528641311	-0.07508915433	-0.07508915433	0.06790745776	0.06930310365	-0.1083495488	0.01950471589	0.06860712427	-0.04956152793	0.002067942285	0.06656478505	-0.1056253823	0.07899763309	-0.1056253823	-0.07569453947	0.02498308444	0.07205202037	-0.1029685056	0.07205202037	-0.01970494015	-0.07690434636	0.07830209713	-0.007232810706	-0.06837316769	-0.09364447617	-0.06894254274	0.2816620907	0.0716193403	-0.1029685056	0.05458536525	0.002067942285	-0.06812601891	0.06247397425	0.002067942285	0.05376920428	0.2066935164	-0.105149289	0.0249396009	-0.07629959839	0.01819700017	0.07972092816	-0.07569453947	0.2798732923	0.1988999676	-0.08520786544	-0.07569453947	-0.07285685427	0.2280699869	-0.0614367972	0.7895818354	0.225328218	0.7895818354	-0.08249895713	0.4289197269	-0.06298698944	0.2453550976	-0.04939731097	0.2449740431	-0.09520779156	-0.05528291296	0.04254138898	-0.07805269216	-0.1736557491	-0.1853592243	-0.01077498287	0.106599845	-0.01077498287	-0.03641123347	-0.03021307209	-0.03684661391	-0.04621966447	-0.06267680071	0.1656152107	1	0.9848244735	-0.0763202359	-0.0763202359	1	0.006182787791	-0.03684661391	0.1846491864	0.1553495735	0.1552820219	-0.111008693	0.9848244735	-0.03684661391	0.3203762716	-0.07882655281	-0.07649982762	0.303805006	0.8682959616	-0.1409562426	-0.06717164243	-0.1010442345	0.1576436922	0.1007402495	0.5406313822	0.1007402495	0.1475933046	0.1475216263	-0.02380496103	-0.01716529658	0.1360485006	-0.03704680142	0.03120927562	-0.056573397	-0.009432666048	-0.06254010646	-0.05530927158	0.1046518789	-0.06446799197	-0.03135189681	-0.07443863872	0.01612493373	0.002631903667	0.05474809494	-0.1077120916	-0.009823545879	0.05546403304	-0.1077120916	-0.04216190561	-0.04182586147	-0.01360540463	0.01050610725	-0.02724670747	-0.06027412721	-0.1060370931	0.136473144	-0.05182937998	-0.04737374158	-0.04143790502	-0.04958500644	-0.05311811994	-0.06171386448
chr11_2107742_G_A	0.05181860881	-0.1483247682	-0.07028276304	0.118877384	0.1005980909	-0.06787252367	-0.06428285834	-0.06900370925	-0.06787252367	-0.06787252367	-0.01712767909	0.1174523984	8.553451281e-05	0.001428443511	-0.01933251466	0.09793456269	0.04869936743	0.09136273833	0.09136273833	-0.00757190733	0.08780888688	-0.09069513362	-0.08309896937	0.2040380102	0.1302066916	0.3939625205	-0.09931627527	-0.1979287316	-0.1984393276	-0.1943870526	-0.01516099752	-0.1392203153	0.3798491797	0.0007649442676	-0.1567214633	0.244128682	0.2498568998	-0.01516099752	-0.01516099752	0.04080243469	-0.00863769832	0.0007649442676	0.421797017	0.4060135642	-0.01311609631	-0.1553978759	-0.03990332701	-0.07438708218	-0.07438708218	-0.04168422658	0.4332299429	-0.2285108866	0.415292369	0.0007649442676	0.002690244308	0.4118596672	0.0007649442676	-0.1489457699	-0.01311609631	-0.06210383796	0.04943588379	-0.0516159878	0.4208415278	0.04486171451	-0.01722250353	-0.1567073558	0.3022381605	0.1993864144	-0.1404362559	-0.1470342306	-0.1470342306	0.05189297147	0.04486171451	0.03532099368	0.2298104926	0.05375883627	0.4470027417	0.4232251106	-0.1735347185	-0.226788197	-0.1685101291	-0.226788197	-0.1482977172	0.04853794805	0.0628703473	-0.2212786309	0.0628703473	0.203160001	-0.1508224216	0.4070539423	0.4870711848	0.446991166	-0.2295603757	0.451877979	-0.008341084029	0.4249887362	-0.227032798	0.3614288436	0.4232251106	-0.1592007159	0.4138385957	0.4232251106	0.4121688433	-0.0471870076	0.2921696008	0.3131263689	-0.1779377453	0.2718384281	-0.1545694227	-0.176698352	0.5003373111	-0.06312771855	-0.1544943026	-0.176698352	0.4599811786	0.3619181663	0.4537354655	0.05128740223	0.3562728119	0.05128740223	-0.1835366153	-0.05516944899	-0.1134746642	0.3737469267	0.4604529343	0.3728774986	-0.1903121252	-0.09719592555	0.5383296762	-0.1114528523	-0.09175576029	-0.09249109215	0.916531036	0.08125236352	0.916531036	-0.1577531628	-0.1963131592	-0.1581123742	0.3820881102	-0.1592192275	0.2157339425	0.006182787791	0.002834244816	-0.1130872524	-0.1130872524	0.006182787791	1	-0.1581123742	0.3237356326	0.1940551212	0.1935253102	-0.1695270286	0.002834244816	-0.1581123742	0.5066304291	0.3951825232	-0.1063155874	0.5695185018	0.0903377123	-0.2735539631	0.560693221	-0.1751761191	0.2147146671	0.08502930692	0.1264799455	0.08502930692	0.1994379142	0.1989454807	0.6312665045	0.5962111963	0.198058256	0.5110090513	-0.1044641129	0.3027055059	0.0487964473	0.1036113158	-0.135556102	0.1494414046	-0.1369430964	0.1475882672	0.1105967316	-0.0595377103	-0.1164277755	0.1030323633	0.04434333333	-0.07008170158	0.09875983466	0.04434333333	-0.07566799967	-0.07961070522	0.535268621	0.07728381672	-0.07931368014	0.09193946412	0.04634522424	-0.08277021375	0.1344204521	-0.09241902186	-0.09196370074	-0.1143187699	0.2532350619	0.2802781301
chr11_2107752_C_T	-0.1369469913	-0.08570600677	-0.1177980252	-0.06032608484	-0.08169297218	-0.1174249147	-0.1104493216	-0.1188734068	-0.1174249147	-0.1174249147	-0.02312284702	-0.05665530626	-0.1206673891	0.04871958364	-0.02589761033	-0.06251135797	-0.04723609552	0.04800431923	0.04800431923	0.08723275279	0.04376232565	-0.02664873574	-0.03061107281	-0.04724714649	0.2621767504	-0.2266811975	-0.1646914754	0.558396759	0.564217453	0.5598839945	0.06947865028	-0.1930858598	-0.2449878084	0.07159405794	-0.1947278249	-0.1407254996	-0.1423823342	0.06947865028	0.06947865028	0.1387195732	0.05919687124	0.07159405794	-0.2226303511	-0.2294258395	0.07171531945	-0.1986171742	-0.07337586373	-0.1352373869	-0.1352373869	-0.1133142509	-0.1982981832	0.5297277258	-0.1333472986	0.07159405794	0.07377461084	-0.1276783762	0.07159405794	-0.2025672349	0.07171531945	-0.1210189873	0.1562752892	-0.129259957	-0.1947605026	0.06632835312	0.05927301442	-0.2036288841	-0.1058953776	-0.4587838805	-0.2030228589	-0.202542393	-0.202542393	0.06160008892	0.06632835312	0.1436748408	-0.3777826427	0.06397387509	-0.1869475706	-0.1328139935	-0.2586671488	0.5293120807	-0.2519989004	0.5293120807	-0.2041234424	0.04276111758	0.06737505485	0.5366464716	0.06737505485	0.2848187414	-0.2072831968	-0.2560012481	-0.09298246076	-0.182749337	0.5344667202	-0.1842405221	-0.08165029321	-0.2178855177	0.5366464716	-0.2613126647	-0.1328139935	-0.2067682536	-0.2646930943	-0.1328139935	-0.2609247079	-0.1149054255	0.3993660886	0.3841602661	-0.1781949685	0.3890867032	-0.2456567968	-0.1765921015	-0.08904722851	-0.1295181948	-0.2128316871	-0.1765921015	-0.2276141669	-0.2991451638	-0.2324578011	-0.03471415723	-0.2928543992	-0.03471415723	-0.1893039637	-0.1324282074	0.9171902455	-0.3037539558	-0.2391462391	-0.3053026384	-0.2105520253	0.9557514963	-0.09662257424	-0.2473087657	0.3078692076	0.3159598865	-0.1509200076	0.1752323268	-0.1509200076	0.9972188346	0.7990136245	1	0.6265561887	-0.2234825852	0.315535227	-0.03684661391	-0.0404666546	-0.1719875187	-0.1719875187	-0.03684661391	-0.1581123742	1	-0.4444591334	0.306028828	0.3055453395	-0.2143946567	-0.0404666546	1	0.6950366823	0.5543397633	-0.1729378377	-0.2432144849	-0.03714272818	-0.3401369983	-0.2343000354	-0.2187030102	0.2839991997	0.1600246389	-0.04076185806	0.1600246389	0.2978548509	0.2973814058	-0.1173212448	-0.1027252588	-0.5911425002	-0.02183211629	-0.1168338552	-0.1297451354	0.1102159596	0.1791904196	0.528278284	-0.08670134628	-0.1272799757	0.5229712445	0.436172917	0.2536607396	0.1933261683	0.4291948593	0.09104288239	-0.09661070782	0.431997435	0.09104288239	-0.08491565078	-0.08729875433	-0.09499541423	-0.01493201641	-0.0522281557	0.4438106603	0.09337728115	-0.1448653434	0.305871976	-0.08980670177	-0.02402375242	-0.07437723491	-0.1412366224	-0.1250134461
chr11_2107761_C_T	0.1089202662	0.004426992875	0.1061423586	-0.04383602289	-0.004810271824	0.102727182	0.1040843745	0.1027786346	0.102727182	0.102727182	0.01142259918	-0.04778157164	0.1512654771	0.05698172915	0.01132489935	-0.08716953305	0.01115236316	-0.03951621665	-0.03951621665	-0.03988573207	-0.03941596116	0.06055693294	0.05740974762	0.01858449618	0.399551404	0.2954737004	0.09115765616	-0.04008622651	-0.04333151269	-0.03990090003	0.1915548682	-0.2859434226	0.2979745397	0.1689292823	-0.2840325111	0.1190774141	0.1188830814	0.1915548682	0.1915548682	0.02299969381	0.1168352621	0.1689292823	0.2770450942	0.2715335685	0.1908359349	-0.2996528994	0.2307911372	0.2775994191	0.2775994191	0.2238993107	0.2746740231	0.009806214937	0.06565404636	0.1689292823	0.1683570736	0.05973124514	0.1689292823	-0.2651448263	0.1908359349	0.2019980552	0.004329679765	0.1871002993	0.2691422031	0.2322505961	0.204137148	-0.2786349444	0.2444025701	0.09088016814	-0.2817162456	-0.2916718962	-0.2916718962	0.2280870439	0.2322505961	-0.02582588507	-0.02702621552	0.2332931249	0.2828472499	0.06662675048	-0.3314192609	0.009858789884	-0.3037793911	0.009858789884	-0.291448162	0.1312764094	0.2343627151	0.01326348896	0.2343627151	0.333155911	-0.2951052353	0.4167294736	0.08509012983	0.2924952947	0.01657832296	0.2924487434	0.05418319451	0.297763637	0.01658816328	0.3669216897	0.06662675048	-0.2782670331	0.4040961439	0.06662675048	0.4015248338	0.264165409	0.1043298272	0.108592339	0.3851074981	0.08407493105	-0.3178949739	0.3895450455	0.22698405	0.2003509218	-0.3153259082	0.3895450455	0.3198843119	0.4497470852	0.3198843119	0.1458669175	0.4494958055	0.1458669175	0.3998715111	0.2494137773	-0.4241985613	0.4629920538	0.3266146976	0.4632467118	0.4145099161	-0.410427362	0.1760712985	-0.3395877094	-0.2188232068	-0.2135289809	0.2647913299	0.3902148526	0.2647913299	-0.4432190654	-0.21136906	-0.4444591334	-0.05272043945	0.5026115692	0.7015981079	0.1846491864	0.1917583433	0.3692065076	0.3692065076	0.1846491864	0.3237356326	-0.4444591334	1	0.6769412393	0.6756687015	0.4415503896	0.1917583433	-0.4444591334	-0.08724381091	0.1049118598	0.3719794253	0.5538521864	0.2249373145	0.07153820536	0.4902045225	0.4130392833	0.6211138072	0.3709093787	0.1838596965	0.3709093787	0.6521325801	0.6508578956	0.2427719972	0.2151539022	0.6159598798	0.1857664311	0.1427862372	0.247894598	-0.09633040607	0.07145830482	-0.1190684478	0.1224060433	0.04962807628	-0.1891335131	-0.09797514351	-0.1182531235	-0.2237914543	-0.1211208686	-0.004379733435	0.1119073976	-0.1248059265	-0.004379733435	-0.004102266395	-0.03204621876	0.1881668081	0.07167420334	0.01264588097	-0.1485996438	-0.00432545729	-0.1335954165	-0.05614230075	-0.04832199829	0.01452250759	-0.0251787364	0.1468065377	0.05230471914
chr11_2107854_G_T	0.0442486183	-0.01964021396	0.03749535536	-0.1037795194	-0.08230816362	0.03376395628	0.03666741577	0.03599439375	0.03376395628	0.03376395628	0.004243292929	-0.1052115666	0.06872195596	0.08651107317	0.001619112573	-0.1472669971	-0.03899826741	-0.004914021316	-0.004914021316	0.000393662332	-0.008529806286	0.03830337136	0.0314512394	-0.04077723054	0.6535678736	0.1363112068	-0.06184113673	0.4096675921	0.4106803912	0.4106253359	0.2626220242	-0.4751153421	0.122158266	0.241776077	-0.4755021537	0.03376549368	0.03205171991	0.2626220242	0.2626220242	0.1373954719	0.1605393963	0.241776077	0.1214455772	0.1079532061	0.2638394082	-0.4951062501	0.1712929812	0.1756291302	0.1756291302	0.1349640554	0.1365672383	0.4398242725	-0.05618289612	0.241776077	0.2430943906	-0.05813169449	0.241776077	-0.4622365035	0.2638394082	0.1021132106	0.111154037	0.07909937863	0.1324500624	0.3208046255	0.2677258716	-0.477569343	0.154325742	-0.264552392	-0.4793768547	-0.4895734352	-0.4895734352	0.3123273834	0.3208046255	0.116114689	-0.3161985662	0.3199072956	0.1564140362	-0.05479908902	-0.546165708	0.4398156422	-0.5527862301	0.4398156422	-0.4907293496	0.1864394388	0.3049119899	0.4498993512	0.3049119899	0.6069597027	-0.4974183218	0.2312808319	0.01195416541	0.17099344	0.4514674525	0.1696265224	-0.01656068167	0.1443199633	0.4534465138	0.2138925563	-0.05479908902	-0.4799445791	0.2293121146	-0.05479908902	0.2229213912	0.1753919766	0.4230711107	0.4400730876	0.290933995	0.4185807016	-0.5616198026	0.2971127502	0.1524741487	0.09188504603	-0.5252894476	0.2971127502	0.1626568568	0.2403719818	0.1588066802	0.1138518638	0.2445002473	0.1138518638	0.295908638	0.1399141699	0.3154664911	0.2440007398	0.1644449376	0.2429169958	0.2949071105	0.3103908017	0.1731640948	-0.5889431204	0.02553875112	0.03572038233	0.1940551212	0.5815848867	0.1940551212	0.3051987271	0.3919334076	0.306028828	0.4869580661	0.3384764697	0.9588996751	0.1553495735	0.1598663569	0.2396498267	0.2396498267	0.1553495735	0.1940551212	0.306028828	0.6769412393	1	0.998239742	0.3106033367	0.1598663569	0.306028828	0.4268692562	0.5134711176	0.2418144565	0.3620470968	0.1964418362	-0.1963217071	0.3050871673	0.2803527002	0.8450286132	0.5476595455	0.1534536066	0.5476595455	0.9652524344	0.9634967202	0.1492893126	0.1323774927	0.2081313688	0.1630397278	0.05856427166	0.1372362493	-0.00206667208	0.2363855097	0.2880591581	0.048034693	-0.001747447416	0.2010869124	0.2201127962	0.07078185459	-0.09572382933	0.2071494601	0.07942726055	0.03698540217	0.2055527885	0.07942726055	-0.0700420468	-0.09960027609	0.1102200998	0.07201378489	-0.01678587823	0.1918750113	0.08152306809	-0.265926936	0.1735943298	-0.1171147885	-0.01815574239	-0.08253974378	0.03059035044	-0.05219497803
chr11_2108072_G_A	0.04268635693	-0.02115070496	0.03524071648	-0.1013551887	-0.08038972163	0.03148578652	0.03473131668	0.03371625384	0.03148578652	0.03148578652	0.00343383677	-0.1028000118	0.06721473948	0.08724245997	0.0007954431286	-0.1446173198	-0.0366157549	-0.004226286093	-0.004226286093	0.002324020553	-0.007871048021	0.03790783525	0.0310198885	-0.0421107383	0.6540271907	0.1348720814	-0.06362902552	0.4122253984	0.4132317044	0.4131622253	0.2643751876	-0.4735628585	0.1206027957	0.2435119471	-0.4740265188	0.03264252597	0.03091827	0.2643751876	0.2643751876	0.1390599792	0.1605398279	0.2435119471	0.1199928237	0.1063999254	0.2656020679	-0.4937472665	0.1708470956	0.1753221075	0.1753221075	0.134500068	0.1351019167	0.4422926173	-0.05723591101	0.2435119471	0.2448399594	-0.05919655157	0.2435119471	-0.4608923956	0.2656020679	0.1014286736	0.1130360892	0.07832562103	0.1309413208	0.3226636437	0.2694887213	-0.4762573984	0.1536063133	-0.265934907	-0.4779855362	-0.4881886209	-0.4881886209	0.3141485944	0.3226636437	0.1179515127	-0.3171539782	0.3217575676	0.1550697891	-0.05585129914	-0.545921971	0.4422973095	-0.5525609553	0.4422973095	-0.4893570735	0.1875458627	0.3067466342	0.4524390875	0.3067466342	0.6077935356	-0.4960842946	0.2295837007	0.01137196932	0.1697178428	0.4540026138	0.1683412271	-0.01735101208	0.1427108702	0.4559970226	0.2121976443	-0.05585129914	-0.4786568993	0.2276303891	-0.05585129914	0.2212322696	0.1750069517	0.4213378456	0.4380401014	0.2902845614	0.4198367744	-0.5612589787	0.2964874627	0.152112244	0.09110246776	-0.5242200693	0.2964874627	0.1614039389	0.2387536498	0.1575420695	0.1135791249	0.2428690033	0.1135791249	0.2952232055	0.1392048251	0.3192627875	0.2424250127	0.1632190844	0.2413314208	0.2942156459	0.314307151	0.1729448428	-0.5885837871	0.02822144927	0.03848577574	0.1935253102	0.5846878309	0.1935253102	0.3047100739	0.3952163284	0.3055453395	0.4861079352	0.3420488211	0.9606600151	0.1552820219	0.1598042116	0.2391787944	0.2391787944	0.1552820219	0.1935253102	0.3055453395	0.6756687015	0.998239742	1	0.3099411089	0.1598042116	0.3055453395	0.4261150467	0.5158609168	0.2413557629	0.3650544425	0.1964268355	-0.1961370914	0.3082967487	0.2796789216	0.8463239631	0.5506173865	0.1534700716	0.5506173865	0.9668075174	0.9650366068	0.1490243862	0.1321027328	0.2110449611	0.1627584306	0.05733720348	0.1363961832	-0.001015321685	0.2392300712	0.2873027333	0.04695823141	0.002280131712	0.2001069828	0.2188947959	0.06660954646	-0.09819478486	0.2057291676	0.08049114001	0.04012501684	0.2041263529	0.08049114001	-0.07171812145	-0.1015518398	0.109899474	0.08743189565	-0.01829239435	0.1904965089	0.08259955083	-0.2681001471	0.1723410328	-0.1190705401	-0.01947613423	-0.08421688701	0.02920468781	-0.05385677482
chr11_2108091_G_GAGTC	0.08624037478	0.05744969719	0.1408353672	-0.04153480403	-0.06535096289	0.1400929411	0.132079465	0.1427645155	0.1400929411	0.1400929411	0.02758310564	-0.04342302353	0.1214064365	-0.002946614957	0.02411539732	-0.04338831689	-0.04522883668	-0.07293912508	-0.07293912508	-0.08590556585	-0.06911625354	0.06609149945	0.06157989062	-0.141561147	0.287965686	-0.1854465499	-0.1149396104	0.4321542382	0.4291675966	0.4334106235	0.09619689966	-0.114943615	-0.1473186636	0.100829051	-0.1141876514	-0.1191472605	-0.1210897269	0.09619689966	0.09619689966	0.1161485241	0.03389691399	0.100829051	-0.2494631715	-0.2245341605	0.09110856534	-0.1194785182	-0.04886279136	-0.04146164767	-0.04146164767	-0.08983571262	-0.2559457759	0.5181153442	-0.1107361458	0.100829051	0.1032379505	-0.1130712024	0.100829051	-0.1272532814	0.09110856534	-0.1153256432	0.1688167007	-0.1251861372	-0.2320961425	0.08906542505	0.0937060458	-0.1227318182	-0.2112945382	-0.4430278929	-0.1188343194	-0.1175883744	-0.1175883744	0.08381993413	0.08906542505	0.1576743783	-0.3656880139	0.0864530765	-0.2599289846	-0.1095420165	-0.1633235514	0.5267945548	-0.1613884955	0.5267945548	-0.114201537	0.0424595479	0.09147046837	0.5179877809	0.09147046837	0.2173257523	-0.1127159498	-0.3159248139	-0.1404412323	-0.2501677132	0.5239617856	-0.2518577776	-0.1038957982	-0.287437969	0.5265410071	-0.3139779746	-0.1095420165	-0.1160952157	-0.3144284748	-0.1095420165	-0.3144031818	-0.09595408317	-0.1456401704	-0.4490741343	0.8224372198	-0.4533680048	-0.1811409336	0.8251011153	-0.08304614019	-0.1346599051	-0.1251919661	0.8251011153	-0.2489652891	-0.3338809904	-0.2489652891	-0.1069360634	-0.3374522379	-0.1069360634	0.8624860816	-0.1555630211	-0.1993772587	-0.3293903625	-0.2504664464	-0.3311410167	0.890599701	-0.2033120114	-0.07978546941	-0.1554421317	0.3834478888	0.3646511232	-0.16263416	0.1741059156	-0.16263416	-0.2137964825	-0.2632160477	-0.2143946567	-0.3320667828	-0.2392988801	0.311952429	-0.111008693	-0.08931800169	-0.1910717406	-0.1910717406	-0.111008693	-0.1695270286	-0.2143946567	0.4415503896	0.3106033367	0.3099411089	1	-0.1141818463	-0.2143946567	-0.3210834876	-0.4029933113	-0.1922265709	-0.3029707931	-0.1074579685	0.6107974165	-0.2815442736	0.9466434133	0.2254848188	0.1662082267	-0.04525626801	0.1662082267	0.2984260476	0.2977592312	-0.06739006246	-0.07847028445	0.2359959186	-0.04064788398	0.2805296888	-0.1605653091	0.1081486272	0.219936275	-0.007115120722	-0.04211833439	0.2334444509	-0.0959837478	-0.1047441194	-0.03690801319	-0.149477158	-0.1511820604	0.08281500734	0.2887842067	-0.1500699897	0.08281500734	-0.08064543036	-0.1055362107	-0.04737665583	0.06261433107	-0.0806337724	-0.141778793	0.07702829933	-0.180593163	-0.1240143354	-0.1098134325	-0.07652481837	-0.06731504373	-0.0347660111	-0.02410296252
chr11_2108689_C_T	-0.006878198919	-0.05531660415	-0.04063061264	0.01991169533	0.1194044826	-0.04216730175	-0.0428115334	-0.04272660217	-0.04216730175	-0.04216730175	0.001750401434	0.01924253603	-0.02788847159	-0.09117050654	0.000612284087	-0.0871066326	0.1131219371	0.0717356892	0.0717356892	-0.04231910226	0.06989844194	-0.08128350284	-0.08281269308	-0.01374037601	-0.09271537086	-0.07186636504	0.284478789	-0.0971001749	-0.09734926397	-0.09820072337	0.06070925858	-0.06171675362	-0.08093065005	0.04861227876	-0.0667915601	-0.002190281256	-0.002909217726	0.06070925858	0.06070925858	0.06645289698	0.3192402379	0.04861227876	-0.03373908293	-0.03203485039	0.06144473849	-0.06631500092	0.06334378238	0.169088983	0.169088983	0.1644231963	-0.06247826535	-0.1120617272	0.0162474456	0.04861227876	0.03156562518	0.01525295194	0.04861227876	-0.04511713505	0.06144473849	0.177103229	-0.1012672174	0.1849277081	-0.07727673516	0.07094116551	0.05996995997	-0.05794440529	-0.09211427448	0.1333836829	-0.05322070344	-0.06569151717	-0.06569151717	0.06952931891	0.07094116551	-0.1025464966	0.02863209597	0.07023709031	-0.05419401105	-0.0005439502569	0.08239140191	-0.1112192849	0.09456814991	-0.1112192849	-0.06631500092	0.02621902414	0.07372237872	-0.1085233092	0.07372237872	-0.03246604274	-0.06756066595	0.07023783552	-0.008938535814	-0.07267867456	-0.09936609162	-0.07325648448	0.2756722128	0.06467311933	-0.1085233092	0.04700421309	-0.0005439502569	-0.05919172571	0.05468738878	-0.0005439502569	0.04613606218	0.2012052164	-0.112522554	0.01477195403	-0.07973331631	0.008180254212	0.09614606562	-0.07912078988	0.2736600336	0.1930977955	-0.06383646813	-0.07912078988	-0.07696136968	0.2181178501	-0.06569665193	0.7770375789	0.2153391423	0.7770375789	-0.08599742259	0.4197769017	-0.06657771945	0.2352599722	-0.05375782534	0.2348649761	-0.09854211049	-0.05879942669	0.03978921919	-0.05912529272	-0.163694678	-0.1750879379	-0.01389286075	0.1090488866	-0.01389286075	-0.0400449081	-0.03499994667	-0.0404666546	-0.05238442918	-0.05440241561	0.1600028196	0.9848244735	0.9698311273	-0.06424160786	-0.06424160786	0.9848244735	0.002834244816	-0.0404666546	0.1917583433	0.1598663569	0.1598042116	-0.1141818463	1	-0.0404666546	0.3206367331	-0.07533207524	-0.05036380908	0.3162838899	0.8809051521	-0.1466011976	-0.0595985053	-0.1041186457	0.1622197461	0.1031462695	0.5680826403	0.1031462695	0.1520185856	0.1519527233	-0.02557640004	-0.01890592087	0.140852879	-0.03880768034	0.03977271811	-0.05946996683	-0.006219359909	-0.05548610671	-0.04740163333	0.1136912785	-0.0667808113	-0.02403567611	-0.06859564141	0.0231533335	0.007753463948	0.05831557001	-0.1038473226	-0.0008595899276	0.05905137657	-0.1038473226	-0.04585689554	-0.04606715785	-0.01533195763	0.009333742837	-0.03112176057	-0.05478655744	-0.1021769111	0.1306334423	-0.04491284542	-0.05139663752	-0.04456488252	-0.05307143133	-0.05670842431	-0.06525935292
chr11_2108712_G_C	-0.1369469913	-0.08570600677	-0.1177980252	-0.06032608484	-0.08169297218	-0.1174249147	-0.1104493216	-0.1188734068	-0.1174249147	-0.1174249147	-0.02312284702	-0.05665530626	-0.1206673891	0.04871958364	-0.02589761033	-0.06251135797	-0.04723609552	0.04800431923	0.04800431923	0.08723275279	0.04376232565	-0.02664873574	-0.03061107281	-0.04724714649	0.2621767504	-0.2266811975	-0.1646914754	0.558396759	0.564217453	0.5598839945	0.06947865028	-0.1930858598	-0.2449878084	0.07159405794	-0.1947278249	-0.1407254996	-0.1423823342	0.06947865028	0.06947865028	0.1387195732	0.05919687124	0.07159405794	-0.2226303511	-0.2294258395	0.07171531945	-0.1986171742	-0.07337586373	-0.1352373869	-0.1352373869	-0.1133142509	-0.1982981832	0.5297277258	-0.1333472986	0.07159405794	0.07377461084	-0.1276783762	0.07159405794	-0.2025672349	0.07171531945	-0.1210189873	0.1562752892	-0.129259957	-0.1947605026	0.06632835312	0.05927301442	-0.2036288841	-0.1058953776	-0.4587838805	-0.2030228589	-0.202542393	-0.202542393	0.06160008892	0.06632835312	0.1436748408	-0.3777826427	0.06397387509	-0.1869475706	-0.1328139935	-0.2586671488	0.5293120807	-0.2519989004	0.5293120807	-0.2041234424	0.04276111758	0.06737505485	0.5366464716	0.06737505485	0.2848187414	-0.2072831968	-0.2560012481	-0.09298246076	-0.182749337	0.5344667202	-0.1842405221	-0.08165029321	-0.2178855177	0.5366464716	-0.2613126647	-0.1328139935	-0.2067682536	-0.2646930943	-0.1328139935	-0.2609247079	-0.1149054255	0.3993660886	0.3841602661	-0.1781949685	0.3890867032	-0.2456567968	-0.1765921015	-0.08904722851	-0.1295181948	-0.2128316871	-0.1765921015	-0.2276141669	-0.2991451638	-0.2324578011	-0.03471415723	-0.2928543992	-0.03471415723	-0.1893039637	-0.1324282074	0.9171902455	-0.3037539558	-0.2391462391	-0.3053026384	-0.2105520253	0.9557514963	-0.09662257424	-0.2473087657	0.3078692076	0.3159598865	-0.1509200076	0.1752323268	-0.1509200076	0.9972188346	0.7990136245	1	0.6265561887	-0.2234825852	0.315535227	-0.03684661391	-0.0404666546	-0.1719875187	-0.1719875187	-0.03684661391	-0.1581123742	1	-0.4444591334	0.306028828	0.3055453395	-0.2143946567	-0.0404666546	1	0.6950366823	0.5543397633	-0.1729378377	-0.2432144849	-0.03714272818	-0.3401369983	-0.2343000354	-0.2187030102	0.2839991997	0.1600246389	-0.04076185806	0.1600246389	0.2978548509	0.2973814058	-0.1173212448	-0.1027252588	-0.5911425002	-0.02183211629	-0.1168338552	-0.1297451354	0.1102159596	0.1791904196	0.528278284	-0.08670134628	-0.1272799757	0.5229712445	0.436172917	0.2536607396	0.1933261683	0.4291948593	0.09104288239	-0.09661070782	0.431997435	0.09104288239	-0.08491565078	-0.08729875433	-0.09499541423	-0.01493201641	-0.0522281557	0.4438106603	0.09337728115	-0.1448653434	0.305871976	-0.08980670177	-0.02402375242	-0.07437723491	-0.1412366224	-0.1250134461
chr11_2108794_C_T	-0.08753481476	-0.1819710029	-0.1526396122	0.02587950376	0.03274392508	-0.1513348153	-0.1439281203	-0.1534248102	-0.1513348153	-0.1513348153	-0.02828979083	0.02775269017	-0.1065848788	0.008202051442	-0.03234773346	-0.02736842777	0.02944446173	0.1181040509	0.1181040509	0.05345650778	0.1117714853	-0.1038816528	-0.1028279878	0.08710130602	0.2620359384	0.03732497561	-0.0959168537	0.2953882008	0.2997431116	0.2984854923	0.0675153583	-0.2661370336	0.0103637553	0.07503852365	-0.2803076195	0.03539907895	0.03743497867	0.0675153583	0.0675153583	0.1612753808	0.1555598874	0.07503852365	0.07156367868	0.05674143733	0.0708912592	-0.2825001061	-0.06199697505	-0.09737248097	-0.09737248097	-0.06034049369	0.08868316875	0.2475117596	0.160816688	0.07503852365	0.07204521812	0.162930263	0.07503852365	-0.2741724399	0.0708912592	-0.07499686958	0.1218589874	-0.07231580703	0.07858310323	0.1066441519	0.05761604564	-0.2844568177	0.07384837993	-0.2010740968	-0.2720269432	-0.2801940083	-0.2801940083	0.106752525	0.1066441519	0.1022309181	-0.1530099637	0.1101170304	0.1094730349	0.1603832115	-0.2903997198	0.2485460779	-0.2775226802	0.2485460779	-0.2825001061	0.07435675416	0.1198638863	0.2589495328	0.1198638863	0.3510966179	-0.2871084762	0.0723253397	0.230165046	0.1063432795	0.2551473338	0.1080245819	0.02561128372	0.1123932275	0.255303211	0.0308332627	0.1603832115	-0.2890292323	0.06400540266	0.1603832115	0.06300370924	-0.05215959318	0.4681576046	0.5141558815	-0.2848049093	0.489660928	-0.2629811561	-0.2825001061	0.3412884009	-0.07690225692	-0.2925973179	-0.2825001061	0.0762880677	0.06037213394	0.07233026119	0.2777769555	0.06098624854	0.2777769555	-0.2995786379	0.005480042094	0.6512424106	0.07014043017	0.07534328295	0.06818992416	-0.3256387328	0.6956609956	0.2769223828	-0.2916044975	0.1368314648	0.138890292	0.4537375081	0.231617184	0.4537375081	0.6976699738	0.5100730703	0.6950366823	0.7308361424	-0.3009818594	0.4483200938	0.3203762716	0.3100370392	-0.233537518	-0.233537518	0.3203762716	0.5066304291	0.6950366823	-0.08724381091	0.4268692562	0.4261150467	-0.3210834876	0.3206367331	0.6950366823	1	0.6725455847	-0.225152952	0.2713300198	0.3370243806	-0.5001284329	0.1405726314	-0.3247302996	0.4227551962	0.2195534022	0.2468950919	0.2195534022	0.4209131033	0.4201893558	0.2959083324	0.2879220394	-0.3067810605	0.2931395775	-0.1462501228	0.06619640417	0.1177115914	0.1943924296	0.3265961334	0.06505121387	-0.213123425	0.5140372764	0.4043193844	0.1751302974	0.08510347407	0.4349653621	0.06516278193	-0.1222191488	0.4347960772	0.06516278193	-0.1364946284	-0.1405731946	0.2568536345	0.04041338061	-0.1069650899	0.4000159424	0.06891931795	-0.1235248033	0.3171503371	-0.1527356545	-0.09722143553	-0.1550469769	0.02665540584	0.05406936403
chr11_2108997_G_A	-0.09781428223	-0.1184061852	-0.09711057854	-0.03429579151	-0.02750710988	-0.09788225978	-0.1103299371	-0.1004720144	-0.09788225978	-0.09788225978	0.02069743712	-0.03327810573	-0.09139660836	0.0773116502	0.01522128432	-0.04360067333	-0.01409678944	0.03661159044	0.03661159044	0.1017910376	0.02899261221	-0.007414053436	-0.008292085449	0.1554074546	0.3441759919	0.3929985355	-0.2763344528	0.1417578562	0.1456278932	0.1434582064	0.1026363251	-0.2764874341	0.361048727	0.1177801871	-0.3007019984	0.1851847544	0.1860083856	0.1026363251	0.1026363251	0.2259444837	0.01977778924	0.1177801871	0.4226505482	0.3973594875	0.1068508754	-0.2859802928	-0.145938807	-0.220161115	-0.220161115	-0.1892263935	0.4520760003	0.09243563616	0.1013282681	0.1177801871	0.1218427503	0.1023745709	0.1177801871	-0.2799774278	0.1068508754	-0.2211684744	0.2762571497	-0.2257389993	0.445045288	0.13309262	0.09839190985	-0.2939737974	0.421071943	-0.03806057859	-0.2759888706	-0.2829959658	-0.2829959658	0.1309831046	0.13309262	0.2492733848	0.08946088441	0.1352698608	0.4816062757	0.1073088583	-0.3761077237	0.09442194531	-0.3646557835	0.09442194531	-0.2859802928	0.08911658229	0.1435771974	0.1075115409	0.1435771974	0.283381951	-0.2919418745	0.3141209665	0.1676657879	0.4942361275	0.1024188893	0.4950722631	-0.1184387381	0.400745352	0.1040691301	0.278131498	0.1073088583	-0.2998687195	0.3069020327	0.1073088583	0.311756444	-0.2031685877	0.6910551603	0.6566922936	-0.3568687468	0.6442736724	-0.3389360511	-0.3539426229	0.1738721451	-0.2356569268	-0.3093445187	-0.3539426229	0.4834073501	0.2656595718	0.4759343972	-0.05708089809	0.2763850414	-0.05708089809	-0.3743477744	-0.233990872	0.5104209696	0.2687455829	0.47373042	0.2697082849	-0.3944766172	0.5570966536	0.2075861483	-0.3286604246	-0.09789594115	-0.07482865169	0.3452475013	0.2796218398	0.3452475013	0.5526544082	0.3545825779	0.5543397633	0.5142701868	0.2634250065	0.5466049955	-0.07882655281	-0.08533900887	0.4845501483	0.4845501483	-0.07882655281	0.3951825232	0.5543397633	0.1049118598	0.5134711176	0.5158609168	-0.4029933113	-0.07533207524	0.5543397633	0.6725455847	1	0.4832632964	0.6060153596	-0.009625395184	-0.6235127714	0.6562138766	-0.401337143	0.5218780807	0.2617050992	0.009696147057	0.2617050992	0.504157662	0.5031447361	0.2537657695	0.2462706554	-0.1597717544	0.2409819385	-0.1992074556	0.3361439449	-0.1529035108	0.08144416618	0.2011526895	-0.05274061747	-0.2324731	0.3686127061	0.3125995216	0.04420342207	0.02808177771	0.296776913	-0.002743940308	-0.1730895011	0.2969108071	-0.002743940308	-0.05250972224	-0.06922183517	0.2040956582	0.03958753333	-0.02579440968	0.3104973078	0.002489287505	-0.09315266478	0.2415816708	-0.07002154104	-0.0005802432751	-0.06864959226	-0.04463096673	-0.005545968453
chr11_2109059_G_A	-0.03599101564	0.0414810238	0.05439751071	-0.08784821257	-0.04358485347	0.05084286509	0.01694068485	0.04971619069	0.05084286509	0.05084286509	0.08093275565	-0.08920943586	0.004708365619	0.05485608346	0.07800281535	-0.08133173734	-0.01315260928	-0.07489158477	-0.07489158477	0.05305836238	-0.07805431806	0.09235954627	0.08900287062	0.1013159754	0.09353122852	0.486941406	-0.1319997447	-0.2453813199	-0.2458174263	-0.2475839345	0.09037305714	-0.0548835724	0.4635416401	0.09574098917	-0.08502733125	0.2125684746	0.2106837488	0.09037305714	0.09037305714	0.1404445078	-0.02891136478	0.09574098917	0.4908954546	0.4758339267	0.09213834968	-0.06077573645	-0.09980376424	-0.1093117187	-0.1093117187	-0.1171354463	0.4964238612	-0.2578537671	-0.06196369604	0.09574098917	0.09745736865	-0.06377339194	0.09574098917	-0.0413433207	0.09213834968	-0.135829733	0.1902142865	-0.1420368837	0.4931135245	0.07743055072	0.08859679775	-0.06541166904	0.46131526	0.2814630677	-0.04235196159	-0.05934786114	-0.05934786114	0.07363722004	0.07743055072	0.1717748703	0.3519674476	0.07554114055	0.5142366738	-0.0607832886	-0.1012035372	-0.2560498487	-0.09128208573	-0.2560498487	-0.06077573645	0.03793550032	0.08485054498	-0.250182982	0.08485054498	-0.08601133253	-0.06362607609	0.3812698526	-0.07338238258	0.5276215863	-0.2479664703	0.5262913373	-0.08142275049	0.4469937607	-0.250182982	0.3697587854	-0.0607832886	-0.0682172795	0.3698108795	-0.0607832886	0.3739847677	-0.1301637049	0.2967835466	0.2425010295	-0.1591577528	0.2499497029	-0.07330698552	-0.1578113929	-0.07990167965	-0.1459398247	-0.06719419819	-0.1578113929	0.5504135932	0.3932580133	0.5504135932	-0.08621798853	0.4065039347	-0.08621798853	-0.1670253872	-0.1536299283	-0.1884366507	0.3927226442	0.5541346685	0.3965490963	-0.1665704136	-0.178357919	-0.05598377074	-0.0991390947	-0.3992477058	-0.3699037992	-0.1221592585	0.1349855331	-0.1221592585	-0.1725841001	-0.219695098	-0.1729378377	-0.2838632296	0.74902576	0.2502153209	-0.07649982762	-0.0789393265	0.993286035	0.993286035	-0.07649982762	-0.1063155874	-0.1729378377	0.3719794253	0.2418144565	0.2413557629	-0.1922265709	-0.05036380908	-0.1729378377	-0.225152952	0.4832632964	1	0.6597365533	-0.04915188958	-0.2923459761	0.7240050571	-0.1804022806	0.2605572269	0.1229863334	-0.03156954556	0.1229863334	0.2282608005	0.2277861899	-0.04667190737	-0.04356391808	0.2603408806	-0.06729799722	-0.05837400314	0.3594999323	-0.3828492302	-0.1617603474	-0.1766135679	-0.105766979	-0.08033148571	-0.1681199472	-0.1259477177	-0.1498656028	-0.06492398033	-0.1292936153	-0.1432075595	-0.07893027371	-0.1285222092	-0.1432075595	0.08521009242	0.0675978725	-0.06026900787	-0.01404124751	0.09045430838	-0.1164020514	-0.1400253594	0.09274736396	-0.09352274054	0.08009113476	0.1059321499	0.08352186006	-0.1224250143	-0.1075537542
chr11_2109282_GC_G	0.01874104035	-0.09078426919	-0.03418913189	0.03118416067	0.09170176925	-0.03593674368	-0.05539367144	-0.03778596339	-0.03593674368	-0.03593674368	0.04142189285	0.02891536164	-0.01616125219	0.01147392872	0.03730970802	-0.01541385301	0.07142471667	0.03459843674	0.03459843674	0.02670692129	0.02906267478	-0.02343233156	-0.02161874466	0.2041681936	0.1233097393	0.6082933232	-0.0686054328	-0.3556150839	-0.3563991952	-0.3554362627	0.08514907029	-0.1569840156	0.5849809651	0.09553461279	-0.1843353703	0.3308371332	0.3328680219	0.08514907029	0.08514907029	0.1638561514	0.08727284103	0.09553461279	0.6518321185	0.6299712726	0.08815218586	-0.1647200299	-0.08341552532	-0.0744176244	-0.0744176244	-0.06068548209	0.6528527547	-0.3914537162	0.2294693578	0.09553461279	0.09190964333	0.2254201886	0.09553461279	-0.1472133436	0.08815218586	-0.08436774629	0.1475777906	-0.07943765663	0.6365094697	0.1183004546	0.0821250653	-0.1664254557	0.5240613974	0.3997888306	-0.1451775981	-0.1578356262	-0.1578356262	0.1194554527	0.1183004546	0.1233387295	0.4378157226	0.1224381434	0.6751245073	0.2294615781	-0.1606756371	-0.3885788285	-0.1451894298	-0.3885788285	-0.1600311733	0.07271417709	0.130052145	-0.379331188	0.130052145	0.0488515288	-0.1644157222	0.5853390536	0.2596666534	0.6747963356	-0.3797683431	0.6767653032	0.03010744018	0.6472185185	-0.3831311685	0.5380000909	0.2294615781	-0.1707524986	0.5753677754	0.2294615781	0.5744057591	-0.06106465963	0.3786904602	0.3959843121	-0.2699796459	0.3757104256	-0.1253351785	-0.2678748758	0.3661994657	-0.08721854919	-0.1779220847	-0.2678748758	0.6996579892	0.6191133542	0.6996579892	0.2497429914	0.6245256853	0.2497429914	-0.2822810437	0.0003049149743	-0.235907849	0.6328387111	0.7072871616	0.6350594188	-0.290978651	-0.2140832653	0.3244045717	-0.1692642201	-0.4208568473	-0.4063756512	0.5021473308	0.1972119452	0.5021473308	-0.2472442637	-0.2973307024	-0.2432144849	0.01753184734	0.4489120115	0.3908131872	0.303805006	0.2941911443	0.6552541412	0.6552541412	0.303805006	0.5695185018	-0.2432144849	0.5538521864	0.3620470968	0.3650544425	-0.3029707931	0.3162838899	-0.2432144849	0.2713300198	0.6060153596	0.6597365533	1	0.3326472432	-0.4542481479	0.9069486518	-0.2934470366	0.3947475737	0.1878388836	0.2524579363	0.1878388836	0.3556093835	0.3548492184	0.3691304941	0.3509587607	0.3759746098	0.2687362998	-0.1040564836	0.4570844792	-0.2686314432	-0.0784590914	-0.2442864567	0.05462877252	-0.1695479632	-0.04641121084	-0.05171525525	-0.1534244491	-0.1270123117	-0.01336657724	-0.1168230019	-0.10737641	-0.01531420776	-0.1168230019	-0.005570566863	-0.01798528029	0.299175002	0.0590785959	0.006276077278	-0.05181923051	-0.1124090945	0.06544590664	-0.005685904027	-0.01850196736	0.0007967372293	-0.03492371301	0.04708085635	0.07322712198
chr11_2109320_TG_T	0.03772513943	-0.0502591333	-0.03414085899	0.02223620331	0.1094438877	-0.03587320711	-0.02589577657	-0.03649058705	-0.03587320711	-0.03587320711	-0.01931416533	0.02148892579	-0.01849126765	-0.06731481962	-0.02046089736	-0.0875904716	0.1167033209	0.08876259594	0.08876259594	-0.06345361662	0.08667943567	-0.0919731731	-0.09368076959	-0.03066569911	-0.1283047212	-0.1001069073	0.2389673687	-0.09669903204	-0.09701414486	-0.08891970397	-0.06708748445	-0.06892161908	-0.1099629539	-0.07218168934	-0.07458886272	-0.0329514573	-0.03370961839	-0.06708748445	-0.06708748445	-0.02965969434	0.2649430898	-0.07218168934	-0.06601118319	-0.06621860176	-0.06574111505	-0.07405666963	0.05867973438	0.1572016405	0.1572016405	0.1521461511	-0.09252915052	-0.1135859745	-0.008243728071	-0.07218168934	-0.08634880683	-0.009257604384	-0.07218168934	-0.05660075479	-0.06574111505	0.1571014961	-0.1725309622	0.1627716347	-0.1062334444	0.08403354691	-0.05238015638	-0.06783347801	-0.0974363799	0.07610184238	-0.06259454209	-0.07336039986	-0.07336039986	0.08250164418	0.08403354691	-0.167613623	-0.01573732105	0.08326945796	-0.0836428846	-0.02291441915	0.06148264397	-0.1126187712	0.06294555116	-0.1126187712	-0.07405666963	0.03645996408	0.07051442532	-0.1096026855	0.07051442532	-0.00121913974	-0.07544775463	0.09736254337	-0.02343385362	-0.09899819474	-0.101940869	-0.09964160031	0.2588261632	0.03173161386	-0.1096026855	0.01695962714	-0.02291441915	-0.06922187595	0.0941646284	-0.02291441915	0.08722019903	0.1816458699	-0.1147367311	0.05379409854	-0.08586611663	-0.01861913447	0.06605376507	-0.08517947322	0.2167937722	0.1683873616	-0.0743759168	-0.08517947322	-0.1013211792	0.1741433995	-0.09153691342	0.6827869934	0.1710676833	0.6827869934	-0.09290478576	0.3875587442	-0.06329621458	0.189238536	-0.08074018712	0.1887546907	-0.1037440362	-0.05442214636	0.01568139565	0.003063911936	-0.1206060929	-0.1288170939	-0.04042118076	0.1285834653	-0.04042118076	-0.03661810756	-0.02646458986	-0.03714272818	-0.05977778715	-0.03526482588	0.199092962	0.8682959616	0.8547011872	-0.06091823229	-0.06091823229	0.8682959616	0.0903377123	-0.03714272818	0.2249373145	0.1964418362	0.1964268355	-0.1074579685	0.8809051521	-0.03714272818	0.3370243806	-0.009625395184	-0.04915188958	0.3326472432	1	-0.150285003	-0.0752719979	-0.1066712432	0.1811574151	0.1223906254	0.7329921356	0.1223906254	0.1879143038	0.1878991464	-0.04041382436	-0.03356790206	0.1357168853	-0.05337895502	0.02168344837	-0.01174205766	0.007224087175	-0.03377603686	-0.04110931195	0.1165196637	-0.03375720067	-0.02111921773	-0.06249982561	0.03083073173	-0.008489977716	0.04341751728	-0.06935666281	-0.01377852089	0.04416880742	-0.06935666281	0.001785726677	-0.007440138003	-0.02992083381	-0.0008345510091	0.01545399129	-0.061182386	-0.06774772884	0.09059465197	-0.04449533983	-0.009546271519	-0.03402004871	-0.04778198336	-0.0457881928	-0.04004055503
chr11_2109650_G_GC	0.08420955077	0.05984381355	0.07902132503	0.05310894021	0.01695670353	0.08118178151	0.0845649722	0.08199277	0.08118178151	0.08118178151	-0.006089732836	0.04997142618	0.05391147119	0.07914233069	-0.01139358796	0.08382655011	-0.01407200281	-0.0275509003	-0.0275509003	-0.05378383132	-0.02196555157	0.04610508475	0.04198095194	-0.2669243825	-0.1890914972	-0.3598939319	-0.01053324405	0.1104336922	0.1074599247	0.1121641888	0.101277763	0.4673005304	-0.3441969484	0.0758272154	0.5015517848	-0.2760015992	-0.2745675012	0.101277763	0.101277763	0.1411235004	-0.01661741665	0.0758272154	-0.4051388952	-0.3872530089	0.09949798064	0.4896714857	-0.03371179491	-0.008309813314	-0.008309813314	-0.05007046827	-0.4124940961	0.169324687	-0.2299328285	0.0758272154	0.08002509295	-0.2335161127	0.0758272154	0.4865058041	0.09949798064	-0.07440914543	0.1214613195	-0.06147063438	-0.4170314719	0.09882770367	0.115141186	0.505482089	-0.264881727	-0.1134870016	0.4787228428	0.4891111119	0.4891111119	0.08993863543	0.09882770367	0.1372375156	-0.06800383821	0.09440184243	-0.4180517347	-0.2287415316	0.3322025184	0.1816788894	0.3486690266	0.1816788894	0.4938482329	0.1384106061	0.09754389666	0.1643059149	0.09754389666	-0.1852703637	0.5033123124	-0.4201307467	-0.1398054953	-0.4239119717	0.1660766705	-0.4230331687	0.03612353745	-0.3783594072	0.1643059149	-0.4192642335	-0.2287415316	0.5148480047	-0.4266882837	-0.2287415316	-0.4263773741	-0.04747068446	-0.453845391	-0.6417409925	0.5111018756	-0.6385298068	0.3358509775	0.5147319692	-0.197674567	-0.04730617461	0.4722956858	0.5147319692	-0.4107332741	-0.4280891267	-0.407059164	-0.148645311	-0.4373502607	-0.148645311	0.5557798576	-0.08236470144	-0.3218197573	-0.4354272745	-0.4201610072	-0.434922248	0.5830288756	-0.3357663402	-0.2014114048	0.3683947532	0.4516083175	0.4404018575	-0.2735539631	0.2659714211	-0.2735539631	-0.3391306406	-0.3009215823	-0.3401369983	-0.4504041791	-0.2403123212	-0.1844415623	-0.1409562426	-0.1269213862	-0.2901656261	-0.2901656261	-0.1409562426	-0.2735539631	-0.3401369983	0.07153820536	-0.1963217071	-0.1961370914	0.6107974165	-0.1466011976	-0.3401369983	-0.5001284329	-0.6235127714	-0.2923459761	-0.4542481479	-0.150285003	1	-0.4201474327	0.5837890423	-0.284348011	0.2470251137	-0.09947756868	0.2470251137	-0.2256061094	-0.2221221723	-0.1758186941	-0.1797658286	0.3285559955	-0.1377157058	0.1575531235	-0.189789471	0.154657928	-0.01689239825	-0.09672548296	-0.04169868151	0.2274565544	-0.1971593676	-0.2006094134	-0.06420685582	0.02060608165	-0.3091629548	0.1389233464	0.1826957671	-0.307578168	0.1389233464	0.03571221421	0.05656514137	-0.148519061	-0.007812215333	0.101178524	-0.3006962051	0.1298223024	0.1547395754	-0.2764928224	0.07061447525	-0.04119152669	0.03944134457	-0.05373276604	-0.01135451251
chr11_2110046_T_C	0.00346985048	-0.06675585097	-0.01853643028	0.01971646815	0.04440646127	-0.01965354126	-0.04371029742	-0.02134780743	-0.01965354126	-0.01965354126	0.05066709907	0.01763379892	-0.008354481029	0.04329555699	0.04680711519	0.01971153733	0.01918617033	-0.00526336525	-0.00526336525	0.05680060129	-0.01022627831	0.01885274819	0.02150340585	0.2273435527	0.1886317853	0.6810723397	-0.1734406976	-0.3307116993	-0.3314235954	-0.3340516946	0.1152289641	-0.1389885569	0.6606582947	0.128826713	-0.1655419436	0.3572750104	0.3597619305	0.1152289641	0.1152289641	0.1838264054	-0.0269780891	0.128826713	0.7119732459	0.6888424668	0.1178511656	-0.1449454502	-0.1042379639	-0.1439399063	-0.1439399063	-0.120207677	0.7248029801	-0.3615594604	0.244881655	0.128826713	0.131351813	0.2410298247	0.128826713	-0.1342321767	0.1178511656	-0.1491334165	0.221911337	-0.1467697035	0.7135648474	0.08983638135	0.1125898533	-0.1495934467	0.5962527344	0.3883931187	-0.1293362899	-0.1379481226	-0.1379481226	0.09171757337	0.08983638135	0.1985834567	0.4637690571	0.09454932818	0.7487610466	0.2514201538	-0.2021282827	-0.3589144961	-0.190598282	-0.3589144961	-0.1399761067	0.06199765207	0.100995452	-0.3503990297	0.100995452	0.05785998385	-0.1440258198	0.5793146072	0.2842692591	0.7553287242	-0.3543065489	0.7576903728	-0.06836607447	0.6752932178	-0.3544263246	0.5692045401	0.2514201538	-0.1535834537	0.5742742128	0.2514201538	0.5764043715	-0.1344862062	0.4571577872	0.4068241314	-0.2562030137	0.4177911984	-0.1665767806	-0.254271007	0.2893807805	-0.1577549995	-0.1589587025	-0.254271007	0.7828240981	0.5848752762	0.7784527742	-0.04176686472	0.5919232285	-0.04176686472	-0.2661436192	-0.1638482951	-0.2153156067	0.5925898055	0.7817636377	0.5951514767	-0.2705552325	-0.1958434767	0.3351175477	-0.1848991028	-0.3981608997	-0.3789277601	0.5477111652	0.154587893	0.5477111652	-0.2387441452	-0.2897844856	-0.2343000354	0.05600179667	0.5066593038	0.3346041271	-0.06717164243	-0.07130567083	0.7245951836	0.7245951836	-0.06717164243	0.560693221	-0.2343000354	0.4902045225	0.3050871673	0.3082967487	-0.2815442736	-0.0595985053	-0.2343000354	0.1405726314	0.6562138766	0.7240050571	0.9069486518	-0.0752719979	-0.4201474327	1	-0.2718012334	0.3426412335	0.1473256672	-0.06093725893	0.1473256672	0.3019741121	0.3011920474	0.4076414172	0.3854181047	0.3350563613	0.3069024983	-0.1180711037	0.4868279357	-0.2855341603	-0.07206328179	-0.2349799107	0.00851566797	-0.1670841533	-0.04335297813	-0.03115642322	-0.1746407936	-0.1312836276	-0.03820333619	-0.0909624336	-0.1058016107	-0.0406060578	-0.0909624336	3.039278009e-05	-0.00997928783	0.3289557462	0.06218655301	0.006582544214	-0.0320244238	-0.08698918857	0.02579431789	0.009822435667	-0.009311418985	0.0241232907	-0.008632190478	0.06700682464	0.09209331809
chr11_2110067_G_A	0.09597695509	0.08626096203	0.1866368728	-0.1042556074	-0.1294291528	0.1862172195	0.1728815046	0.1891516978	0.1862172195	0.1862172195	0.04099181402	-0.1060016856	0.1563599725	-0.0004720409074	0.03761119098	-0.1094305627	-0.1068908125	-0.1111083219	-0.1111083219	-0.09314812831	-0.1066090474	0.1026548719	0.09836522145	-0.1445140678	0.2713412495	-0.1757847064	-0.09861710758	0.4678629117	0.4648452248	0.4694797352	0.09053035998	-0.1864697284	-0.1338785715	0.1013111105	-0.1893556807	-0.1265534635	-0.1283791661	0.09053035998	0.09053035998	0.1008520248	0.004902994961	0.1013111105	-0.2436482219	-0.2156091949	0.08503817489	-0.1879706898	-0.03924336911	-0.02100717222	-0.02100717222	-0.0703174185	-0.2578119456	0.5565402845	-0.11450726	0.1013111105	0.1035799343	-0.1166913755	0.1013111105	-0.2093372438	0.08503817489	-0.09359943296	0.1457663671	-0.1033232281	-0.2228022426	0.07752053561	0.08816073692	-0.2050515673	-0.1943359903	-0.4814980606	-0.1978475887	-0.1971955654	-0.1971955654	0.07247149306	0.07752053561	0.1361487041	-0.4156033573	0.07500618796	-0.2548300976	-0.1135071086	-0.2240440085	0.5653063696	-0.2267819183	0.5653063696	-0.1934454034	0.04227279848	0.07924377891	0.5554735206	0.07924377891	0.2734615239	-0.191434478	-0.3040481428	-0.1295065831	-0.2456256626	0.5619758439	-0.2472303477	-0.08840900676	-0.2760947601	0.5643472426	-0.2949519665	-0.1135071086	-0.197711938	-0.2990156455	-0.1135071086	-0.2993626178	-0.07551764366	-0.1264152834	-0.4356982831	0.8660487433	-0.4366985306	-0.2469521729	0.8686490419	-0.0900543378	-0.1186877667	-0.1996640403	0.8686490419	-0.2462581557	-0.3196935953	-0.2462581557	-0.09474595039	-0.3227184796	-0.09474595039	0.9093094766	-0.1380487827	-0.1995635319	-0.3153937848	-0.2479646221	-0.3170583027	0.9383917644	-0.2002740928	-0.0929814708	-0.2274344661	0.3558343917	0.3347570294	-0.1608738199	0.1573461781	-0.1608738199	-0.2182349593	-0.260235658	-0.2187030102	-0.3231467566	-0.2219127203	0.2790827107	-0.1010442345	-0.07832313417	-0.1792666493	-0.1792666493	-0.1010442345	-0.1751761191	-0.2187030102	0.4130392833	0.2803527002	0.2796789216	0.9466434133	-0.1041186457	-0.2187030102	-0.3247302996	-0.401337143	-0.1804022806	-0.2934470366	-0.1066712432	0.5837890423	-0.2718012334	1	0.2716751866	0.1509414897	-0.05061945358	0.1509414897	0.2697205247	0.2690427424	-0.08172991761	-0.0958717227	0.2988034547	-0.04778419421	0.3166440475	-0.1630998546	0.09845287564	0.1384932816	-0.0869009883	-0.01768367035	0.2580432528	-0.1762230326	-0.1697066976	-0.0605123306	-0.1570670295	-0.2175571968	0.07329702159	0.3197002286	-0.2167406197	0.07329702159	-0.06194475597	-0.08198951994	-0.06506329863	0.07420288985	-0.06227916695	-0.2067623851	0.06708101689	-0.1573706274	-0.2039312462	-0.08798058835	-0.05831523434	-0.04378734156	-0.02252961637	-0.01257641493
chr11_2111124_C_G	0.004296703069	-0.06422232958	0.06811953458	-0.1632932545	-0.1363323474	0.06431811955	0.06787056132	0.06312442907	0.06431811955	0.06431811955	0.005120193336	-0.1604196158	0.1143044621	0.05097584099	0.00247274086	-0.2105021624	-0.08217420284	-0.06076822537	-0.06076822537	0.02100818979	-0.0642064822	0.08272662659	0.07580833733	-0.01630670908	0.5317577765	0.1175969147	0.04656843348	0.3875306176	0.3886445191	0.3886696456	0.2009344169	-0.5470037408	0.1218399799	0.1878656291	-0.5513645644	-0.007106297112	-0.008771795192	0.2009344169	0.2009344169	0.09560028226	0.1280579509	0.1878656291	0.1021004498	0.1000046724	0.2024075542	-0.5655378138	0.1630000057	0.1658696294	0.1658696294	0.1311037738	0.1138989216	0.4185969191	-0.0559262888	0.1878656291	0.1893900011	-0.06399410238	0.1878656291	-0.5438118242	0.2024075542	0.09860110134	0.1063741403	0.0754740621	0.1284648508	0.223023625	0.1994562132	-0.5597176603	0.1774352199	-0.2869104987	-0.5580862219	-0.5688630869	-0.5688630869	0.2135278247	0.223023625	0.0558411176	-0.3359741522	0.221658861	0.1410667846	-0.05452346444	-0.5503722073	0.4149320423	-0.5149316063	0.4149320423	-0.5699640297	0.1779950364	0.2350295772	0.4250883754	0.2350295772	0.5311602655	-0.5765946765	0.2081899647	0.04081583052	0.1556216915	0.42664831	0.1542469559	-0.02358851842	0.1261794217	0.4286755046	0.1550381123	-0.05452346444	-0.5619950733	0.1882018046	-0.05452346444	0.1887527981	0.1663019183	0.4004572086	0.361290195	0.278067245	0.3460000724	-0.5303446779	0.2798694341	0.1618959922	0.08302177444	-0.6026901101	0.2798694341	0.1506765454	0.2102797827	0.146782988	0.1251260304	0.2144940876	0.1251260304	0.2790283245	0.1323498876	0.241380225	0.2213296087	0.1488105012	0.2202241221	0.2778866757	0.2929960058	0.09577292382	-0.5576484975	-0.01569489535	-0.01213642921	0.1626803851	0.3877787785	0.1626803851	0.282983112	0.3629883461	0.2839991997	0.3986767558	0.3397248545	0.8855789972	0.1576436922	0.1622197461	0.2586328643	0.2586328643	0.1576436922	0.2147146671	0.2839991997	0.6211138072	0.8450286132	0.8463239631	0.2254848188	0.1622197461	0.2839991997	0.4227551962	0.5218780807	0.2605572269	0.3947475737	0.1811574151	-0.284348011	0.3426412335	0.2716751866	1	0.4170895413	0.1431525007	0.4170895413	0.8764049211	0.8743140494	0.151695588	0.1345513518	0.1834246473	0.1656595387	0.1194404546	0.1448087139	-0.003156262622	0.1269784011	0.1941221996	0.06435464405	-0.03684400891	0.1372102516	0.1637783254	0.09678779933	-0.06673907236	0.222219695	0.06506533372	0.09237426547	0.2206409523	0.06506533372	-0.0961967345	-0.1328749072	0.1121227066	0.08886095062	-0.05160074819	0.2067861943	0.06725784936	-0.2815474957	0.1852294896	-0.1512189374	-0.0219586319	-0.1048834009	0.01206724416	-0.0774019888
chr11_2111243_A_G	0.06807855614	0.02490188048	0.04904557185	0.01124376964	0.01080168099	0.043082991	0.05937069981	0.04436876429	0.043082991	0.043082991	-0.01797860945	0.01278273842	0.05440419172	0.204538755	-0.01520727044	0.003521807757	0.01207057881	0.01251272801	0.01251272801	-0.01042399387	0.01141990708	0.05837301942	0.04803880846	-0.1832343615	0.2671105897	-0.1017329542	0.009170760316	0.1986309557	0.1993171006	0.2014106843	0.4163739086	0.173678719	-0.09184476806	0.4033931108	0.1729380907	-0.1904263664	-0.1884401665	0.4163739086	0.4163739086	0.2773874676	0.117562093	0.4033931108	-0.1095894933	-0.08994532669	0.4212844256	0.1777115644	0.1786178916	0.1590341438	0.1590341438	0.1586107951	-0.091176801	0.2195346347	-0.238868999	0.4033931108	0.4083057231	-0.2442771256	0.4033931108	0.186359752	0.4212844256	0.1769727293	0.1441908832	0.1753386368	-0.07979524944	0.4765179588	0.4292343999	0.1812797501	0.07617681557	0.02400513905	0.1828802943	0.182420324	0.182420324	0.4576149545	0.4765179588	0.1692703502	-0.07786861491	0.4717847519	-0.05659047278	-0.2359152306	-0.039536055	0.2174394197	-0.05404708105	0.2174394197	0.1838716852	0.3985028459	0.4677336218	0.2210297424	0.4677336218	0.2775853843	0.1806220974	0.07530743879	-0.02021699701	-0.05081283931	0.218904088	-0.04942371295	0.1469236319	0.01812543548	0.2160374082	0.07878123227	-0.2359152306	0.1841640799	0.08050336925	-0.2359152306	0.07677951731	0.1714085446	0.07916006531	0.1741764002	0.1483919177	0.1673880334	-0.0679005982	0.1469109603	0.1130199138	0.1722541262	0.1109001124	0.1469109603	-0.06067253622	0.07730449494	-0.06067253622	0.1231954764	0.07385441562	0.1231954764	0.1637467049	0.1950227855	0.1782027722	0.06660748434	-0.0706245255	0.06790342112	0.1692550869	0.1601685655	0.07951226825	-0.08312181444	0.2226079442	0.2322396945	0.08502930692	0.9369545126	0.08502930692	0.1594566064	0.2289081427	0.1600246389	0.2697773247	0.1996857312	0.5203106533	0.1007402495	0.1031462695	0.1214957033	0.1214957033	0.1007402495	0.08502930692	0.1600246389	0.3709093787	0.5476595455	0.5506173865	0.1662082267	0.1031462695	0.1600246389	0.2195534022	0.2617050992	0.1229863334	0.1878388836	0.1223906254	0.2470251137	0.1473256672	0.1509414897	0.4170895413	1	0.09112555917	1	0.5583237163	0.5614320578	0.06997947474	0.05469507349	0.3302488024	0.09007220485	0.08727167397	0.09800714383	0.1057330427	0.1096246252	0.1300677446	-0.0356604632	0.1128596924	0.01783829231	0.05763261014	-0.0645141854	0.01649467433	-0.03998903273	0.2431979459	0.05829392703	-0.04141097426	0.2431979459	-0.107545115	-0.0843868767	0.03411786366	0.04153177133	0.05616926144	-0.06138073167	0.2392617575	0.1217300805	-0.0695458922	-0.08059043271	-0.1626854362	-0.1264257966	0.005503833958	-0.0494135825
chr11_2111386_G_C	0.003835924882	-0.058106199	-0.02991307873	0.1111204877	0.1003441068	-0.03117952492	-0.02235197858	-0.03163644392	-0.03117952492	-0.03117952492	-0.01761755376	0.1105014397	-0.008167066365	-0.08554026337	-0.01844051815	-0.03635394896	0.1322154443	0.09466408433	0.09466408433	-0.07268381258	0.09302592902	-0.1008126343	-0.102064743	0.0300160413	-0.002092781328	-0.06592613362	0.1190704104	-0.06604917825	-0.06629665439	-0.05452207174	-0.09636960841	-0.04752046802	-0.06067732099	-0.08730993042	-0.0673090652	-0.02095189376	-0.02151399776	-0.09636960841	-0.09636960841	-0.0594584507	0.4008869516	-0.08730993042	-0.03550660852	-0.02994606334	-0.09519675652	-0.06670211646	0.1129405833	0.2347045527	0.2347045527	0.2304044705	-0.05424033307	-0.07853914505	0.01091282614	-0.08730993042	-0.1075569964	0.0101053353	-0.08730993042	-0.05460143549	-0.09519675652	0.230601274	-0.242556377	0.2219652733	-0.05757463473	0.07414847384	-0.09755483761	-0.06996059706	-0.06463695003	0.02060490229	-0.05109477824	-0.06620049906	-0.06620049906	0.07313756601	0.07414847384	-0.2598143613	-0.111866373	0.07364387071	-0.04748716849	-0.00967011172	-0.08154034669	-0.07781684374	-0.07942485398	-0.07781684374	-0.06670211646	0.0452740447	0.07615071311	-0.07559746223	0.07615071311	0.1206358549	-0.06770465917	0.1884263328	-0.01938888516	-0.05777086722	-0.07659363461	-0.05824538709	0.3321657765	0.1056581962	-0.07559746223	0.0851099596	-0.00967011172	-0.07095201182	0.1813762541	-0.00967011172	0.170718747	0.2553543846	-0.0890243269	0.1238943059	-0.03656797291	0.03365879371	-0.07423829001	-0.03604140785	0.2878921104	0.2149575499	-0.05963658968	-0.03604140785	-0.06548920813	0.09552833376	-0.05200373568	0.4024052672	0.09328023356	0.4024052672	-0.04210391993	0.2255213826	-0.05160643647	0.1062602713	-0.03804123623	0.1058855026	-0.05700682752	-0.04516950443	0.0207740229	0.05502418809	-0.03885226459	-0.05664062335	-0.03371788727	0.09561367793	-0.03371788727	-0.04046591957	-0.04110163518	-0.04076185806	-0.05955925779	-0.04713861387	0.1496320673	0.5406313822	0.5319662005	-0.04826064943	-0.04826064943	0.5406313822	0.1264799455	-0.04076185806	0.1838596965	0.1534536066	0.1534700716	-0.04525626801	0.5680826403	-0.04076185806	0.2468950919	0.009696147057	-0.03156954556	0.2524579363	0.7329921356	-0.09947756868	-0.06093725893	-0.05061945358	0.1431525007	0.09112555917	1	0.09112555917	0.1473046252	0.1473229936	-0.03161326757	-0.0266779495	0.1054784282	-0.04085254809	0.08591306203	0.0265325544	0.04957730982	0.001460563382	0.005911993837	-0.01847080258	-0.02004070103	0.004719124298	-0.02202684101	0.01626403693	-0.03105820201	-0.02392916958	-0.1059498583	0.03727973446	-0.02355807205	-0.1059498583	0.01680671234	0.00819482432	-0.02405238467	0.02473029347	0.01865223159	-0.02756322978	-0.1044647139	-0.04978946362	0.0009708231233	0.01482466037	-0.02163134819	-0.04040029023	-0.01109421557	-0.005295045554
chr11_2111406_A_C	0.06807855614	0.02490188048	0.04904557185	0.01124376964	0.01080168099	0.043082991	0.05937069981	0.04436876429	0.043082991	0.043082991	-0.01797860945	0.01278273842	0.05440419172	0.204538755	-0.01520727044	0.003521807757	0.01207057881	0.01251272801	0.01251272801	-0.01042399387	0.01141990708	0.05837301942	0.04803880846	-0.1832343615	0.2671105897	-0.1017329542	0.009170760316	0.1986309557	0.1993171006	0.2014106843	0.4163739086	0.173678719	-0.09184476806	0.4033931108	0.1729380907	-0.1904263664	-0.1884401665	0.4163739086	0.4163739086	0.2773874676	0.117562093	0.4033931108	-0.1095894933	-0.08994532669	0.4212844256	0.1777115644	0.1786178916	0.1590341438	0.1590341438	0.1586107951	-0.091176801	0.2195346347	-0.238868999	0.4033931108	0.4083057231	-0.2442771256	0.4033931108	0.186359752	0.4212844256	0.1769727293	0.1441908832	0.1753386368	-0.07979524944	0.4765179588	0.4292343999	0.1812797501	0.07617681557	0.02400513905	0.1828802943	0.182420324	0.182420324	0.4576149545	0.4765179588	0.1692703502	-0.07786861491	0.4717847519	-0.05659047278	-0.2359152306	-0.039536055	0.2174394197	-0.05404708105	0.2174394197	0.1838716852	0.3985028459	0.4677336218	0.2210297424	0.4677336218	0.2775853843	0.1806220974	0.07530743879	-0.02021699701	-0.05081283931	0.218904088	-0.04942371295	0.1469236319	0.01812543548	0.2160374082	0.07878123227	-0.2359152306	0.1841640799	0.08050336925	-0.2359152306	0.07677951731	0.1714085446	0.07916006531	0.1741764002	0.1483919177	0.1673880334	-0.0679005982	0.1469109603	0.1130199138	0.1722541262	0.1109001124	0.1469109603	-0.06067253622	0.07730449494	-0.06067253622	0.1231954764	0.07385441562	0.1231954764	0.1637467049	0.1950227855	0.1782027722	0.06660748434	-0.0706245255	0.06790342112	0.1692550869	0.1601685655	0.07951226825	-0.08312181444	0.2226079442	0.2322396945	0.08502930692	0.9369545126	0.08502930692	0.1594566064	0.2289081427	0.1600246389	0.2697773247	0.1996857312	0.5203106533	0.1007402495	0.1031462695	0.1214957033	0.1214957033	0.1007402495	0.08502930692	0.1600246389	0.3709093787	0.5476595455	0.5506173865	0.1662082267	0.1031462695	0.1600246389	0.2195534022	0.2617050992	0.1229863334	0.1878388836	0.1223906254	0.2470251137	0.1473256672	0.1509414897	0.4170895413	1	0.09112555917	1	0.5583237163	0.5614320578	0.06997947474	0.05469507349	0.3302488024	0.09007220485	0.08727167397	0.09800714383	0.1057330427	0.1096246252	0.1300677446	-0.0356604632	0.1128596924	0.01783829231	0.05763261014	-0.0645141854	0.01649467433	-0.03998903273	0.2431979459	0.05829392703	-0.04141097426	0.2431979459	-0.107545115	-0.0843868767	0.03411786366	0.04153177133	0.05616926144	-0.06138073167	0.2392617575	0.1217300805	-0.0695458922	-0.08059043271	-0.1626854362	-0.1264257966	0.005503833958	-0.0494135825
chr11_2111509_A_G	0.04854489861	-0.02791473747	0.04020878403	-0.1110270929	-0.0910517926	0.03614077015	0.03230194666	0.03830710454	0.03614077015	0.03614077015	0.01902689386	-0.1083096998	0.07374251382	0.0721032354	0.01608117006	-0.1559714194	-0.0432854223	-0.01290122891	-0.01290122891	0.005344691132	-0.01681675193	0.04290468169	0.03568803216	-0.03005211817	0.6235419602	0.1154968754	-0.06590287491	0.4025641056	0.4035308513	0.4033109302	0.2005167085	-0.4905589428	0.1178939019	0.1826782347	-0.4918677858	0.02138819961	0.01954198768	0.2005167085	0.2005167085	0.09336663139	0.1538011355	0.1826782347	0.104989832	0.1010338409	0.2021784642	-0.5116769303	0.1615969295	0.1626665401	0.1626665401	0.1208562893	0.1228657711	0.437549521	-0.06069392792	0.1826782347	0.1844025158	-0.06893581781	0.1826782347	-0.4790983858	0.2021784642	0.08537578004	0.08241550111	0.06170678706	0.1291252655	0.2538558986	0.2052540976	-0.4946899766	0.1448655017	-0.2919056937	-0.4956858365	-0.5059585818	-0.5059585818	0.2442354021	0.2538558986	0.08443294775	-0.3332741932	0.2524348757	0.1443796843	-0.05917667267	-0.553637176	0.4341256541	-0.5600291286	0.4341256541	-0.5072422672	0.1887028503	0.2397281553	0.4448264474	0.2397281553	0.5826461001	-0.5142442608	0.2083102734	0.01963750747	0.1597591612	0.4462057403	0.1582713545	-0.03023482483	0.1272254162	0.4484204224	0.1917952329	-0.05917667267	-0.4973179808	0.2068597792	-0.05917667267	0.2006328141	0.16102109	0.4076467372	0.4148369791	0.2846243747	0.3968871455	-0.5791736254	0.2865624284	0.1532572296	0.07379480097	-0.5440832383	0.2865624284	0.1486447549	0.2184637561	0.144743767	0.1041086079	0.2221768281	0.1041086079	0.2841232013	0.1211372227	0.3095352619	0.2190015976	0.1506565498	0.2177924246	0.2831333435	0.3058078247	0.1779502346	-0.6058682316	0.002390348407	0.01072998856	0.1994379142	0.5328586556	0.1994379142	0.2970555453	0.3803608797	0.2978548509	0.4760045276	0.3222552423	0.9292501457	0.1475933046	0.1520185856	0.226049231	0.226049231	0.1475933046	0.1994379142	0.2978548509	0.6521325801	0.9652524344	0.9668075174	0.2984260476	0.1520185856	0.2978548509	0.4209131033	0.504157662	0.2282608005	0.3556093835	0.1879143038	-0.2256061094	0.3019741121	0.2697205247	0.8764049211	0.5583237163	0.1473046252	0.5583237163	1	0.9981930884	0.1547373091	0.1391991931	0.2133917505	0.1650853982	0.1153629418	0.1304993803	0.01713617222	0.2349052043	0.2787035448	0.04101774858	-0.0009400931235	0.1987755237	0.2173442275	0.078715342	-0.09275742422	0.2046916861	0.09543341402	0.07910095746	0.2031544545	0.09543341402	-0.08860968188	-0.1224290063	0.1176191442	0.08225699013	-0.03443195731	0.1911253655	0.09767030946	-0.2895903777	0.1593101397	-0.1391377053	-0.03163408529	-0.1004074875	0.01634871622	-0.06712479616
chr11_2111531_A_G	0.05083423995	-0.02947480864	0.04143251856	-0.1129056784	-0.09308362787	0.03733399403	0.03394017391	0.03950270861	0.03733399403	0.03733399403	0.01825476695	-0.1101849195	0.07617719709	0.07281015345	0.01529323803	-0.1578544014	-0.0453815547	-0.01223067816	-0.01223067816	0.003538388447	-0.01617703606	0.0425240165	0.0352689416	-0.03137466439	0.6203527224	0.113990595	-0.06773640447	0.4015393276	0.4025109803	0.4022854427	0.2021302458	-0.4891018429	0.116320989	0.1842810076	-0.4904915837	0.02021510722	0.018357607	0.2021302458	0.2021302458	0.09493096848	0.1538023513	0.1842810076	0.1034816851	0.09945261729	0.2038032249	-0.5059734108	0.1611378444	0.1623382724	0.1623382724	0.1203595834	0.1213558653	0.4365094532	-0.06178340538	0.1842810076	0.1860166077	-0.07005781633	0.1842810076	-0.4735037717	0.2038032249	0.08464251712	0.08424581878	0.06087778243	0.1276041694	0.2555692629	0.2068769858	-0.4891081278	0.1441275987	-0.290087787	-0.4899704947	-0.5002238154	-0.5002238154	0.245905589	0.2555692629	0.08620865597	-0.3310833247	0.2541375663	0.1430006132	-0.06026471163	-0.5496055085	0.4330798802	-0.5560482468	0.4330798802	-0.5015244793	0.189857442	0.2414202748	0.4438412421	0.2414202748	0.5799942193	-0.5085744391	0.2065488834	0.01907391511	0.1584542723	0.445211082	0.1569560575	-0.03108204231	0.1255599826	0.4474467805	0.1900364688	-0.06026471163	-0.4917682167	0.2051153929	-0.06026471163	0.1988805656	0.1606092121	0.4058998398	0.41275716	0.283986651	0.3947701354	-0.5749540137	0.2859363939	0.1529143325	0.07295640162	-0.5388117139	0.2859363939	0.1473527449	0.2167869093	0.1434392057	0.1038167986	0.2204861382	0.1038167986	0.2834320747	0.1203775462	0.3089860505	0.2173584884	0.1493929365	0.2161387807	0.2824360015	0.3053088112	0.1777676729	-0.6016107686	0.005038033185	0.01345697284	0.1989454807	0.5359277009	0.1989454807	0.2965768492	0.3797788665	0.2973814058	0.4751759024	0.3216726109	0.927500965	0.1475216263	0.1519527233	0.2255616627	0.2255616627	0.1475216263	0.1989454807	0.2973814058	0.6508578956	0.9634967202	0.9650366068	0.2977592312	0.1519527233	0.2973814058	0.4201893558	0.5031447361	0.2277861899	0.3548492184	0.1878991464	-0.2221221723	0.3011920474	0.2690427424	0.8743140494	0.5614320578	0.1473229936	0.5614320578	0.9981930884	1	0.1545072515	0.1389612245	0.2128362847	0.1648297275	0.1143103968	0.1296455975	0.01826308455	0.2378161307	0.2779471958	0.03991102747	0.00833873359	0.1978031773	0.2161318157	0.07800461064	-0.09526528679	0.2032734621	0.09657413834	0.07793694599	0.2017299731	0.09657413834	-0.08588128294	-0.1202454939	0.1173334539	0.08216399986	-0.03148294706	0.1897528498	0.09882455283	-0.2919060033	0.1580184002	-0.1368850737	-0.03301804931	-0.09758228141	0.01899556159	-0.06448605461
chr11_2111568_G_A	-0.05165222238	-0.07885040808	-0.07035222733	0.2787183302	0.2634587085	-0.0723430795	-0.06860373061	-0.07308762575	-0.0723430795	-0.0723430795	-0.008363923207	0.277654779	-0.02351171233	0.03524822247	-0.009794429213	0.2911371677	0.1609441254	0.180820394	0.180820394	-0.1204375297	0.1780955603	-0.160439141	-0.1624398066	0.2723790434	0.169874597	0.2667984065	-0.04687683549	-0.09860061616	-0.09901785154	-0.1002097709	0.08421079153	-0.09757134857	0.283377124	0.0916624933	-0.1041076779	0.4520929462	0.4504832386	0.08421079153	0.08421079153	0.08268655669	0.01441919201	0.0916624933	0.2982787274	0.296920563	0.08515762271	-0.1031973347	-0.01398386574	-0.04048350614	-0.04048350614	-0.04531804856	0.3203610723	-0.1186625326	0.6533236429	0.0916624933	0.09257541898	0.6497028279	0.0916624933	-0.09798132604	0.08515762271	-0.04237481468	0.1043378621	-0.04699250799	0.3205830046	0.07244438928	0.0832592414	-0.09849484345	-0.07825428892	0.1510057074	-0.09255984308	-0.09224889112	-0.09224889112	0.07040086101	0.07244438928	0.09290194296	0.1713813295	0.07142591186	0.3290052431	0.6639914712	-0.1258586639	-0.1174928468	-0.1225148744	-0.1174928468	-0.09306160841	0.04943814991	0.07645592433	-0.1139435661	0.07645592433	0.1521758526	-0.09468552162	0.266191083	-0.08282073816	0.3372320167	-0.1155268313	0.3364290772	-0.04697163386	0.3007402747	-0.1139435661	0.2769698851	0.6639914712	-0.1000982033	0.2742396182	0.6639914712	0.268706268	-0.04050390725	0.2538329545	0.2318533257	-0.1141286148	0.2365920379	-0.1322489866	-0.1133330611	0.6763713653	-0.05424502356	-0.1059532669	-0.1133330611	0.3367028324	0.2653796688	0.3367028324	-0.0184659091	0.2617432218	-0.0184659091	-0.1122252378	-0.05768219735	-0.03293117514	0.2697553076	0.3413385133	0.2692146477	-0.112021826	-0.02180521598	0.7989231551	-0.1347387652	0.1221281419	0.1068785373	0.6312665045	0.07048735756	0.6312665045	-0.1171962528	-0.1402167025	-0.1173212448	0.2587616581	-0.08009951278	0.1631308451	-0.02380496103	-0.02557640004	-0.04546807353	-0.04546807353	-0.02380496103	0.6312665045	-0.1173212448	0.2427719972	0.1492893126	0.1490243862	-0.06739006246	-0.02557640004	-0.1173212448	0.2959083324	0.2537657695	-0.04667190737	0.3691304941	-0.04041382436	-0.1758186941	0.4076414172	-0.08172991761	0.151695588	0.06997947474	-0.03161326757	0.06997947474	0.1547373091	0.1545072515	1	0.942188252	0.1273722917	0.8407445147	-0.07419486597	0.4092883441	-0.0004102163628	0.2847737401	-0.1147086467	-0.1192648287	-0.09908844851	-0.02135728166	-0.03996510522	-0.1829095955	-0.2919477649	-0.04637830824	0.01104592871	-0.04434721224	-0.05398275894	0.01104592871	-0.1037568735	-0.1143499636	0.8307193138	-0.01135302894	-0.143248126	-0.04883660446	0.01242664126	-0.1187394482	-0.01274167672	-0.1059532669	-0.08013654157	-0.09682077352	0.4267128059	0.4370618894
chr11_2111990_C_T	-0.03880634446	-0.08379831735	-0.08128740909	0.2838930055	0.2735758399	-0.08314144419	-0.08549531153	-0.08385258124	-0.08314144419	-0.08314144419	0.003181535538	0.2828752762	-0.03742633833	0.03021998139	0.001769107313	0.2933353853	0.1757412843	0.1797956547	0.1797956547	-0.1094195239	0.1771940968	-0.1611544738	-0.1630385395	0.3038534464	0.1657785564	0.2984840439	-0.03631715861	-0.1402270263	-0.1404711652	-0.1414705422	0.07458628652	-0.1024718845	0.3170936952	0.08174744185	-0.1085543037	0.4929458122	0.4913309946	0.07458628652	0.07458628652	0.08139868568	0.02224433497	0.08174744185	0.3309348716	0.3305458143	0.07549689273	-0.1075156758	-0.01410458817	-0.04545380213	-0.04545380213	-0.04997302566	0.3550634954	-0.1584082777	0.6994246531	0.08174744185	0.0826239328	0.6957057656	0.08174744185	-0.1012980976	0.07549689273	-0.04368611856	0.09793454999	-0.04795280583	0.3558113435	0.06325222955	0.0736709335	-0.1018289981	-0.07707825181	0.1831343844	-0.0963417509	-0.09610592135	-0.09610592135	0.06128027783	0.06325222955	0.0871475773	0.2034368985	0.06226955993	0.3631186024	0.7106849608	-0.1227523102	-0.1574127229	-0.1195676093	-0.1574127229	-0.09686401789	0.04409046863	0.06712016776	-0.1540903247	0.06712016776	0.1410643075	-0.09837905989	0.2977564167	-0.07803272652	0.3713303014	-0.1556394624	0.3705681968	-0.03858956253	0.3370973556	-0.1540903247	0.3081846486	0.7106849608	-0.1033265593	0.3057540498	0.7106849608	0.2997356494	-0.04363524687	0.2537451609	0.2281834688	-0.1189075432	0.2326770384	-0.1308606673	-0.1181673338	0.7228095067	-0.05474993082	-0.1087479745	-0.1181673338	0.3699022958	0.2961473573	0.3699022958	-0.01040208985	0.292702958	-0.01040208985	-0.1158731329	-0.05648102851	-0.07592499147	0.3005135928	0.374575043	0.300031147	-0.1157427526	-0.06620475458	0.8504375089	-0.1342692518	0.107438839	0.09895398363	0.5962111963	0.05461632009	0.5962111963	-0.1025554173	-0.1308138766	-0.1027252588	0.2458700341	-0.08101405003	0.1454431754	-0.01716529658	-0.01890592087	-0.04242252013	-0.04242252013	-0.01716529658	0.5962111963	-0.1027252588	0.2151539022	0.1323774927	0.1321027328	-0.07847028445	-0.01890592087	-0.1027252588	0.2879220394	0.2462706554	-0.04356391808	0.3509587607	-0.03356790206	-0.1797658286	0.3854181047	-0.0958717227	0.1345513518	0.05469507349	-0.0266779495	0.05469507349	0.1391991931	0.1389612245	0.942188252	1	0.1006429019	0.7938803451	-0.06840418899	0.4369658897	-0.002258128774	0.3061014851	-0.1166197753	-0.1192101198	-0.08821324766	-0.05682920332	-0.07470175519	-0.2033817671	-0.3229678333	-0.0788190007	-0.0003676802794	-0.0477095767	-0.08698606086	-0.0003676802794	-0.08773555053	-0.1063361641	0.8825451488	-0.04452689342	-0.1402081378	-0.0659767327	0.0009924981093	-0.1161350234	-0.05387676876	-0.09840071511	-0.06579682268	-0.0809833555	0.411166537	0.4287828045
chr11_2112258_T_C	0.1162136053	0.1045739737	0.1068973658	0.01352287556	0.03440364773	0.1065777003	0.05707180264	0.1088633127	0.1065777003	0.1065777003	0.1099934418	0.007856646832	0.09587568329	-0.01076864858	0.1068266368	0.001795192755	0.005928912751	-0.05226314854	-0.05226314854	-0.06078156027	-0.05223623069	0.04709430637	0.05021167469	-0.09960415134	-0.08852431269	0.1263170459	0.06467149471	-0.2344178241	-0.2384740175	-0.2332390672	-0.0378167843	0.1191358677	0.1271534136	-0.04400343831	0.1191790181	-0.02991156715	-0.03148390676	-0.0378167843	-0.0378167843	-0.1330707569	0.02519173091	-0.04400343831	0.1073729233	0.09831789591	-0.04171805263	0.1286283088	0.1143022037	0.1907463373	0.1907463373	0.1320772006	0.08991299711	-0.1974512041	-0.07541328328	-0.04400343831	-0.04173615136	-0.07722930266	-0.04400343831	0.1309242341	-0.04171805263	0.09511009762	-0.1037078187	0.07805581513	0.08637597767	-0.02134082281	-0.0338860096	0.1316104044	0.1589835004	0.1549060675	0.1279347766	0.1259080971	0.1259080971	-0.03281095494	-0.02134082281	-0.1007238521	0.09651694091	-0.02374698259	0.1121390702	-0.07437015746	-0.001416996821	-0.1848912988	-0.008745140016	-0.1848912988	0.1242859538	-0.05316603514	-0.02485221787	-0.1893854341	-0.02485221787	-0.04256680038	0.1297235001	0.1758120085	0.09763144283	0.1222826443	-0.1956042565	0.1247086086	-0.02021370963	0.1069023508	-0.1929046001	0.1787160892	-0.07437015746	0.1284395892	0.1836099205	-0.07437015746	0.1771172033	0.1667818157	-0.2053981768	-0.2043321755	0.2701864068	-0.2145107962	0.001036681984	0.2719260259	0.1081568808	0.08026851046	0.08576280021	0.2719260259	0.1547332137	0.2293874128	0.1585530021	0.07925081517	0.233617118	0.07925081517	0.2885683385	0.1191957651	-0.5296231014	0.2297059774	0.1716793424	0.2320551115	0.3047339469	-0.5625666168	0.1204792623	-0.03634286863	-0.1679296773	-0.1565692695	0.198058256	0.3100629637	0.198058256	-0.5935349072	-0.4033172846	-0.5911425002	-0.2282956906	0.3355136407	0.179592319	0.1360485006	0.140852879	0.258475786	0.258475786	0.1360485006	0.198058256	-0.5911425002	0.6159598798	0.2081313688	0.2110449611	0.2359959186	0.140852879	-0.5911425002	-0.3067810605	-0.1597717544	0.2603408806	0.3759746098	0.1357168853	0.3285559955	0.3350563613	0.2988034547	0.1834246473	0.3302488024	0.1054784282	0.3302488024	0.2133917505	0.2128362847	0.1273722917	0.1006429019	1	0.07641387483	0.1227359493	0.1937264328	-0.1511073838	-0.1303412161	-0.3323133835	0.1583529403	0.01381554564	-0.3477909002	-0.2453199457	-0.2547326119	-0.1622921828	-0.314722444	-0.1092712688	0.08302572421	-0.3180206727	-0.1092712688	-0.06225214917	-0.02430987748	0.09510263173	0.08857368188	0.039232902	-0.3353799955	-0.1062104176	0.1778941453	-0.2366473844	-0.02813024952	-0.05000804472	-0.07483362706	0.02567752303	-0.04862173413
chr11_2113165_C_T	-0.05224249313	-0.07664798015	-0.09325703321	0.2472143321	0.2226882306	-0.09538407619	-0.1012997213	-0.09619992863	-0.09538407619	-0.09538407619	0.01028124835	0.2461044896	-0.0584249136	0.04452966557	0.008622100397	0.2650650451	0.1366030288	0.141783862	0.141783862	-0.04166182362	0.1390334811	-0.1195045706	-0.1216722039	0.2389050029	0.159574669	0.1751930082	0.01031040849	-0.06356599834	-0.06415239871	-0.06555314451	0.08889548586	-0.07693791436	0.1868467722	0.09701303901	-0.08420898385	0.3538243352	0.3522819848	0.08889548586	0.08889548586	0.08867418722	0.176912519	0.09701303901	0.2029894412	0.1998369665	0.0899272319	-0.0837146028	0.06653222232	-0.03618202946	-0.03618202946	-0.05359355335	0.2776850797	-0.08590660934	0.5377726707	0.09701303901	0.09800716388	0.5344761269	0.09701303901	-0.08940231358	0.0899272319	-0.04504602225	0.110685858	-0.05005434702	0.2836194671	0.07606585036	0.08785850431	-0.08987086863	-0.01542364705	0.1227196793	-0.08326323422	-0.08282207961	-0.08282207961	0.07383609274	0.07606585036	0.09825571721	0.1453486044	0.07495461809	0.2953063026	0.5468755857	-0.1220805202	-0.0845454619	-0.1185807304	-0.0845454619	-0.0837146028	0.05879108276	0.08044157829	-0.08068923594	0.08044157829	0.1581948338	-0.08549748568	0.2322458553	-0.0895230965	0.3036759863	-0.08234845598	0.3028144082	-0.04823495072	0.2683639131	-0.08068923594	0.2435748396	0.5468755857	-0.09162807138	0.2404560231	0.5468755857	0.2362820006	-0.03977068032	0.2255276076	0.1885104575	-0.07602633733	0.2064914363	-0.124366652	-0.07512749037	0.5605449264	-0.05790105805	-0.08979015474	-0.07512749037	0.2381422968	0.1718090221	0.2381422968	-0.03500089123	0.1679236562	-0.03500089123	-0.07694888546	-0.06441420259	0.04385713736	0.1762292775	0.2426532142	0.1755777767	-0.06794660575	0.05723285842	0.6690765024	-0.1324990976	0.1644183502	0.1532918691	0.5110090513	0.09235808991	0.5110090513	-0.02099730843	-0.04572413495	-0.02183211629	0.2706525645	-0.08546404495	0.1779964931	-0.03704680142	-0.03880768034	-0.06629111893	-0.06629111893	-0.03704680142	0.5110090513	-0.02183211629	0.1857664311	0.1630397278	0.1627584306	-0.04064788398	-0.03880768034	-0.02183211629	0.2931395775	0.2409819385	-0.06729799722	0.2687362998	-0.05337895502	-0.1377157058	0.3069024983	-0.04778419421	0.1656595387	0.09007220485	-0.04085254809	0.09007220485	0.1650853982	0.1648297275	0.8407445147	0.7938803451	0.07641387483	1	-0.09805177208	0.3443516495	0.04369078866	0.2468869399	-0.1242670435	-0.139296522	-0.1081445806	0.05582636726	0.01796724659	-0.1376886393	-0.2306225215	0.006973230529	0.04909903852	-0.0467416776	0.0008482994315	0.04909903852	-0.1250220872	-0.1320870176	0.7697462474	0.009756489735	-0.149407824	0.008704974132	0.05038702624	-0.1071177357	0.0558488853	-0.1231570092	-0.09803380655	-0.117803391	0.4653308588	0.4837959519
chr11_2113931_G_A	0.007778866048	-0.01194481697	-0.0138548638	-0.03369512384	-0.03658052857	-0.01792790083	-0.01803130126	-0.01494512857	-0.01792790083	-0.01792790083	0.007676871238	-0.03534938581	-0.016922212	-0.05815581789	0.004738564349	-0.06352975697	-0.05153621798	-0.001771517008	-0.001771517008	0.02406582536	0.00280068315	-0.01234929189	-0.01629064688	-0.01331547045	0.1199036748	-0.06897310986	0.0341875039	0.1434715447	0.1415968057	0.142919399	0.01851057703	-0.04673578759	-0.03444146724	0.03739621766	-0.0549071079	0.01080012498	0.008931725484	0.01851057703	0.01851057703	-0.02324136804	0.1197634724	0.03739621766	-0.06202760405	-0.0530964502	0.02093152021	-0.04458818963	0.04205883202	0.07208928155	0.07208928155	0.01474190549	-0.0571955651	0.1529814621	-0.01586260649	0.03739621766	0.03195544317	-0.01820294646	0.03739621766	-0.06265500245	0.02093152021	0.04521859394	0.0001529320646	0.03332431684	-0.040548024	0.00469392915	0.02409460505	-0.06844474397	-0.1023155007	-0.1182642758	-0.0498724481	-0.05400279939	-0.05400279939	-0.0005777569588	0.00469392915	-0.02310452842	-0.1411061249	0.002070250929	-0.0770814127	-0.02144720892	-0.0789830653	0.1381511276	-0.07862596656	0.1381511276	-0.04458818963	0.0410860765	0.006697944683	0.1362607234	0.006697944683	0.06806278903	-0.04798871024	-0.05508077003	-0.04442731202	-0.07203220331	0.1426194521	-0.07352642138	-0.05099335113	-0.09787634254	0.1452639559	-0.05952115975	-0.02144720892	-0.06085412671	-0.06221741359	-0.02144720892	-0.0581342881	0.07567501162	-0.205030352	-0.1716778366	0.3144638763	-0.1642598384	-0.07138303112	0.3053526284	-0.01770488067	0.01790941555	-0.05754243433	0.3053526284	-0.08128329476	-0.07660305051	-0.08616945862	-0.04442731202	-0.07465735578	-0.04442731202	0.2913190416	-0.006677597384	-0.1343633089	-0.07992676889	-0.08510229841	-0.08133755556	0.2948048237	-0.1194042825	-0.01423289079	-0.06139378055	0.05663127501	0.04904626924	-0.08269755452	0.0170923575	-0.08269755452	-0.1158387087	-0.07942297879	-0.1168338552	-0.1230255142	-0.03069418747	0.05956595731	0.03120927562	0.03977271811	-0.06175017107	-0.06175017107	0.03120927562	-0.1044641129	-0.1168338552	0.1427862372	0.05856427166	0.05733720348	0.2805296888	0.03977271811	-0.1168338552	-0.1462501228	-0.1992074556	-0.05837400314	-0.1040564836	0.02168344837	0.1575531235	-0.1180711037	0.3166440475	0.1194404546	0.08727167397	0.08591306203	0.08727167397	0.1153629418	0.1143103968	-0.07419486597	-0.06840418899	0.1227359493	-0.09805177208	1	-0.1798643585	0.1567020236	-0.1623311464	-0.2153572912	0.06321501776	-0.03992737332	-0.2015453378	-0.2251479622	0.1942886345	0.1083834346	-0.2555482872	0.03440319513	0.7928574925	-0.2549749995	0.03440319513	-0.1755435746	-0.1825906151	-0.09334198463	0.1633724185	-0.1717223055	-0.2387796353	0.01902739526	-0.1995222575	-0.2189645993	-0.1924394023	-0.1417623175	-0.1671196611	-0.1624131428	-0.1586684768
chr11_2114221_T_C	0.01747191371	0.004952135003	-0.07291619646	0.0829571762	0.07886326201	-0.07647230136	-0.1193837863	-0.07774282793	-0.07647230136	-0.07647230136	0.09090750723	0.08139405353	-0.1228048296	0.04636031284	0.08778795081	0.08439501305	0.07856586106	0.08279738539	0.08279738539	0.005271528457	0.07887821878	-0.06252276067	-0.06604386188	0.223755062	0.1028189065	0.3933072985	-0.09670452312	-0.2246243647	-0.2251904106	-0.2176020276	0.02208415241	-0.08892288904	0.3986286357	0.006173079472	-0.05931919149	0.161673984	0.1660040759	0.02208415241	0.02208415241	0.05605373608	-0.05289662963	0.006173079472	0.436687513	0.4307210409	0.02422842233	-0.07738310487	-0.09329268484	-0.09719490176	-0.09719490176	-0.1055248532	0.430999663	-0.2447632387	0.2947210194	0.006173079472	0.008316453381	0.2914951485	0.006173079472	-0.0764310942	0.02422842233	-0.09839210019	0.1077833197	-0.09130288138	0.4272630716	0.04804971995	0.01992370705	-0.05959279026	0.4008542121	0.2201390456	-0.08859166093	-0.08758854282	-0.08758854282	0.04374171071	0.04804971995	0.09142298978	0.2707943408	0.04590476187	0.4442187816	0.3011547726	-0.1411982641	-0.2285986652	-0.1005631211	-0.2285986652	-0.08907191481	0.0605493658	0.05645794355	-0.2413449619	0.05645794355	0.1592977895	-0.07452913601	0.3798310999	-0.07069778475	0.4524279925	-0.2346822265	0.4510374096	-0.06318710163	0.404284412	-0.2366084927	0.3468497104	0.3011547726	-0.06256189525	0.3697478587	0.3011547726	0.3694223674	-0.08834228778	0.2792964105	0.2549140402	-0.166468492	0.2405672	-0.1289442323	-0.1650491795	0.3148597053	-0.08217853227	-0.0796723649	-0.1650491795	0.4698292858	0.3599403514	0.4749703647	-0.07069778475	0.3443351515	-0.07069778475	-0.1695496484	-0.09601135959	-0.1481478855	0.359680396	0.4741655339	0.3632528987	-0.1748264615	-0.1361247712	0.3859213676	-0.09500086508	-0.1693137266	-0.1737818361	0.2645352771	0.1004647478	0.2645352771	-0.1290230035	-0.1544525653	-0.1297451354	-0.0004266676525	0.2652721801	0.1571275662	-0.056573397	-0.05946996683	0.3693140333	0.3693140333	-0.056573397	0.3027055059	-0.1297451354	0.247894598	0.1372362493	0.1363961832	-0.1605653091	-0.05946996683	-0.1297451354	0.06619640417	0.3361439449	0.3594999323	0.4570844792	-0.01174205766	-0.189789471	0.4868279357	-0.1630998546	0.1448087139	0.09800714383	0.0265325544	0.09800714383	0.1304993803	0.1296455975	0.4092883441	0.4369658897	0.1937264328	0.3443516495	-0.1798643585	1	-0.519062739	0.03691427704	-0.2082082726	-0.05590694841	-0.160669969	-0.156941525	-0.05529241592	-0.4332912316	-0.2532752742	-0.212482694	-0.1501526879	-0.1452692386	-0.2119175024	-0.1501526879	-0.05933620958	-0.04592456929	0.4702090438	-0.08269034631	-0.06699840473	-0.1987473941	-0.1562769231	0.2284932502	-0.1777304836	-0.0796723649	-0.08407185483	-0.1109352414	0.1912040329	0.2286713268
chr11_2114571_C_G	0.04669093487	-0.07239357869	0.01008834919	0.0485022143	0.03810414	0.01315502515	0.0778630648	0.01419124033	0.01315502515	0.01315502515	-0.1391019078	0.04973051819	0.1054977673	0.1706999857	-0.1361110975	0.05064575464	0.02420760746	0.03383554637	0.03383554637	0.03131811914	0.03675748858	0.02767156283	0.02540542848	-0.08792486739	0.03379845031	-0.199827551	0.1002186559	0.1501751032	0.1507737036	0.1468653025	0.1802215869	0.07660245616	-0.1948474375	0.1796174094	0.07261734258	0.07175494718	0.07304440905	0.1802215869	0.1802215869	0.09975761534	0.07790240396	0.1796174094	-0.2111895577	-0.2059499631	0.1875674839	0.05882232252	0.1291654889	0.1164694322	0.1164694322	0.1037159833	-0.1951959393	0.1572518922	0.04939376458	0.1796174094	0.1771594237	0.04147042754	0.1796174094	0.06777967681	0.1875674839	0.107472583	0.03854321305	0.1045989427	-0.1908213495	0.2134018745	0.1928283112	0.06132656743	-0.3653790102	-0.03676365074	0.06539241819	0.06449100489	0.06449100489	0.2088093104	0.2134018745	0.05445540036	-0.09731409298	0.2163772084	-0.2044072855	0.04826755429	0.09054073759	0.149880479	0.07440040288	0.149880479	0.06574690937	0.2846179673	0.2121435882	0.1502557207	0.2121435882	0.01362047747	0.06134100387	-0.1097237039	0.0633221454	-0.2021358788	0.1413278397	-0.2009843195	0.03907590059	-0.1769403029	0.1502557207	-0.1128956606	0.04826755429	0.06380882232	-0.1135367898	0.04826755429	-0.1168786393	0.09651039076	-0.1083134524	-0.02253550202	0.09467692273	-0.0285689935	0.08307113657	0.09344525679	0.01213365933	0.1063495692	0.06658516099	0.09344525679	-0.2220687161	-0.1532116878	-0.2342512558	-0.02461049769	-0.1534508042	-0.02461049769	0.0939335017	0.08687213318	0.1216939004	-0.1565788946	-0.2373660189	-0.1556429082	0.1000687933	0.1065555105	0.009080141058	0.1034299875	0.2663432167	0.2715247793	0.0487964473	0.08486173652	0.0487964473	0.1096151965	0.155770574	0.1102159596	0.1807254563	-0.259903977	-0.01752766796	-0.009432666048	-0.006219359909	-0.3925112499	-0.3925112499	-0.009432666048	0.0487964473	0.1102159596	-0.09633040607	-0.00206667208	-0.001015321685	0.1081486272	-0.006219359909	0.1102159596	0.1177115914	-0.1529035108	-0.3828492302	-0.2686314432	0.007224087175	0.154657928	-0.2855341603	0.09845287564	-0.003156262622	0.1057330427	0.04957730982	0.1057330427	0.01713617222	0.01826308455	-0.0004102163628	-0.002258128774	-0.1511073838	0.04369078866	0.1567020236	-0.519062739	1	0.1334778998	0.1863332066	0.1120408306	0.1104858836	0.1639813009	0.1093243003	0.4422716092	0.3239889553	0.2315682864	0.5826454291	0.1782243311	0.2312638554	0.5826454291	0.07156286719	0.09368873608	0.003712831624	0.04505293992	0.09640221685	0.2237698181	0.5660937276	-0.2053433952	0.1968640358	0.08676525792	0.05883178544	0.07389164968	0.1195258044	0.06470030464
chr11_2114583_C_T	0.0004673918981	-0.04374449056	0.03767580143	0.04097084442	0.01481725073	0.04003550839	-0.009644947542	0.03834385428	0.04003550839	0.04003550839	0.1001460902	0.04348232985	0.03614608943	0.06281074318	0.10394096	0.05544650114	-0.00346078797	0.05897522687	0.05897522687	-0.09328060627	0.05367296938	-0.03385429997	-0.035168136	0.1231637724	0.2211623076	-0.08851025734	-0.1150121247	0.2270443086	0.2284838297	0.2282481118	0.01654959355	-0.1003305434	-0.08007049813	0.02704089198	-0.1174203176	0.04876200946	0.04636011581	0.01654959355	0.01654959355	0.0269870428	-0.008941335253	0.02704089198	-0.09250399808	-0.07354441356	0.01962122619	-0.1175786593	-0.01947557387	-0.04382336849	-0.04382336849	-0.02870780156	-0.08325125851	0.2172902356	0.1630008216	0.02704089198	0.02998980009	0.1593862459	0.02704089198	-0.09439873969	0.01962122619	-0.01296783466	-0.007861295538	-0.02033597853	-0.0690660818	0.02145328671	0.006490092482	-0.1043742231	-0.1826856101	-0.1799138899	-0.0881728246	-0.09618515783	-0.09618515783	0.02969892688	0.02145328671	0.02077027563	-0.1678832272	0.02555649674	-0.08763370889	0.1684227961	-0.1058243776	0.2018043579	-0.1410277274	0.2018043579	-0.09829342507	-0.007201612068	0.01975138638	0.2107649184	0.01975138638	0.1761922213	-0.1025021983	-0.09763951388	-0.1731590507	-0.08349372126	0.2074727075	-0.08537410773	-0.03719701877	-0.09193408118	0.2107649184	-0.06008648992	0.1684227961	-0.1085193745	-0.07675489335	0.1684227961	-0.0870898072	-0.01497861159	0.1728935072	0.03984771272	0.1115642563	0.0426134137	-0.170803107	0.113844151	0.2521995143	-0.02716769639	-0.1056450702	0.113844151	-0.07932339793	-0.09947145012	-0.07508229415	-0.02009923188	-0.1004633934	-0.02009923188	0.1290860826	-0.04882567489	0.1924177982	-0.09435437409	-0.06996386213	-0.09612546725	0.1176948314	0.1708351948	0.277962691	-0.1571108582	0.2381940475	0.2260877756	0.09731365334	0.1307117692	0.09731365334	0.1826160789	0.1235137196	0.1791904196	0.1943382598	-0.1807609903	0.2127642909	-0.06254010646	-0.05548610671	-0.1705648623	-0.1705648623	-0.06254010646	0.1036113158	0.1791904196	0.07145830482	0.2363855097	0.2392300712	0.219936275	-0.05548610671	0.1791904196	0.1943924296	0.08144416618	-0.1617603474	-0.0784590914	-0.03377603686	-0.01689239825	-0.07206328179	0.1384932816	0.1269784011	0.1096246252	0.001460563382	0.1096246252	0.2349052043	0.2378161307	0.2847737401	0.3061014851	-0.1303412161	0.2468869399	-0.1623311464	0.03691427704	0.1334778998	1	0.2833921601	-0.2495456361	0.4560504052	0.2442719648	0.1409947014	-0.2681236624	-0.4971649724	0.1112602893	0.06673634603	-0.1743266952	0.113385243	0.06673634603	-0.2287336854	-0.2670562619	0.3666133086	-0.08211630533	-0.2387373451	0.1243586328	0.06991576699	-0.2516511825	0.1777212392	-0.2508344152	-0.2044896401	-0.2210498587	0.1160517428	0.1215210204
chr11_2114811_T_C	-0.05614492646	0.02475091203	0.01459652784	-0.03154806312	-0.06095380391	0.009822938823	0.02145522115	0.00824408593	0.009822938823	0.009822938823	-0.01315882014	-0.02859316417	0.02853084769	-0.008450445777	-0.008029872812	-0.02403030241	-0.05628683755	-0.02235289827	-0.02235289827	0.01972637046	-0.0269679666	0.01628326609	0.01934503915	-0.05362053015	0.2454506412	-0.192884139	-0.03463210261	0.3206235099	0.3262362376	0.3220852171	0.04321428029	-0.09986215834	-0.2284778191	0.03625681713	-0.1052920049	-0.146140148	-0.1480769879	0.04321428029	0.04321428029	-0.04144497178	-0.002424729222	0.03625681713	-0.2533578862	-0.268735554	0.03869322067	-0.1156053737	0.1347661918	0.1326741284	0.1326741284	0.1563658222	-0.2607151282	0.3689455429	-0.1423591905	0.03625681713	0.0389386721	-0.1446222734	0.03625681713	-0.09919900373	0.03869322067	0.1117893753	-0.05183972543	0.09665416659	-0.2808131759	0.04705320483	0.04046782502	-0.1046909324	-0.1884403921	-0.3243316794	-0.09989308828	-0.1086189954	-0.1086189954	0.04131942908	0.04705320483	-0.06088221351	-0.3799822383	0.04419869941	-0.2632083159	-0.1415762593	-0.1854675662	0.3730608399	-0.1830773969	0.3730608399	-0.1105484515	-0.02995492244	0.03567673015	0.3773199549	0.03567673015	0.2027683499	-0.1093521426	-0.1795823505	-0.09175780991	-0.262015214	0.3745057412	-0.2637315486	0.01767797056	-0.2401583375	0.3773199549	-0.1758102878	-0.1415762593	-0.1085048022	-0.1722752811	-0.1415762593	-0.1717591152	0.1456443553	0.1520118748	0.2044915754	-0.01142032778	0.1950979185	-0.1741563938	-0.009410006598	-0.08598524948	0.09698471054	-0.1034058102	-0.009410006598	-0.2554208488	-0.1757070924	-0.2554208488	-0.02754191542	-0.1716093071	-0.02754191542	-0.02817669733	0.07807080877	0.496223711	-0.1773077628	-0.2566508783	-0.1789949585	-0.04640052671	0.5158550602	-0.1350859884	-0.1530765347	0.1741244204	0.1830429663	-0.148766951	0.1520461904	-0.148766951	0.5287020251	0.5828016624	0.528278284	0.4346269864	-0.01835019733	0.2952827825	-0.05530927158	-0.05931512369	-0.1865950587	-0.1865950587	-0.05530927158	-0.135556102	0.528278284	-0.1190684478	0.2880591581	0.2873027333	-0.007115120722	-0.04740163333	0.528278284	0.3265961334	0.2011526895	-0.1766135679	-0.2442864567	-0.04110931195	-0.09672548296	-0.2349799107	-0.0869009883	0.1941221996	0.1300677446	0.005911993837	0.1300677446	0.2787035448	0.2779471958	-0.1147086467	-0.1166197753	-0.3323133835	-0.1242670435	-0.2153572912	-0.2082082726	0.1863332066	0.2833921601	1	-0.03378300191	-0.1731018911	0.5998950774	0.5933549416	0.3558504045	0.2511426423	0.5430125096	0.1347836026	-0.2012917367	0.54232561	0.1347836026	-0.0003479446865	-0.02821527431	-0.1076405081	-0.07149433806	0.03159783423	0.5563558211	0.1455118125	-0.1913250443	0.3773369105	-0.01989487955	0.07742781928	0.02049938578	-0.1100335757	-0.2282228088
chr11_2115390_C_T	0.03105495713	-0.003870412268	-0.02988209709	-0.135018806	-0.1012331984	-0.02405901385	0.002024330091	-0.02526230271	-0.02405901385	-0.02405901385	-0.06782726355	-0.1363803023	0.06735861427	-0.03865316192	-0.06004358236	-0.1472369283	-0.06731556751	-0.06686057387	-0.06686057387	0.1058121511	-0.07013674919	0.04983024538	0.055392746	-0.1033950184	-0.04965212473	-0.01063146707	0.103936394	-0.07207016133	-0.07308146755	-0.07050095702	-0.08210914964	-0.0559647063	-0.02797996509	-0.07109645348	-0.04970334082	-0.1077751467	-0.1028873068	-0.08210914964	-0.08210914964	-0.2465915944	-0.03301136911	-0.07109645348	-0.0004742498306	-0.007016518609	-0.07962053954	-0.05035754741	0.1564450635	0.1809960883	0.1809960883	0.1631203502	-0.012029129	-0.08360447827	-0.0856978402	-0.07109645348	-0.06873893955	-0.08747051751	-0.07109645348	-0.07274441981	-0.07962053954	0.1163329222	-0.1417397381	0.126618242	-0.01708883178	-0.07782483437	-0.07601880217	-0.06727101182	0.09564210781	0.02469396772	-0.06785358131	-0.07272303407	-0.07272303407	-0.0831735875	-0.07782483437	-0.1530220038	-0.0425011402	-0.08048519735	-0.01188282683	-0.08480874199	-0.03450399961	-0.07169652489	-0.01997384867	-0.07169652489	-0.06822141441	0.0154686059	-0.06744913901	-0.08007457126	-0.06744913901	0.004440991553	-0.05924215951	0.06788116802	0.3631676493	-0.01312140021	-0.07779727072	-0.00928590361	-0.1175927015	-0.06025637713	-0.08007457126	0.06496577875	-0.08480874199	-0.06429892408	0.07340881498	-0.08480874199	0.07717448702	0.1538658707	-0.08288332298	0.01223028699	-0.02207971512	0.00559619957	-0.009644197607	-0.02058443575	-0.1232642379	0.1196262161	-0.04645940186	-0.02058443575	0.005269730213	0.1178002732	0.0105077628	0.04810331684	0.1070144568	0.04810331684	-0.02644876746	0.184278355	-0.0988910177	0.1302185642	0.005204467573	0.1291072964	-0.02510806368	-0.08670405822	-0.1159172623	-0.04458116106	-0.1865038959	-0.1681533576	0.1338853781	-0.02688693548	0.1338853781	-0.08573589781	0.0511618185	-0.08670134628	0.1206186478	0.0403933219	0.05785254576	0.1046518789	0.09966291654	-0.110938529	-0.110938529	0.1046518789	0.1494414046	-0.08670134628	0.1224060433	0.048034693	0.04695823141	-0.04211833439	0.1136912785	-0.08670134628	0.06505121387	-0.05274061747	-0.105766979	0.05462877252	0.1165196637	-0.04169868151	0.00851566797	-0.01768367035	0.06435464405	-0.0356604632	-0.01847080258	-0.0356604632	0.04101774858	0.03991102747	-0.1192648287	-0.1192101198	0.1583529403	-0.139296522	0.06321501776	-0.05590694841	0.1120408306	-0.2495456361	-0.03378300191	1	-0.1240215128	0.1200536607	0.3773510347	0.1840331913	0.2154522213	0.2937998604	0.09041052619	0.03531027205	0.291172675	0.09041052619	-0.1408679186	-0.1767445777	-0.1253519196	0.02505154187	-0.1556507256	0.239042463	0.0827147605	0.0906550777	0.2784109255	-0.173717383	-0.1178271922	-0.152885946	0.03556763592	-0.1843320696
chr11_2115454_C_T	0.05536207775	0.07879397905	0.1752744335	-0.09757983192	-0.1251631793	0.1768131822	0.1902135648	0.1758642473	0.1768131822	0.1768131822	-0.01895848474	-0.09268824281	0.1443981398	0.0610858466	-0.02109987607	-0.0908462769	-0.09889665067	-0.08388528685	-0.08388528685	-0.1134573841	-0.08672878687	0.1066667029	0.1035880062	-0.1037926178	0.03786492949	-0.1874529419	0.0006063230506	0.1219394784	0.1204479426	0.1231019079	0.0669511712	0.0120864329	-0.1423777379	0.08010153452	0.0009771379964	-0.1482792255	-0.1495038903	0.0669511712	0.0669511712	-0.01732475408	-0.08267522012	0.08010153452	-0.1827041552	-0.1402558248	0.06863100677	0.01230075379	0.02785000099	0.05428024129	0.05428024129	0.06431173015	-0.1961034711	0.1077736138	-0.1271751096	0.08010153452	0.08170180981	-0.1285758675	0.08010153452	0.00143698179	0.06863100677	0.1140843081	-0.09586259289	0.1030633912	-0.1453549219	0.08427880659	0.05609193862	0.001444512972	-0.09756072814	-0.04171697267	0.01223443115	0.01366605619	0.01366605619	0.09062338393	0.08427880659	-0.04209385358	-0.1059235037	0.08260838938	-0.1970056851	-0.1271078994	0.08295807305	0.08450553151	0.01982703963	0.08450553151	0.01230075379	0.06710383429	0.08140626139	0.08488718721	0.08140626139	0.05413620525	0.00957719962	-0.1162054217	-0.09921683781	-0.1905302142	0.08794449471	-0.1916792383	0.05586658591	-0.1512706581	0.08488718721	-0.0572014897	-0.1271078994	0.005015459884	-0.08821746125	-0.1271078994	-0.1003842148	0.09665821021	-0.04809384399	-0.1534080199	0.2075402562	-0.1476927192	-0.01696124914	0.2090648021	-0.08933362627	0.09030769235	0.0006063230506	0.2090648021	-0.1774437086	-0.1055243425	-0.1774437086	-0.03204935543	-0.1108594464	-0.03204935543	0.246332805	0.0858537343	-0.07112344139	-0.09912975739	-0.1752461682	-0.1002493233	0.2554577418	-0.1251071363	-0.08298729114	0.0008785599101	0.1102163666	0.08911045393	-0.1369430964	0.1230063035	-0.1369430964	-0.1267476081	-0.08317126535	-0.1272799757	-0.1123300488	-0.03829968659	-0.04624826804	-0.06446799197	-0.05182751988	-0.07866093148	-0.07866093148	-0.06446799197	-0.1369430964	-0.1272799757	0.04962807628	-0.001747447416	0.002280131712	0.2334444509	-0.0667808113	-0.1272799757	-0.213123425	-0.2324731	-0.08033148571	-0.1695479632	-0.03375720067	0.2274565544	-0.1670841533	0.2580432528	-0.03684400891	0.1128596924	-0.02004070103	0.1128596924	-0.0009400931235	0.00833873359	-0.09908844851	-0.08821324766	0.01381554564	-0.1081445806	-0.03992737332	-0.160669969	0.1104858836	0.4560504052	-0.1731018911	-0.1240215128	1	-0.2213912753	-0.2411587501	-0.3628210536	-0.512953487	-0.2290660778	0.09529170992	-0.1317391639	-0.2287176907	0.09529170992	-0.003222059517	-0.03916511071	-0.0824711045	-0.004490229814	-0.01204879769	-0.2144366452	0.09696187002	-0.1445332121	-0.1820662216	-0.03022287206	-0.139109217	-0.002419307614	0.1365016575	0.143274886
chr11_2115704_C_T	-0.07083110933	-0.07047944672	-0.1218534488	-0.05278752731	-0.06281451091	-0.1186340716	-0.1346660625	-0.12025606	-0.1186340716	-0.1186340716	0.01818525769	-0.04992579832	-0.1147745381	-0.02041495776	0.01480312282	-0.03623732359	-0.06371804466	0.01038997156	0.01038997156	0.1356140617	0.005772916739	-0.01126636214	-0.01572891569	-0.00740068254	0.1498317899	-0.0848236852	-0.1559343592	0.2569863687	0.2625738347	0.2586717361	-0.08983150114	-0.09498108383	-0.116834553	-0.07201631178	-0.1103284227	-0.1337220666	-0.1356235358	-0.08983150114	-0.08983150114	-0.002428712886	0.07348049089	-0.07201631178	-0.07472274926	-0.09304344787	-0.08665933359	-0.1103905831	-0.03886342257	-0.08220878234	-0.08220878234	-0.09295080429	-0.05035487124	0.23696377	-0.09910105055	-0.07201631178	-0.06902108882	-0.101453326	-0.07201631178	-0.1042348918	-0.08665933359	-0.125802904	0.05223466355	-0.1353138863	-0.06317040971	-0.09324708848	-0.1001006597	-0.1095929363	0.08263743541	-0.2747053249	-0.09519281904	-0.1036133586	-0.1036133586	-0.09265553914	-0.09324708848	0.03126505425	-0.1956844566	-0.08922961823	-0.04513575591	-0.09776505931	-0.1795212046	0.240695956	-0.1729307205	0.240695956	-0.1054966746	-0.01672781452	-0.07988694824	0.244821894	-0.07988694824	0.1361717777	-0.1043709258	-0.124741117	0.2205503735	-0.03784964251	0.2379555282	-0.03532094762	-0.09359962447	-0.07606429466	0.2408557337	-0.1284689825	-0.09776505931	-0.1133009241	-0.1210619391	-0.09776505931	-0.1165237473	-0.1063789856	0.2749360044	0.2274435852	-0.1611665979	0.2259408076	-0.1507713331	-0.1593296679	-0.08505267436	-0.1328749986	-0.1083938346	-0.1593296679	-0.07027321174	-0.1636133349	-0.07027321174	-0.03839065116	-0.1558221041	-0.03839065116	-0.1754969992	-0.1373375337	0.510873181	-0.1499044283	-0.06515126528	-0.1515362368	-0.1891623537	0.5404790502	-0.08811440243	-0.1477865296	0.1039481806	0.1055324127	0.1284107864	0.04010519884	0.1284107864	0.5284650594	0.3786365245	0.5229712445	0.4154240243	-0.2337409135	0.2164020468	-0.03135189681	-0.03556512598	-0.1776971313	-0.1776971313	-0.03135189681	0.1475882672	0.5229712445	-0.1891335131	0.2010869124	0.2001069828	-0.0959837478	-0.02403567611	0.5229712445	0.5140372764	0.3686127061	-0.1681199472	-0.04641121084	-0.02111921773	-0.1971593676	-0.04335297813	-0.1762230326	0.1372102516	0.01783829231	0.004719124298	0.01783829231	0.1987755237	0.1978031773	-0.02135728166	-0.05682920332	-0.3477909002	0.05582636726	-0.2015453378	-0.156941525	0.1639813009	0.2442719648	0.5998950774	0.1200536607	-0.2213912753	1	0.8346010379	0.3882212912	0.2998050787	0.7883483928	0.1482247552	-0.1979237325	0.7885482427	0.1482247552	-0.2756384041	-0.27867827	-0.07606677739	-0.05263974761	-0.232061218	0.7960730627	0.150601206	-0.1882021187	0.6183612132	-0.2795397232	-0.2242819997	-0.2663261447	-0.1322926078	-0.1230813212
chr11_2115906_C_T	-0.06872751563	-0.03343450329	-0.1025536692	-0.09579963812	-0.10282994	-0.1010207619	-0.09735190926	-0.1029189181	-0.1010207619	-0.1010207619	-0.01766389036	-0.09375000217	-0.05626145105	0.01006675183	-0.01415010546	-0.07828776902	-0.08132897302	0.004857247416	0.004857247416	0.1345661136	-0.0005914498559	0.005575088998	0.0002807335206	0.01160911445	0.1759146755	-0.07816085253	-0.04715194563	0.1776049733	0.1823117373	0.1816011432	-0.03626925436	-0.0795212412	-0.1008457461	-0.01523252837	-0.0890355688	-0.1456150103	-0.1478891683	-0.03626925436	-0.03626925436	-0.1087483418	0.03549163106	-0.01523252837	-0.0633351555	-0.08059753861	-0.03278059632	-0.08983212448	0.1207161026	0.1222535414	0.1222535414	0.0898209556	-0.05146920467	0.1678958757	-0.103933233	-0.01523252837	-0.01192867741	-0.1067728733	-0.01523252837	-0.1018498452	-0.03278059632	0.03196896149	-0.02890860317	0.01664030569	-0.05939065118	-0.04075113777	-0.04612214392	-0.09807116791	0.09192062533	-0.19046116	-0.08934777174	-0.09634866854	-0.09634866854	-0.0415662739	-0.04075113777	-0.0597210861	-0.2038716929	-0.03782092297	-0.04283220856	-0.1021526676	-0.1889510779	0.1791696098	-0.1737338067	0.1791696098	-0.09860432633	0.01160387233	-0.02613865834	0.1744989814	-0.02613865834	0.1596554957	-0.08997034076	-0.02542171293	0.2095042193	-0.03287381007	0.170922812	-0.03110026464	-0.117396902	-0.08183539976	0.1744989814	-0.02934241265	-0.1021526676	-0.1025151474	-0.02121847171	-0.1021526676	-0.01563165489	0.06940900999	0.2182261744	0.2630553967	-0.1753596107	0.2611531203	-0.1542130651	-0.173168042	-0.1062484838	0.01252210777	-0.08975951373	-0.173168042	-0.0548854932	-0.06263926223	-0.0548854932	-0.06898275406	-0.05795575677	-0.06898275406	-0.1809999051	-0.00143384313	0.4227546898	-0.04804451091	-0.05420576728	-0.04990437832	-0.19282483	0.456190063	-0.1191834921	-0.1425922344	0.02617552621	0.03101222595	0.08767997937	0.08036199712	0.08767997937	0.4414617684	0.4223724697	0.436172917	0.4261981211	-0.06950557487	0.2428845109	-0.07443863872	-0.07892875877	-0.1328034745	-0.1328034745	-0.07443863872	0.1105967316	0.436172917	-0.09797514351	0.2201127962	0.2188947959	-0.1047441194	-0.06859564141	0.436172917	0.4043193844	0.3125995216	-0.1259477177	-0.05171525525	-0.06249982561	-0.2006094134	-0.03115642322	-0.1697066976	0.1637783254	0.05763261014	-0.02202684101	0.05763261014	0.2173442275	0.2161318157	-0.03996510522	-0.07470175519	-0.2453199457	0.01796724659	-0.2251479622	-0.05529241592	0.1093243003	0.1409947014	0.5933549416	0.3773510347	-0.2411587501	0.8346010379	1	0.3142645937	0.2786027533	0.7771743399	0.1820825901	-0.2357347269	0.7745067344	0.1820825901	-0.3107079314	-0.3244336036	-0.1068172724	-0.06196330993	-0.279392274	0.7869147086	0.1777574473	-0.114890919	0.6395052381	-0.3241011383	-0.2517627448	-0.3023774778	0.0005188461646	-0.1574625937
chr11_2116492_C_G	0.004893304689	-0.0943232315	-0.09587642334	-0.05253396585	-0.01069423237	-0.09850901868	-0.02486336692	-0.09615781826	-0.09850901868	-0.09850901868	-0.1529469622	-0.05363219138	0.0005979203404	0.01383398575	-0.1469361284	-0.05153391226	-0.05039334855	0.01870475646	0.01870475646	0.1144777915	0.02249287207	-0.003982680861	-0.01307986052	-0.0823375982	0.07147541615	-0.06996315718	0.100590954	0.1386875652	0.140767913	0.1350055136	0.05316201925	-0.04004969049	-0.09693109658	0.05881093188	-0.05367808376	0.05946057006	0.06264987026	0.05316201925	0.05316201925	0.008812252625	0.04733821871	0.05881093188	-0.08822580508	-0.1103217429	0.05464308418	-0.05392795344	0.05468090089	0.05056446622	0.05056446622	0.025595401	-0.0753466083	0.1527159582	-0.06816493872	0.05881093188	0.05432212794	-0.06953910373	0.05881093188	-0.05780112282	0.05464308418	-0.01846966889	0.07603030797	-0.01477897244	-0.09336036371	0.07317741785	0.05781612925	-0.07065255884	-0.1573711566	-0.1154816299	-0.05786850125	-0.06130959663	-0.06130959663	0.07025933896	0.07317741785	0.05440417858	-0.1019542576	0.07819330139	-0.07499081197	-0.07346661321	-0.04157996565	0.1549731272	-0.03080918718	0.1549731272	-0.0581822054	0.1150225661	0.06623915307	0.1563699541	0.06623915307	-0.004799815891	-0.06468629434	-0.07758559007	0.1154154543	-0.08321486571	0.1511986298	-0.08422300518	-0.08018522737	-0.1252663321	0.1529221893	-0.1167712636	-0.07346661321	-0.06450917461	-0.09116930864	-0.07346661321	-0.08507315841	0.03896197785	-0.02185870153	0.07894785947	-0.01680367656	0.05870186291	0.01551749314	-0.01563968574	-0.212344612	-0.01957823865	-0.05645072554	-0.01563968574	-0.1114420466	-0.1156010954	-0.1189266222	-0.05565768277	-0.1100961967	-0.05565768277	-0.04192177601	-0.008389308027	0.2158199635	-0.1173810015	-0.117453783	-0.1150363749	-0.03678922794	0.2435596073	-0.1629311555	0.01093176867	0.07454645114	0.09035209934	-0.0595377103	-0.07720214778	-0.0595377103	0.2522141824	0.2734749797	0.2536607396	0.202870454	-0.07866943256	0.07240805571	0.01612493373	0.01313083616	-0.1594688505	-0.1594688505	0.01612493373	-0.0595377103	0.2536607396	-0.1182531235	0.07078185459	0.06660954646	-0.03690801319	0.0231533335	0.2536607396	0.1751302974	0.04420342207	-0.1498656028	-0.1534244491	0.03083073173	-0.06420685582	-0.1746407936	-0.0605123306	0.09678779933	-0.0645141854	0.01626403693	-0.0645141854	0.078715342	0.07800461064	-0.1829095955	-0.2033817671	-0.2547326119	-0.1376886393	0.1942886345	-0.4332912316	0.4422716092	-0.2681236624	0.3558504045	0.1840331913	-0.3628210536	0.3882212912	0.3142645937	1	0.7114541454	0.4946165528	0.3330890958	0.2279604354	0.4937410244	0.3330890958	0.2607583254	0.2966478808	-0.2447202577	-0.03244432108	0.2579122946	0.4770378757	0.3262700269	-0.3857108332	0.4268862034	0.2989593912	0.2487728925	0.2566035829	5.92058026e-06	-0.04050990149
chr11_2116493_T_A	0.008901922593	0.01258754978	-0.0602709939	-0.01989619133	-0.001040428939	-0.06270129051	-0.0429640776	-0.06102346162	-0.06270129051	-0.06270129051	-0.03977112826	-0.0224872126	-0.0529440915	0.07107376791	-0.03589738373	-0.01759563095	0.009713460627	-0.01483739993	-0.01483739993	0.1488459386	-0.009693253173	0.03574055818	0.03331225829	-0.1983576774	-0.05058541814	-0.04065346245	0.07149925441	0.03241242222	0.03410138226	0.0335956153	0.1140802563	0.1451370383	-0.06798283373	0.1340450353	0.1320638489	-0.06011517577	-0.05769562467	0.1140802563	0.1140802563	0.07696645487	0.01970139742	0.1340450353	-0.05129967903	-0.07226671931	0.117504987	0.1466358044	0.00926097641	0.005940790875	0.005940790875	0.01138390488	-0.04751513565	0.02968322939	-0.1692060949	0.1340450353	0.13052445	-0.1723080375	0.1340450353	0.1223000993	0.117504987	-0.060111629	0.1581865308	-0.05730603873	-0.06932485235	0.1227914227	0.124755068	0.1229410707	0.007272227979	0.01817189799	0.136120697	0.1347814502	0.1347814502	0.1156853119	0.1227914227	0.1335895749	0.05210027821	0.1266867051	-0.04896747431	-0.1747188781	0.1243130379	0.04600451658	0.1387748415	0.04600451658	0.1368586049	0.1753846827	0.1221419534	0.03715515466	0.1221419534	-0.1100015617	0.1410063343	-0.09024069724	0.1417817543	-0.05418102325	0.03281999265	-0.05228546472	-0.08289952732	-0.09673724781	0.03715515466	-0.1173967687	-0.1747188781	0.1270611504	-0.1011497242	-0.1747188781	-0.09089852389	-0.01538803363	-0.06554298573	0.02232152745	-0.1199494355	0.01241259029	0.1955407823	-0.1222371803	-0.2897541605	-0.07409981592	0.1522304764	-0.1222371803	-0.07356045139	-0.1154622321	-0.08216104543	-0.03410713652	-0.1106059613	-0.03410713652	-0.1379434489	-0.05209333028	0.1673354176	-0.1254051482	-0.09388464794	-0.123761109	-0.136100777	0.1858817517	-0.285161166	0.1821560776	0.05517013714	0.07689873332	-0.1100422163	-0.01668181605	-0.1100422163	0.1923823054	0.1731538639	0.1933261683	0.0874557971	-0.05447433564	-0.08742051219	0.002631903667	-0.00376347913	-0.07102861503	-0.07102861503	0.002631903667	-0.1164277755	0.1933261683	-0.2237914543	-0.09572382933	-0.09819478486	-0.149477158	0.007753463948	0.1933261683	0.08510347407	0.02808177771	-0.06492398033	-0.1270123117	-0.008489977716	0.02060608165	-0.1312836276	-0.1570670295	-0.06673907236	0.01649467433	-0.03105820201	0.01649467433	-0.09275742422	-0.09526528679	-0.2919477649	-0.3229678333	-0.1622921828	-0.2306225215	0.1083834346	-0.2532752742	0.3239889553	-0.4971649724	0.2511426423	0.2154522213	-0.512953487	0.2998050787	0.2786027533	0.7114541454	1	0.3612302957	0.453870777	0.1951733437	0.3606373575	0.453870777	0.1710593489	0.2260908666	-0.3549605867	0.02973657341	0.205688514	0.3529584764	0.4399018167	0.2387717615	0.2951479645	0.204468326	0.1586431837	0.1723510786	-0.09727490965	-0.1347236633
chr11_2116519_C_T	-0.05815869605	-0.03426663121	-0.02657487314	-0.09678562863	-0.08746955424	-0.02565530327	-0.006223648112	-0.02766331219	-0.02565530327	-0.02565530327	-0.04377120796	-0.09494761887	0.01687301207	0.00123740964	-0.04047084621	-0.08141865823	-0.08073664753	-0.01696295039	-0.01696295039	0.06187890212	-0.02280143055	0.0255575369	0.01980410841	-0.07374667122	0.1086985619	-0.06771438187	0.04212193978	0.146994347	0.1516025344	0.1470642555	-0.01826348062	-0.1584272858	-0.1079238561	-0.001577804326	-0.1734964874	-0.04892578023	-0.04690470358	-0.01826348062	-0.01826348062	-0.07896939236	0.01983543311	-0.001577804326	-0.05801593311	-0.08193513196	-0.01455580683	-0.1774025153	0.07288179486	0.0639394289	0.0639394289	0.05544613501	-0.0448750644	0.125593552	-0.1195035269	-0.001577804326	0.001958376699	-0.1225642415	-0.001577804326	-0.1762812037	-0.01455580683	0.0001691592531	-0.006113058574	0.006152099743	-0.06883737556	-0.02563717611	-0.03461929927	-0.1814995914	-0.006008147306	-0.1358784881	-0.1677574502	-0.1750104965	-0.1750104965	-0.02695599389	-0.02563717611	-0.02134212141	-0.1324929677	-0.0229718312	-0.02953692259	-0.1176642561	-0.1199683126	0.1299914843	-0.1123906786	0.1299914843	-0.1774025153	0.009017492074	-0.01009156744	0.1367940897	-0.01009156744	0.05117893287	-0.177818806	-0.03581464296	0.1889401995	-0.02954189794	0.1363884008	-0.02795862409	-0.1180065357	-0.07845803525	0.1332542802	-0.03409634977	-0.1176642561	-0.1862185602	-0.03036653693	-0.1176642561	-0.02430944796	0.02807042294	0.1946173553	0.2572111947	-0.2190703223	0.2529492367	-0.08778170075	-0.2167129621	-0.1049440334	0.00031932211	-0.1870003581	-0.2167129621	-0.04879762498	-0.03649978036	-0.04879762498	0.03178838441	-0.03615475229	0.03178838441	-0.2349831846	0.028426884	0.4115173018	-0.01889015171	-0.04439868194	-0.02089127659	-0.2382185374	0.4430162151	-0.07918043097	-0.1131819093	0.0008393214252	0.01167273539	0.1087376823	-0.013016002	0.1087376823	0.4301888661	0.3908643427	0.4291948593	0.4135064678	-0.09948747629	0.2122167852	0.05474809494	0.0480255028	-0.1357083432	-0.1357083432	0.05474809494	0.1030323633	0.4291948593	-0.1211208686	0.2071494601	0.2057291676	-0.1511820604	0.05831557001	0.4291948593	0.4349653621	0.296776913	-0.1292936153	-0.01336657724	0.04341751728	-0.3091629548	-0.03820333619	-0.2175571968	0.222219695	-0.03998903273	-0.02392916958	-0.03998903273	0.2046916861	0.2032734621	-0.04637830824	-0.0788190007	-0.314722444	0.006973230529	-0.2555482872	-0.212482694	0.2315682864	0.1112602893	0.5430125096	0.2937998604	-0.2290660778	0.7883483928	0.7771743399	0.4946165528	0.3612302957	1	0.1790408843	-0.2705085615	0.9982473358	0.1790408843	-0.3206867056	-0.3422148207	-0.1008500451	-0.07294130033	-0.3067596576	0.9656843734	0.1821684368	-0.1901273777	0.8485699762	-0.3397485566	-0.2621377094	-0.3149618036	-0.02646640532	-0.1831750942
chr11_2116686_G_C	0.1374558038	-0.02512774453	-0.0125274558	0.02485659565	0.01233230646	-0.01011257381	0.03371547283	-0.009319649237	-0.01011257381	-0.01011257381	-0.09622240854	0.02582148879	0.03584669463	0.2647226698	-0.09396600407	0.05602520614	0.001014737291	0.01628482741	0.01628482741	0.08786184751	0.01859407803	0.07849867201	0.06741422779	-0.08972737471	0.09587942255	-0.03307355861	0.05606100009	0.1038995919	0.1044058529	0.1057945099	0.2995588257	0.07636468167	-0.02484393535	0.3164574457	0.06607630904	0.02731671783	0.02836147332	0.2995588257	0.2995588257	0.2088305786	-0.06452340175	0.3164574457	-0.03657524922	-0.02883768565	0.3096293578	0.07481152733	0.02490227639	0.01552920044	0.01552920044	-0.01638218309	-0.01767035132	0.1126939098	0.02498353404	0.3164574457	0.3139197438	0.01408142393	0.3164574457	0.06381260829	0.3096293578	0.005129223581	0.2109797407	0.0003018822764	-0.01072771406	0.3470847248	0.3150114442	0.0641470484	-0.07013726148	0.06217373486	0.07440816196	0.07385432034	0.07385432034	0.3398918034	0.3470847248	0.2256690851	0.05764555015	0.3502340233	-0.02432085939	0.02391379761	0.1027944394	0.1113012575	0.08395879207	0.1113012575	0.07481152733	0.4775845598	0.3349002987	0.1072255429	0.3349002987	0.08504696182	0.07672322204	-0.01888893091	0.0761034547	-0.02303892898	0.09463358764	-0.02215718325	-0.0687381716	-0.05740975591	0.1072255429	-0.01542363737	0.02391379761	0.06605397214	-0.01139043944	0.02391379761	-0.01386128052	-0.01526805011	0.05014430431	0.04718839848	0.04921292605	0.04268686326	0.09613414924	0.04823480596	-0.1073090582	-0.01282024611	0.08187822331	0.04823480596	-0.03601669663	-0.04107190106	-0.04380950726	-0.1301388931	-0.04404680084	-0.1301388931	0.05958455343	-0.001012053755	0.101771912	-0.04746359045	-0.05096325225	-0.04669231574	0.07650230701	0.09011749084	0.002061400083	0.09592419493	0.2232510859	0.2381499268	0.04434333333	0.2122847442	0.04434333333	0.0906109929	0.116911191	0.09104288239	0.1505502386	-0.08092285108	0.06283846267	-0.1077120916	-0.1038473226	-0.1480222007	-0.1480222007	-0.1077120916	0.04434333333	0.09104288239	-0.004379733435	0.07942726055	0.08049114001	0.08281500734	-0.1038473226	0.09104288239	0.06516278193	-0.002743940308	-0.1432075595	-0.1168230019	-0.06935666281	0.1389233464	-0.0909624336	0.07329702159	0.06506533372	0.2431979459	-0.1059498583	0.2431979459	0.09543341402	0.09657413834	0.01104592871	-0.0003676802794	-0.1092712688	0.04909903852	0.03440319513	-0.1501526879	0.5826454291	0.06673634603	0.1347836026	0.09041052619	0.09529170992	0.1482247552	0.1820825901	0.3330890958	0.453870777	0.1790408843	1	0.1074703891	0.1788005758	1	0.09011749084	0.1090833253	0.02914758812	-0.008640962471	0.09680168127	0.178598865	0.9784882623	0.06931490658	0.1468166539	0.09908970545	0.05746773513	0.09069927091	0.1452580573	0.1084921654
chr11_2116776_T_C	0.02242559001	-0.03243427704	-0.006669957783	-0.05288386034	-0.05008232288	-0.006439157351	-0.0006727205572	-0.003501509683	-0.006439157351	-0.006439157351	-0.01282026171	-0.05451786412	0.008114715661	-0.0562184319	-0.006510620617	-0.0605267851	-0.0667453988	-0.01704929811	-0.01704929811	0.02856567214	-0.01252038782	0.003101422658	-0.0008269684012	-0.01616048336	0.110016271	-0.05442993465	-0.0235060315	0.1808479952	0.1788608055	0.1800363371	0.02065261935	-0.03863959038	-0.03429378622	0.03940405083	-0.0468920913	0.02513617052	0.02325353537	0.02065261935	0.02065261935	0.03229795702	0.04517959095	0.03940405083	-0.03783253765	-0.03426296041	0.02305610998	-0.03685190561	-0.03717219247	-0.001096431858	-0.001096431858	-0.04191777862	-0.04266443249	0.1715120234	-0.002685402221	0.03940405083	0.034049264	-0.005065269288	0.03940405083	-0.05496682137	0.02305610998	-0.02100552047	0.04834304372	-0.02452087952	-0.0356158169	-0.001456134391	0.01823086434	-0.06064423098	-0.1039327109	-0.1469898346	-0.04210500291	-0.04611978842	-0.04611978842	-0.006765614283	-0.001456134391	0.02669642332	-0.1312040276	-0.004098497182	-0.06653174032	-0.007986092299	-0.07797744432	0.1658314895	-0.07283425965	0.1658314895	-0.03685190561	0.05427742242	0.008878560722	0.1640469261	0.008878560722	0.06464427597	-0.04025235643	-0.08645976144	-0.04538574101	-0.06609886962	0.1703312025	-0.06758821541	-0.03337656896	-0.08367454102	0.1729314012	-0.09523331936	-0.007986092299	-0.05319631667	-0.09807003785	-0.007986092299	-0.09846018991	0.005560322616	-0.1847450024	-0.1944287931	0.3119647831	-0.1829444186	-0.06036670237	0.3084730056	-0.01953134013	-0.0393125521	-0.05012955244	0.3084730056	-0.07975156646	-0.1206530088	-0.0845732792	-0.05698665934	-0.1144276324	-0.05698665934	0.3159338936	-0.06673330321	-0.1091615505	-0.1233268329	-0.08828788533	-0.1247578716	0.3195621685	-0.09378402439	-0.005987195922	-0.04528961155	0.1105562729	0.1027960099	-0.04860225579	0.008468959338	-0.04860225579	-0.09548726213	-0.09733795099	-0.09661070782	-0.1228099811	-0.08082888679	0.04710276042	-0.009823545879	-0.0008595899276	-0.08259685176	-0.08259685176	-0.009823545879	-0.07008170158	-0.09661070782	0.1119073976	0.03698540217	0.04012501684	0.2887842067	-0.0008595899276	-0.09661070782	-0.1222191488	-0.1730895011	-0.07893027371	-0.10737641	-0.01377852089	0.1826957671	-0.1058016107	0.3197002286	0.09237426547	0.05829392703	0.03727973446	0.05829392703	0.07910095746	0.07793694599	-0.04434721224	-0.0477095767	0.08302572421	-0.0467416776	0.7928574925	-0.1452692386	0.1782243311	-0.1743266952	-0.2012917367	0.03531027205	-0.1317391639	-0.1979237325	-0.2357347269	0.2279604354	0.1951733437	-0.2705085615	0.1074703891	1	-0.2699889328	0.1074703891	-0.2101214723	-0.1843000531	-0.06063345671	0.2380072468	-0.1563303495	-0.2583137729	0.09191975192	-0.2003004918	-0.2351677474	-0.2258447907	-0.1853026373	-0.2024364826	-0.1236244176	-0.1387530179
chr11_2116887_C_T	-0.05665389198	-0.03746623648	-0.02773898288	-0.09560113646	-0.08604059315	-0.02679927004	-0.007755051154	-0.02880927219	-0.02679927004	-0.02679927004	-0.0430923968	-0.09375186767	0.01476339034	0.0007736409623	-0.03977509633	-0.08032241561	-0.07907114022	-0.01771932623	-0.01771932623	0.06387570529	-0.02355878432	0.02615135263	0.02039423694	-0.07277849839	0.106979252	-0.06608441649	0.03959890954	0.1461599875	0.1507926752	0.1462539038	-0.01927654043	-0.1574395441	-0.1063511063	-0.002582663543	-0.1725144949	-0.04786127477	-0.04582837391	-0.01927654043	-0.01927654043	-0.07526232526	0.02038598798	-0.002582663543	-0.05638596448	-0.08032331815	-0.01556262705	-0.1764532703	0.06853995337	0.0587557268	0.0587557268	0.05029881433	-0.04314408358	0.1248704748	-0.11901046	-0.002582663543	0.0009593046858	-0.122075191	-0.002582663543	-0.1753098612	-0.01556262705	-0.004446350012	-0.003244064059	0.001700634128	-0.06715327125	-0.02660344659	-0.03567961544	-0.1805370898	-0.004841749395	-0.1357412819	-0.1667851371	-0.1740588585	-0.1740588585	-0.02791450287	-0.02660344659	-0.01831698976	-0.1297184202	-0.02392344537	-0.02781687128	-0.117161831	-0.1184296928	0.1292693504	-0.1108605234	0.1292693504	-0.1764532703	0.008507535365	-0.01103125355	0.1360666297	-0.01103125355	0.04890170246	-0.1768601635	-0.03701517448	0.1901704782	-0.02784619042	0.1356689445	-0.02625224383	-0.1176507009	-0.07666899579	0.1325153368	-0.03536642859	-0.117161831	-0.1852606018	-0.03160144663	-0.117161831	-0.02554256511	0.0231416285	0.1949145489	0.2547727855	-0.2182508785	0.2504571074	-0.08620005028	-0.2158912425	-0.1044610585	-0.004049653816	-0.1860099045	-0.2158912425	-0.0472122916	-0.03775592207	-0.0472122916	0.03250885333	-0.03738300003	0.03250885333	-0.2341643519	0.02456046931	0.4100193436	-0.02007386446	-0.04282067207	-0.02207693441	-0.2374072155	0.4414852267	-0.078693547	-0.1117234531	0.0017423431	0.01252981946	0.104483662	-0.0143924368	0.104483662	0.4329973053	0.3900435941	0.431997435	0.4101239719	-0.102349888	0.2105367768	0.05546403304	0.04872792777	-0.1349519927	-0.1349519927	0.05546403304	0.09875983466	0.431997435	-0.1248059265	0.2055527885	0.2041263529	-0.1500699897	0.05905137657	0.431997435	0.4347960772	0.2969108071	-0.1285222092	-0.01531420776	0.04416880742	-0.307578168	-0.0406060578	-0.2167406197	0.2206409523	-0.04141097426	-0.02355807205	-0.04141097426	0.2031544545	0.2017299731	-0.05398275894	-0.08698606086	-0.3180206727	0.0008482994315	-0.2549749995	-0.2119175024	0.2312638554	0.113385243	0.54232561	0.291172675	-0.2287176907	0.7885482427	0.7745067344	0.4937410244	0.3606373575	0.9982473358	0.1788005758	-0.2699889328	1	0.1788005758	-0.3202664031	-0.3416789809	-0.1005230744	-0.07282565766	-0.3063019831	0.9636650869	0.1819320474	-0.1893811047	0.8452945845	-0.3392536273	-0.2617252079	-0.3145597465	-0.03313849382	-0.186581089
chr11_2117403_A_G	0.1374558038	-0.02512774453	-0.0125274558	0.02485659565	0.01233230646	-0.01011257381	0.03371547283	-0.009319649237	-0.01011257381	-0.01011257381	-0.09622240854	0.02582148879	0.03584669463	0.2647226698	-0.09396600407	0.05602520614	0.001014737291	0.01628482741	0.01628482741	0.08786184751	0.01859407803	0.07849867201	0.06741422779	-0.08972737471	0.09587942255	-0.03307355861	0.05606100009	0.1038995919	0.1044058529	0.1057945099	0.2995588257	0.07636468167	-0.02484393535	0.3164574457	0.06607630904	0.02731671783	0.02836147332	0.2995588257	0.2995588257	0.2088305786	-0.06452340175	0.3164574457	-0.03657524922	-0.02883768565	0.3096293578	0.07481152733	0.02490227639	0.01552920044	0.01552920044	-0.01638218309	-0.01767035132	0.1126939098	0.02498353404	0.3164574457	0.3139197438	0.01408142393	0.3164574457	0.06381260829	0.3096293578	0.005129223581	0.2109797407	0.0003018822764	-0.01072771406	0.3470847248	0.3150114442	0.0641470484	-0.07013726148	0.06217373486	0.07440816196	0.07385432034	0.07385432034	0.3398918034	0.3470847248	0.2256690851	0.05764555015	0.3502340233	-0.02432085939	0.02391379761	0.1027944394	0.1113012575	0.08395879207	0.1113012575	0.07481152733	0.4775845598	0.3349002987	0.1072255429	0.3349002987	0.08504696182	0.07672322204	-0.01888893091	0.0761034547	-0.02303892898	0.09463358764	-0.02215718325	-0.0687381716	-0.05740975591	0.1072255429	-0.01542363737	0.02391379761	0.06605397214	-0.01139043944	0.02391379761	-0.01386128052	-0.01526805011	0.05014430431	0.04718839848	0.04921292605	0.04268686326	0.09613414924	0.04823480596	-0.1073090582	-0.01282024611	0.08187822331	0.04823480596	-0.03601669663	-0.04107190106	-0.04380950726	-0.1301388931	-0.04404680084	-0.1301388931	0.05958455343	-0.001012053755	0.101771912	-0.04746359045	-0.05096325225	-0.04669231574	0.07650230701	0.09011749084	0.002061400083	0.09592419493	0.2232510859	0.2381499268	0.04434333333	0.2122847442	0.04434333333	0.0906109929	0.116911191	0.09104288239	0.1505502386	-0.08092285108	0.06283846267	-0.1077120916	-0.1038473226	-0.1480222007	-0.1480222007	-0.1077120916	0.04434333333	0.09104288239	-0.004379733435	0.07942726055	0.08049114001	0.08281500734	-0.1038473226	0.09104288239	0.06516278193	-0.002743940308	-0.1432075595	-0.1168230019	-0.06935666281	0.1389233464	-0.0909624336	0.07329702159	0.06506533372	0.2431979459	-0.1059498583	0.2431979459	0.09543341402	0.09657413834	0.01104592871	-0.0003676802794	-0.1092712688	0.04909903852	0.03440319513	-0.1501526879	0.5826454291	0.06673634603	0.1347836026	0.09041052619	0.09529170992	0.1482247552	0.1820825901	0.3330890958	0.453870777	0.1790408843	1	0.1074703891	0.1788005758	1	0.09011749084	0.1090833253	0.02914758812	-0.008640962471	0.09680168127	0.178598865	0.9784882623	0.06931490658	0.1468166539	0.09908970545	0.05746773513	0.09069927091	0.1452580573	0.1084921654
chr11_2117677_C_T	0.07948357816	-0.03747223057	-0.003153184457	0.01499697334	0.04713628242	-0.003102986699	0.02529070182	-0.0002152613769	-0.003102986699	-0.003102986699	-0.05887824974	0.01323704407	0.02769348512	0.06820986632	-0.0615481019	0.002119208434	0.07219034009	-0.02199493934	-0.02199493934	0.05035686951	-0.01335387323	0.03885214406	0.03889245009	0.04080849913	0.002952115522	0.09387010837	0.02246106113	-0.09701601666	-0.09819294038	-0.1008924666	0.04726982613	-0.01062303601	0.08838305708	0.01241771869	0.002655632476	0.1051418136	0.1089089502	0.04726982613	0.04726982613	0.06600611931	-0.01776430562	0.01241771869	0.03952695169	0.04057831856	0.04180907312	0.0007978775599	0.01440204452	-0.01056368237	-0.01056368237	0.002551550071	0.04251566085	-0.04622757372	0.08620733935	0.01241771869	0.00725078751	0.09096807932	0.01241771869	0.01884324467	0.04180907312	-0.01115943633	0.03807435304	-0.00162246762	0.04387122489	0.08335055012	0.06071062146	0.01354050761	-0.02991495225	0.0691348903	-0.004670523063	-0.002886393263	-0.002886393263	0.08698325729	0.08335055012	0.04920868192	0.07374819253	0.08933403256	0.05860722687	0.08228139215	0.01043691038	-0.04339783893	0.01981710711	-0.04339783893	-0.004695841889	0.07289628048	0.0681484453	-0.04943292664	0.0681484453	0.005831705356	-0.008305954554	0.07825404495	-0.05245388588	0.04634924234	-0.04797626288	0.04478022614	0.08063788839	0.08726575855	-0.04498066278	0.04486997729	0.08228139215	0.02075046869	0.07295292686	0.08228139215	0.07302819105	0.00267948214	0.02000087072	0.04172992862	-0.001013136597	0.01673254005	-0.002749795489	0.0007978775599	-0.1056324422	0.01671413518	0.03313450571	0.0007978775599	0.05503748782	0.07524154594	0.06470267896	-0.05245388588	0.05929024756	-0.05245388588	-0.009813049927	0.02245878528	-0.09382188675	0.06131072665	0.05912862613	0.06423411517	-0.008075895802	-0.1049240642	-0.07403882673	0.02856470586	-0.0880656826	-0.0846398039	-0.1043719008	-0.09996175393	-0.1043719008	-0.08923614804	-0.01580727291	-0.08491565078	-0.08304072438	0.1394445599	-0.07602829449	-0.04216190561	-0.04585689554	0.08457593933	0.08457593933	-0.04216190561	-0.07566799967	-0.08491565078	-0.004102266395	-0.0700420468	-0.07171812145	-0.08064543036	-0.04585689554	-0.08491565078	-0.1364946284	-0.05250972224	0.08521009242	-0.005570566863	0.001785726677	0.03571221421	3.039278009e-05	-0.06194475597	-0.0961967345	-0.107545115	0.01680671234	-0.107545115	-0.08860968188	-0.08588128294	-0.1037568735	-0.08773555053	-0.06225214917	-0.1250220872	-0.1755435746	-0.05933620958	0.07156286719	-0.2287336854	-0.0003479446865	-0.1408679186	-0.003222059517	-0.2756384041	-0.3107079314	0.2607583254	0.1710593489	-0.3206867056	0.09011749084	-0.2101214723	-0.3202664031	0.09011749084	1	0.8931896526	-0.1013396371	-0.0378927048	0.7508848293	-0.3166376824	0.09255828655	-0.1408282673	-0.2557508941	0.9190304057	0.8707822391	0.9666228362	0.2283643067	0.3900363736
chr11_2118063_A_ACT	0.09423116083	-0.01072359724	-0.01051105114	-0.01024082226	0.02821659468	-0.0112288154	0.02749600294	-0.008764478556	-0.0112288154	-0.0112288154	-0.07909970091	-0.01220414219	0.02362384189	0.07363559081	-0.08203391996	-0.02349414062	0.04043973696	-0.03030623586	-0.03030623586	0.07284539516	-0.02287383769	0.05051168081	0.04980092155	0.01185457724	-0.05167761023	0.07881283731	0.0930389654	-0.1201551365	-0.1214473503	-0.1244612044	0.06224497192	0.06422512791	0.07314788501	0.03248010362	0.0735511124	0.09938773988	0.1025958814	0.06224497192	0.06224497192	0.06261020058	-0.02737855011	0.03248010362	0.03504086215	0.03573126025	0.05748951227	0.0702378357	0.01815741776	-5.58241517e-05	-5.58241517e-05	0.01042129074	0.03864369892	-0.07553429833	0.05200305515	0.03248010362	0.02798346751	0.05615452468	0.03248010362	0.0831850007	0.05748951227	-0.000140724307	0.04444732994	0.006574335605	0.03772856816	0.1069771817	0.08953403149	0.0785172349	-0.03403717509	0.110696934	0.05953335119	0.06714454671	0.06714454671	0.109664384	0.1069771817	0.06057606872	0.1079404995	0.1122593605	0.0405677547	0.04833193529	0.07260395749	-0.07239899509	0.07281747188	-0.07239899509	0.06504695808	0.08397705784	0.07091968278	-0.07677946411	0.07091968278	-0.04870772992	0.06086384314	0.0578215756	-0.06929090529	0.0263687541	-0.07597529779	0.02460330104	0.07503501821	0.04905482298	-0.07257263174	0.02131741946	0.04833193529	0.0845866992	0.0464679845	0.04833193529	0.0472954799	0.01321203811	-0.02394227114	0.02146000449	-0.02521902881	-0.0007096977352	0.07674937356	-0.02319796139	-0.1246581661	0.0209597164	0.0930389654	-0.02319796139	0.0337456558	0.04933641019	0.02917945754	-0.06929090529	0.04945417295	-0.06929090529	-0.03677883215	0.01916800516	-0.09214630786	0.028328372	0.0288180864	0.03488596536	-0.03497668866	-0.1088549094	-0.0975680901	0.09603742583	-0.05336197356	-0.04671787004	-0.106732301	-0.07808314729	-0.106732301	-0.09109182589	-0.01638443469	-0.08729875433	-0.0730503236	0.1307647212	-0.1081971788	-0.04182586147	-0.04606715785	0.06752189081	0.06752189081	-0.04182586147	-0.07961070522	-0.08729875433	-0.03204621876	-0.09960027609	-0.1015518398	-0.1055362107	-0.04606715785	-0.08729875433	-0.1405731946	-0.06922183517	0.0675978725	-0.01798528029	-0.007440138003	0.05656514137	-0.00997928783	-0.08198951994	-0.1328749072	-0.0843868767	0.00819482432	-0.0843868767	-0.1224290063	-0.1202454939	-0.1143499636	-0.1063361641	-0.02430987748	-0.1320870176	-0.1825906151	-0.04592456929	0.09368873608	-0.2670562619	-0.02821527431	-0.1767445777	-0.03916511071	-0.27867827	-0.3244336036	0.2966478808	0.2260908666	-0.3422148207	0.1090833253	-0.1843000531	-0.3416789809	0.1090833253	0.8931896526	1	-0.1178453243	-0.05333023347	0.8858907189	-0.3334122907	0.1117924703	-0.1625679534	-0.2792178264	0.96539751	0.7828117015	0.8692986199	0.2092017992	0.3653979884
chr11_2118282_A_G	-0.01770945802	-0.08659365192	-0.06581730024	0.2712458289	0.2552306046	-0.06763131622	-0.0636631065	-0.06831165878	-0.06763131622	-0.06763131622	-0.008893984553	0.2702630107	-0.02562562155	0.0275494661	-0.01019174463	0.2893952792	0.1618902775	0.1539629928	0.1539629928	-0.09898335778	0.1515169568	-0.1369674257	-0.1387936395	0.2978427454	0.1278948559	0.2841261497	-0.05725170607	-0.135960644	-0.1361965104	-0.137163799	0.03800188844	-0.09404975126	0.2862999689	0.04594552383	-0.09997697038	0.4573591524	0.455824737	0.03800188844	0.03800188844	0.06130883737	0.02650248446	0.04594552383	0.3072320314	0.2990396933	0.03901687993	-0.09906009206	-0.02111307132	-0.05598568116	-0.05598568116	-0.06030317863	0.3328283427	-0.1535637036	0.6496084835	0.04594552383	0.04691186637	0.6461087554	0.04594552383	-0.09253239016	0.03901687993	-0.05146390702	0.07802103152	-0.05539080787	0.3250045486	0.02524290653	0.03698013695	-0.09301734985	-0.07032105563	0.159616645	-0.08763904428	-0.08737531004	-0.08737531004	0.02299832883	0.02524290653	0.06702390734	0.1849720942	0.02412532694	0.3399115048	0.6601133277	-0.1212560554	-0.1526000537	-0.1181525594	-0.1526000537	-0.08811413404	0.04126792677	0.02962389221	-0.1493829113	0.02962389221	0.1180325351	-0.08959049267	0.2717835249	-0.07556245945	0.347761736	-0.1508832177	0.3470249883	-0.03412042907	0.3167359154	-0.1493829113	0.2817855771	0.6601133277	-0.09447561477	0.2793819431	0.6601133277	0.2730194716	-0.05280410291	0.2164535455	0.1768095941	-0.0779155542	0.1810302351	-0.1204896808	-0.07716817603	0.697966734	-0.06188480525	-0.09978430255	-0.07716817603	0.345045488	0.2697127463	0.345045488	-0.006063221468	0.2663841125	-0.006063221468	-0.0856501874	-0.06227396996	-0.09925232569	0.2660851675	0.340772294	0.2656035046	-0.08536340881	-0.09027679641	0.8002802505	-0.1242981485	0.09966555949	0.09048555938	0.535268621	0.03440912485	0.535268621	-0.09480110482	-0.1307598504	-0.09499541423	0.2084595441	-0.1022842337	0.1229250017	-0.01360540463	-0.01533195763	-0.05947969839	-0.05947969839	-0.01360540463	0.535268621	-0.09499541423	0.1881668081	0.1102200998	0.109899474	-0.04737665583	-0.01533195763	-0.09499541423	0.2568536345	0.2040956582	-0.06026900787	0.299175002	-0.02992083381	-0.148519061	0.3289557462	-0.06506329863	0.1121227066	0.03411786366	-0.02405238467	0.03411786366	0.1176191442	0.1173334539	0.8307193138	0.8825451488	0.09510263173	0.7697462474	-0.09334198463	0.4702090438	0.003712831624	0.3666133086	-0.1076405081	-0.1253519196	-0.0824711045	-0.07606677739	-0.1068172724	-0.2447202577	-0.3549605867	-0.1008500451	0.02914758812	-0.06063345671	-0.1005230744	0.02914758812	-0.1013396371	-0.1178453243	1	-0.04311731409	-0.1443520893	-0.08864866409	0.03030237026	-0.09758776452	-0.08104225871	-0.1104174517	-0.08225732663	-0.09515599549	0.4134478022	0.4411024496
chr11_2118338_C_CGCTCTGAG	0.02177012741	0.02415755994	0.01054878243	0.03143251156	0.006366392561	0.009505291832	-0.02535786599	0.009168445545	0.009505291832	0.009505291832	0.07477020315	0.03098759194	-0.02770798382	-0.07368523742	0.07360654715	0.008138264664	0.02846775416	-0.01368751352	-0.01368751352	-0.02026323047	-0.0146538522	-0.00457822753	-0.005568186673	-0.01769632099	0.08918385693	0.006381026013	-0.03044980942	0.08642904097	0.08579948108	0.0848615102	0.03516562291	-0.05950982352	-0.0001675578685	0.03900998739	-0.06263787033	-0.0190153684	-0.01945288205	0.03516562291	0.03516562291	0.03628592301	0.06882778261	0.03900998739	-0.005392416231	-0.0114784337	0.03565500135	-0.06199202239	-0.01484936189	-0.000538418943	-0.000538418943	-0.003008613396	0.00608650545	0.09008045281	-0.004757225903	0.03900998739	0.03947987395	-0.005342305689	0.03900998739	-0.06405274197	0.03565500135	-0.01614558667	0.0432083565	-0.01851886286	0.003118822889	0.02906077325	0.03467353334	-0.06438844061	0.03153272161	-0.0670458217	-0.06165777664	-0.06160623779	-0.06160623779	0.02799593033	0.02906077325	0.03732522201	-0.05608953836	0.02853024022	0.01216881728	-0.004212362283	-0.07662441981	0.09099425863	-0.07486016067	0.09099425863	-0.06199202239	-0.007964057219	0.03114707327	0.09280719414	0.03114707327	0.1003908996	-0.06276334432	-0.004973166193	0.04081569356	0.01491527315	0.09221204812	0.01453647486	-0.01568019744	0.007758810224	0.09280719414	-0.0004653056358	-0.004212362283	-0.06515300235	-0.002216839203	-0.004212362283	-0.001168707771	-0.008207982236	-0.02209270591	-0.0175582345	0.1107837649	-0.0009955517098	-0.07122924323	0.1113118034	0.03541493963	-0.022127127	-0.06786119237	0.1113118034	0.003638869657	-0.01680417822	0.003638869657	6.165512623e-05	-0.01853283642	6.165512623e-05	0.1045362779	-0.02988384117	0.01450443954	-0.01657816562	0.003593804306	-0.01693053022	0.1056014743	0.02049209211	0.05550821052	-0.06800580905	0.04833568218	0.03752221687	0.1024362554	0.04671665808	0.1024362554	-0.01458593739	-0.01527197784	-0.01493201641	0.03261392306	-0.01429380658	0.07881848762	0.01050610725	0.009333742837	-0.0132944446	-0.0132944446	0.01050610725	0.07728381672	-0.01493201641	0.07167420334	0.07201378489	0.08743189565	0.06261433107	0.009333742837	-0.01493201641	0.04041338061	0.03958753333	-0.01404124751	0.0590785959	-0.0008345510091	-0.007812215333	0.06218655301	0.07420288985	0.08886095062	0.04153177133	0.02473029347	0.04153177133	0.08225699013	0.08216399986	-0.01135302894	-0.04452689342	0.08857368188	0.009756489735	0.1633724185	-0.08269034631	0.04505293992	-0.08211630533	-0.07149433806	0.02505154187	-0.004490229814	-0.05263974761	-0.06196330993	-0.03244432108	0.02973657341	-0.07294130033	-0.008640962471	0.2380072468	-0.07282565766	-0.008640962471	-0.0378927048	-0.05333023347	-0.04311731409	1	-0.03687982403	-0.06654854735	0.0233249902	-0.06954237924	-0.04854332162	-0.0491555009	-0.04083589043	-0.03420135525	-0.04413674528	-0.06100519055
chr11_2118403_A_C	0.09138331883	0.00785344398	0.005787370765	-0.06482350626	-0.00969310841	0.005884183138	0.03325842392	0.008822082941	0.005884183138	0.005884183138	-0.05626717961	-0.06651535348	0.01971995047	0.06701751785	-0.05893617426	-0.07712984406	0.001810850695	-0.05501317283	-0.05501317283	0.07642190377	-0.05041500944	0.07461174804	0.07052019572	-0.1085987941	-0.08214752823	-0.02751961843	0.1094447441	-0.05734560246	-0.058639477	-0.06142685181	0.02811186436	0.08016791238	-0.04014688591	0.008731463675	0.08183295272	-0.06069461369	-0.05662420862	0.02811186436	0.02811186436	0.03550631558	-0.01607160845	0.008731463675	-0.07085315593	-0.07195492199	0.0226446161	0.0896973405	0.03219871637	0.01615949147	0.01615949147	0.02939754561	-0.0666974635	-0.01508678958	-0.1704174834	0.008731463675	0.01120807967	-0.1722777663	0.008731463675	0.0953071322	0.0226446161	0.02797035551	-0.006661180486	0.03686947503	-0.0736421531	0.08071201099	0.05763268623	0.09035904841	-0.006733145349	0.03860161128	0.07819226503	0.08603038705	0.08603038705	0.08442138613	0.08071201099	0.01508113875	0.02160851711	0.08676934778	-0.07154154017	-0.1703444885	0.09041501026	-0.01220157979	0.07995935866	-0.01220157979	0.08415674223	0.07147298469	0.04057236915	-0.01388514795	0.04057236915	-0.07756145018	0.08042092155	-0.03517471002	-0.07401240426	-0.08518848583	-0.01682683494	-0.08673543439	0.1221182942	-0.03631902296	-0.01388514795	-0.06091731188	-0.1703444885	0.09756856683	-0.03281284961	-0.1703444885	-0.03297530658	0.03619781924	-0.08265146682	-0.0290622639	0.01031832173	-0.05459812648	0.09869498553	0.01212896474	-0.1292174825	0.04147199099	0.1040624826	0.01212896474	-0.07922006169	-0.0340856799	-0.0840938946	-0.03883344989	-0.03242787776	-0.03883344989	-0.003899234673	0.04625517698	-0.05581218822	-0.06402841013	-0.09267938555	-0.05678799984	-0.002135934542	-0.07787989209	-0.1219786846	0.1210577675	0.0208248924	0.02308015585	-0.1082625165	0.05427036695	-0.1082625165	-0.05638847616	0.02014408303	-0.0522281557	-0.03037033789	0.1571410787	-0.03228188873	-0.02724670747	-0.03112176057	0.08983657048	0.08983657048	-0.02724670747	-0.07931368014	-0.0522281557	0.01264588097	-0.01678587823	-0.01829239435	-0.0806337724	-0.03112176057	-0.0522281557	-0.1069650899	-0.02579440968	0.09045430838	0.006276077278	0.01545399129	0.101178524	0.006582544214	-0.06227916695	-0.05160074819	0.05616926144	0.01865223159	0.05616926144	-0.03443195731	-0.03148294706	-0.143248126	-0.1402081378	0.039232902	-0.149407824	-0.1717223055	-0.06699840473	0.09640221685	-0.2387373451	0.03159783423	-0.1556507256	-0.01204879769	-0.232061218	-0.279392274	0.2579122946	0.205688514	-0.3067596576	0.09680168127	-0.1563303495	-0.3063019831	0.09680168127	0.7508848293	0.8858907189	-0.1443520893	-0.03687982403	1	-0.3029248563	0.1081702207	-0.131017573	-0.2561266586	0.8521968208	0.620657101	0.7342670769	0.006554154161	0.1755078634
chr11_2118815_G_A	-0.07045264417	-0.02827470578	-0.0104223559	-0.08033091984	-0.1045545189	-0.009203810547	0.00980620302	-0.01111555208	-0.009203810547	-0.009203810547	-0.04242587198	-0.0783593512	0.0319967284	0.003802012813	-0.03888234736	-0.06377707473	-0.08723242013	-0.03124020107	-0.03124020107	0.06116702592	-0.03677295791	0.03941581376	0.03390852937	-0.05487540554	0.143999569	-0.06418879849	0.01469755399	0.1581990232	0.1629295462	0.1585397543	-0.02494550728	-0.1477972352	-0.09199539494	-0.00324165023	-0.1664989979	-0.05299351125	-0.0555019643	-0.02494550728	-0.02494550728	-0.08381517795	0.02981027443	-0.00324165023	-0.0556757345	-0.07798887721	-0.02136829253	-0.1660489878	0.07625296477	0.06262503515	0.06262503515	0.06105347424	-0.04097071747	0.1361155929	-0.1151245452	-0.00324165023	0.0001485136903	-0.1180507731	-0.00324165023	-0.1684718571	-0.02136829253	0.008863249889	-0.005989358458	-0.006528103972	-0.05323586874	-0.03698024616	-0.04129062161	-0.1736903492	0.007752963326	-0.1487443885	-0.1563821211	-0.1637567944	-0.1637567944	-0.03800724133	-0.03698024616	-0.03294252296	-0.1500036403	-0.03413770618	-0.02724379922	-0.113375409	-0.1400769637	0.1403606945	-0.1364370982	0.1403606945	-0.1660489878	0.008214387954	-0.02188384191	0.1466918955	-0.02188384191	0.06500125654	-0.1662241509	-0.03347129956	0.1938375013	-0.0166112181	0.1429313831	-0.01489900955	-0.1269444411	-0.07070234338	0.143118264	-0.02606300408	-0.113375409	-0.1782062785	-0.02527025406	-0.113375409	-0.01946744404	0.0348268736	0.2166931459	0.2672557372	-0.2168042046	0.2657163191	-0.1103628247	-0.2145541579	-0.09622106605	-0.01113427276	-0.1737784867	-0.2145541579	-0.03356633237	-0.05624276708	-0.03356633237	-0.0581413672	-0.05535696185	-0.0581413672	-0.2314821012	-0.02535821721	0.4285495062	-0.04166049032	-0.02931976373	-0.04358922951	-0.2348459192	0.458818877	-0.0729476249	-0.1094771824	0.02248917445	0.03176467254	0.1034591278	-0.03527188638	0.1034591278	0.444748191	0.4031536421	0.4438106603	0.4252317302	-0.08913908804	0.194899156	-0.06027412721	-0.06517494368	-0.1229341777	-0.1229341777	-0.06027412721	0.09193946412	0.4438106603	-0.1485996438	0.1918750113	0.1904965089	-0.141778793	-0.05478655744	0.4438106603	0.4000159424	0.3104973078	-0.1164020514	-0.05181923051	-0.061182386	-0.3006962051	-0.0320244238	-0.2067623851	0.2067861943	-0.06138073167	-0.02756322978	-0.06138073167	0.1911253655	0.1897528498	-0.04883660446	-0.0659767327	-0.3353799955	0.008704974132	-0.2387796353	-0.1987473941	0.2237698181	0.1243586328	0.5563558211	0.239042463	-0.2144366452	0.7960730627	0.7869147086	0.4770378757	0.3529584764	0.9656843734	0.178598865	-0.2583137729	0.9636650869	0.178598865	-0.3166376824	-0.3334122907	-0.08864866409	-0.06654854735	-0.3029248563	1	0.1815518962	-0.2435525108	0.8649541573	-0.3322697027	-0.2537925178	-0.3029753389	-0.0172994178	-0.1720844382
chr11_2118860_T_G	0.1401042742	-0.01295699944	-0.01462568158	0.03624287225	0.02350293275	-0.01218958649	0.02334446476	-0.01139193544	-0.01218958649	-0.01218958649	-0.07930183768	0.03720684291	0.02350293275	0.2623255961	-0.07713143275	0.06740192591	0.01377831484	0.02849198121	0.02849198121	0.07602453418	0.03077484765	0.0657807032	0.05478861088	-0.0962449881	0.09118616773	-0.02917282089	0.05040516136	0.09346110905	0.09400654764	0.09543506275	0.2833170732	0.06993342387	-0.03531952093	0.3004041572	0.05985352213	0.02022909807	0.02129246636	0.2833170732	0.2833170732	0.1947073782	-0.06319083786	0.3004041572	-0.05516082292	-0.04692121831	0.2933698967	0.06865529367	0.02670399393	0.01713025025	0.01713025025	-0.01453838619	-0.02122249484	0.1098009044	0.01442436883	0.3004041572	0.2979125467	0.003638820078	0.3004041572	0.05794707011	0.2933698967	0.00709704506	0.1978118945	0.002335054046	-0.01420262006	0.3300629689	0.2986461926	0.0582507691	-0.06736707434	0.05637177953	0.06828512119	0.06768523666	0.06768523666	0.3228097329	0.3300629689	0.2122491593	0.05086635885	0.333145531	-0.02807750154	0.01319155237	0.09841111257	0.1083891269	0.0796758053	0.1083891269	0.06865529367	0.4539673514	0.3181330191	0.1185607657	0.3181330191	0.07966675113	0.07059246103	-0.03495597215	0.03963362661	-0.02691689981	0.091776828	-0.02602808174	-0.06687486208	-0.06022740543	0.1042807609	-0.01766992488	0.01319155237	0.0601814187	-0.01361253692	0.01319155237	-0.01610568487	-0.01334245693	0.04919656224	0.04701958436	0.04321557894	0.04248235426	0.09145831667	0.04222480496	-0.1050630986	-0.01061924951	0.07608033089	0.04222480496	-0.04006281229	-0.04313336759	-0.04781274466	-0.1281816365	-0.04603806716	-0.1281816365	0.05375269915	0.001269719725	0.1042717373	-0.04945912229	-0.05487456458	-0.04868295006	0.07053087886	0.09255828655	0.003545393861	0.09108598749	0.2167947484	0.231507712	0.04634522424	0.2084342157	0.04634522424	0.0929530736	0.1198439389	0.09337728115	0.154395652	-0.07727056049	0.06480408173	-0.1060370931	-0.1021769111	-0.1448019403	-0.1448019403	-0.1060370931	0.04634522424	0.09337728115	-0.00432545729	0.08152306809	0.08259955083	0.07702829933	-0.1021769111	0.09337728115	0.06891931795	0.002489287505	-0.1400253594	-0.1124090945	-0.06774772884	0.1298223024	-0.08698918857	0.06708101689	0.06725784936	0.2392617575	-0.1044647139	0.2392617575	0.09767030946	0.09882455283	0.01242664126	0.0009924981093	-0.1062104176	0.05038702624	0.01902739526	-0.1562769231	0.5660937276	0.06991576699	0.1455118125	0.0827147605	0.09696187002	0.150601206	0.1777574473	0.3262700269	0.4399018167	0.1821684368	0.9784882623	0.09191975192	0.1819320474	0.9784882623	0.09255828655	0.1117924703	0.03030237026	0.0233249902	0.1081702207	0.1815518962	1	0.0623844809	0.1495818886	0.1017555004	0.05969062095	0.09306284294	0.1393214578	0.1022420578
chr11_2119046_G_A	-0.005098199769	0.0934745359	-0.0222100281	0.1437694523	0.1412672527	-0.02166099792	-0.07952074619	-0.02300196494	-0.02166099792	-0.02166099792	0.1167003511	0.1420315988	-0.1173544675	0.05708897833	0.1132061186	0.1479367329	0.1332961535	0.05849973094	0.05849973094	-0.01999362378	0.05879798273	-0.05235840552	-0.0431955599	-0.1421586879	-0.2990298566	0.0103701755	-0.02873943524	-0.2253274329	-0.2260014367	-0.2188150725	0.05360664248	0.3278233056	-0.01477652928	0.06291051562	0.3350232775	-0.146933036	-0.1424144349	0.05360664248	0.05360664248	0.07228356325	-0.04894422035	0.06291051562	0.02293410857	0.01287863195	0.05582120839	0.3447351839	-0.06470705829	-0.06727099203	-0.06727099203	-0.01974996364	0.009065359168	-0.248994598	-0.1056569397	0.06291051562	0.06504037429	-0.1076010484	0.06291051562	0.323950715	0.05582120839	-0.04780107958	0.06288330572	-0.02145132743	-0.02148865801	0.05171480276	0.05965520868	0.342554156	0.1611938423	0.2445983748	0.3371759349	0.3409778953	0.3409778953	0.04702940792	0.05171480276	0.078591298	0.2656801419	0.04938195537	0.01274370597	-0.1048065781	0.3091258507	-0.2328960874	0.3159460595	-0.2328960874	0.3390037599	0.04688010757	0.06085934196	-0.2447324537	0.06085934196	-0.2163621807	0.3522404488	-0.0192430197	0.02449894352	0.003279046142	-0.2431263795	0.006767006493	0.03757472822	0.02531032321	-0.2447324537	-0.01095498269	-0.1048065781	0.3387368675	-0.01775980591	-0.1048065781	-0.01371954592	-0.07057845975	-0.1205025834	-0.1156767111	-0.1840953132	-0.1126673859	0.3359187582	-0.1825558268	-0.04983770759	-0.03590607213	0.3442920327	-0.1825558268	0.01912182718	0.03060933335	0.01912182718	0.1700612057	0.02388280676	0.1700612057	-0.1716728322	0.0308545781	-0.1375372141	0.02570503961	0.003947246669	0.02439386565	-0.1710341398	-0.1524135174	-0.117095228	0.2923983151	-0.03732122089	-0.02279670609	-0.08277021375	0.1071366158	-0.08277021375	-0.1441066645	-0.190609524	-0.1448653434	-0.2195238113	0.00958890616	-0.261002873	0.136473144	0.1306334423	0.09820667722	0.09820667722	0.136473144	-0.08277021375	-0.1448653434	-0.1335954165	-0.265926936	-0.2681001471	-0.180593163	0.1306334423	-0.1448653434	-0.1235248033	-0.09315266478	0.09274736396	0.06544590664	0.09059465197	0.1547395754	0.02579431789	-0.1573706274	-0.2815474957	0.1217300805	-0.04978946362	0.1217300805	-0.2895903777	-0.2919060033	-0.1187394482	-0.1161350234	0.1778941453	-0.1071177357	-0.1995222575	0.2284932502	-0.2053433952	-0.2516511825	-0.1913250443	0.0906550777	-0.1445332121	-0.1882021187	-0.114890919	-0.3857108332	0.2387717615	-0.1901273777	0.06931490658	-0.2003004918	-0.1893811047	0.06931490658	-0.1408282673	-0.1625679534	-0.09758776452	-0.06954237924	-0.131017573	-0.2435525108	0.0623844809	1	-0.2439816791	-0.1512273799	-0.1516979657	-0.1441738658	-0.1602366746	-0.157089028
chr11_2119119_G_T	-0.05170673282	-0.05554781027	-0.03322829625	-0.05404330502	-0.06839654721	-0.03077324188	-0.02765150914	-0.0325232367	-0.03077324188	-0.03077324188	-0.0137491401	-0.05613144414	0.0258358156	0.05044703805	-0.009283102005	-0.04418673582	-0.05936340272	0.02233331386	0.02233331386	0.04825630191	0.01712623504	0.005677548828	0.0006805779217	-0.01770184376	0.1369925772	-0.03043790742	0.09437545128	0.06255419311	0.06451435401	0.06074763888	0.02463657549	-0.117287863	-0.05467880306	0.04177618168	-0.1393143881	-0.02983981759	-0.03214389544	0.02463657549	0.02463657549	-0.08084973082	0.06656810516	0.04177618168	-0.01679075239	-0.03962598987	0.02770010761	-0.1391105585	0.1385842316	0.1202543623	0.1202543623	0.1140387669	0.004059959558	0.03945165514	-0.09858938626	0.04177618168	0.04469561396	-0.1012676889	0.04177618168	-0.1343715819	0.02770010761	0.06643666846	-0.01597969749	0.05115874886	-0.01072008605	0.01518874175	0.01455689675	-0.1445955037	0.04140703093	-0.03210432374	-0.1239154792	-0.1321747717	-0.1321747717	0.01599027626	0.01518874175	-0.04322544465	-0.06929464229	0.01926837739	0.01359776651	-0.09691598314	-0.08725086803	0.04311333368	-0.08499971831	0.04311333368	-0.1342694466	0.05899130654	0.02803343888	0.05206629821	0.02803343888	0.04618131984	-0.1384520611	0.04153886659	0.2045459937	0.02285937221	0.04855268525	0.02513320512	-0.1045543424	-0.0189584252	0.04814292576	0.04920248761	-0.09691598314	-0.1487142986	0.05215450503	-0.09691598314	0.05754812276	0.08887172512	0.1333029108	0.2342399057	-0.2040817574	0.2339487383	-0.06070990975	-0.2020450131	-0.07839267827	0.04953105344	-0.140762782	-0.2020450131	-0.004922106353	0.009077886242	-0.000663582401	-0.05160151659	0.01185476735	-0.05160151659	-0.215656633	0.02283692928	0.297370957	0.02413470752	0.007756204756	0.02241973021	-0.2195745361	0.321600217	-0.05460162288	-0.05452268184	-0.02093394947	-0.01164960328	0.147067512	-0.03830046104	0.147067512	0.305221918	0.3143219627	0.305871976	0.3716711747	-0.03708989741	0.1735012998	-0.05182937998	-0.05631791296	-0.1011429784	-0.1011429784	-0.05182937998	0.1344204521	0.305871976	-0.05614230075	0.1735943298	0.1723410328	-0.1240143354	-0.04491284542	0.305871976	0.3171503371	0.2415816708	-0.09352274054	-0.005685904027	-0.04449533983	-0.2764928224	0.009822435667	-0.2039312462	0.1852294896	-0.0695458922	0.0009708231233	-0.0695458922	0.1593101397	0.1580184002	-0.01274167672	-0.05387676876	-0.2366473844	0.0558488853	-0.2189645993	-0.1777304836	0.1968640358	0.1777212392	0.3773369105	0.2784109255	-0.1820662216	0.6183612132	0.6395052381	0.4268862034	0.2951479645	0.8485699762	0.1468166539	-0.2351677474	0.8452945845	0.1468166539	-0.2557508941	-0.2792178264	-0.08104225871	-0.04854332162	-0.2561266586	0.8649541573	0.1495818886	-0.2439816791	1	-0.2771429573	-0.1960631289	-0.2435259107	0.06145769285	-0.1178399097
chr11_2119159_G_A	0.08833588348	-0.0227678932	-0.01798347768	0.001049447951	0.03010940301	-0.01847749024	0.02325206345	-0.0158999834	-0.01847749024	-0.01847749024	-0.08626373273	-0.0008636153264	0.02076559297	0.06814045676	-0.08905517878	-0.009592077449	0.04235441147	-0.02864736178	-0.02864736178	0.07316455676	-0.02087189817	0.04680108471	0.04629577222	0.01820386067	-0.07819704477	0.07173484738	0.08183045692	-0.1238518291	-0.1250827692	-0.1279880818	0.04952550727	0.0762220243	0.06750328992	0.01858353305	0.08641056313	0.09062928742	0.0940101564	0.04952550727	0.04952550727	0.07079113508	-0.02081979295	0.01858353305	0.0170999895	0.01951109034	0.04460439152	0.08293565716	-0.0009801003946	-0.02546294733	-0.02546294733	-0.01413829109	0.02640835915	-0.07184537177	0.05832740286	0.01858353305	0.01392720461	0.06266270123	0.01858353305	0.09660430931	0.04460439152	-0.02633952126	0.05495383725	-0.01832353039	0.02621169681	0.09605111227	0.07736878112	0.09191891514	-0.04154125106	0.1011184705	0.07198475299	0.07970267019	0.07970267019	0.09895872319	0.09605111227	0.07328172558	0.1135976886	0.1015112269	0.04492519823	0.05453669868	0.07406450651	-0.06879993346	0.0740309071	-0.06879993346	0.07765531913	0.07762730848	0.05902737027	-0.07364208717	0.05902737027	-0.05992715969	0.07357276802	0.04733101763	-0.06155820601	0.02993383304	-0.07266301517	0.02822038749	0.06890624687	0.04906627256	-0.06936275358	0.00913581759	0.05453669868	0.09826372141	0.03506608092	0.05453669868	0.03565669383	-0.01623156579	-0.01305598134	0.0144866971	-0.02463198109	-0.008523612892	0.0766538943	-0.02267110335	-0.1230980983	-0.002613151357	0.1074776509	-0.02267110335	0.03631589442	0.03793039206	0.03167100158	-0.07273370015	0.03843569424	-0.07273370015	-0.03536569408	-0.0009373314183	-0.08747059459	0.01258612369	0.0266914056	0.01932247728	-0.03361516554	-0.1056202738	-0.08849490459	0.1049579812	-0.03704500557	-0.03149427921	-0.1200080355	-0.07611075769	-0.1200080355	-0.09376958445	-0.02822922749	-0.08980670177	-0.09590305115	0.1261891568	-0.1273526296	-0.04737374158	-0.05139663752	0.07999411757	0.07999411757	-0.04737374158	-0.09241902186	-0.08980670177	-0.04832199829	-0.1171147885	-0.1190705401	-0.1098134325	-0.05139663752	-0.08980670177	-0.1527356545	-0.07002154104	0.08009113476	-0.01850196736	-0.009546271519	0.07061447525	-0.009311418985	-0.08798058835	-0.1512189374	-0.08059043271	0.01482466037	-0.08059043271	-0.1391377053	-0.1368850737	-0.1059532669	-0.09840071511	-0.02813024952	-0.1231570092	-0.1924394023	-0.0796723649	0.08676525792	-0.2508344152	-0.01989487955	-0.173717383	-0.03022287206	-0.2795397232	-0.3241011383	0.2989593912	0.204468326	-0.3397485566	0.09908970545	-0.2258447907	-0.3392536273	0.09908970545	0.9190304057	0.96539751	-0.1104174517	-0.0491555009	0.8521968208	-0.3322697027	0.1017555004	-0.1512273799	-0.2771429573	1	0.8145643285	0.8994163859	0.1855734187	0.3414295279
chr11_2119781_G_A	0.01965027557	-0.07574767614	-0.02737705473	0.05640994693	0.08249020792	-0.02632886355	0.007500256669	-0.02757531398	-0.02632886355	-0.02632886355	-0.07378525211	0.05485630764	0.02953175082	0.04556293667	-0.07596001525	0.04336367662	0.08836128917	-0.006543961566	-0.006543961566	0.06359385868	-0.005523562162	0.02398740969	0.0249566046	0.06096400754	0.04280113369	0.09632323941	0.0354234895	-0.05857674381	-0.0596739943	-0.06207417098	0.04454437379	-0.04197100079	0.101369855	0.02729903205	-0.04223957099	0.1386706891	0.1367990735	0.04454437379	0.04454437379	0.07364797928	0.01053119402	0.02729903205	0.03284698869	0.03995663123	0.03803783658	-0.04906147322	0.02196791054	-0.01951702343	-0.01951702343	-0.002882461041	0.0406460132	0.005920679056	0.1232114421	0.02729903205	0.02105380779	0.1288528992	0.02729903205	-0.04268111422	0.03803783658	-0.02008639042	0.04960369606	-0.02194914599	0.04989669003	0.05465191575	0.05974951532	-0.04878985891	-0.06199796844	0.02087457829	-0.05475020923	-0.05352492121	-0.05352492121	0.0595185124	0.05465191575	0.05630889514	0.03183243934	0.06162401691	0.05762977501	0.1187842128	-0.02694149979	0.008472203	-0.02783406334	0.008472203	-0.05504700918	0.04627847136	0.0363032616	0.005122375656	0.0363032616	0.007009837554	-0.05808515755	0.04712358831	-0.06987523135	0.04692560843	0.007443180768	0.04556828898	0.04091708516	0.06816175073	0.009973221371	0.0349801613	0.1187842128	-0.04591857932	0.05278376514	0.1187842128	0.05184027636	0.002465508667	0.0835349174	0.0573069833	0.003239125433	0.04643240146	-0.04927512482	0.004808350366	-0.07376888363	-0.0130715739	-0.01109238149	0.004808350366	0.05657130881	0.05960163202	0.06710176083	-0.0445392314	0.05335709182	-0.0445392314	-0.001990162873	-0.01720009621	-0.03841729515	0.04472462792	0.07147076247	0.04821648682	-0.0004489223236	-0.0426847758	-0.07827471592	-0.03559251253	-0.07886329833	-0.07979328255	-0.11541888	-0.1524749396	-0.11541888	-0.0286900635	0.04984504444	-0.02402375242	-0.02460874138	0.170905242	-0.00736453016	-0.04143790502	-0.04456488252	0.1045448158	0.1045448158	-0.04143790502	-0.09196370074	-0.02402375242	0.01452250759	-0.01815574239	-0.01947613423	-0.07652481837	-0.04456488252	-0.02402375242	-0.09722143553	-0.0005802432751	0.1059321499	0.0007967372293	-0.03402004871	-0.04119152669	0.0241232907	-0.05831523434	-0.0219586319	-0.1626854362	-0.02163134819	-0.1626854362	-0.03163408529	-0.03301804931	-0.08013654157	-0.06579682268	-0.05000804472	-0.09803380655	-0.1417623175	-0.08407185483	0.05883178544	-0.2044896401	0.07742781928	-0.1178271922	-0.139109217	-0.2242819997	-0.2517627448	0.2487728925	0.1586431837	-0.2621377094	0.05746773513	-0.1853026373	-0.2617252079	0.05746773513	0.8707822391	0.7828117015	-0.08225732663	-0.04083589043	0.620657101	-0.2537925178	0.05969062095	-0.1516979657	-0.1960631289	0.8145643285	1	0.8996375045	0.06972195665	0.234451716
chr11_2119803_C_T	0.05429358151	-0.03716739783	0.01383301315	0.01824998678	0.04526475148	0.01405940643	0.03835472163	0.01708740001	0.01405940643	0.01405940643	-0.04964010936	0.01653174737	0.05023072671	0.06369557193	-0.05228796191	0.01388774136	0.06444463953	-0.02708844155	-0.02708844155	0.03631759921	-0.01804600979	0.04199684512	0.04223025933	0.04513108593	0.02712359122	0.09154685926	0.03249938609	-0.07906103958	-0.08025711827	-0.08292911583	0.07645370574	-0.008877448538	0.09186715153	0.0625796625	-0.01176850299	0.1171004258	0.1150478301	0.07645370574	0.07645370574	0.08484467051	-0.01192143838	0.0625796625	0.03031071974	0.03277812799	0.07064337484	0.003506879641	0.02706511732	-4.828848701e-05	-4.828848701e-05	0.01377886898	0.03437291423	-0.02088306187	0.09158804674	0.0625796625	0.05700602332	0.09655610015	0.0625796625	0.006079377725	0.07064337484	0.00131509744	0.05320173037	-0.002741428587	0.04108570414	0.08234084387	0.0904196544	0.0005927568441	-0.04734874195	0.06116100985	-0.002094471935	-0.0003399318126	-0.0003399318126	0.08628550286	0.08234084387	0.06060423642	0.05884110924	0.08857007081	0.04950465705	0.0875085208	0.01574973939	-0.01806939728	0.01048719545	-0.01806939728	-0.002105826031	0.06756860939	0.06635409075	-0.02456707451	0.06635409075	-0.003236450896	-0.00562897531	0.04823364433	-0.05756158683	0.04122410442	-0.02290920379	0.03969504989	0.08222428043	0.08303433325	-0.02001838088	0.04443806226	0.0875085208	0.008144827775	0.05548143405	0.0875085208	0.05532209073	0.01446972715	0.02901364352	0.02196303063	0.01856356067	0.01302594698	0.0009669044104	0.02034499666	-0.09737347632	0.002830241286	0.03795169427	0.02034499666	0.04893940354	0.06229843782	0.0588139291	-0.05756158683	0.05526013785	-0.05756158683	0.01022643324	0.01136409415	-0.08193870276	0.04826189678	0.05320943416	0.05130683839	0.0120394448	-0.0941606584	-0.06611603937	0.01189180313	-0.06947407214	-0.07153392751	-0.1143187699	-0.1132075635	-0.1143187699	-0.07879540158	-0.01318200001	-0.07437723491	-0.07312034599	0.131119473	-0.0899867891	-0.04958500644	-0.05307143133	0.08261944409	0.08261944409	-0.04958500644	-0.1143187699	-0.07437723491	-0.0251787364	-0.08253974378	-0.08421688701	-0.06731504373	-0.05307143133	-0.07437723491	-0.1550469769	-0.06864959226	0.08352186006	-0.03492371301	-0.04778198336	0.03944134457	-0.008632190478	-0.04378734156	-0.1048834009	-0.1264257966	-0.04040029023	-0.1264257966	-0.1004074875	-0.09758228141	-0.09682077352	-0.0809833555	-0.07483362706	-0.117803391	-0.1671196611	-0.1109352414	0.07389164968	-0.2210498587	0.02049938578	-0.152885946	-0.002419307614	-0.2663261447	-0.3023774778	0.2566035829	0.1723510786	-0.3149618036	0.09069927091	-0.2024364826	-0.3145597465	0.09069927091	0.9666228362	0.8692986199	-0.09515599549	-0.03420135525	0.7342670769	-0.3029753389	0.09306284294	-0.1441738658	-0.2435259107	0.8994163859	0.8996375045	1	0.2005817613	0.3679927319
chr11_2120298_A_G	-0.004343043565	0.07635819392	0.06199872014	0.1078556128	0.08448023614	0.05760131185	0.08063169238	0.06012604388	0.05760131185	0.05760131185	-0.03423741387	0.1060091881	0.1110250481	0.08846501412	-0.02876506635	0.1170617575	0.08863970787	0.03808523271	0.03808523271	-0.07979521703	0.04531697371	-0.008853519286	-0.009224169567	0.2344330256	0.1373644159	0.1513913098	0.1224271633	-0.1755061424	-0.1764513936	-0.1789765513	0.1338944448	-0.0507948223	0.1839131909	0.1154853868	-0.03989012316	0.2755254969	0.2731720496	0.1338944448	0.1338944448	-0.08411967526	0.03600332828	0.1154853868	0.1560152426	0.1771195357	0.1359969329	-0.04603151258	0.2270358089	0.2162278044	0.2162278044	0.2048084467	0.1937213738	-0.1889307573	0.4487820437	0.1154853868	0.1037088373	0.4515075993	0.1154853868	-0.03978431983	0.1359969329	0.1930633286	-0.04445989564	0.1772946681	0.2260833349	0.1378957421	0.1317797497	-0.03999282835	-0.03691615051	0.2425308339	-0.05075666229	-0.04924205916	-0.04924205916	0.1488643152	0.1378957421	-0.06606180198	0.1258501164	0.1433517303	0.2176214495	0.4437828951	-0.08259560621	-0.1904471529	-0.0641687812	-0.1904471529	-0.05103181329	0.1263059826	0.1463511478	-0.1912222306	0.1463511478	0.1706639617	-0.05460386898	0.3351714182	-0.08581524825	0.2176200765	-0.1903706456	0.2160169643	-0.03254813304	0.196098123	-0.1871698471	0.3082028784	0.4437828951	-0.03862020188	0.3178178476	0.4437828951	0.3187436265	0.2076484683	0.03881236838	0.1957637149	-0.1127733915	0.1932926017	-0.1029345078	-0.1110354218	0.2461881948	0.1906540278	-0.04758198574	-0.1110354218	0.1826831315	0.2823976825	0.1870816872	-0.08581524825	0.275016483	-0.08581524825	-0.06701749898	0.1811362037	-0.1022277366	0.2785994941	0.1717325397	0.2773257044	-0.04577597958	-0.09001845885	0.3375063585	-0.08741311283	-0.04888891057	-0.07174661449	0.2467035972	0.02049663567	0.2467035972	-0.1403111416	0.01633703697	-0.1412366224	0.1543285506	0.05020851811	0.03982298978	-0.05311811994	-0.05670842431	-0.1204075215	-0.1204075215	-0.05311811994	0.2532350619	-0.1412366224	0.1468065377	0.03059035044	0.02920468781	-0.0347660111	-0.05670842431	-0.1412366224	0.02665540584	-0.04463096673	-0.1224250143	0.04708085635	-0.0457881928	-0.05373276604	0.06700682464	-0.02252961637	0.01206724416	0.005503833958	-0.01109421557	0.005503833958	0.01634871622	0.01899556159	0.4267128059	0.411166537	0.02567752303	0.4653308588	-0.1624131428	0.1912040329	0.1195258044	0.1160517428	-0.1100335757	0.03556763592	0.1365016575	-0.1322926078	0.0005188461646	5.92058026e-06	-0.09727490965	-0.02646640532	0.1452580573	-0.1236244176	-0.03313849382	0.1452580573	0.2283643067	0.2092017992	0.4134478022	-0.04413674528	0.006554154161	-0.0172994178	0.1393214578	-0.1602366746	0.06145769285	0.1855734187	0.06972195665	0.2005817613	1	0.8109034783
chr11_2120805_A_G	0.001632770095	0.0198306865	0.004316086355	0.1269963682	0.101264435	0.004125764385	0.01204669709	0.006865876268	0.004125764385	0.004125764385	-0.01565236535	0.1251063159	0.01134150216	0.1023017353	-0.01865695841	0.1179860013	0.07985710406	0.04295185604	0.04295185604	-0.02270825499	0.05090589648	-0.01411200701	-0.01428798281	0.2627442123	0.09465697594	0.162317107	0.03484889246	-0.127936439	-0.1290564708	-0.1317557823	0.09847885174	-0.04878938292	0.2073298528	0.08648974209	-0.04181663907	0.2613188628	0.2589536381	0.09847885174	0.09847885174	0.07614764532	0.0596486028	0.08648974209	0.1708232496	0.2036127137	0.1007630582	-0.04295503099	0.04049281502	-0.00736335763	-0.00736335763	-0.01786023071	0.2166992916	-0.1451773345	0.4411738528	0.08648974209	0.08133048398	0.4443660946	0.08648974209	-0.03564993498	0.1007630582	-0.01171513993	0.09210415896	-0.02309908781	0.2608488083	0.118385255	0.1039065047	-0.0358367753	0.008353817637	0.1875066761	-0.04272342802	-0.04112792782	-0.04112792782	0.1301447237	0.118385255	0.08078573312	0.1894042908	0.1242352464	0.2410885857	0.4426379789	-0.02741971261	-0.146826737	-0.01772560141	-0.146826737	-0.04295503099	0.1151334811	0.1194126364	-0.1523580639	0.1194126364	0.1172929194	-0.04660138557	0.2322403364	-0.09408009161	0.2451904666	-0.1599061969	0.2435580583	-0.01482922741	0.2309198193	-0.1566931627	0.2101928107	0.4426379789	-0.02893607335	0.2247934079	0.4426379789	0.2253574628	-0.01805450615	0.08564838166	0.1128755608	-0.07684802405	0.1054415063	-0.05399851286	-0.07504991662	0.2422050157	-0.01250402832	-0.00152508124	-0.07504991662	0.2068534726	0.1791801176	0.2115588943	-0.08275896644	0.1717180738	-0.08275896644	-0.03271605662	-0.007145098985	-0.08175033678	0.1767701833	0.2042917088	0.1754131677	-0.02576457847	-0.08030882302	0.3525885518	-0.03769490098	0.03780573285	0.003044952338	0.2663038631	-0.03770229457	0.2663038631	-0.1239486289	-0.1169809555	-0.1250134461	0.05287527793	-0.09453315301	-0.04792234329	-0.06171386448	-0.06525935292	-0.105206949	-0.105206949	-0.06171386448	0.2802781301	-0.1250134461	0.05230471914	-0.05219497803	-0.05385677482	-0.02410296252	-0.06525935292	-0.1250134461	0.05406936403	-0.005545968453	-0.1075537542	0.07322712198	-0.04004055503	-0.01135451251	0.09209331809	-0.01257641493	-0.0774019888	-0.0494135825	-0.005295045554	-0.0494135825	-0.06712479616	-0.06448605461	0.4370618894	0.4287828045	-0.04862173413	0.4837959519	-0.1586684768	0.2286713268	0.06470030464	0.1215210204	-0.2282228088	-0.1843320696	0.143274886	-0.1230813212	-0.1574625937	-0.04050990149	-0.1347236633	-0.1831750942	0.1084921654	-0.1387530179	-0.186581089	0.1084921654	0.3900363736	0.3653979884	0.4411024496	-0.06100519055	0.1755078634	-0.1720844382	0.1022420578	-0.157089028	-0.1178399097	0.3414295279	0.234451716	0.3679927319	0.8109034783	1
