variant_id	chr11_2040128_A_G	chr11_2063051_C_T	chr11_2063598_G_A	chr11_2063846_C_T	chr11_2064769_A_G	chr11_2065099_T_C	chr11_2065330_T_C	chr11_2065765_C_A	chr11_2065900_C_T	chr11_2066031_T_G	chr11_2066970_G_A	chr11_2067320_C_T	chr11_2068243_A_AT	chr11_2068717_A_G	chr11_2068776_A_G	chr11_2069125_TCTCCATACTCCATTTTCCACA_T	chr11_2070333_C_T	chr11_2070570_C_T	chr11_2070813_A_C	chr11_2070926_A_T	chr11_2070993_T_G	chr11_2070994_C_T	chr11_2072504_T_C	chr11_2072834_C_T	chr11_2073182_A_G	chr11_2073378_C_T	chr11_2073444_A_G	chr11_2073476_A_C	chr11_2073913_A_G	chr11_2074576_C_A	chr11_2075149_A_G	chr11_2075252_T_C	chr11_2075577_G_A	chr11_2075720_C_G	chr11_2075736_C_T	chr11_2076798_T_C	chr11_2076994_T_C	chr11_2077046_CCA_C	chr11_2077056_T_G	chr11_2077271_C_T	chr11_2077486_A_G	chr11_2078638_T_C	chr11_2078742_G_A	chr11_2078858_A_AT	chr11_2080254_A_G	chr11_2080612_C_T	chr11_2081637_C_CT	chr11_2081917_A_G	chr11_2082423_C_T	chr11_2082702_C_CA	chr11_2082990_C_T	chr11_2083709_C_T	chr11_2084014_C_T	chr11_2084913_T_C	chr11_2086132_G_A	chr11_2087220_T_C	chr11_2087412_A_T	chr11_2087727_T_G	chr11_2087911_T_C	chr11_2088229_C_T	chr11_2089861_A_G	chr11_2090336_T_G	chr11_2090456_T_G	chr11_2092983_G_C	chr11_2093065_C_T	chr11_2093603_C_A	chr11_2093897_G_A	chr11_2094303_C_T	chr11_2094599_G_A	chr11_2094852_T_C	chr11_2095273_C_T	chr11_2095799_A_G	chr11_2095814_GACA_G	chr11_2095968_T_C	chr11_2096707_G_A	chr11_2096908_C_T	chr11_2096919_G_A	chr11_2097561_T_C	chr11_2097954_C_T	chr11_2098180_AC_A	chr11_2098701_A_AT	chr11_2099684_T_C	chr11_2099854_G_A	chr11_2101283_G_A	chr11_2101345_C_T	chr11_2101804_G_A	chr11_2102033_G_A	chr11_2103063_T_C	chr11_2103073_T_TC	chr11_2104138_A_G	chr11_2107025_C_T	chr11_2107107_G_A	chr11_2107122_C_T	chr11_2107154_G_A	chr11_2107655_C_A	chr11_2107761_C_T	chr11_2107854_G_T	chr11_2108072_G_A	chr11_2108091_G_GAGTC	chr11_2108689_C_T	chr11_2108794_C_T	chr11_2109282_GC_G	chr11_2109320_TG_T	chr11_2109650_G_GC	chr11_2110067_G_A	chr11_2111124_C_G	chr11_2111243_A_G	chr11_2111386_G_C	chr11_2111406_A_C	chr11_2111509_A_G	chr11_2111531_A_G	chr11_2113931_G_A	chr11_2114571_C_G	chr11_2115390_C_T	chr11_2116492_C_G	chr11_2116493_T_A	chr11_2116686_G_C	chr11_2116776_T_C	chr11_2117403_A_G	chr11_2118338_C_CGCTCTGAG	chr11_2118860_T_G	chr11_2119283_C_T
chr11_2040128_A_G	1	-0.1026061005	-0.1033751436	-0.06957505007	-0.06957505007	-0.1028235195	-0.03172697101	-0.1018380222	-0.1026061005	-0.1026061005	-0.1038911396	-0.06719026138	-0.03172697101	-0.1314840504	-0.1061460469	-0.07372431364	-0.06719026138	-0.06797337603	0.030936747	-0.0683865492	-0.07258927745	-0.07258927745	-0.06025569702	0.0171121467	0.01433474734	-0.07823137257	-0.08308361198	-0.08308361198	-0.07108836029	-0.06932058917	-0.0699105782	-0.0699105782	-0.0699105782	-0.00903833236	-0.06932058917	-0.07049982964	-0.007173698017	0.005858174563	0.005858174563	-0.06340413138	-0.1011767889	-0.06732474125	-0.06732474125	-0.06732474125	-0.0667375747	0.01999145294	-0.06384671838	-0.006032030654	-0.06445835397	-0.07629079692	-0.007566973448	-0.07629079692	-0.07542078733	-0.06192595816	-0.06445835397	-0.05952683491	-0.05443679214	-0.06445835397	-0.06445835397	-0.075545904	-0.06445835397	-0.05926438531	0.01441061539	-0.07595531556	0.003896276732	0.000775899801	-0.0748114216	0.001551362418	0.001559741033	0.001559741033	-0.008444218291	-0.007650921178	-0.06594261681	-0.004481651344	-0.06785282784	-0.005303061895	-0.004506821784	-0.06829492667	-0.004506821784	-0.003710899047	-0.004506821784	-0.003710899047	-0.06946469338	-0.002931815437	-0.003731970567	-0.003731970567	-0.07019559175	-0.09335330737	-0.0650411623	-0.08946496988	-0.08909006514	-0.009002533947	-0.009002533947	-0.01569250973	-0.009053542507	-0.08909006514	-0.09001956791	-0.09001956791	-0.08151823868	-0.00825456093	-0.009053542507	-0.009053542507	-0.00825456093	-0.080777176	-0.07929979776	-0.1219370931	-0.104186726	-0.01138486932	-0.1051416734	-0.104186726	-0.1047042321	-0.1115076061	-0.09470684808	-0.07173421498	-0.07532398419	-0.07532398419	-0.07563287119	-0.07478938144	-0.07648106816	-0.07528308136	-0.08032178897	-0.06850632325
chr11_2063051_C_T	-0.1026061005	1	0.9973155469	-0.2937686406	-0.2991191535	0.9973446134	0.6235750449	0.9973150893	1	1	0.7437009645	-0.2918304802	0.6235750449	0.508231258	0.7323022205	-0.2612066988	-0.286423033	-0.2890487168	-0.1864080557	-0.2739691032	0.7892225336	0.7892225336	0.1947393829	-0.184073904	-0.1942947481	0.3742424157	0.3671943121	0.3671943121	0.1981195292	0.1916108454	0.1891311166	0.1891311166	0.1891311166	-0.1832012916	0.1916108454	0.1866590123	-0.2228618002	-0.1767519453	-0.1767519453	-0.1162875931	0.3196281655	0.2034733679	0.2034733679	0.2034733679	0.1967138535	-0.1949699925	0.3614102238	-0.180956329	0.1933531748	0.1958175131	-0.1744473322	0.1958175131	0.1975108446	0.3595807633	0.1933531748	0.3518172281	0.3587909044	0.1933531748	0.1933531748	0.3704248972	0.1933531748	0.1977761894	-0.1846367034	0.3667155848	-0.1894973628	-0.1829702101	0.3725587865	-0.1803195387	-0.1812934104	-0.1812934104	-0.1735941631	-0.1763826446	0.363027057	-0.1765976044	0.3599402929	-0.1747800278	-0.1720848179	0.3658637524	-0.1775894351	-0.1748961644	-0.1775894351	-0.1748961644	0.3649125275	-0.1731832285	-0.1758892737	-0.1758892737	0.3628309042	0.3684105776	0.3752920049	0.2104101701	0.2047852542	-0.1757561072	-0.1757561072	-0.008471359778	-0.1767519453	0.2047852542	0.2077958211	0.2077958211	0.3578340227	-0.1740722715	-0.1767519453	-0.1767519453	-0.1740722715	0.3599402929	0.3641549135	0.07598123392	0.2103496389	-0.1385133798	0.2133415324	0.2103496389	0.2124539263	0.1892566142	0.1847068392	0.07880798137	0.1839615788	0.1839615788	0.1753122427	0.1771996113	0.1781310951	-0.01617127203	0.1827363032	-0.04515707084
chr11_2063598_G_A	-0.1033751436	0.9973155469	1	-0.2857836888	-0.2911337735	0.9946638617	0.6218993719	0.9946412895	0.9973155469	0.9973155469	0.7417060007	-0.2837180541	0.6218993719	0.5121476576	0.7302852986	-0.2578548376	-0.2783110398	-0.2809470238	-0.1877982713	-0.265922543	0.785951953	0.785951953	0.1983915367	-0.1740686355	-0.1866025093	0.3711976637	0.3640986466	0.3640986466	0.2017688455	0.1953013625	0.1928082058	0.1928082058	0.1928082058	-0.1753676849	0.1953013625	0.1903227397	-0.2132337256	-0.1684669237	-0.1684669237	-0.1063143381	0.3209312231	0.2071458149	0.2071458149	0.2071458149	0.2004004004	-0.1870933212	0.3582251243	-0.172957844	0.197051518	0.1995293084	-0.1665114185	0.1995293084	0.2012215272	0.3564173362	0.197051518	0.348674128	0.3556990206	0.197051518	0.197051518	0.3673977161	0.197051518	0.2015550008	-0.1769046081	0.3636904266	-0.1816388206	-0.1751885818	0.3695425487	-0.1725296595	-0.1734614595	-0.1734614595	-0.1655795732	-0.1683586901	0.3599574452	-0.1685362138	0.3568501024	-0.1666831075	-0.1639785925	0.362774793	-0.169482769	-0.1667801057	-0.169482769	-0.1667801057	0.3618139748	-0.1650115641	-0.1677271297	-0.1677271297	0.3597211811	0.3653179237	0.3722176889	0.2144567983	0.2088153046	-0.1675177643	-0.1675177643	-0.009518371216	-0.1684669237	0.2088153046	0.2118272012	0.2118272012	0.3547326582	-0.1657766352	-0.1684669237	-0.1684669237	-0.1657766352	0.3568501024	0.3610869499	0.07848672687	0.2145120331	-0.1294769938	0.2175050713	0.2145120331	0.2166001429	0.1941717713	0.1890479981	0.08963690278	0.1884619118	0.1884619118	0.1798317833	0.1817183799	0.1826510928	-0.0183299969	0.1871862579	-0.04723934936
chr11_2063846_C_T	-0.06957505007	-0.2937686406	-0.2857836888	1	0.9946788293	-0.2949017793	-0.1854759093	-0.296407096	-0.2937686406	-0.2937686406	-0.2165185207	0.9840080021	-0.1854759093	0.4808250615	-0.2066715044	0.9161280463	0.9786302095	0.975903602	-0.2213319133	0.9732892575	-0.4074847065	-0.4074847065	0.1426005382	0.108359062	0.2202460854	-0.048784383	-0.05825207124	-0.05825207124	0.1418945624	0.1402452833	0.1469644397	0.1469644397	0.1469644397	0.2359668321	0.1402452833	0.1490474866	0.1136414485	0.2088182487	0.2088182487	0.2837366608	-0.08330650439	0.1160724461	0.1160724461	0.1160724461	0.1185622906	0.183624926	-0.05650400335	0.2019920314	0.1159311173	0.1184163493	0.2116141312	0.1184163493	0.115866602	-0.05881502202	0.1159311173	-0.06367589844	-0.05415559327	0.1159311173	0.1159311173	-0.04181455896	0.1159311173	0.1257742078	0.189528466	-0.0345634993	0.183583871	0.1932205099	-0.03934427714	0.1905600169	0.1969572717	0.1969572717	0.1839728931	0.1921699687	-0.03008951083	0.1977286	-0.03256646744	0.1960706869	0.1878902498	-0.03487829896	0.1988391094	0.1906617452	0.1988391094	0.1906617452	-0.03962004438	0.1945325491	0.2027536222	0.2027536222	-0.042069309	-0.02545483722	-0.03501575047	0.2563633763	0.2647234327	0.3279307573	0.3279307573	-0.01183920535	0.324290158	0.2647234327	0.2630221837	0.2630221837	-0.02072101784	0.3270994179	0.3352874827	0.3352874827	0.3270994179	-0.02303481843	-0.01813433998	-0.08056055486	0.1685263276	0.2172796084	0.1665456871	0.1685263276	0.1658527748	0.04114609517	0.1114369497	0.1116855107	0.1061125835	0.1061125835	0.1158998794	0.1087028452	0.1184437574	-0.03406148217	0.1177508405	-0.01859836121
chr11_2064769_A_G	-0.06957505007	-0.2991191535	-0.2911337735	0.9946788293	1	-0.3002233152	-0.1854759093	-0.3017580945	-0.2991191535	-0.2991191535	-0.2233508106	0.9893857947	-0.1854759093	0.4808250615	-0.213395132	0.9222667473	0.9840080021	0.9812815396	-0.2213319133	0.9786384003	-0.4124317676	-0.4124317676	0.1426005382	0.1022665846	0.2149601793	-0.04404694003	-0.05355161593	-0.05355161593	0.1418945624	0.1402452833	0.1469644397	0.1469644397	0.1469644397	0.2306342484	0.1402452833	0.1490474866	0.1077160098	0.2033195863	0.2033195863	0.2837366608	-0.07874474013	0.1160724461	0.1160724461	0.1160724461	0.1185622906	0.1782636143	-0.0517953364	0.1965763498	0.1159311173	0.1184163493	0.2062259569	0.1184163493	0.115866602	-0.0540963383	0.1159311173	-0.05892986875	-0.04937213393	0.1159311173	0.1159311173	-0.03702924158	0.1159311173	0.1257742078	0.1842145838	-0.02979612009	0.1782200292	0.1878797653	-0.03456147066	0.185220777	0.1915891955	0.1915891955	0.1785237665	0.1867220182	-0.02531159229	0.1922847448	-0.02780064294	0.1905953087	0.1824158201	-0.03012987576	0.1933646796	0.1851882023	0.1933646796	0.1851882023	-0.03488592813	0.1890287653	0.197248999	0.197248999	-0.03733228225	-0.02067137787	-0.03020180114	0.2563633763	0.2647234327	0.3224630749	0.3224630749	-0.01183920535	0.3187914956	0.2647234327	0.2630221837	0.2630221837	-0.01595234524	0.3216008486	0.3297888203	0.3297888203	0.3216008486	-0.01826899393	-0.01337407574	-0.08056055486	0.1685263276	0.2115455565	0.1665456871	0.1685263276	0.1658527748	0.04114609517	0.1114369497	0.1116855107	0.1061125835	0.1061125835	0.1158998794	0.1087028452	0.1184437574	-0.02801250859	0.1177508405	-0.01244772207
chr11_2065099_T_C	-0.1028235195	0.9973446134	0.9946638617	-0.2949017793	-0.3002233152	1	0.6185808309	0.9946851118	0.9973446134	0.9973446134	0.7445809137	-0.2929604187	0.6185808309	0.5094147669	0.7398365733	-0.2626180108	-0.287582257	-0.290204465	-0.1786053358	-0.2752025633	0.7916528059	0.7916528059	0.197332892	-0.1853255723	-0.1961793102	0.3786924379	0.3715573218	0.3715573218	0.200692179	0.1896263281	0.1871519706	0.1871519706	0.1871519706	-0.1850977983	0.1896263281	0.1846852065	-0.2239475717	-0.1785660404	-0.1785660404	-0.1178708935	0.3237807671	0.2060404562	0.2060404562	0.2060404562	0.1993310361	-0.1968183247	0.3657315658	-0.1828670237	0.1914256311	0.1938846403	-0.1763999787	0.1938846403	0.1955802249	0.3592344515	0.1914256311	0.3515599101	0.3585847491	0.1914256311	0.1914256311	0.3702228769	0.1914256311	0.1958956322	-0.1865891145	0.3665174306	-0.1913979906	-0.1849359736	0.3723537533	-0.1822882302	-0.1832727344	-0.1832727344	-0.1755950189	-0.1783569537	0.3628149089	-0.178525339	0.3597120525	-0.1767451714	-0.174053191	0.3655877256	-0.1795279965	-0.1768379812	-0.1795279965	-0.1768379812	0.3646177265	-0.1751393627	-0.1778421166	-0.1778421166	0.362539011	0.3681523244	0.3750457636	0.2085750753	0.2029835374	-0.1775599816	-0.1775599816	-0.009467579871	-0.1785660404	0.2029835374	0.2059665301	0.2059665301	0.3576087556	-0.1758899217	-0.1785660404	-0.1785660404	-0.1758899217	0.3597120525	0.363920731	0.07806791084	0.2086592917	-0.1402549775	0.211624192	0.2086592917	0.2107437309	0.1884456721	0.1832920788	0.07740141145	0.1827989547	0.1827989547	0.1741957793	0.1760825503	0.1769896968	-0.01218279676	0.1815148746	-0.04083621238
chr11_2065330_T_C	-0.03172697101	0.6235750449	0.6218993719	-0.1854759093	-0.1854759093	0.6185808309	1	0.6172231478	0.6235750449	0.6235750449	-0.05886525563	-0.1809128344	1	0.2929576375	-0.05600609278	-0.1654716254	-0.1809128344	-0.1825519314	-0.1648471972	-0.1671365084	0.4473605241	0.4473605241	0.126476961	-0.1796898638	-0.1481532586	0.2449842355	0.2457601757	0.2457601757	0.1216275601	0.1193248455	0.1177772537	0.1177772537	0.1177772537	-0.1381184775	0.1193248455	0.116234418	-0.1909685906	-0.110672865	-0.110672865	-0.05677514175	0.2160849012	0.1278619471	0.1278619471	0.1278619471	0.1225127032	-0.1469125588	0.2403819678	-0.1255563882	0.1192901674	0.1208267796	-0.1201029846	0.1208267796	0.1218876278	0.2381099021	0.1192901674	0.2238801306	0.2229096285	0.1192901674	0.1192901674	0.2331751732	0.1192901674	0.1169148374	-0.1250010105	0.2308524104	-0.1341341571	-0.1240099896	0.2345061987	-0.1223525924	-0.1230133956	-0.1230133956	-0.1231174697	-0.1132553115	0.2255552046	-0.106553176	0.2206396297	-0.1170552816	-0.1153714637	0.2255208409	-0.1153714637	-0.1136895025	-0.1153714637	-0.1136895025	0.2290724625	-0.1126451669	-0.1143350633	-0.1143350633	0.2277738314	0.2372743457	0.2446380938	0.1353095103	0.1276596586	-0.110049323	-0.110049323	0.05852280899	-0.110672865	0.1276596586	0.1336716712	0.1336716712	0.2264825628	-0.109000117	-0.110672865	-0.110672865	-0.109000117	0.2277955095	0.2304227903	0.08720485876	0.1347257646	-0.07164477168	0.1336396607	0.1347257646	0.1401411203	0.1102330661	0.1360979756	0.09708696267	0.1353538122	0.1353538122	0.1288877459	0.1300233038	0.1277488566	-0.1382922816	0.1328734874	-0.1422657094
chr11_2065765_C_A	-0.1018380222	0.9973150893	0.9946412895	-0.296407096	-0.3017580945	0.9946851118	0.6172231478	1	0.9973150893	0.9973150893	0.7457042139	-0.2945394717	0.6172231478	0.5043196188	0.73432731	-0.2645619229	-0.2891315339	-0.2917467979	-0.185019594	-0.2766408372	0.7925021041	0.7925021041	0.2004263527	-0.1818295903	-0.1913593041	0.3772916857	0.3702944291	0.3702944291	0.2037559479	0.1972388035	0.1947614266	0.1947614266	0.1947614266	-0.1803132422	0.1972388035	0.1922917213	-0.2205765927	-0.1739813	-0.1739813	-0.114072807	0.322915635	0.2090304576	0.2090304576	0.2090304576	0.2022677627	-0.1920673629	0.3645997282	-0.1780660348	0.1988557032	0.2013177936	-0.1715497096	0.2013177936	0.2029873274	0.3627485721	0.1988557032	0.3549646236	0.3618871494	0.1988557032	0.1988557032	0.3734565526	0.1988557032	0.2032172885	-0.1816847535	0.3697451773	-0.186571454	-0.1800137578	0.3755795196	-0.1773743366	-0.1783323018	-0.1783323018	-0.1706526331	-0.1734528759	0.3661010713	-0.173713517	0.3630348565	-0.1718680574	-0.169184033	0.368957148	-0.1746891497	-0.1720070281	-0.1746891497	-0.1720070281	0.3680155079	-0.1702888682	-0.172983732	-0.172983732	0.3659450346	0.3715076955	0.3783708552	0.2158922589	0.2102439398	-0.173001072	-0.173001072	-0.01866097783	-0.1739813	0.2102439398	0.2132790148	0.2132790148	0.3609397396	-0.1713124012	-0.1739813	-0.1739813	-0.1713124012	0.3630348565	0.3672272915	0.0791281343	0.2156570643	-0.1360204008	0.218672313	0.2156570643	0.2177625282	0.193774515	0.189913743	0.0798003221	0.188828609	0.188828609	0.1801983782	0.1820659424	0.1830376136	-0.01401235118	0.1876843426	-0.04307491906
chr11_2065900_C_T	-0.1026061005	1	0.9973155469	-0.2937686406	-0.2991191535	0.9973446134	0.6235750449	0.9973150893	1	1	0.7437009645	-0.2918304802	0.6235750449	0.508231258	0.7323022205	-0.2612066988	-0.286423033	-0.2890487168	-0.1864080557	-0.2739691032	0.7892225336	0.7892225336	0.1947393829	-0.184073904	-0.1942947481	0.3742424157	0.3671943121	0.3671943121	0.1981195292	0.1916108454	0.1891311166	0.1891311166	0.1891311166	-0.1832012916	0.1916108454	0.1866590123	-0.2228618002	-0.1767519453	-0.1767519453	-0.1162875931	0.3196281655	0.2034733679	0.2034733679	0.2034733679	0.1967138535	-0.1949699925	0.3614102238	-0.180956329	0.1933531748	0.1958175131	-0.1744473322	0.1958175131	0.1975108446	0.3595807633	0.1933531748	0.3518172281	0.3587909044	0.1933531748	0.1933531748	0.3704248972	0.1933531748	0.1977761894	-0.1846367034	0.3667155848	-0.1894973628	-0.1829702101	0.3725587865	-0.1803195387	-0.1812934104	-0.1812934104	-0.1735941631	-0.1763826446	0.363027057	-0.1765976044	0.3599402929	-0.1747800278	-0.1720848179	0.3658637524	-0.1775894351	-0.1748961644	-0.1775894351	-0.1748961644	0.3649125275	-0.1731832285	-0.1758892737	-0.1758892737	0.3628309042	0.3684105776	0.3752920049	0.2104101701	0.2047852542	-0.1757561072	-0.1757561072	-0.008471359778	-0.1767519453	0.2047852542	0.2077958211	0.2077958211	0.3578340227	-0.1740722715	-0.1767519453	-0.1767519453	-0.1740722715	0.3599402929	0.3641549135	0.07598123392	0.2103496389	-0.1385133798	0.2133415324	0.2103496389	0.2124539263	0.1892566142	0.1847068392	0.07880798137	0.1839615788	0.1839615788	0.1753122427	0.1771996113	0.1781310951	-0.01617127203	0.1827363032	-0.04515707084
chr11_2066031_T_G	-0.1026061005	1	0.9973155469	-0.2937686406	-0.2991191535	0.9973446134	0.6235750449	0.9973150893	1	1	0.7437009645	-0.2918304802	0.6235750449	0.508231258	0.7323022205	-0.2612066988	-0.286423033	-0.2890487168	-0.1864080557	-0.2739691032	0.7892225336	0.7892225336	0.1947393829	-0.184073904	-0.1942947481	0.3742424157	0.3671943121	0.3671943121	0.1981195292	0.1916108454	0.1891311166	0.1891311166	0.1891311166	-0.1832012916	0.1916108454	0.1866590123	-0.2228618002	-0.1767519453	-0.1767519453	-0.1162875931	0.3196281655	0.2034733679	0.2034733679	0.2034733679	0.1967138535	-0.1949699925	0.3614102238	-0.180956329	0.1933531748	0.1958175131	-0.1744473322	0.1958175131	0.1975108446	0.3595807633	0.1933531748	0.3518172281	0.3587909044	0.1933531748	0.1933531748	0.3704248972	0.1933531748	0.1977761894	-0.1846367034	0.3667155848	-0.1894973628	-0.1829702101	0.3725587865	-0.1803195387	-0.1812934104	-0.1812934104	-0.1735941631	-0.1763826446	0.363027057	-0.1765976044	0.3599402929	-0.1747800278	-0.1720848179	0.3658637524	-0.1775894351	-0.1748961644	-0.1775894351	-0.1748961644	0.3649125275	-0.1731832285	-0.1758892737	-0.1758892737	0.3628309042	0.3684105776	0.3752920049	0.2104101701	0.2047852542	-0.1757561072	-0.1757561072	-0.008471359778	-0.1767519453	0.2047852542	0.2077958211	0.2077958211	0.3578340227	-0.1740722715	-0.1767519453	-0.1767519453	-0.1740722715	0.3599402929	0.3641549135	0.07598123392	0.2103496389	-0.1385133798	0.2133415324	0.2103496389	0.2124539263	0.1892566142	0.1847068392	0.07880798137	0.1839615788	0.1839615788	0.1753122427	0.1771996113	0.1781310951	-0.01617127203	0.1827363032	-0.04515707084
chr11_2066970_G_A	-0.1038911396	0.7437009645	0.7417060007	-0.2165185207	-0.2233508106	0.7445809137	-0.05886525563	0.7457042139	0.7437009645	0.7437009645	1	-0.2179456439	-0.05886525563	0.398463386	0.9829995083	-0.1920451794	-0.2110406524	-0.2129918486	-0.09706568758	-0.2069183203	0.6252375581	0.6252375581	0.14051599	-0.08139264661	-0.1214120815	0.2683912069	0.258727661	0.258727661	0.1489791246	0.1426370479	0.1407939784	0.1407939784	0.1407939784	-0.1158274719	0.1426370479	0.138956578	-0.1212776843	-0.1310617092	-0.1310617092	-0.09994206093	0.2233648255	0.1504844258	0.1504844258	0.1504844258	0.1464272436	-0.1233352932	0.2559408086	-0.1237030549	0.1448915543	0.14672436	-0.1200548395	0.14672436	0.1479794775	0.2555476156	0.1448915543	0.2578023979	0.267537281	0.1448915543	0.1448915543	0.2736147897	0.1448915543	0.1525707085	-0.1288775985	0.2708644893	-0.1272743113	-0.1275970402	0.2752014357	-0.1256295854	-0.1263080871	-0.1263080871	-0.1163876044	-0.1283817966	0.2706842766	-0.1343875106	0.2709461353	-0.1230858661	-0.1210841315	0.2743359551	-0.1281132034	-0.1261123574	-0.1281132034	-0.1261123574	0.2700841851	-0.1248180859	-0.1268284586	-0.1268284586	0.2685365781	0.267537281	0.2700274679	0.1529736502	0.1523326111	-0.1303232945	-0.1303232945	-0.06086226294	-0.1310617092	0.1523326111	0.1510358522	0.1510358522	0.2632600623	-0.1290703471	-0.1310617092	-0.1310617092	-0.1290703471	0.2648269001	0.2679620457	0.02245173297	0.1533955361	-0.1156075574	0.158144772	0.1533955361	0.1514517332	0.1474055218	0.1194777672	0.01761080131	0.1191624728	0.1191624728	0.1136471323	0.1150861368	0.1182205437	0.09760865053	0.1197188778	0.06399330541
chr11_2067320_C_T	-0.06719026138	-0.2918304802	-0.2837180541	0.9840080021	0.9893857947	-0.2929604187	-0.1809128344	-0.2945394717	-0.2918304802	-0.2918304802	-0.2179456439	1	-0.1809128344	0.4937273591	-0.2077920721	0.9310957114	0.994564983	0.991852647	-0.2263148279	0.9892235948	-0.4089240494	-0.4089240494	0.1434476174	0.1062868418	0.2184346898	-0.04675756963	-0.05604426244	-0.05604426244	0.1426639112	0.145564848	0.1477117734	0.1477117734	0.1477117734	0.2339866208	0.145564848	0.1498550154	0.1121416144	0.2111284676	0.2111284676	0.2957017958	-0.07570414251	0.1210245986	0.1210245986	0.1210245986	0.1235085194	0.1864819169	-0.05393274145	0.2048798667	0.125346262	0.1278311491	0.21468704	0.1278311491	0.1298114079	-0.05160625293	0.125346262	-0.05662572062	-0.04725010949	0.125346262	0.125346262	-0.03504352944	0.125346262	0.1350168799	0.1927386437	-0.02770412286	0.1865268975	0.1964331693	-0.03258911063	0.1937012147	0.2001725555	0.2001725555	0.186804671	0.1950450842	-0.02301325603	0.2004875804	-0.02542061231	0.1988597361	0.1905482201	-0.02774631357	0.2016135851	0.1933051968	0.2016135851	0.1933051968	-0.03248517784	0.1971764397	0.2055292322	0.2055292322	-0.03491786364	-0.01824395214	-0.0280133629	0.2666904079	0.2703402075	0.3259820778	0.3259820778	-0.01904570632	0.3222719267	0.2703402075	0.2686664107	0.2686664107	-0.01340638986	0.3250670683	0.3333862726	0.3333862726	0.3250670683	-0.01578753817	-0.01092001941	-0.08583580964	0.1725474767	0.2122788316	0.170589376	0.1725474767	0.16987964	0.04545832144	0.1142979906	0.116834432	0.1079140766	0.1079140766	0.1178082751	0.1104957551	0.1204183057	-0.01962576207	0.1199407034	-0.004193392261
chr11_2068243_A_AT	-0.03172697101	0.6235750449	0.6218993719	-0.1854759093	-0.1854759093	0.6185808309	1	0.6172231478	0.6235750449	0.6235750449	-0.05886525563	-0.1809128344	1	0.2929576375	-0.05600609278	-0.1654716254	-0.1809128344	-0.1825519314	-0.1648471972	-0.1671365084	0.4473605241	0.4473605241	0.126476961	-0.1796898638	-0.1481532586	0.2449842355	0.2457601757	0.2457601757	0.1216275601	0.1193248455	0.1177772537	0.1177772537	0.1177772537	-0.1381184775	0.1193248455	0.116234418	-0.1909685906	-0.110672865	-0.110672865	-0.05677514175	0.2160849012	0.1278619471	0.1278619471	0.1278619471	0.1225127032	-0.1469125588	0.2403819678	-0.1255563882	0.1192901674	0.1208267796	-0.1201029846	0.1208267796	0.1218876278	0.2381099021	0.1192901674	0.2238801306	0.2229096285	0.1192901674	0.1192901674	0.2331751732	0.1192901674	0.1169148374	-0.1250010105	0.2308524104	-0.1341341571	-0.1240099896	0.2345061987	-0.1223525924	-0.1230133956	-0.1230133956	-0.1231174697	-0.1132553115	0.2255552046	-0.106553176	0.2206396297	-0.1170552816	-0.1153714637	0.2255208409	-0.1153714637	-0.1136895025	-0.1153714637	-0.1136895025	0.2290724625	-0.1126451669	-0.1143350633	-0.1143350633	0.2277738314	0.2372743457	0.2446380938	0.1353095103	0.1276596586	-0.110049323	-0.110049323	0.05852280899	-0.110672865	0.1276596586	0.1336716712	0.1336716712	0.2264825628	-0.109000117	-0.110672865	-0.110672865	-0.109000117	0.2277955095	0.2304227903	0.08720485876	0.1347257646	-0.07164477168	0.1336396607	0.1347257646	0.1401411203	0.1102330661	0.1360979756	0.09708696267	0.1353538122	0.1353538122	0.1288877459	0.1300233038	0.1277488566	-0.1382922816	0.1328734874	-0.1422657094
chr11_2068717_A_G	-0.1314840504	0.508231258	0.5121476576	0.4808250615	0.4808250615	0.5094147669	0.2929576375	0.5043196188	0.508231258	0.508231258	0.398463386	0.4937273591	0.2929576375	1	0.41201812	0.463697163	0.4937273591	0.4882396172	0.2033860613	0.4990098313	0.5744622562	0.5744622562	0.3299524808	-0.03700819895	0.04658264954	0.2994763608	0.2793853525	0.2793853525	0.3253041551	0.3202573556	0.319222129	0.319222129	0.319222129	0.07107842854	0.3202573556	0.3181923363	-0.06965588719	0.05901442049	0.05901442049	0.2213023039	0.2832739503	0.318495475	0.318495475	0.318495475	0.3154772536	0.02421417489	0.2780209498	0.05616364205	0.3120394244	0.3171031306	0.06384888721	0.3171031306	0.3168917449	0.2764589311	0.3120394244	0.2640198559	0.2841683876	0.3120394244	0.3120394244	0.3058914835	0.3120394244	0.3299953084	0.03746335422	0.308270921	0.03216011965	0.04311574504	0.3106232778	0.04385980166	0.04882735848	0.04882735848	0.04939307918	0.05015401901	0.310456205	0.05799785857	0.3034454601	0.05755821367	0.05349919014	0.3058495759	0.05832359376	0.0542657485	0.05832359376	0.0542657485	0.3035870568	0.06019534264	0.06427590849	0.06427590849	0.2989282295	0.3136767341	0.3226456949	0.4554741851	0.4535655114	0.1695064471	0.1695064471	-0.06453489642	0.1704668744	0.4535655114	0.4541293207	0.4541293207	0.3071538555	0.1712427613	0.1753126333	0.1753126333	0.1712427613	0.3076453973	0.3170249483	0.09410952814	0.383834429	0.1101777759	0.3841578512	0.383834429	0.382559565	0.2715106893	0.313439547	0.1476361939	0.3041368599	0.3041368599	0.3053840579	0.3012642571	0.3136559792	0.04388330546	0.3128518507	0.04162032079
chr11_2068776_A_G	-0.1061460469	0.7323022205	0.7302852986	-0.2066715044	-0.213395132	0.7398365733	-0.05600609278	0.73432731	0.7323022205	0.7323022205	0.9829995083	-0.2077920721	-0.05600609278	0.41201812	1	-0.1800030094	-0.2009968993	-0.2029708142	-0.09223656896	-0.1970830412	0.6179229869	0.6179229869	0.1391192584	-0.09146219966	-0.1209653527	0.2669256424	0.2570168041	0.2570168041	0.1475355843	0.1355834885	0.1337290061	0.1337290061	0.1337290061	-0.1151083327	0.1355834885	0.1318801535	-0.130936123	-0.1290875571	-0.1290875571	-0.09421907682	0.2207273106	0.1492413975	0.1492413975	0.1492413975	0.1452961794	-0.1225027977	0.2538534962	-0.1226589208	0.1381377665	0.1399819412	-0.1191721061	0.1399819412	0.1412748314	0.2476503882	0.1381377665	0.2500374748	0.2599723882	0.1381377665	0.1381377665	0.2662878723	0.1381377665	0.1460533163	-0.1283199918	0.2635446578	-0.1264872817	-0.1270137841	0.2678988082	-0.1250236695	-0.1256988987	-0.1256988987	-0.1156294546	-0.1273780189	0.2631689958	-0.1330690665	0.2632914367	-0.1220068165	-0.1199818667	0.266591941	-0.1268991466	-0.124875099	-0.1268991466	-0.124875099	0.2623230289	-0.1235504641	-0.1255841746	-0.1255841746	0.2607504005	0.2599723882	0.2625949754	0.1470254126	0.1464092996	-0.1283602649	-0.1283602649	-0.06516095914	-0.1290875571	0.1464092996	0.1450762091	0.1450762091	0.2556777841	-0.1270727231	-0.1290875571	-0.1290875571	-0.1270727231	0.2572695233	0.2604541844	0.03472017266	0.1481704719	-0.1118713216	0.1527896442	0.1481704719	0.1462148686	0.1402171561	0.1154830656	0.01237908213	0.1164266592	0.1164266592	0.1109955887	0.1124603457	0.115447399	0.1004844926	0.1166434861	0.06803332178
chr11_2069125_TCTCCATACTCCATTTTCCACA_T	-0.07372431364	-0.2612066988	-0.2578548376	0.9161280463	0.9222667473	-0.2626180108	-0.1654716254	-0.2645619229	-0.2612066988	-0.2612066988	-0.1920451794	0.9310957114	-0.1654716254	0.463697163	-0.1800030094	1	0.9372997336	0.9344691069	-0.2228666171	0.9327960872	-0.3801119236	-0.3801119236	0.1300771221	0.08701963803	0.22630424	-0.06471598521	-0.07333448858	-0.07333448858	0.1289102318	0.1314018114	0.1341267444	0.1341267444	0.1341267444	0.2419734594	0.1314018114	0.1368465025	0.09732887278	0.216181159	0.216181159	0.2958061425	-0.09364124838	0.1085527292	0.1085527292	0.1085527292	0.1111215144	0.1937969558	-0.07423861631	0.2135137766	0.1126560903	0.1152249717	0.2191386285	0.1152249717	0.1173384974	-0.07232277319	0.1126560903	-0.0736109811	-0.06490662679	0.1126560903	0.1126560903	-0.05266401465	0.1126560903	0.1217856459	0.1968505133	-0.04399861232	0.194379517	0.2006817644	-0.05009652279	0.1973010273	0.2045594258	0.2045594258	0.1935786121	0.2027148676	-0.04322096257	0.2078458577	-0.04520604884	0.2061417598	0.2026976825	-0.0475625892	0.2090131889	0.2055715133	0.2090131889	0.2055715133	-0.05244728819	0.2096300054	0.2130891445	0.2130891445	-0.05499508017	-0.04283311808	-0.05509475755	0.2510343249	0.255424271	0.3348098975	0.3348098975	-0.008184658599	0.3303634759	0.255424271	0.2536072207	0.2536072207	-0.03126146147	0.3332778462	0.3367069379	0.3367069379	0.3332778462	-0.03420998291	-0.02911429462	-0.1030239198	0.1566380568	0.2195555372	0.1545363805	0.1566380568	0.1538934329	0.01399770296	0.09717893589	0.1175424168	0.1005418311	0.1005418311	0.1063486264	0.1032107777	0.1095017064	-0.05161742655	0.1104529782	-0.03728009289
chr11_2070333_C_T	-0.06719026138	-0.286423033	-0.2783110398	0.9786302095	0.9840080021	-0.287582257	-0.1809128344	-0.2891315339	-0.286423033	-0.286423033	-0.2110406524	0.994564983	-0.1809128344	0.4937273591	-0.2009968993	0.9372997336	1	0.9972878106	-0.2263148279	0.9946296571	-0.4039243473	-0.4039243473	0.1434476174	0.1001295351	0.213092537	-0.0419697161	-0.05129379015	-0.05129379015	0.1426639112	0.145564848	0.1477117734	0.1477117734	0.1477117734	0.2285972937	0.145564848	0.1498550154	0.1061531239	0.2055712947	0.2055712947	0.2957017958	-0.07109383707	0.1210245986	0.1210245986	0.1210245986	0.1235085194	0.1810635561	-0.04917397014	0.1994065574	0.125346262	0.1278311491	0.2092415308	0.1278311491	0.1298114079	-0.04683735827	0.125346262	-0.05182918899	-0.04241574993	0.125346262	0.125346262	-0.03020729208	0.125346262	0.1350168799	0.1873682171	-0.02288601453	0.1811059797	0.1910355945	-0.02775541088	0.1883051605	0.1947473583	0.1947473583	0.1812975609	0.1895391627	-0.01818449623	0.1949857977	-0.02060407524	0.1933260951	0.1850155376	-0.02294736297	0.1960809026	0.1877734106	0.1960809026	0.1877734106	-0.02770068642	0.1916140908	0.1999660349	0.1999660349	-0.03013043076	-0.01340959258	-0.02314818891	0.2666904079	0.2703402075	0.3204562146	0.3204562146	-0.01904570632	0.3167147537	0.2703402075	0.2686664107	0.2686664107	-0.008586974391	0.3195099893	0.3278290996	0.3278290996	0.3195099893	-0.0109710011	-0.006109101771	-0.09151612057	0.1725474767	0.2064837644	0.170589376	0.1725474767	0.16987964	0.04545832144	0.119095308	0.116834432	0.1126206095	0.1126206095	0.1225341085	0.1152112386	0.1251545962	-0.01962576207	0.1246626308	-0.004193392261
chr11_2070570_C_T	-0.06797337603	-0.2890487168	-0.2809470238	0.975903602	0.9812815396	-0.290204465	-0.1825519314	-0.2917467979	-0.2890487168	-0.2890487168	-0.2129918486	0.991852647	-0.1825519314	0.4882396172	-0.2029708142	0.9344691069	0.9972878106	1	-0.2277333823	0.9919104624	-0.4071593385	-0.4071593385	0.1424459838	0.09785983402	0.2154726362	-0.04500133662	-0.05437740782	-0.05437740782	0.1416865232	0.1446119388	0.1467507785	0.1467507785	0.1467507785	0.2310736317	0.1446119388	0.1488859448	0.1098275998	0.2083334455	0.2083334455	0.2995994066	-0.07437062254	0.1200985765	0.1200985765	0.1200985765	0.122590669	0.18355192	-0.05234789563	0.2019640414	0.1244599213	0.1269529776	0.2117647074	0.1269529776	0.1289448345	-0.04998958281	0.1244599213	-0.05496174	-0.04549600312	0.1244599213	0.1244599213	-0.03322124036	0.1244599213	0.1342024923	0.1897601893	-0.02589803044	0.1835740046	0.1934504415	-0.03075812111	0.1907299617	0.1971854017	0.1971854017	0.183837536	0.1920897377	-0.02124136726	0.1975782722	-0.02368194571	0.1959225265	0.1876222739	-0.02602358251	0.1986879372	0.1903907758	0.1986879372	0.1903907758	-0.03078675395	0.1942570291	0.2025985623	0.2025985623	-0.03322795975	-0.01648906375	-0.02620893548	0.2659946623	0.269647506	0.3232059317	0.3232059317	-0.02009936373	0.319479901	0.269647506	0.267962275	0.267962275	-0.0116759225	0.3222861916	0.3305945466	0.3305945466	0.3222861916	-0.01404861186	-0.009163899712	-0.09467440127	0.1719951435	0.2097663922	0.1700260858	0.1719951435	0.1693186934	0.04567584192	0.1186796941	0.1158474329	0.107748891	0.107748891	0.117642667	0.1103396758	0.1202429968	-0.02179755579	0.1197097082	-0.006290257976
chr11_2070813_A_C	0.030936747	-0.1864080557	-0.1877982713	-0.2213319133	-0.2213319133	-0.1786053358	-0.1648471972	-0.185019594	-0.1864080557	-0.1864080557	-0.09706568758	-0.2263148279	-0.1648471972	0.2033860613	-0.09223656896	-0.2228666171	-0.2263148279	-0.2277333823	1	-0.2279189302	0.4305478198	0.4305478198	0.06839869046	0.05872062414	0.04248788058	0.03330497083	0.02316878194	0.02316878194	0.05622166382	0.05294009499	0.05166205225	0.05166205225	0.05166205225	0.04445903964	0.05294009499	0.05038750998	0.05222477482	0.0478923686	0.0478923686	0.108255093	0.132793438	0.06896850961	0.06896850961	0.06896850961	0.07025717009	0.0529505916	0.02657416841	0.0591770358	0.06652008268	0.06780371462	0.04775279405	0.06780371462	0.06178991194	0.02308570401	0.06652008268	0.02090044124	0.03111583311	0.06652008268	0.06652008268	0.03256009596	0.06652008268	0.0762879935	0.05089178944	0.03118594497	0.05841401287	0.05255173866	0.03379916	0.05393922277	0.05423053831	0.05423053831	0.06363624193	0.05666795505	0.03358952047	0.0623444188	0.02974943215	0.06126738336	0.06269456572	0.02839369079	0.06269456572	0.06412197195	0.06269456572	0.06412197195	0.0331080913	0.06592174556	0.0644860744	0.0644860744	0.03188432083	0.02375321345	0.04378102762	0.07563122926	0.07531429509	0.06445406647	0.06445406647	-0.06913707744	0.07328271268	0.07531429509	0.07427687321	0.07427687321	0.02117491404	0.06626230389	0.06481926466	0.06481926466	0.06626230389	0.01507847931	0.01756134354	0.1749421284	0.09371038329	0.08500043189	0.09271291929	0.09371038329	0.09232718779	0.1077292153	0.09126958037	-0.03920627759	0.08550331561	0.08550331561	0.08585394579	0.08689134801	0.09202634724	0.12528504	0.08438466044	0.1419292605
chr11_2070926_A_T	-0.0683865492	-0.2739691032	-0.265922543	0.9732892575	0.9786384003	-0.2752025633	-0.1671365084	-0.2766408372	-0.2739691032	-0.2739691032	-0.2069183203	0.9892235948	-0.1671365084	0.4990098313	-0.1970830412	0.9327960872	0.9946296571	0.9919104624	-0.2279189302	1	-0.4032130761	-0.4032130761	0.1500176031	0.095075634	0.2060531968	-0.03348761141	-0.04297649572	-0.04297649572	0.149232939	0.1521997666	0.1543080064	0.1543080064	0.1543080064	0.221572122	0.1521997666	0.1564127157	0.1009783358	0.1989046894	0.1989046894	0.2896773287	-0.06347252464	0.1277560189	0.1277560189	0.1277560189	0.1302538195	0.174260332	-0.03628954756	0.1925328167	0.1321048223	0.1346037654	0.2077184227	0.1346037654	0.1365715201	-0.03388206194	0.1321048223	-0.04346891436	-0.03388921485	0.1321048223	0.1321048223	-0.02160894838	0.1321048223	0.1418855366	0.1857764895	-0.01437732045	0.1742569802	0.1894426336	-0.01915547743	0.1867482067	0.1931530933	0.1931530933	0.1798969657	0.1881164872	-0.009758547066	0.1936212806	-0.01224335302	0.1919466918	0.183702307	-0.01462322549	0.1947087219	0.1864673752	0.1947087219	0.1864673752	-0.01941370795	0.1903078608	0.1985933083	0.1985933083	-0.02184440048	-0.005037585991	-0.01459457879	0.2733951437	0.2769914491	0.3187053816	0.3187053816	-0.02103925175	0.314983606	0.2769914491	0.2753297101	0.2753297101	-0.0003043644658	0.3177858854	0.326038741	0.326038741	0.3177858854	-0.002661598482	0.002202751518	-0.08600630799	0.1799852347	0.20613857	0.1780403336	0.1799852347	0.177299598	0.05036072094	0.1271711907	0.1142423088	0.1116862403	0.1116862403	0.1215455545	0.1142810446	0.1241326441	-0.01167894216	0.1235325488	0.004023838617
chr11_2070993_T_G	-0.07258927745	0.7892225336	0.785951953	-0.4074847065	-0.4124317676	0.7916528059	0.4473605241	0.7925021041	0.7892225336	0.7892225336	0.6252375581	-0.4089240494	0.4473605241	0.5744622562	0.6179229869	-0.3801119236	-0.4039243473	-0.4071593385	0.4305478198	-0.4032130761	1	1	0.2216775337	-0.1242739367	-0.140329874	0.3580562872	0.3458271376	0.3458271376	0.2173607436	0.2092333186	0.2062111761	0.2062111761	0.2062111761	-0.1291060352	0.2092333186	0.2031980984	-0.1638553611	-0.1216146181	-0.1216146181	-0.03747958602	0.3695936412	0.2297972692	0.2297972692	0.2297972692	0.2242834668	-0.1347859409	0.3385359425	-0.1181309843	0.218792513	0.2218039326	-0.1239914491	0.2218039326	0.2196955595	0.3345819395	0.218792513	0.3302525808	0.3424573289	0.218792513	0.218792513	0.3537743426	0.218792513	0.2284434779	-0.1311920135	0.3495901217	-0.1263206534	-0.1286534026	0.3564560317	-0.1254162557	-0.1260936052	-0.1260936052	-0.1134627861	-0.1203020783	0.3477894256	-0.1172794102	0.3427684386	-0.116150614	-0.1128485452	0.347499357	-0.1179380903	-0.1146375678	-0.1179380903	-0.1146375678	0.3495786517	-0.1119713845	-0.1152885119	-0.1152885119	0.3469536978	0.3469044829	0.3651351174	0.2302480718	0.2248976817	-0.1260127013	-0.1260127013	-0.05513725798	-0.1216146181	0.2248976817	0.2270712136	0.2270712136	0.3356810293	-0.1234281285	-0.1267266921	-0.1267266921	-0.1234281285	0.3383376796	0.3436505488	0.1747589053	0.2448993704	-0.08113778454	0.2470907078	0.2448993704	0.2460626885	0.239061389	0.2190077868	0.04280849132	0.2181791799	0.2181791799	0.2103792441	0.2127156933	0.2167491055	0.05946164952	0.2166606227	0.0421831666
chr11_2070994_C_T	-0.07258927745	0.7892225336	0.785951953	-0.4074847065	-0.4124317676	0.7916528059	0.4473605241	0.7925021041	0.7892225336	0.7892225336	0.6252375581	-0.4089240494	0.4473605241	0.5744622562	0.6179229869	-0.3801119236	-0.4039243473	-0.4071593385	0.4305478198	-0.4032130761	1	1	0.2216775337	-0.1242739367	-0.140329874	0.3580562872	0.3458271376	0.3458271376	0.2173607436	0.2092333186	0.2062111761	0.2062111761	0.2062111761	-0.1291060352	0.2092333186	0.2031980984	-0.1638553611	-0.1216146181	-0.1216146181	-0.03747958602	0.3695936412	0.2297972692	0.2297972692	0.2297972692	0.2242834668	-0.1347859409	0.3385359425	-0.1181309843	0.218792513	0.2218039326	-0.1239914491	0.2218039326	0.2196955595	0.3345819395	0.218792513	0.3302525808	0.3424573289	0.218792513	0.218792513	0.3537743426	0.218792513	0.2284434779	-0.1311920135	0.3495901217	-0.1263206534	-0.1286534026	0.3564560317	-0.1254162557	-0.1260936052	-0.1260936052	-0.1134627861	-0.1203020783	0.3477894256	-0.1172794102	0.3427684386	-0.116150614	-0.1128485452	0.347499357	-0.1179380903	-0.1146375678	-0.1179380903	-0.1146375678	0.3495786517	-0.1119713845	-0.1152885119	-0.1152885119	0.3469536978	0.3469044829	0.3651351174	0.2302480718	0.2248976817	-0.1260127013	-0.1260127013	-0.05513725798	-0.1216146181	0.2248976817	0.2270712136	0.2270712136	0.3356810293	-0.1234281285	-0.1267266921	-0.1267266921	-0.1234281285	0.3383376796	0.3436505488	0.1747589053	0.2448993704	-0.08113778454	0.2470907078	0.2448993704	0.2460626885	0.239061389	0.2190077868	0.04280849132	0.2181791799	0.2181791799	0.2103792441	0.2127156933	0.2167491055	0.05946164952	0.2166606227	0.0421831666
chr11_2072504_T_C	-0.06025569702	0.1947393829	0.1983915367	0.1426005382	0.1426005382	0.197332892	0.126476961	0.2004263527	0.1947393829	0.1947393829	0.14051599	0.1434476174	0.126476961	0.3299524808	0.1391192584	0.1300771221	0.1434476174	0.1424459838	0.06839869046	0.1500176031	0.2216775337	0.2216775337	1	0.3516012687	0.4427557703	0.5937472174	0.6066882012	0.6066882012	0.9879491991	0.9819137539	0.9839210866	0.9839210866	0.9839210866	0.4396864204	0.9819137539	0.9819004535	0.3578407577	0.4153413722	0.4153413722	0.3256372043	0.6499120443	0.9662359722	0.9662359722	0.9662359722	0.9642378911	0.4186659589	0.6203666995	0.4269619517	0.9546942683	0.9527149646	0.4274797645	0.9527149646	0.9509903369	0.6160988769	0.9546942683	0.6107957815	0.5977257773	0.9546942683	0.9546942683	0.5916950496	0.9546942683	0.9395271659	0.4358262007	0.5885856853	0.4262178817	0.4297081331	0.588105737	0.4305853387	0.4329108486	0.4329108486	0.421787801	0.4179619324	0.6029888624	0.4169691979	0.6029476478	0.4088052496	0.4097579765	0.6040013984	0.4097579765	0.4107149738	0.4097579765	0.4107149738	0.6004112952	0.40921103	0.4082442545	0.4082442545	0.6040278846	0.5977257773	0.5883349246	0.7817526092	0.7784766593	0.2174049735	0.2174049735	-0.205437334	0.2186367949	0.7784766593	0.7797098051	0.7797098051	0.5940948969	0.219661153	0.2186367949	0.2186367949	0.219661153	0.5946311285	0.5874105917	0.3383747094	0.8065547929	0.3305589128	0.8077566305	0.8065547929	0.8043959642	0.6462115089	0.6857416758	0.1333491152	0.6710232871	0.6710232871	0.6696950527	0.6691007425	0.6662117297	0.2620064685	0.6752564076	0.2445605756
chr11_2072834_C_T	0.0171121467	-0.184073904	-0.1740686355	0.108359062	0.1022665846	-0.1853255723	-0.1796898638	-0.1818295903	-0.184073904	-0.184073904	-0.08139264661	0.1062868418	-0.1796898638	-0.03700819895	-0.09146219966	0.08701963803	0.1001295351	0.09785983402	0.05872062414	0.095075634	-0.1242739367	-0.1242739367	0.3516012687	1	0.7544952761	-0.3076906873	-0.305032112	-0.305032112	0.358776068	0.3659165748	0.3635273981	0.3635273981	0.3635273981	0.7647194909	0.3659165748	0.366438801	0.9229117715	0.7508367673	0.7508367673	0.4656500634	-0.1364196443	0.3505359441	0.3505359441	0.3505359441	0.3528946104	0.7258701633	-0.2749507362	0.7299833537	0.3571822924	0.3543080107	0.7278913597	0.3543080107	0.3552789129	-0.2695541242	0.3571822924	-0.268528655	-0.270907212	0.3571822924	0.3571822924	-0.2678163848	0.3571822924	0.3576703089	0.7158995889	-0.2633684538	0.71553849	0.7156603521	-0.2711310035	0.7116016148	0.7154448405	0.7092986586	0.6963890729	0.6860654878	-0.2446737556	0.6698190023	-0.2337258009	0.6713840554	0.6735809278	-0.23487881	0.6735809278	0.6757846087	0.6735809278	0.6757846087	-0.2381718421	0.6755422797	0.6733193808	0.6733193808	-0.234896196	-0.2325694405	-0.2314272133	0.161031092	0.160356288	0.4648963077	0.4648963077	-0.04279820993	0.4675304207	0.160356288	0.1587938438	0.1587938438	-0.2468002272	0.4698458871	0.4675304207	0.4675304207	0.4698458871	-0.2391824344	-0.2457810999	-0.04075626073	0.1467530822	0.5066932171	0.1505420364	0.1467530822	0.1445341177	0.08316204737	0.06935916058	-0.04711161706	0.1138765054	0.1138765054	0.1089896121	0.1107224264	0.1126162942	-0.03504112729	0.1218273691	-0.02632433127
chr11_2073182_A_G	0.01433474734	-0.1942947481	-0.1866025093	0.2202460854	0.2149601793	-0.1961793102	-0.1481532586	-0.1913593041	-0.1942947481	-0.1942947481	-0.1214120815	0.2184346898	-0.1481532586	0.04658264954	-0.1209653527	0.22630424	0.213092537	0.2154726362	0.04248788058	0.2060531968	-0.140329874	-0.140329874	0.4427557703	0.7544952761	1	-0.4198839588	-0.4233502592	-0.4233502592	0.4544890228	0.4591634066	0.4606615923	0.4606615923	0.4606615923	0.981755801	0.4591634066	0.4621605574	0.7691261379	0.9225085134	0.9225085134	0.7513299982	-0.2713884408	0.4233752916	0.4233752916	0.4233752916	0.4264148571	0.9444385108	-0.3632828461	0.9175531924	0.4276188087	0.4215673098	0.9122980333	0.4215673098	0.4229468653	-0.3609307181	0.4276188087	-0.3572601439	-0.3532140313	0.4276188087	0.4276188087	-0.3776474278	0.4276188087	0.4350790193	0.9261126092	-0.3741269918	0.9283072903	0.9231309467	-0.3795608778	0.9205136068	0.9254851267	0.9201526259	0.9087849047	0.8953598062	-0.3475312791	0.8850729327	-0.3403392749	0.8871762822	0.8900437956	-0.3417171349	0.8846056462	0.8874830489	0.8846056462	0.8874830489	-0.3459128144	0.8899564062	0.8870542825	0.8870542825	-0.344034086	-0.3389587565	-0.3448386641	0.2535813552	0.2525187175	0.6891902446	0.6891902446	-0.03453342131	0.693095212	0.2525187175	0.2505952172	0.2505952172	-0.3479114393	0.6961180076	0.693095212	0.693095212	0.6961180076	-0.3403392749	-0.344145507	0.03039772422	0.2582496529	0.7423853142	0.2610008645	0.2582496529	0.2552458408	0.04089189702	0.1676568539	-0.07396356358	0.1757923977	0.1757923977	0.171868197	0.1740667476	0.1743175493	-0.002670615845	0.176883086	0.009504253819
chr11_2073378_C_T	-0.07823137257	0.3742424157	0.3711976637	-0.048784383	-0.04404694003	0.3786924379	0.2449842355	0.3772916857	0.3742424157	0.3742424157	0.2683912069	-0.04675756963	0.2449842355	0.2994763608	0.2669256424	-0.06471598521	-0.0419697161	-0.04500133662	0.03330497083	-0.03348761141	0.3580562872	0.3580562872	0.5937472174	-0.3076906873	-0.4198839588	1	0.9835571431	0.9835571431	0.5955526474	0.584867272	0.5856856138	0.5856856138	0.5856856138	-0.407304867	0.584867272	0.5823928717	-0.3134794696	-0.3855954945	-0.3855954945	-0.326278503	0.8910940617	0.6007869163	0.6007869163	0.6007869163	0.5959116471	-0.3999527567	0.9362424501	-0.3676937812	0.5848042164	0.5880955854	-0.3766958003	0.5880955854	0.5850113239	0.9294069203	0.5848042164	0.9328145142	0.948959003	0.5848042164	0.5848042164	0.9639430494	0.5848042164	0.5944329194	-0.3795276491	0.9576431918	-0.3775339939	-0.3831915504	0.961874255	-0.3800749123	-0.382127625	-0.377348422	-0.3694735891	-0.3711742196	0.9489907671	-0.3634713397	0.9427749824	-0.3686614391	-0.3655127152	0.9451119532	-0.3703866048	-0.367242241	-0.3703866048	-0.367242241	0.9453585319	-0.3710698445	-0.3742283158	-0.3742283158	0.9474877762	0.9319241305	0.9272856575	0.5995539977	0.5970415547	-0.383423011	-0.383423011	-0.166614197	-0.3855954945	0.5970415547	0.6002112967	0.6002112967	0.9406512268	-0.3873858896	-0.3904909584	-0.3904909584	-0.3873858896	0.9342889468	0.9300876379	0.3541677222	0.6104934746	-0.3145367911	0.6094114279	0.6104934746	0.61106064	0.6119069667	0.5373502735	0.213695253	0.5249274172	0.5249274172	0.5229169139	0.5244009119	0.517260854	0.240751181	0.5248534163	0.2102796549
chr11_2073444_A_G	-0.08308361198	0.3671943121	0.3640986466	-0.05825207124	-0.05355161593	0.3715573218	0.2457601757	0.3702944291	0.3671943121	0.3671943121	0.258727661	-0.05604426244	0.2457601757	0.2793853525	0.2570168041	-0.07333448858	-0.05129379015	-0.05437740782	0.02316878194	-0.04297649572	0.3458271376	0.3458271376	0.6066882012	-0.305032112	-0.4233502592	0.9835571431	1	1	0.6085084234	0.5981635697	0.5988894555	0.5988894555	0.5988894555	-0.4104055443	0.5981635697	0.5955367245	-0.3115304725	-0.3875963926	-0.3875963926	-0.3286605622	0.9136235168	0.6139168276	0.6139168276	0.6139168276	0.609165264	-0.4031446715	0.9525026579	-0.3708978529	0.5982603144	0.6016121015	-0.3799498331	0.6016121015	0.5985669495	0.9459691251	0.5982603144	0.9497543332	0.9326966296	0.5982603144	0.5982603144	0.9480299278	0.5982603144	0.5759743397	-0.3833447282	0.9417438508	-0.3810543408	-0.3869394137	0.9460487481	-0.3837703464	-0.3858430174	-0.3811011281	-0.3729304942	-0.3745400903	0.9328723873	-0.3665873197	0.9265267062	-0.3718481457	-0.3686461956	0.9288113023	-0.3734820323	-0.3702845013	-0.3734820323	-0.3702845013	0.9289500786	-0.3740376995	-0.3772495881	-0.3772495881	0.9309907288	0.9157947572	0.9114060611	0.5774045448	0.5749849195	-0.3902425123	-0.3902425123	-0.1726771525	-0.3924536352	0.5749849195	0.5780162762	0.5780162762	0.924347357	-0.3941527871	-0.3973108778	-0.3973108778	-0.3941527871	0.9181069255	0.9140822788	0.3194067157	0.5893567056	-0.3195582018	0.5881746226	0.5893567056	0.5898795185	0.621069677	0.5469987606	0.2051034993	0.5361086492	0.5361086492	0.5341765013	0.5356807342	0.5285328394	0.2717798244	0.5356266263	0.2428754643
chr11_2073476_A_C	-0.08308361198	0.3671943121	0.3640986466	-0.05825207124	-0.05355161593	0.3715573218	0.2457601757	0.3702944291	0.3671943121	0.3671943121	0.258727661	-0.05604426244	0.2457601757	0.2793853525	0.2570168041	-0.07333448858	-0.05129379015	-0.05437740782	0.02316878194	-0.04297649572	0.3458271376	0.3458271376	0.6066882012	-0.305032112	-0.4233502592	0.9835571431	1	1	0.6085084234	0.5981635697	0.5988894555	0.5988894555	0.5988894555	-0.4104055443	0.5981635697	0.5955367245	-0.3115304725	-0.3875963926	-0.3875963926	-0.3286605622	0.9136235168	0.6139168276	0.6139168276	0.6139168276	0.609165264	-0.4031446715	0.9525026579	-0.3708978529	0.5982603144	0.6016121015	-0.3799498331	0.6016121015	0.5985669495	0.9459691251	0.5982603144	0.9497543332	0.9326966296	0.5982603144	0.5982603144	0.9480299278	0.5982603144	0.5759743397	-0.3833447282	0.9417438508	-0.3810543408	-0.3869394137	0.9460487481	-0.3837703464	-0.3858430174	-0.3811011281	-0.3729304942	-0.3745400903	0.9328723873	-0.3665873197	0.9265267062	-0.3718481457	-0.3686461956	0.9288113023	-0.3734820323	-0.3702845013	-0.3734820323	-0.3702845013	0.9289500786	-0.3740376995	-0.3772495881	-0.3772495881	0.9309907288	0.9157947572	0.9114060611	0.5774045448	0.5749849195	-0.3902425123	-0.3902425123	-0.1726771525	-0.3924536352	0.5749849195	0.5780162762	0.5780162762	0.924347357	-0.3941527871	-0.3973108778	-0.3973108778	-0.3941527871	0.9181069255	0.9140822788	0.3194067157	0.5893567056	-0.3195582018	0.5881746226	0.5893567056	0.5898795185	0.621069677	0.5469987606	0.2051034993	0.5361086492	0.5361086492	0.5341765013	0.5356807342	0.5285328394	0.2717798244	0.5356266263	0.2428754643
chr11_2073913_A_G	-0.07108836029	0.1981195292	0.2017688455	0.1418945624	0.1418945624	0.200692179	0.1216275601	0.2037559479	0.1981195292	0.1981195292	0.1489791246	0.1426639112	0.1216275601	0.3253041551	0.1475355843	0.1289102318	0.1426639112	0.1416865232	0.05622166382	0.149232939	0.2173607436	0.2173607436	0.9879491991	0.358776068	0.4544890228	0.5955526474	0.6085084234	0.6085084234	1	0.9940138187	0.9960045782	0.9960045782	0.9960045782	0.4514347117	0.9940138187	0.9939905959	0.3649115781	0.4225433087	0.4225433087	0.3328721369	0.6557731044	0.9782247667	0.9782247667	0.9782247667	0.9762431729	0.4259602939	0.6263486757	0.4342325113	0.9666319124	0.9646693141	0.4347351232	0.9646693141	0.9628917228	0.6220768145	0.9666319124	0.6167937787	0.6037416797	0.9666319124	0.9666319124	0.5976338058	0.9666319124	0.951461303	0.4430646858	0.5945236913	0.4335105119	0.4370124336	0.5940436719	0.4378634891	0.440228307	0.440228307	0.4292042271	0.4253793717	0.6089308259	0.4243099806	0.6089152937	0.4162679132	0.4171946452	0.6099449766	0.4124454447	0.4133773085	0.4124454447	0.4133773085	0.6063796888	0.4118907146	0.4109491862	0.4109491862	0.6099976748	0.6037416797	0.5943984115	0.7908150362	0.78750111	0.2209420874	0.2209420874	-0.2024539599	0.2221939503	0.78750111	0.788780146	0.788780146	0.600135238	0.223193437	0.2221939503	0.2221939503	0.223193437	0.6006463573	0.5934233704	0.3369804739	0.8069803892	0.3379650706	0.8082046243	0.8069803892	0.8048420942	0.6421429008	0.6866551983	0.1342859833	0.6715126559	0.6715126559	0.6702097717	0.6695932806	0.6667721291	0.2642348874	0.6758483055	0.2467608936
chr11_2074576_C_A	-0.06932058917	0.1916108454	0.1953013625	0.1402452833	0.1402452833	0.1896263281	0.1193248455	0.1972388035	0.1916108454	0.1916108454	0.1426370479	0.145564848	0.1193248455	0.3202573556	0.1355834885	0.1314018114	0.145564848	0.1446119388	0.05294009499	0.1521997666	0.2092333186	0.2092333186	0.9819137539	0.3659165748	0.4591634066	0.584867272	0.5981635697	0.5981635697	0.9940138187	1	0.9979905603	0.9979905603	0.9979905603	0.4559319535	1	0.9959952127	0.3721891239	0.4312744826	0.4312744826	0.3398284157	0.6466968377	0.9760949275	0.9760949275	0.9760949275	0.9780751361	0.4350506309	0.6203639798	0.4433167476	0.9763300225	0.9743443888	0.4438386352	0.9743443888	0.9725198892	0.624202304	0.9763300225	0.6188017918	0.6055038935	0.9763300225	0.9763300225	0.5992007002	0.9763300225	0.9609287487	0.4523411415	0.5961063425	0.4426867077	0.4462787972	0.5955733776	0.4471030171	0.4495177359	0.4495177359	0.4384020251	0.4345337606	0.6106622933	0.4333419962	0.6107218623	0.4253434922	0.4262438137	0.6076471212	0.4214778263	0.4223833925	0.4214778263	0.4223833925	0.6041317157	0.420904708	0.4199895297	0.4199895297	0.6077843381	0.6013394585	0.5918344652	0.7954268492	0.7920935971	0.2289198865	0.2289198865	-0.2101760844	0.2302169517	0.7920935971	0.7934065858	0.7934065858	0.5977837151	0.2311913549	0.2302169517	0.2302169517	0.2311913549	0.5982746155	0.5909820055	0.3316473839	0.811272176	0.3456671159	0.812528917	0.811272176	0.8091483957	0.6438537255	0.6901646383	0.1373193887	0.6743206351	0.6743206351	0.673014927	0.6723711228	0.669590384	0.2602475047	0.6788425134	0.2423421736
chr11_2075149_A_G	-0.0699105782	0.1891311166	0.1928082058	0.1469644397	0.1469644397	0.1871519706	0.1177772537	0.1947614266	0.1891311166	0.1891311166	0.1407939784	0.1477117734	0.1177772537	0.319222129	0.1337290061	0.1341267444	0.1477117734	0.1467507785	0.05166205225	0.1543080064	0.2062111761	0.2062111761	0.9839210866	0.3635273981	0.4606615923	0.5856856138	0.5988894555	0.5988894555	0.9960045782	0.9979905603	1	1	1	0.4575164145	0.9979905603	0.997995292	0.3697541017	0.4283532283	0.4283532283	0.3375010367	0.6470788151	0.9741375464	0.9741375464	0.9741375464	0.9761223791	0.4320093395	0.6209929238	0.4402774171	0.9704289766	0.9684478354	0.4407928595	0.9684478354	0.9666462111	0.620750853	0.9704289766	0.6153737894	0.6021364426	0.9704289766	0.9704289766	0.5958974904	0.9704289766	0.9550994373	0.4492375031	0.5928082959	0.439616658	0.4431785875	0.5922840826	0.4440117659	0.4464097894	0.4464097894	0.4353247979	0.4314710733	0.607308279	0.4303202069	0.607349766	0.4223072226	0.4232163598	0.6042801469	0.4184560258	0.4193703699	0.4184560258	0.4193703699	0.6007605487	0.4178890566	0.4169650829	0.4169650829	0.6043990334	0.5979769475	0.5884995652	0.7897594034	0.7864499008	0.2262522415	0.2262522415	-0.2011163653	0.2275341918	0.7864499008	0.7877403759	0.7877403759	0.5944171563	0.2285169666	0.2275341918	0.2275341918	0.2285169666	0.5949172841	0.5876528395	0.3334261411	0.805736963	0.3430905106	0.8069722526	0.805736963	0.8036148498	0.6391981596	0.6848579931	0.1363045967	0.6693266179	0.6693266179	0.6680052593	0.6673794919	0.6645673743	0.258070688	0.6737729866	0.2402507047
chr11_2075252_T_C	-0.0699105782	0.1891311166	0.1928082058	0.1469644397	0.1469644397	0.1871519706	0.1177772537	0.1947614266	0.1891311166	0.1891311166	0.1407939784	0.1477117734	0.1177772537	0.319222129	0.1337290061	0.1341267444	0.1477117734	0.1467507785	0.05166205225	0.1543080064	0.2062111761	0.2062111761	0.9839210866	0.3635273981	0.4606615923	0.5856856138	0.5988894555	0.5988894555	0.9960045782	0.9979905603	1	1	1	0.4575164145	0.9979905603	0.997995292	0.3697541017	0.4283532283	0.4283532283	0.3375010367	0.6470788151	0.9741375464	0.9741375464	0.9741375464	0.9761223791	0.4320093395	0.6209929238	0.4402774171	0.9704289766	0.9684478354	0.4407928595	0.9684478354	0.9666462111	0.620750853	0.9704289766	0.6153737894	0.6021364426	0.9704289766	0.9704289766	0.5958974904	0.9704289766	0.9550994373	0.4492375031	0.5928082959	0.439616658	0.4431785875	0.5922840826	0.4440117659	0.4464097894	0.4464097894	0.4353247979	0.4314710733	0.607308279	0.4303202069	0.607349766	0.4223072226	0.4232163598	0.6042801469	0.4184560258	0.4193703699	0.4184560258	0.4193703699	0.6007605487	0.4178890566	0.4169650829	0.4169650829	0.6043990334	0.5979769475	0.5884995652	0.7897594034	0.7864499008	0.2262522415	0.2262522415	-0.2011163653	0.2275341918	0.7864499008	0.7877403759	0.7877403759	0.5944171563	0.2285169666	0.2275341918	0.2275341918	0.2285169666	0.5949172841	0.5876528395	0.3334261411	0.805736963	0.3430905106	0.8069722526	0.805736963	0.8036148498	0.6391981596	0.6848579931	0.1363045967	0.6693266179	0.6693266179	0.6680052593	0.6673794919	0.6645673743	0.258070688	0.6737729866	0.2402507047
chr11_2075577_G_A	-0.0699105782	0.1891311166	0.1928082058	0.1469644397	0.1469644397	0.1871519706	0.1177772537	0.1947614266	0.1891311166	0.1891311166	0.1407939784	0.1477117734	0.1177772537	0.319222129	0.1337290061	0.1341267444	0.1477117734	0.1467507785	0.05166205225	0.1543080064	0.2062111761	0.2062111761	0.9839210866	0.3635273981	0.4606615923	0.5856856138	0.5988894555	0.5988894555	0.9960045782	0.9979905603	1	1	1	0.4575164145	0.9979905603	0.997995292	0.3697541017	0.4283532283	0.4283532283	0.3375010367	0.6470788151	0.9741375464	0.9741375464	0.9741375464	0.9761223791	0.4320093395	0.6209929238	0.4402774171	0.9704289766	0.9684478354	0.4407928595	0.9684478354	0.9666462111	0.620750853	0.9704289766	0.6153737894	0.6021364426	0.9704289766	0.9704289766	0.5958974904	0.9704289766	0.9550994373	0.4492375031	0.5928082959	0.439616658	0.4431785875	0.5922840826	0.4440117659	0.4464097894	0.4464097894	0.4353247979	0.4314710733	0.607308279	0.4303202069	0.607349766	0.4223072226	0.4232163598	0.6042801469	0.4184560258	0.4193703699	0.4184560258	0.4193703699	0.6007605487	0.4178890566	0.4169650829	0.4169650829	0.6043990334	0.5979769475	0.5884995652	0.7897594034	0.7864499008	0.2262522415	0.2262522415	-0.2011163653	0.2275341918	0.7864499008	0.7877403759	0.7877403759	0.5944171563	0.2285169666	0.2275341918	0.2275341918	0.2285169666	0.5949172841	0.5876528395	0.3334261411	0.805736963	0.3430905106	0.8069722526	0.805736963	0.8036148498	0.6391981596	0.6848579931	0.1363045967	0.6693266179	0.6693266179	0.6680052593	0.6673794919	0.6645673743	0.258070688	0.6737729866	0.2402507047
chr11_2075720_C_G	-0.00903833236	-0.1832012916	-0.1753676849	0.2359668321	0.2306342484	-0.1850977983	-0.1381184775	-0.1803132422	-0.1832012916	-0.1832012916	-0.1158274719	0.2339866208	-0.1381184775	0.07107842854	-0.1151083327	0.2419734594	0.2285972937	0.2310736317	0.04445903964	0.221572122	-0.1291060352	-0.1291060352	0.4396864204	0.7647194909	0.981755801	-0.407304867	-0.4104055443	-0.4104055443	0.4514347117	0.4559319535	0.4575164145	0.4575164145	0.4575164145	1	0.4559319535	0.4591014219	0.7801241722	0.9390735707	0.9390735707	0.767413942	-0.2601973056	0.4197697358	0.4197697358	0.4197697358	0.422763454	0.9247950805	-0.3822200732	0.9350781303	0.423818789	0.4222303623	0.9298786992	0.4222303623	0.4235668111	-0.3800776689	0.423818789	-0.3767314057	-0.3733108789	0.423818789	0.423818789	-0.3648638005	0.423818789	0.4308188527	0.9070726441	-0.3613063428	0.9140328674	0.9092049243	-0.3668691753	0.9064963764	0.9113921919	0.906012602	0.8992140651	0.8855983844	-0.3389622846	0.8749308676	-0.331537227	0.8770250153	0.8798447693	-0.3329042748	0.8743585977	0.8771881506	0.8743585977	0.8771881506	-0.3370408643	0.8795065664	0.8766526399	0.8766526399	-0.3350722802	-0.3301674066	-0.3362921372	0.2512053104	0.2501526295	0.6762504807	0.6762504807	-0.02752853516	0.6800821311	0.2501526295	0.2482654777	0.2482654777	-0.3391028284	0.6830554106	0.6800821311	0.6800821311	0.6830554106	-0.331537227	-0.3355233594	0.02440775554	0.2549604687	0.7261950519	0.257787277	0.2549604687	0.2520043922	0.03505199275	0.1672874248	-0.06774411495	0.1738445249	0.1738445249	0.1698713176	0.1720320375	0.172399751	0.0002525811552	0.1753886129	0.01181401008
chr11_2075736_C_T	-0.06932058917	0.1916108454	0.1953013625	0.1402452833	0.1402452833	0.1896263281	0.1193248455	0.1972388035	0.1916108454	0.1916108454	0.1426370479	0.145564848	0.1193248455	0.3202573556	0.1355834885	0.1314018114	0.145564848	0.1446119388	0.05294009499	0.1521997666	0.2092333186	0.2092333186	0.9819137539	0.3659165748	0.4591634066	0.584867272	0.5981635697	0.5981635697	0.9940138187	1	0.9979905603	0.9979905603	0.9979905603	0.4559319535	1	0.9959952127	0.3721891239	0.4312744826	0.4312744826	0.3398284157	0.6466968377	0.9760949275	0.9760949275	0.9760949275	0.9780751361	0.4350506309	0.6203639798	0.4433167476	0.9763300225	0.9743443888	0.4438386352	0.9743443888	0.9725198892	0.624202304	0.9763300225	0.6188017918	0.6055038935	0.9763300225	0.9763300225	0.5992007002	0.9763300225	0.9609287487	0.4523411415	0.5961063425	0.4426867077	0.4462787972	0.5955733776	0.4471030171	0.4495177359	0.4495177359	0.4384020251	0.4345337606	0.6106622933	0.4333419962	0.6107218623	0.4253434922	0.4262438137	0.6076471212	0.4214778263	0.4223833925	0.4214778263	0.4223833925	0.6041317157	0.420904708	0.4199895297	0.4199895297	0.6077843381	0.6013394585	0.5918344652	0.7954268492	0.7920935971	0.2289198865	0.2289198865	-0.2101760844	0.2302169517	0.7920935971	0.7934065858	0.7934065858	0.5977837151	0.2311913549	0.2302169517	0.2302169517	0.2311913549	0.5982746155	0.5909820055	0.3316473839	0.811272176	0.3456671159	0.812528917	0.811272176	0.8091483957	0.6438537255	0.6901646383	0.1373193887	0.6743206351	0.6743206351	0.673014927	0.6723711228	0.669590384	0.2602475047	0.6788425134	0.2423421736
chr11_2076798_T_C	-0.07049982964	0.1866590123	0.1903227397	0.1490474866	0.1490474866	0.1846852065	0.116234418	0.1922917213	0.1866590123	0.1866590123	0.138956578	0.1498550154	0.116234418	0.3181923363	0.1318801535	0.1368465025	0.1498550154	0.1488859448	0.05038750998	0.1564127157	0.2031980984	0.2031980984	0.9819004535	0.366438801	0.4621605574	0.5823928717	0.5955367245	0.5955367245	0.9939905959	0.9959952127	0.997995292	0.997995292	0.997995292	0.4591014219	0.9959952127	1	0.3776212024	0.4349944524	0.4349944524	0.3457115999	0.6435038971	0.9761789928	0.9761789928	0.9761789928	0.9781732051	0.4382922562	0.6175365548	0.4466568121	0.9724964526	0.970529431	0.4471180471	0.970529431	0.9687290802	0.6173133635	0.9724964526	0.6119596428	0.5987825806	0.9724964526	0.9724964526	0.5926076594	0.9724964526	0.9572547499	0.455375993	0.589523587	0.4458753507	0.4493671031	0.5890080998	0.450206613	0.4526380937	0.4526380937	0.4417244356	0.4378831375	0.6039678703	0.4367659479	0.6039913184	0.4287932001	0.4297094932	0.6009267805	0.4249547546	0.425876324	0.4249547546	0.425876324	0.5974029664	0.4244449048	0.423513606	0.423513606	0.601027381	0.5946279747	0.5851780495	0.7923412878	0.7890209658	0.2330907686	0.2330907686	-0.2017850038	0.2344114661	0.7890209658	0.7903112808	0.7903112808	0.591064112	0.2354024406	0.2344114661	0.2344114661	0.2354024406	0.59157345	0.5843370364	0.3352038236	0.8084000662	0.3504836601	0.8096350995	0.8084000662	0.8062666179	0.6427058282	0.6878158331	0.1352934768	0.6724401638	0.6724401638	0.6711363526	0.6705107845	0.6677030984	0.2559014267	0.6768377025	0.2381664229
chr11_2076994_T_C	-0.007173698017	-0.2228618002	-0.2132337256	0.1136414485	0.1077160098	-0.2239475717	-0.1909685906	-0.2205765927	-0.2228618002	-0.2228618002	-0.1212776843	0.1121416144	-0.1909685906	-0.06965588719	-0.130936123	0.09732887278	0.1061531239	0.1098275998	0.05222477482	0.1009783358	-0.1638553611	-0.1638553611	0.3578407577	0.9229117715	0.7691261379	-0.3134794696	-0.3115304725	-0.3115304725	0.3649115781	0.3721891239	0.3697541017	0.3697541017	0.3697541017	0.7801241722	0.3721891239	0.3776212024	1	0.7820784694	0.7820784694	0.4982037042	-0.149914416	0.3623661086	0.3623661086	0.3623661086	0.3647769975	0.7544762013	-0.2883858724	0.765429986	0.3691277139	0.3664497222	0.7568993135	0.3664497222	0.3674256708	-0.2829003446	0.3691277139	-0.2869306513	-0.2886862333	0.3691277139	0.3691277139	-0.2850238471	0.3691277139	0.3703764078	0.7495275232	-0.2807006366	0.7502103206	0.7496702618	-0.2881396004	0.7458138651	0.7498418647	0.743864194	0.7327742011	0.7228300185	-0.2629528101	0.7074201946	-0.2525260739	0.7091575335	0.7113933008	-0.2536498505	0.7113933008	0.7136362871	0.7113933008	0.7136362871	-0.2569649128	0.7138215387	0.7115587892	0.7115587892	-0.2538888399	-0.2513995765	-0.2500664324	0.1760203854	0.1752827685	0.4915085215	0.4915085215	-0.03962503437	0.4942934198	0.1752827685	0.1737216657	0.1737216657	-0.254731527	0.4966540722	0.4942934198	0.4942934198	0.4966540722	-0.2472190461	-0.2534304519	-0.03338007395	0.163418126	0.5444528617	0.1670628058	0.163418126	0.1611337008	0.08824901239	0.08444776106	-0.05563850829	0.1039016369	0.1039016369	0.09912062714	0.1009137819	0.1025394608	-0.03540351869	0.1109617478	-0.02584720233
chr11_2077046_CCA_C	0.005858174563	-0.1767519453	-0.1684669237	0.2088182487	0.2033195863	-0.1785660404	-0.110672865	-0.1739813	-0.1767519453	-0.1767519453	-0.1310617092	0.2111284676	-0.110672865	0.05901442049	-0.1290875571	0.216181159	0.2055712947	0.2083334455	0.0478923686	0.1989046894	-0.1216146181	-0.1216146181	0.4153413722	0.7508367673	0.9225085134	-0.3855954945	-0.3875963926	-0.3875963926	0.4225433087	0.4312744826	0.4283532283	0.4283532283	0.4283532283	0.9390735707	0.4312744826	0.4349944524	0.7820784694	1	1	0.7721255638	-0.2659626623	0.4319305741	0.4319305741	0.4319305741	0.4348374886	0.9441325895	-0.38601443	0.959392351	0.4401224567	0.4383099287	0.94890731	0.4383099287	0.4395021501	-0.3794634332	0.4401224567	-0.3815846746	-0.3794941123	0.4401224567	0.4401224567	-0.3720867563	0.4401224567	0.4459185014	0.9328821109	-0.368248308	0.9389913935	0.9348604086	-0.3743430776	0.9318602603	0.9368930613	0.9313459288	0.923018466	0.9087674141	-0.3444543226	0.8969227031	-0.3362538675	0.8992649277	0.9019601183	-0.3374989909	0.8963030847	0.8990083913	0.8963030847	0.8990083913	-0.3414129625	0.9011542258	0.8984249777	0.8984249777	-0.3391947681	-0.335006975	-0.3420378861	0.253104331	0.2520436922	0.6779624825	0.6779624825	-0.08875458087	0.6818038331	0.2520436922	0.2502659807	0.2502659807	-0.3340105024	0.6846558402	0.6818038331	0.6818038331	0.6846558402	-0.3313290753	-0.3358225221	0.005162648891	0.2591269175	0.7207017708	0.2622158798	0.2591269175	0.2562678698	0.04163395312	0.1659183255	-0.05061880076	0.177711942	0.177711942	0.1736086495	0.175658303	0.1763949557	-0.02631760686	0.1805731302	-0.01699923853
chr11_2077056_T_G	0.005858174563	-0.1767519453	-0.1684669237	0.2088182487	0.2033195863	-0.1785660404	-0.110672865	-0.1739813	-0.1767519453	-0.1767519453	-0.1310617092	0.2111284676	-0.110672865	0.05901442049	-0.1290875571	0.216181159	0.2055712947	0.2083334455	0.0478923686	0.1989046894	-0.1216146181	-0.1216146181	0.4153413722	0.7508367673	0.9225085134	-0.3855954945	-0.3875963926	-0.3875963926	0.4225433087	0.4312744826	0.4283532283	0.4283532283	0.4283532283	0.9390735707	0.4312744826	0.4349944524	0.7820784694	1	1	0.7721255638	-0.2659626623	0.4319305741	0.4319305741	0.4319305741	0.4348374886	0.9441325895	-0.38601443	0.959392351	0.4401224567	0.4383099287	0.94890731	0.4383099287	0.4395021501	-0.3794634332	0.4401224567	-0.3815846746	-0.3794941123	0.4401224567	0.4401224567	-0.3720867563	0.4401224567	0.4459185014	0.9328821109	-0.368248308	0.9389913935	0.9348604086	-0.3743430776	0.9318602603	0.9368930613	0.9313459288	0.923018466	0.9087674141	-0.3444543226	0.8969227031	-0.3362538675	0.8992649277	0.9019601183	-0.3374989909	0.8963030847	0.8990083913	0.8963030847	0.8990083913	-0.3414129625	0.9011542258	0.8984249777	0.8984249777	-0.3391947681	-0.335006975	-0.3420378861	0.253104331	0.2520436922	0.6779624825	0.6779624825	-0.08875458087	0.6818038331	0.2520436922	0.2502659807	0.2502659807	-0.3340105024	0.6846558402	0.6818038331	0.6818038331	0.6846558402	-0.3313290753	-0.3358225221	0.005162648891	0.2591269175	0.7207017708	0.2622158798	0.2591269175	0.2562678698	0.04163395312	0.1659183255	-0.05061880076	0.177711942	0.177711942	0.1736086495	0.175658303	0.1763949557	-0.02631760686	0.1805731302	-0.01699923853
chr11_2077271_C_T	-0.06340413138	-0.1162875931	-0.1063143381	0.2837366608	0.2837366608	-0.1178708935	-0.05677514175	-0.114072807	-0.1162875931	-0.1162875931	-0.09994206093	0.2957017958	-0.05677514175	0.2213023039	-0.09421907682	0.2958061425	0.2957017958	0.2995994066	0.108255093	0.2896773287	-0.03747958602	-0.03747958602	0.3256372043	0.4656500634	0.7513299982	-0.326278503	-0.3286605622	-0.3286605622	0.3328721369	0.3398284157	0.3375010367	0.3375010367	0.3375010367	0.767413942	0.3398284157	0.3457115999	0.4982037042	0.7721255638	0.7721255638	1	-0.1803086197	0.3508493425	0.3508493425	0.3508493425	0.3531777524	0.7776554301	-0.3254034468	0.7883815422	0.3573727266	0.3597115997	0.7860334337	0.3597115997	0.3606374238	-0.3202085514	0.3573727266	-0.3195756029	-0.3170794096	0.3573727266	0.3573727266	-0.3087230708	0.3573727266	0.3629178968	0.7674129121	-0.3095484238	0.7796711814	0.7674295471	-0.3120202865	0.7755158894	0.7735893568	0.7735893568	0.7802445318	0.7637239871	-0.2964100692	0.7722057141	-0.3016057267	0.7681629732	0.7703065793	-0.3024792269	0.7640704813	0.7662230073	0.7640704813	0.7662230073	-0.3055054484	0.7664756699	0.7643033431	0.7643033431	-0.3022671761	-0.3007324351	-0.3001250634	0.3560568578	0.3545647944	0.7677753315	0.7677753315	-0.06566420448	0.7721255638	0.3545647944	0.3535621477	0.3535621477	-0.3092012812	0.7743992165	0.7721255638	0.7721255638	0.7743992165	-0.3070346298	-0.3081396473	0.1970545876	0.3778611597	0.8233231112	0.3768747446	0.3778611597	0.3753067596	0.09293610601	0.2483897162	-0.004464018821	0.2516044554	0.2516044554	0.2526362296	0.2540233391	0.2565847449	0.06649955818	0.2547928721	0.07662543671
chr11_2077486_A_G	-0.1011767889	0.3196281655	0.3209312231	-0.08330650439	-0.07874474013	0.3237807671	0.2160849012	0.322915635	0.3196281655	0.3196281655	0.2233648255	-0.07570414251	0.2160849012	0.2832739503	0.2207273106	-0.09364124838	-0.07109383707	-0.07437062254	0.132793438	-0.06347252464	0.3695936412	0.3695936412	0.6499120443	-0.1364196443	-0.2713884408	0.8910940617	0.9136235168	0.9136235168	0.6557731044	0.6466968377	0.6470788151	0.6470788151	0.6470788151	-0.2601973056	0.6466968377	0.6435038971	-0.149914416	-0.2659626623	-0.2659626623	-0.1803086197	1	0.6618364738	0.6618364738	0.6618364738	0.6575460079	-0.298368465	0.9136337682	-0.269631709	0.6474023658	0.6509779157	-0.2794436045	0.6509779157	0.6519972223	0.9080165606	0.6474023658	0.9126329235	0.8898230364	0.6474023658	0.6474023658	0.9023618681	0.6474023658	0.6199866743	-0.2773803066	0.8919892108	-0.2728534208	-0.2846873698	0.8966003944	-0.2767786069	-0.2828754115	-0.2782734358	-0.2672371188	-0.2685323893	0.8823231869	-0.2597374361	0.8754691158	-0.2645756658	-0.2611962077	0.8775225257	-0.2658893588	-0.2625131988	-0.2658893588	-0.2625131988	0.8772299089	-0.2700486927	-0.2734418931	-0.2734418931	0.883006605	0.8693190766	0.8659512259	0.6231035038	0.6204923762	-0.2738389354	-0.2738389354	-0.1665367924	-0.275390513	0.6204923762	0.6233548074	0.6233548074	0.8649122126	-0.2767513748	-0.2801044384	-0.2801044384	-0.2767513748	0.8632120942	0.8557597478	0.3522769945	0.634003004	-0.1797164363	0.6327672324	0.634003004	0.6341640928	0.652656094	0.5890252441	0.183094006	0.5717632432	0.5717632432	0.5700991842	0.5716918713	0.5644892928	0.3777946633	0.5697392482	0.3545786313
chr11_2078638_T_C	-0.06732474125	0.2034733679	0.2071458149	0.1160724461	0.1160724461	0.2060404562	0.1278619471	0.2090304576	0.2034733679	0.2034733679	0.1504844258	0.1210245986	0.1278619471	0.318495475	0.1492413975	0.1085527292	0.1210245986	0.1200985765	0.06896850961	0.1277560189	0.2297972692	0.2297972692	0.9662359722	0.3505359441	0.4233752916	0.6007869163	0.6139168276	0.6139168276	0.9782247667	0.9760949275	0.9741375464	0.9741375464	0.9741375464	0.4197697358	0.9760949275	0.9761789928	0.3623661086	0.4319305741	0.4319305741	0.3508493425	0.6618364738	1	1	1	0.99802412	0.4451455773	0.6320273903	0.4534031002	0.9921792419	0.9902275252	0.4538841159	0.9902275252	0.9883366415	0.6317492408	0.9921792419	0.6264137159	0.613218686	0.9921792419	0.9921792419	0.606866377	0.9921792419	0.976851758	0.4622719743	0.603767705	0.4527520889	0.4563213711	0.6032503374	0.4571154113	0.4595842052	0.4595842052	0.4486797578	0.4448267087	0.6182794346	0.4435609685	0.6183532984	0.4357408247	0.436611302	0.6193694305	0.4318908761	0.4327667169	0.4318908761	0.4327667169	0.6158672073	0.4313630118	0.4304776263	0.4304776263	0.6195118858	0.613218686	0.6038510309	0.8094451758	0.8060531797	0.2314835042	0.2314835042	-0.2545451159	0.2327950949	0.8060531797	0.807428369	0.807428369	0.6096750768	0.2337412878	0.2327950949	0.2327950949	0.2337412878	0.6101344618	0.6028584812	0.3338617988	0.8247637742	0.3565480414	0.8260795584	0.8247637742	0.8226426598	0.6494608056	0.6965605796	0.1376961788	0.688238971	0.688238971	0.6870292559	0.6863308586	0.6836987328	0.2614645139	0.6928961398	0.2436032104
chr11_2078742_G_A	-0.06732474125	0.2034733679	0.2071458149	0.1160724461	0.1160724461	0.2060404562	0.1278619471	0.2090304576	0.2034733679	0.2034733679	0.1504844258	0.1210245986	0.1278619471	0.318495475	0.1492413975	0.1085527292	0.1210245986	0.1200985765	0.06896850961	0.1277560189	0.2297972692	0.2297972692	0.9662359722	0.3505359441	0.4233752916	0.6007869163	0.6139168276	0.6139168276	0.9782247667	0.9760949275	0.9741375464	0.9741375464	0.9741375464	0.4197697358	0.9760949275	0.9761789928	0.3623661086	0.4319305741	0.4319305741	0.3508493425	0.6618364738	1	1	1	0.99802412	0.4451455773	0.6320273903	0.4534031002	0.9921792419	0.9902275252	0.4538841159	0.9902275252	0.9883366415	0.6317492408	0.9921792419	0.6264137159	0.613218686	0.9921792419	0.9921792419	0.606866377	0.9921792419	0.976851758	0.4622719743	0.603767705	0.4527520889	0.4563213711	0.6032503374	0.4571154113	0.4595842052	0.4595842052	0.4486797578	0.4448267087	0.6182794346	0.4435609685	0.6183532984	0.4357408247	0.436611302	0.6193694305	0.4318908761	0.4327667169	0.4318908761	0.4327667169	0.6158672073	0.4313630118	0.4304776263	0.4304776263	0.6195118858	0.613218686	0.6038510309	0.8094451758	0.8060531797	0.2314835042	0.2314835042	-0.2545451159	0.2327950949	0.8060531797	0.807428369	0.807428369	0.6096750768	0.2337412878	0.2327950949	0.2327950949	0.2337412878	0.6101344618	0.6028584812	0.3338617988	0.8247637742	0.3565480414	0.8260795584	0.8247637742	0.8226426598	0.6494608056	0.6965605796	0.1376961788	0.688238971	0.688238971	0.6870292559	0.6863308586	0.6836987328	0.2614645139	0.6928961398	0.2436032104
chr11_2078858_A_AT	-0.06732474125	0.2034733679	0.2071458149	0.1160724461	0.1160724461	0.2060404562	0.1278619471	0.2090304576	0.2034733679	0.2034733679	0.1504844258	0.1210245986	0.1278619471	0.318495475	0.1492413975	0.1085527292	0.1210245986	0.1200985765	0.06896850961	0.1277560189	0.2297972692	0.2297972692	0.9662359722	0.3505359441	0.4233752916	0.6007869163	0.6139168276	0.6139168276	0.9782247667	0.9760949275	0.9741375464	0.9741375464	0.9741375464	0.4197697358	0.9760949275	0.9761789928	0.3623661086	0.4319305741	0.4319305741	0.3508493425	0.6618364738	1	1	1	0.99802412	0.4451455773	0.6320273903	0.4534031002	0.9921792419	0.9902275252	0.4538841159	0.9902275252	0.9883366415	0.6317492408	0.9921792419	0.6264137159	0.613218686	0.9921792419	0.9921792419	0.606866377	0.9921792419	0.976851758	0.4622719743	0.603767705	0.4527520889	0.4563213711	0.6032503374	0.4571154113	0.4595842052	0.4595842052	0.4486797578	0.4448267087	0.6182794346	0.4435609685	0.6183532984	0.4357408247	0.436611302	0.6193694305	0.4318908761	0.4327667169	0.4318908761	0.4327667169	0.6158672073	0.4313630118	0.4304776263	0.4304776263	0.6195118858	0.613218686	0.6038510309	0.8094451758	0.8060531797	0.2314835042	0.2314835042	-0.2545451159	0.2327950949	0.8060531797	0.807428369	0.807428369	0.6096750768	0.2337412878	0.2327950949	0.2327950949	0.2337412878	0.6101344618	0.6028584812	0.3338617988	0.8247637742	0.3565480414	0.8260795584	0.8247637742	0.8226426598	0.6494608056	0.6965605796	0.1376961788	0.688238971	0.688238971	0.6870292559	0.6863308586	0.6836987328	0.2614645139	0.6928961398	0.2436032104
chr11_2080254_A_G	-0.0667375747	0.1967138535	0.2004004004	0.1185622906	0.1185622906	0.1993310361	0.1225127032	0.2022677627	0.1967138535	0.1967138535	0.1464272436	0.1235085194	0.1225127032	0.3154772536	0.1452961794	0.1111215144	0.1235085194	0.122590669	0.07025717009	0.1302538195	0.2242834668	0.2242834668	0.9642378911	0.3528946104	0.4264148571	0.5959116471	0.609165264	0.609165264	0.9762431729	0.9780751361	0.9761223791	0.9761223791	0.9761223791	0.422763454	0.9780751361	0.9781732051	0.3647769975	0.4348374886	0.4348374886	0.3531777524	0.6575460079	0.99802412	0.99802412	0.99802412	1	0.4481829613	0.6314253836	0.4564386406	0.9941212858	0.992160323	0.4569260137	0.992160323	0.9902573252	0.6311197725	0.9941212858	0.6257373635	0.6124498454	0.9941212858	0.9941212858	0.606032009	0.9941212858	0.9787143026	0.465371298	0.6029436492	0.4558180937	0.4594173408	0.6024042861	0.4602024624	0.4626879288	0.4626879288	0.4517530825	0.4478855633	0.617501992	0.4465791153	0.6176042661	0.4387734502	0.4396351521	0.6145358754	0.4349091024	0.4357762055	0.4349091024	0.4357762055	0.6110624846	0.4343751793	0.4334985488	0.4334985488	0.6147162143	0.6083203071	0.5988726295	0.8069205132	0.8035390966	0.2341381319	0.2341381319	-0.2539487978	0.2354647638	0.8035390966	0.8049145757	0.8049145757	0.6048062129	0.2364026251	0.2354647638	0.2354647638	0.2364026251	0.6052613237	0.5979669006	0.332103041	0.8221579658	0.359123796	0.8234741291	0.8221579658	0.8200480703	0.6460012503	0.6936503027	0.1387059952	0.6851821594	0.6851821594	0.6839551054	0.6832564091	0.6806200281	0.2584086231	0.6898882171	0.2403746258
chr11_2080612_C_T	0.01999145294	-0.1949699925	-0.1870933212	0.183624926	0.1782636143	-0.1968183247	-0.1469125588	-0.1920673629	-0.1949699925	-0.1949699925	-0.1233352932	0.1864819169	-0.1469125588	0.02421417489	-0.1225027977	0.1937969558	0.1810635561	0.18355192	0.0529505916	0.174260332	-0.1347859409	-0.1347859409	0.4186659589	0.7258701633	0.9444385108	-0.3999527567	-0.4031446715	-0.4031446715	0.4259602939	0.4350506309	0.4320093395	0.4320093395	0.4320093395	0.9247950805	0.4350506309	0.4382922562	0.7544762013	0.9441325895	0.9441325895	0.7776554301	-0.298368465	0.4451455773	0.4451455773	0.4451455773	0.4481829613	1	-0.3890233736	0.9728548387	0.453753509	0.4475759455	0.9674611078	0.4475759455	0.4488571518	-0.3821252402	0.453753509	-0.3787609499	-0.3753219959	0.453753509	0.453753509	-0.4005793239	0.453753509	0.4608484101	0.9815608539	-0.396876187	0.9838086427	0.9786754331	-0.4025777933	0.9759341019	0.9812049373	0.9757963662	0.9644509129	0.9507488467	-0.3696721262	0.9399784738	-0.3621339564	0.9424332716	0.9452577045	-0.3634031733	0.9397419775	0.9425769451	0.9397419775	0.9425769451	-0.3674755585	0.9452430099	0.9423830119	0.9423830119	-0.3655139638	-0.3608633636	-0.3672054096	0.2668768985	0.2657585455	0.7239650363	0.7239650363	-0.1064854619	0.7280670385	0.2657585455	0.2639000105	0.2639000105	-0.3601482413	0.7310555862	0.7280670385	0.7280670385	0.7310555862	-0.3573321802	-0.3613117758	0.01887634314	0.2705638012	0.770548395	0.273442611	0.2705638012	0.2675692165	0.04469088041	0.1729712585	-0.06810906905	0.1888573955	0.1888573955	0.1849205074	0.1870619133	0.1874938373	-0.03021908272	0.1904558437	-0.01910753202
chr11_2081637_C_CT	-0.06384671838	0.3614102238	0.3582251243	-0.05650400335	-0.0517953364	0.3657315658	0.2403819678	0.3645997282	0.3614102238	0.3614102238	0.2559408086	-0.05393274145	0.2403819678	0.2780209498	0.2538534962	-0.07423861631	-0.04917397014	-0.05234789563	0.02657416841	-0.03628954756	0.3385359425	0.3385359425	0.6203666995	-0.2749507362	-0.3632828461	0.9362424501	0.9525026579	0.9525026579	0.6263486757	0.6203639798	0.6209929238	0.6209929238	0.6209929238	-0.3822200732	0.6203639798	0.6175365548	-0.2883858724	-0.38601443	-0.38601443	-0.3254034468	0.9136337682	0.6320273903	0.6320273903	0.6320273903	0.6314253836	-0.3890233736	1	-0.3993582563	0.6206274904	0.6200309223	-0.3941511951	0.6200309223	0.617005614	0.9937762438	0.6206274904	0.9855363364	0.9693226361	0.6206274904	0.6206274904	0.9555841681	0.6206274904	0.5989260513	-0.3652055562	0.9491896676	-0.3812962493	-0.3733530354	0.9536720088	-0.370098081	-0.3720969107	-0.3673467374	-0.3728931565	-0.3647779194	0.94424148	-0.3564749977	0.9376341366	-0.3666143941	-0.3681656492	0.9356111979	-0.3681656492	-0.3697205081	-0.3681656492	-0.3697205081	0.9355850039	-0.3733866041	-0.3718198843	-0.3718198843	0.9375574475	0.9269941367	0.9229632349	0.5896411965	0.5871702933	-0.3838395863	-0.3838395863	-0.1713896955	-0.38601443	0.5871702933	0.5901626164	0.5901626164	0.922722002	-0.3876297842	-0.38601443	-0.38601443	-0.3876297842	0.9207651566	0.9168826891	0.3249382595	0.6026607048	-0.2942933145	0.6014336938	0.6026607048	0.6030906789	0.6280089136	0.5572552825	0.1768532054	0.5398415675	0.5398415675	0.5420553383	0.5394919507	0.5363431327	0.2926139765	0.5347166411	0.2648760151
chr11_2081917_A_G	-0.006032030654	-0.180956329	-0.172957844	0.2019920314	0.1965763498	-0.1828670237	-0.1255563882	-0.1780660348	-0.180956329	-0.180956329	-0.1237030549	0.2048798667	-0.1255563882	0.05616364205	-0.1226589208	0.2135137766	0.1994065574	0.2019640414	0.0591770358	0.1925328167	-0.1181309843	-0.1181309843	0.4269619517	0.7299833537	0.9175531924	-0.3676937812	-0.3708978529	-0.3708978529	0.4342325113	0.4433167476	0.4402774171	0.4402774171	0.4402774171	0.9350781303	0.4433167476	0.4466568121	0.765429986	0.959392351	0.959392351	0.7883815422	-0.269631709	0.4534031002	0.4534031002	0.4534031002	0.4564386406	0.9728548387	-0.3993582563	1	0.4619389564	0.4603270871	0.9890669757	0.4603270871	0.461562168	-0.3925181057	0.4619389564	-0.3941411382	-0.3910674186	0.4619389564	0.4619389564	-0.3827639194	0.4619389564	0.4688170256	0.9710838066	-0.3790667305	0.9784047815	0.9734583053	-0.384832768	0.9706503121	0.9758926108	0.9704291905	0.9640200522	0.9501372294	-0.3562469262	0.9390894495	-0.3485602948	0.9415530226	0.9443636871	-0.3498669981	0.9387920242	0.941613227	0.9387920242	0.941613227	-0.3539560908	0.944203736	0.9413575771	0.9413575771	-0.3519257373	-0.3472516397	-0.3537034516	0.2772359804	0.2760742174	0.7202656247	0.7202656247	-0.1033232077	0.7243466659	0.2760742174	0.2742557697	0.2742557697	-0.3465056171	0.7273212942	0.7243466659	0.7243466659	0.7273212942	-0.343709823	-0.3478267991	0.02033895602	0.2803425791	0.7651624126	0.2833068882	0.2803425791	0.2773444275	0.03949990202	0.1764124453	-0.04088102538	0.1867100359	0.1867100359	0.1827165634	0.1848509313	0.1853448179	-0.03409234918	0.1980859748	-0.02337519652
chr11_2082423_C_T	-0.06445835397	0.1933531748	0.197051518	0.1159311173	0.1159311173	0.1914256311	0.1192901674	0.1988557032	0.1933531748	0.1933531748	0.1448915543	0.125346262	0.1192901674	0.3120394244	0.1381377665	0.1126560903	0.125346262	0.1244599213	0.06652008268	0.1321048223	0.218792513	0.218792513	0.9546942683	0.3571822924	0.4276188087	0.5848042164	0.5982603144	0.5982603144	0.9666319124	0.9763300225	0.9704289766	0.9704289766	0.9704289766	0.423818789	0.9763300225	0.9724964526	0.3691277139	0.4401224567	0.4401224567	0.3573727266	0.6474023658	0.9921792419	0.9921792419	0.9921792419	0.9941212858	0.453753509	0.6206274904	0.4619389564	1	0.9980363145	0.4624415216	0.9980363145	0.9960906954	0.6324020778	1	0.6269686591	0.6135730478	1	1	0.6070127428	1	0.9844922818	0.4709923464	0.6039485951	0.461414384	0.4650750325	0.6033742002	0.4658273265	0.4683431717	0.4683431717	0.4574031314	0.4535226547	0.6185503376	0.4521047027	0.6187159853	0.4444035297	0.4452322318	0.615671313	0.4405264114	0.4413605851	0.4405264114	0.4413605851	0.608180442	0.4399785537	0.439134979	0.439134979	0.6118426062	0.6053493235	0.59584122	0.8093321172	0.8099954799	0.2402419105	0.2402419105	-0.2693850983	0.2416031266	0.8099954799	0.807350276	0.807350276	0.6019002053	0.2425087183	0.2416031266	0.2416031266	0.2425087183	0.6023291724	0.5950176572	0.3242396603	0.824106779	0.3640118957	0.8254555892	0.824106779	0.8220212866	0.6507466612	0.6999105798	0.1406387225	0.6906844933	0.6906844933	0.6894972824	0.688759154	0.686219201	0.2576429877	0.6915491076	0.2394086683
chr11_2082702_C_CA	-0.07629079692	0.1958175131	0.1995293084	0.1184163493	0.1184163493	0.1938846403	0.1208267796	0.2013177936	0.1958175131	0.1958175131	0.14672436	0.1278311491	0.1208267796	0.3171031306	0.1399819412	0.1152249717	0.1278311491	0.1269529776	0.06780371462	0.1346037654	0.2218039326	0.2218039326	0.9527149646	0.3543080107	0.4215673098	0.5880955854	0.6016121015	0.6016121015	0.9646693141	0.9743443888	0.9684478354	0.9684478354	0.9684478354	0.4222303623	0.9743443888	0.970529431	0.3664497222	0.4383099287	0.4383099287	0.3597115997	0.6509779157	0.9902275252	0.9902275252	0.9902275252	0.992160323	0.4475759455	0.6200309223	0.4603270871	0.9980363145	1	0.4608597036	1	0.9980421853	0.6317927727	0.9980363145	0.6263123477	0.6128239241	0.9980363145	0.9980363145	0.6103163233	0.9980363145	0.9824405661	0.4649587817	0.6072469742	0.4598776369	0.4635882463	0.6066638451	0.4643329152	0.4668406894	0.4668406894	0.4604900061	0.456594964	0.6177926766	0.4551362092	0.617986761	0.4474493992	0.4482693261	0.6149519052	0.4435577866	0.444383223	0.4435577866	0.444383223	0.6074725206	0.4430038499	0.4421690297	0.4421690297	0.611146335	0.6045902054	0.5950281368	0.8109143079	0.8115759684	0.2429054213	0.2429054213	-0.2688156723	0.2442817289	0.8115759684	0.8089372482	0.8089372482	0.6011578025	0.2451789913	0.2442817289	0.2442817289	0.2451789913	0.6015800329	0.5942451024	0.3224838235	0.82558264	0.3665986543	0.826942375	0.82558264	0.8235018866	0.6553894621	0.7052031654	0.1416528152	0.6956750443	0.6956750443	0.6945034134	0.6937472919	0.6912385739	0.2598050694	0.696610136	0.2414851379
chr11_2082990_C_T	-0.007566973448	-0.1744473322	-0.1665114185	0.2116141312	0.2062259569	-0.1763999787	-0.1201029846	-0.1715497096	-0.1744473322	-0.1744473322	-0.1200548395	0.21468704	-0.1201029846	0.06384888721	-0.1191721061	0.2191386285	0.2092415308	0.2117647074	0.04775279405	0.2077184227	-0.1239914491	-0.1239914491	0.4274797645	0.7278913597	0.9122980333	-0.3766958003	-0.3799498331	-0.3799498331	0.4347351232	0.4438386352	0.4407928595	0.4407928595	0.4407928595	0.9298786992	0.4438386352	0.4471180471	0.7568993135	0.94890731	0.94890731	0.7860334337	-0.2794436045	0.4538841159	0.4538841159	0.4538841159	0.4569260137	0.9674611078	-0.3941511951	0.9890669757	0.4624415216	0.4608597036	1	0.4608597036	0.4620990937	-0.387282143	0.4624415216	-0.398413442	-0.3952510483	0.4624415216	0.4624415216	-0.3868575215	0.4624415216	0.4694378822	0.976315195	-0.3831756349	0.9675081589	0.9787504724	-0.3888934756	0.975975312	0.98124637	0.9758106995	0.9586856807	0.9559284583	-0.360561872	0.9450163099	-0.3529562307	0.9419629849	0.9392371082	-0.3542528622	0.9392371082	0.9365226657	0.9392371082	0.9365226657	-0.3583406623	0.9391204311	0.9418405028	0.9418405028	-0.3563434566	-0.3468141265	-0.3531642478	0.2744192946	0.2732693351	0.7165633072	0.7165633072	-0.1049087051	0.720623371	0.2732693351	0.2714373021	0.2714373021	-0.3509348358	0.7236049858	0.726191272	0.726191272	0.7236049858	-0.3481303955	-0.3521810107	0.01391200958	0.2778025709	0.7620363388	0.2807299738	0.2778025709	0.274802532	0.03498398563	0.179483745	-0.0426574497	0.1759936299	0.1759936299	0.1767153408	0.1741441401	0.1793001892	-0.03214484057	0.191879463	-0.02122986925
chr11_2083709_C_T	-0.07629079692	0.1958175131	0.1995293084	0.1184163493	0.1184163493	0.1938846403	0.1208267796	0.2013177936	0.1958175131	0.1958175131	0.14672436	0.1278311491	0.1208267796	0.3171031306	0.1399819412	0.1152249717	0.1278311491	0.1269529776	0.06780371462	0.1346037654	0.2218039326	0.2218039326	0.9527149646	0.3543080107	0.4215673098	0.5880955854	0.6016121015	0.6016121015	0.9646693141	0.9743443888	0.9684478354	0.9684478354	0.9684478354	0.4222303623	0.9743443888	0.970529431	0.3664497222	0.4383099287	0.4383099287	0.3597115997	0.6509779157	0.9902275252	0.9902275252	0.9902275252	0.992160323	0.4475759455	0.6200309223	0.4603270871	0.9980363145	1	0.4608597036	1	0.9980421853	0.6317927727	0.9980363145	0.6263123477	0.6128239241	0.9980363145	0.9980363145	0.6103163233	0.9980363145	0.9824405661	0.4649587817	0.6072469742	0.4598776369	0.4635882463	0.6066638451	0.4643329152	0.4668406894	0.4668406894	0.4604900061	0.456594964	0.6177926766	0.4551362092	0.617986761	0.4474493992	0.4482693261	0.6149519052	0.4435577866	0.444383223	0.4435577866	0.444383223	0.6074725206	0.4430038499	0.4421690297	0.4421690297	0.611146335	0.6045902054	0.5950281368	0.8109143079	0.8115759684	0.2429054213	0.2429054213	-0.2688156723	0.2442817289	0.8115759684	0.8089372482	0.8089372482	0.6011578025	0.2451789913	0.2442817289	0.2442817289	0.2451789913	0.6015800329	0.5942451024	0.3224838235	0.82558264	0.3665986543	0.826942375	0.82558264	0.8235018866	0.6553894621	0.7052031654	0.1416528152	0.6956750443	0.6956750443	0.6945034134	0.6937472919	0.6912385739	0.2598050694	0.696610136	0.2414851379
chr11_2084014_C_T	-0.07542078733	0.1975108446	0.2012215272	0.115866602	0.115866602	0.1955802249	0.1218876278	0.2029873274	0.1975108446	0.1975108446	0.1479794775	0.1298114079	0.1218876278	0.3168917449	0.1412748314	0.1173384974	0.1298114079	0.1289448345	0.06178991194	0.1365715201	0.2196955595	0.2196955595	0.9509903369	0.3552789129	0.4229468653	0.5850113239	0.5985669495	0.5985669495	0.9628917228	0.9725198892	0.9666462111	0.9666462111	0.9666462111	0.4235668111	0.9725198892	0.9687290802	0.3674256708	0.4395021501	0.4395021501	0.3606374238	0.6519972223	0.9883366415	0.9883366415	0.9883366415	0.9902573252	0.4488571518	0.617005614	0.461562168	0.9960906954	0.9980421853	0.4620990937	0.9980421853	1	0.6287086568	0.9960906954	0.6232027712	0.6096745294	0.9960906954	0.9960906954	0.6071160904	0.9960906954	0.9804762722	0.4662342369	0.6040689717	0.4611449939	0.4648711247	0.6034661651	0.4656039704	0.4681186094	0.4681186094	0.4617678072	0.4578734844	0.6146152869	0.4563797041	0.614837005	0.4487373569	0.4495453088	0.6118238431	0.4448465212	0.4456599988	0.4448465212	0.4456599988	0.6043852362	0.4442886851	0.4434658777	0.4434658777	0.6080562873	0.6014630955	0.5918846119	0.8093165131	0.8099738811	0.2446131107	0.2446131107	-0.2671937254	0.2459990941	0.8099738811	0.8073519749	0.8073519749	0.5980608329	0.2468845237	0.2459990941	0.2459990941	0.2468845237	0.5984746822	0.5911451138	0.3194669368	0.8238211956	0.3677450061	0.8251865109	0.8238211956	0.8217533278	0.6534319389	0.7036501985	0.1421103166	0.6939349321	0.6939349321	0.6927670577	0.6920047228	0.6895193527	0.2609458565	0.6949236575	0.2426122289
chr11_2084913_T_C	-0.06192595816	0.3595807633	0.3564173362	-0.05881502202	-0.0540963383	0.3592344515	0.2381099021	0.3627485721	0.3595807633	0.3595807633	0.2555476156	-0.05160625293	0.2381099021	0.2764589311	0.2476503882	-0.07232277319	-0.04683735827	-0.04998958281	0.02308570401	-0.03388206194	0.3345819395	0.3345819395	0.6160988769	-0.2695541242	-0.3609307181	0.9294069203	0.9459691251	0.9459691251	0.6220768145	0.624202304	0.620750853	0.620750853	0.620750853	-0.3800776689	0.624202304	0.6173133635	-0.2829003446	-0.3794634332	-0.3794634332	-0.3202085514	0.9080165606	0.6317492408	0.6317492408	0.6317492408	0.6311197725	-0.3821252402	0.9937762438	-0.3925181057	0.6324020778	0.6317927727	-0.387282143	0.6317927727	0.6287086568	1	0.6324020778	0.9916661743	0.9752477981	0.6324020778	0.6324020778	0.9613047922	0.6324020778	0.6104825207	-0.3581287588	0.9549080289	-0.3743214067	-0.3662820595	0.9593613845	-0.3630505793	-0.3650113468	-0.3602510684	-0.3658629298	-0.3577608742	0.9500583722	-0.3495610878	0.9435028017	-0.3596487258	-0.3612335189	0.9414864787	-0.3612335189	-0.362821827	-0.3612335189	-0.362821827	0.9373004027	-0.3664823133	-0.3648820306	-0.3648820306	0.9393018774	0.9285873986	0.9244438675	0.5969465214	0.5986280812	-0.3773254985	-0.3773254985	-0.1887999636	-0.3794634332	0.5986280812	0.5974850508	0.5974850508	0.9243576887	-0.3811113723	-0.3794634332	-0.3794634332	-0.3811113723	0.9223717199	0.9184311507	0.3189840021	0.6095835889	-0.2882909443	0.6083934585	0.6095835889	0.6100303355	0.6370928718	0.5679618882	0.1798357412	0.5496918312	0.5496918312	0.5519459958	0.5493333911	0.5462657095	0.2935876752	0.5406138964	0.2655044184
chr11_2086132_G_A	-0.06445835397	0.1933531748	0.197051518	0.1159311173	0.1159311173	0.1914256311	0.1192901674	0.1988557032	0.1933531748	0.1933531748	0.1448915543	0.125346262	0.1192901674	0.3120394244	0.1381377665	0.1126560903	0.125346262	0.1244599213	0.06652008268	0.1321048223	0.218792513	0.218792513	0.9546942683	0.3571822924	0.4276188087	0.5848042164	0.5982603144	0.5982603144	0.9666319124	0.9763300225	0.9704289766	0.9704289766	0.9704289766	0.423818789	0.9763300225	0.9724964526	0.3691277139	0.4401224567	0.4401224567	0.3573727266	0.6474023658	0.9921792419	0.9921792419	0.9921792419	0.9941212858	0.453753509	0.6206274904	0.4619389564	1	0.9980363145	0.4624415216	0.9980363145	0.9960906954	0.6324020778	1	0.6269686591	0.6135730478	1	1	0.6070127428	1	0.9844922818	0.4709923464	0.6039485951	0.461414384	0.4650750325	0.6033742002	0.4658273265	0.4683431717	0.4683431717	0.4574031314	0.4535226547	0.6185503376	0.4521047027	0.6187159853	0.4444035297	0.4452322318	0.615671313	0.4405264114	0.4413605851	0.4405264114	0.4413605851	0.608180442	0.4399785537	0.439134979	0.439134979	0.6118426062	0.6053493235	0.59584122	0.8093321172	0.8099954799	0.2402419105	0.2402419105	-0.2693850983	0.2416031266	0.8099954799	0.807350276	0.807350276	0.6019002053	0.2425087183	0.2416031266	0.2416031266	0.2425087183	0.6023291724	0.5950176572	0.3242396603	0.824106779	0.3640118957	0.8254555892	0.824106779	0.8220212866	0.6507466612	0.6999105798	0.1406387225	0.6906844933	0.6906844933	0.6894972824	0.688759154	0.686219201	0.2576429877	0.6915491076	0.2394086683
chr11_2087220_T_C	-0.05952683491	0.3518172281	0.348674128	-0.06367589844	-0.05892986875	0.3515599101	0.2238801306	0.3549646236	0.3518172281	0.3518172281	0.2578023979	-0.05662572062	0.2238801306	0.2640198559	0.2500374748	-0.0736109811	-0.05182918899	-0.05496174	0.02090044124	-0.04346891436	0.3302525808	0.3302525808	0.6107957815	-0.268528655	-0.3572601439	0.9328145142	0.9497543332	0.9497543332	0.6167937787	0.6188017918	0.6153737894	0.6153737894	0.6153737894	-0.3767314057	0.6188017918	0.6119596428	-0.2869306513	-0.3815846746	-0.3815846746	-0.3195756029	0.9126329235	0.6264137159	0.6264137159	0.6264137159	0.6257373635	-0.3787609499	0.9855363364	-0.3941411382	0.6269686591	0.6263123477	-0.398413442	0.6263123477	0.6232027712	0.9916661743	0.6269686591	1	0.9832359916	0.6269686591	0.6269686591	0.9689759735	0.6269686591	0.604643713	-0.3733695653	0.9625680134	-0.3756174093	-0.3816744745	0.9669863453	-0.3784583235	-0.3805023053	-0.3757144399	-0.3720719016	-0.3736787874	0.9578302374	-0.3655752154	0.9513321472	-0.370879986	-0.3676284069	0.9493291292	-0.3725111307	-0.3692639684	-0.3725111307	-0.3692639684	0.945178626	-0.373008603	-0.376270406	-0.376270406	0.9472267357	0.932038746	0.927722594	0.594437296	0.5961536128	-0.3843114941	-0.3843114941	-0.1861765099	-0.3864890117	0.5961536128	0.5950212733	0.5950212733	0.9321112505	-0.388185342	-0.3913933488	-0.3913933488	-0.388185342	0.9300786053	0.9260450515	0.3219465983	0.6066846138	-0.2964154042	0.6055043764	0.6066846138	0.6071774286	0.6442042347	0.5684980777	0.1843731613	0.5617780659	0.5617780659	0.5599111332	0.5614014472	0.554241649	0.2975584871	0.5487409337	0.2689587765
chr11_2087412_A_T	-0.05443679214	0.3587909044	0.3556990206	-0.05415559327	-0.04937213393	0.3585847491	0.2229096285	0.3618871494	0.3587909044	0.3587909044	0.267537281	-0.04725010949	0.2229096285	0.2841683876	0.2599723882	-0.06490662679	-0.04241574993	-0.04549600312	0.03111583311	-0.03388921485	0.3424573289	0.3424573289	0.5977257773	-0.270907212	-0.3532140313	0.948959003	0.9326966296	0.9326966296	0.6037416797	0.6055038935	0.6021364426	0.6021364426	0.6021364426	-0.3733108789	0.6055038935	0.5987825806	-0.2886862333	-0.3794941123	-0.3794941123	-0.3170794096	0.8898230364	0.613218686	0.613218686	0.613218686	0.6124498454	-0.3753219959	0.9693226361	-0.3910674186	0.6135730478	0.6128239241	-0.3952510483	0.6128239241	0.6096745294	0.9752477981	0.6135730478	0.9832359916	1	0.6135730478	0.6135730478	0.9851530469	0.6135730478	0.6234737819	-0.3694141734	0.9787305812	-0.3719975575	-0.3778259064	0.983075003	-0.3746625092	-0.3766859905	-0.3718603655	-0.3685526932	-0.3702513816	0.9742470943	-0.3623994064	0.9678793336	-0.3676328003	-0.3644347615	0.9658952503	-0.369355993	-0.366162311	-0.369355993	-0.366162311	0.961819761	-0.3699817853	-0.3731898566	-0.3731898566	0.9639572639	0.9483989864	0.9438314618	0.6169022322	0.6185575903	-0.3773560047	-0.3773560047	-0.1801509607	-0.3794941123	0.6185575903	0.6175319648	0.6175319648	0.9485803004	-0.3812824498	-0.3844371276	-0.3844371276	-0.3812824498	0.9464581754	0.94224641	0.3570464781	0.6281286536	-0.2911438909	0.6270495083	0.6281286536	0.6286659844	0.6350984136	0.5588932253	0.1928728053	0.5506591092	0.5506591092	0.5487136882	0.5501833725	0.543031814	0.2664157567	0.5379349746	0.2362377618
chr11_2087727_T_G	-0.06445835397	0.1933531748	0.197051518	0.1159311173	0.1159311173	0.1914256311	0.1192901674	0.1988557032	0.1933531748	0.1933531748	0.1448915543	0.125346262	0.1192901674	0.3120394244	0.1381377665	0.1126560903	0.125346262	0.1244599213	0.06652008268	0.1321048223	0.218792513	0.218792513	0.9546942683	0.3571822924	0.4276188087	0.5848042164	0.5982603144	0.5982603144	0.9666319124	0.9763300225	0.9704289766	0.9704289766	0.9704289766	0.423818789	0.9763300225	0.9724964526	0.3691277139	0.4401224567	0.4401224567	0.3573727266	0.6474023658	0.9921792419	0.9921792419	0.9921792419	0.9941212858	0.453753509	0.6206274904	0.4619389564	1	0.9980363145	0.4624415216	0.9980363145	0.9960906954	0.6324020778	1	0.6269686591	0.6135730478	1	1	0.6070127428	1	0.9844922818	0.4709923464	0.6039485951	0.461414384	0.4650750325	0.6033742002	0.4658273265	0.4683431717	0.4683431717	0.4574031314	0.4535226547	0.6185503376	0.4521047027	0.6187159853	0.4444035297	0.4452322318	0.615671313	0.4405264114	0.4413605851	0.4405264114	0.4413605851	0.608180442	0.4399785537	0.439134979	0.439134979	0.6118426062	0.6053493235	0.59584122	0.8093321172	0.8099954799	0.2402419105	0.2402419105	-0.2693850983	0.2416031266	0.8099954799	0.807350276	0.807350276	0.6019002053	0.2425087183	0.2416031266	0.2416031266	0.2425087183	0.6023291724	0.5950176572	0.3242396603	0.824106779	0.3640118957	0.8254555892	0.824106779	0.8220212866	0.6507466612	0.6999105798	0.1406387225	0.6906844933	0.6906844933	0.6894972824	0.688759154	0.686219201	0.2576429877	0.6915491076	0.2394086683
chr11_2087911_T_C	-0.06445835397	0.1933531748	0.197051518	0.1159311173	0.1159311173	0.1914256311	0.1192901674	0.1988557032	0.1933531748	0.1933531748	0.1448915543	0.125346262	0.1192901674	0.3120394244	0.1381377665	0.1126560903	0.125346262	0.1244599213	0.06652008268	0.1321048223	0.218792513	0.218792513	0.9546942683	0.3571822924	0.4276188087	0.5848042164	0.5982603144	0.5982603144	0.9666319124	0.9763300225	0.9704289766	0.9704289766	0.9704289766	0.423818789	0.9763300225	0.9724964526	0.3691277139	0.4401224567	0.4401224567	0.3573727266	0.6474023658	0.9921792419	0.9921792419	0.9921792419	0.9941212858	0.453753509	0.6206274904	0.4619389564	1	0.9980363145	0.4624415216	0.9980363145	0.9960906954	0.6324020778	1	0.6269686591	0.6135730478	1	1	0.6070127428	1	0.9844922818	0.4709923464	0.6039485951	0.461414384	0.4650750325	0.6033742002	0.4658273265	0.4683431717	0.4683431717	0.4574031314	0.4535226547	0.6185503376	0.4521047027	0.6187159853	0.4444035297	0.4452322318	0.615671313	0.4405264114	0.4413605851	0.4405264114	0.4413605851	0.608180442	0.4399785537	0.439134979	0.439134979	0.6118426062	0.6053493235	0.59584122	0.8093321172	0.8099954799	0.2402419105	0.2402419105	-0.2693850983	0.2416031266	0.8099954799	0.807350276	0.807350276	0.6019002053	0.2425087183	0.2416031266	0.2416031266	0.2425087183	0.6023291724	0.5950176572	0.3242396603	0.824106779	0.3640118957	0.8254555892	0.824106779	0.8220212866	0.6507466612	0.6999105798	0.1406387225	0.6906844933	0.6906844933	0.6894972824	0.688759154	0.686219201	0.2576429877	0.6915491076	0.2394086683
chr11_2088229_C_T	-0.075545904	0.3704248972	0.3673977161	-0.04181455896	-0.03702924158	0.3702228769	0.2331751732	0.3734565526	0.3704248972	0.3704248972	0.2736147897	-0.03504352944	0.2331751732	0.3058914835	0.2662878723	-0.05266401465	-0.03020729208	-0.03322124036	0.03256009596	-0.02160894838	0.3537743426	0.3537743426	0.5916950496	-0.2678163848	-0.3776474278	0.9639430494	0.9480299278	0.9480299278	0.5976338058	0.5992007002	0.5958974904	0.5958974904	0.5958974904	-0.3648638005	0.5992007002	0.5926076594	-0.2850238471	-0.3720867563	-0.3720867563	-0.3087230708	0.9023618681	0.606866377	0.606866377	0.606866377	0.606032009	-0.4005793239	0.9555841681	-0.3827639194	0.6070127428	0.6103163233	-0.3868575215	0.6103163233	0.6071160904	0.9613047922	0.6070127428	0.9689759735	0.9851530469	0.6070127428	0.6070127428	1	0.6070127428	0.6164452817	-0.3939824525	0.9935803648	-0.3923077619	-0.3977847104	0.9978538209	-0.3946811913	-0.3968127897	-0.3919852903	-0.3844859882	-0.3862499747	0.9850690622	-0.3786550118	0.9788509721	-0.3839153636	-0.3807816639	0.9768867394	-0.3857048068	-0.3825756251	-0.3857048068	-0.3825756251	0.9728959408	-0.386555223	-0.3896982921	-0.3896982921	0.9751000205	0.9593425185	0.9546001164	0.6130001897	0.6146735466	-0.3945757576	-0.3945757576	-0.1736612851	-0.3968114327	0.6146735466	0.6136953833	0.6136953833	0.9596103365	-0.398668853	-0.401756368	-0.401756368	-0.398668853	0.9574214932	0.9530768162	0.3515690461	0.6233745519	-0.3116686024	0.6223410243	0.6233745519	0.6239787312	0.6297804892	0.5574502289	0.1991150014	0.5477319926	0.5477319926	0.5457729354	0.5471918203	0.54014041	0.2691636014	0.5354011413	0.2383269214
chr11_2089861_A_G	-0.06445835397	0.1933531748	0.197051518	0.1159311173	0.1159311173	0.1914256311	0.1192901674	0.1988557032	0.1933531748	0.1933531748	0.1448915543	0.125346262	0.1192901674	0.3120394244	0.1381377665	0.1126560903	0.125346262	0.1244599213	0.06652008268	0.1321048223	0.218792513	0.218792513	0.9546942683	0.3571822924	0.4276188087	0.5848042164	0.5982603144	0.5982603144	0.9666319124	0.9763300225	0.9704289766	0.9704289766	0.9704289766	0.423818789	0.9763300225	0.9724964526	0.3691277139	0.4401224567	0.4401224567	0.3573727266	0.6474023658	0.9921792419	0.9921792419	0.9921792419	0.9941212858	0.453753509	0.6206274904	0.4619389564	1	0.9980363145	0.4624415216	0.9980363145	0.9960906954	0.6324020778	1	0.6269686591	0.6135730478	1	1	0.6070127428	1	0.9844922818	0.4709923464	0.6039485951	0.461414384	0.4650750325	0.6033742002	0.4658273265	0.4683431717	0.4683431717	0.4574031314	0.4535226547	0.6185503376	0.4521047027	0.6187159853	0.4444035297	0.4452322318	0.615671313	0.4405264114	0.4413605851	0.4405264114	0.4413605851	0.608180442	0.4399785537	0.439134979	0.439134979	0.6118426062	0.6053493235	0.59584122	0.8093321172	0.8099954799	0.2402419105	0.2402419105	-0.2693850983	0.2416031266	0.8099954799	0.807350276	0.807350276	0.6019002053	0.2425087183	0.2416031266	0.2416031266	0.2425087183	0.6023291724	0.5950176572	0.3242396603	0.824106779	0.3640118957	0.8254555892	0.824106779	0.8220212866	0.6507466612	0.6999105798	0.1406387225	0.6906844933	0.6906844933	0.6894972824	0.688759154	0.686219201	0.2576429877	0.6915491076	0.2394086683
chr11_2090336_T_G	-0.05926438531	0.1977761894	0.2015550008	0.1257742078	0.1257742078	0.1958956322	0.1169148374	0.2032172885	0.1977761894	0.1977761894	0.1525707085	0.1350168799	0.1169148374	0.3299953084	0.1460533163	0.1217856459	0.1350168799	0.1342024923	0.0762879935	0.1418855366	0.2284434779	0.2284434779	0.9395271659	0.3576703089	0.4350790193	0.5944329194	0.5759743397	0.5759743397	0.951461303	0.9609287487	0.9550994373	0.9550994373	0.9550994373	0.4308188527	0.9609287487	0.9572547499	0.3703764078	0.4459185014	0.4459185014	0.3629178968	0.6199866743	0.976851758	0.976851758	0.976851758	0.9787143026	0.4608484101	0.5989260513	0.4688170256	0.9844922818	0.9824405661	0.4694378822	0.9824405661	0.9804762722	0.6104825207	0.9844922818	0.604643713	0.6234737819	0.9844922818	0.9844922818	0.6164452817	0.9844922818	1	0.4785769725	0.6134093286	0.4686746935	0.4726078342	0.6127295373	0.4732868293	0.4758429619	0.4758429619	0.464531924	0.460567608	0.628320701	0.4588444077	0.6286606786	0.4512358056	0.4519903453	0.6256429961	0.447274803	0.4480349166	0.447274803	0.4480349166	0.6182398928	0.4466066161	0.4458374336	0.4458374336	0.6219798026	0.6152330679	0.6054970717	0.8280380372	0.8286313895	0.2503072117	0.2503072117	-0.2627610125	0.2517254579	0.8286313895	0.8260915315	0.8260915315	0.6118805377	0.2525575779	0.2517254579	0.2517254579	0.2525575779	0.6122400115	0.6047731094	0.3561094407	0.8417724442	0.372055085	0.8432298268	0.8417724442	0.8397215746	0.6384976523	0.6878570701	0.1476803766	0.677211885	0.677211885	0.6759611217	0.6751904388	0.6727072396	0.2260855652	0.6784767212	0.2065173817
chr11_2090456_T_G	0.01441061539	-0.1846367034	-0.1769046081	0.189528466	0.1842145838	-0.1865891145	-0.1250010105	-0.1816847535	-0.1846367034	-0.1846367034	-0.1288775985	0.1927386437	-0.1250010105	0.03746335422	-0.1283199918	0.1968505133	0.1873682171	0.1897601893	0.05089178944	0.1857764895	-0.1311920135	-0.1311920135	0.4358262007	0.7158995889	0.9261126092	-0.3795276491	-0.3833447282	-0.3833447282	0.4430646858	0.4523411415	0.4492375031	0.4492375031	0.4492375031	0.9070726441	0.4523411415	0.455375993	0.7495275232	0.9328821109	0.9328821109	0.7674129121	-0.2773803066	0.4622719743	0.4622719743	0.4622719743	0.465371298	0.9815608539	-0.3652055562	0.9710838066	0.4709923464	0.4649587817	0.976315195	0.4649587817	0.4662342369	-0.3581287588	0.4709923464	-0.3733695653	-0.3694141734	0.4709923464	0.4709923464	-0.3939824525	0.4709923464	0.4785769725	1	-0.3951504928	0.9867853967	0.99201786	-0.4006747628	0.9947005635	0.9947120295	0.9947120295	0.9734530297	0.9708249353	-0.3684561192	0.9604304521	-0.3611777407	0.9574862924	0.954890685	-0.3624933833	0.954890685	0.9523066435	0.954890685	0.9523066435	-0.3666541195	0.9496290401	0.9522170229	0.9522170229	-0.3600465354	-0.3503065438	-0.3562784678	0.2833066899	0.2821194876	0.7310592041	0.7310592041	-0.1128276267	0.735201402	0.2821194876	0.2802626876	0.2802626876	-0.3545149356	0.738239546	0.7406925328	0.7406925328	0.738239546	-0.3516591473	-0.3602281631	0.02494580176	0.2878242896	0.7806716487	0.2906629573	0.2878242896	0.2847598129	0.04579154788	0.1827651106	-0.05087448941	0.1813733961	0.1813733961	0.1821171683	0.179647457	0.1846001496	-0.03288819168	0.1964825027	-0.02115651689
chr11_2092983_G_C	-0.07595531556	0.3667155848	0.3636904266	-0.0345634993	-0.02979612009	0.3665174306	0.2308524104	0.3697451773	0.3667155848	0.3667155848	0.2708644893	-0.02770412286	0.2308524104	0.308270921	0.2635446578	-0.04399861232	-0.02288601453	-0.02589803044	0.03118594497	-0.01437732045	0.3495901217	0.3495901217	0.5885856853	-0.2633684538	-0.3741269918	0.9576431918	0.9417438508	0.9417438508	0.5945236913	0.5961063425	0.5928082959	0.5928082959	0.5928082959	-0.3613063428	0.5961063425	0.589523587	-0.2807006366	-0.368248308	-0.368248308	-0.3095484238	0.8919892108	0.603767705	0.603767705	0.603767705	0.6029436492	-0.396876187	0.9491896676	-0.3790667305	0.6039485951	0.6072469742	-0.3831756349	0.6072469742	0.6040689717	0.9549080289	0.6039485951	0.9625680134	0.9787305812	0.6039485951	0.6039485951	0.9935803648	0.6039485951	0.6134093286	-0.3951504928	1	-0.3982648814	-0.3941574581	0.9957371788	-0.4006238194	-0.3931687066	-0.3931687066	-0.390561469	-0.3923075362	0.98722839	-0.3846966931	0.9809933806	-0.3899902632	-0.3868572772	0.9790068499	-0.3917619654	-0.3886335683	-0.3917619654	-0.3886335683	0.9749967588	-0.3876988704	-0.3908403381	-0.3908403381	0.9729436603	0.9573024349	0.9526219585	0.6100791763	0.6117488717	-0.3955654181	-0.3955654181	-0.1739438816	-0.3978067007	0.6117488717	0.6107642791	0.6107642791	0.9575474849	-0.3996473419	-0.4027330994	-0.4027330994	-0.3996473419	0.9553744022	0.9553259848	0.3524891869	0.6205440301	-0.3127325619	0.6195047105	0.6205440301	0.6211383728	0.6234098607	0.5507365133	0.1974908651	0.5413574509	0.5413574509	0.5393880165	0.5408193795	0.5337586732	0.2662298588	0.5290005499	0.2355748253
chr11_2093065_C_T	0.003896276732	-0.1894973628	-0.1816388206	0.183583871	0.1782200292	-0.1913979906	-0.1341341571	-0.186571454	-0.1894973628	-0.1894973628	-0.1272743113	0.1865268975	-0.1341341571	0.03216011965	-0.1264872817	0.194379517	0.1811059797	0.1835740046	0.05841401287	0.1742569802	-0.1263206534	-0.1263206534	0.4262178817	0.71553849	0.9283072903	-0.3775339939	-0.3810543408	-0.3810543408	0.4335105119	0.4426867077	0.439616658	0.439616658	0.439616658	0.9140328674	0.4426867077	0.4458753507	0.7502103206	0.9389913935	0.9389913935	0.7796711814	-0.2728534208	0.4527520889	0.4527520889	0.4527520889	0.4558180937	0.9838086427	-0.3812962493	0.9784047815	0.461414384	0.4598776369	0.9675081589	0.4598776369	0.4611449939	-0.3743214067	0.461414384	-0.3756174093	-0.3719975575	0.461414384	0.461414384	-0.3923077619	0.461414384	0.4686746935	0.9867853967	-0.3982648814	1	0.9839440467	-0.3991136426	0.991985537	0.9865208163	0.9865208163	0.9864414093	0.9727500212	-0.37594332	0.9620454678	-0.3684433515	0.9646047337	0.967448634	-0.3697097481	0.9619303041	0.9647849816	0.9619303041	0.9647849816	-0.3738034439	0.9620466408	0.959165769	0.959165769	-0.3670886421	-0.3623539205	-0.3686303502	0.279925696	0.2787526618	0.7407975295	0.7407975295	-0.1086364812	0.744994905	0.2787526618	0.276909333	0.276909333	-0.3616725297	0.7480065773	0.744994905	0.744994905	0.7480065773	-0.358835267	-0.3675755383	0.02392131817	0.2838169473	0.7890090399	0.2867121547	0.2838169473	0.2807813174	0.04987068354	0.1817871773	-0.04641502764	0.1933055349	0.1933055349	0.1893846643	0.1915361588	0.1919501475	-0.03456449084	0.2042075269	-0.02329906314
chr11_2093603_C_A	0.000775899801	-0.1829702101	-0.1751885818	0.1932205099	0.1878797653	-0.1849359736	-0.1240099896	-0.1800137578	-0.1829702101	-0.1829702101	-0.1275970402	0.1964331693	-0.1240099896	0.04311574504	-0.1270137841	0.2006817644	0.1910355945	0.1934504415	0.05255173866	0.1894426336	-0.1286534026	-0.1286534026	0.4297081331	0.7156603521	0.9231309467	-0.3831915504	-0.3869394137	-0.3869394137	0.4370124336	0.4462787972	0.4431785875	0.4431785875	0.4431785875	0.9092049243	0.4462787972	0.4493671031	0.7496702618	0.9348604086	0.9348604086	0.7674295471	-0.2846873698	0.4563213711	0.4563213711	0.4563213711	0.4594173408	0.9786754331	-0.3733530354	0.9734583053	0.4650750325	0.4635882463	0.9787504724	0.4635882463	0.4648711247	-0.3662820595	0.4650750325	-0.3816744745	-0.3778259064	0.4650750325	0.4650750325	-0.3977847104	0.4650750325	0.4726078342	0.99201786	-0.3941574581	0.9839440467	1	-0.3997190256	0.9919670355	0.9973244618	0.9919366391	0.975856408	0.9732047224	-0.3720789643	0.9627162298	-0.3647308647	0.959753213	0.9571340283	-0.3660373949	0.9571340283	0.9545264425	0.9571340283	0.9545264425	-0.370195152	0.9573340397	0.9599465101	0.9599465101	-0.3683002217	-0.3586216851	-0.3647038582	0.275928013	0.2747717312	0.732032684	0.732032684	-0.1123521247	0.7361803977	0.2747717312	0.2728910987	0.2728910987	-0.3628121281	0.7392229962	0.7416992869	0.7416992869	0.7392229962	-0.3599475091	-0.363793431	0.0169235366	0.2803822726	0.7813636494	0.2832216978	0.2803822726	0.2773257847	0.04110133033	0.1793406722	-0.05014836538	0.1777830857	0.1777830857	0.1785121348	0.1760305586	0.1810069865	-0.0369694221	0.193018959	-0.02535447831
chr11_2093897_G_A	-0.0748114216	0.3725587865	0.3695425487	-0.03934427714	-0.03456147066	0.3723537533	0.2345061987	0.3755795196	0.3725587865	0.3725587865	0.2752014357	-0.03258911063	0.2345061987	0.3106232778	0.2678988082	-0.05009652279	-0.02775541088	-0.03075812111	0.03379916	-0.01915547743	0.3564560317	0.3564560317	0.588105737	-0.2711310035	-0.3795608778	0.961874255	0.9460487481	0.9460487481	0.5940436719	0.5955733776	0.5922840826	0.5922840826	0.5922840826	-0.3668691753	0.5955733776	0.5890080998	-0.2881396004	-0.3743430776	-0.3743430776	-0.3120202865	0.8966003944	0.6032503374	0.6032503374	0.6032503374	0.6024042861	-0.4025777933	0.9536720088	-0.384832768	0.6033742002	0.6066638451	-0.3888934756	0.6066638451	0.6034661651	0.9593613845	0.6033742002	0.9669863453	0.983075003	0.6033742002	0.6033742002	0.9978538209	0.6033742002	0.6127295373	-0.4006747628	0.9957371788	-0.3991136426	-0.3997190256	1	-0.4014251008	-0.3987681554	-0.3987681554	-0.3914366128	-0.3932078458	0.9872703463	-0.3856503194	0.9810741364	-0.3909398036	-0.3878162594	0.9791094099	-0.3927368191	-0.3896178688	-0.3927368191	-0.3896178688	0.9751293496	-0.388698267	-0.3918302278	-0.3918302278	0.9730846449	0.9572780175	0.9524938127	0.6090459291	0.6107336305	-0.3968064664	-0.3968064664	-0.1726335624	-0.3990547808	0.6107336305	0.6097545763	0.6097545763	0.9575675296	-0.4009209911	-0.4039971214	-0.4039971214	-0.4009209911	0.9553722548	0.9552933327	0.3491393064	0.619311361	-0.3144194838	0.6182771382	0.619311361	0.619929535	0.6250425003	0.553263654	0.1998911018	0.5434082737	0.5434082737	0.5414336923	0.5428523877	0.5358035121	0.2655163837	0.5311290166	0.234538238
chr11_2094303_C_T	0.001551362418	-0.1803195387	-0.1725296595	0.1905600169	0.185220777	-0.1822882302	-0.1223525924	-0.1773743366	-0.1803195387	-0.1803195387	-0.1256295854	0.1937012147	-0.1223525924	0.04385980166	-0.1250236695	0.1973010273	0.1883051605	0.1907299617	0.05393922277	0.1867482067	-0.1254162557	-0.1254162557	0.4305853387	0.7116016148	0.9205136068	-0.3800749123	-0.3837703464	-0.3837703464	0.4378634891	0.4471030171	0.4440117659	0.4440117659	0.4440117659	0.9064963764	0.4471030171	0.450206613	0.7458138651	0.9318602603	0.9318602603	0.7755158894	-0.2767786069	0.4571154113	0.4571154113	0.4571154113	0.4602024624	0.9759341019	-0.370098081	0.9706503121	0.4658273265	0.4643329152	0.975975312	0.4643329152	0.4656039704	-0.3630505793	0.4658273265	-0.3784583235	-0.3746625092	0.4658273265	0.4658273265	-0.3946811913	0.4658273265	0.4732868293	0.9947005635	-0.4006238194	0.991985537	0.9919670355	-0.4014251008	1	0.9946282013	0.9946282013	0.9839998981	0.9813362965	-0.3785280377	0.9708010883	-0.3711369544	0.9678981933	0.9652673899	-0.3724098976	0.9652673899	0.9626482804	0.9652673899	0.9626482804	-0.3765281224	0.9599680143	0.9625911505	0.9625911505	-0.3698751402	-0.360263401	-0.3663933045	0.2813012668	0.2801224682	0.7400775953	0.7400775953	-0.1112749062	0.7442708916	0.2801224682	0.2782665473	0.2782665473	-0.3644282886	0.7473015457	0.749788226	0.749788226	0.7473015457	-0.3615729384	-0.3702111451	0.02005187411	0.2855799975	0.7893970844	0.2884416556	0.2855799975	0.282525354	0.0455805872	0.1844688842	-0.04915121298	0.1825726773	0.1825726773	0.1833213675	0.1808205588	0.1858355992	-0.03480336582	0.1978852004	-0.02326567006
chr11_2094599_G_A	0.001559741033	-0.1812934104	-0.1734614595	0.1969572717	0.1915891955	-0.1832727344	-0.1230133956	-0.1783323018	-0.1812934104	-0.1812934104	-0.1263080871	0.2001725555	-0.1230133956	0.04882735848	-0.1256988987	0.2045594258	0.1947473583	0.1971854017	0.05423053831	0.1931530933	-0.1260936052	-0.1260936052	0.4329108486	0.7154448405	0.9254851267	-0.382127625	-0.3858430174	-0.3858430174	0.440228307	0.4495177359	0.4464097894	0.4464097894	0.4464097894	0.9113921919	0.4495177359	0.4526380937	0.7498418647	0.9368930613	0.9368930613	0.7735893568	-0.2828754115	0.4595842052	0.4595842052	0.4595842052	0.4626879288	0.9812049373	-0.3720969107	0.9758926108	0.4683431717	0.4668406894	0.98124637	0.4668406894	0.4681186094	-0.3650113468	0.4683431717	-0.3805023053	-0.3766859905	0.4683431717	0.4683431717	-0.3968127897	0.4683431717	0.4758429619	0.9947120295	-0.3931687066	0.9865208163	0.9973244618	-0.3987681554	0.9946282013	1	0.9945846048	0.9783199753	0.975644361	-0.3709323253	0.9650605168	-0.3635257254	0.9620783422	0.959435244	-0.364840653	0.959435244	0.9568037785	0.959435244	0.9568037785	-0.3690099856	0.9596003209	0.9622367774	0.9622367774	-0.3670939828	-0.3573834905	-0.3635157417	0.2828205217	0.2816353566	0.738558735	0.738558735	-0.1118758809	0.7427434255	0.2816353566	0.2797694122	0.2797694122	-0.3615857889	0.7457905414	0.7482905579	0.7482905579	0.7457905414	-0.3587178907	-0.3626061345	0.02016017049	0.287122361	0.7878758718	0.2899994744	0.287122361	0.28405122	0.04582675933	0.1854651658	-0.04941666938	0.1835587178	0.1835587178	0.1843114515	0.1817971364	0.1868392622	-0.03499133222	0.1989539409	-0.02339132354
chr11_2094852_T_C	0.001559741033	-0.1812934104	-0.1734614595	0.1969572717	0.1915891955	-0.1832727344	-0.1230133956	-0.1783323018	-0.1812934104	-0.1812934104	-0.1263080871	0.2001725555	-0.1230133956	0.04882735848	-0.1256988987	0.2045594258	0.1947473583	0.1971854017	0.05423053831	0.1931530933	-0.1260936052	-0.1260936052	0.4329108486	0.7092986586	0.9201526259	-0.377348422	-0.3811011281	-0.3811011281	0.440228307	0.4495177359	0.4464097894	0.4464097894	0.4464097894	0.906012602	0.4495177359	0.4526380937	0.743864194	0.9313459288	0.9313459288	0.7735893568	-0.2782734358	0.4595842052	0.4595842052	0.4595842052	0.4626879288	0.9757963662	-0.3673467374	0.9704291905	0.4683431717	0.4668406894	0.9758106995	0.4668406894	0.4681186094	-0.3602510684	0.4683431717	-0.3757144399	-0.3718603655	0.4683431717	0.4683431717	-0.3919852903	0.4683431717	0.4758429619	0.9947120295	-0.3931687066	0.9865208163	0.9919366391	-0.3987681554	0.9946282013	0.9945846048	1	0.9838171354	0.9811403346	-0.3709323253	0.9705523591	-0.3635257254	0.9676019853	0.9649579302	-0.364840653	0.9649579302	0.9623255701	0.9649579302	0.9623255701	-0.3690099856	0.9596003209	0.9622367774	0.9622367774	-0.3623151996	-0.3525578654	-0.3586593579	0.2923780879	0.2911528717	0.7440746144	0.7440746144	-0.1118758809	0.7482905579	0.2911528717	0.2893128155	0.2893128155	-0.356775081	0.75133758	0.7538376904	0.7538376904	0.75133758	-0.353910056	-0.3626061345	0.02583021844	0.2966208625	0.7936604687	0.2995225221	0.2966208625	0.293534647	0.05528873668	0.1902538156	-0.04941666938	0.1882567472	0.1882567472	0.1890287464	0.1865041002	0.1915669953	-0.03499133222	0.2036673369	-0.02339132354
chr11_2095273_C_T	-0.008444218291	-0.1735941631	-0.1655795732	0.1839728931	0.1785237665	-0.1755950189	-0.1231174697	-0.1706526331	-0.1735941631	-0.1735941631	-0.1163876044	0.186804671	-0.1231174697	0.04939307918	-0.1156294546	0.1935786121	0.1812975609	0.183837536	0.06363624193	0.1798969657	-0.1134627861	-0.1134627861	0.421787801	0.6963890729	0.9087849047	-0.3694735891	-0.3729304942	-0.3729304942	0.4292042271	0.4384020251	0.4353247979	0.4353247979	0.4353247979	0.8992140651	0.4384020251	0.4417244356	0.7327742011	0.923018466	0.923018466	0.7802445318	-0.2672371188	0.4486797578	0.4486797578	0.4486797578	0.4517530825	0.9644509129	-0.3728931565	0.9640200522	0.4574031314	0.4604900061	0.9586856807	0.4604900061	0.4617678072	-0.3658629298	0.4574031314	-0.3720719016	-0.3685526932	0.4574031314	0.4574031314	-0.3844859882	0.4574031314	0.464531924	0.9734530297	-0.390561469	0.9864414093	0.975856408	-0.3914366128	0.9839998981	0.9783199753	0.9838171354	1	0.9860581703	-0.3824159046	0.9750523052	-0.3747082833	0.9776723803	0.9805285221	-0.3759643865	0.9749224511	0.9777895267	0.9749224511	0.9777895267	-0.3800643243	0.9749611947	0.9720677074	0.9720677074	-0.373214078	-0.3685526932	-0.3750490796	0.2865132215	0.2853125821	0.7554424081	0.7554424081	-0.1071625416	0.7597227618	0.2853125821	0.283474564	0.283474564	-0.3678009813	0.7627487541	0.7597227618	0.7597227618	0.7627487541	-0.3649474308	-0.37388423	0.02238311328	0.2900226961	0.8033367936	0.2929970827	0.2900226961	0.2869647635	0.07401825033	0.2053944967	-0.0441432566	0.2064279689	0.2064279689	0.2024859649	0.2046211295	0.2051431321	-0.028514046	0.2177355273	-0.01729599341
chr11_2095799_A_G	-0.007650921178	-0.1763826446	-0.1683586901	0.1921699687	0.1867220182	-0.1783569537	-0.1132553115	-0.1734528759	-0.1763826446	-0.1763826446	-0.1283817966	0.1950450842	-0.1132553115	0.05015401901	-0.1273780189	0.2027148676	0.1895391627	0.1920897377	0.05666795505	0.1881164872	-0.1203020783	-0.1203020783	0.4179619324	0.6860654878	0.8953598062	-0.3711742196	-0.3745400903	-0.3745400903	0.4253793717	0.4345337606	0.4314710733	0.4314710733	0.4314710733	0.8855983844	0.4345337606	0.4378831375	0.7228300185	0.9087674141	0.9087674141	0.7637239871	-0.2685323893	0.4448267087	0.4448267087	0.4448267087	0.4478855633	0.9507488467	-0.3647779194	0.9501372294	0.4535226547	0.456594964	0.9559284583	0.456594964	0.4578734844	-0.3577608742	0.4535226547	-0.3736787874	-0.3702513816	0.4535226547	0.4535226547	-0.3862499747	0.4535226547	0.460567608	0.9708249353	-0.3923075362	0.9727500212	0.9732047224	-0.3932078458	0.9813362965	0.975644361	0.9811403346	0.9860581703	1	-0.3939124631	0.9889416356	-0.386148152	0.9860480813	0.9832861374	-0.3873522728	0.9832861374	0.9805361332	0.9832861374	0.9805361332	-0.3913975359	0.9777135719	0.9804681171	0.9804681171	-0.3845461633	-0.3751488095	-0.381725461	0.2774636923	0.2763009752	0.7525025992	0.7525025992	-0.1060725584	0.7567662959	0.2763009752	0.2744486177	0.2744486177	-0.3792395386	0.7597805126	0.7623959669	0.7623959669	0.7597805126	-0.3763894061	-0.3853301753	0.01406634891	0.2857044198	0.8057143555	0.2886767549	0.2857044198	0.2826634492	0.05937901394	0.2106343463	-0.0431306899	0.2017857654	0.2017857654	0.2026132441	0.1999610942	0.2052797362	-0.03869454801	0.2179258118	-0.0277625742
chr11_2095814_GACA_G	-0.06594261681	0.363027057	0.3599574452	-0.03008951083	-0.02531159229	0.3628149089	0.2255552046	0.3661010713	0.363027057	0.363027057	0.2706842766	-0.02301325603	0.2255552046	0.310456205	0.2631689958	-0.04322096257	-0.01818449623	-0.02124136726	0.03358952047	-0.009758547066	0.3477894256	0.3477894256	0.6029888624	-0.2446737556	-0.3475312791	0.9489907671	0.9328723873	0.9328723873	0.6089308259	0.6106622933	0.607308279	0.607308279	0.607308279	-0.3389622846	0.6106622933	0.6039678703	-0.2629528101	-0.3444543226	-0.3444543226	-0.2964100692	0.8823231869	0.6182794346	0.6182794346	0.6182794346	0.617501992	-0.3696721262	0.94424148	-0.3562469262	0.6185503376	0.6177926766	-0.360561872	0.6177926766	0.6146152869	0.9500583722	0.6185503376	0.9578302374	0.9742470943	0.6185503376	0.6185503376	0.9850690622	0.6185503376	0.628320701	-0.3684561192	0.98722839	-0.37594332	-0.3720789643	0.9872703463	-0.3785280377	-0.3709323253	-0.3709323253	-0.3824159046	-0.3939124631	1	-0.386129063	0.9936225158	-0.3914767242	-0.3882976918	0.9915595611	-0.3932132228	-0.3900388091	-0.3932132228	-0.3900388091	0.9874418318	-0.3890658406	-0.3922535583	-0.3922535583	0.9853567632	0.9699519907	0.965465528	0.6259434996	0.6275560583	-0.3916083573	-0.3916083573	-0.1780709991	-0.3938272191	0.6275560583	0.6265748997	0.6265748997	0.9700970564	-0.3956328274	-0.3987645087	-0.3987645087	-0.3956328274	0.9679469011	0.9679540182	0.3571936459	0.6326178867	-0.31207547	0.6315702905	0.6326178867	0.6331630636	0.6213458238	0.5419412647	0.1944087512	0.5377753417	0.5377753417	0.5357819562	0.5372602424	0.5300961535	0.2699651919	0.5251424246	0.2396897557
chr11_2095968_T_C	-0.004481651344	-0.1765976044	-0.1685362138	0.1977286	0.1922847448	-0.178525339	-0.106553176	-0.173713517	-0.1765976044	-0.1765976044	-0.1343875106	0.2004875804	-0.106553176	0.05799785857	-0.1330690665	0.2078458577	0.1949857977	0.1975782722	0.0623444188	0.1936212806	-0.1172794102	-0.1172794102	0.4169691979	0.6698190023	0.8850729327	-0.3634713397	-0.3665873197	-0.3665873197	0.4243099806	0.4333419962	0.4303202069	0.4303202069	0.4303202069	0.8749308676	0.4333419962	0.4367659479	0.7074201946	0.8969227031	0.8969227031	0.7722057141	-0.2597374361	0.4435609685	0.4435609685	0.4435609685	0.4465791153	0.9399784738	-0.3564749977	0.9390894495	0.4521047027	0.4551362092	0.9450163099	0.4551362092	0.4563797041	-0.3495610878	0.4521047027	-0.3655752154	-0.3623994064	0.4521047027	0.4521047027	-0.3786550118	0.4521047027	0.4588444077	0.9604304521	-0.3846966931	0.9620454678	0.9627162298	-0.3856503194	0.9708010883	0.9650605168	0.9705523591	0.9750523052	0.9889416356	-0.386129063	1	-0.3929005675	0.9916197986	0.9888143877	-0.3940395137	0.9888143877	0.986020993	0.9888143877	0.986020993	-0.3979838328	0.9831902413	0.9859883579	0.9859883579	-0.3911033783	-0.3819743924	-0.383822812	0.2801013278	0.2789275576	0.7632132185	0.7632132185	-0.1017286137	0.7675376018	0.2789275576	0.2771227072	0.2771227072	-0.3859626369	0.7705047153	0.773163041	0.773163041	0.7705047153	-0.3831491574	-0.3921522909	0.0153335729	0.2877449031	0.8153048071	0.2859304148	0.2877449031	0.2847408032	0.05366082002	0.2073155951	-0.0390891271	0.1975503537	0.1975503537	0.198360464	0.1956814038	0.2010539297	-0.03606238784	0.2139304621	-0.02554434216
chr11_2096707_G_A	-0.06785282784	0.3599402929	0.3568501024	-0.03256646744	-0.02780064294	0.3597120525	0.2206396297	0.3630348565	0.3599402929	0.3599402929	0.2709461353	-0.02542061231	0.2206396297	0.3034454601	0.2632914367	-0.04520604884	-0.02060407524	-0.02368194571	0.02974943215	-0.01224335302	0.3427684386	0.3427684386	0.6029476478	-0.2337258009	-0.3403392749	0.9427749824	0.9265267062	0.9265267062	0.6089152937	0.6107218623	0.607349766	0.607349766	0.607349766	-0.331537227	0.6107218623	0.6039913184	-0.2525260739	-0.3362538675	-0.3362538675	-0.3016057267	0.8754691158	0.6183532984	0.6183532984	0.6183532984	0.6176042661	-0.3621339564	0.9376341366	-0.3485602948	0.6187159853	0.617986761	-0.3529562307	0.617986761	0.614837005	0.9435028017	0.6187159853	0.9513321472	0.9678793336	0.6187159853	0.6187159853	0.9788509721	0.6187159853	0.6286606786	-0.3611777407	0.9809933806	-0.3684433515	-0.3647308647	0.9810741364	-0.3711369544	-0.3635257254	-0.3635257254	-0.3747082833	-0.386148152	0.9936225158	-0.3929005675	1	-0.398308753	-0.3951072273	0.9978844834	-0.400010316	-0.3968134947	-0.400010316	-0.3968134947	0.9937000812	-0.3958565318	-0.3990667125	-0.3990667125	0.9916004208	0.9764477969	0.9678208606	0.6267329496	0.6283314787	-0.3980209703	-0.3980209703	-0.1804200867	-0.4002761661	0.6283314787	0.6273340173	0.6273340173	0.9765139808	-0.4020477643	-0.4052009583	-0.4052009583	-0.4020477643	0.9743893763	0.974436856	0.3579674769	0.6337522386	-0.3179801744	0.632689201	0.6337522386	0.634266636	0.6245482924	0.5437074249	0.1912843039	0.5401381686	0.5401381686	0.5381651005	0.5396563298	0.5324769801	0.2635094479	0.5273750513	0.2335087391
chr11_2096908_C_T	-0.005303061895	-0.1747800278	-0.1666831075	0.1960706869	0.1905953087	-0.1767451714	-0.1170552816	-0.1718680574	-0.1747800278	-0.1747800278	-0.1230858661	0.1988597361	-0.1170552816	0.05755821367	-0.1220068165	0.2061417598	0.1933260951	0.1959225265	0.06126738336	0.1919466918	-0.116150614	-0.116150614	0.4088052496	0.6713840554	0.8871762822	-0.3686614391	-0.3718481457	-0.3718481457	0.4162679132	0.4253434922	0.4223072226	0.4223072226	0.4223072226	0.8770250153	0.4253434922	0.4287932001	0.7091575335	0.8992649277	0.8992649277	0.7681629732	-0.2645756658	0.4357408247	0.4357408247	0.4357408247	0.4387734502	0.9424332716	-0.3666143941	0.9415530226	0.4444035297	0.4474493992	0.9419629849	0.4474493992	0.4487373569	-0.3596487258	0.4444035297	-0.370879986	-0.3676328003	0.4444035297	0.4444035297	-0.3839153636	0.4444035297	0.4512358056	0.9574862924	-0.3899902632	0.9646047337	0.959753213	-0.3909398036	0.9678981933	0.9620783422	0.9676019853	0.9776723803	0.9860480813	-0.3914767242	0.9916197986	-0.398308753	1	0.997189064	-0.3994525491	0.997189064	0.9943902398	0.997189064	0.9943902398	-0.403429604	0.9915690273	0.9943725179	0.9943725179	-0.3965209102	-0.3873211364	-0.3891609282	0.2761332934	0.2749761513	0.7647972558	0.7647972558	-0.1033899046	0.7691306143	0.2749761513	0.2731360515	0.2731360515	-0.3913422561	0.7721261833	0.7747886279	0.7747886279	0.7721261833	-0.3885008767	-0.3975330508	0.0122093706	0.2839998469	0.8115618648	0.287007933	0.2839998469	0.2809773431	0.05901731604	0.2080896551	-0.04032356409	0.2033150779	0.2033150779	0.204148828	0.2014536191	0.2068585891	-0.03225754119	0.2197383779	-0.02149811632
chr11_2096919_G_A	-0.004506821784	-0.1720848179	-0.1639785925	0.1878902498	0.1824158201	-0.174053191	-0.1153714637	-0.169184033	-0.1720848179	-0.1720848179	-0.1210841315	0.1905482201	-0.1153714637	0.05349919014	-0.1199818667	0.2026976825	0.1850155376	0.1876222739	0.06269456572	0.183702307	-0.1128485452	-0.1128485452	0.4097579765	0.6735809278	0.8900437956	-0.3655127152	-0.3686461956	-0.3686461956	0.4171946452	0.4262438137	0.4232163598	0.4232163598	0.4232163598	0.8798447693	0.4262438137	0.4297094932	0.7113933008	0.9019601183	0.9019601183	0.7703065793	-0.2611962077	0.436611302	0.436611302	0.436611302	0.4396351521	0.9452577045	-0.3681656492	0.9443636871	0.4452322318	0.4482693261	0.9392371082	0.4482693261	0.4495453088	-0.3612335189	0.4452322318	-0.3676284069	-0.3644347615	0.4452322318	0.4452322318	-0.3807816639	0.4452322318	0.4519903453	0.954890685	-0.3868572772	0.967448634	0.9571340283	-0.3878162594	0.9652673899	0.959435244	0.9649579302	0.9805285221	0.9832861374	-0.3882976918	0.9888143877	-0.3951072273	0.997189064	1	-0.3962525702	0.994367897	0.9971900043	0.994367897	0.9971900043	-0.4002190419	0.994374466	0.9915259953	0.9915259953	-0.3932999444	-0.3890409186	-0.3909310877	0.2768010083	0.2756410681	0.7674996769	0.7674996769	-0.1022999553	0.7718483473	0.2756410681	0.2738128805	0.2738128805	-0.388130331	0.7748321251	0.7718483473	0.7718483473	0.7748321251	-0.38530105	-0.3943547481	0.01541969133	0.2845176299	0.8139846264	0.2875362948	0.2845176299	0.2815043445	0.06361163719	0.2084799482	-0.03930866459	0.2082420775	0.2082420775	0.2042852771	0.2063808538	0.2070045153	-0.03004173148	0.2199387453	-0.01936001925
chr11_2097561_T_C	-0.06829492667	0.3658637524	0.362774793	-0.03487829896	-0.03012987576	0.3655877256	0.2255208409	0.368957148	0.3658637524	0.3658637524	0.2743359551	-0.02774631357	0.2255208409	0.3058495759	0.266591941	-0.0475625892	-0.02294736297	-0.02602358251	0.02839369079	-0.01462322549	0.347499357	0.347499357	0.6040013984	-0.23487881	-0.3417171349	0.9451119532	0.9288113023	0.9288113023	0.6099449766	0.6076471212	0.6042801469	0.6042801469	0.6042801469	-0.3329042748	0.6076471212	0.6009267805	-0.2536498505	-0.3374989909	-0.3374989909	-0.3024792269	0.8775225257	0.6193694305	0.6193694305	0.6193694305	0.6145358754	-0.3634031733	0.9356111979	-0.3498669981	0.615671313	0.6149519052	-0.3542528622	0.6149519052	0.6118238431	0.9414864787	0.615671313	0.9493291292	0.9658952503	0.615671313	0.615671313	0.9768867394	0.615671313	0.6256429961	-0.3624933833	0.9790068499	-0.3697097481	-0.3660373949	0.9791094099	-0.3724098976	-0.364840653	-0.364840653	-0.3759643865	-0.3873522728	0.9915595611	-0.3940395137	0.9978844834	-0.3994525491	-0.3962525702	1	-0.4011377563	-0.3979424971	-0.4011377563	-0.3979424971	0.9957967601	-0.396993526	-0.4002021256	-0.4002021256	0.9936998985	0.9787010166	0.9701767605	0.6280510795	0.629628659	-0.399026633	-0.399026633	-0.1806911927	-0.4012875269	0.629628659	0.6286362335	0.6286362335	0.9787320861	-0.4030428792	-0.4061943374	-0.4061943374	-0.4030428792	0.976620223	0.9766776325	0.3588895692	0.6351474821	-0.3190425425	0.6340895545	0.6351474821	0.6356457925	0.6266437519	0.5455882854	0.1897116264	0.5421732822	0.5421732822	0.5402238514	0.5417090847	0.5345571057	0.2660280854	0.5294119667	0.2362934299
chr11_2097954_C_T	-0.004506821784	-0.1775894351	-0.169482769	0.1988391094	0.1933646796	-0.1795279965	-0.1153714637	-0.1746891497	-0.1775894351	-0.1775894351	-0.1281132034	0.2016135851	-0.1153714637	0.05832359376	-0.1268991466	0.2090131889	0.1960809026	0.1986879372	0.06269456572	0.1947087219	-0.1179380903	-0.1179380903	0.4097579765	0.6735809278	0.8846056462	-0.3703866048	-0.3734820323	-0.3734820323	0.4124454447	0.4214778263	0.4184560258	0.4184560258	0.4184560258	0.8743585977	0.4214778263	0.4249547546	0.7113933008	0.8963030847	0.8963030847	0.7640704813	-0.2658893588	0.4318908761	0.4318908761	0.4318908761	0.4349091024	0.9397419775	-0.3681656492	0.9387920242	0.4405264114	0.4435577866	0.9392371082	0.4435577866	0.4448465212	-0.3612335189	0.4405264114	-0.3725111307	-0.369355993	0.4405264114	0.4405264114	-0.3857048068	0.4405264114	0.447274803	0.954890685	-0.3917619654	0.9619303041	0.9571340283	-0.3927368191	0.9652673899	0.959435244	0.9649579302	0.9749224511	0.9832861374	-0.3932132228	0.9888143877	-0.400010316	0.997189064	0.994367897	-0.4011377563	1	0.9971900043	1	0.9971900043	-0.4050895091	0.994374466	0.9971891614	0.9971891614	-0.3981734059	-0.3890409186	-0.3909310877	0.2768010083	0.2756410681	0.7674996769	0.7674996769	-0.1022999553	0.7718483473	0.2756410681	0.2738128805	0.2738128805	-0.3930363498	0.7748321251	0.7775053808	0.7775053808	0.7748321251	-0.3902041387	-0.3992521164	0.01541969133	0.2845176299	0.8139846264	0.2875362948	0.2845176299	0.2815043445	0.05878691708	0.2084799482	-0.03930866459	0.2034509697	0.2034509697	0.2042852771	0.2015806346	0.2070045153	-0.03626492616	0.2199387453	-0.02568780765
chr11_2098180_AC_A	-0.003710899047	-0.1748961644	-0.1667801057	0.1906617452	0.1851882023	-0.1768379812	-0.1136895025	-0.1720070281	-0.1748961644	-0.1748961644	-0.1261123574	0.1933051968	-0.1136895025	0.0542657485	-0.124875099	0.2055715133	0.1877734106	0.1903907758	0.06412197195	0.1864673752	-0.1146375678	-0.1146375678	0.4107149738	0.6757846087	0.8874830489	-0.367242241	-0.3702845013	-0.3702845013	0.4133773085	0.4223833925	0.4193703699	0.4193703699	0.4193703699	0.8771881506	0.4223833925	0.425876324	0.7136362871	0.8990083913	0.8990083913	0.7662230073	-0.2625131988	0.4327667169	0.4327667169	0.4327667169	0.4357762055	0.9425769451	-0.3697205081	0.941613227	0.4413605851	0.444383223	0.9365226657	0.444383223	0.4456599988	-0.362821827	0.4413605851	-0.3692639684	-0.366162311	0.4413605851	0.4413605851	-0.3825756251	0.4413605851	0.4480349166	0.9523066435	-0.3886335683	0.9647849816	0.9545264425	-0.3896178688	0.9626482804	0.9568037785	0.9623255701	0.9777895267	0.9805361332	-0.3900388091	0.986020993	-0.3968134947	0.9943902398	0.9971900043	-0.3979424971	0.9971900043	1	0.9971900043	1	-0.401883717	0.9971901024	0.9943537817	0.9943537817	-0.3949571357	-0.390764482	-0.3927050327	0.2774715998	0.2763088495	0.7702097889	0.7702097889	-0.1012115172	0.7745738149	0.2763088495	0.2744925496	0.2744925496	-0.389829054	0.7775458389	0.7745738149	0.7745738149	0.7775458389	-0.387008906	-0.396078503	0.01862910871	0.2850384263	0.8164156935	0.2880677002	0.2850384263	0.2820343223	0.06338119235	0.2088724457	-0.03829454557	0.2083794265	0.2083794265	0.2044239687	0.206509307	0.2071527112	-0.03404918753	0.2201415091	-0.02354961903
chr11_2098701_A_AT	-0.004506821784	-0.1775894351	-0.169482769	0.1988391094	0.1933646796	-0.1795279965	-0.1153714637	-0.1746891497	-0.1775894351	-0.1775894351	-0.1281132034	0.2016135851	-0.1153714637	0.05832359376	-0.1268991466	0.2090131889	0.1960809026	0.1986879372	0.06269456572	0.1947087219	-0.1179380903	-0.1179380903	0.4097579765	0.6735809278	0.8846056462	-0.3703866048	-0.3734820323	-0.3734820323	0.4124454447	0.4214778263	0.4184560258	0.4184560258	0.4184560258	0.8743585977	0.4214778263	0.4249547546	0.7113933008	0.8963030847	0.8963030847	0.7640704813	-0.2658893588	0.4318908761	0.4318908761	0.4318908761	0.4349091024	0.9397419775	-0.3681656492	0.9387920242	0.4405264114	0.4435577866	0.9392371082	0.4435577866	0.4448465212	-0.3612335189	0.4405264114	-0.3725111307	-0.369355993	0.4405264114	0.4405264114	-0.3857048068	0.4405264114	0.447274803	0.954890685	-0.3917619654	0.9619303041	0.9571340283	-0.3927368191	0.9652673899	0.959435244	0.9649579302	0.9749224511	0.9832861374	-0.3932132228	0.9888143877	-0.400010316	0.997189064	0.994367897	-0.4011377563	1	0.9971900043	1	0.9971900043	-0.4050895091	0.994374466	0.9971891614	0.9971891614	-0.3981734059	-0.3890409186	-0.3909310877	0.2768010083	0.2756410681	0.7674996769	0.7674996769	-0.1022999553	0.7718483473	0.2756410681	0.2738128805	0.2738128805	-0.3930363498	0.7748321251	0.7775053808	0.7775053808	0.7748321251	-0.3902041387	-0.3992521164	0.01541969133	0.2845176299	0.8139846264	0.2875362948	0.2845176299	0.2815043445	0.05878691708	0.2084799482	-0.03930866459	0.2034509697	0.2034509697	0.2042852771	0.2015806346	0.2070045153	-0.03626492616	0.2199387453	-0.02568780765
chr11_2099684_T_C	-0.003710899047	-0.1748961644	-0.1667801057	0.1906617452	0.1851882023	-0.1768379812	-0.1136895025	-0.1720070281	-0.1748961644	-0.1748961644	-0.1261123574	0.1933051968	-0.1136895025	0.0542657485	-0.124875099	0.2055715133	0.1877734106	0.1903907758	0.06412197195	0.1864673752	-0.1146375678	-0.1146375678	0.4107149738	0.6757846087	0.8874830489	-0.367242241	-0.3702845013	-0.3702845013	0.4133773085	0.4223833925	0.4193703699	0.4193703699	0.4193703699	0.8771881506	0.4223833925	0.425876324	0.7136362871	0.8990083913	0.8990083913	0.7662230073	-0.2625131988	0.4327667169	0.4327667169	0.4327667169	0.4357762055	0.9425769451	-0.3697205081	0.941613227	0.4413605851	0.444383223	0.9365226657	0.444383223	0.4456599988	-0.362821827	0.4413605851	-0.3692639684	-0.366162311	0.4413605851	0.4413605851	-0.3825756251	0.4413605851	0.4480349166	0.9523066435	-0.3886335683	0.9647849816	0.9545264425	-0.3896178688	0.9626482804	0.9568037785	0.9623255701	0.9777895267	0.9805361332	-0.3900388091	0.986020993	-0.3968134947	0.9943902398	0.9971900043	-0.3979424971	0.9971900043	1	0.9971900043	1	-0.401883717	0.9971901024	0.9943537817	0.9943537817	-0.3949571357	-0.390764482	-0.3927050327	0.2774715998	0.2763088495	0.7702097889	0.7702097889	-0.1012115172	0.7745738149	0.2763088495	0.2744925496	0.2744925496	-0.389829054	0.7775458389	0.7745738149	0.7745738149	0.7775458389	-0.387008906	-0.396078503	0.01862910871	0.2850384263	0.8164156935	0.2880677002	0.2850384263	0.2820343223	0.06338119235	0.2088724457	-0.03829454557	0.2083794265	0.2083794265	0.2044239687	0.206509307	0.2071527112	-0.03404918753	0.2201415091	-0.02354961903
chr11_2099854_G_A	-0.06946469338	0.3649125275	0.3618139748	-0.03962004438	-0.03488592813	0.3646177265	0.2290724625	0.3680155079	0.3649125275	0.3649125275	0.2700841851	-0.03248517784	0.2290724625	0.3035870568	0.2623230289	-0.05244728819	-0.02770068642	-0.03078675395	0.0331080913	-0.01941370795	0.3495786517	0.3495786517	0.6004112952	-0.2381718421	-0.3459128144	0.9453585319	0.9289500786	0.9289500786	0.6063796888	0.6041317157	0.6007605487	0.6007605487	0.6007605487	-0.3370408643	0.6041317157	0.5974029664	-0.2569649128	-0.3414129625	-0.3414129625	-0.3055054484	0.8772299089	0.6158672073	0.6158672073	0.6158672073	0.6110624846	-0.3674755585	0.9355850039	-0.3539560908	0.608180442	0.6074725206	-0.3583406623	0.6074725206	0.6043852362	0.9373004027	0.608180442	0.945178626	0.961819761	0.608180442	0.608180442	0.9728959408	0.608180442	0.6182398928	-0.3666541195	0.9749967588	-0.3738034439	-0.370195152	0.9751293496	-0.3765281224	-0.3690099856	-0.3690099856	-0.3800643243	-0.3913975359	0.9874418318	-0.3979838328	0.9937000812	-0.403429604	-0.4002190419	0.9957967601	-0.4050895091	-0.401883717	-0.4050895091	-0.401883717	1	-0.4009465736	-0.4041657249	-0.4041657249	0.997897161	0.9830983988	0.974714633	0.6291356199	0.6264992145	-0.4027274417	-0.4027274417	-0.1720595965	-0.4050093044	0.6264992145	0.6296979004	0.6296979004	0.9830729948	-0.406739872	-0.4099013307	-0.4099013307	-0.406739872	0.9809799664	0.9810622952	0.3622530622	0.6364415524	-0.3225146712	0.6353784383	0.6364415524	0.6369166763	0.6251364841	0.5432070646	0.1978561579	0.5402437778	0.5402437778	0.538299007	0.5397968887	0.5326321324	0.2667855088	0.5315612312	0.2373620763
chr11_2101283_G_A	-0.002931815437	-0.1731832285	-0.1650115641	0.1945325491	0.1890287653	-0.1751393627	-0.1126451669	-0.1702888682	-0.1731832285	-0.1731832285	-0.1248180859	0.1971764397	-0.1126451669	0.06019534264	-0.1235504641	0.2096300054	0.1916140908	0.1942570291	0.06592174556	0.1903078608	-0.1119713845	-0.1119713845	0.40921103	0.6755422797	0.8899564062	-0.3710698445	-0.3740376995	-0.3740376995	0.4118907146	0.420904708	0.4178890566	0.4178890566	0.4178890566	0.8795065664	0.420904708	0.4244449048	0.7138215387	0.9011542258	0.9011542258	0.7664756699	-0.2700486927	0.4313630118	0.4313630118	0.4313630118	0.4343751793	0.9452430099	-0.3733866041	0.944203736	0.4399785537	0.4430038499	0.9391204311	0.4430038499	0.4442886851	-0.3664823133	0.4399785537	-0.373008603	-0.3699817853	0.4399785537	0.4399785537	-0.386555223	0.4399785537	0.4466066161	0.9496290401	-0.3876988704	0.9620466408	0.9573340397	-0.388698267	0.9599680143	0.9596003209	0.9596003209	0.9749611947	0.9777135719	-0.3890658406	0.9831902413	-0.3958565318	0.9915690273	0.994374466	-0.396993526	0.994374466	0.9971901024	0.994374466	0.9971901024	-0.4009465736	1	0.9971588939	0.9971588939	-0.3988696539	-0.3947198813	-0.3967221211	0.2748243996	0.2736727425	0.771659916	0.771659916	-0.1006929147	0.7760321585	0.2736727425	0.2718447919	0.2718447919	-0.3937541591	0.7790093661	0.7760321585	0.7760321585	0.7790093661	-0.3909271526	-0.3951406917	0.01614830434	0.2823139454	0.8175725788	0.2853585319	0.2823139454	0.2793097131	0.05865942162	0.2055453654	-0.03749280091	0.2048859367	0.2048859367	0.2008895782	0.2029870765	0.2036326944	-0.03827179699	0.2167649303	-0.02789562932
chr11_2101345_C_T	-0.003731970567	-0.1758892737	-0.1677271297	0.2027536222	0.197248999	-0.1778421166	-0.1143350633	-0.172983732	-0.1758892737	-0.1758892737	-0.1268284586	0.2055292322	-0.1143350633	0.06427590849	-0.1255841746	0.2130891445	0.1999660349	0.2025985623	0.0644860744	0.1985933083	-0.1152885119	-0.1152885119	0.4082442545	0.6733193808	0.8870542825	-0.3742283158	-0.3772495881	-0.3772495881	0.4109491862	0.4199895297	0.4169650829	0.4169650829	0.4169650829	0.8766526399	0.4199895297	0.423513606	0.7115587892	0.8984249777	0.8984249777	0.7643033431	-0.2734418931	0.4304776263	0.4304776263	0.4304776263	0.4334985488	0.9423830119	-0.3718198843	0.9413575771	0.439134979	0.4421690297	0.9418405028	0.4421690297	0.4434658777	-0.3648820306	0.439134979	-0.376270406	-0.3731898566	0.439134979	0.439134979	-0.3896982921	0.439134979	0.4458374336	0.9522170229	-0.3908403381	0.959165769	0.9599465101	-0.3918302278	0.9625911505	0.9622367774	0.9622367774	0.9720677074	0.9804681171	-0.3922535583	0.9859883579	-0.3990667125	0.9943725179	0.9915259953	-0.4002021256	0.9971891614	0.9943537817	0.9971891614	0.9943537817	-0.4041657249	0.9971588939	1	1	-0.4021001529	-0.3929833518	-0.3949349214	0.2741468206	0.2729980028	0.768927069	0.768927069	-0.1017862244	0.7732838271	0.2729980028	0.2711581161	0.2711581161	-0.3969756894	0.7762728233	0.7789720612	0.7789720612	0.7762728233	-0.3941365815	-0.3983275472	0.01292061378	0.2817868972	0.8151197907	0.284820787	0.2817868972	0.2787734641	0.05403842805	0.2051480238	-0.03851199269	0.1999275981	0.1999275981	0.200747457	0.1980285361	0.2034809903	-0.04050004619	0.2165582441	-0.03004602879
chr11_2101804_G_A	-0.003731970567	-0.1758892737	-0.1677271297	0.2027536222	0.197248999	-0.1778421166	-0.1143350633	-0.172983732	-0.1758892737	-0.1758892737	-0.1268284586	0.2055292322	-0.1143350633	0.06427590849	-0.1255841746	0.2130891445	0.1999660349	0.2025985623	0.0644860744	0.1985933083	-0.1152885119	-0.1152885119	0.4082442545	0.6733193808	0.8870542825	-0.3742283158	-0.3772495881	-0.3772495881	0.4109491862	0.4199895297	0.4169650829	0.4169650829	0.4169650829	0.8766526399	0.4199895297	0.423513606	0.7115587892	0.8984249777	0.8984249777	0.7643033431	-0.2734418931	0.4304776263	0.4304776263	0.4304776263	0.4334985488	0.9423830119	-0.3718198843	0.9413575771	0.439134979	0.4421690297	0.9418405028	0.4421690297	0.4434658777	-0.3648820306	0.439134979	-0.376270406	-0.3731898566	0.439134979	0.439134979	-0.3896982921	0.439134979	0.4458374336	0.9522170229	-0.3908403381	0.959165769	0.9599465101	-0.3918302278	0.9625911505	0.9622367774	0.9622367774	0.9720677074	0.9804681171	-0.3922535583	0.9859883579	-0.3990667125	0.9943725179	0.9915259953	-0.4002021256	0.9971891614	0.9943537817	0.9971891614	0.9943537817	-0.4041657249	0.9971588939	1	1	-0.4021001529	-0.3929833518	-0.3949349214	0.2741468206	0.2729980028	0.768927069	0.768927069	-0.1017862244	0.7732838271	0.2729980028	0.2711581161	0.2711581161	-0.3969756894	0.7762728233	0.7789720612	0.7789720612	0.7762728233	-0.3941365815	-0.3983275472	0.01292061378	0.2817868972	0.8151197907	0.284820787	0.2817868972	0.2787734641	0.05403842805	0.2051480238	-0.03851199269	0.1999275981	0.1999275981	0.200747457	0.1980285361	0.2034809903	-0.04050004619	0.2165582441	-0.03004602879
chr11_2102033_G_A	-0.07019559175	0.3628309042	0.3597211811	-0.042069309	-0.03733228225	0.362539011	0.2277738314	0.3659450346	0.3628309042	0.3628309042	0.2685365781	-0.03491786364	0.2277738314	0.2989282295	0.2607504005	-0.05499508017	-0.03013043076	-0.03322795975	0.03188432083	-0.02184440048	0.3469536978	0.3469536978	0.6040278846	-0.234896196	-0.344034086	0.9474877762	0.9309907288	0.9309907288	0.6099976748	0.6077843381	0.6043990334	0.6043990334	0.6043990334	-0.3350722802	0.6077843381	0.601027381	-0.2538888399	-0.3391947681	-0.3391947681	-0.3022671761	0.883006605	0.6195118858	0.6195118858	0.6195118858	0.6147162143	-0.3655139638	0.9375574475	-0.3519257373	0.6118426062	0.611146335	-0.3563434566	0.611146335	0.6080562873	0.9393018774	0.6118426062	0.9472267357	0.9639572639	0.6118426062	0.6118426062	0.9751000205	0.6118426062	0.6219798026	-0.3600465354	0.9729436603	-0.3670886421	-0.3683002217	0.9730846449	-0.3698751402	-0.3670939828	-0.3623151996	-0.373214078	-0.3845461633	0.9853567632	-0.3911033783	0.9916004208	-0.3965209102	-0.3932999444	0.9936998985	-0.3981734059	-0.3949571357	-0.3981734059	-0.3949571357	0.997897161	-0.3988696539	-0.4021001529	-0.4021001529	1	0.9852489837	0.9769039309	0.6331202517	0.6304671486	-0.400560623	-0.400560623	-0.1730930137	-0.4028302085	0.6304671486	0.6336691917	0.6336691917	0.9852019385	-0.4045521688	-0.4077252423	-0.4077252423	-0.4045521688	0.9831151307	0.9789748438	0.36469955	0.6405331721	-0.3198264304	0.6394706301	0.6405331721	0.6409944134	0.6298861635	0.5473978274	0.1971056492	0.5445736006	0.5445736006	0.5426440277	0.5441422805	0.5369742737	0.2704219535	0.5358410238	0.2411365688
chr11_2103063_T_C	-0.09335330737	0.3684105776	0.3653179237	-0.02545483722	-0.02067137787	0.3681523244	0.2372743457	0.3715076955	0.3684105776	0.3684105776	0.267537281	-0.01824395214	0.2372743457	0.3136767341	0.2599723882	-0.04283311808	-0.01340959258	-0.01648906375	0.02375321345	-0.005037585991	0.3469044829	0.3469044829	0.5977257773	-0.2325694405	-0.3389587565	0.9319241305	0.9157947572	0.9157947572	0.6037416797	0.6013394585	0.5979769475	0.5979769475	0.5979769475	-0.3301674066	0.6013394585	0.5946279747	-0.2513995765	-0.335006975	-0.335006975	-0.3007324351	0.8693190766	0.613218686	0.613218686	0.613218686	0.6083203071	-0.3608633636	0.9269941367	-0.3472516397	0.6053493235	0.6045902054	-0.3468141265	0.6045902054	0.6014630955	0.9285873986	0.6053493235	0.932038746	0.9483989864	0.6053493235	0.6053493235	0.9593425185	0.6053493235	0.6152330679	-0.3503065438	0.9573024349	-0.3623539205	-0.3586216851	0.9572780175	-0.360263401	-0.3573834905	-0.3525578654	-0.3685526932	-0.3751488095	0.9699519907	-0.3819743924	0.9764477969	-0.3873211364	-0.3890409186	0.9787010166	-0.3890409186	-0.390764482	-0.3890409186	-0.390764482	0.9830983988	-0.3947198813	-0.3929833518	-0.3929833518	0.9852489837	1	0.9784514089	0.629677264	0.6270385889	-0.4019318338	-0.4019318338	-0.1701060349	-0.4091522039	0.6270385889	0.6302880659	0.6302880659	0.978587844	-0.4059971082	-0.4042091886	-0.4042091886	-0.4059971082	0.9764477969	0.9722010428	0.3570464781	0.6365927092	-0.3220716011	0.6355354369	0.6365927092	0.6371166073	0.6182353952	0.5418246811	0.2034411782	0.5339135702	0.5339135702	0.5361030316	0.5334059878	0.5303932532	0.2446648894	0.5295348188	0.214121326
chr11_2103073_T_TC	-0.0650411623	0.3752920049	0.3722176889	-0.03501575047	-0.03020180114	0.3750457636	0.2446380938	0.3783708552	0.3752920049	0.3752920049	0.2700274679	-0.0280133629	0.2446380938	0.3226456949	0.2625949754	-0.05509475755	-0.02314818891	-0.02620893548	0.04378102762	-0.01459457879	0.3651351174	0.3651351174	0.5883349246	-0.2314272133	-0.3448386641	0.9272856575	0.9114060611	0.9114060611	0.5943984115	0.5918344652	0.5884995652	0.5884995652	0.5884995652	-0.3362921372	0.5918344652	0.5851780495	-0.2500664324	-0.3420378861	-0.3420378861	-0.3001250634	0.8659512259	0.6038510309	0.6038510309	0.6038510309	0.5988726295	-0.3672054096	0.9229632349	-0.3537034516	0.59584122	0.5950281368	-0.3531642478	0.5950281368	0.5918846119	0.9244438675	0.59584122	0.927722594	0.9438314618	0.59584122	0.59584122	0.9546001164	0.59584122	0.6054970717	-0.3562784678	0.9526219585	-0.3686303502	-0.3647038582	0.9524938127	-0.3663933045	-0.3635157417	-0.3586593579	-0.3750490796	-0.381725461	0.965465528	-0.383822812	0.9678208606	-0.3891609282	-0.3909310877	0.9701767605	-0.3909310877	-0.3927050327	-0.3909310877	-0.3927050327	0.974714633	-0.3967221211	-0.3949349214	-0.3949349214	0.9769039309	0.9784514089	1	0.6190657811	0.6164715736	-0.4044152496	-0.4044152496	-0.1674194986	-0.4017321532	0.6164715736	0.6197361099	0.6197361099	0.9656857964	-0.4035710342	-0.4017321532	-0.4017321532	-0.4035710342	0.9678208606	0.9634960067	0.3655370024	0.6341266689	-0.3151081758	0.6330796878	0.6341266689	0.6346980076	0.6214016077	0.5338949001	0.2082831668	0.5252794194	0.5252794194	0.5274334741	0.5247122091	0.5216942049	0.2321091361	0.5168413607	0.2063005485
chr11_2104138_A_G	-0.08946496988	0.2104101701	0.2144567983	0.2563633763	0.2563633763	0.2085750753	0.1353095103	0.2158922589	0.2104101701	0.2104101701	0.1529736502	0.2666904079	0.1353095103	0.4554741851	0.1470254126	0.2510343249	0.2666904079	0.2659946623	0.07563122926	0.2733951437	0.2302480718	0.2302480718	0.7817526092	0.161031092	0.2535813552	0.5995539977	0.5774045448	0.5774045448	0.7908150362	0.7954268492	0.7897594034	0.7897594034	0.7897594034	0.2512053104	0.7954268492	0.7923412878	0.1760203854	0.253104331	0.253104331	0.3560568578	0.6231035038	0.8094451758	0.8094451758	0.8094451758	0.8069205132	0.2668768985	0.5896411965	0.2772359804	0.8093321172	0.8109143079	0.2744192946	0.8109143079	0.8093165131	0.5969465214	0.8093321172	0.594437296	0.6169022322	0.8093321172	0.8093321172	0.6130001897	0.8093321172	0.8280380372	0.2833066899	0.6100791763	0.279925696	0.275928013	0.6090459291	0.2813012668	0.2828205217	0.2923780879	0.2865132215	0.2774636923	0.6259434996	0.2801013278	0.6267329496	0.2761332934	0.2768010083	0.6280510795	0.2768010083	0.2774715998	0.2768010083	0.2774715998	0.6291356199	0.2748243996	0.2741468206	0.2741468206	0.6331202517	0.629677264	0.6190657811	1	0.99580948	0.4366415972	0.4366415972	-0.2377512478	0.4342205844	0.99580948	0.9978998971	0.9978998971	0.6264841901	0.4349319447	0.4342205844	0.4342205844	0.4349319447	0.6224903045	0.6187707563	0.3897170496	0.8815126779	0.3973674764	0.8789719893	0.8815126779	0.8794993288	0.6653722412	0.7079750114	0.1971056492	0.7021120212	0.7021120212	0.7049912273	0.7040571143	0.7017666868	0.2461897532	0.7084523106	0.2192348152
chr11_2107025_C_T	-0.08909006514	0.2047852542	0.2088153046	0.2647234327	0.2647234327	0.2029835374	0.1276596586	0.2102439398	0.2047852542	0.2047852542	0.1523326111	0.2703402075	0.1276596586	0.4535655114	0.1464092996	0.255424271	0.2703402075	0.269647506	0.07531429509	0.2769914491	0.2248976817	0.2248976817	0.7784766593	0.160356288	0.2525187175	0.5970415547	0.5749849195	0.5749849195	0.78750111	0.7920935971	0.7864499008	0.7864499008	0.7864499008	0.2501526295	0.7920935971	0.7890209658	0.1752827685	0.2520436922	0.2520436922	0.3545647944	0.6204923762	0.8060531797	0.8060531797	0.8060531797	0.8035390966	0.2657585455	0.5871702933	0.2760742174	0.8099954799	0.8115759684	0.2732693351	0.8115759684	0.8099738811	0.5986280812	0.8099954799	0.5961536128	0.6185575903	0.8099954799	0.8099954799	0.6146735466	0.8099954799	0.8286313895	0.2821194876	0.6117488717	0.2787526618	0.2747717312	0.6107336305	0.2801224682	0.2816353566	0.2911528717	0.2853125821	0.2763009752	0.6275560583	0.2789275576	0.6283314787	0.2749761513	0.2756410681	0.629628659	0.2756410681	0.2763088495	0.2756410681	0.2763088495	0.6264992145	0.2736727425	0.2729980028	0.2729980028	0.6304671486	0.6270385889	0.6164715736	0.99580948	1	0.4396588995	0.4396588995	-0.2466606823	0.4372754955	1	0.997911292	0.997911292	0.6238588956	0.4379837924	0.4372754955	0.4372754955	0.4379837924	0.6198817465	0.6161777851	0.3880839325	0.8819920671	0.4007854922	0.8794728103	0.8819920671	0.8799805317	0.6667413235	0.7134242428	0.1962796741	0.7074265569	0.7074265569	0.7103275567	0.7093792012	0.7071348738	0.2451580901	0.7096254055	0.2183161073
chr11_2107107_G_A	-0.009002533947	-0.1757561072	-0.1675177643	0.3279307573	0.3224630749	-0.1775599816	-0.110049323	-0.173001072	-0.1757561072	-0.1757561072	-0.1303232945	0.3259820778	-0.110049323	0.1695064471	-0.1283602649	0.3348098975	0.3204562146	0.3232059317	0.06445406647	0.3187053816	-0.1260127013	-0.1260127013	0.2174049735	0.4648963077	0.6891902446	-0.383423011	-0.3902425123	-0.3902425123	0.2209420874	0.2289198865	0.2262522415	0.2262522415	0.2262522415	0.6762504807	0.2289198865	0.2330907686	0.4915085215	0.6779624825	0.6779624825	0.7677753315	-0.2738389354	0.2314835042	0.2314835042	0.2314835042	0.2341381319	0.7239650363	-0.3838395863	0.7202656247	0.2402419105	0.2429054213	0.7165633072	0.2429054213	0.2446131107	-0.3773254985	0.2402419105	-0.3843114941	-0.3773560047	0.2402419105	0.2402419105	-0.3945757576	0.2402419105	0.2503072117	0.7310592041	-0.3955654181	0.7407975295	0.732032684	-0.3968064664	0.7400775953	0.738558735	0.7440746144	0.7554424081	0.7525025992	-0.3916083573	0.7632132185	-0.3980209703	0.7647972558	0.7674996769	-0.399026633	0.7674996769	0.7702097889	0.7674996769	0.7702097889	-0.4027274417	0.771659916	0.768927069	0.768927069	-0.400560623	-0.4019318338	-0.4044152496	0.4366415972	0.4396588995	1	1	-0.08825452873	0.9943659004	0.4396588995	0.4384053913	0.4384053913	-0.4154281771	0.9971964884	0.9943659004	0.9943659004	0.9971964884	-0.4225061975	-0.421974442	0.03400984834	0.2866912171	0.8521556946	0.2849879054	0.2866912171	0.2838022151	0.04621815676	0.1942485522	-0.002013344376	0.1958515056	0.1958515056	0.1966546493	0.1986401406	0.1994784166	-0.03860037962	0.2083608893	-0.03586343067
chr11_2107122_C_T	-0.009002533947	-0.1757561072	-0.1675177643	0.3279307573	0.3224630749	-0.1775599816	-0.110049323	-0.173001072	-0.1757561072	-0.1757561072	-0.1303232945	0.3259820778	-0.110049323	0.1695064471	-0.1283602649	0.3348098975	0.3204562146	0.3232059317	0.06445406647	0.3187053816	-0.1260127013	-0.1260127013	0.2174049735	0.4648963077	0.6891902446	-0.383423011	-0.3902425123	-0.3902425123	0.2209420874	0.2289198865	0.2262522415	0.2262522415	0.2262522415	0.6762504807	0.2289198865	0.2330907686	0.4915085215	0.6779624825	0.6779624825	0.7677753315	-0.2738389354	0.2314835042	0.2314835042	0.2314835042	0.2341381319	0.7239650363	-0.3838395863	0.7202656247	0.2402419105	0.2429054213	0.7165633072	0.2429054213	0.2446131107	-0.3773254985	0.2402419105	-0.3843114941	-0.3773560047	0.2402419105	0.2402419105	-0.3945757576	0.2402419105	0.2503072117	0.7310592041	-0.3955654181	0.7407975295	0.732032684	-0.3968064664	0.7400775953	0.738558735	0.7440746144	0.7554424081	0.7525025992	-0.3916083573	0.7632132185	-0.3980209703	0.7647972558	0.7674996769	-0.399026633	0.7674996769	0.7702097889	0.7674996769	0.7702097889	-0.4027274417	0.771659916	0.768927069	0.768927069	-0.400560623	-0.4019318338	-0.4044152496	0.4366415972	0.4396588995	1	1	-0.08825452873	0.9943659004	0.4396588995	0.4384053913	0.4384053913	-0.4154281771	0.9971964884	0.9943659004	0.9943659004	0.9971964884	-0.4225061975	-0.421974442	0.03400984834	0.2866912171	0.8521556946	0.2849879054	0.2866912171	0.2838022151	0.04621815676	0.1942485522	-0.002013344376	0.1958515056	0.1958515056	0.1966546493	0.1986401406	0.1994784166	-0.03860037962	0.2083608893	-0.03586343067
chr11_2107154_G_A	-0.01569250973	-0.008471359778	-0.009518371216	-0.01183920535	-0.01183920535	-0.009467579871	0.05852280899	-0.01866097783	-0.008471359778	-0.008471359778	-0.06086226294	-0.01904570632	0.05852280899	-0.06453489642	-0.06516095914	-0.008184658599	-0.01904570632	-0.02009936373	-0.06913707744	-0.02103925175	-0.05513725798	-0.05513725798	-0.205437334	-0.04279820993	-0.03453342131	-0.166614197	-0.1726771525	-0.1726771525	-0.2024539599	-0.2101760844	-0.2011163653	-0.2011163653	-0.2011163653	-0.02752853516	-0.2101760844	-0.2017850038	-0.03962503437	-0.08875458087	-0.08875458087	-0.06566420448	-0.1665367924	-0.2545451159	-0.2545451159	-0.2545451159	-0.2539487978	-0.1064854619	-0.1713896955	-0.1033232077	-0.2693850983	-0.2688156723	-0.1049087051	-0.2688156723	-0.2671937254	-0.1887999636	-0.2693850983	-0.1861765099	-0.1801509607	-0.2693850983	-0.2693850983	-0.1736612851	-0.2693850983	-0.2627610125	-0.1128276267	-0.1739438816	-0.1086364812	-0.1123521247	-0.1726335624	-0.1112749062	-0.1118758809	-0.1118758809	-0.1071625416	-0.1060725584	-0.1780709991	-0.1017286137	-0.1804200867	-0.1033899046	-0.1022999553	-0.1806911927	-0.1022999553	-0.1012115172	-0.1022999553	-0.1012115172	-0.1720595965	-0.1006929147	-0.1017862244	-0.1017862244	-0.1730930137	-0.1701060349	-0.1674194986	-0.2377512478	-0.2466606823	-0.08825452873	-0.08825452873	1	-0.08875458087	-0.2466606823	-0.2383251965	-0.2383251965	-0.1714478662	-0.08767631314	-0.08875458087	-0.08875458087	-0.08767631314	-0.1704121929	-0.1683490001	0.1285178524	-0.2323393602	-0.05325321042	-0.233864061	-0.2323393602	-0.232891071	-0.1856843333	-0.1904196585	-0.02263024801	-0.2022224738	-0.2022224738	-0.2030517434	-0.2016933531	-0.2044187729	-0.05960558318	-0.1994772117	-0.04976724297
chr11_2107655_C_A	-0.009053542507	-0.1767519453	-0.1684669237	0.324290158	0.3187914956	-0.1785660404	-0.110672865	-0.1739813	-0.1767519453	-0.1767519453	-0.1310617092	0.3222719267	-0.110672865	0.1704668744	-0.1290875571	0.3303634759	0.3167147537	0.319479901	0.07328271268	0.314983606	-0.1216146181	-0.1216146181	0.2186367949	0.4675304207	0.693095212	-0.3855954945	-0.3924536352	-0.3924536352	0.2221939503	0.2302169517	0.2275341918	0.2275341918	0.2275341918	0.6800821311	0.2302169517	0.2344114661	0.4942934198	0.6818038331	0.6818038331	0.7721255638	-0.275390513	0.2327950949	0.2327950949	0.2327950949	0.2354647638	0.7280670385	-0.38601443	0.7243466659	0.2416031266	0.2442817289	0.720623371	0.2442817289	0.2459990941	-0.3794634332	0.2416031266	-0.3864890117	-0.3794941123	0.2416031266	0.2416031266	-0.3968114327	0.2416031266	0.2517254579	0.735201402	-0.3978067007	0.744994905	0.7361803977	-0.3990547808	0.7442708916	0.7427434255	0.7482905579	0.7597227618	0.7567662959	-0.3938272191	0.7675376018	-0.4002761661	0.7691306143	0.7718483473	-0.4012875269	0.7718483473	0.7745738149	0.7718483473	0.7745738149	-0.4050093044	0.7760321585	0.7732838271	0.7732838271	-0.4028302085	-0.4091522039	-0.4017321532	0.4342205844	0.4372754955	0.9943659004	0.9943659004	-0.08875458087	1	0.4372754955	0.436001626	0.436001626	-0.4177820025	0.9971646479	0.9943179256	0.9943179256	0.9971646479	-0.4199753349	-0.4194463122	0.04581850891	0.2931803991	0.8569840279	0.291480008	0.2931803991	0.2902673074	0.05132610664	0.2002543094	-0.002024752031	0.2017735203	0.2017735203	0.2026009488	0.2045871075	0.2054514078	-0.03256834855	0.2143695229	-0.02971083529
chr11_2107761_C_T	-0.08909006514	0.2047852542	0.2088153046	0.2647234327	0.2647234327	0.2029835374	0.1276596586	0.2102439398	0.2047852542	0.2047852542	0.1523326111	0.2703402075	0.1276596586	0.4535655114	0.1464092996	0.255424271	0.2703402075	0.269647506	0.07531429509	0.2769914491	0.2248976817	0.2248976817	0.7784766593	0.160356288	0.2525187175	0.5970415547	0.5749849195	0.5749849195	0.78750111	0.7920935971	0.7864499008	0.7864499008	0.7864499008	0.2501526295	0.7920935971	0.7890209658	0.1752827685	0.2520436922	0.2520436922	0.3545647944	0.6204923762	0.8060531797	0.8060531797	0.8060531797	0.8035390966	0.2657585455	0.5871702933	0.2760742174	0.8099954799	0.8115759684	0.2732693351	0.8115759684	0.8099738811	0.5986280812	0.8099954799	0.5961536128	0.6185575903	0.8099954799	0.8099954799	0.6146735466	0.8099954799	0.8286313895	0.2821194876	0.6117488717	0.2787526618	0.2747717312	0.6107336305	0.2801224682	0.2816353566	0.2911528717	0.2853125821	0.2763009752	0.6275560583	0.2789275576	0.6283314787	0.2749761513	0.2756410681	0.629628659	0.2756410681	0.2763088495	0.2756410681	0.2763088495	0.6264992145	0.2736727425	0.2729980028	0.2729980028	0.6304671486	0.6270385889	0.6164715736	0.99580948	1	0.4396588995	0.4396588995	-0.2466606823	0.4372754955	1	0.997911292	0.997911292	0.6238588956	0.4379837924	0.4372754955	0.4372754955	0.4379837924	0.6198817465	0.6161777851	0.3880839325	0.8819920671	0.4007854922	0.8794728103	0.8819920671	0.8799805317	0.6667413235	0.7134242428	0.1962796741	0.7074265569	0.7074265569	0.7103275567	0.7093792012	0.7071348738	0.2451580901	0.7096254055	0.2183161073
chr11_2107854_G_T	-0.09001956791	0.2077958211	0.2118272012	0.2630221837	0.2630221837	0.2059665301	0.1336716712	0.2132790148	0.2077958211	0.2077958211	0.1510358522	0.2686664107	0.1336716712	0.4541293207	0.1450762091	0.2536072207	0.2686664107	0.267962275	0.07427687321	0.2753297101	0.2270712136	0.2270712136	0.7797098051	0.1587938438	0.2505952172	0.6002112967	0.5780162762	0.5780162762	0.788780146	0.7934065858	0.7877403759	0.7877403759	0.7877403759	0.2482654777	0.7934065858	0.7903112808	0.1737216657	0.2502659807	0.2502659807	0.3535621477	0.6233548074	0.807428369	0.807428369	0.807428369	0.8049145757	0.2639000105	0.5901626164	0.2742557697	0.807350276	0.8089372482	0.2714373021	0.8089372482	0.8073519749	0.5974850508	0.807350276	0.5950212733	0.6175319648	0.807350276	0.807350276	0.6136953833	0.807350276	0.8260915315	0.2802626876	0.6107642791	0.276909333	0.2728910987	0.6097545763	0.2782665473	0.2797694122	0.2893128155	0.283474564	0.2744486177	0.6265748997	0.2771227072	0.6273340173	0.2731360515	0.2738128805	0.6286362335	0.2738128805	0.2744925496	0.2738128805	0.2744925496	0.6296979004	0.2718447919	0.2711581161	0.2711581161	0.6336691917	0.6302880659	0.6197361099	0.9978998971	0.997911292	0.4384053913	0.4384053913	-0.2383251965	0.436001626	0.997911292	1	1	0.6270781301	0.4367215889	0.436001626	0.436001626	0.4367215889	0.6230976592	0.6193986294	0.3913600273	0.8839012602	0.3996608776	0.8813655604	0.8839012602	0.8818767409	0.6645764909	0.7107769825	0.1959427105	0.7050633535	0.7050633535	0.7079546623	0.7070213846	0.7047355037	0.2439152632	0.7113496214	0.2170658034
chr11_2108072_G_A	-0.09001956791	0.2077958211	0.2118272012	0.2630221837	0.2630221837	0.2059665301	0.1336716712	0.2132790148	0.2077958211	0.2077958211	0.1510358522	0.2686664107	0.1336716712	0.4541293207	0.1450762091	0.2536072207	0.2686664107	0.267962275	0.07427687321	0.2753297101	0.2270712136	0.2270712136	0.7797098051	0.1587938438	0.2505952172	0.6002112967	0.5780162762	0.5780162762	0.788780146	0.7934065858	0.7877403759	0.7877403759	0.7877403759	0.2482654777	0.7934065858	0.7903112808	0.1737216657	0.2502659807	0.2502659807	0.3535621477	0.6233548074	0.807428369	0.807428369	0.807428369	0.8049145757	0.2639000105	0.5901626164	0.2742557697	0.807350276	0.8089372482	0.2714373021	0.8089372482	0.8073519749	0.5974850508	0.807350276	0.5950212733	0.6175319648	0.807350276	0.807350276	0.6136953833	0.807350276	0.8260915315	0.2802626876	0.6107642791	0.276909333	0.2728910987	0.6097545763	0.2782665473	0.2797694122	0.2893128155	0.283474564	0.2744486177	0.6265748997	0.2771227072	0.6273340173	0.2731360515	0.2738128805	0.6286362335	0.2738128805	0.2744925496	0.2738128805	0.2744925496	0.6296979004	0.2718447919	0.2711581161	0.2711581161	0.6336691917	0.6302880659	0.6197361099	0.9978998971	0.997911292	0.4384053913	0.4384053913	-0.2383251965	0.436001626	0.997911292	1	1	0.6270781301	0.4367215889	0.436001626	0.436001626	0.4367215889	0.6230976592	0.6193986294	0.3913600273	0.8839012602	0.3996608776	0.8813655604	0.8839012602	0.8818767409	0.6645764909	0.7107769825	0.1959427105	0.7050633535	0.7050633535	0.7079546623	0.7070213846	0.7047355037	0.2439152632	0.7113496214	0.2170658034
chr11_2108091_G_GAGTC	-0.08151823868	0.3578340227	0.3547326582	-0.02072101784	-0.01595234524	0.3576087556	0.2264825628	0.3609397396	0.3578340227	0.3578340227	0.2632600623	-0.01340638986	0.2264825628	0.3071538555	0.2556777841	-0.03126146147	-0.008586974391	-0.0116759225	0.02117491404	-0.0003043644658	0.3356810293	0.3356810293	0.5940948969	-0.2468002272	-0.3479114393	0.9406512268	0.924347357	0.924347357	0.600135238	0.5977837151	0.5944171563	0.5944171563	0.5944171563	-0.3391028284	0.5977837151	0.591064112	-0.254731527	-0.3340105024	-0.3340105024	-0.3092012812	0.8649122126	0.6096750768	0.6096750768	0.6096750768	0.6048062129	-0.3601482413	0.922722002	-0.3465056171	0.6019002053	0.6011578025	-0.3509348358	0.6011578025	0.5980608329	0.9243576887	0.6019002053	0.9321112505	0.9485803004	0.6019002053	0.6019002053	0.9596103365	0.6019002053	0.6118805377	-0.3545149356	0.9575474849	-0.3616725297	-0.3628121281	0.9575675296	-0.3644282886	-0.3615857889	-0.356775081	-0.3678009813	-0.3792395386	0.9700970564	-0.3859626369	0.9765139808	-0.3913422561	-0.388130331	0.9787320861	-0.3930363498	-0.389829054	-0.3930363498	-0.389829054	0.9830729948	-0.3937541591	-0.3969756894	-0.3969756894	0.9852019385	0.978587844	0.9656857964	0.6264841901	0.6238588956	-0.4154281771	-0.4154281771	-0.1714478662	-0.4177820025	0.6238588956	0.6270781301	0.6270781301	1	-0.4195445904	-0.4227097378	-0.4227097378	-0.4195445904	0.9893269452	0.9851086284	0.3553831091	0.6336370897	-0.3409578199	0.6325637479	0.6336370897	0.6341442206	0.6293160414	0.5394070274	0.2010563454	0.5361384645	0.5361384645	0.5341464916	0.5356564138	0.5284370351	0.2725834559	0.5274825219	0.2428131082
chr11_2108689_C_T	-0.00825456093	-0.1740722715	-0.1657766352	0.3270994179	0.3216008486	-0.1758899217	-0.109000117	-0.1713124012	-0.1740722715	-0.1740722715	-0.1290703471	0.3250670683	-0.109000117	0.1712427613	-0.1270727231	0.3332778462	0.3195099893	0.3222861916	0.06626230389	0.3177858854	-0.1234281285	-0.1234281285	0.219661153	0.4698458871	0.6961180076	-0.3873858896	-0.3941527871	-0.3941527871	0.223193437	0.2311913549	0.2285169666	0.2285169666	0.2285169666	0.6830554106	0.2311913549	0.2354024406	0.4966540722	0.6846558402	0.6846558402	0.7743992165	-0.2767513748	0.2337412878	0.2337412878	0.2337412878	0.2364026251	0.7310555862	-0.3876297842	0.7273212942	0.2425087183	0.2451789913	0.7236049858	0.2451789913	0.2468845237	-0.3811113723	0.2425087183	-0.388185342	-0.3812824498	0.2425087183	0.2425087183	-0.398668853	0.2425087183	0.2525575779	0.738239546	-0.3996473419	0.7480065773	0.7392229962	-0.4009209911	0.7473015457	0.7457905414	0.75133758	0.7627487541	0.7597805126	-0.3956328274	0.7705047153	-0.4020477643	0.7721261833	0.7748321251	-0.4030428792	0.7748321251	0.7775458389	0.7748321251	0.7775458389	-0.406739872	0.7790093661	0.7762728233	0.7762728233	-0.4045521688	-0.4059971082	-0.4035710342	0.4349319447	0.4379837924	0.9971964884	0.9971964884	-0.08767631314	0.9971646479	0.4379837924	0.4367215889	0.4367215889	-0.4195445904	1	0.9971646479	0.9971646479	1	-0.4217466	-0.4212350311	0.0432364533	0.2937449201	0.859544183	0.2920557066	0.2937449201	0.2908406107	0.0511040921	0.2006791423	-0.001012358895	0.2019419737	0.2019419737	0.202770093	0.204746274	0.2056304941	-0.03659846585	0.2146053807	-0.03392223914
chr11_2108794_C_T	-0.009053542507	-0.1767519453	-0.1684669237	0.3352874827	0.3297888203	-0.1785660404	-0.110672865	-0.1739813	-0.1767519453	-0.1767519453	-0.1310617092	0.3333862726	-0.110672865	0.1753126333	-0.1290875571	0.3367069379	0.3278290996	0.3305945466	0.06481926466	0.326038741	-0.1267266921	-0.1267266921	0.2186367949	0.4675304207	0.693095212	-0.3904909584	-0.3973108778	-0.3973108778	0.2221939503	0.2302169517	0.2275341918	0.2275341918	0.2275341918	0.6800821311	0.2302169517	0.2344114661	0.4942934198	0.6818038331	0.6818038331	0.7721255638	-0.2801044384	0.2327950949	0.2327950949	0.2327950949	0.2354647638	0.7280670385	-0.38601443	0.7243466659	0.2416031266	0.2442817289	0.726191272	0.2442817289	0.2459990941	-0.3794634332	0.2416031266	-0.3913933488	-0.3844371276	0.2416031266	0.2416031266	-0.401756368	0.2416031266	0.2517254579	0.7406925328	-0.4027330994	0.744994905	0.7416992869	-0.4039971214	0.749788226	0.7482905579	0.7538376904	0.7597227618	0.7623959669	-0.3987645087	0.773163041	-0.4052009583	0.7747886279	0.7718483473	-0.4061943374	0.7775053808	0.7745738149	0.7775053808	0.7745738149	-0.4099013307	0.7760321585	0.7789720612	0.7789720612	-0.4077252423	-0.4042091886	-0.4017321532	0.4342205844	0.4372754955	0.9943659004	0.9943659004	-0.08875458087	0.9943179256	0.4372754955	0.436001626	0.436001626	-0.4227097378	0.9971646479	1	1	0.9971646479	-0.4249001271	-0.4243653587	0.04001052891	0.2931803991	0.8569840279	0.291480008	0.2931803991	0.2902673074	0.04648002988	0.2002543094	-0.002024752031	0.1969612046	0.1969612046	0.2026009488	0.1997656401	0.2054514078	-0.03881909024	0.2143695229	-0.03606663368
chr11_2109282_GC_G	-0.009053542507	-0.1767519453	-0.1684669237	0.3352874827	0.3297888203	-0.1785660404	-0.110672865	-0.1739813	-0.1767519453	-0.1767519453	-0.1310617092	0.3333862726	-0.110672865	0.1753126333	-0.1290875571	0.3367069379	0.3278290996	0.3305945466	0.06481926466	0.326038741	-0.1267266921	-0.1267266921	0.2186367949	0.4675304207	0.693095212	-0.3904909584	-0.3973108778	-0.3973108778	0.2221939503	0.2302169517	0.2275341918	0.2275341918	0.2275341918	0.6800821311	0.2302169517	0.2344114661	0.4942934198	0.6818038331	0.6818038331	0.7721255638	-0.2801044384	0.2327950949	0.2327950949	0.2327950949	0.2354647638	0.7280670385	-0.38601443	0.7243466659	0.2416031266	0.2442817289	0.726191272	0.2442817289	0.2459990941	-0.3794634332	0.2416031266	-0.3913933488	-0.3844371276	0.2416031266	0.2416031266	-0.401756368	0.2416031266	0.2517254579	0.7406925328	-0.4027330994	0.744994905	0.7416992869	-0.4039971214	0.749788226	0.7482905579	0.7538376904	0.7597227618	0.7623959669	-0.3987645087	0.773163041	-0.4052009583	0.7747886279	0.7718483473	-0.4061943374	0.7775053808	0.7745738149	0.7775053808	0.7745738149	-0.4099013307	0.7760321585	0.7789720612	0.7789720612	-0.4077252423	-0.4042091886	-0.4017321532	0.4342205844	0.4372754955	0.9943659004	0.9943659004	-0.08875458087	0.9943179256	0.4372754955	0.436001626	0.436001626	-0.4227097378	0.9971646479	1	1	0.9971646479	-0.4249001271	-0.4243653587	0.04001052891	0.2931803991	0.8569840279	0.291480008	0.2931803991	0.2902673074	0.04648002988	0.2002543094	-0.002024752031	0.1969612046	0.1969612046	0.2026009488	0.1997656401	0.2054514078	-0.03881909024	0.2143695229	-0.03606663368
chr11_2109320_TG_T	-0.00825456093	-0.1740722715	-0.1657766352	0.3270994179	0.3216008486	-0.1758899217	-0.109000117	-0.1713124012	-0.1740722715	-0.1740722715	-0.1290703471	0.3250670683	-0.109000117	0.1712427613	-0.1270727231	0.3332778462	0.3195099893	0.3222861916	0.06626230389	0.3177858854	-0.1234281285	-0.1234281285	0.219661153	0.4698458871	0.6961180076	-0.3873858896	-0.3941527871	-0.3941527871	0.223193437	0.2311913549	0.2285169666	0.2285169666	0.2285169666	0.6830554106	0.2311913549	0.2354024406	0.4966540722	0.6846558402	0.6846558402	0.7743992165	-0.2767513748	0.2337412878	0.2337412878	0.2337412878	0.2364026251	0.7310555862	-0.3876297842	0.7273212942	0.2425087183	0.2451789913	0.7236049858	0.2451789913	0.2468845237	-0.3811113723	0.2425087183	-0.388185342	-0.3812824498	0.2425087183	0.2425087183	-0.398668853	0.2425087183	0.2525575779	0.738239546	-0.3996473419	0.7480065773	0.7392229962	-0.4009209911	0.7473015457	0.7457905414	0.75133758	0.7627487541	0.7597805126	-0.3956328274	0.7705047153	-0.4020477643	0.7721261833	0.7748321251	-0.4030428792	0.7748321251	0.7775458389	0.7748321251	0.7775458389	-0.406739872	0.7790093661	0.7762728233	0.7762728233	-0.4045521688	-0.4059971082	-0.4035710342	0.4349319447	0.4379837924	0.9971964884	0.9971964884	-0.08767631314	0.9971646479	0.4379837924	0.4367215889	0.4367215889	-0.4195445904	1	0.9971646479	0.9971646479	1	-0.4217466	-0.4212350311	0.0432364533	0.2937449201	0.859544183	0.2920557066	0.2937449201	0.2908406107	0.0511040921	0.2006791423	-0.001012358895	0.2019419737	0.2019419737	0.202770093	0.204746274	0.2056304941	-0.03659846585	0.2146053807	-0.03392223914
chr11_2109650_G_GC	-0.080777176	0.3599402929	0.3568501024	-0.02303481843	-0.01826899393	0.3597120525	0.2277955095	0.3630348565	0.3599402929	0.3599402929	0.2648269001	-0.01578753817	0.2277955095	0.3076453973	0.2572695233	-0.03420998291	-0.0109710011	-0.01404861186	0.01507847931	-0.002661598482	0.3383376796	0.3383376796	0.5946311285	-0.2391824344	-0.3403392749	0.9342889468	0.9181069255	0.9181069255	0.6006463573	0.5982746155	0.5949172841	0.5949172841	0.5949172841	-0.331537227	0.5982746155	0.59157345	-0.2472190461	-0.3313290753	-0.3313290753	-0.3070346298	0.8632120942	0.6101344618	0.6101344618	0.6101344618	0.6052613237	-0.3573321802	0.9207651566	-0.343709823	0.6023291724	0.6015800329	-0.3481303955	0.6015800329	0.5984746822	0.9223717199	0.6023291724	0.9300786053	0.9464581754	0.6023291724	0.6023291724	0.9574214932	0.6023291724	0.6122400115	-0.3516591473	0.9553744022	-0.358835267	-0.3599475091	0.9553722548	-0.3615729384	-0.3587178907	-0.353910056	-0.3649474308	-0.3763894061	0.9679469011	-0.3831491574	0.9743893763	-0.3885008767	-0.38530105	0.976620223	-0.3902041387	-0.387008906	-0.3902041387	-0.387008906	0.9809799664	-0.3909271526	-0.3941365815	-0.3941365815	0.9831151307	0.9764477969	0.9678208606	0.6224903045	0.6198817465	-0.4225061975	-0.4225061975	-0.1704121929	-0.4199753349	0.6198817465	0.6230976592	0.6230976592	0.9893269452	-0.4217466	-0.4249001271	-0.4249001271	-0.4217466	1	0.9957541425	0.3630013945	0.6379686645	-0.3436582504	0.636916523	0.6379686645	0.6384763703	0.6413491432	0.5479588296	0.2018137151	0.5443091197	0.5443091197	0.5423531558	0.5438352129	0.5366743025	0.2851801277	0.5357442388	0.2555436398
chr11_2110067_G_A	-0.07929979776	0.3641549135	0.3610869499	-0.01813433998	-0.01337407574	0.363920731	0.2304227903	0.3672272915	0.3641549135	0.3641549135	0.2679620457	-0.01092001941	0.2304227903	0.3170249483	0.2604541844	-0.02911429462	-0.006109101771	-0.009163899712	0.01756134354	0.002202751518	0.3436505488	0.3436505488	0.5874105917	-0.2457810999	-0.344145507	0.9300876379	0.9140822788	0.9140822788	0.5934233704	0.5909820055	0.5876528395	0.5876528395	0.5876528395	-0.3355233594	0.5909820055	0.5843370364	-0.2534304519	-0.3358225221	-0.3358225221	-0.3081396473	0.8557597478	0.6028584812	0.6028584812	0.6028584812	0.5979669006	-0.3613117758	0.9168826891	-0.3478267991	0.5950176572	0.5942451024	-0.3521810107	0.5942451024	0.5911451138	0.9184311507	0.5950176572	0.9260450515	0.94224641	0.5950176572	0.5950176572	0.9530768162	0.5950176572	0.6047731094	-0.3602281631	0.9553259848	-0.3675755383	-0.363793431	0.9552933327	-0.3702111451	-0.3626061345	-0.3626061345	-0.37388423	-0.3853301753	0.9679540182	-0.3921522909	0.974436856	-0.3975330508	-0.3943547481	0.9766776325	-0.3992521164	-0.396078503	-0.3992521164	-0.396078503	0.9810622952	-0.3951406917	-0.3983275472	-0.3983275472	0.9789748438	0.9722010428	0.9634960067	0.6187707563	0.6161777851	-0.421974442	-0.421974442	-0.1683490001	-0.4194463122	0.6161777851	0.6193986294	0.6193986294	0.9851086284	-0.4212350311	-0.4243653587	-0.4243653587	-0.4212350311	0.9957541425	1	0.3631365547	0.6339988711	-0.3439290429	0.6329563773	0.6339988711	0.6345277893	0.6360226673	0.5480609721	0.2033311147	0.5398055703	0.5398055703	0.5378360244	0.5393082959	0.5363642634	0.2832798365	0.5355338432	0.2534550682
chr11_2111124_C_G	-0.1219370931	0.07598123392	0.07848672687	-0.08056055486	-0.08056055486	0.07806791084	0.08720485876	0.0791281343	0.07598123392	0.07598123392	0.02245173297	-0.08583580964	0.08720485876	0.09410952814	0.03472017266	-0.1030239198	-0.09151612057	-0.09467440127	0.1749421284	-0.08600630799	0.1747589053	0.1747589053	0.3383747094	-0.04075626073	0.03039772422	0.3541677222	0.3194067157	0.3194067157	0.3369804739	0.3316473839	0.3334261411	0.3334261411	0.3334261411	0.02440775554	0.3316473839	0.3352038236	-0.03338007395	0.005162648891	0.005162648891	0.1970545876	0.3522769945	0.3338617988	0.3338617988	0.3338617988	0.332103041	0.01887634314	0.3249382595	0.02033895602	0.3242396603	0.3224838235	0.01391200958	0.3224838235	0.3194669368	0.3189840021	0.3242396603	0.3219465983	0.3570464781	0.3242396603	0.3242396603	0.3515690461	0.3242396603	0.3561094407	0.02494580176	0.3524891869	0.02392131817	0.0169235366	0.3491393064	0.02005187411	0.02016017049	0.02583021844	0.02238311328	0.01406634891	0.3571936459	0.0153335729	0.3579674769	0.0122093706	0.01541969133	0.3588895692	0.01541969133	0.01862910871	0.01541969133	0.01862910871	0.3622530622	0.01614830434	0.01292061378	0.01292061378	0.36469955	0.3570464781	0.3655370024	0.3897170496	0.3880839325	0.03400984834	0.03400984834	0.1285178524	0.04581850891	0.3880839325	0.3913600273	0.3913600273	0.3553831091	0.0432364533	0.04001052891	0.04001052891	0.0432364533	0.3630013945	0.3631365547	1	0.5530612658	0.2442833084	0.5517208117	0.5530612658	0.5494253809	0.3852689553	0.3838365827	0.09520239425	0.4033538007	0.4033538007	0.4050078655	0.406858821	0.4081040683	0.176059279	0.4002864184	0.159528423
chr11_2111243_A_G	-0.104186726	0.2103496389	0.2145120331	0.1685263276	0.1685263276	0.2086592917	0.1347257646	0.2156570643	0.2103496389	0.2103496389	0.1533955361	0.1725474767	0.1347257646	0.383834429	0.1481704719	0.1566380568	0.1725474767	0.1719951435	0.09371038329	0.1799852347	0.2448993704	0.2448993704	0.8065547929	0.1467530822	0.2582496529	0.6104934746	0.5893567056	0.5893567056	0.8069803892	0.811272176	0.805736963	0.805736963	0.805736963	0.2549604687	0.811272176	0.8084000662	0.163418126	0.2591269175	0.2591269175	0.3778611597	0.634003004	0.8247637742	0.8247637742	0.8247637742	0.8221579658	0.2705638012	0.6026607048	0.2803425791	0.824106779	0.82558264	0.2778025709	0.82558264	0.8238211956	0.6095835889	0.824106779	0.6066846138	0.6281286536	0.824106779	0.824106779	0.6233745519	0.824106779	0.8417724442	0.2878242896	0.6205440301	0.2838169473	0.2803822726	0.619311361	0.2855799975	0.287122361	0.2966208625	0.2900226961	0.2857044198	0.6326178867	0.2877449031	0.6337522386	0.2839998469	0.2845176299	0.6351474821	0.2845176299	0.2850384263	0.2845176299	0.2850384263	0.6364415524	0.2823139454	0.2817868972	0.2817868972	0.6405331721	0.6365927092	0.6341266689	0.8815126779	0.8819920671	0.2866912171	0.2866912171	-0.2323393602	0.2931803991	0.8819920671	0.8839012602	0.8839012602	0.6336370897	0.2937449201	0.2931803991	0.2931803991	0.2937449201	0.6379686645	0.6339988711	0.5530612658	1	0.422904081	0.9979195673	1	0.9979261676	0.7455498838	0.8056900971	0.1672845065	0.7988633159	0.7988633159	0.8021392776	0.8008657799	0.7992826673	0.3320468373	0.8022226396	0.3107110845
chr11_2111386_G_C	-0.01138486932	-0.1385133798	-0.1294769938	0.2172796084	0.2115455565	-0.1402549775	-0.07164477168	-0.1360204008	-0.1385133798	-0.1385133798	-0.1156075574	0.2122788316	-0.07164477168	0.1101777759	-0.1118713216	0.2195555372	0.2064837644	0.2097663922	0.08500043189	0.20613857	-0.08113778454	-0.08113778454	0.3305589128	0.5066932171	0.7423853142	-0.3145367911	-0.3195582018	-0.3195582018	0.3379650706	0.3456671159	0.3430905106	0.3430905106	0.3430905106	0.7261950519	0.3456671159	0.3504836601	0.5444528617	0.7207017708	0.7207017708	0.8233231112	-0.1797164363	0.3565480414	0.3565480414	0.3565480414	0.359123796	0.770548395	-0.2942933145	0.7651624126	0.3640118957	0.3665986543	0.7620363388	0.3665986543	0.3677450061	-0.2882909443	0.3640118957	-0.2964154042	-0.2911438909	0.3640118957	0.3640118957	-0.3116686024	0.3640118957	0.372055085	0.7806716487	-0.3127325619	0.7890090399	0.7813636494	-0.3144194838	0.7893970844	0.7878758718	0.7936604687	0.8033367936	0.8057143555	-0.31207547	0.8153048071	-0.3179801744	0.8115618648	0.8139846264	-0.3190425425	0.8139846264	0.8164156935	0.8139846264	0.8164156935	-0.3225146712	0.8175725788	0.8151197907	0.8151197907	-0.3198264304	-0.3220716011	-0.3151081758	0.3973674764	0.4007854922	0.8521556946	0.8521556946	-0.05325321042	0.8569840279	0.4007854922	0.3996608776	0.3996608776	-0.3409578199	0.859544183	0.8569840279	0.8569840279	0.859544183	-0.3436582504	-0.3439290429	0.2442833084	0.422904081	1	0.4217869038	0.422904081	0.4200320621	0.1010405208	0.2960681497	-0.01583571481	0.2919589033	0.2919589033	0.2931561622	0.2946988612	0.2966605278	-0.03115604918	0.3027735583	-0.02564358573
chr11_2111406_A_C	-0.1051416734	0.2133415324	0.2175050713	0.1665456871	0.1665456871	0.211624192	0.1336396607	0.218672313	0.2133415324	0.2133415324	0.158144772	0.170589376	0.1336396607	0.3841578512	0.1527896442	0.1545363805	0.170589376	0.1700260858	0.09271291929	0.1780403336	0.2470907078	0.2470907078	0.8077566305	0.1505420364	0.2610008645	0.6094114279	0.5881746226	0.5881746226	0.8082046243	0.812528917	0.8069722526	0.8069722526	0.8069722526	0.257787277	0.812528917	0.8096350995	0.1670628058	0.2622158798	0.2622158798	0.3768747446	0.6327672324	0.8260795584	0.8260795584	0.8260795584	0.8234741291	0.273442611	0.6014336938	0.2833068882	0.8254555892	0.826942375	0.2807299738	0.826942375	0.8251865109	0.6083934585	0.8254555892	0.6055043764	0.6270495083	0.8254555892	0.8254555892	0.6223410243	0.8254555892	0.8432298268	0.2906629573	0.6195047105	0.2867121547	0.2832216978	0.6182771382	0.2884416556	0.2899994744	0.2995225221	0.2929970827	0.2886767549	0.6315702905	0.2859304148	0.632689201	0.287007933	0.2875362948	0.6340895545	0.2875362948	0.2880677002	0.2875362948	0.2880677002	0.6353784383	0.2853585319	0.284820787	0.284820787	0.6394706301	0.6355354369	0.6330796878	0.8789719893	0.8794728103	0.2849879054	0.2849879054	-0.233864061	0.291480008	0.8794728103	0.8813655604	0.8813655604	0.6325637479	0.2920557066	0.291480008	0.291480008	0.2920557066	0.636916523	0.6329563773	0.5517208117	0.9979195673	0.4217869038	1	0.9979195673	0.9958395065	0.7476663743	0.8074045935	0.1668478065	0.800780222	0.800780222	0.8040640446	0.8027957918	0.8011914766	0.3363648035	0.8040901849	0.3151294877
chr11_2111509_A_G	-0.104186726	0.2103496389	0.2145120331	0.1685263276	0.1685263276	0.2086592917	0.1347257646	0.2156570643	0.2103496389	0.2103496389	0.1533955361	0.1725474767	0.1347257646	0.383834429	0.1481704719	0.1566380568	0.1725474767	0.1719951435	0.09371038329	0.1799852347	0.2448993704	0.2448993704	0.8065547929	0.1467530822	0.2582496529	0.6104934746	0.5893567056	0.5893567056	0.8069803892	0.811272176	0.805736963	0.805736963	0.805736963	0.2549604687	0.811272176	0.8084000662	0.163418126	0.2591269175	0.2591269175	0.3778611597	0.634003004	0.8247637742	0.8247637742	0.8247637742	0.8221579658	0.2705638012	0.6026607048	0.2803425791	0.824106779	0.82558264	0.2778025709	0.82558264	0.8238211956	0.6095835889	0.824106779	0.6066846138	0.6281286536	0.824106779	0.824106779	0.6233745519	0.824106779	0.8417724442	0.2878242896	0.6205440301	0.2838169473	0.2803822726	0.619311361	0.2855799975	0.287122361	0.2966208625	0.2900226961	0.2857044198	0.6326178867	0.2877449031	0.6337522386	0.2839998469	0.2845176299	0.6351474821	0.2845176299	0.2850384263	0.2845176299	0.2850384263	0.6364415524	0.2823139454	0.2817868972	0.2817868972	0.6405331721	0.6365927092	0.6341266689	0.8815126779	0.8819920671	0.2866912171	0.2866912171	-0.2323393602	0.2931803991	0.8819920671	0.8839012602	0.8839012602	0.6336370897	0.2937449201	0.2931803991	0.2931803991	0.2937449201	0.6379686645	0.6339988711	0.5530612658	1	0.422904081	0.9979195673	1	0.9979261676	0.7455498838	0.8056900971	0.1672845065	0.7988633159	0.7988633159	0.8021392776	0.8008657799	0.7992826673	0.3320468373	0.8022226396	0.3107110845
chr11_2111531_A_G	-0.1047042321	0.2124539263	0.2166001429	0.1658527748	0.1658527748	0.2107437309	0.1401411203	0.2177625282	0.2124539263	0.2124539263	0.1514517332	0.16987964	0.1401411203	0.382559565	0.1462148686	0.1538934329	0.16987964	0.1693186934	0.09232718779	0.177299598	0.2460626885	0.2460626885	0.8043959642	0.1445341177	0.2552458408	0.61106064	0.5898795185	0.5898795185	0.8048420942	0.8091483957	0.8036148498	0.8036148498	0.8036148498	0.2520043922	0.8091483957	0.8062666179	0.1611337008	0.2562678698	0.2562678698	0.3753067596	0.6341640928	0.8226426598	0.8226426598	0.8226426598	0.8200480703	0.2675692165	0.6030906789	0.2773444275	0.8220212866	0.8235018866	0.274802532	0.8235018866	0.8217533278	0.6100303355	0.8220212866	0.6071774286	0.6286659844	0.8220212866	0.8220212866	0.6239787312	0.8220212866	0.8397215746	0.2847598129	0.6211383728	0.2807813174	0.2773257847	0.619929535	0.282525354	0.28405122	0.293534647	0.2869647635	0.2826634492	0.6331630636	0.2847408032	0.634266636	0.2809773431	0.2815043445	0.6356457925	0.2815043445	0.2820343223	0.2815043445	0.2820343223	0.6369166763	0.2793097131	0.2787734641	0.2787734641	0.6409944134	0.6371166073	0.6346980076	0.8794993288	0.8799805317	0.2838022151	0.2838022151	-0.232891071	0.2902673074	0.8799805317	0.8818767409	0.8818767409	0.6341442206	0.2908406107	0.2902673074	0.2902673074	0.2908406107	0.6384763703	0.6345277893	0.5494253809	0.9979261676	0.4200320621	0.9958395065	0.9979261676	1	0.7445557132	0.8040453919	0.1661536372	0.7933349923	0.7933349923	0.7965882836	0.7953343533	0.7937185272	0.329622198	0.796617729	0.3083854287
chr11_2113931_G_A	-0.1115076061	0.1892566142	0.1941717713	0.04114609517	0.04114609517	0.1884456721	0.1102330661	0.193774515	0.1892566142	0.1892566142	0.1474055218	0.04545832144	0.1102330661	0.2715106893	0.1402171561	0.01399770296	0.04545832144	0.04567584192	0.1077292153	0.05036072094	0.239061389	0.239061389	0.6462115089	0.08316204737	0.04089189702	0.6119069667	0.621069677	0.621069677	0.6421429008	0.6438537255	0.6391981596	0.6391981596	0.6391981596	0.03505199275	0.6438537255	0.6427058282	0.08824901239	0.04163395312	0.04163395312	0.09293610601	0.652656094	0.6494608056	0.6494608056	0.6494608056	0.6460012503	0.04469088041	0.6280089136	0.03949990202	0.6507466612	0.6553894621	0.03498398563	0.6553894621	0.6534319389	0.6370928718	0.6507466612	0.6442042347	0.6350984136	0.6507466612	0.6507466612	0.6297804892	0.6507466612	0.6384976523	0.04579154788	0.6234098607	0.04987068354	0.04110133033	0.6250425003	0.0455805872	0.04582675933	0.05528873668	0.07401825033	0.05937901394	0.6213458238	0.05366082002	0.6245482924	0.05901731604	0.06361163719	0.6266437519	0.05878691708	0.06338119235	0.05878691708	0.06338119235	0.6251364841	0.05865942162	0.05403842805	0.05403842805	0.6298861635	0.6182353952	0.6214016077	0.6653722412	0.6667413235	0.04621815676	0.04621815676	-0.1856843333	0.05132610664	0.6667413235	0.6645764909	0.6645764909	0.6293160414	0.0511040921	0.04648002988	0.04648002988	0.0511040921	0.6413491432	0.6360226673	0.3852689553	0.7455498838	0.1010405208	0.7476663743	0.7455498838	0.7445557132	1	0.7990726036	0.2167199747	0.7831854681	0.7831854681	0.7781549076	0.7803751383	0.7718047835	0.4220541432	0.7623562902	0.410659261
chr11_2114571_C_G	-0.09470684808	0.1847068392	0.1890479981	0.1114369497	0.1114369497	0.1832920788	0.1360979756	0.189913743	0.1847068392	0.1847068392	0.1194777672	0.1142979906	0.1360979756	0.313439547	0.1154830656	0.09717893589	0.119095308	0.1186796941	0.09126958037	0.1271711907	0.2190077868	0.2190077868	0.6857416758	0.06935916058	0.1676568539	0.5373502735	0.5469987606	0.5469987606	0.6866551983	0.6901646383	0.6848579931	0.6848579931	0.6848579931	0.1672874248	0.6901646383	0.6878158331	0.08444776106	0.1659183255	0.1659183255	0.2483897162	0.5890252441	0.6965605796	0.6965605796	0.6965605796	0.6936503027	0.1729712585	0.5572552825	0.1764124453	0.6999105798	0.7052031654	0.179483745	0.7052031654	0.7036501985	0.5679618882	0.6999105798	0.5684980777	0.5588932253	0.6999105798	0.6999105798	0.5574502289	0.6999105798	0.6878570701	0.1827651106	0.5507365133	0.1817871773	0.1793406722	0.553263654	0.1844688842	0.1854651658	0.1902538156	0.2053944967	0.2106343463	0.5419412647	0.2073155951	0.5437074249	0.2080896551	0.2084799482	0.5455882854	0.2084799482	0.2088724457	0.2084799482	0.2088724457	0.5432070646	0.2055453654	0.2051480238	0.2051480238	0.5473978274	0.5418246811	0.5338949001	0.7079750114	0.7134242428	0.1942485522	0.1942485522	-0.1904196585	0.2002543094	0.7134242428	0.7107769825	0.7107769825	0.5394070274	0.2006791423	0.2002543094	0.2002543094	0.2006791423	0.5479588296	0.5480609721	0.3838365827	0.8056900971	0.2960681497	0.8074045935	0.8056900971	0.8040453919	0.7990726036	1	0.1922689115	0.8908022328	0.8908022328	0.8902838722	0.8886974663	0.8960694503	0.385132474	0.8828330927	0.3629959773
chr11_2115390_C_T	-0.07173421498	0.07880798137	0.08963690278	0.1116855107	0.1116855107	0.07740141145	0.09708696267	0.0798003221	0.07880798137	0.07880798137	0.01761080131	0.116834432	0.09708696267	0.1476361939	0.01237908213	0.1175424168	0.116834432	0.1158474329	-0.03920627759	0.1142423088	0.04280849132	0.04280849132	0.1333491152	-0.04711161706	-0.07396356358	0.213695253	0.2051034993	0.2051034993	0.1342859833	0.1373193887	0.1363045967	0.1363045967	0.1363045967	-0.06774411495	0.1373193887	0.1352934768	-0.05563850829	-0.05061880076	-0.05061880076	-0.004464018821	0.183094006	0.1376961788	0.1376961788	0.1376961788	0.1387059952	-0.06810906905	0.1768532054	-0.04088102538	0.1406387225	0.1416528152	-0.0426574497	0.1416528152	0.1421103166	0.1798357412	0.1406387225	0.1843731613	0.1928728053	0.1406387225	0.1406387225	0.1991150014	0.1406387225	0.1476803766	-0.05087448941	0.1974908651	-0.04641502764	-0.05014836538	0.1998911018	-0.04915121298	-0.04941666938	-0.04941666938	-0.0441432566	-0.0431306899	0.1944087512	-0.0390891271	0.1912843039	-0.04032356409	-0.03930866459	0.1897116264	-0.03930866459	-0.03829454557	-0.03930866459	-0.03829454557	0.1978561579	-0.03749280091	-0.03851199269	-0.03851199269	0.1971056492	0.2034411782	0.2082831668	0.1971056492	0.1962796741	-0.002013344376	-0.002013344376	-0.02263024801	-0.002024752031	0.1962796741	0.1959427105	0.1959427105	0.2010563454	-0.001012358895	-0.002024752031	-0.002024752031	-0.001012358895	0.2018137151	0.2033311147	0.09520239425	0.1672845065	-0.01583571481	0.1668478065	0.1672845065	0.1661536372	0.2167199747	0.1922689115	1	0.2212120306	0.2212120306	0.2221191722	0.2224917599	0.2217478342	-0.13252977	0.2365592492	-0.1245654864
chr11_2116492_C_G	-0.07532398419	0.1839615788	0.1884619118	0.1061125835	0.1061125835	0.1827989547	0.1353538122	0.188828609	0.1839615788	0.1839615788	0.1191624728	0.1079140766	0.1353538122	0.3041368599	0.1164266592	0.1005418311	0.1126206095	0.107748891	0.08550331561	0.1116862403	0.2181791799	0.2181791799	0.6710232871	0.1138765054	0.1757923977	0.5249274172	0.5361086492	0.5361086492	0.6715126559	0.6743206351	0.6693266179	0.6693266179	0.6693266179	0.1738445249	0.6743206351	0.6724401638	0.1039016369	0.177711942	0.177711942	0.2516044554	0.5717632432	0.688238971	0.688238971	0.688238971	0.6851821594	0.1888573955	0.5398415675	0.1867100359	0.6906844933	0.6956750443	0.1759936299	0.6956750443	0.6939349321	0.5496918312	0.6906844933	0.5617780659	0.5506591092	0.6906844933	0.6906844933	0.5477319926	0.6906844933	0.677211885	0.1813733961	0.5413574509	0.1933055349	0.1777830857	0.5434082737	0.1825726773	0.1835587178	0.1882567472	0.2064279689	0.2017857654	0.5377753417	0.1975503537	0.5401381686	0.2033150779	0.2082420775	0.5421732822	0.2034509697	0.2083794265	0.2034509697	0.2083794265	0.5402437778	0.2048859367	0.1999275981	0.1999275981	0.5445736006	0.5339135702	0.5252794194	0.7021120212	0.7074265569	0.1958515056	0.1958515056	-0.2022224738	0.2017735203	0.7074265569	0.7050633535	0.7050633535	0.5361384645	0.2019419737	0.1969612046	0.1969612046	0.2019419737	0.5443091197	0.5398055703	0.4033538007	0.7988633159	0.2919589033	0.800780222	0.7988633159	0.7933349923	0.7831854681	0.8908022328	0.2212120306	1	1	0.9959159689	0.9979641348	0.98977028	0.4108472986	0.9736254577	0.3925681012
chr11_2116493_T_A	-0.07532398419	0.1839615788	0.1884619118	0.1061125835	0.1061125835	0.1827989547	0.1353538122	0.188828609	0.1839615788	0.1839615788	0.1191624728	0.1079140766	0.1353538122	0.3041368599	0.1164266592	0.1005418311	0.1126206095	0.107748891	0.08550331561	0.1116862403	0.2181791799	0.2181791799	0.6710232871	0.1138765054	0.1757923977	0.5249274172	0.5361086492	0.5361086492	0.6715126559	0.6743206351	0.6693266179	0.6693266179	0.6693266179	0.1738445249	0.6743206351	0.6724401638	0.1039016369	0.177711942	0.177711942	0.2516044554	0.5717632432	0.688238971	0.688238971	0.688238971	0.6851821594	0.1888573955	0.5398415675	0.1867100359	0.6906844933	0.6956750443	0.1759936299	0.6956750443	0.6939349321	0.5496918312	0.6906844933	0.5617780659	0.5506591092	0.6906844933	0.6906844933	0.5477319926	0.6906844933	0.677211885	0.1813733961	0.5413574509	0.1933055349	0.1777830857	0.5434082737	0.1825726773	0.1835587178	0.1882567472	0.2064279689	0.2017857654	0.5377753417	0.1975503537	0.5401381686	0.2033150779	0.2082420775	0.5421732822	0.2034509697	0.2083794265	0.2034509697	0.2083794265	0.5402437778	0.2048859367	0.1999275981	0.1999275981	0.5445736006	0.5339135702	0.5252794194	0.7021120212	0.7074265569	0.1958515056	0.1958515056	-0.2022224738	0.2017735203	0.7074265569	0.7050633535	0.7050633535	0.5361384645	0.2019419737	0.1969612046	0.1969612046	0.2019419737	0.5443091197	0.5398055703	0.4033538007	0.7988633159	0.2919589033	0.800780222	0.7988633159	0.7933349923	0.7831854681	0.8908022328	0.2212120306	1	1	0.9959159689	0.9979641348	0.98977028	0.4108472986	0.9736254577	0.3925681012
chr11_2116686_G_C	-0.07563287119	0.1753122427	0.1798317833	0.1158998794	0.1158998794	0.1741957793	0.1288877459	0.1801983782	0.1753122427	0.1753122427	0.1136471323	0.1178082751	0.1288877459	0.3053840579	0.1109955887	0.1063486264	0.1225341085	0.117642667	0.08585394579	0.1215455545	0.2103792441	0.2103792441	0.6696950527	0.1089896121	0.171868197	0.5229169139	0.5341765013	0.5341765013	0.6702097717	0.673014927	0.6680052593	0.6680052593	0.6680052593	0.1698713176	0.673014927	0.6711363526	0.09912062714	0.1736086495	0.1736086495	0.2526362296	0.5700991842	0.6870292559	0.6870292559	0.6870292559	0.6839551054	0.1849205074	0.5420553383	0.1827165634	0.6894972824	0.6945034134	0.1767153408	0.6945034134	0.6927670577	0.5519459958	0.6894972824	0.5599111332	0.5487136882	0.6894972824	0.6894972824	0.5457729354	0.6894972824	0.6759611217	0.1821171683	0.5393880165	0.1893846643	0.1785121348	0.5414336923	0.1833213675	0.1843114515	0.1890287464	0.2024859649	0.2026132441	0.5357819562	0.198360464	0.5381651005	0.204148828	0.2042852771	0.5402238514	0.2042852771	0.2044239687	0.2042852771	0.2044239687	0.538299007	0.2008895782	0.200747457	0.200747457	0.5426440277	0.5361030316	0.5274334741	0.7049912273	0.7103275567	0.1966546493	0.1966546493	-0.2030517434	0.2026009488	0.7103275567	0.7079546623	0.7079546623	0.5341464916	0.202770093	0.2026009488	0.2026009488	0.202770093	0.5423531558	0.5378360244	0.4050078655	0.8021392776	0.2931561622	0.8040640446	0.8021392776	0.7965882836	0.7781549076	0.8902838722	0.2221191722	0.9959159689	0.9959159689	1	0.9979563773	0.993829109	0.4125320925	0.9776180803	0.3941779362
chr11_2116776_T_C	-0.07478938144	0.1771996113	0.1817183799	0.1087028452	0.1087028452	0.1760825503	0.1300233038	0.1820659424	0.1771996113	0.1771996113	0.1150861368	0.1104957551	0.1300233038	0.3012642571	0.1124603457	0.1032107777	0.1152112386	0.1103396758	0.08689134801	0.1142810446	0.2127156933	0.2127156933	0.6691007425	0.1107224264	0.1740667476	0.5244009119	0.5356807342	0.5356807342	0.6695932806	0.6723711228	0.6673794919	0.6673794919	0.6673794919	0.1720320375	0.6723711228	0.6705107845	0.1009137819	0.175658303	0.175658303	0.2540233391	0.5716918713	0.6863308586	0.6863308586	0.6863308586	0.6832564091	0.1870619133	0.5394919507	0.1848509313	0.688759154	0.6937472919	0.1741441401	0.6937472919	0.6920047228	0.5493333911	0.688759154	0.5614014472	0.5501833725	0.688759154	0.688759154	0.5471918203	0.688759154	0.6751904388	0.179647457	0.5408193795	0.1915361588	0.1760305586	0.5428523877	0.1808205588	0.1817971364	0.1865041002	0.2046211295	0.1999610942	0.5372602424	0.1956814038	0.5396563298	0.2014536191	0.2063808538	0.5417090847	0.2015806346	0.206509307	0.2015806346	0.206509307	0.5397968887	0.2029870765	0.1980285361	0.1980285361	0.5441422805	0.5334059878	0.5247122091	0.7040571143	0.7093792012	0.1986401406	0.1986401406	-0.2016933531	0.2045871075	0.7093792012	0.7070213846	0.7070213846	0.5356564138	0.204746274	0.1997656401	0.1997656401	0.204746274	0.5438352129	0.5393082959	0.406858821	0.8008657799	0.2946988612	0.8027957918	0.8008657799	0.7953343533	0.7803751383	0.8886974663	0.2224917599	0.9979641348	0.9979641348	0.9979563773	1	0.9918074782	0.4135123867	0.9756802543	0.3951337814
chr11_2117403_A_G	-0.07648106816	0.1781310951	0.1826510928	0.1184437574	0.1184437574	0.1769896968	0.1277488566	0.1830376136	0.1781310951	0.1781310951	0.1182205437	0.1204183057	0.1277488566	0.3136559792	0.115447399	0.1095017064	0.1251545962	0.1202429968	0.09202634724	0.1241326441	0.2167491055	0.2167491055	0.6662117297	0.1126162942	0.1743175493	0.517260854	0.5285328394	0.5285328394	0.6667721291	0.669590384	0.6645673743	0.6645673743	0.6645673743	0.172399751	0.669590384	0.6677030984	0.1025394608	0.1763949557	0.1763949557	0.2565847449	0.5644892928	0.6836987328	0.6836987328	0.6836987328	0.6806200281	0.1874938373	0.5363431327	0.1853448179	0.686219201	0.6912385739	0.1793001892	0.6912385739	0.6895193527	0.5462657095	0.686219201	0.554241649	0.543031814	0.686219201	0.686219201	0.54014041	0.686219201	0.6727072396	0.1846001496	0.5337586732	0.1919501475	0.1810069865	0.5358035121	0.1858355992	0.1868392622	0.1915669953	0.2051431321	0.2052797362	0.5300961535	0.2010539297	0.5324769801	0.2068585891	0.2070045153	0.5345571057	0.2070045153	0.2071527112	0.2070045153	0.2071527112	0.5326321324	0.2036326944	0.2034809903	0.2034809903	0.5369742737	0.5303932532	0.5216942049	0.7017666868	0.7071348738	0.1994784166	0.1994784166	-0.2044187729	0.2054514078	0.7071348738	0.7047355037	0.7047355037	0.5284370351	0.2056304941	0.2054514078	0.2054514078	0.2056304941	0.5366743025	0.5363642634	0.4081040683	0.7992826673	0.2966605278	0.8011914766	0.7992826673	0.7937185272	0.7718047835	0.8960694503	0.2217478342	0.98977028	0.98977028	0.993829109	0.9918074782	1	0.4115528472	0.9795771934	0.3932230086
chr11_2118338_C_CGCTCTGAG	-0.07528308136	-0.01617127203	-0.0183299969	-0.03406148217	-0.02801250859	-0.01218279676	-0.1382922816	-0.01401235118	-0.01617127203	-0.01617127203	0.09760865053	-0.01962576207	-0.1382922816	0.04388330546	0.1004844926	-0.05161742655	-0.01962576207	-0.02179755579	0.12528504	-0.01167894216	0.05946164952	0.05946164952	0.2620064685	-0.03504112729	-0.002670615845	0.240751181	0.2717798244	0.2717798244	0.2642348874	0.2602475047	0.258070688	0.258070688	0.258070688	0.0002525811552	0.2602475047	0.2559014267	-0.03540351869	-0.02631760686	-0.02631760686	0.06649955818	0.3777946633	0.2614645139	0.2614645139	0.2614645139	0.2584086231	-0.03021908272	0.2926139765	-0.03409234918	0.2576429877	0.2598050694	-0.03214484057	0.2598050694	0.2609458565	0.2935876752	0.2576429877	0.2975584871	0.2664157567	0.2576429877	0.2576429877	0.2691636014	0.2576429877	0.2260855652	-0.03288819168	0.2662298588	-0.03456449084	-0.0369694221	0.2655163837	-0.03480336582	-0.03499133222	-0.03499133222	-0.028514046	-0.03869454801	0.2699651919	-0.03606238784	0.2635094479	-0.03225754119	-0.03004173148	0.2660280854	-0.03626492616	-0.03404918753	-0.03626492616	-0.03404918753	0.2667855088	-0.03827179699	-0.04050004619	-0.04050004619	0.2704219535	0.2446648894	0.2321091361	0.2461897532	0.2451580901	-0.03860037962	-0.03860037962	-0.05960558318	-0.03256834855	0.2451580901	0.2439152632	0.2439152632	0.2725834559	-0.03659846585	-0.03881909024	-0.03881909024	-0.03659846585	0.2851801277	0.2832798365	0.176059279	0.3320468373	-0.03115604918	0.3363648035	0.3320468373	0.329622198	0.4220541432	0.385132474	-0.13252977	0.4108472986	0.4108472986	0.4125320925	0.4135123867	0.4115528472	1	0.4096092681	0.9692372362
chr11_2118860_T_G	-0.08032178897	0.1827363032	0.1871862579	0.1177508405	0.1177508405	0.1815148746	0.1328734874	0.1876843426	0.1827363032	0.1827363032	0.1197188778	0.1199407034	0.1328734874	0.3128518507	0.1166434861	0.1104529782	0.1246626308	0.1197097082	0.08438466044	0.1235325488	0.2166606227	0.2166606227	0.6752564076	0.1218273691	0.176883086	0.5248534163	0.5356266263	0.5356266263	0.6758483055	0.6788425134	0.6737729866	0.6737729866	0.6737729866	0.1753886129	0.6788425134	0.6768377025	0.1109617478	0.1805731302	0.1805731302	0.2547928721	0.5697392482	0.6928961398	0.6928961398	0.6928961398	0.6898882171	0.1904558437	0.5347166411	0.1980859748	0.6915491076	0.696610136	0.191879463	0.696610136	0.6949236575	0.5406138964	0.6915491076	0.5487409337	0.5379349746	0.6915491076	0.6915491076	0.5354011413	0.6915491076	0.6784767212	0.1964825027	0.5290005499	0.2042075269	0.193018959	0.5311290166	0.1978852004	0.1989539409	0.2036673369	0.2177355273	0.2179258118	0.5251424246	0.2139304621	0.5273750513	0.2197383779	0.2199387453	0.5294119667	0.2199387453	0.2201415091	0.2199387453	0.2201415091	0.5315612312	0.2167649303	0.2165582441	0.2165582441	0.5358410238	0.5295348188	0.5168413607	0.7084523106	0.7096254055	0.2083608893	0.2083608893	-0.1994772117	0.2143695229	0.7096254055	0.7113496214	0.7113496214	0.5274825219	0.2146053807	0.2143695229	0.2143695229	0.2146053807	0.5357442388	0.5355338432	0.4002864184	0.8022226396	0.3027735583	0.8040901849	0.8022226396	0.796617729	0.7623562902	0.8828330927	0.2365592492	0.9736254577	0.9736254577	0.9776180803	0.9756802543	0.9795771934	0.4096092681	1	0.3919019533
chr11_2119283_C_T	-0.06850632325	-0.04515707084	-0.04723934936	-0.01859836121	-0.01244772207	-0.04083621238	-0.1422657094	-0.04307491906	-0.04515707084	-0.04515707084	0.06399330541	-0.004193392261	-0.1422657094	0.04162032079	0.06803332178	-0.03728009289	-0.004193392261	-0.006290257976	0.1419292605	0.004023838617	0.0421831666	0.0421831666	0.2445605756	-0.02632433127	0.009504253819	0.2102796549	0.2428754643	0.2428754643	0.2467608936	0.2423421736	0.2402507047	0.2402507047	0.2402507047	0.01181401008	0.2423421736	0.2381664229	-0.02584720233	-0.01699923853	-0.01699923853	0.07662543671	0.3545786313	0.2436032104	0.2436032104	0.2436032104	0.2403746258	-0.01910753202	0.2648760151	-0.02337519652	0.2394086683	0.2414851379	-0.02122986925	0.2414851379	0.2426122289	0.2655044184	0.2394086683	0.2689587765	0.2362377618	0.2394086683	0.2394086683	0.2383269214	0.2394086683	0.2065173817	-0.02115651689	0.2355748253	-0.02329906314	-0.02535447831	0.234538238	-0.02326567006	-0.02339132354	-0.02339132354	-0.01729599341	-0.0277625742	0.2396897557	-0.02554434216	0.2335087391	-0.02149811632	-0.01936001925	0.2362934299	-0.02568780765	-0.02354961903	-0.02568780765	-0.02354961903	0.2373620763	-0.02789562932	-0.03004602879	-0.03004602879	0.2411365688	0.214121326	0.2063005485	0.2192348152	0.2183161073	-0.03586343067	-0.03586343067	-0.04976724297	-0.02971083529	0.2183161073	0.2170658034	0.2170658034	0.2428131082	-0.03392223914	-0.03606663368	-0.03606663368	-0.03392223914	0.2555436398	0.2534550682	0.159528423	0.3107110845	-0.02564358573	0.3151294877	0.3107110845	0.3083854287	0.410659261	0.3629959773	-0.1245654864	0.3925681012	0.3925681012	0.3941779362	0.3951337814	0.3932230086	0.9692372362	0.3919019533	1
