variant_id	chr11_2040128_A_G	chr11_2040476_C_T	chr11_2063051_C_T	chr11_2063598_G_A	chr11_2063846_C_T	chr11_2064769_A_G	chr11_2065099_T_C	chr11_2065330_T_C	chr11_2065765_C_A	chr11_2065900_C_T	chr11_2066031_T_G	chr11_2066970_G_A	chr11_2067320_C_T	chr11_2068243_A_AT	chr11_2068717_A_G	chr11_2068776_A_G	chr11_2068968_C_T	chr11_2069125_TCTCCATACTCCATTTTCCACA_T	chr11_2070333_C_T	chr11_2070570_C_T	chr11_2070813_A_C	chr11_2070926_A_T	chr11_2070993_T_G	chr11_2070994_C_T	chr11_2072097_C_T	chr11_2072504_T_C	chr11_2072719_A_T	chr11_2072834_C_T	chr11_2073182_A_G	chr11_2073378_C_T	chr11_2073444_A_G	chr11_2073476_A_C	chr11_2073913_A_G	chr11_2074376_A_G	chr11_2074576_C_A	chr11_2074763_T_TG	chr11_2074764_A_G	chr11_2075149_A_G	chr11_2075252_T_C	chr11_2075577_G_A	chr11_2075720_C_G	chr11_2075736_C_T	chr11_2076043_C_A	chr11_2076311_A_C	chr11_2076798_T_C	chr11_2076994_T_C	chr11_2077046_CCA_C	chr11_2077056_T_G	chr11_2077271_C_T	chr11_2077310_A_G	chr11_2077486_A_G	chr11_2077866_C_T	chr11_2077895_T_G	chr11_2078005_C_G	chr11_2078638_T_C	chr11_2078639_G_A	chr11_2078679_T_C	chr11_2078742_G_A	chr11_2078745_A_T	chr11_2078858_A_AT	chr11_2080254_A_G	chr11_2080572_A_C	chr11_2080612_C_T	chr11_2081637_C_CT	chr11_2081917_A_G	chr11_2082061_G_A	chr11_2082423_C_T	chr11_2082702_C_CA	chr11_2082990_C_T	chr11_2083709_C_T	chr11_2084014_C_T	chr11_2084913_T_C	chr11_2085855_C_T	chr11_2086132_G_A	chr11_2086270_C_T	chr11_2086561_C_G	chr11_2087220_T_C	chr11_2087412_A_T	chr11_2087727_T_G	chr11_2087911_T_C	chr11_2088229_C_T	chr11_2089861_A_G	chr11_2090336_T_G	chr11_2090456_T_G	chr11_2090748_T_C	chr11_2091639_C_T	chr11_2092983_G_C	chr11_2092999_C_G	chr11_2093065_C_T	chr11_2093603_C_A	chr11_2093897_G_A	chr11_2094303_C_T	chr11_2094347_C_T	chr11_2094599_G_A	chr11_2094739_C_T	chr11_2094762_G_A	chr11_2094852_T_C	chr11_2095273_C_T	chr11_2095721_C_G	chr11_2095733_C_A	chr11_2095799_A_G	chr11_2095814_GACA_G	chr11_2095878_C_T	chr11_2095968_T_C	chr11_2096158_C_T	chr11_2096707_G_A	chr11_2096908_C_T	chr11_2096919_G_A	chr11_2097561_T_C	chr11_2097671_G_A	chr11_2097923_A_G	chr11_2097954_C_T	chr11_2098122_C_T	chr11_2098180_AC_A	chr11_2098701_A_AT	chr11_2099684_T_C	chr11_2099854_G_A	chr11_2101283_G_A	chr11_2101345_C_T	chr11_2101692_T_C	chr11_2101748_G_T	chr11_2101749_A_T	chr11_2101804_G_A	chr11_2102033_G_A	chr11_2102146_A_AC	chr11_2102868_G_A	chr11_2102978_A_C	chr11_2103063_T_C	chr11_2103073_T_TC	chr11_2103563_C_T	chr11_2104098_C_T	chr11_2104138_A_G	chr11_2104159_C_T	chr11_2105673_C_T	chr11_2106729_G_A	chr11_2107025_C_T	chr11_2107107_G_A	chr11_2107122_C_T	chr11_2107655_C_A	chr11_2107742_G_A	chr11_2107761_C_T	chr11_2107854_G_T	chr11_2108072_G_A	chr11_2108091_G_GAGTC	chr11_2108136_G_T	chr11_2108689_C_T	chr11_2108794_C_T	chr11_2108997_G_A	chr11_2109282_GC_G	chr11_2109320_TG_T	chr11_2109585_G_A	chr11_2109650_G_GC	chr11_2110046_T_C	chr11_2110067_G_A	chr11_2111124_C_G	chr11_2111243_A_G	chr11_2111386_G_C	chr11_2111406_A_C	chr11_2111509_A_G	chr11_2111531_A_G	chr11_2111568_G_A	chr11_2111990_C_T	chr11_2113165_C_T	chr11_2113904_C_G	chr11_2113931_G_A	chr11_2114221_T_C	chr11_2114571_C_G	chr11_2114583_C_T	chr11_2115390_C_T	chr11_2115636_A_G	chr11_2116134_G_T	chr11_2116314_C_T	chr11_2116492_C_G	chr11_2116493_T_A	chr11_2116668_G_T	chr11_2116686_G_C	chr11_2116776_T_C	chr11_2117063_T_C	chr11_2117403_A_G	chr11_2118282_A_G	chr11_2118338_C_CGCTCTGAG	chr11_2118860_T_G	chr11_2119283_C_T	chr11_2119780_C_A	chr11_2120123_C_T	chr11_2120298_A_G	chr11_2120805_A_G	chr11_2121017_G_A
chr11_2040128_A_G	1	-0.08725545814	-0.0115328601	-0.02307917634	0.09019197061	0.08929769592	-0.02307917634	-0.08323120919	-0.02402390015	-0.02307917634	-0.02307917634	0.04137518202	0.09019197061	-0.08323120919	0.05666134564	0.04137518202	-0.02998170972	0.07574288753	0.07942500461	0.07942500461	-0.01823673717	0.07942500461	-0.03484105428	-0.03484105428	-0.08753397555	0.01461753421	-0.08753397555	0.1173343865	0.101848523	-0.02291046889	-0.02291046889	-0.02291046889	0.01364979966	-0.06791392075	0.01364979966	-0.08633115182	-0.08633115182	0.01364979966	0.01364979966	0.01364979966	0.101848523	0.01461753421	-0.06791392075	-0.06791392075	0.01461753421	0.04862617711	0.03923257182	0.03923257182	0.03692025909	-0.02428560343	-0.001813907247	-0.004637058968	0.01456425648	-0.0227611294	0.01461753421	0.01456425648	-0.02600912213	0.02420496616	-0.0227611294	0.01558582908	0.01364979966	0.001207761003	0.03576832202	-0.01519661613	0.03576832202	-0.02579581754	0.01364979966	0.01461753421	0.01590866049	0.01461753421	0.01372108069	-0.01437053324	-0.02729221831	0.01372108069	-0.02579581754	-0.004901750682	-9.203930688e-05	-9.203930688e-05	0.01372108069	0.01372108069	0.002042031745	0.01372108069	0.01469390059	0.01052614879	-0.004637058968	-0.008315218702	-9.203930688e-05	-0.008315218702	0.0346191169	0.02709499589	-9.203930688e-05	0.02709499589	-0.004901750682	0.02610087817	0.05069584925	-0.004901750682	0.03688146071	0.03807498862	-0.03367960406	-0.006610581464	0.007848442909	-0.0002583594388	0.004294532964	0.007848442909	-0.02600912213	-0.001123466086	0.008848402699	0.0113694725	-0.001123466086	-0.003408606785	-0.05085902316	0.007848442909	-0.009750554402	0.0113694725	-0.003871290935	0.01014005498	0.0006076658721	0.01128749082	0.002818917622	-0.01114182132	-0.001217053613	-0.001217053613	0.002818917622	0.0006102158742	-0.06728387112	0.02605072417	-0.009614092812	0.002267287269	0.003994572108	0.01031950265	0.008348133893	0.0005568386904	0.008348133893	-0.001740743255	0.008348133893	0.0005600066695	0.002165514978	0.001046034385	0.002165514978	0.008348133893	0.0005600066695	0.0005600066695	0.0005600066695	-0.01290810978	0.0316510373	0.002165514978	0.006773670389	0.006611492567	0.005784904357	0.002165514978	0.004294532964	-0.005443498034	0.001519532913	0.01221991169	0.007392909494	-0.004506194564	-0.008694528667	-0.004506194564	-0.004506194564	-0.00247838669	0.0494009885	0.0494009885	0.07217706294	-0.01509928551	-0.04120084226	0.06131303892	-0.01388085652	0.08594210364	-0.1163698197	0.07873376284	-0.01198046898	0.1239463175	-0.1021569735	-0.1032947106	0.02493922238	-0.05000338943	-0.09345204324	-0.03301195244	-0.05110509464	0.1093456155	-0.01820576988	-0.07613692028	-0.01469050234	0.04059295925	0.05746607605	0.08142978132	0.1028582021	0.05424863561
chr11_2040476_C_T	-0.08725545814	1	-0.0695254792	-0.08506789597	0.02713445217	0.03710024906	-0.08506789597	-0.05452827785	-0.08601174202	-0.08506789597	-0.08506789597	-0.05510239415	0.03797530161	-0.05452827785	0.03783127783	-0.05510239415	-0.02175485365	0.03167708181	0.04980631266	0.04980631266	0.09980780252	0.04980631266	-0.002306745044	-0.002306745044	0.000999067131	0.01338749039	0.000999067131	0.04967945233	0.02627303357	-0.009346927513	-0.009346927513	-0.009346927513	0.01245302736	-0.05229441029	0.01245302736	0.002652707544	0.002652707544	0.01245302736	0.01245302736	0.01245302736	0.02627303357	0.01338749039	-0.05229441029	-0.05229441029	0.01338749039	0.05289236757	0.04522796585	0.04522796585	0.04298027808	-0.00854960637	-0.01586267354	-0.07867319695	-0.05429258288	-0.006999726303	0.01338749039	-0.05429258288	-0.05751594988	-0.01156237182	-0.006999726303	0.01432248693	0.01245302736	0.04560286831	0.04186069266	-0.02088532069	0.04186069266	-0.01008408353	0.01245302736	0.01338749039	0.0306606705	0.01338749039	0.01251805869	-0.02009754761	-0.01160363913	0.01251805869	-0.01008408353	-0.05128499517	-0.01426563563	-0.01426563563	0.01251805869	0.01251805869	0.02206248261	0.01251805869	0.01345743065	-0.01148499016	-0.07867319695	-0.05400759538	-0.01426563563	-0.05400759538	0.04074386678	0.006369401353	-0.01426563563	0.006369401353	-0.05128499517	0.005409307766	-0.08647789656	-0.05128499517	0.01535982629	0.04410268244	0.004064147302	-0.02759730994	0.008335854994	-0.04004443037	-0.05907117497	0.008335854994	-0.05751594988	-0.04080063973	0.009301615786	0.02684556356	-0.04080063973	-0.02472154497	-0.04911834953	0.008335854994	-0.0304220216	0.02684556356	0.007411588951	0.02552608099	-0.03912151213	0.02665198866	0.0386146288	0.02452221509	-0.0434058203	-0.0434058203	0.0386146288	-0.0392856812	-0.01715768072	0.004245279935	0.02616298874	-0.03865192825	-0.04717927672	-0.03818131875	-0.01420350508	0.002821582602	-0.01420350508	-0.06208304064	0.005921461275	0.002837635213	0.05735456372	0.05621915124	0.05735456372	0.005921461275	0.002837635213	0.002837635213	0.002837635213	-0.04305442543	-0.04728330368	0.05735456372	0.05414781012	0.004256525315	0.05319236999	0.05735456372	-0.02283605179	-0.04491398808	-0.0006259669304	-0.03558695029	0.01099300032	0.009953812602	0.05849307771	0.009953812602	0.009953812602	0.01190588067	-0.008622418288	-0.008622418288	-0.008622418288	0.2404863272	0.07174349225	-0.04056450476	0.04059798519	-0.03836238195	0.05480609425	0.09380800588	-0.04911834953	-0.01581699942	0.06966994357	0.06904389669	-0.02838452084	0.06322190751	0.06995085502	0.04177872025	0.06258966027	-0.01676768857	-0.04417696981	0.05356229418	-0.04151093084	-0.0531316704	-0.03298217781	0.005840608701	-0.02115794384	-0.02838452084
chr11_2063051_C_T	-0.0115328601	-0.0695254792	1	0.8822160082	-0.3646825141	-0.3673102573	0.8822160082	0.2633999126	0.8800648362	0.8822160082	0.8822160082	0.8200810234	-0.3696396891	0.2633999126	0.3107794784	0.8200810234	-0.08304363071	-0.331163917	-0.3726071966	-0.3726071966	-0.2575191995	-0.3726071966	0.6064096858	0.6064096858	-0.1235665067	0.2640841831	-0.132758159	-0.2379458231	-0.2465429635	0.5042722517	0.5042722517	0.5042722517	0.2613488426	-0.06236473361	0.2613488426	-0.1380245418	-0.1380245418	0.2613488426	0.2613488426	0.2613488426	-0.2465429635	0.2588563369	-0.06236473361	-0.06236473361	0.2640841831	-0.2300140009	-0.2293635406	-0.2293635406	-0.2290663122	-0.1292068536	0.4823667048	0.0532498474	0.005022243643	-0.1342359743	0.2640841831	0.005022243643	-0.04662463636	0.2797292808	-0.1342359743	0.2668234136	0.2665756116	0.003700717503	-0.2198514082	0.4019404905	-0.2198514082	-0.1242365163	0.2665756116	0.2640841831	-0.2671628742	0.2640841831	0.2627136403	0.4003454321	-0.1281314027	0.2627136403	-0.1242365163	-0.1082951	0.4753657247	0.4753657247	0.2627136403	0.2627136403	0.4463386635	0.2627136403	0.2654638381	-0.2187702759	0.0532498474	-0.09779223015	0.4753657247	-0.09779223015	-0.222741625	-0.2571480544	0.4753657247	-0.2571480544	-0.1082951	-0.2491386126	0.319124507	-0.1082951	-0.2542287354	-0.2201235855	-0.1156930899	-0.1097745793	-0.2530272006	0.4528059117	-0.05398979155	-0.2530272006	-0.04662463636	0.4494981986	-0.2556737402	-0.2059617467	0.4494981986	-0.1195235143	-0.08228905702	-0.2530272006	-0.100242197	-0.2059617467	-0.2517883292	-0.2073996222	0.4542263864	-0.2044766215	-0.285423204	-0.1709085597	-0.05848807763	-0.05848807763	-0.285423204	0.4325891477	0.3562161277	-0.05885320127	-0.1758787824	0.3446580884	0.3443106086	-0.08661879312	-0.1555644283	0.202054929	-0.1555644283	-0.05199330501	-0.1647669341	0.2032044644	-0.2201235855	-0.2169588825	-0.2201235855	-0.1647669341	0.2032044644	0.2032044644	0.2032044644	0.4256986798	-0.09524663401	-0.2201235855	-0.2904968351	-0.1593661436	-0.2878845948	-0.2201235855	-0.004282289751	0.4227738502	-0.1615795062	0.421310072	0.1987321835	0.2003123592	-0.2232978276	0.2003123592	0.2058026118	0.2003654575	-0.0925860239	-0.0925860239	-0.0695254792	-0.05127492278	0.1986909746	-0.06854849224	0.1604384366	-0.06072194396	-0.09977741826	0.145220161	-0.08228905702	-0.06584688554	0.2262583287	0.2245293361	-0.08601760585	0.1973378315	0.2225552602	-0.0994859789	0.1955782794	-0.07881383309	0.2253502618	0.1053590078	0.2064341908	0.2453512808	-0.1648474177	-0.06491430963	-0.07359799314	0.03268433034
chr11_2063598_G_A	-0.02307917634	-0.08506789597	0.8822160082	1	-0.3955681652	-0.3985224801	1	0.5472350071	0.9975821532	1	1	0.724913038	-0.4003192525	0.5472350071	0.3719111181	0.724913038	-0.09246733923	-0.3470572857	-0.4017538262	-0.4017538262	-0.2927901436	-0.4017538262	0.6875069374	0.6875069374	-0.1142961059	0.324925819	-0.123105628	-0.2444124772	-0.2564038296	0.5622756313	0.5622756313	0.5622756313	0.3218412345	0.1844752596	0.3218412345	-0.1273366335	-0.1273366335	0.3218412345	0.3218412345	0.3218412345	-0.2564038296	0.3199153133	0.1844752596	0.1844752596	0.3199153133	-0.2417862863	-0.2431631312	-0.2431631312	-0.2438702408	-0.124411709	0.5413890866	0.4088269071	0.2019259692	-0.1284678302	0.3199153133	0.2019259692	-0.05607626816	0.3342132877	-0.1284678302	0.3230034804	0.3218412345	-0.02559911482	-0.2355335038	0.4625236871	-0.2355335038	-0.1204041314	0.3218412345	0.3199153133	-0.2786164333	0.3199153133	0.3184862979	0.4615150584	-0.1248856654	0.3184862979	-0.1204041314	-0.103738416	0.5358522835	0.5358522835	0.3184862979	0.3184862979	0.342672058	0.3184862979	0.3215866468	-0.0592923762	0.4088269071	-0.09528667275	0.5358522835	-0.09528667275	-0.2387980508	-0.2694560739	0.5358522835	-0.2694560739	-0.103738416	-0.2622414327	0.2982819341	-0.103738416	-0.2629405772	-0.2348036193	-0.09748231858	-0.114181674	-0.264706107	0.4971066394	0.2374471974	-0.264706107	-0.05607626816	0.4934085408	-0.2667789449	-0.2175277223	0.4934085408	-0.1220980753	-0.08363083599	-0.264706107	-0.1064464745	-0.2175277223	-0.2641097758	-0.2192653045	0.4987328476	-0.2159591984	-0.2978089022	-0.1747126689	-0.07693535507	-0.07693535507	-0.2978089022	0.4827740708	0.2923547465	-0.07211758006	-0.1787934189	0.391397506	0.391785284	-0.08960726982	-0.16023155	0.2465160035	-0.16023155	0.2541057556	-0.1690514745	0.2479184879	-0.2289958783	-0.2264641206	-0.2289958783	-0.1690514745	0.2479184879	0.2479184879	0.2479184879	0.4735002326	-0.09447493023	-0.2289958783	-0.3008338637	-0.1645959492	-0.2987892801	-0.2289958783	-0.03251836369	0.4746712793	-0.1688359974	0.4685227474	0.2420876159	0.2428471927	-0.2315360524	0.2428471927	0.2481091958	0.2438166471	-0.08506789597	-0.08506789597	-0.06296606143	-0.07362418831	0.1447757276	-0.08784914016	0.08610710472	-0.079370323	-0.1590279187	0.1173534034	-0.1024946524	-0.07375484753	0.1822369224	0.1800873393	-0.06904055162	0.1399195921	0.178548235	-0.1100400993	0.1376207848	-0.09618724661	0.1901133186	-0.001287721827	0.1731394724	0.2324947426	-0.1474727998	-0.07289101111	-0.08477837661	0.1869353511
chr11_2063846_C_T	0.09019197061	0.02713445217	-0.3646825141	-0.3955681652	1	0.9976737341	-0.3955681652	-0.2283079494	-0.3983746332	-0.3955681652	-0.3955681652	-0.2770087629	0.9953392265	-0.2283079494	0.3752524475	-0.2770087629	0.3072990251	0.8805268007	0.9686829228	0.9686829228	-0.3279530559	0.9686829228	-0.6087767835	-0.6087767835	0.120507787	0.08969617728	0.1377919093	0.6162367676	0.6276206778	-0.4904070087	-0.4904070087	-0.4904070087	0.09680970559	0.02057530178	0.09680970559	0.1433536871	0.1433536871	0.09680970559	0.09680970559	0.09680970559	0.6276206778	0.0995266985	0.02057530178	0.02057530178	0.09461143789	0.599824729	0.6089769528	0.6089769528	0.6129096667	0.1476769076	-0.4717341967	-0.1207693881	-0.05606061604	0.153059958	0.09461143789	-0.05606061604	0.08900687133	0.09675857514	0.153059958	0.09241322061	0.09189545774	-0.14492635	0.609197565	-0.3825862924	0.609197565	0.1423573035	0.09189545774	0.09461143789	0.6243538219	0.09461143789	0.09731525849	-0.3808271162	0.153662374	0.09731525849	0.1423573035	0.1633712963	-0.469100765	-0.469100765	0.09731525849	0.09731525849	-0.4090722861	0.09731525849	0.090164777	0.5077321787	-0.1207693881	0.1516467972	-0.469100765	0.1516467972	0.6111823735	0.6343874102	-0.469100765	0.6343874102	0.1633712963	0.6316087625	-0.1501543437	0.1633712963	0.6073872969	0.6109407275	-0.09235657343	0.1867235464	0.628239668	-0.517091495	-0.03075428912	0.628239668	0.08900687133	-0.518480715	0.6310547647	0.5923313729	-0.518480715	0.1811142366	-0.04962934114	0.628239668	0.1840993334	0.5923313729	0.6238198212	0.5900063688	-0.5179566716	0.588060258	0.6276917776	0.1842912943	-0.02155777013	-0.02155777013	0.6276917776	-0.5112759649	-0.1675038618	0.2095457881	0.1895709393	-0.4039966709	-0.4030180318	-0.1198689785	0.2041109055	0.04868608049	0.2041109055	-0.04571825153	0.2041109055	0.04380636157	0.5653619985	0.5616839294	0.5653619985	0.2041109055	0.04380636157	0.04380636157	0.04380636157	-0.5007356102	-0.09847625613	0.5653619985	0.6185866332	0.1982209559	0.615816456	0.5653619985	-0.1553819421	-0.4945690479	0.1894773451	-0.4892686735	0.04827315313	0.05033697397	0.5633527183	0.05033697397	0.04001301967	0.04565761916	0.2331105915	0.2331105915	0.2331105915	-0.07571136751	0.002782958982	0.1373206439	0.1034627895	0.1333397437	-0.2975452707	0.008288194316	-0.06813457361	0.09475691606	-0.1915582055	-0.1858061473	-0.1342082459	-0.09182109475	-0.1923305744	0.08824066411	-0.09471483736	0.1866390966	-0.08885761779	-0.05667927559	-0.08688901982	-0.09155876454	0.3902901543	0.1591553184	0.1785000301	-0.03655434348
chr11_2064769_A_G	0.08929769592	0.03710024906	-0.3673102573	-0.3985224801	0.9976737341	1	-0.3985224801	-0.2299258946	-0.4013404853	-0.3985224801	-0.3985224801	-0.2791493633	0.9976737341	-0.2299258946	0.377973152	-0.2791493633	0.3065504527	0.8781612668	0.9663096176	0.9663096176	-0.3241791605	0.9663096176	-0.6086245792	-0.6086245792	0.1192812059	0.08745913286	0.1365693334	0.6143338803	0.6255908426	-0.4901842225	-0.4901842225	-0.4901842225	0.09456500266	0.01893926066	0.09456500266	0.1421424684	0.1421424684	0.09456500266	0.09456500266	0.09456500266	0.6255908426	0.09729193211	0.01893926066	0.01893926066	0.09237553248	0.5980335478	0.6070880928	0.6070880928	0.611003097	0.1463968839	-0.4715818219	-0.1218540207	-0.05664305216	0.1517910635	0.09237553248	-0.05664305216	0.08842424346	0.09462640841	0.1517910635	0.0901860933	0.08964961604	-0.1455954574	0.6072808065	-0.383105085	0.6072808065	0.1410661929	0.08964961604	0.09237553248	0.6219011761	0.09237553248	0.09505883343	-0.3813375798	0.1523640555	0.09505883343	0.1410661929	0.1622156065	-0.4689290304	-0.4689290304	0.09505883343	0.09505883343	-0.4084032229	0.09505883343	0.08791604559	0.5049499592	-0.1218540207	0.1504679197	-0.4689290304	0.1504679197	0.6092567341	0.6320068722	-0.4689290304	0.6320068722	0.1622156065	0.6292175107	-0.1510961582	0.1622156065	0.6050343765	0.609043018	-0.09301602123	0.1854718729	0.6258638507	-0.5173079641	-0.03138098106	0.6258638507	0.08842424346	-0.5187060818	0.6286896425	0.5904750384	-0.5187060818	0.1798811578	-0.05015601724	0.6258638507	0.1828272744	0.5904750384	0.6214187073	0.5881546061	-0.5181643643	0.5862173089	0.6252933537	0.1830277964	-0.02201802563	-0.02201802563	0.6252933537	-0.5114824774	-0.168612253	0.2089278632	0.188318548	-0.4048186798	-0.4038212959	-0.1206095177	0.2029538323	0.04597495968	0.2029538323	-0.04638000087	0.2029538323	0.04107862163	0.563453727	0.5597654892	0.563453727	0.2029538323	0.04107862163	0.04107862163	0.04107862163	-0.5009823977	-0.0989950047	0.563453727	0.6162262146	0.1970523124	0.6134454076	0.563453727	-0.1560375139	-0.4948324942	0.1882762838	-0.4895399987	0.04548719194	0.04755662431	0.5614532859	0.04755662431	0.03723027766	0.04289794238	0.2322807575	0.2322807575	0.2322807575	-0.07626271548	0.001373244578	0.1362798111	0.1011294129	0.1323010668	-0.2942112844	0.007814127473	-0.06866553791	0.09386792798	-0.1924534365	-0.1867110534	-0.134877392	-0.09342759941	-0.193229415	0.08760995697	-0.09633734879	0.1854943378	-0.09047450724	-0.05774535663	-0.08850854324	-0.09242533506	0.3893349167	0.1578034229	0.1773228475	-0.03720086027
chr11_2065099_T_C	-0.02307917634	-0.08506789597	0.8822160082	1	-0.3955681652	-0.3985224801	1	0.5472350071	0.9975821532	1	1	0.724913038	-0.4003192525	0.5472350071	0.3719111181	0.724913038	-0.09246733923	-0.3470572857	-0.4017538262	-0.4017538262	-0.2927901436	-0.4017538262	0.6875069374	0.6875069374	-0.1142961059	0.324925819	-0.123105628	-0.2444124772	-0.2564038296	0.5622756313	0.5622756313	0.5622756313	0.3218412345	0.1844752596	0.3218412345	-0.1273366335	-0.1273366335	0.3218412345	0.3218412345	0.3218412345	-0.2564038296	0.3199153133	0.1844752596	0.1844752596	0.3199153133	-0.2417862863	-0.2431631312	-0.2431631312	-0.2438702408	-0.124411709	0.5413890866	0.4088269071	0.2019259692	-0.1284678302	0.3199153133	0.2019259692	-0.05607626816	0.3342132877	-0.1284678302	0.3230034804	0.3218412345	-0.02559911482	-0.2355335038	0.4625236871	-0.2355335038	-0.1204041314	0.3218412345	0.3199153133	-0.2786164333	0.3199153133	0.3184862979	0.4615150584	-0.1248856654	0.3184862979	-0.1204041314	-0.103738416	0.5358522835	0.5358522835	0.3184862979	0.3184862979	0.342672058	0.3184862979	0.3215866468	-0.0592923762	0.4088269071	-0.09528667275	0.5358522835	-0.09528667275	-0.2387980508	-0.2694560739	0.5358522835	-0.2694560739	-0.103738416	-0.2622414327	0.2982819341	-0.103738416	-0.2629405772	-0.2348036193	-0.09748231858	-0.114181674	-0.264706107	0.4971066394	0.2374471974	-0.264706107	-0.05607626816	0.4934085408	-0.2667789449	-0.2175277223	0.4934085408	-0.1220980753	-0.08363083599	-0.264706107	-0.1064464745	-0.2175277223	-0.2641097758	-0.2192653045	0.4987328476	-0.2159591984	-0.2978089022	-0.1747126689	-0.07693535507	-0.07693535507	-0.2978089022	0.4827740708	0.2923547465	-0.07211758006	-0.1787934189	0.391397506	0.391785284	-0.08960726982	-0.16023155	0.2465160035	-0.16023155	0.2541057556	-0.1690514745	0.2479184879	-0.2289958783	-0.2264641206	-0.2289958783	-0.1690514745	0.2479184879	0.2479184879	0.2479184879	0.4735002326	-0.09447493023	-0.2289958783	-0.3008338637	-0.1645959492	-0.2987892801	-0.2289958783	-0.03251836369	0.4746712793	-0.1688359974	0.4685227474	0.2420876159	0.2428471927	-0.2315360524	0.2428471927	0.2481091958	0.2438166471	-0.08506789597	-0.08506789597	-0.06296606143	-0.07362418831	0.1447757276	-0.08784914016	0.08610710472	-0.079370323	-0.1590279187	0.1173534034	-0.1024946524	-0.07375484753	0.1822369224	0.1800873393	-0.06904055162	0.1399195921	0.178548235	-0.1100400993	0.1376207848	-0.09618724661	0.1901133186	-0.001287721827	0.1731394724	0.2324947426	-0.1474727998	-0.07289101111	-0.08477837661	0.1869353511
chr11_2065330_T_C	-0.08323120919	-0.05452827785	0.2633999126	0.5472350071	-0.2283079494	-0.2299258946	0.5472350071	1	0.5459134091	0.5472350071	0.5472350071	-0.1798471522	-0.2283079494	1	0.2221723922	-0.1798471522	-0.06779582212	-0.1819470186	-0.2191381023	-0.2191381023	-0.1278060901	-0.2191381023	0.4094402256	0.4094402256	0.01465627643	0.2270183282	0.002075888982	-0.1411487242	-0.1397495193	0.3160432568	0.3160432568	0.3160432568	0.2253217809	0.3189181539	0.2253217809	-0.007646987665	-0.007646987665	0.2253217809	0.2253217809	0.2253217809	-0.1397495193	0.2198631043	0.3189181539	0.3189181539	0.2198631043	-0.1339717258	-0.1268570712	-0.1268570712	-0.1304277201	-0.01484176975	0.305993431	0.4708205036	0.2226435436	-0.02433772183	0.2198631043	0.2226435436	-0.008872038888	0.2214884212	-0.02433772183	0.2215611698	0.2253217809	0.02563371241	-0.1239331144	0.2926476616	-0.1239331144	-0.005443960323	0.2253217809	0.2198631043	-0.11191677	0.2198631043	0.2193073331	0.2882675773	-0.008196889122	0.2193073331	-0.005443960323	-0.01892622085	0.297550428	0.297550428	0.2193073331	0.2193073331	0.07812230858	0.2193073331	0.221011735	0.1207567117	0.4708205036	0.001126691339	0.297550428	0.001126691339	-0.12572247	-0.1170975639	0.297550428	-0.1170975639	-0.01892622085	-0.1114258797	-0.02356784397	-0.01892622085	-0.1117114318	-0.1203494983	-0.04679330236	-0.01462379291	-0.1143320613	0.2666787656	0.4169921752	-0.1143320613	-0.008872038888	0.2646671283	-0.1200393842	-0.1159562292	0.2646671283	-0.02130415016	-0.06003559989	-0.1143320613	-0.03184302295	-0.1159562292	-0.1092357433	-0.1169309064	0.2675789076	-0.1151201053	-0.1508617208	-0.08058474666	-0.04656099894	-0.04656099894	-0.1508617208	0.2622571326	0.3635408698	-0.07009195478	-0.08997629509	0.2110973898	0.2073538284	-0.08306119734	-0.08996959477	0.1449960562	-0.08996959477	0.4317531762	-0.1025648372	0.145820971	-0.1120557872	-0.1138565801	-0.1120557872	-0.1025648372	0.145820971	0.145820971	0.145820971	0.2586988374	-0.02787120145	-0.1120557872	-0.1587584835	-0.09234207844	-0.1531160324	-0.1120557872	0.008791596299	0.2632939356	-0.09933625533	0.2559764751	0.1398079429	0.1448197488	-0.1102530882	0.1448197488	0.1523341219	0.1407088909	-0.07030947679	-0.07030947679	-0.03874707891	-0.06406721542	0.02001291893	-0.06523425555	-0.02972916302	-0.06113101063	-0.01212578752	-0.05132064208	-0.00615887064	-0.02041688229	0.06397865167	0.06270332539	-0.04679330236	0.02752523978	0.05160278664	-0.04492852068	0.02607885947	-0.06769525166	-0.0280514307	-0.01717605872	-0.02195549488	-0.02238480413	-0.05127283009	-0.007332210724	-0.05109890209	0.1562872075
chr11_2065765_C_A	-0.02402390015	-0.08601174202	0.8800648362	0.9975821532	-0.3983746332	-0.4013404853	0.9975821532	0.5459134091	1	0.9975821532	0.9975821532	0.7231590481	-0.4031281012	0.5459134091	0.3695875529	0.7231590481	-0.09334956377	-0.3498512571	-0.4046039577	-0.4046039577	-0.2890112995	-0.4046039577	0.6881504587	0.6881504587	-0.1156325348	0.322786426	-0.124446471	-0.2466208316	-0.2587503249	0.5629004044	0.5629004044	0.5629004044	0.3196908061	0.1828946387	0.3196908061	-0.1286693303	-0.1286693303	0.3196908061	0.3196908061	0.3196908061	-0.2587503249	0.3177734097	0.1828946387	0.1828946387	0.3177734097	-0.2438755456	-0.2453548412	-0.2453548412	-0.2460812921	-0.1258141189	0.5419271871	0.4079543419	0.2014465103	-0.1298621966	0.3177734097	0.2014465103	-0.05671947418	0.3321838183	-0.1298621966	0.3208725942	0.3196908061	-0.02625995449	-0.2377498899	0.46231685	-0.2377498899	-0.1218145811	0.3196908061	0.3177734097	-0.2814044062	0.3177734097	0.3163221165	0.4613157929	-0.1263083814	0.3163221165	-0.1218145811	-0.1050073984	0.5364067277	0.5364067277	0.3163221165	0.3163221165	0.3436226258	0.3163221165	0.3194335532	-0.0622789493	0.4079543419	-0.09657229341	0.5364067277	-0.09657229341	-0.241025597	-0.2721683028	0.5364067277	-0.2721683028	-0.1050073984	-0.2649603144	0.2975065472	-0.1050073984	-0.2656150015	-0.2370006282	-0.09818174798	-0.1155592768	-0.2674096898	0.4972571766	0.2369344317	-0.2674096898	-0.05671947418	0.4935484807	-0.2694733262	-0.2196694897	0.4935484807	-0.1234593592	-0.08419803977	-0.2674096898	-0.1078403676	-0.2196694897	-0.2668378092	-0.2214027315	0.4988933529	-0.2180855223	-0.300551993	-0.1761320834	-0.07743811096	-0.07743811096	-0.300551993	0.4829262046	0.2914106389	-0.07283329574	-0.1802048008	0.3908509143	0.3912577686	-0.09037893761	-0.1615398755	0.2438636196	-0.1615398755	0.2535691262	-0.1703642193	0.245251014	-0.2311899772	-0.2286664504	-0.2311899772	-0.1703642193	0.245251014	0.245251014	0.245251014	0.4736041626	-0.09502794252	-0.2311899772	-0.3035375665	-0.1659168676	-0.3015021426	-0.2311899772	-0.03316639826	0.4747573528	-0.1701900291	0.4685964542	0.2393567995	0.2401219911	-0.2337219366	0.2401219911	0.2453866307	0.241114116	-0.08601174202	-0.08601174202	-0.06389883314	-0.07420537213	0.1434101934	-0.08898689155	0.08374657109	-0.08050068713	-0.1556377907	0.116926863	-0.103071308	-0.074720651	0.181460672	0.1792987875	-0.06972572998	0.1383733205	0.1777666383	-0.1107591875	0.1360577237	-0.09744679741	0.1885809079	-0.002362006263	0.1715954059	0.23174927	-0.1486129214	-0.0743436025	-0.08606334867	0.186378432
chr11_2065900_C_T	-0.02307917634	-0.08506789597	0.8822160082	1	-0.3955681652	-0.3985224801	1	0.5472350071	0.9975821532	1	1	0.724913038	-0.4003192525	0.5472350071	0.3719111181	0.724913038	-0.09246733923	-0.3470572857	-0.4017538262	-0.4017538262	-0.2927901436	-0.4017538262	0.6875069374	0.6875069374	-0.1142961059	0.324925819	-0.123105628	-0.2444124772	-0.2564038296	0.5622756313	0.5622756313	0.5622756313	0.3218412345	0.1844752596	0.3218412345	-0.1273366335	-0.1273366335	0.3218412345	0.3218412345	0.3218412345	-0.2564038296	0.3199153133	0.1844752596	0.1844752596	0.3199153133	-0.2417862863	-0.2431631312	-0.2431631312	-0.2438702408	-0.124411709	0.5413890866	0.4088269071	0.2019259692	-0.1284678302	0.3199153133	0.2019259692	-0.05607626816	0.3342132877	-0.1284678302	0.3230034804	0.3218412345	-0.02559911482	-0.2355335038	0.4625236871	-0.2355335038	-0.1204041314	0.3218412345	0.3199153133	-0.2786164333	0.3199153133	0.3184862979	0.4615150584	-0.1248856654	0.3184862979	-0.1204041314	-0.103738416	0.5358522835	0.5358522835	0.3184862979	0.3184862979	0.342672058	0.3184862979	0.3215866468	-0.0592923762	0.4088269071	-0.09528667275	0.5358522835	-0.09528667275	-0.2387980508	-0.2694560739	0.5358522835	-0.2694560739	-0.103738416	-0.2622414327	0.2982819341	-0.103738416	-0.2629405772	-0.2348036193	-0.09748231858	-0.114181674	-0.264706107	0.4971066394	0.2374471974	-0.264706107	-0.05607626816	0.4934085408	-0.2667789449	-0.2175277223	0.4934085408	-0.1220980753	-0.08363083599	-0.264706107	-0.1064464745	-0.2175277223	-0.2641097758	-0.2192653045	0.4987328476	-0.2159591984	-0.2978089022	-0.1747126689	-0.07693535507	-0.07693535507	-0.2978089022	0.4827740708	0.2923547465	-0.07211758006	-0.1787934189	0.391397506	0.391785284	-0.08960726982	-0.16023155	0.2465160035	-0.16023155	0.2541057556	-0.1690514745	0.2479184879	-0.2289958783	-0.2264641206	-0.2289958783	-0.1690514745	0.2479184879	0.2479184879	0.2479184879	0.4735002326	-0.09447493023	-0.2289958783	-0.3008338637	-0.1645959492	-0.2987892801	-0.2289958783	-0.03251836369	0.4746712793	-0.1688359974	0.4685227474	0.2420876159	0.2428471927	-0.2315360524	0.2428471927	0.2481091958	0.2438166471	-0.08506789597	-0.08506789597	-0.06296606143	-0.07362418831	0.1447757276	-0.08784914016	0.08610710472	-0.079370323	-0.1590279187	0.1173534034	-0.1024946524	-0.07375484753	0.1822369224	0.1800873393	-0.06904055162	0.1399195921	0.178548235	-0.1100400993	0.1376207848	-0.09618724661	0.1901133186	-0.001287721827	0.1731394724	0.2324947426	-0.1474727998	-0.07289101111	-0.08477837661	0.1869353511
chr11_2066031_T_G	-0.02307917634	-0.08506789597	0.8822160082	1	-0.3955681652	-0.3985224801	1	0.5472350071	0.9975821532	1	1	0.724913038	-0.4003192525	0.5472350071	0.3719111181	0.724913038	-0.09246733923	-0.3470572857	-0.4017538262	-0.4017538262	-0.2927901436	-0.4017538262	0.6875069374	0.6875069374	-0.1142961059	0.324925819	-0.123105628	-0.2444124772	-0.2564038296	0.5622756313	0.5622756313	0.5622756313	0.3218412345	0.1844752596	0.3218412345	-0.1273366335	-0.1273366335	0.3218412345	0.3218412345	0.3218412345	-0.2564038296	0.3199153133	0.1844752596	0.1844752596	0.3199153133	-0.2417862863	-0.2431631312	-0.2431631312	-0.2438702408	-0.124411709	0.5413890866	0.4088269071	0.2019259692	-0.1284678302	0.3199153133	0.2019259692	-0.05607626816	0.3342132877	-0.1284678302	0.3230034804	0.3218412345	-0.02559911482	-0.2355335038	0.4625236871	-0.2355335038	-0.1204041314	0.3218412345	0.3199153133	-0.2786164333	0.3199153133	0.3184862979	0.4615150584	-0.1248856654	0.3184862979	-0.1204041314	-0.103738416	0.5358522835	0.5358522835	0.3184862979	0.3184862979	0.342672058	0.3184862979	0.3215866468	-0.0592923762	0.4088269071	-0.09528667275	0.5358522835	-0.09528667275	-0.2387980508	-0.2694560739	0.5358522835	-0.2694560739	-0.103738416	-0.2622414327	0.2982819341	-0.103738416	-0.2629405772	-0.2348036193	-0.09748231858	-0.114181674	-0.264706107	0.4971066394	0.2374471974	-0.264706107	-0.05607626816	0.4934085408	-0.2667789449	-0.2175277223	0.4934085408	-0.1220980753	-0.08363083599	-0.264706107	-0.1064464745	-0.2175277223	-0.2641097758	-0.2192653045	0.4987328476	-0.2159591984	-0.2978089022	-0.1747126689	-0.07693535507	-0.07693535507	-0.2978089022	0.4827740708	0.2923547465	-0.07211758006	-0.1787934189	0.391397506	0.391785284	-0.08960726982	-0.16023155	0.2465160035	-0.16023155	0.2541057556	-0.1690514745	0.2479184879	-0.2289958783	-0.2264641206	-0.2289958783	-0.1690514745	0.2479184879	0.2479184879	0.2479184879	0.4735002326	-0.09447493023	-0.2289958783	-0.3008338637	-0.1645959492	-0.2987892801	-0.2289958783	-0.03251836369	0.4746712793	-0.1688359974	0.4685227474	0.2420876159	0.2428471927	-0.2315360524	0.2428471927	0.2481091958	0.2438166471	-0.08506789597	-0.08506789597	-0.06296606143	-0.07362418831	0.1447757276	-0.08784914016	0.08610710472	-0.079370323	-0.1590279187	0.1173534034	-0.1024946524	-0.07375484753	0.1822369224	0.1800873393	-0.06904055162	0.1399195921	0.178548235	-0.1100400993	0.1376207848	-0.09618724661	0.1901133186	-0.001287721827	0.1731394724	0.2324947426	-0.1474727998	-0.07289101111	-0.08477837661	0.1869353511
chr11_2066970_G_A	0.04137518202	-0.05510239415	0.8200810234	0.724913038	-0.2770087629	-0.2791493633	0.724913038	-0.1798471522	0.7231590481	0.724913038	0.724913038	1	-0.2825926769	-0.1798471522	0.2542544416	1	-0.05287960447	-0.2581497393	-0.2918255769	-0.2918255769	-0.2389284273	-0.2918255769	0.471048704	0.471048704	-0.14639351	0.1950447603	-0.14639351	-0.1710894578	-0.1863343529	0.4007318254	0.4007318254	0.4007318254	0.1928157454	-0.04565992203	0.1928157454	-0.1433641711	-0.1433641711	0.1928157454	0.1928157454	0.1928157454	-0.1863343529	0.1950447603	-0.04565992203	-0.04565992203	0.1950447603	-0.173909644	-0.181383256	-0.181383256	-0.1792756436	-0.1340051682	0.384455127	0.0930018873	0.05408452633	-0.13095705	0.1950447603	0.05408452633	-0.05860422014	0.2105114038	-0.13095705	0.1972767364	0.1928157454	-0.05118317986	-0.1748226572	0.3027489433	-0.1748226572	-0.1370295672	0.1928157454	0.1950447603	-0.2353472189	0.1950447603	0.1938226543	0.3051683547	-0.140030995	0.1938226543	-0.1370295672	-0.1063464804	0.3848964265	0.3848964265	0.1938226543	0.1938226543	0.3384443815	0.1938226543	0.1960637326	-0.1690695813	0.0930018873	-0.1129169224	0.3848964265	-0.1129169224	-0.1771867986	-0.2203172887	0.3848964265	-0.2203172887	-0.1063464804	-0.2165058214	0.3699648389	-0.1063464804	-0.2170925085	-0.1769141746	-0.07605890994	-0.1221612885	-0.2170107221	0.3647666126	-0.06411813898	-0.2170107221	-0.05860422014	0.3620758611	-0.2147497394	-0.1602256497	0.3620758611	-0.1259673829	-0.04888085935	-0.2170107221	-0.09889860815	-0.1602256497	-0.2205041695	-0.1614656488	0.3659370578	-0.1590703131	-0.2258519654	-0.1390164802	-0.05210141949	-0.05210141949	-0.2258519654	0.3515607014	0.04440510471	-0.02707296362	-0.1360832331	0.2862714492	0.2898081823	-0.03695466274	-0.114273135	0.1703953302	-0.114273135	-0.05668789346	-0.114273135	0.1713647471	-0.1769141746	-0.1724565534	-0.1769141746	-0.114273135	0.1713647471	0.1713647471	0.1713647471	0.3435897405	-0.08809739101	-0.1769141746	-0.222908079	-0.1174500046	-0.2251488789	-0.1769141746	-0.04545412052	0.3411842597	-0.1166770351	0.3399802689	0.169460541	0.1662285093	-0.181383256	0.1662285093	0.1662285093	0.1707511698	-0.04211434154	-0.04211434154	-0.04211434154	-0.03380207651	0.1536829356	-0.04956006263	0.1256683136	-0.04297198153	-0.1769245911	0.1801617921	-0.1153923262	-0.06988021155	0.1615266224	0.1600498387	-0.04263153405	0.1417928593	0.1673767739	-0.09235269698	0.1402814725	-0.05733435146	0.2465251783	0.01262258441	0.2215589519	0.2916720401	-0.1311256262	-0.07963374074	-0.05758452801	0.09107796948
chr11_2067320_C_T	0.09019197061	0.03797530161	-0.3696396891	-0.4003192525	0.9953392265	0.9976737341	-0.4003192525	-0.2283079494	-0.4031281012	-0.4003192525	-0.4003192525	-0.2825926769	1	-0.2283079494	0.3752524475	-0.2825926769	0.3072990251	0.8805268007	0.9686829228	0.9686829228	-0.3279530559	0.9686829228	-0.6131145326	-0.6131145326	0.120507787	0.08478091666	0.1377919093	0.6103916404	0.6220395096	-0.4904070087	-0.4904070087	-0.4904070087	0.09189545774	0.02057530178	0.09189545774	0.1433536871	0.1433536871	0.09189545774	0.09189545774	0.09189545774	0.6220395096	0.09461143789	0.02057530178	0.02057530178	0.08969617728	0.5938330333	0.6032739235	0.6032739235	0.6072179181	0.1476769076	-0.4717341967	-0.1207693881	-0.05606061604	0.153059958	0.08969617728	-0.05606061604	0.08900687133	0.09185582877	0.153059958	0.08749689592	0.0869812099	-0.14492635	0.6035113141	-0.3825862924	0.6035113141	0.1423573035	0.0869812099	0.08969617728	0.6193685061	0.08969617728	0.0923753478	-0.3808271162	0.153662374	0.0923753478	0.1423573035	0.1633712963	-0.469100765	-0.469100765	0.0923753478	0.0923753478	-0.4090722861	0.0923753478	0.08522383759	0.5031749923	-0.1207693881	0.1516467972	-0.469100765	0.1516467972	0.6055015262	0.6293234255	-0.469100765	0.6293234255	0.1633712963	0.6265447778	-0.1501543437	0.1633712963	0.602205374	0.6052433864	-0.1063071309	0.1867235464	0.6231474199	-0.517091495	-0.03075428912	0.6231474199	0.08900687133	-0.518480715	0.6259623475	0.5865026171	-0.518480715	0.1811142366	-0.04962934114	0.6231474199	0.1840993334	0.5865026171	0.6186991174	0.5842261611	-0.5179566716	0.5822735315	0.622655264	0.1842912943	-0.02155777013	-0.02155777013	0.622655264	-0.5112759649	-0.1675038618	0.2095457881	0.1895709393	-0.4039966709	-0.4030180318	-0.1198689785	0.2041109055	0.04355854731	0.2041109055	-0.04571825153	0.2041109055	0.03864965671	0.5596646573	0.5559921808	0.5596646573	0.2041109055	0.03864965671	0.03864965671	0.03864965671	-0.5007356102	-0.09847625613	0.5596646573	0.6135502286	0.1982209559	0.6107801059	0.5596646573	-0.1553819421	-0.4945690479	0.1894773451	-0.4892686735	0.04308260246	0.04517499682	0.557649689	0.04517499682	0.03485104253	0.04049792865	0.2331105915	0.2331105915	0.2331105915	-0.07571136751	-0.001883135578	0.1373206439	0.09850265009	0.1333397437	-0.2975452707	0.008288194316	-0.06813457361	0.09475691606	-0.1915582055	-0.1858061473	-0.1342082459	-0.09182109475	-0.1923305744	0.08824066411	-0.09471483736	0.1866390966	-0.08885761779	-0.05667927559	-0.08688901982	-0.09155876454	0.3807291575	0.1591553184	0.1785000301	-0.03655434348
chr11_2068243_A_AT	-0.08323120919	-0.05452827785	0.2633999126	0.5472350071	-0.2283079494	-0.2299258946	0.5472350071	1	0.5459134091	0.5472350071	0.5472350071	-0.1798471522	-0.2283079494	1	0.2221723922	-0.1798471522	-0.06779582212	-0.1819470186	-0.2191381023	-0.2191381023	-0.1278060901	-0.2191381023	0.4094402256	0.4094402256	0.01465627643	0.2270183282	0.002075888982	-0.1411487242	-0.1397495193	0.3160432568	0.3160432568	0.3160432568	0.2253217809	0.3189181539	0.2253217809	-0.007646987665	-0.007646987665	0.2253217809	0.2253217809	0.2253217809	-0.1397495193	0.2198631043	0.3189181539	0.3189181539	0.2198631043	-0.1339717258	-0.1268570712	-0.1268570712	-0.1304277201	-0.01484176975	0.305993431	0.4708205036	0.2226435436	-0.02433772183	0.2198631043	0.2226435436	-0.008872038888	0.2214884212	-0.02433772183	0.2215611698	0.2253217809	0.02563371241	-0.1239331144	0.2926476616	-0.1239331144	-0.005443960323	0.2253217809	0.2198631043	-0.11191677	0.2198631043	0.2193073331	0.2882675773	-0.008196889122	0.2193073331	-0.005443960323	-0.01892622085	0.297550428	0.297550428	0.2193073331	0.2193073331	0.07812230858	0.2193073331	0.221011735	0.1207567117	0.4708205036	0.001126691339	0.297550428	0.001126691339	-0.12572247	-0.1170975639	0.297550428	-0.1170975639	-0.01892622085	-0.1114258797	-0.02356784397	-0.01892622085	-0.1117114318	-0.1203494983	-0.04679330236	-0.01462379291	-0.1143320613	0.2666787656	0.4169921752	-0.1143320613	-0.008872038888	0.2646671283	-0.1200393842	-0.1159562292	0.2646671283	-0.02130415016	-0.06003559989	-0.1143320613	-0.03184302295	-0.1159562292	-0.1092357433	-0.1169309064	0.2675789076	-0.1151201053	-0.1508617208	-0.08058474666	-0.04656099894	-0.04656099894	-0.1508617208	0.2622571326	0.3635408698	-0.07009195478	-0.08997629509	0.2110973898	0.2073538284	-0.08306119734	-0.08996959477	0.1449960562	-0.08996959477	0.4317531762	-0.1025648372	0.145820971	-0.1120557872	-0.1138565801	-0.1120557872	-0.1025648372	0.145820971	0.145820971	0.145820971	0.2586988374	-0.02787120145	-0.1120557872	-0.1587584835	-0.09234207844	-0.1531160324	-0.1120557872	0.008791596299	0.2632939356	-0.09933625533	0.2559764751	0.1398079429	0.1448197488	-0.1102530882	0.1448197488	0.1523341219	0.1407088909	-0.07030947679	-0.07030947679	-0.03874707891	-0.06406721542	0.02001291893	-0.06523425555	-0.02972916302	-0.06113101063	-0.01212578752	-0.05132064208	-0.00615887064	-0.02041688229	0.06397865167	0.06270332539	-0.04679330236	0.02752523978	0.05160278664	-0.04492852068	0.02607885947	-0.06769525166	-0.0280514307	-0.01717605872	-0.02195549488	-0.02238480413	-0.05127283009	-0.007332210724	-0.05109890209	0.1562872075
chr11_2068717_A_G	0.05666134564	0.03783127783	0.3107794784	0.3719111181	0.3752524475	0.377973152	0.3719111181	0.2221723922	0.3695875529	0.3719111181	0.3719111181	0.2542544416	0.3752524475	0.2221723922	1	0.2542544416	0.1666440453	0.3104711465	0.3286677287	0.3286677287	0.2122654078	0.3286677287	0.4950863067	0.4950863067	-0.05918964028	0.6683278591	-0.04974408537	0.2426007987	0.2215067416	0.4542936759	0.4542936759	0.4542936759	0.6709664927	0.0886466552	0.6709664927	-0.05494067458	-0.05494067458	0.6709664927	0.6709664927	0.6709664927	0.2215067416	0.6683278591	0.0886466552	0.0886466552	0.6683278591	0.2143909229	0.1965028198	0.1965028198	0.1963243832	-0.02894021406	0.4578404661	0.1861207444	0.08813918632	-0.03384187099	0.6683278591	0.08813918632	-0.03802473731	0.6978722427	-0.03384187099	0.6656950292	0.6709664927	0.06412092698	0.1993472408	0.4390072161	0.1993472408	-0.02409041032	0.6709664927	0.6683278591	0.165793756	0.6683278591	0.6690711693	0.4372688349	-0.01929084271	0.6690711693	-0.02409041032	0.02577285253	0.4549989237	0.4549989237	0.6690711693	0.6690711693	0.3650411496	0.6690711693	0.666419082	0.236131809	0.1861207444	0.0354524829	0.4549989237	0.0354524829	0.1961582157	0.1922877978	0.4549989237	0.1922877978	0.02577285253	0.1951487321	0.03882288222	0.02577285253	0.1760817366	0.2057526324	0.08978809851	0.05257038042	0.1931729036	0.3268563849	0.1419694868	0.1931729036	-0.03802473731	0.3286962858	0.1903023165	0.19052522	0.3286962858	0.04369809906	0.08568802873	0.1931729036	0.06127818729	0.19052522	0.1915485391	0.1858862713	0.3284734766	0.1891514027	0.150237877	-0.02288928835	-0.1663818862	-0.1663818862	0.150237877	0.3201744025	0.1045930734	0.1256441511	-0.0275433916	0.3371764529	0.3365551984	-0.2452266248	0.03009978125	0.5268677102	0.03009978125	0.152461732	0.02064307296	0.5242290294	0.1372550804	0.1341150064	0.1372550804	0.02064307296	0.5242290294	0.5242290294	0.5242290294	0.3246143399	-0.02684548786	0.1372550804	0.1333485516	0.02538493422	0.1361924308	0.1372550804	0.03980832535	0.3310221381	0.002316363869	0.3294309171	0.5110338335	0.5167788443	0.1404034148	0.5167788443	0.5111369335	0.5107199147	0.1207727033	0.1207727033	0.1563190285	-0.219981312	0.410893653	0.005130392555	0.4257827964	0.01491639854	0.0890631592	0.113429888	0.04523652385	0.002897750212	0.2842446388	0.28749151	-0.2151640524	0.3345371499	0.2806478825	-0.02648836625	0.3283339295	0.0473108142	0.04745676031	0.2509218118	0.03720498738	0.04657169969	0.1298865855	0.02101962692	0.051503648	0.07454049096
chr11_2068776_A_G	0.04137518202	-0.05510239415	0.8200810234	0.724913038	-0.2770087629	-0.2791493633	0.724913038	-0.1798471522	0.7231590481	0.724913038	0.724913038	1	-0.2825926769	-0.1798471522	0.2542544416	1	-0.05287960447	-0.2581497393	-0.2918255769	-0.2918255769	-0.2389284273	-0.2918255769	0.471048704	0.471048704	-0.14639351	0.1950447603	-0.14639351	-0.1710894578	-0.1863343529	0.4007318254	0.4007318254	0.4007318254	0.1928157454	-0.04565992203	0.1928157454	-0.1433641711	-0.1433641711	0.1928157454	0.1928157454	0.1928157454	-0.1863343529	0.1950447603	-0.04565992203	-0.04565992203	0.1950447603	-0.173909644	-0.181383256	-0.181383256	-0.1792756436	-0.1340051682	0.384455127	0.0930018873	0.05408452633	-0.13095705	0.1950447603	0.05408452633	-0.05860422014	0.2105114038	-0.13095705	0.1972767364	0.1928157454	-0.05118317986	-0.1748226572	0.3027489433	-0.1748226572	-0.1370295672	0.1928157454	0.1950447603	-0.2353472189	0.1950447603	0.1938226543	0.3051683547	-0.140030995	0.1938226543	-0.1370295672	-0.1063464804	0.3848964265	0.3848964265	0.1938226543	0.1938226543	0.3384443815	0.1938226543	0.1960637326	-0.1690695813	0.0930018873	-0.1129169224	0.3848964265	-0.1129169224	-0.1771867986	-0.2203172887	0.3848964265	-0.2203172887	-0.1063464804	-0.2165058214	0.3699648389	-0.1063464804	-0.2170925085	-0.1769141746	-0.07605890994	-0.1221612885	-0.2170107221	0.3647666126	-0.06411813898	-0.2170107221	-0.05860422014	0.3620758611	-0.2147497394	-0.1602256497	0.3620758611	-0.1259673829	-0.04888085935	-0.2170107221	-0.09889860815	-0.1602256497	-0.2205041695	-0.1614656488	0.3659370578	-0.1590703131	-0.2258519654	-0.1390164802	-0.05210141949	-0.05210141949	-0.2258519654	0.3515607014	0.04440510471	-0.02707296362	-0.1360832331	0.2862714492	0.2898081823	-0.03695466274	-0.114273135	0.1703953302	-0.114273135	-0.05668789346	-0.114273135	0.1713647471	-0.1769141746	-0.1724565534	-0.1769141746	-0.114273135	0.1713647471	0.1713647471	0.1713647471	0.3435897405	-0.08809739101	-0.1769141746	-0.222908079	-0.1174500046	-0.2251488789	-0.1769141746	-0.04545412052	0.3411842597	-0.1166770351	0.3399802689	0.169460541	0.1662285093	-0.181383256	0.1662285093	0.1662285093	0.1707511698	-0.04211434154	-0.04211434154	-0.04211434154	-0.03380207651	0.1536829356	-0.04956006263	0.1256683136	-0.04297198153	-0.1769245911	0.1801617921	-0.1153923262	-0.06988021155	0.1615266224	0.1600498387	-0.04263153405	0.1417928593	0.1673767739	-0.09235269698	0.1402814725	-0.05733435146	0.2465251783	0.01262258441	0.2215589519	0.2916720401	-0.1311256262	-0.07963374074	-0.05758452801	0.09107796948
chr11_2068968_C_T	-0.02998170972	-0.02175485365	-0.08304363071	-0.09246733923	0.3072990251	0.3065504527	-0.09246733923	-0.06779582212	-0.09334956377	-0.09246733923	-0.09246733923	-0.05287960447	0.3072990251	-0.06779582212	0.1666440453	-0.05287960447	1	0.2369351845	0.2931339867	0.2931339867	-0.07802644502	0.2931339867	-0.143337044	-0.143337044	0.6085050805	0.132803905	0.6085050805	-0.04404682857	-0.0616865902	-0.1439876522	-0.1439876522	-0.1439876522	0.1446969468	0.4206756054	0.1446969468	0.6135334572	0.6135334572	0.1446969468	0.1446969468	0.1446969468	-0.0616865902	0.1455911111	0.4206756054	0.4206756054	0.1455911111	-0.04598802722	-0.06082125708	-0.06082125708	-0.06270272852	0.5802383427	-0.1366262614	-0.0440703648	-0.05035694364	0.5847373801	0.1455911111	-0.05035694364	-0.05334665055	0.1538418699	0.5847373801	0.1336971861	0.1446969468	-0.05620036879	-0.06364208558	0.1758009439	-0.06364208558	0.5758179553	0.1446969468	0.1455911111	0.3020620044	0.1455911111	0.1454525731	0.1768471138	0.5930186411	0.1454525731	0.5758179553	0.6402338947	-0.1357143332	-0.1357143332	0.1454525731	0.1454525731	-0.1141471529	0.1454525731	0.1334977125	0.2414972983	-0.0440703648	0.6292270845	-0.1357143332	0.6292270845	-0.06458057884	0.3034499259	-0.1357143332	0.3034499259	0.6402338947	0.302559429	0.006616968152	0.6402338947	0.3187182815	-0.06176246627	-0.02013060809	0.6146059472	0.3069344973	-0.1349822987	0.02626655745	0.3069344973	-0.05334665055	-0.1354887501	0.3078401796	-0.07015091987	-0.1354887501	0.6021471234	0.002584160221	0.3069344973	0.5844801799	-0.07015091987	0.3077491879	-0.07058307231	-0.1339135302	-0.06964508369	0.2991467727	0.5722036624	-0.04025935645	-0.04025935645	0.2991467727	-0.1344754834	-0.04715068132	0.4718064966	0.576300225	0.1996522075	0.2009307475	-0.06303067502	0.6362972293	0.1594368037	0.6362972293	0.01986140409	0.6362972293	0.1469285442	-0.0765842795	-0.07750999258	-0.0765842795	0.6362972293	0.1469285442	0.1469285442	0.1469285442	-0.1370060292	0.006052492207	-0.0765842795	0.3026828873	0.6311383688	0.301793975	-0.0765842795	-0.05478913824	-0.1277050043	0.6162407122	-0.1402458368	0.1307385077	0.1425401219	-0.07565786829	0.1425401219	0.129111075	0.1308685351	0.5987070289	0.5987070289	0.5987070289	-0.0006479128892	-0.1125813135	0.4342634466	0.1399425455	0.4509019655	-0.07246231864	0.009800908988	-0.04555778759	0.1577957726	-0.09772867917	-0.0874900005	-0.05642342483	0.1235488882	-0.1094117752	-0.05758267543	0.1232137857	0.391433524	0.08320874545	0.1364755479	0.07135279753	0.01740641323	0.0318951035	0.3410753105	0.4023809485	-0.05642342483
chr11_2069125_TCTCCATACTCCATTTTCCACA_T	0.07574288753	0.03167708181	-0.331163917	-0.3470572857	0.8805268007	0.8781612668	-0.3470572857	-0.1819470186	-0.3498512571	-0.3470572857	-0.3470572857	-0.2581497393	0.8805268007	-0.1819470186	0.3104711465	-0.2581497393	0.2369351845	1	0.9013626947	0.9013626947	-0.3190551266	0.9013626947	-0.5577678617	-0.5577678617	0.1535261896	0.09830397005	0.1535261896	0.5246393679	0.5365370793	-0.4180568769	-0.4180568769	-0.4180568769	0.1012757469	0.05717743758	0.1012757469	0.1592000613	0.1592000613	0.1012757469	0.1012757469	0.1012757469	0.5365370793	0.1040058724	0.05717743758	0.05717743758	0.09830397005	0.5006236203	0.50907048	0.50907048	0.5149943512	0.1597734238	-0.395622461	-0.08374769871	-0.02105595396	0.1652403322	0.09830397005	-0.02105595396	0.07357228316	0.06251601058	0.1652403322	0.09533195497	0.09557501941	-0.140849148	0.5113626985	-0.3049131265	0.5113626985	0.1543714995	0.09557501941	0.09830397005	0.5407895608	0.09830397005	0.09607412461	-0.3030176233	0.1586395331	0.09607412461	0.1543714995	0.1056363478	-0.3926116847	-0.3926116847	0.09607412461	0.09607412461	-0.3503433294	0.09607412461	0.09308584869	0.4491021068	-0.08374769871	0.09457983661	-0.3926116847	0.09457983661	0.5077455168	0.5095336629	-0.3926116847	0.5095336629	0.1056363478	0.5067424335	-0.1352635298	0.1056363478	0.4869942109	0.5120315522	-0.09594104417	0.1287398637	0.512083911	-0.4316894365	-0.009089713378	0.512083911	0.07357228316	-0.4332597697	0.5149078054	0.5022130173	-0.4332597697	0.1199144129	-0.03546506886	0.512083911	0.1279493869	0.5022130173	0.5061827378	0.5015493222	-0.433434924	0.4985917175	0.55686689	0.195495775	-0.02961587041	-0.02961587041	0.55686689	-0.4352537853	-0.1589896146	0.1702546099	0.2008479193	-0.360603762	-0.3603675556	-0.1084671609	0.1479407004	0.06028559468	0.1479407004	-0.02509295047	0.1479407004	0.05464658536	0.5186406997	0.5149943512	0.5186406997	0.1479407004	0.05464658536	0.05464658536	0.05464658536	-0.4227100026	-0.1152098191	0.5186406997	0.5445892122	0.1423512415	0.5418073226	0.5186406997	-0.1536628621	-0.4243220575	0.1358222599	-0.4174634378	0.05560378964	0.05245245367	0.5156862261	0.05245245367	0.04646435013	0.05213173077	0.1574353466	0.1574353466	0.1574353466	-0.08568208768	0.03127190831	0.08222860835	0.08308357383	0.07367093488	-0.2862707171	0.03004000795	-0.05693189153	-0.004507689163	-0.115513289	-0.1131988955	-0.1283074729	-0.0705644627	-0.1159790423	0.1130384212	-0.0733873985	0.08460191388	-0.07305916732	-0.05127930517	-0.07169761021	-0.06993644617	0.3090747207	0.1149397252	0.07927310257	-0.01502497238
chr11_2070333_C_T	0.07942500461	0.04980631266	-0.3726071966	-0.4017538262	0.9686829228	0.9663096176	-0.4017538262	-0.2191381023	-0.4046039577	-0.4017538262	-0.4017538262	-0.2918255769	0.9686829228	-0.2191381023	0.3286677287	-0.2918255769	0.2931339867	0.9013626947	1	1	-0.3399892901	1	-0.6235123163	-0.6235123163	0.2074461215	0.1091380694	0.2159157156	0.5953516904	0.6047213295	-0.4947771627	-0.4947771627	-0.4947771627	0.1160095114	0.08558152203	0.1160095114	0.2220010097	0.2220010097	0.1160095114	0.1160095114	0.1160095114	0.6047213295	0.1187724059	0.08558152203	0.08558152203	0.1139552377	0.5748141259	0.5825229437	0.5825229437	0.5861836654	0.2220417654	-0.4726531617	-0.1101136471	-0.04401254196	0.2278836596	0.1139552377	-0.04401254196	0.08131981304	0.06410677705	0.2278836596	0.1119012754	0.1111933358	-0.1482610623	0.5824488545	-0.345247024	0.5824488545	0.2162721906	0.1111933358	0.1139552377	0.6450746511	0.1139552377	0.1166153282	-0.3433905104	0.226805344	0.1166153282	0.2162721906	0.1484163691	-0.4699488046	-0.4699488046	0.1166153282	0.1166153282	-0.4148142216	0.1166153282	0.1097082394	0.5317134227	-0.1101136471	0.1367252762	-0.4699488046	0.1367252762	0.5842972332	0.6019247645	-0.4699488046	0.6019247645	0.1484163691	0.599102903	-0.1560448812	0.1484163691	0.5759109747	0.5843507848	-0.11043727	0.1783877	0.5959876229	-0.5163791061	-0.03621113604	0.5959876229	0.08131981304	-0.5178073737	0.5988451057	0.5609768226	-0.5178073737	0.17316776	-0.05368667654	0.5959876229	0.17554294	0.5609768226	0.591446045	0.558748293	-0.5171202288	0.5512605531	0.6445357986	0.2620237259	-0.02558825882	-0.02558825882	0.6445357986	-0.5106127138	-0.1657063744	0.2131151347	0.2677362989	-0.4073962522	-0.4062498192	-0.1244605468	0.1967164902	0.06626676259	0.1967164902	-0.0511859892	0.1967164902	0.06158997491	0.5899344258	0.5861836654	0.5899344258	0.1967164902	0.06158997491	0.06158997491	0.06158997491	-0.5006158489	-0.1013701849	0.5899344258	0.6360042438	0.1907955003	0.6331909001	0.5899344258	-0.1583516318	-0.4947875049	0.181789215	-0.4897014013	0.06568555401	0.06750645501	0.5881121594	0.06750645501	0.05738853282	0.06311349643	0.2197983416	0.2197983416	0.2197983416	-0.07943071077	0.02091931364	0.1240701383	0.1074672043	0.1201988461	-0.3015454705	0.003458986819	-0.07182260555	0.08394028309	-0.162186353	-0.1565617788	-0.1377815707	-0.06939262325	-0.1628402936	0.08009954797	-0.07223900383	0.1712740945	-0.09622318879	-0.03559345556	-0.09414594581	-0.09801446597	0.3628853228	0.2224674572	0.1629982438	-0.028404368
chr11_2070570_C_T	0.07942500461	0.04980631266	-0.3726071966	-0.4017538262	0.9686829228	0.9663096176	-0.4017538262	-0.2191381023	-0.4046039577	-0.4017538262	-0.4017538262	-0.2918255769	0.9686829228	-0.2191381023	0.3286677287	-0.2918255769	0.2931339867	0.9013626947	1	1	-0.3399892901	1	-0.6235123163	-0.6235123163	0.2074461215	0.1091380694	0.2159157156	0.5953516904	0.6047213295	-0.4947771627	-0.4947771627	-0.4947771627	0.1160095114	0.08558152203	0.1160095114	0.2220010097	0.2220010097	0.1160095114	0.1160095114	0.1160095114	0.6047213295	0.1187724059	0.08558152203	0.08558152203	0.1139552377	0.5748141259	0.5825229437	0.5825229437	0.5861836654	0.2220417654	-0.4726531617	-0.1101136471	-0.04401254196	0.2278836596	0.1139552377	-0.04401254196	0.08131981304	0.06410677705	0.2278836596	0.1119012754	0.1111933358	-0.1482610623	0.5824488545	-0.345247024	0.5824488545	0.2162721906	0.1111933358	0.1139552377	0.6450746511	0.1139552377	0.1166153282	-0.3433905104	0.226805344	0.1166153282	0.2162721906	0.1484163691	-0.4699488046	-0.4699488046	0.1166153282	0.1166153282	-0.4148142216	0.1166153282	0.1097082394	0.5317134227	-0.1101136471	0.1367252762	-0.4699488046	0.1367252762	0.5842972332	0.6019247645	-0.4699488046	0.6019247645	0.1484163691	0.599102903	-0.1560448812	0.1484163691	0.5759109747	0.5843507848	-0.11043727	0.1783877	0.5959876229	-0.5163791061	-0.03621113604	0.5959876229	0.08131981304	-0.5178073737	0.5988451057	0.5609768226	-0.5178073737	0.17316776	-0.05368667654	0.5959876229	0.17554294	0.5609768226	0.591446045	0.558748293	-0.5171202288	0.5512605531	0.6445357986	0.2620237259	-0.02558825882	-0.02558825882	0.6445357986	-0.5106127138	-0.1657063744	0.2131151347	0.2677362989	-0.4073962522	-0.4062498192	-0.1244605468	0.1967164902	0.06626676259	0.1967164902	-0.0511859892	0.1967164902	0.06158997491	0.5899344258	0.5861836654	0.5899344258	0.1967164902	0.06158997491	0.06158997491	0.06158997491	-0.5006158489	-0.1013701849	0.5899344258	0.6360042438	0.1907955003	0.6331909001	0.5899344258	-0.1583516318	-0.4947875049	0.181789215	-0.4897014013	0.06568555401	0.06750645501	0.5881121594	0.06750645501	0.05738853282	0.06311349643	0.2197983416	0.2197983416	0.2197983416	-0.07943071077	0.02091931364	0.1240701383	0.1074672043	0.1201988461	-0.3015454705	0.003458986819	-0.07182260555	0.08394028309	-0.162186353	-0.1565617788	-0.1377815707	-0.06939262325	-0.1628402936	0.08009954797	-0.07223900383	0.1712740945	-0.09622318879	-0.03559345556	-0.09414594581	-0.09801446597	0.3628853228	0.2224674572	0.1629982438	-0.028404368
chr11_2070813_A_C	-0.01823673717	0.09980780252	-0.2575191995	-0.2927901436	-0.3279530559	-0.3241791605	-0.2927901436	-0.1278060901	-0.2890112995	-0.2927901436	-0.2927901436	-0.2389284273	-0.3279530559	-0.1278060901	0.2122654078	-0.2389284273	-0.07802644502	-0.3190551266	-0.3399892901	-0.3399892901	1	-0.3399892901	0.4877369804	0.4877369804	-0.0755406	0.2530412034	-0.0755406	-0.1879263963	-0.2110880252	0.4365091751	0.4365091751	0.4365091751	0.2509900087	-0.1464318437	0.2509900087	-0.08315299653	-0.08315299653	0.2509900087	0.2509900087	0.2509900087	-0.2110880252	0.2469825722	-0.1464318437	-0.1464318437	0.2530412034	-0.2028285981	-0.2324954731	-0.2324954731	-0.2366662613	-0.06261026433	0.4428405089	-0.1342830373	-0.07496287379	-0.06988098243	0.2530412034	-0.07496287379	-0.08404420516	0.2662975367	-0.06988098243	0.2490359418	0.2570473916	0.2826890704	-0.2387507628	0.4079313519	-0.2387507628	-0.05541756505	0.2570473916	0.2530412034	-0.2425130171	0.2530412034	0.2523007112	0.4050123379	-0.05850848947	0.2523007112	-0.05541756505	-0.04539864251	0.4430618281	0.4430618281	0.2523007112	0.2523007112	0.5006136993	0.2523007112	0.2543631665	-0.2842692508	-0.1342830373	-0.03022500227	0.4430618281	-0.03022500227	-0.2408347807	-0.236164154	0.4430618281	-0.236164154	-0.04539864251	-0.238224122	-0.1306947349	-0.04539864251	-0.2290801539	-0.2345811928	0.3509561111	-0.03120896218	-0.2333393207	0.4050169479	-0.0883380422	-0.2333393207	-0.08404420516	0.4132865511	-0.2375525274	-0.2497619746	0.4132865511	-0.02475278328	0.2595697962	-0.2333393207	-0.02748289126	-0.2497619746	-0.2304144062	-0.2500330095	0.4059296249	-0.2479610197	-0.2410293901	-0.04010446553	-0.06747671457	-0.06747671457	-0.2410293901	0.4076330633	-0.02776885416	-0.02856790736	-0.04693876346	0.4058534744	0.4034548439	-0.01957485068	-0.02241118515	0.239441933	-0.02241118515	-0.07816480899	-0.02241118515	0.2408041713	-0.2626717391	-0.2647292338	-0.2626717391	-0.02241118515	0.2408041713	0.2408041713	0.2408041713	0.4109144788	0.2059569802	-0.2626717391	-0.2452450903	-0.01517842111	-0.2410832752	-0.2626717391	0.2765049437	0.4091462274	-0.02525232407	0.4082643174	0.227540907	0.2305512225	-0.2535844169	0.2305512225	0.2305512225	0.2282869736	-0.04718090425	-0.04718090425	-0.03381829455	-0.06508056864	0.2866376322	-0.05593004501	0.2514376987	-0.05024308368	0.6553020588	-0.02360960603	0.2595697962	-0.02322507689	0.3320413205	0.3312107884	0.007042368876	0.3175436756	0.3333801217	-0.004778156779	0.3168913811	-0.0589267924	-0.06486777256	0.3502597914	-0.05832753064	-0.1147088521	-0.1432011498	-0.08262212099	-0.05792373059	-0.09613175378
chr11_2070926_A_T	0.07942500461	0.04980631266	-0.3726071966	-0.4017538262	0.9686829228	0.9663096176	-0.4017538262	-0.2191381023	-0.4046039577	-0.4017538262	-0.4017538262	-0.2918255769	0.9686829228	-0.2191381023	0.3286677287	-0.2918255769	0.2931339867	0.9013626947	1	1	-0.3399892901	1	-0.6235123163	-0.6235123163	0.2074461215	0.1091380694	0.2159157156	0.5953516904	0.6047213295	-0.4947771627	-0.4947771627	-0.4947771627	0.1160095114	0.08558152203	0.1160095114	0.2220010097	0.2220010097	0.1160095114	0.1160095114	0.1160095114	0.6047213295	0.1187724059	0.08558152203	0.08558152203	0.1139552377	0.5748141259	0.5825229437	0.5825229437	0.5861836654	0.2220417654	-0.4726531617	-0.1101136471	-0.04401254196	0.2278836596	0.1139552377	-0.04401254196	0.08131981304	0.06410677705	0.2278836596	0.1119012754	0.1111933358	-0.1482610623	0.5824488545	-0.345247024	0.5824488545	0.2162721906	0.1111933358	0.1139552377	0.6450746511	0.1139552377	0.1166153282	-0.3433905104	0.226805344	0.1166153282	0.2162721906	0.1484163691	-0.4699488046	-0.4699488046	0.1166153282	0.1166153282	-0.4148142216	0.1166153282	0.1097082394	0.5317134227	-0.1101136471	0.1367252762	-0.4699488046	0.1367252762	0.5842972332	0.6019247645	-0.4699488046	0.6019247645	0.1484163691	0.599102903	-0.1560448812	0.1484163691	0.5759109747	0.5843507848	-0.11043727	0.1783877	0.5959876229	-0.5163791061	-0.03621113604	0.5959876229	0.08131981304	-0.5178073737	0.5988451057	0.5609768226	-0.5178073737	0.17316776	-0.05368667654	0.5959876229	0.17554294	0.5609768226	0.591446045	0.558748293	-0.5171202288	0.5512605531	0.6445357986	0.2620237259	-0.02558825882	-0.02558825882	0.6445357986	-0.5106127138	-0.1657063744	0.2131151347	0.2677362989	-0.4073962522	-0.4062498192	-0.1244605468	0.1967164902	0.06626676259	0.1967164902	-0.0511859892	0.1967164902	0.06158997491	0.5899344258	0.5861836654	0.5899344258	0.1967164902	0.06158997491	0.06158997491	0.06158997491	-0.5006158489	-0.1013701849	0.5899344258	0.6360042438	0.1907955003	0.6331909001	0.5899344258	-0.1583516318	-0.4947875049	0.181789215	-0.4897014013	0.06568555401	0.06750645501	0.5881121594	0.06750645501	0.05738853282	0.06311349643	0.2197983416	0.2197983416	0.2197983416	-0.07943071077	0.02091931364	0.1240701383	0.1074672043	0.1201988461	-0.3015454705	0.003458986819	-0.07182260555	0.08394028309	-0.162186353	-0.1565617788	-0.1377815707	-0.06939262325	-0.1628402936	0.08009954797	-0.07223900383	0.1712740945	-0.09622318879	-0.03559345556	-0.09414594581	-0.09801446597	0.3628853228	0.2224674572	0.1629982438	-0.028404368
chr11_2070993_T_G	-0.03484105428	-0.002306745044	0.6064096858	0.6875069374	-0.6087767835	-0.6086245792	0.6875069374	0.4094402256	0.6881504587	0.6875069374	0.6875069374	0.471048704	-0.6131145326	0.4094402256	0.4950863067	0.471048704	-0.143337044	-0.5577678617	-0.6235123163	-0.6235123163	0.4877369804	-0.6235123163	1	1	-0.1533466825	0.4831430768	-0.161389788	-0.3650436408	-0.3934800599	0.8346594567	0.8346594567	0.8346594567	0.4787790253	0.05786209605	0.4787790253	-0.1709542165	-0.1709542165	0.4787790253	0.4787790253	0.4787790253	-0.3934800599	0.47399388	0.05786209605	0.05786209605	0.4785684784	-0.3738979035	-0.3975550803	-0.3975550803	-0.4013498458	-0.1530760822	0.8204925635	0.2630373479	0.1277576041	-0.1622285886	0.4785684784	0.1277576041	-0.114655686	0.5016434528	-0.1622285886	0.4783627969	0.4833526811	0.1900737057	-0.3953123066	0.726268925	-0.3953123066	-0.1440259527	0.4833526811	0.4785684784	-0.4328479886	0.4785684784	0.4766817316	0.7231375215	-0.1504902667	0.4766817316	-0.1440259527	-0.120654218	0.815566431	0.815566431	0.4766817316	0.4766817316	0.6867882167	0.4766817316	0.4810686636	-0.2687728732	0.2630373479	-0.1015836495	0.815566431	-0.1015836495	-0.3998663901	-0.4196176123	0.815566431	-0.4196176123	-0.120654218	-0.4145860239	0.1736501211	-0.120654218	-0.4082103827	-0.3914976674	0.1759895996	-0.1201406966	-0.4131216776	0.7514449669	0.1500895481	-0.4131216776	-0.114655686	0.7543289871	-0.4181952259	-0.3871870721	0.7543289871	-0.1224152707	0.1196343485	-0.4131216776	-0.1103402114	-0.3871870721	-0.4103422723	-0.3889781332	0.7536367013	-0.3843951881	-0.4538903171	-0.1897939682	-0.1211906974	-0.1211906974	-0.4538903171	0.7444383658	0.2459532684	-0.08741378176	-0.1986799678	0.6596807123	0.6582292415	-0.09659164152	-0.1632132916	0.4010890559	-0.1632132916	0.1729801823	-0.1712658944	0.4033709407	-0.4074050932	-0.4066471161	-0.4074050932	-0.1712658944	0.4033709407	0.4033709407	0.4033709407	0.7384895445	0.06925306336	-0.4074050932	-0.4598351954	-0.1617368609	-0.4548260895	-0.4074050932	0.1790870679	0.7382055764	-0.173214379	0.7319169228	0.3880013556	0.3909943966	-0.4028628495	0.3909943966	0.3957986124	0.3901720059	-0.1132912696	-0.1132912696	-0.08302276293	-0.1163583763	0.3442648436	-0.1224366298	0.2638487692	-0.1104014911	0.3495962448	0.0893172684	0.1024116589	-0.08487447951	0.4130695196	0.4104685534	-0.05771674165	0.3632210068	0.4106963929	-0.1040745278	0.3606130702	-0.1323120405	0.1245949927	0.2632896355	0.1140360893	0.1256565445	-0.2427675749	-0.1220190386	-0.1211383604	0.09808748582
chr11_2070994_C_T	-0.03484105428	-0.002306745044	0.6064096858	0.6875069374	-0.6087767835	-0.6086245792	0.6875069374	0.4094402256	0.6881504587	0.6875069374	0.6875069374	0.471048704	-0.6131145326	0.4094402256	0.4950863067	0.471048704	-0.143337044	-0.5577678617	-0.6235123163	-0.6235123163	0.4877369804	-0.6235123163	1	1	-0.1533466825	0.4831430768	-0.161389788	-0.3650436408	-0.3934800599	0.8346594567	0.8346594567	0.8346594567	0.4787790253	0.05786209605	0.4787790253	-0.1709542165	-0.1709542165	0.4787790253	0.4787790253	0.4787790253	-0.3934800599	0.47399388	0.05786209605	0.05786209605	0.4785684784	-0.3738979035	-0.3975550803	-0.3975550803	-0.4013498458	-0.1530760822	0.8204925635	0.2630373479	0.1277576041	-0.1622285886	0.4785684784	0.1277576041	-0.114655686	0.5016434528	-0.1622285886	0.4783627969	0.4833526811	0.1900737057	-0.3953123066	0.726268925	-0.3953123066	-0.1440259527	0.4833526811	0.4785684784	-0.4328479886	0.4785684784	0.4766817316	0.7231375215	-0.1504902667	0.4766817316	-0.1440259527	-0.120654218	0.815566431	0.815566431	0.4766817316	0.4766817316	0.6867882167	0.4766817316	0.4810686636	-0.2687728732	0.2630373479	-0.1015836495	0.815566431	-0.1015836495	-0.3998663901	-0.4196176123	0.815566431	-0.4196176123	-0.120654218	-0.4145860239	0.1736501211	-0.120654218	-0.4082103827	-0.3914976674	0.1759895996	-0.1201406966	-0.4131216776	0.7514449669	0.1500895481	-0.4131216776	-0.114655686	0.7543289871	-0.4181952259	-0.3871870721	0.7543289871	-0.1224152707	0.1196343485	-0.4131216776	-0.1103402114	-0.3871870721	-0.4103422723	-0.3889781332	0.7536367013	-0.3843951881	-0.4538903171	-0.1897939682	-0.1211906974	-0.1211906974	-0.4538903171	0.7444383658	0.2459532684	-0.08741378176	-0.1986799678	0.6596807123	0.6582292415	-0.09659164152	-0.1632132916	0.4010890559	-0.1632132916	0.1729801823	-0.1712658944	0.4033709407	-0.4074050932	-0.4066471161	-0.4074050932	-0.1712658944	0.4033709407	0.4033709407	0.4033709407	0.7384895445	0.06925306336	-0.4074050932	-0.4598351954	-0.1617368609	-0.4548260895	-0.4074050932	0.1790870679	0.7382055764	-0.173214379	0.7319169228	0.3880013556	0.3909943966	-0.4028628495	0.3909943966	0.3957986124	0.3901720059	-0.1132912696	-0.1132912696	-0.08302276293	-0.1163583763	0.3442648436	-0.1224366298	0.2638487692	-0.1104014911	0.3495962448	0.0893172684	0.1024116589	-0.08487447951	0.4130695196	0.4104685534	-0.05771674165	0.3632210068	0.4106963929	-0.1040745278	0.3606130702	-0.1323120405	0.1245949927	0.2632896355	0.1140360893	0.1256565445	-0.2427675749	-0.1220190386	-0.1211383604	0.09808748582
chr11_2072097_C_T	-0.08753397555	0.000999067131	-0.1235665067	-0.1142961059	0.120507787	0.1192812059	-0.1142961059	0.01465627643	-0.1156325348	-0.1142961059	-0.1142961059	-0.14639351	0.120507787	0.01465627643	-0.05918964028	-0.14639351	0.6085050805	0.1535261896	0.2074461215	0.2074461215	-0.0755406	0.2074461215	-0.1533466825	-0.1533466825	1	0.2139509621	0.9839757885	-0.1142633471	-0.1184438987	-0.2186434508	-0.2186434508	-0.2186434508	0.2125844528	0.7267782761	0.2125844528	0.9758578997	0.9758578997	0.2125844528	0.2125844528	0.2125844528	-0.1184438987	0.2139509621	0.7267782761	0.7267782761	0.2139509621	-0.1167751439	-0.1160896109	-0.1160896109	-0.1189232857	0.939033103	-0.2085995492	-0.002238620646	0.01664165602	0.9305908898	0.2139509621	0.01664165602	-0.02242486496	0.1266015191	0.9305908898	0.2062043566	0.2125844528	-0.08600294648	-0.1203385892	0.2786998323	-0.1203385892	0.9320082337	0.2125844528	0.2139509621	0.4434833767	0.2139509621	0.2136945965	0.2803164142	0.9251054363	0.2136945965	0.9320082337	0.8351324377	-0.2072017989	-0.2072017989	0.2136945965	0.2136945965	-0.2041972376	0.2136945965	0.215068706	0.4103200316	-0.002238620646	0.8364780901	-0.2072017989	0.8364780901	-0.1217529506	0.3715745116	-0.2072017989	0.3715745116	0.8351324377	0.3702117917	-0.06085907216	0.8351324377	0.3927784495	-0.1175069799	-0.008742423367	0.7876816225	0.3763890221	-0.2260793131	0.00281392073	0.3763890221	-0.02242486496	-0.226815445	0.3683294636	-0.1292847263	-0.226815445	0.8002069419	-0.001091455107	0.3763890221	0.7755728071	-0.1292847263	0.3771143151	-0.129763361	-0.2244013465	-0.1390823112	0.4028478637	0.8332627335	-0.06160855085	-0.06160855085	0.4028478637	-0.1760900351	-0.07712601358	0.3151097667	0.8244101713	0.1960181185	0.1899516682	-0.09645530602	0.7354325282	0.202039789	0.7354325282	-0.005322212343	0.7354325282	0.2031892383	-0.03299436379	-0.03449362769	-0.03299436379	0.7354325282	0.2031892383	0.2031892383	0.2031892383	-0.1802548181	-0.03154056616	-0.03299436379	0.3989217778	0.7448545982	0.4069006379	-0.03299436379	-0.08384335238	-0.1834201348	0.7257100695	-0.1850169583	0.1893113665	0.1868801346	-0.03149261809	0.1868801346	0.1868801346	0.1895742995	0.38292245	0.38292245	0.38292245	-0.005871361331	0.02543976289	0.2811561785	0.1500433489	0.2778552855	-0.0922233156	-0.02742722093	-0.001091455107	0.08435972397	0.06917703075	0.06820500491	-0.08634428725	0.1955996228	0.06945595475	-0.08811827858	0.1951121155	0.2238708412	0.2391318844	0.2093286562	0.2385502887	-0.0487107412	-0.05286713581	0.3906650339	0.2138443615	-0.008742423367
chr11_2072504_T_C	0.01461753421	0.01338749039	0.2640841831	0.324925819	0.08969617728	0.08745913286	0.324925819	0.2270183282	0.322786426	0.324925819	0.324925819	0.1950447603	0.08478091666	0.2270183282	0.6683278591	0.1950447603	0.132803905	0.09830397005	0.1091380694	0.1091380694	0.2530412034	0.1091380694	0.4831430768	0.4831430768	0.2139509621	1	0.2139509621	0.2661303237	0.3001112332	0.5561655019	0.5561655019	0.5561655019	0.9974138853	0.2749357986	0.9974138853	0.210224787	0.210224787	0.9974138853	0.9974138853	0.9974138853	0.3001112332	0.9948163568	0.2749357986	0.2749357986	0.9948163568	0.2312851205	0.2634031419	0.2634031419	0.2573688675	0.2269188956	0.5726140324	0.1729415812	0.03895529291	0.223304248	0.9948163568	0.03895529291	0.1393272777	0.9643240906	0.223304248	0.9922280292	0.9922313102	0.1020100656	0.260363039	0.6754052243	0.260363039	0.2217314162	0.9922313102	0.9896327136	0.3558183253	0.9896327136	0.986993593	0.6740259154	0.2166084409	0.986993593	0.2217314162	0.2005780929	0.5702615554	0.5702615554	0.986993593	0.986993593	0.4852681094	0.986993593	0.9895921276	0.4087121356	0.1729415812	0.1988652646	0.5702615554	0.1988652646	0.2513732376	0.3403472752	0.5702615554	0.3403472752	0.2005780929	0.3432351732	0.08413307905	0.2005780929	0.3326071565	0.2663895143	0.07999621857	0.2061998131	0.3471794037	0.4330906115	0.1448240481	0.3471794037	0.1393272777	0.4347423264	0.3442868121	0.2520887975	0.4347423264	0.2075896381	0.05016648062	0.3471794037	0.2220976868	0.2520887975	0.3466393952	0.2471896622	0.4342840536	0.2441683719	0.3524291719	0.2225362796	-0.1547803597	-0.1547803597	0.3524291719	0.426768765	0.1144535325	0.1142974993	0.2189893709	0.5253754984	0.5242823018	-0.2545995121	0.1994009094	0.8510425775	0.1994009094	0.1396505718	0.1902762135	0.8504460772	0.2543726608	0.2513663386	0.2543726608	0.1902762135	0.8504460772	0.8504460772	0.8504460772	0.4258214848	0.0208350046	0.2543726608	0.3356214652	0.1940918552	0.3384899724	0.2543726608	0.06267869831	0.4234363022	0.1696678743	0.4175904872	0.8240765313	0.8224838444	0.2634031419	0.8224838444	0.8224838444	0.8271173864	0.1048497337	0.1048497337	0.1277152946	-0.2055042262	0.6308303789	-0.0001297823946	0.6812847694	-0.0009174631863	0.1360281469	0.1365061877	0.06968213394	0.01432156829	0.5448332771	0.5442643318	-0.2289617547	0.6101272113	0.5470300623	0.01407428109	0.6053706456	0.05193012099	0.212915241	0.5346453501	0.2070896006	0.06808580243	0.08814145264	0.09270056409	0.05649621086	-0.008277488064
chr11_2072719_A_T	-0.08753397555	0.000999067131	-0.132758159	-0.123105628	0.1377919093	0.1365693334	-0.123105628	0.002075888982	-0.124446471	-0.123105628	-0.123105628	-0.14639351	0.1377919093	0.002075888982	-0.04974408537	-0.14639351	0.6085050805	0.1535261896	0.2159157156	0.2159157156	-0.0755406	0.2159157156	-0.161389788	-0.161389788	0.9839757885	0.2139509621	1	-0.1034252434	-0.1080952308	-0.2351541332	-0.2351541332	-0.2351541332	0.2125844528	0.7386385581	0.2125844528	0.9919742777	0.9919742777	0.2125844528	0.2125844528	0.2125844528	-0.1080952308	0.2139509621	0.7386385581	0.7386385581	0.2139509621	-0.1056652712	-0.1055149868	-0.1055149868	-0.1083695785	0.9545453908	-0.22486708	-0.002238620646	0.01664165602	0.9461839215	0.2139509621	0.01664165602	-0.02242486496	0.1266015191	0.9461839215	0.2062043566	0.2125844528	-0.08600294648	-0.1097950758	0.2706782017	-0.1097950758	0.9474414752	0.2125844528	0.2139509621	0.4619710394	0.2139509621	0.2136945965	0.2722818165	0.9404612768	0.2136945965	0.9474414752	0.851743281	-0.2235452998	-0.2235452998	0.2136945965	0.2136945965	-0.2203849776	0.2136945965	0.215068706	0.4272200092	-0.002238620646	0.852884098	-0.2235452998	0.852884098	-0.1112194566	0.3903539117	-0.2235452998	0.3903539117	0.851743281	0.3889911918	-0.06085907216	0.851743281	0.4119952144	-0.1069429029	-0.008742423367	0.8029660858	0.3952732352	-0.2424639964	0.00281392073	0.3952732352	-0.02242486496	-0.243167483	0.3872143034	-0.1184769787	-0.243167483	0.8156474855	-0.001091455107	0.3952732352	0.7907075496	-0.1184769787	0.3961040539	-0.1190456319	-0.2407504017	-0.1283524949	0.4215253893	0.8481160596	-0.06160855085	-0.06160855085	0.4215253893	-0.1842988662	-0.07712601358	0.3421299188	0.839333099	0.1960181185	0.1899516682	-0.09645530602	0.7514756612	0.2115473214	0.7514756612	-0.005322212343	0.7514756612	0.2127508612	-0.02243028677	-0.02393992043	-0.02243028677	0.7514756612	0.2127508612	0.2127508612	0.2127508612	-0.188382848	-0.03154056616	-0.02243028677	0.4175988992	0.7608058015	0.4255775573	-0.02243028677	-0.08384335238	-0.1915840431	0.7413975577	-0.1931990869	0.1989357467	0.1964515334	-0.02091799399	0.1964515334	0.1964515334	0.1991414584	0.4030236806	0.4030236806	0.4030236806	-0.005871361331	0.02543976289	0.2975528808	0.1592404979	0.2947591569	-0.0922233156	-0.02742722093	-0.001091455107	0.08435972397	0.06116320153	0.06016866913	-0.08634428725	0.1955996228	0.06140981352	-0.08811827858	0.1951121155	0.2392564176	0.2391318844	0.2093286562	0.2385502887	-0.0487107412	-0.03513902294	0.4044412896	0.2289941804	-0.008742423367
chr11_2072834_C_T	0.1173343865	0.04967945233	-0.2379458231	-0.2444124772	0.6162367676	0.6143338803	-0.2444124772	-0.1411487242	-0.2466208316	-0.2444124772	-0.2444124772	-0.1710894578	0.6103916404	-0.1411487242	0.2426007987	-0.1710894578	-0.04404682857	0.5246393679	0.5953516904	0.5953516904	-0.1879263963	0.5953516904	-0.3650436408	-0.3650436408	-0.1142633471	0.2661303237	-0.1034252434	1	0.9338569033	-0.4506148722	-0.4506148722	-0.4506148722	0.2700820593	-0.113405558	0.2700820593	-0.1002060434	-0.1002060434	0.2700820593	0.2700820593	0.2700820593	0.9338569033	0.272294606	-0.113405558	-0.113405558	0.2661303237	0.9416566946	0.8752027959	0.8752027959	0.8684763853	-0.04870475726	-0.4098660316	-0.05467352891	-0.04115896569	-0.04526805639	0.2661303237	-0.04115896569	-0.05302561518	0.262372351	-0.04526805639	0.2683452899	0.2639190472	-0.02572631006	0.8651423131	-0.4258743123	0.8651423131	-0.05210897226	0.2639190472	0.2661303237	0.727286627	0.2661303237	0.2652972669	-0.424661299	-0.04509567286	0.2652972669	-0.05210897226	-0.04992037668	-0.4079123032	-0.4079123032	0.2652972669	0.2652972669	-0.3788731645	0.2652972669	0.2613241821	0.634570938	-0.05467352891	-0.05707001554	-0.4079123032	-0.05707001554	0.8618273415	0.737803726	-0.4079123032	0.737803726	-0.04992037668	0.7355815777	-0.1582981825	-0.04992037668	0.7494571699	0.8646847002	-0.08831251311	0.01403716938	0.733618224	-0.4368983062	0.01957595443	0.733618224	-0.05302561518	-0.4324328216	0.7358771936	0.8246824376	-0.4324328216	0.02148877122	-0.06726978642	0.733618224	0.0374456612	0.8246824376	0.7226268111	0.822526188	-0.439542621	0.8187359124	0.7398037025	0.04328040054	0.03004558345	0.03004558345	0.7398037025	-0.4469392212	-0.1445612652	0.09050449784	0.04701484079	-0.4153294983	-0.4108968946	-0.09306992876	0.04890455936	0.2416357794	0.04890455936	0.005640799739	0.03805365801	0.236543419	0.7860886224	0.7828193736	0.7860886224	0.03805365801	0.236543419	0.236543419	0.236543419	-0.4246704358	-0.08537868794	0.7860886224	0.7170468252	0.03406062345	0.7148290453	0.7860886224	-0.05857249858	-0.4193656585	0.0329701587	-0.4167039187	0.2420042656	0.244880597	0.7893760169	0.244880597	0.2384069048	0.2428295865	0.1040619649	0.1040619649	0.1040619649	-0.0504647396	0.2329900707	0.05163593539	0.2449270282	0.04980090125	-0.1767502865	0.02004262723	-0.02085455656	0.1692177547	-0.1064539335	-0.1032193295	-0.08831251311	-0.003079041162	-0.1014410872	0.1923067385	-0.005120848112	0.1853040828	-0.1359346647	0.016667603	-0.1392356043	-0.1273083727	0.4766899544	0.1314663626	0.161461935	-0.0008347775954
chr11_2073182_A_G	0.101848523	0.02627303357	-0.2465429635	-0.2564038296	0.6276206778	0.6255908426	-0.2564038296	-0.1397495193	-0.2587503249	-0.2564038296	-0.2564038296	-0.1863343529	0.6220395096	-0.1397495193	0.2215067416	-0.1863343529	-0.0616865902	0.5365370793	0.6047213295	0.6047213295	-0.2110880252	0.6047213295	-0.3934800599	-0.3934800599	-0.1184438987	0.3001112332	-0.1080952308	0.9338569033	1	-0.4701929918	-0.4701929918	-0.4701929918	0.3036410512	-0.1245931846	0.3036410512	-0.1046612854	-0.1046612854	0.3036410512	0.3036410512	0.3036410512	1	0.3059971438	-0.1245931846	-0.1245931846	0.3001112332	0.8887910292	0.9441465703	0.9441465703	0.9437830964	-0.05793744908	-0.4323672163	-0.06614231382	-0.05293506594	-0.05431504578	0.3001112332	-0.05293506594	0.2981985924	0.2987402165	-0.05431504578	0.3024702151	0.2977563533	-0.03978151296	0.9402182241	-0.4532049114	0.9402182241	-0.0615259814	0.2977563533	0.3001112332	0.7874676771	0.3001112332	0.2993112758	-0.4519156298	-0.0551646793	0.2993112758	-0.0615259814	-0.05478927842	-0.4302735588	-0.4302735588	0.2993112758	0.2993112758	-0.3957453034	0.2993112758	0.2957624438	0.6838222609	-0.06614231382	-0.06237077202	-0.4302735588	-0.06237077202	0.9366739977	0.8016300209	-0.4302735588	0.8016300209	-0.05478927842	0.7992671087	-0.1462234254	-0.05478927842	0.7675983693	0.9405464389	-0.08289632433	0.002139028076	0.7986606404	-0.4670991376	0.02251190515	0.7986606404	0.2981985924	-0.4629457736	0.8010633227	0.9072213515	-0.4629457736	0.009932077702	-0.07656732017	0.7986606404	0.02382348548	0.9072213515	0.7884703598	0.9038895999	-0.4693055557	0.9006796642	0.7962621661	0.0196426797	0.01778802279	0.01778802279	0.7962621661	-0.4712749442	-0.130892663	0.07045916777	0.0234900695	-0.4510072576	-0.4515586509	-0.1059333679	0.02821951513	0.2699203543	0.02821951513	0.007618451442	0.01785862746	0.2652809567	0.8654996656	0.8619942525	0.8654996656	0.01785862746	0.2652809567	0.2652809567	0.2652809567	-0.4506171596	-0.09339760047	0.8654996656	0.7754902186	0.0137421842	0.7731318105	0.8654996656	-0.07076229825	-0.4461703995	0.01180295703	-0.4439410544	0.2697653676	0.2720530446	0.8690248709	0.2720530446	0.2658716966	0.2705690606	0.07819969717	0.07819969717	0.07819969717	-0.0609671952	0.1719362728	0.03420973213	0.2665167912	0.03285881144	-0.1996650949	0.03162678036	-0.03224814636	0.1519547094	-0.05473832585	-0.05172441347	-0.09960179353	0.03635501726	-0.04976271799	0.1858547805	0.03433730338	0.1584265383	-0.1362400165	0.05411070781	-0.138594891	-0.1135190496	0.4415745484	0.1100704629	0.1347776242	-0.01607444751
chr11_2073378_C_T	-0.02291046889	-0.009346927513	0.5042722517	0.5622756313	-0.4904070087	-0.4901842225	0.5622756313	0.3160432568	0.5629004044	0.5622756313	0.5622756313	0.4007318254	-0.4904070087	0.3160432568	0.4542936759	0.4007318254	-0.1439876522	-0.4180568769	-0.4947771627	-0.4947771627	0.4365091751	-0.4947771627	0.8346594567	0.8346594567	-0.2186434508	0.5561655019	-0.2351541332	-0.4506148722	-0.4701929918	1	1	1	0.5517112065	-0.03210573034	0.5517112065	-0.2371339199	-0.2371339199	0.5517112065	0.5517112065	0.5517112065	-0.4701929918	0.5467748825	-0.03210573034	-0.03210573034	0.5514701922	-0.4450734538	-0.4602168181	-0.4602168181	-0.4639220471	-0.2400024682	0.9794249093	0.2105656896	0.06893938119	-0.2418586009	0.5514701922	0.06893938119	-0.1001244836	0.5699448071	-0.2418586009	0.5512347851	0.5517112065	0.1684414915	-0.4576317892	0.833860496	-0.4576317892	-0.2381788181	0.5517112065	0.5467748825	-0.5438788647	0.5467748825	0.5451546009	0.8307564922	-0.244297661	0.5451546009	-0.2381788181	-0.2134116389	0.9749429446	0.9749429446	0.5451546009	0.5451546009	0.868784425	0.5451546009	0.5496313985	-0.3953849514	0.2105656896	-0.2095029222	0.9749429446	-0.2095029222	-0.4622135795	-0.532294369	0.9749429446	-0.532294369	-0.2134116389	-0.5270915423	0.2242058948	-0.2134116389	-0.5233067321	-0.4539042515	0.1430920315	-0.2286033821	-0.5262714709	0.8898174383	0.1117727901	-0.5262714709	-0.1001244836	0.8883627502	-0.5266564349	-0.434331535	0.8883627502	-0.2400943548	0.1070820578	-0.5262714709	-0.2251859792	-0.434331535	-0.5190596351	-0.4358183756	0.8917757461	-0.4311997072	-0.5331275192	-0.2510292645	-0.1226494438	-0.1226494438	-0.5331275192	0.8574568088	0.2478206929	-0.1289350151	-0.2527863725	0.7346747755	0.7372497321	-0.09641759648	-0.2290399169	0.4465630332	-0.2290399169	0.1231590649	-0.2290399169	0.4491036296	-0.4484618583	-0.4476108943	-0.4484618583	-0.2290399169	0.4491036296	0.4491036296	0.4491036296	0.8422236197	0.1096264052	-0.4484618583	-0.5297587808	-0.2271066587	-0.5293895953	-0.4484618583	0.1564168187	0.838165056	-0.2376840539	0.831923599	0.4287582245	0.4267704683	-0.4438733375	0.4267704683	0.4317014543	0.4307655105	-0.1750387174	-0.1750387174	-0.1543272437	-0.1344848031	0.4211389114	-0.1807004186	0.3224600146	-0.1788969694	0.3300018094	0.1125470159	0.08940490811	-0.1517053355	0.5056622333	0.5032549901	-0.0834548971	0.4228791945	0.5035558746	-0.0901150101	0.4204314535	-0.2026020276	0.1783428433	0.3332712382	0.1752441738	0.1773228691	-0.2543120886	-0.2121976307	-0.174313986	0.009829132325
chr11_2073444_A_G	-0.02291046889	-0.009346927513	0.5042722517	0.5622756313	-0.4904070087	-0.4901842225	0.5622756313	0.3160432568	0.5629004044	0.5622756313	0.5622756313	0.4007318254	-0.4904070087	0.3160432568	0.4542936759	0.4007318254	-0.1439876522	-0.4180568769	-0.4947771627	-0.4947771627	0.4365091751	-0.4947771627	0.8346594567	0.8346594567	-0.2186434508	0.5561655019	-0.2351541332	-0.4506148722	-0.4701929918	1	1	1	0.5517112065	-0.03210573034	0.5517112065	-0.2371339199	-0.2371339199	0.5517112065	0.5517112065	0.5517112065	-0.4701929918	0.5467748825	-0.03210573034	-0.03210573034	0.5514701922	-0.4450734538	-0.4602168181	-0.4602168181	-0.4639220471	-0.2400024682	0.9794249093	0.2105656896	0.06893938119	-0.2418586009	0.5514701922	0.06893938119	-0.1001244836	0.5699448071	-0.2418586009	0.5512347851	0.5517112065	0.1684414915	-0.4576317892	0.833860496	-0.4576317892	-0.2381788181	0.5517112065	0.5467748825	-0.5438788647	0.5467748825	0.5451546009	0.8307564922	-0.244297661	0.5451546009	-0.2381788181	-0.2134116389	0.9749429446	0.9749429446	0.5451546009	0.5451546009	0.868784425	0.5451546009	0.5496313985	-0.3953849514	0.2105656896	-0.2095029222	0.9749429446	-0.2095029222	-0.4622135795	-0.532294369	0.9749429446	-0.532294369	-0.2134116389	-0.5270915423	0.2242058948	-0.2134116389	-0.5233067321	-0.4539042515	0.1430920315	-0.2286033821	-0.5262714709	0.8898174383	0.1117727901	-0.5262714709	-0.1001244836	0.8883627502	-0.5266564349	-0.434331535	0.8883627502	-0.2400943548	0.1070820578	-0.5262714709	-0.2251859792	-0.434331535	-0.5190596351	-0.4358183756	0.8917757461	-0.4311997072	-0.5331275192	-0.2510292645	-0.1226494438	-0.1226494438	-0.5331275192	0.8574568088	0.2478206929	-0.1289350151	-0.2527863725	0.7346747755	0.7372497321	-0.09641759648	-0.2290399169	0.4465630332	-0.2290399169	0.1231590649	-0.2290399169	0.4491036296	-0.4484618583	-0.4476108943	-0.4484618583	-0.2290399169	0.4491036296	0.4491036296	0.4491036296	0.8422236197	0.1096264052	-0.4484618583	-0.5297587808	-0.2271066587	-0.5293895953	-0.4484618583	0.1564168187	0.838165056	-0.2376840539	0.831923599	0.4287582245	0.4267704683	-0.4438733375	0.4267704683	0.4317014543	0.4307655105	-0.1750387174	-0.1750387174	-0.1543272437	-0.1344848031	0.4211389114	-0.1807004186	0.3224600146	-0.1788969694	0.3300018094	0.1125470159	0.08940490811	-0.1517053355	0.5056622333	0.5032549901	-0.0834548971	0.4228791945	0.5035558746	-0.0901150101	0.4204314535	-0.2026020276	0.1783428433	0.3332712382	0.1752441738	0.1773228691	-0.2543120886	-0.2121976307	-0.174313986	0.009829132325
chr11_2073476_A_C	-0.02291046889	-0.009346927513	0.5042722517	0.5622756313	-0.4904070087	-0.4901842225	0.5622756313	0.3160432568	0.5629004044	0.5622756313	0.5622756313	0.4007318254	-0.4904070087	0.3160432568	0.4542936759	0.4007318254	-0.1439876522	-0.4180568769	-0.4947771627	-0.4947771627	0.4365091751	-0.4947771627	0.8346594567	0.8346594567	-0.2186434508	0.5561655019	-0.2351541332	-0.4506148722	-0.4701929918	1	1	1	0.5517112065	-0.03210573034	0.5517112065	-0.2371339199	-0.2371339199	0.5517112065	0.5517112065	0.5517112065	-0.4701929918	0.5467748825	-0.03210573034	-0.03210573034	0.5514701922	-0.4450734538	-0.4602168181	-0.4602168181	-0.4639220471	-0.2400024682	0.9794249093	0.2105656896	0.06893938119	-0.2418586009	0.5514701922	0.06893938119	-0.1001244836	0.5699448071	-0.2418586009	0.5512347851	0.5517112065	0.1684414915	-0.4576317892	0.833860496	-0.4576317892	-0.2381788181	0.5517112065	0.5467748825	-0.5438788647	0.5467748825	0.5451546009	0.8307564922	-0.244297661	0.5451546009	-0.2381788181	-0.2134116389	0.9749429446	0.9749429446	0.5451546009	0.5451546009	0.868784425	0.5451546009	0.5496313985	-0.3953849514	0.2105656896	-0.2095029222	0.9749429446	-0.2095029222	-0.4622135795	-0.532294369	0.9749429446	-0.532294369	-0.2134116389	-0.5270915423	0.2242058948	-0.2134116389	-0.5233067321	-0.4539042515	0.1430920315	-0.2286033821	-0.5262714709	0.8898174383	0.1117727901	-0.5262714709	-0.1001244836	0.8883627502	-0.5266564349	-0.434331535	0.8883627502	-0.2400943548	0.1070820578	-0.5262714709	-0.2251859792	-0.434331535	-0.5190596351	-0.4358183756	0.8917757461	-0.4311997072	-0.5331275192	-0.2510292645	-0.1226494438	-0.1226494438	-0.5331275192	0.8574568088	0.2478206929	-0.1289350151	-0.2527863725	0.7346747755	0.7372497321	-0.09641759648	-0.2290399169	0.4465630332	-0.2290399169	0.1231590649	-0.2290399169	0.4491036296	-0.4484618583	-0.4476108943	-0.4484618583	-0.2290399169	0.4491036296	0.4491036296	0.4491036296	0.8422236197	0.1096264052	-0.4484618583	-0.5297587808	-0.2271066587	-0.5293895953	-0.4484618583	0.1564168187	0.838165056	-0.2376840539	0.831923599	0.4287582245	0.4267704683	-0.4438733375	0.4267704683	0.4317014543	0.4307655105	-0.1750387174	-0.1750387174	-0.1543272437	-0.1344848031	0.4211389114	-0.1807004186	0.3224600146	-0.1788969694	0.3300018094	0.1125470159	0.08940490811	-0.1517053355	0.5056622333	0.5032549901	-0.0834548971	0.4228791945	0.5035558746	-0.0901150101	0.4204314535	-0.2026020276	0.1783428433	0.3332712382	0.1752441738	0.1773228691	-0.2543120886	-0.2121976307	-0.174313986	0.009829132325
chr11_2073913_A_G	0.01364979966	0.01245302736	0.2613488426	0.3218412345	0.09680970559	0.09456500266	0.3218412345	0.2253217809	0.3196908061	0.3218412345	0.3218412345	0.1928157454	0.09189545774	0.2253217809	0.6709664927	0.1928157454	0.1446969468	0.1012757469	0.1160095114	0.1160095114	0.2509900087	0.1160095114	0.4787790253	0.4787790253	0.2125844528	0.9974138853	0.2125844528	0.2700820593	0.3036410512	0.5517112065	0.5517112065	0.5517112065	1	0.2731495064	1	0.2088696589	0.2088696589	1	1	1	0.3036410512	0.9974138853	0.2731495064	0.2731495064	0.9974138853	0.2355203383	0.2672221738	0.2672221738	0.2611576192	0.2254867417	0.5681466964	0.1717920934	0.03834699117	0.2218832555	0.9974138853	0.03834699117	0.1386626563	0.9670235377	0.2218832555	0.9948370033	0.9948184927	0.1013191157	0.2641355435	0.6748126363	0.2641355435	0.2202899434	0.9948184927	0.9922313102	0.3635199441	0.9922313102	0.9895964329	0.6734419618	0.2238896557	0.9895964329	0.2202899434	0.1992785979	0.5657928688	0.5657928688	0.9895964329	0.9895964329	0.4813708121	0.9895964329	0.9869957232	0.4103760735	0.1717920934	0.1975445434	0.5657928688	0.1975445434	0.2551320503	0.3429521495	0.5657928688	0.3429521495	0.1992785979	0.3458288374	0.0831596181	0.1992785979	0.3353736861	0.270192125	0.07930714562	0.2047922752	0.3498191488	0.428240981	0.144141099	0.3498191488	0.1386626563	0.4298925974	0.3469379179	0.2560810772	0.4298925974	0.2062027855	0.04961307675	0.3498191488	0.2206660249	0.2560810772	0.3492836683	0.2511371503	0.4294537699	0.2481331219	0.3549853729	0.2211135051	-0.1552283758	-0.1552283758	0.3549853729	0.4219201356	0.1133024671	0.1135713824	0.2175777455	0.5244994208	0.5234259702	-0.2552984042	0.198090247	0.8534038216	0.198090247	0.1389353886	0.1889674312	0.8473847253	0.2581777474	0.2551563271	0.2581777474	0.1889674312	0.8473847253	0.8473847253	0.8473847253	0.4209739673	0.02030793317	0.2581777474	0.3382233015	0.1927715287	0.3410806317	0.2581777474	0.06201267491	0.4231921566	0.1683205433	0.4126852356	0.8209581482	0.8248139099	0.2672221738	0.8248139099	0.8193712007	0.8240267231	0.1038964253	0.1038964253	0.1267572748	-0.2060245867	0.6292136826	-0.001260483491	0.6838893087	-0.002044756953	0.1337668149	0.1359763037	0.06912470896	0.01335835245	0.5392671024	0.5432436785	-0.2295871682	0.6083304457	0.5414414447	0.01338497231	0.6035586935	0.05066709328	0.2111886481	0.5334252352	0.2053609506	0.06718065227	0.09710196664	0.09121749825	0.05520005135	-0.008948372626
chr11_2074376_A_G	-0.06791392075	-0.05229441029	-0.06236473361	0.1844752596	0.02057530178	0.01893926066	0.1844752596	0.3189181539	0.1828946387	0.1844752596	0.1844752596	-0.04565992203	0.02057530178	0.3189181539	0.0886466552	-0.04565992203	0.4206756054	0.05717743758	0.08558152203	0.08558152203	-0.1464318437	0.08558152203	0.05786209605	0.05786209605	0.7267782761	0.2749357986	0.7386385581	-0.113405558	-0.1245931846	-0.03210573034	-0.03210573034	-0.03210573034	0.2731495064	1	0.2731495064	0.7340176829	0.7340176829	0.2731495064	0.2731495064	0.2731495064	-0.1245931846	0.2749357986	1	1	0.268190142	-0.1196168889	-0.1244971961	-0.1244971961	-0.1282575298	0.6973741747	-0.02592390698	0.6724464635	0.3846852653	0.6924228271	0.268190142	0.3846852653	-0.04103685885	0.1972930104	0.6924228271	0.263231458	0.2664052397	-0.112486014	-0.1301350063	0.3335331997	-0.1301350063	0.6908910222	0.2664052397	0.268190142	0.2928779978	0.268190142	0.2677964425	0.3355974872	0.6845112263	0.2677964425	0.6908910222	0.612475115	-0.02294266302	-0.02294266302	0.2677964425	0.2677964425	-0.3320706637	0.2677964425	0.2695912477	0.593729961	0.6724464635	0.6108369421	-0.02294266302	0.6108369421	-0.1320107995	0.2337082711	-0.02294266302	0.2337082711	0.612475115	0.231925926	-0.06893295674	0.612475115	0.2555659414	-0.1263782874	-0.03635001808	0.5626916891	0.2385972468	-0.06561403591	0.4034519839	0.2385972468	-0.04103685885	-0.06703526963	0.2334087323	-0.12887984	-0.06703526963	0.5742995521	-0.04039189499	0.2385972468	0.5514340476	-0.12887984	0.238128229	-0.1298408217	-0.06391967778	-0.1358921761	0.2616827375	0.6043231239	-0.080579801	-0.080579801	0.2616827375	-0.01558193515	-0.1392666115	0.2220156361	0.5989424293	0.2465882081	0.2433068845	-0.1085886167	0.5230351827	0.2429505983	0.5230351827	0.4158519737	0.5230351827	0.2443327982	-0.04818852289	-0.05014451673	-0.04818852289	0.5230351827	0.2443327982	0.2443327982	0.2443327982	-0.02314283844	-0.008793509854	-0.04818852289	0.2618557127	0.5288165074	0.2669920996	-0.04818852289	-0.1096614115	-0.0203018299	0.5111404329	-0.02795624741	0.2315054364	0.2284141845	-0.04622936753	0.2284141845	0.2284141845	0.2319450624	0.2750189066	0.2750189066	0.2898967846	-0.02080064239	-0.05751875256	0.1620865111	-0.002002927819	0.1610060326	-0.1780122585	-0.05687319288	-0.04039189499	0.03435792202	-0.02010549769	-0.0216874139	-0.07464124131	0.04826591344	-0.0201865637	-0.07439851717	0.04682465119	0.1313535623	0.1271785724	-0.0410300284	0.1191526731	-0.06859439971	-0.04074683678	0.2946027741	0.1319267193	0.2891253794
chr11_2074576_C_A	0.01364979966	0.01245302736	0.2613488426	0.3218412345	0.09680970559	0.09456500266	0.3218412345	0.2253217809	0.3196908061	0.3218412345	0.3218412345	0.1928157454	0.09189545774	0.2253217809	0.6709664927	0.1928157454	0.1446969468	0.1012757469	0.1160095114	0.1160095114	0.2509900087	0.1160095114	0.4787790253	0.4787790253	0.2125844528	0.9974138853	0.2125844528	0.2700820593	0.3036410512	0.5517112065	0.5517112065	0.5517112065	1	0.2731495064	1	0.2088696589	0.2088696589	1	1	1	0.3036410512	0.9974138853	0.2731495064	0.2731495064	0.9974138853	0.2355203383	0.2672221738	0.2672221738	0.2611576192	0.2254867417	0.5681466964	0.1717920934	0.03834699117	0.2218832555	0.9974138853	0.03834699117	0.1386626563	0.9670235377	0.2218832555	0.9948370033	0.9948184927	0.1013191157	0.2641355435	0.6748126363	0.2641355435	0.2202899434	0.9948184927	0.9922313102	0.3635199441	0.9922313102	0.9895964329	0.6734419618	0.2238896557	0.9895964329	0.2202899434	0.1992785979	0.5657928688	0.5657928688	0.9895964329	0.9895964329	0.4813708121	0.9895964329	0.9869957232	0.4103760735	0.1717920934	0.1975445434	0.5657928688	0.1975445434	0.2551320503	0.3429521495	0.5657928688	0.3429521495	0.1992785979	0.3458288374	0.0831596181	0.1992785979	0.3353736861	0.270192125	0.07930714562	0.2047922752	0.3498191488	0.428240981	0.144141099	0.3498191488	0.1386626563	0.4298925974	0.3469379179	0.2560810772	0.4298925974	0.2062027855	0.04961307675	0.3498191488	0.2206660249	0.2560810772	0.3492836683	0.2511371503	0.4294537699	0.2481331219	0.3549853729	0.2211135051	-0.1552283758	-0.1552283758	0.3549853729	0.4219201356	0.1133024671	0.1135713824	0.2175777455	0.5244994208	0.5234259702	-0.2552984042	0.198090247	0.8534038216	0.198090247	0.1389353886	0.1889674312	0.8473847253	0.2581777474	0.2551563271	0.2581777474	0.1889674312	0.8473847253	0.8473847253	0.8473847253	0.4209739673	0.02030793317	0.2581777474	0.3382233015	0.1927715287	0.3410806317	0.2581777474	0.06201267491	0.4231921566	0.1683205433	0.4126852356	0.8209581482	0.8248139099	0.2672221738	0.8248139099	0.8193712007	0.8240267231	0.1038964253	0.1038964253	0.1267572748	-0.2060245867	0.6292136826	-0.001260483491	0.6838893087	-0.002044756953	0.1337668149	0.1359763037	0.06912470896	0.01335835245	0.5392671024	0.5432436785	-0.2295871682	0.6083304457	0.5414414447	0.01338497231	0.6035586935	0.05066709328	0.2111886481	0.5334252352	0.2053609506	0.06718065227	0.09710196664	0.09121749825	0.05520005135	-0.008948372626
chr11_2074763_T_TG	-0.08633115182	0.002652707544	-0.1380245418	-0.1273366335	0.1433536871	0.1421424684	-0.1273366335	-0.007646987665	-0.1286693303	-0.1273366335	-0.1273366335	-0.1433641711	0.1433536871	-0.007646987665	-0.05494067458	-0.1433641711	0.6135334572	0.1592000613	0.2220010097	0.2220010097	-0.08315299653	0.2220010097	-0.1709542165	-0.1709542165	0.9758578997	0.210224787	0.9919742777	-0.1002060434	-0.1046612854	-0.2371339199	-0.2371339199	-0.2371339199	0.2088696589	0.7340176829	0.2088696589	1	1	0.2088696589	0.2088696589	0.2088696589	-0.1046612854	0.210224787	0.7340176829	0.7340176829	0.210224787	-0.1026743156	-0.1023370961	-0.1023370961	-0.1051733885	0.9468844746	-0.226648353	-0.0002814370646	0.01779907288	0.9540579984	0.210224787	0.01779907288	-0.02142911354	0.1222037866	0.9540579984	0.202414325	0.2088696589	-0.08531271071	-0.1065896923	0.2649692576	-0.1065896923	0.939837573	0.2088696589	0.210224787	0.4601737304	0.210224787	0.2099604035	0.2665542852	0.9329133958	0.2099604035	0.939837573	0.8588675549	-0.2253539278	-0.2253539278	0.2099604035	0.2099604035	-0.223076735	0.2099604035	0.2113230643	0.4265853172	-0.0002814370646	0.8435527299	-0.2253539278	0.8435527299	-0.1080048501	0.3878678688	-0.2253539278	0.3878678688	0.8588675549	0.3865160857	-0.05951802776	0.8588675549	0.4093505489	-0.1037558771	-0.007603105592	0.7946264786	0.3927513213	-0.2436783891	0.003985250677	0.3927513213	-0.02142911354	-0.2443699329	0.3941237275	-0.115441475	-0.2443699329	0.8071867476	-0.0001372166035	0.3927513213	0.782484891	-0.115441475	0.3935791068	-0.1160229274	-0.2419716751	-0.1254005939	0.4193003202	0.8404907535	-0.06111409773	-0.06111409773	0.4193003202	-0.1851947615	-0.07557545464	0.3453403671	0.8465776073	0.1985036003	0.1923677316	-0.09568118252	0.7580434067	0.2082776301	0.7580434067	-0.004138781522	0.7580434067	0.2094625679	-0.01875716997	-0.02025811657	-0.01875716997	0.7580434067	0.2094625679	0.2094625679	0.2094625679	-0.1892225886	-0.03079734633	-0.01875716997	0.42466893	0.7514032889	0.423319929	-0.01875716997	-0.08317044891	-0.1924084723	0.73220531	-0.1940158258	0.1956153549	0.1931605685	-0.01725352695	0.1931605685	0.1931605685	0.1958296643	0.4069896453	0.4069896453	0.4069896453	-0.004909884726	0.0282156215	0.2847732079	0.1645515533	0.2984486871	-0.08880373974	-0.02669752178	-0.0001372166035	0.08654334405	0.06310134035	0.0621216116	-0.08565131198	0.1996802208	0.06335576698	-0.08741106575	0.199218503	0.2428475244	0.2311113295	0.2124958124	0.2301930439	-0.0474147956	-0.0333915209	0.4093568107	0.2325831977	-0.007603105592
chr11_2074764_A_G	-0.08633115182	0.002652707544	-0.1380245418	-0.1273366335	0.1433536871	0.1421424684	-0.1273366335	-0.007646987665	-0.1286693303	-0.1273366335	-0.1273366335	-0.1433641711	0.1433536871	-0.007646987665	-0.05494067458	-0.1433641711	0.6135334572	0.1592000613	0.2220010097	0.2220010097	-0.08315299653	0.2220010097	-0.1709542165	-0.1709542165	0.9758578997	0.210224787	0.9919742777	-0.1002060434	-0.1046612854	-0.2371339199	-0.2371339199	-0.2371339199	0.2088696589	0.7340176829	0.2088696589	1	1	0.2088696589	0.2088696589	0.2088696589	-0.1046612854	0.210224787	0.7340176829	0.7340176829	0.210224787	-0.1026743156	-0.1023370961	-0.1023370961	-0.1051733885	0.9468844746	-0.226648353	-0.0002814370646	0.01779907288	0.9540579984	0.210224787	0.01779907288	-0.02142911354	0.1222037866	0.9540579984	0.202414325	0.2088696589	-0.08531271071	-0.1065896923	0.2649692576	-0.1065896923	0.939837573	0.2088696589	0.210224787	0.4601737304	0.210224787	0.2099604035	0.2665542852	0.9329133958	0.2099604035	0.939837573	0.8588675549	-0.2253539278	-0.2253539278	0.2099604035	0.2099604035	-0.223076735	0.2099604035	0.2113230643	0.4265853172	-0.0002814370646	0.8435527299	-0.2253539278	0.8435527299	-0.1080048501	0.3878678688	-0.2253539278	0.3878678688	0.8588675549	0.3865160857	-0.05951802776	0.8588675549	0.4093505489	-0.1037558771	-0.007603105592	0.7946264786	0.3927513213	-0.2436783891	0.003985250677	0.3927513213	-0.02142911354	-0.2443699329	0.3941237275	-0.115441475	-0.2443699329	0.8071867476	-0.0001372166035	0.3927513213	0.782484891	-0.115441475	0.3935791068	-0.1160229274	-0.2419716751	-0.1254005939	0.4193003202	0.8404907535	-0.06111409773	-0.06111409773	0.4193003202	-0.1851947615	-0.07557545464	0.3453403671	0.8465776073	0.1985036003	0.1923677316	-0.09568118252	0.7580434067	0.2082776301	0.7580434067	-0.004138781522	0.7580434067	0.2094625679	-0.01875716997	-0.02025811657	-0.01875716997	0.7580434067	0.2094625679	0.2094625679	0.2094625679	-0.1892225886	-0.03079734633	-0.01875716997	0.42466893	0.7514032889	0.423319929	-0.01875716997	-0.08317044891	-0.1924084723	0.73220531	-0.1940158258	0.1956153549	0.1931605685	-0.01725352695	0.1931605685	0.1931605685	0.1958296643	0.4069896453	0.4069896453	0.4069896453	-0.004909884726	0.0282156215	0.2847732079	0.1645515533	0.2984486871	-0.08880373974	-0.02669752178	-0.0001372166035	0.08654334405	0.06310134035	0.0621216116	-0.08565131198	0.1996802208	0.06335576698	-0.08741106575	0.199218503	0.2428475244	0.2311113295	0.2124958124	0.2301930439	-0.0474147956	-0.0333915209	0.4093568107	0.2325831977	-0.007603105592
chr11_2075149_A_G	0.01364979966	0.01245302736	0.2613488426	0.3218412345	0.09680970559	0.09456500266	0.3218412345	0.2253217809	0.3196908061	0.3218412345	0.3218412345	0.1928157454	0.09189545774	0.2253217809	0.6709664927	0.1928157454	0.1446969468	0.1012757469	0.1160095114	0.1160095114	0.2509900087	0.1160095114	0.4787790253	0.4787790253	0.2125844528	0.9974138853	0.2125844528	0.2700820593	0.3036410512	0.5517112065	0.5517112065	0.5517112065	1	0.2731495064	1	0.2088696589	0.2088696589	1	1	1	0.3036410512	0.9974138853	0.2731495064	0.2731495064	0.9974138853	0.2355203383	0.2672221738	0.2672221738	0.2611576192	0.2254867417	0.5681466964	0.1717920934	0.03834699117	0.2218832555	0.9974138853	0.03834699117	0.1386626563	0.9670235377	0.2218832555	0.9948370033	0.9948184927	0.1013191157	0.2641355435	0.6748126363	0.2641355435	0.2202899434	0.9948184927	0.9922313102	0.3635199441	0.9922313102	0.9895964329	0.6734419618	0.2238896557	0.9895964329	0.2202899434	0.1992785979	0.5657928688	0.5657928688	0.9895964329	0.9895964329	0.4813708121	0.9895964329	0.9869957232	0.4103760735	0.1717920934	0.1975445434	0.5657928688	0.1975445434	0.2551320503	0.3429521495	0.5657928688	0.3429521495	0.1992785979	0.3458288374	0.0831596181	0.1992785979	0.3353736861	0.270192125	0.07930714562	0.2047922752	0.3498191488	0.428240981	0.144141099	0.3498191488	0.1386626563	0.4298925974	0.3469379179	0.2560810772	0.4298925974	0.2062027855	0.04961307675	0.3498191488	0.2206660249	0.2560810772	0.3492836683	0.2511371503	0.4294537699	0.2481331219	0.3549853729	0.2211135051	-0.1552283758	-0.1552283758	0.3549853729	0.4219201356	0.1133024671	0.1135713824	0.2175777455	0.5244994208	0.5234259702	-0.2552984042	0.198090247	0.8534038216	0.198090247	0.1389353886	0.1889674312	0.8473847253	0.2581777474	0.2551563271	0.2581777474	0.1889674312	0.8473847253	0.8473847253	0.8473847253	0.4209739673	0.02030793317	0.2581777474	0.3382233015	0.1927715287	0.3410806317	0.2581777474	0.06201267491	0.4231921566	0.1683205433	0.4126852356	0.8209581482	0.8248139099	0.2672221738	0.8248139099	0.8193712007	0.8240267231	0.1038964253	0.1038964253	0.1267572748	-0.2060245867	0.6292136826	-0.001260483491	0.6838893087	-0.002044756953	0.1337668149	0.1359763037	0.06912470896	0.01335835245	0.5392671024	0.5432436785	-0.2295871682	0.6083304457	0.5414414447	0.01338497231	0.6035586935	0.05066709328	0.2111886481	0.5334252352	0.2053609506	0.06718065227	0.09710196664	0.09121749825	0.05520005135	-0.008948372626
chr11_2075252_T_C	0.01364979966	0.01245302736	0.2613488426	0.3218412345	0.09680970559	0.09456500266	0.3218412345	0.2253217809	0.3196908061	0.3218412345	0.3218412345	0.1928157454	0.09189545774	0.2253217809	0.6709664927	0.1928157454	0.1446969468	0.1012757469	0.1160095114	0.1160095114	0.2509900087	0.1160095114	0.4787790253	0.4787790253	0.2125844528	0.9974138853	0.2125844528	0.2700820593	0.3036410512	0.5517112065	0.5517112065	0.5517112065	1	0.2731495064	1	0.2088696589	0.2088696589	1	1	1	0.3036410512	0.9974138853	0.2731495064	0.2731495064	0.9974138853	0.2355203383	0.2672221738	0.2672221738	0.2611576192	0.2254867417	0.5681466964	0.1717920934	0.03834699117	0.2218832555	0.9974138853	0.03834699117	0.1386626563	0.9670235377	0.2218832555	0.9948370033	0.9948184927	0.1013191157	0.2641355435	0.6748126363	0.2641355435	0.2202899434	0.9948184927	0.9922313102	0.3635199441	0.9922313102	0.9895964329	0.6734419618	0.2238896557	0.9895964329	0.2202899434	0.1992785979	0.5657928688	0.5657928688	0.9895964329	0.9895964329	0.4813708121	0.9895964329	0.9869957232	0.4103760735	0.1717920934	0.1975445434	0.5657928688	0.1975445434	0.2551320503	0.3429521495	0.5657928688	0.3429521495	0.1992785979	0.3458288374	0.0831596181	0.1992785979	0.3353736861	0.270192125	0.07930714562	0.2047922752	0.3498191488	0.428240981	0.144141099	0.3498191488	0.1386626563	0.4298925974	0.3469379179	0.2560810772	0.4298925974	0.2062027855	0.04961307675	0.3498191488	0.2206660249	0.2560810772	0.3492836683	0.2511371503	0.4294537699	0.2481331219	0.3549853729	0.2211135051	-0.1552283758	-0.1552283758	0.3549853729	0.4219201356	0.1133024671	0.1135713824	0.2175777455	0.5244994208	0.5234259702	-0.2552984042	0.198090247	0.8534038216	0.198090247	0.1389353886	0.1889674312	0.8473847253	0.2581777474	0.2551563271	0.2581777474	0.1889674312	0.8473847253	0.8473847253	0.8473847253	0.4209739673	0.02030793317	0.2581777474	0.3382233015	0.1927715287	0.3410806317	0.2581777474	0.06201267491	0.4231921566	0.1683205433	0.4126852356	0.8209581482	0.8248139099	0.2672221738	0.8248139099	0.8193712007	0.8240267231	0.1038964253	0.1038964253	0.1267572748	-0.2060245867	0.6292136826	-0.001260483491	0.6838893087	-0.002044756953	0.1337668149	0.1359763037	0.06912470896	0.01335835245	0.5392671024	0.5432436785	-0.2295871682	0.6083304457	0.5414414447	0.01338497231	0.6035586935	0.05066709328	0.2111886481	0.5334252352	0.2053609506	0.06718065227	0.09710196664	0.09121749825	0.05520005135	-0.008948372626
chr11_2075577_G_A	0.01364979966	0.01245302736	0.2613488426	0.3218412345	0.09680970559	0.09456500266	0.3218412345	0.2253217809	0.3196908061	0.3218412345	0.3218412345	0.1928157454	0.09189545774	0.2253217809	0.6709664927	0.1928157454	0.1446969468	0.1012757469	0.1160095114	0.1160095114	0.2509900087	0.1160095114	0.4787790253	0.4787790253	0.2125844528	0.9974138853	0.2125844528	0.2700820593	0.3036410512	0.5517112065	0.5517112065	0.5517112065	1	0.2731495064	1	0.2088696589	0.2088696589	1	1	1	0.3036410512	0.9974138853	0.2731495064	0.2731495064	0.9974138853	0.2355203383	0.2672221738	0.2672221738	0.2611576192	0.2254867417	0.5681466964	0.1717920934	0.03834699117	0.2218832555	0.9974138853	0.03834699117	0.1386626563	0.9670235377	0.2218832555	0.9948370033	0.9948184927	0.1013191157	0.2641355435	0.6748126363	0.2641355435	0.2202899434	0.9948184927	0.9922313102	0.3635199441	0.9922313102	0.9895964329	0.6734419618	0.2238896557	0.9895964329	0.2202899434	0.1992785979	0.5657928688	0.5657928688	0.9895964329	0.9895964329	0.4813708121	0.9895964329	0.9869957232	0.4103760735	0.1717920934	0.1975445434	0.5657928688	0.1975445434	0.2551320503	0.3429521495	0.5657928688	0.3429521495	0.1992785979	0.3458288374	0.0831596181	0.1992785979	0.3353736861	0.270192125	0.07930714562	0.2047922752	0.3498191488	0.428240981	0.144141099	0.3498191488	0.1386626563	0.4298925974	0.3469379179	0.2560810772	0.4298925974	0.2062027855	0.04961307675	0.3498191488	0.2206660249	0.2560810772	0.3492836683	0.2511371503	0.4294537699	0.2481331219	0.3549853729	0.2211135051	-0.1552283758	-0.1552283758	0.3549853729	0.4219201356	0.1133024671	0.1135713824	0.2175777455	0.5244994208	0.5234259702	-0.2552984042	0.198090247	0.8534038216	0.198090247	0.1389353886	0.1889674312	0.8473847253	0.2581777474	0.2551563271	0.2581777474	0.1889674312	0.8473847253	0.8473847253	0.8473847253	0.4209739673	0.02030793317	0.2581777474	0.3382233015	0.1927715287	0.3410806317	0.2581777474	0.06201267491	0.4231921566	0.1683205433	0.4126852356	0.8209581482	0.8248139099	0.2672221738	0.8248139099	0.8193712007	0.8240267231	0.1038964253	0.1038964253	0.1267572748	-0.2060245867	0.6292136826	-0.001260483491	0.6838893087	-0.002044756953	0.1337668149	0.1359763037	0.06912470896	0.01335835245	0.5392671024	0.5432436785	-0.2295871682	0.6083304457	0.5414414447	0.01338497231	0.6035586935	0.05066709328	0.2111886481	0.5334252352	0.2053609506	0.06718065227	0.09710196664	0.09121749825	0.05520005135	-0.008948372626
chr11_2075720_C_G	0.101848523	0.02627303357	-0.2465429635	-0.2564038296	0.6276206778	0.6255908426	-0.2564038296	-0.1397495193	-0.2587503249	-0.2564038296	-0.2564038296	-0.1863343529	0.6220395096	-0.1397495193	0.2215067416	-0.1863343529	-0.0616865902	0.5365370793	0.6047213295	0.6047213295	-0.2110880252	0.6047213295	-0.3934800599	-0.3934800599	-0.1184438987	0.3001112332	-0.1080952308	0.9338569033	1	-0.4701929918	-0.4701929918	-0.4701929918	0.3036410512	-0.1245931846	0.3036410512	-0.1046612854	-0.1046612854	0.3036410512	0.3036410512	0.3036410512	1	0.3059971438	-0.1245931846	-0.1245931846	0.3001112332	0.8887910292	0.9441465703	0.9441465703	0.9437830964	-0.05793744908	-0.4323672163	-0.06614231382	-0.05293506594	-0.05431504578	0.3001112332	-0.05293506594	0.2981985924	0.2987402165	-0.05431504578	0.3024702151	0.2977563533	-0.03978151296	0.9402182241	-0.4532049114	0.9402182241	-0.0615259814	0.2977563533	0.3001112332	0.7874676771	0.3001112332	0.2993112758	-0.4519156298	-0.0551646793	0.2993112758	-0.0615259814	-0.05478927842	-0.4302735588	-0.4302735588	0.2993112758	0.2993112758	-0.3957453034	0.2993112758	0.2957624438	0.6838222609	-0.06614231382	-0.06237077202	-0.4302735588	-0.06237077202	0.9366739977	0.8016300209	-0.4302735588	0.8016300209	-0.05478927842	0.7992671087	-0.1462234254	-0.05478927842	0.7675983693	0.9405464389	-0.08289632433	0.002139028076	0.7986606404	-0.4670991376	0.02251190515	0.7986606404	0.2981985924	-0.4629457736	0.8010633227	0.9072213515	-0.4629457736	0.009932077702	-0.07656732017	0.7986606404	0.02382348548	0.9072213515	0.7884703598	0.9038895999	-0.4693055557	0.9006796642	0.7962621661	0.0196426797	0.01778802279	0.01778802279	0.7962621661	-0.4712749442	-0.130892663	0.07045916777	0.0234900695	-0.4510072576	-0.4515586509	-0.1059333679	0.02821951513	0.2699203543	0.02821951513	0.007618451442	0.01785862746	0.2652809567	0.8654996656	0.8619942525	0.8654996656	0.01785862746	0.2652809567	0.2652809567	0.2652809567	-0.4506171596	-0.09339760047	0.8654996656	0.7754902186	0.0137421842	0.7731318105	0.8654996656	-0.07076229825	-0.4461703995	0.01180295703	-0.4439410544	0.2697653676	0.2720530446	0.8690248709	0.2720530446	0.2658716966	0.2705690606	0.07819969717	0.07819969717	0.07819969717	-0.0609671952	0.1719362728	0.03420973213	0.2665167912	0.03285881144	-0.1996650949	0.03162678036	-0.03224814636	0.1519547094	-0.05473832585	-0.05172441347	-0.09960179353	0.03635501726	-0.04976271799	0.1858547805	0.03433730338	0.1584265383	-0.1362400165	0.05411070781	-0.138594891	-0.1135190496	0.4415745484	0.1100704629	0.1347776242	-0.01607444751
chr11_2075736_C_T	0.01461753421	0.01338749039	0.2588563369	0.3199153133	0.0995266985	0.09729193211	0.3199153133	0.2198631043	0.3177734097	0.3199153133	0.3199153133	0.1950447603	0.09461143789	0.2198631043	0.6683278591	0.1950447603	0.1455911111	0.1040058724	0.1187724059	0.1187724059	0.2469825722	0.1187724059	0.47399388	0.47399388	0.2139509621	0.9948163568	0.2139509621	0.272294606	0.3059971438	0.5467748825	0.5467748825	0.5467748825	0.9974138853	0.2749357986	0.9974138853	0.210224787	0.210224787	0.9974138853	0.9974138853	0.9974138853	0.3059971438	1	0.2749357986	0.2749357986	0.9948163568	0.2376039742	0.2694175675	0.2694175675	0.2633713964	0.2269188956	0.563361708	0.1729415812	0.03895529291	0.223304248	0.9948163568	0.03895529291	0.1393272777	0.9643240906	0.223304248	0.9922280292	0.9922313102	0.1020100656	0.26635977	0.6708428399	0.26635977	0.2217314162	0.9922313102	0.9948163568	0.3663333725	0.9948163568	0.9922032322	0.6740259154	0.2253422322	0.9922032322	0.2217314162	0.2005780929	0.5656137888	0.5656137888	0.9922032322	0.9922032322	0.4806646381	0.9922032322	0.9895921276	0.4135181531	0.1729415812	0.1988652646	0.5656137888	0.1988652646	0.25736427	0.3456877631	0.5656137888	0.3456877631	0.2005780929	0.3485756611	0.08413307905	0.2005780929	0.3380720222	0.2723979411	0.07999621857	0.2061998131	0.3525496983	0.4237716554	0.1448240481	0.3525496983	0.1393272777	0.4254419377	0.3496572849	0.2582358144	0.4254419377	0.2075896381	0.05016648062	0.3525496983	0.2220976868	0.2582358144	0.3520396992	0.2532854802	0.4249853613	0.2502710646	0.3577406887	0.2225362796	-0.1547803597	-0.1547803597	0.3577406887	0.4174310518	0.1048392829	0.1142974993	0.2189893709	0.5207213266	0.5196344582	-0.2545995121	0.1994009094	0.8510425775	0.1994009094	0.1396505718	0.1902762135	0.8450078065	0.2603810876	0.2573688675	0.2603810876	0.1902762135	0.8450078065	0.8450078065	0.8450078065	0.4165756846	0.0208350046	0.2603810876	0.340932867	0.1940918552	0.3438013168	0.2603810876	0.06267869831	0.4187929959	0.1696678743	0.4082831487	0.8186025667	0.8224838444	0.2694175675	0.8224838444	0.8170400135	0.821675967	0.1048497337	0.1048497337	0.1277152946	-0.2055042262	0.6259095067	-0.0001297823946	0.6812847694	-0.0009174631863	0.1302064709	0.1365061877	0.06968213394	0.01432156829	0.5357173826	0.5396935837	-0.2289617547	0.605267603	0.5378774122	0.01407428109	0.6004922221	0.05193012099	0.212915241	0.5299918354	0.2070896006	0.06808580243	0.09822449805	0.09270056409	0.05649621086	-0.008277488064
chr11_2076043_C_A	-0.06791392075	-0.05229441029	-0.06236473361	0.1844752596	0.02057530178	0.01893926066	0.1844752596	0.3189181539	0.1828946387	0.1844752596	0.1844752596	-0.04565992203	0.02057530178	0.3189181539	0.0886466552	-0.04565992203	0.4206756054	0.05717743758	0.08558152203	0.08558152203	-0.1464318437	0.08558152203	0.05786209605	0.05786209605	0.7267782761	0.2749357986	0.7386385581	-0.113405558	-0.1245931846	-0.03210573034	-0.03210573034	-0.03210573034	0.2731495064	1	0.2731495064	0.7340176829	0.7340176829	0.2731495064	0.2731495064	0.2731495064	-0.1245931846	0.2749357986	1	1	0.268190142	-0.1196168889	-0.1244971961	-0.1244971961	-0.1282575298	0.6973741747	-0.02592390698	0.6724464635	0.3846852653	0.6924228271	0.268190142	0.3846852653	-0.04103685885	0.1972930104	0.6924228271	0.263231458	0.2664052397	-0.112486014	-0.1301350063	0.3335331997	-0.1301350063	0.6908910222	0.2664052397	0.268190142	0.2928779978	0.268190142	0.2677964425	0.3355974872	0.6845112263	0.2677964425	0.6908910222	0.612475115	-0.02294266302	-0.02294266302	0.2677964425	0.2677964425	-0.3320706637	0.2677964425	0.2695912477	0.593729961	0.6724464635	0.6108369421	-0.02294266302	0.6108369421	-0.1320107995	0.2337082711	-0.02294266302	0.2337082711	0.612475115	0.231925926	-0.06893295674	0.612475115	0.2555659414	-0.1263782874	-0.03635001808	0.5626916891	0.2385972468	-0.06561403591	0.4034519839	0.2385972468	-0.04103685885	-0.06703526963	0.2334087323	-0.12887984	-0.06703526963	0.5742995521	-0.04039189499	0.2385972468	0.5514340476	-0.12887984	0.238128229	-0.1298408217	-0.06391967778	-0.1358921761	0.2616827375	0.6043231239	-0.080579801	-0.080579801	0.2616827375	-0.01558193515	-0.1392666115	0.2220156361	0.5989424293	0.2465882081	0.2433068845	-0.1085886167	0.5230351827	0.2429505983	0.5230351827	0.4158519737	0.5230351827	0.2443327982	-0.04818852289	-0.05014451673	-0.04818852289	0.5230351827	0.2443327982	0.2443327982	0.2443327982	-0.02314283844	-0.008793509854	-0.04818852289	0.2618557127	0.5288165074	0.2669920996	-0.04818852289	-0.1096614115	-0.0203018299	0.5111404329	-0.02795624741	0.2315054364	0.2284141845	-0.04622936753	0.2284141845	0.2284141845	0.2319450624	0.2750189066	0.2750189066	0.2898967846	-0.02080064239	-0.05751875256	0.1620865111	-0.002002927819	0.1610060326	-0.1780122585	-0.05687319288	-0.04039189499	0.03435792202	-0.02010549769	-0.0216874139	-0.07464124131	0.04826591344	-0.0201865637	-0.07439851717	0.04682465119	0.1313535623	0.1271785724	-0.0410300284	0.1191526731	-0.06859439971	-0.04074683678	0.2946027741	0.1319267193	0.2891253794
chr11_2076311_A_C	-0.06791392075	-0.05229441029	-0.06236473361	0.1844752596	0.02057530178	0.01893926066	0.1844752596	0.3189181539	0.1828946387	0.1844752596	0.1844752596	-0.04565992203	0.02057530178	0.3189181539	0.0886466552	-0.04565992203	0.4206756054	0.05717743758	0.08558152203	0.08558152203	-0.1464318437	0.08558152203	0.05786209605	0.05786209605	0.7267782761	0.2749357986	0.7386385581	-0.113405558	-0.1245931846	-0.03210573034	-0.03210573034	-0.03210573034	0.2731495064	1	0.2731495064	0.7340176829	0.7340176829	0.2731495064	0.2731495064	0.2731495064	-0.1245931846	0.2749357986	1	1	0.268190142	-0.1196168889	-0.1244971961	-0.1244971961	-0.1282575298	0.6973741747	-0.02592390698	0.6724464635	0.3846852653	0.6924228271	0.268190142	0.3846852653	-0.04103685885	0.1972930104	0.6924228271	0.263231458	0.2664052397	-0.112486014	-0.1301350063	0.3335331997	-0.1301350063	0.6908910222	0.2664052397	0.268190142	0.2928779978	0.268190142	0.2677964425	0.3355974872	0.6845112263	0.2677964425	0.6908910222	0.612475115	-0.02294266302	-0.02294266302	0.2677964425	0.2677964425	-0.3320706637	0.2677964425	0.2695912477	0.593729961	0.6724464635	0.6108369421	-0.02294266302	0.6108369421	-0.1320107995	0.2337082711	-0.02294266302	0.2337082711	0.612475115	0.231925926	-0.06893295674	0.612475115	0.2555659414	-0.1263782874	-0.03635001808	0.5626916891	0.2385972468	-0.06561403591	0.4034519839	0.2385972468	-0.04103685885	-0.06703526963	0.2334087323	-0.12887984	-0.06703526963	0.5742995521	-0.04039189499	0.2385972468	0.5514340476	-0.12887984	0.238128229	-0.1298408217	-0.06391967778	-0.1358921761	0.2616827375	0.6043231239	-0.080579801	-0.080579801	0.2616827375	-0.01558193515	-0.1392666115	0.2220156361	0.5989424293	0.2465882081	0.2433068845	-0.1085886167	0.5230351827	0.2429505983	0.5230351827	0.4158519737	0.5230351827	0.2443327982	-0.04818852289	-0.05014451673	-0.04818852289	0.5230351827	0.2443327982	0.2443327982	0.2443327982	-0.02314283844	-0.008793509854	-0.04818852289	0.2618557127	0.5288165074	0.2669920996	-0.04818852289	-0.1096614115	-0.0203018299	0.5111404329	-0.02795624741	0.2315054364	0.2284141845	-0.04622936753	0.2284141845	0.2284141845	0.2319450624	0.2750189066	0.2750189066	0.2898967846	-0.02080064239	-0.05751875256	0.1620865111	-0.002002927819	0.1610060326	-0.1780122585	-0.05687319288	-0.04039189499	0.03435792202	-0.02010549769	-0.0216874139	-0.07464124131	0.04826591344	-0.0201865637	-0.07439851717	0.04682465119	0.1313535623	0.1271785724	-0.0410300284	0.1191526731	-0.06859439971	-0.04074683678	0.2946027741	0.1319267193	0.2891253794
chr11_2076798_T_C	0.01461753421	0.01338749039	0.2640841831	0.3199153133	0.09461143789	0.09237553248	0.3199153133	0.2198631043	0.3177734097	0.3199153133	0.3199153133	0.1950447603	0.08969617728	0.2198631043	0.6683278591	0.1950447603	0.1455911111	0.09830397005	0.1139552377	0.1139552377	0.2530412034	0.1139552377	0.4785684784	0.4785684784	0.2139509621	0.9948163568	0.2139509621	0.2661303237	0.3001112332	0.5514701922	0.5514701922	0.5514701922	0.9974138853	0.268190142	0.9974138853	0.210224787	0.210224787	0.9974138853	0.9974138853	0.9974138853	0.3001112332	0.9948163568	0.268190142	0.268190142	1	0.2376039742	0.2694175675	0.2694175675	0.2633713964	0.2269188956	0.5679878702	0.1629347233	0.03895529291	0.223304248	1	0.03895529291	0.1393272777	0.9694945362	0.223304248	0.9974127946	0.9974138853	0.1020100656	0.26635977	0.6754052243	0.26635977	0.2217314162	0.9974138853	0.9948163568	0.3663333725	0.9948163568	0.9922032322	0.6740259154	0.2253422322	0.9922032322	0.2217314162	0.2005780929	0.5656137888	0.5656137888	0.9922032322	0.9922032322	0.4852681094	0.9922032322	0.9895921276	0.4087121356	0.1629347233	0.1988652646	0.5656137888	0.1988652646	0.25736427	0.3456877631	0.5656137888	0.3456877631	0.2005780929	0.3485756611	0.08413307905	0.2005780929	0.3380720222	0.2723979411	0.07999621857	0.2061998131	0.3525496983	0.4284311334	0.1283949781	0.3525496983	0.1393272777	0.4300921321	0.3496572849	0.2582358144	0.4300921321	0.2075896381	0.05016648062	0.3525496983	0.2220976868	0.2582358144	0.3520396992	0.2532854802	0.4296347074	0.2502710646	0.3577406887	0.2225362796	-0.1547803597	-0.1547803597	0.3577406887	0.4220999084	0.1144535325	0.1142974993	0.2189893709	0.5253754984	0.5242823018	-0.2545995121	0.1994009094	0.8564500838	0.1994009094	0.1239535354	0.1902762135	0.8504460772	0.2603810876	0.2573688675	0.2603810876	0.1902762135	0.8504460772	0.8504460772	0.8504460772	0.4211985847	0.0208350046	0.2603810876	0.340932867	0.1940918552	0.3438013168	0.2603810876	0.06267869831	0.4234363022	0.1696678743	0.4129368179	0.8240765313	0.8279276753	0.2694175675	0.8279276753	0.8224838444	0.8271173864	0.1048497337	0.1048497337	0.1277152946	-0.2055042262	0.635751251	-0.0001297823946	0.6917467144	-0.0009174631863	0.1360281469	0.1365061877	0.06968213394	0.01432156829	0.5448332771	0.54883508	-0.2289617547	0.6149868197	0.5470300623	0.01407428109	0.610249069	0.05193012099	0.212915241	0.5392988647	0.2070896006	0.06808580243	0.09822449805	0.09270056409	0.05649621086	-0.008277488064
chr11_2076994_T_C	0.04862617711	0.05289236757	-0.2300140009	-0.2417862863	0.599824729	0.5980335478	-0.2417862863	-0.1339717258	-0.2438755456	-0.2417862863	-0.2417862863	-0.173909644	0.5938330333	-0.1339717258	0.2143909229	-0.173909644	-0.04598802722	0.5006236203	0.5748141259	0.5748141259	-0.2028285981	0.5748141259	-0.3738979035	-0.3738979035	-0.1167751439	0.2312851205	-0.1056652712	0.9416566946	0.8887910292	-0.4450734538	-0.4450734538	-0.4450734538	0.2355203383	-0.1196168889	0.2355203383	-0.1026743156	-0.1026743156	0.2355203383	0.2355203383	0.2355203383	0.8887910292	0.2376039742	-0.1196168889	-0.1196168889	0.2376039742	1	0.9190123522	0.9190123522	0.9197984144	-0.1123175666	-0.4417701649	-0.06142824916	-0.03194464518	-0.1094203474	0.2376039742	-0.03194464518	-0.04350052337	0.2383899042	-0.1094203474	0.2396909505	0.2355203383	-0.0149360176	0.9165556614	-0.4899904793	0.9165556614	-0.1151913963	0.2355203383	0.2376039742	0.7345787426	0.2376039742	0.2367502562	-0.4889884769	-0.1073960941	0.2367502562	-0.1151913963	-0.110312038	-0.4401838257	-0.4401838257	0.2367502562	0.2367502562	-0.40772974	0.2367502562	0.2324934233	0.6382185467	-0.06142824916	-0.1162785	-0.4401838257	-0.1162785	0.9133325896	0.749703762	-0.4401838257	0.749703762	-0.110312038	0.7476070868	-0.1602488151	-0.110312038	0.7598269668	0.915736825	-0.09698045857	-0.04708603821	0.7450120562	-0.4574745002	-0.008838960029	0.7450120562	-0.04350052337	-0.45838868	0.7471452264	0.8812336739	-0.45838868	-0.04067126738	-0.0834762673	0.7450120562	-0.02190426909	0.8812336739	0.7404720896	0.8789313963	-0.4603219467	0.8748793756	0.745855598	-0.02481365652	0.03899077247	0.03899077247	0.745855598	-0.4679449661	-0.1406603802	0.08603282859	-0.02159771305	-0.4750453345	-0.470749935	-0.08257850172	-0.01718203642	0.2175799205	-0.01718203642	-0.02077043168	-0.02830502783	0.2121885367	0.8351699238	0.8319935239	0.8351699238	-0.02830502783	0.2121885367	0.2121885367	0.2121885367	-0.4498724046	-0.07859602188	0.8351699238	0.7218075254	-0.03170466304	0.7197144823	0.8351699238	-0.0488929861	-0.4441837685	-0.03081290964	-0.4413293133	0.2183304244	0.2216273092	0.8383650136	0.2216273092	0.2149912871	0.2191686525	0.0110827381	0.0110827381	0.0110827381	-0.04212509064	0.2582113452	-0.01871333883	0.2297205319	-0.02346281314	-0.1572542117	0.02910995257	-0.0358971597	0.09824336861	-0.09936969602	-0.09587151239	-0.07904620465	-0.02794693762	-0.09419182402	0.2088455493	-0.02997040934	0.1259904865	-0.1362064384	-0.01502174986	-0.1402358386	-0.130470493	0.5074587001	0.07379015532	0.1034076116	0.01062506495
chr11_2077046_CCA_C	0.03923257182	0.04522796585	-0.2293635406	-0.2431631312	0.6089769528	0.6070880928	-0.2431631312	-0.1268570712	-0.2453548412	-0.2431631312	-0.2431631312	-0.181383256	0.6032739235	-0.1268570712	0.1965028198	-0.181383256	-0.06082125708	0.50907048	0.5825229437	0.5825229437	-0.2324954731	0.5825229437	-0.3975550803	-0.3975550803	-0.1160896109	0.2634031419	-0.1055149868	0.8752027959	0.9441465703	-0.4602168181	-0.4602168181	-0.4602168181	0.2672221738	-0.1244971961	0.2672221738	-0.1023370961	-0.1023370961	0.2672221738	0.2672221738	0.2672221738	0.9441465703	0.2694175675	-0.1244971961	-0.1244971961	0.2694175675	0.9190123522	1	1	0.9930650982	-0.1137648098	-0.4687203476	-0.0688329589	-0.04224824578	-0.1106950953	0.2694175675	-0.04224824578	0.3172552801	0.2720830244	-0.1106950953	0.2716166781	0.2672221738	-0.04605532219	0.989629847	-0.5176780641	0.989629847	-0.1168094483	0.2672221738	0.2694175675	0.7976760484	0.2694175675	0.2686176428	-0.5166280566	-0.1096962447	0.2686176428	-0.1168094483	-0.1078958874	-0.467071174	-0.467071174	0.2686176428	0.2686176428	-0.4309544391	0.2686176428	0.2647792389	0.6921457811	-0.0688329589	-0.1142709732	-0.467071174	-0.1142709732	0.9862157198	0.8159301592	-0.467071174	0.8159301592	-0.1078958874	0.8137250758	-0.1441658483	-0.1078958874	0.7791521667	0.9895503319	-0.08850723403	-0.04148880884	0.8124568876	-0.4915068117	-0.002235918964	0.8124568876	0.3172552801	-0.4924475802	0.8147013128	0.9542258605	-0.4924475802	-0.03466034496	-0.09016855562	0.8124568876	-0.01822795722	0.9542258605	0.8085013352	0.9508338864	-0.4939128276	0.9473452385	0.8049245384	-0.03117912919	0.02764434853	0.02764434853	0.8049245384	-0.4959854778	-0.1226620227	0.08585828576	-0.02782072209	-0.5051075707	-0.5059753533	-0.09342320353	-0.02022706437	0.2445927302	-0.02022706437	-0.01509888187	-0.03081417506	0.2396744103	0.9058935656	0.9025258958	0.9058935656	-0.03081417506	0.2396744103	0.2396744103	0.2396744103	-0.4791921023	-0.08512315832	0.9058935656	0.7828661151	-0.03438359615	0.7806645947	0.9058935656	-0.07848454533	-0.4743667897	-0.03451491125	-0.4719474668	0.2449092728	0.2476296288	0.9023029967	0.2476296288	0.2413133152	0.2456999348	0.005432630301	0.005432630301	0.005432630301	-0.05119698573	0.1878926835	-0.01847863813	0.2485292299	-0.02226589601	-0.1869834266	0.0422163318	-0.06752512902	0.08702196169	-0.05410409646	-0.05084000266	-0.08850723403	0.01373183032	-0.04901247333	0.2034547176	0.01177069883	0.1155201645	-0.1384884722	0.02319673816	-0.1417205052	-0.1128664718	0.472962784	0.06862653595	0.09307903703	-0.003156124526
chr11_2077056_T_G	0.03923257182	0.04522796585	-0.2293635406	-0.2431631312	0.6089769528	0.6070880928	-0.2431631312	-0.1268570712	-0.2453548412	-0.2431631312	-0.2431631312	-0.181383256	0.6032739235	-0.1268570712	0.1965028198	-0.181383256	-0.06082125708	0.50907048	0.5825229437	0.5825229437	-0.2324954731	0.5825229437	-0.3975550803	-0.3975550803	-0.1160896109	0.2634031419	-0.1055149868	0.8752027959	0.9441465703	-0.4602168181	-0.4602168181	-0.4602168181	0.2672221738	-0.1244971961	0.2672221738	-0.1023370961	-0.1023370961	0.2672221738	0.2672221738	0.2672221738	0.9441465703	0.2694175675	-0.1244971961	-0.1244971961	0.2694175675	0.9190123522	1	1	0.9930650982	-0.1137648098	-0.4687203476	-0.0688329589	-0.04224824578	-0.1106950953	0.2694175675	-0.04224824578	0.3172552801	0.2720830244	-0.1106950953	0.2716166781	0.2672221738	-0.04605532219	0.989629847	-0.5176780641	0.989629847	-0.1168094483	0.2672221738	0.2694175675	0.7976760484	0.2694175675	0.2686176428	-0.5166280566	-0.1096962447	0.2686176428	-0.1168094483	-0.1078958874	-0.467071174	-0.467071174	0.2686176428	0.2686176428	-0.4309544391	0.2686176428	0.2647792389	0.6921457811	-0.0688329589	-0.1142709732	-0.467071174	-0.1142709732	0.9862157198	0.8159301592	-0.467071174	0.8159301592	-0.1078958874	0.8137250758	-0.1441658483	-0.1078958874	0.7791521667	0.9895503319	-0.08850723403	-0.04148880884	0.8124568876	-0.4915068117	-0.002235918964	0.8124568876	0.3172552801	-0.4924475802	0.8147013128	0.9542258605	-0.4924475802	-0.03466034496	-0.09016855562	0.8124568876	-0.01822795722	0.9542258605	0.8085013352	0.9508338864	-0.4939128276	0.9473452385	0.8049245384	-0.03117912919	0.02764434853	0.02764434853	0.8049245384	-0.4959854778	-0.1226620227	0.08585828576	-0.02782072209	-0.5051075707	-0.5059753533	-0.09342320353	-0.02022706437	0.2445927302	-0.02022706437	-0.01509888187	-0.03081417506	0.2396744103	0.9058935656	0.9025258958	0.9058935656	-0.03081417506	0.2396744103	0.2396744103	0.2396744103	-0.4791921023	-0.08512315832	0.9058935656	0.7828661151	-0.03438359615	0.7806645947	0.9058935656	-0.07848454533	-0.4743667897	-0.03451491125	-0.4719474668	0.2449092728	0.2476296288	0.9023029967	0.2476296288	0.2413133152	0.2456999348	0.005432630301	0.005432630301	0.005432630301	-0.05119698573	0.1878926835	-0.01847863813	0.2485292299	-0.02226589601	-0.1869834266	0.0422163318	-0.06752512902	0.08702196169	-0.05410409646	-0.05084000266	-0.08850723403	0.01373183032	-0.04901247333	0.2034547176	0.01177069883	0.1155201645	-0.1384884722	0.02319673816	-0.1417205052	-0.1128664718	0.472962784	0.06862653595	0.09307903703	-0.003156124526
chr11_2077271_C_T	0.03692025909	0.04298027808	-0.2290663122	-0.2438702408	0.6129096667	0.611003097	-0.2438702408	-0.1304277201	-0.2460812921	-0.2438702408	-0.2438702408	-0.1792756436	0.6072179181	-0.1304277201	0.1963243832	-0.1792756436	-0.06270272852	0.5149943512	0.5861836654	0.5861836654	-0.2366662613	0.5861836654	-0.4013498458	-0.4013498458	-0.1189232857	0.2573688675	-0.1083695785	0.8684763853	0.9437830964	-0.4639220471	-0.4639220471	-0.4639220471	0.2611576192	-0.1282575298	0.2611576192	-0.1051733885	-0.1051733885	0.2611576192	0.2611576192	0.2611576192	0.9437830964	0.2633713964	-0.1282575298	-0.1282575298	0.2633713964	0.9197984144	0.9930650982	0.9930650982	1	-0.1167489549	-0.4778681644	-0.07127696748	-0.04355517154	-0.1136611828	0.2633713964	-0.04355517154	0.3151546943	0.2662836792	-0.1136611828	0.2655888356	0.2611576192	-0.04751607052	0.9965353375	-0.5282706623	0.9965353375	-0.1198116335	0.2611576192	0.2633713964	0.8019321335	0.2633713964	0.2625214183	-0.5272204698	-0.1127364973	0.2625214183	-0.1198116335	-0.1105969187	-0.4762265043	-0.4762265043	0.2625214183	0.2625214183	-0.4388981937	0.2625214183	0.2587134396	0.6948261658	-0.07127696748	-0.1170093808	-0.4762265043	-0.1170093808	0.9930919567	0.8205126768	-0.4762265043	0.8205126768	-0.1105969187	0.8182873659	-0.1460954806	-0.1105969187	0.7841782004	0.9895709869	-0.08989017071	-0.04456878529	0.817130312	-0.5015617065	-0.003744375091	0.817130312	0.3151546943	-0.5025000542	0.8193952332	0.9617065247	-0.5025000542	-0.03770524893	-0.09124817604	0.817130312	-0.02140223754	0.9617065247	0.8131928148	0.9582151653	-0.5039175782	0.954771962	0.8094218438	-0.03430699543	0.02647799581	0.02647799581	0.8094218438	-0.5060322122	-0.1250311263	0.0840610123	-0.03093109821	-0.5166658991	-0.5174720911	-0.09497886067	-0.02312793685	0.2374612501	-0.02312793685	-0.01665903202	-0.033694106	0.2325148388	0.9130373032	0.9096398861	0.9130373032	-0.033694106	0.2325148388	0.2325148388	0.2325148388	-0.4892699309	-0.08616576107	0.9130373032	0.7875047414	-0.03728138683	0.7852830538	0.9130373032	-0.07984217997	-0.4845455901	-0.03748665353	-0.4821772907	0.2375946521	0.2403221618	0.9025258958	0.2403221618	0.2340183421	0.2384494125	0.003263658593	0.003263658593	0.003263658593	-0.05239917911	0.1840771569	-0.02106133564	0.2422813589	-0.02483358536	-0.1917868554	0.04097054207	-0.06864953864	0.08462544649	-0.05607469517	-0.05284393772	-0.08989017071	0.009833798831	-0.0510015204	0.2014622635	0.007839097948	0.1123907371	-0.1340106006	0.02057972767	-0.1370217247	-0.1147074372	0.4694738723	0.06509962212	0.08991943055	-0.004707887614
chr11_2077310_A_G	-0.02428560343	-0.00854960637	-0.1292068536	-0.124411709	0.1476769076	0.1463968839	-0.124411709	-0.01484176975	-0.1258141189	-0.124411709	-0.124411709	-0.1340051682	0.1476769076	-0.01484176975	-0.02894021406	-0.1340051682	0.5802383427	0.1597734238	0.2220417654	0.2220417654	-0.06261026433	0.2220417654	-0.1530760822	-0.1530760822	0.939033103	0.2269188956	0.9545453908	-0.04870475726	-0.05793744908	-0.2400024682	-0.2400024682	-0.2400024682	0.2254867417	0.6973741747	0.2254867417	0.9468844746	0.9468844746	0.2254867417	0.2254867417	0.2254867417	-0.05793744908	0.2269188956	0.6973741747	0.6973741747	0.2269188956	-0.1123175666	-0.1137648098	-0.1137648098	-0.1167489549	1	-0.2306134057	-0.01354439797	0.009978586325	0.9924810401	0.2269188956	0.009978586325	-0.02820390503	0.1433593162	0.9924810401	0.2195293218	0.2254867417	-0.0900983309	-0.118239224	0.2884609022	-0.118239224	0.9925578021	0.2254867417	0.2269188956	0.4818857908	0.2269188956	0.2266642628	0.2901487897	0.9852452129	0.2266642628	0.9925578021	0.9081624465	-0.2292055123	-0.2292055123	0.2266642628	0.2266642628	-0.2207902305	0.2266642628	0.228104388	0.4396079217	-0.01354439797	0.9078566525	-0.2292055123	0.9078566525	-0.1197283766	0.414296444	-0.2292055123	0.414296444	0.9081624465	0.4128688326	-0.06868101631	0.9081624465	0.4370929842	-0.1152575051	-0.01533320045	0.8521477358	0.4194799048	-0.2516198676	-0.003947056213	0.4194799048	-0.02820390503	-0.2523616156	0.4117886881	-0.125695285	-0.2523616156	0.8655447809	-0.006603665684	0.4194799048	0.8391982448	-0.125695285	0.4111888351	-0.1262778859	-0.2498298701	-0.135175968	0.443951042	0.8932298774	-0.06454229567	-0.06454229567	0.443951042	-0.195252162	-0.06981473537	0.3240236729	0.8852381896	0.2135994635	0.207883125	-0.1010484226	0.8076840781	0.2214949388	0.8076840781	-0.01216340394	0.8076840781	0.2227550728	-0.03344480435	-0.03501656198	-0.03344480435	0.8076840781	0.2227550728	0.2227550728	0.2227550728	-0.1995091893	-0.03587278519	-0.03344480435	0.440580557	0.8160723062	0.4481960942	-0.03344480435	-0.08783589883	-0.2028723381	0.7954251177	-0.2045691213	0.209047036	0.2064410137	-0.03187042792	0.2064410137	0.2064410137	0.2092587494	0.4973859235	0.4973859235	0.4973859235	-0.01143144198	-0.00730985209	0.371734614	0.1732874504	0.3720090862	-0.1021800857	-0.03167613374	0.02661277271	0.1814932413	0.03453228968	0.03340742675	-0.09045592602	0.2053671235	0.03467152498	-0.09231439325	0.2048581563	0.3081855355	0.2262128798	0.222985689	0.225942987	-0.05625680986	-0.04527564333	0.4565840776	0.2965529804	-0.01533320045
chr11_2077486_A_G	-0.001813907247	-0.01586267354	0.4823667048	0.5413890866	-0.4717341967	-0.4715818219	0.5413890866	0.305993431	0.5419271871	0.5413890866	0.5413890866	0.384455127	-0.4717341967	0.305993431	0.4578404661	0.384455127	-0.1366262614	-0.395622461	-0.4726531617	-0.4726531617	0.4428405089	-0.4726531617	0.8204925635	0.8204925635	-0.2085995492	0.5726140324	-0.22486708	-0.4098660316	-0.4323672163	0.9794249093	0.9794249093	0.9794249093	0.5681466964	-0.02592390698	0.5681466964	-0.226648353	-0.226648353	0.5681466964	0.5681466964	0.5681466964	-0.4323672163	0.563361708	-0.02592390698	-0.02592390698	0.5679878702	-0.4417701649	-0.4687203476	-0.4687203476	-0.4778681644	-0.2306134057	1	0.2084412163	0.06363748927	-0.2322858462	0.5679878702	0.06363748927	-0.1031910817	0.5822471936	-0.2322858462	0.567834857	0.5681466964	0.1755004823	-0.471735591	0.8590595167	-0.471735591	-0.2289710388	0.5681466964	0.563361708	-0.5507290594	0.563361708	0.5618149075	0.8561266752	-0.2351523255	0.5618149075	-0.2289710388	-0.2108219025	0.9958794296	0.9958794296	0.5618149075	0.5618149075	0.8904987009	0.5618149075	0.5663048785	-0.4028133112	0.2084412163	-0.2072288206	0.9958794296	-0.2072288206	-0.4763151358	-0.5434819596	0.9958794296	-0.5434819596	-0.2108219025	-0.538431558	0.2245469062	-0.2108219025	-0.5343716868	-0.4625707886	0.1493117249	-0.2272264523	-0.5375015002	0.9050942324	0.12012499	-0.5375015002	-0.1031910817	0.9076884985	-0.5378051958	-0.4484283253	0.9076884985	-0.2383192122	0.1190437881	-0.5375015002	-0.2240842537	-0.4484283253	-0.5305785883	-0.449809105	0.9070279797	-0.4451948499	-0.5396855173	-0.2420862472	-0.1242702647	-0.1242702647	-0.5396855173	0.873333571	0.2361195846	-0.132053296	-0.243672422	0.7557548444	0.7583804501	-0.1003631366	-0.2265896689	0.4629265805	-0.2265896689	0.1304524743	-0.2265896689	0.4655602727	-0.4572085451	-0.4564402449	-0.4572085451	-0.2265896689	0.4655602727	0.4655602727	0.4655602727	0.8618417801	0.1042787301	-0.4572085451	-0.5360645161	-0.2248083684	-0.5357760046	-0.4572085451	0.1641115491	0.8578525196	-0.2355926302	0.8517084125	0.4453551238	0.4431932468	-0.4418823621	0.4431932468	0.4480516145	0.4472738673	-0.1689111031	-0.1689111031	-0.1485046458	-0.1365225791	0.4306699395	-0.1777910598	0.337312885	-0.1757335617	0.3247803739	0.1073064415	0.1016269686	-0.1467472895	0.5162170263	0.5138309138	-0.08702889698	0.4350771629	0.514214271	-0.09368960797	0.432667564	-0.2007517223	0.1761881222	0.3495082115	0.1734541114	0.1794620431	-0.2584384363	-0.2055414952	-0.1732298245	0.004881344852
chr11_2077866_C_T	-0.004637058968	-0.07867319695	0.0532498474	0.4088269071	-0.1207693881	-0.1218540207	0.4088269071	0.4708205036	0.4079543419	0.4088269071	0.4088269071	0.0930018873	-0.1207693881	0.4708205036	0.1861207444	0.0930018873	-0.0440703648	-0.08374769871	-0.1101136471	-0.1101136471	-0.1342830373	-0.1101136471	0.2630373479	0.2630373479	-0.002238620646	0.1729415812	-0.002238620646	-0.05467352891	-0.06614231382	0.2105656896	0.2105656896	0.2105656896	0.1717920934	0.6724464635	0.1717920934	-0.0002814370646	-0.0002814370646	0.1717920934	0.1717920934	0.1717920934	-0.06614231382	0.1729415812	0.6724464635	0.6724464635	0.1629347233	-0.06142824916	-0.0688329589	-0.0688329589	-0.07127696748	-0.01354439797	0.2084412163	1	0.5523900309	-0.01170881286	0.1629347233	0.5523900309	-0.03625430371	0.1536696025	-0.01170881286	0.164084321	0.1617872974	-0.07243864932	-0.07249695555	0.1975830091	-0.07249695555	-0.01536193256	0.1617872974	0.1629347233	-0.07276149234	0.1629347233	0.1626321717	0.1988845542	-0.01716198092	0.1626321717	-0.01536193256	-0.02661408886	0.2114124691	0.2114124691	0.1626321717	0.1626321717	-0.250634033	0.1626321717	0.1637859432	0.4116936646	1	-0.03029682662	0.2114124691	-0.03029682662	-0.07371567248	-0.08190323575	0.2114124691	-0.08190323575	-0.02661408886	-0.08305102884	-0.03543708619	-0.02661408886	-0.07324000717	-0.07005565364	-0.04432455825	-0.04690934554	-0.08005196171	0.1688837624	0.5954120438	-0.08005196171	-0.03625430371	0.16754784	-0.07890038065	-0.06110247746	0.16754784	-0.04361347839	-0.05872104882	-0.08005196171	-0.05014996896	-0.06110247746	-0.08165994403	-0.06190368173	0.1695157798	-0.06066188675	-0.07462991302	-0.03472458365	-0.05189171293	-0.05189171293	-0.07462991302	0.1792402127	-0.1219130172	-0.04630003387	-0.03306312811	0.1505790778	0.1523721933	-0.05518063401	-0.04920274932	0.1281322053	-0.04920274932	0.6227400918	-0.04920274932	0.1288611779	-0.04685750105	-0.04810158633	-0.04685750105	-0.04920274932	0.1288611779	0.1288611779	0.1288611779	0.1725080792	0.02158595505	-0.04685750105	-0.07006213068	-0.05087067817	-0.07120290213	-0.04685750105	-0.0706196642	0.1802374063	-0.05578254961	0.1706557206	0.1250010315	0.123142908	-0.04561164547	0.123142908	0.123142908	0.1254273296	-0.03453196096	-0.03453196096	-0.01246134296	-0.02441015567	-0.1132584935	-0.08625760927	-0.1778130894	-0.0847930126	-0.1628138878	-0.05425429102	-0.05872104882	-0.04165641058	-0.09698111347	-0.09823584004	-0.01592296233	-0.1431630306	-0.09737214442	-0.0136150973	-0.1447658039	-0.06784049373	-0.07389715682	-0.2907033889	-0.08516461649	-0.04827339818	-0.02186426173	-0.007036730456	-0.05572257875	0.4385025724
chr11_2077895_T_G	0.01456425648	-0.05429258288	0.005022243643	0.2019259692	-0.05606061604	-0.05664305216	0.2019259692	0.2226435436	0.2014465103	0.2019259692	0.2019259692	0.05408452633	-0.05606061604	0.2226435436	0.08813918632	0.05408452633	-0.05035694364	-0.02105595396	-0.04401254196	-0.04401254196	-0.07496287379	-0.04401254196	0.1277576041	0.1277576041	0.01664165602	0.03895529291	0.01664165602	-0.04115896569	-0.05293506594	0.06893938119	0.06893938119	0.06893938119	0.03834699117	0.3846852653	0.03834699117	0.01779907288	0.01779907288	0.03834699117	0.03834699117	0.03834699117	-0.05293506594	0.03895529291	0.3846852653	0.3846852653	0.03895529291	-0.03194464518	-0.04224824578	-0.04224824578	-0.04355517154	0.009978586325	0.06363748927	0.5523900309	1	0.01105774901	0.03895529291	1	-0.0370561628	0.02712530092	0.01105774901	0.03956425501	0.03834699117	-0.03903843997	-0.04420767676	0.06739179309	-0.04420767676	0.008911042109	0.03834699117	0.03895529291	-0.03342094573	0.03895529291	0.03854724415	0.06803002945	0.007854754233	0.03854724415	0.008911042109	-0.00856107693	0.06501134048	0.06501134048	0.03854724415	0.03854724415	-0.1897251424	0.03854724415	0.03915880704	0.2336335387	0.5523900309	-0.01061706474	0.06501134048	-0.01061706474	-0.04485958197	-0.04544637362	0.06501134048	-0.04544637362	-0.00856107693	-0.04606493916	-0.05571565835	-0.00856107693	-0.04080805664	-0.04290203755	-0.0391933813	-0.01996021294	-0.04445598648	0.04196861027	0.01824552843	-0.04445598648	-0.0370561628	0.04134637889	-0.04383542317	-0.03819575595	0.04134637889	-0.01812968646	-0.031645788	-0.04445598648	-0.02175875402	-0.03819575595	-0.04532990198	-0.03858367313	0.04241586417	-0.03792033839	-0.02884248955	0.006619217211	-0.02796534087	-0.02796534087	-0.02884248955	0.04259385762	-0.06570103184	-0.04094016846	0.007633312545	0.03500800383	0.03603708299	0.002483487958	-0.01143910603	0.01808982577	-0.01143910603	0.01379631928	-0.01143910603	0.01819274281	-0.02231069701	-0.02298404357	-0.02231069701	-0.01143910603	0.01819274281	0.01819274281	0.01819274281	0.03949734526	-0.03046351147	-0.02231069701	-0.0263810789	-0.01242437597	-0.02699598344	-0.02231069701	-0.03805815745	0.05450903245	-0.01531930394	0.03814318926	0.01577604783	0.01505866678	-0.02163634701	0.01505866678	0.01505866678	0.01631250811	-0.01511156539	-0.01511156539	-0.01511156539	-0.03279004741	0.04827924166	-0.03392992092	-0.001389961931	-0.03275225914	-0.09023713418	-0.02923857503	-0.031645788	-0.01916431042	0.05707825239	0.05670914481	0.01122674861	0.03585796095	0.05730839373	0.06759126964	0.03543174662	-0.04298670047	-0.0740783892	-0.2082111407	-0.07361100755	-0.05192770587	-0.02967777463	-0.004751232476	-0.01579227862	0.8179488272
chr11_2078005_C_G	-0.0227611294	-0.006999726303	-0.1342359743	-0.1284678302	0.153059958	0.1517910635	-0.1284678302	-0.02433772183	-0.1298621966	-0.1284678302	-0.1284678302	-0.13095705	0.153059958	-0.02433772183	-0.03384187099	-0.13095705	0.5847373801	0.1652403322	0.2278836596	0.2278836596	-0.06988098243	0.2278836596	-0.1622285886	-0.1622285886	0.9305908898	0.223304248	0.9461839215	-0.04526805639	-0.05431504578	-0.2418586009	-0.2418586009	-0.2418586009	0.2218832555	0.6924228271	0.2218832555	0.9540579984	0.9540579984	0.2218832555	0.2218832555	0.2218832555	-0.05431504578	0.223304248	0.6924228271	0.6924228271	0.223304248	-0.1094203474	-0.1106950953	-0.1106950953	-0.1136611828	0.9924810401	-0.2322858462	-0.01170881286	0.01105774901	1	0.223304248	0.01105774901	-0.02726250166	0.1391460708	1	0.2158575366	0.2218832555	-0.08942088516	-0.1151423812	0.2829325247	-0.1151423812	0.9850947999	0.2218832555	0.223304248	0.4800843029	0.223304248	0.2230419588	0.2846022904	0.9778371937	0.2230419588	0.9850947999	0.9150426151	-0.2309044468	-0.2309044468	0.2230419588	0.2230419588	-0.2233174006	0.2230419588	0.2244708563	0.4389046212	-0.01170881286	0.8988076021	-0.2309044468	0.8988076021	-0.1166224349	0.4118753182	-0.2309044468	0.4118753182	0.9150426151	0.4104584409	-0.0674023389	0.9150426151	0.4345166141	-0.1121787757	-0.01426204046	0.8440460573	0.4170236779	-0.2527552524	-0.0028499671	0.4170236779	-0.02726250166	-0.2534853915	0.4184623491	-0.1227533013	-0.2534853915	0.8573250677	-0.005708713363	0.4170236779	0.8312105309	-0.1227533013	0.4086818937	-0.1233481538	-0.250972131	-0.1323092641	0.4417633052	0.8857818873	-0.06405700474	-0.06405700474	0.4417633052	-0.1961096738	-0.06824872386	0.3269125354	0.8921844256	0.2160252271	0.2102457293	-0.1002886435	0.8140607666	0.218307095	0.8140607666	-0.01105209732	0.8140607666	0.2195490926	-0.02994022706	-0.03150335998	-0.02994022706	0.8140607666	0.2195490926	0.2195490926	0.2195490926	-0.2003118013	-0.0351649025	-0.02994022706	0.4473903876	0.8069890784	0.4459764018	-0.02994022706	-0.08717546423	-0.2036598273	0.7865458604	-0.2053490143	0.2058155273	0.2032382361	-0.02837444044	0.2032382361	0.2032382361	0.2060355165	0.501569277	0.501569277	0.501569277	-0.01052801612	-0.004803753053	0.3596490124	0.1784418672	0.3758748597	-0.09889020113	-0.0309823789	0.02768062177	0.184081198	0.03624686884	0.03513600825	-0.08977579154	0.2092956834	0.03639301737	-0.09162028503	0.2088117319	0.3119327386	0.2182994986	0.2260457756	0.2177056809	-0.05502470135	-0.04362500864	0.4614658837	0.3002947212	-0.01426204046
chr11_2078638_T_C	0.01461753421	0.01338749039	0.2640841831	0.3199153133	0.09461143789	0.09237553248	0.3199153133	0.2198631043	0.3177734097	0.3199153133	0.3199153133	0.1950447603	0.08969617728	0.2198631043	0.6683278591	0.1950447603	0.1455911111	0.09830397005	0.1139552377	0.1139552377	0.2530412034	0.1139552377	0.4785684784	0.4785684784	0.2139509621	0.9948163568	0.2139509621	0.2661303237	0.3001112332	0.5514701922	0.5514701922	0.5514701922	0.9974138853	0.268190142	0.9974138853	0.210224787	0.210224787	0.9974138853	0.9974138853	0.9974138853	0.3001112332	0.9948163568	0.268190142	0.268190142	1	0.2376039742	0.2694175675	0.2694175675	0.2633713964	0.2269188956	0.5679878702	0.1629347233	0.03895529291	0.223304248	1	0.03895529291	0.1393272777	0.9694945362	0.223304248	0.9974127946	0.9974138853	0.1020100656	0.26635977	0.6754052243	0.26635977	0.2217314162	0.9974138853	0.9948163568	0.3663333725	0.9948163568	0.9922032322	0.6740259154	0.2253422322	0.9922032322	0.2217314162	0.2005780929	0.5656137888	0.5656137888	0.9922032322	0.9922032322	0.4852681094	0.9922032322	0.9895921276	0.4087121356	0.1629347233	0.1988652646	0.5656137888	0.1988652646	0.25736427	0.3456877631	0.5656137888	0.3456877631	0.2005780929	0.3485756611	0.08413307905	0.2005780929	0.3380720222	0.2723979411	0.07999621857	0.2061998131	0.3525496983	0.4284311334	0.1283949781	0.3525496983	0.1393272777	0.4300921321	0.3496572849	0.2582358144	0.4300921321	0.2075896381	0.05016648062	0.3525496983	0.2220976868	0.2582358144	0.3520396992	0.2532854802	0.4296347074	0.2502710646	0.3577406887	0.2225362796	-0.1547803597	-0.1547803597	0.3577406887	0.4220999084	0.1144535325	0.1142974993	0.2189893709	0.5253754984	0.5242823018	-0.2545995121	0.1994009094	0.8564500838	0.1994009094	0.1239535354	0.1902762135	0.8504460772	0.2603810876	0.2573688675	0.2603810876	0.1902762135	0.8504460772	0.8504460772	0.8504460772	0.4211985847	0.0208350046	0.2603810876	0.340932867	0.1940918552	0.3438013168	0.2603810876	0.06267869831	0.4234363022	0.1696678743	0.4129368179	0.8240765313	0.8279276753	0.2694175675	0.8279276753	0.8224838444	0.8271173864	0.1048497337	0.1048497337	0.1277152946	-0.2055042262	0.635751251	-0.0001297823946	0.6917467144	-0.0009174631863	0.1360281469	0.1365061877	0.06968213394	0.01432156829	0.5448332771	0.54883508	-0.2289617547	0.6149868197	0.5470300623	0.01407428109	0.610249069	0.05193012099	0.212915241	0.5392988647	0.2070896006	0.06808580243	0.09822449805	0.09270056409	0.05649621086	-0.008277488064
chr11_2078639_G_A	0.01456425648	-0.05429258288	0.005022243643	0.2019259692	-0.05606061604	-0.05664305216	0.2019259692	0.2226435436	0.2014465103	0.2019259692	0.2019259692	0.05408452633	-0.05606061604	0.2226435436	0.08813918632	0.05408452633	-0.05035694364	-0.02105595396	-0.04401254196	-0.04401254196	-0.07496287379	-0.04401254196	0.1277576041	0.1277576041	0.01664165602	0.03895529291	0.01664165602	-0.04115896569	-0.05293506594	0.06893938119	0.06893938119	0.06893938119	0.03834699117	0.3846852653	0.03834699117	0.01779907288	0.01779907288	0.03834699117	0.03834699117	0.03834699117	-0.05293506594	0.03895529291	0.3846852653	0.3846852653	0.03895529291	-0.03194464518	-0.04224824578	-0.04224824578	-0.04355517154	0.009978586325	0.06363748927	0.5523900309	1	0.01105774901	0.03895529291	1	-0.0370561628	0.02712530092	0.01105774901	0.03956425501	0.03834699117	-0.03903843997	-0.04420767676	0.06739179309	-0.04420767676	0.008911042109	0.03834699117	0.03895529291	-0.03342094573	0.03895529291	0.03854724415	0.06803002945	0.007854754233	0.03854724415	0.008911042109	-0.00856107693	0.06501134048	0.06501134048	0.03854724415	0.03854724415	-0.1897251424	0.03854724415	0.03915880704	0.2336335387	0.5523900309	-0.01061706474	0.06501134048	-0.01061706474	-0.04485958197	-0.04544637362	0.06501134048	-0.04544637362	-0.00856107693	-0.04606493916	-0.05571565835	-0.00856107693	-0.04080805664	-0.04290203755	-0.0391933813	-0.01996021294	-0.04445598648	0.04196861027	0.01824552843	-0.04445598648	-0.0370561628	0.04134637889	-0.04383542317	-0.03819575595	0.04134637889	-0.01812968646	-0.031645788	-0.04445598648	-0.02175875402	-0.03819575595	-0.04532990198	-0.03858367313	0.04241586417	-0.03792033839	-0.02884248955	0.006619217211	-0.02796534087	-0.02796534087	-0.02884248955	0.04259385762	-0.06570103184	-0.04094016846	0.007633312545	0.03500800383	0.03603708299	0.002483487958	-0.01143910603	0.01808982577	-0.01143910603	0.01379631928	-0.01143910603	0.01819274281	-0.02231069701	-0.02298404357	-0.02231069701	-0.01143910603	0.01819274281	0.01819274281	0.01819274281	0.03949734526	-0.03046351147	-0.02231069701	-0.0263810789	-0.01242437597	-0.02699598344	-0.02231069701	-0.03805815745	0.05450903245	-0.01531930394	0.03814318926	0.01577604783	0.01505866678	-0.02163634701	0.01505866678	0.01505866678	0.01631250811	-0.01511156539	-0.01511156539	-0.01511156539	-0.03279004741	0.04827924166	-0.03392992092	-0.001389961931	-0.03275225914	-0.09023713418	-0.02923857503	-0.031645788	-0.01916431042	0.05707825239	0.05670914481	0.01122674861	0.03585796095	0.05730839373	0.06759126964	0.03543174662	-0.04298670047	-0.0740783892	-0.2082111407	-0.07361100755	-0.05192770587	-0.02967777463	-0.004751232476	-0.01579227862	0.8179488272
chr11_2078679_T_C	-0.02600912213	-0.05751594988	-0.04662463636	-0.05607626816	0.08900687133	0.08842424346	-0.05607626816	-0.008872038888	-0.05671947418	-0.05607626816	-0.05607626816	-0.05860422014	0.08900687133	-0.008872038888	-0.03802473731	-0.05860422014	-0.05334665055	0.07357228316	0.08131981304	0.08131981304	-0.08404420516	0.08131981304	-0.114655686	-0.114655686	-0.02242486496	0.1393272777	-0.02242486496	-0.05302561518	0.2981985924	-0.1001244836	-0.1001244836	-0.1001244836	0.1386626563	-0.04103685885	0.1386626563	-0.02142911354	-0.02142911354	0.1386626563	0.1386626563	0.1386626563	0.2981985924	0.1393272777	-0.04103685885	-0.04103685885	0.1393272777	-0.04350052337	0.3172552801	0.3172552801	0.3151546943	-0.02820390503	-0.1031910817	-0.03625430371	-0.0370561628	-0.02726250166	0.1393272777	-0.0370561628	1	0.1453168049	-0.02726250166	0.1399936224	0.1386626563	-0.04135616391	0.3141144727	-0.116912921	0.3141144727	-0.02913724331	0.1386626563	0.1393272777	0.2579421598	0.1393272777	0.1393867707	-0.1165411946	-0.0300627699	0.1393867707	-0.02913724331	-0.01629037696	-0.1025324058	-0.1025324058	0.1393867707	0.1393867707	-0.08487709941	0.1393867707	0.1400551652	0.2171992203	-0.03625430371	-0.01837938385	-0.1025324058	-0.01837938385	0.3130808599	0.269220705	-0.1025324058	0.269220705	-0.01629037696	0.268565415	0.01719940645	-0.01629037696	0.1395099835	0.3162016034	0.006270801085	-0.02778968233	0.2720411943	-0.1273750935	0.01305019698	0.2720411943	1	-0.1276918968	0.272709191	0.3295291206	-0.1276918968	-0.02591832784	-0.03352460796	0.2720411943	-0.02962991708	0.3295291206	0.2728987412	0.3260364801	-0.1265276343	0.3271529899	0.2485512012	-0.0575578239	-0.02962565158	-0.02962565158	0.2485512012	-0.1118923683	0.02409051569	-0.0433707986	-0.05678609218	-0.1381105657	-0.1518801434	-0.04638238117	-0.04873297068	0.1214578484	-0.04873297068	0.008616592723	-0.04873297068	0.1221488491	0.3162016034	0.3151546943	0.3162016034	-0.04873297068	0.1221488491	0.1221488491	0.1221488491	-0.1136271903	-0.03227213932	0.3162016034	0.2511527068	-0.04956692811	0.2504982754	0.3162016034	-0.04031768172	-0.1152682471	-0.05203186064	-0.1160965189	0.1202638964	0.1189338839	0.3172552801	0.1189338839	0.1189338839	0.1202165478	-0.05751594988	-0.05751594988	-0.05751594988	-0.0347368024	-0.1397325316	-0.03950831828	0.1014802062	-0.03837097603	-0.08113317051	0.03735956781	-0.03352460796	-0.02440493657	0.1371095668	0.1369337932	-0.04152030415	0.1178447362	0.137662397	0.008616592723	0.1177024055	-0.04888302441	-0.01296777679	0.1128770484	-0.01067713494	0.0258968356	-0.0352931146	-0.03946880622	-0.05130581047	-0.04152030415
chr11_2078742_G_A	0.02420496616	-0.01156237182	0.2797292808	0.3342132877	0.09675857514	0.09462640841	0.3342132877	0.2214884212	0.3321838183	0.3342132877	0.3342132877	0.2105114038	0.09185582877	0.2214884212	0.6978722427	0.2105114038	0.1538418699	0.06251601058	0.06410677705	0.06410677705	0.2662975367	0.06410677705	0.5016434528	0.5016434528	0.1266015191	0.9643240906	0.1266015191	0.262372351	0.2987402165	0.5699448071	0.5699448071	0.5699448071	0.9670235377	0.1972930104	0.9670235377	0.1222037866	0.1222037866	0.9670235377	0.9670235377	0.9670235377	0.2987402165	0.9643240906	0.1972930104	0.1972930104	0.9694945362	0.2383899042	0.2720830244	0.2720830244	0.2662836792	0.1433593162	0.5822471936	0.1536696025	0.02712530092	0.1391460708	0.9694945362	0.02712530092	0.1453168049	1	0.1391460708	0.9668050506	0.9670235377	0.1084339809	0.2693798996	0.646353892	0.2693798996	0.1387819617	0.9670235377	0.9643240906	0.3192981483	0.9643240906	0.9616807096	0.6448432934	0.1429699541	0.9616807096	0.1387819617	0.2126196432	0.5797681702	0.5797681702	0.9616807096	0.9616807096	0.5035498421	0.9616807096	0.9589670935	0.3614682714	0.1536696025	0.2111264617	0.5797681702	0.2111264617	0.2605225904	0.3554084742	0.5797681702	0.3554084742	0.2126196432	0.358394922	0.09345775634	0.2126196432	0.3470836926	0.2751716151	0.08650270797	0.2106223337	0.3620991181	0.4422995715	0.1345838868	0.3620991181	0.1453168049	0.4440187499	0.3591079185	0.2662817183	0.4440187499	0.2117108481	0.0554567198	0.3620991181	0.2267726641	0.2662817183	0.3617558843	0.2613923774	0.4433753558	0.2643616448	0.3147092523	0.134589026	-0.1495984429	-0.1495984429	0.3147092523	0.4312650219	0.1158208025	0.1056868581	0.1304733784	0.53634051	0.5350490345	-0.2329894779	0.2024578249	0.8235692191	0.2024578249	0.1304859736	0.1933563604	0.8174058376	0.2092471922	0.2064112146	0.2092471922	0.1933563604	0.8174058376	0.8174058376	0.8174058376	0.4307235636	0.02599750825	0.2092471922	0.2975238323	0.1973217687	0.3004907638	0.2092471922	0.06903492041	0.4331865167	0.1734291999	0.4228302134	0.7913349787	0.795452959	0.2180910088	0.795452959	0.7900229881	0.7944423771	0.1138780268	0.1138780268	0.136685372	-0.1993671457	0.5998815646	0.01115136248	0.6678182782	0.01033331275	0.1405420296	0.141164476	0.07492268635	0.0238652808	0.5069307762	0.5109104768	-0.2069938324	0.5816201149	0.5089747374	0.02088647144	0.5768680415	0.06429187464	0.222182255	0.5072243695	0.216212666	0.07680281414	0.1089715475	0.02110012725	0.06916749567	-0.01622108116
chr11_2078745_A_T	-0.0227611294	-0.006999726303	-0.1342359743	-0.1284678302	0.153059958	0.1517910635	-0.1284678302	-0.02433772183	-0.1298621966	-0.1284678302	-0.1284678302	-0.13095705	0.153059958	-0.02433772183	-0.03384187099	-0.13095705	0.5847373801	0.1652403322	0.2278836596	0.2278836596	-0.06988098243	0.2278836596	-0.1622285886	-0.1622285886	0.9305908898	0.223304248	0.9461839215	-0.04526805639	-0.05431504578	-0.2418586009	-0.2418586009	-0.2418586009	0.2218832555	0.6924228271	0.2218832555	0.9540579984	0.9540579984	0.2218832555	0.2218832555	0.2218832555	-0.05431504578	0.223304248	0.6924228271	0.6924228271	0.223304248	-0.1094203474	-0.1106950953	-0.1106950953	-0.1136611828	0.9924810401	-0.2322858462	-0.01170881286	0.01105774901	1	0.223304248	0.01105774901	-0.02726250166	0.1391460708	1	0.2158575366	0.2218832555	-0.08942088516	-0.1151423812	0.2829325247	-0.1151423812	0.9850947999	0.2218832555	0.223304248	0.4800843029	0.223304248	0.2230419588	0.2846022904	0.9778371937	0.2230419588	0.9850947999	0.9150426151	-0.2309044468	-0.2309044468	0.2230419588	0.2230419588	-0.2233174006	0.2230419588	0.2244708563	0.4389046212	-0.01170881286	0.8988076021	-0.2309044468	0.8988076021	-0.1166224349	0.4118753182	-0.2309044468	0.4118753182	0.9150426151	0.4104584409	-0.0674023389	0.9150426151	0.4345166141	-0.1121787757	-0.01426204046	0.8440460573	0.4170236779	-0.2527552524	-0.0028499671	0.4170236779	-0.02726250166	-0.2534853915	0.4184623491	-0.1227533013	-0.2534853915	0.8573250677	-0.005708713363	0.4170236779	0.8312105309	-0.1227533013	0.4086818937	-0.1233481538	-0.250972131	-0.1323092641	0.4417633052	0.8857818873	-0.06405700474	-0.06405700474	0.4417633052	-0.1961096738	-0.06824872386	0.3269125354	0.8921844256	0.2160252271	0.2102457293	-0.1002886435	0.8140607666	0.218307095	0.8140607666	-0.01105209732	0.8140607666	0.2195490926	-0.02994022706	-0.03150335998	-0.02994022706	0.8140607666	0.2195490926	0.2195490926	0.2195490926	-0.2003118013	-0.0351649025	-0.02994022706	0.4473903876	0.8069890784	0.4459764018	-0.02994022706	-0.08717546423	-0.2036598273	0.7865458604	-0.2053490143	0.2058155273	0.2032382361	-0.02837444044	0.2032382361	0.2032382361	0.2060355165	0.501569277	0.501569277	0.501569277	-0.01052801612	-0.004803753053	0.3596490124	0.1784418672	0.3758748597	-0.09889020113	-0.0309823789	0.02768062177	0.184081198	0.03624686884	0.03513600825	-0.08977579154	0.2092956834	0.03639301737	-0.09162028503	0.2088117319	0.3119327386	0.2182994986	0.2260457756	0.2177056809	-0.05502470135	-0.04362500864	0.4614658837	0.3002947212	-0.01426204046
chr11_2078858_A_AT	0.01558582908	0.01432248693	0.2668234136	0.3230034804	0.09241322061	0.0901860933	0.3230034804	0.2215611698	0.3208725942	0.3230034804	0.3230034804	0.1972767364	0.08749689592	0.2215611698	0.6656950292	0.1972767364	0.1336971861	0.09533195497	0.1119012754	0.1119012754	0.2490359418	0.1119012754	0.4783627969	0.4783627969	0.2062043566	0.9922280292	0.2062043566	0.2683452899	0.3024702151	0.5512347851	0.5512347851	0.5512347851	0.9948370033	0.263231458	0.9948370033	0.202414325	0.202414325	0.9948370033	0.9948370033	0.9948370033	0.3024702151	0.9922280292	0.263231458	0.263231458	0.9974127946	0.2396909505	0.2716166781	0.2716166781	0.2655888356	0.2195293218	0.567834857	0.164084321	0.03956425501	0.2158575366	0.9974127946	0.03956425501	0.1399936224	0.9668050506	0.2158575366	1	0.9948370033	0.1027023635	0.2685876939	0.6714416827	0.2685876939	0.2143960796	0.9948370033	0.9922280292	0.3638931204	0.9922280292	0.9896106377	0.6700463447	0.2180620734	0.9896106377	0.2143960796	0.1924305813	0.5654404887	0.5654404887	0.9896106377	0.9896106377	0.4845676095	0.9896106377	0.9869880217	0.4070517257	0.164084321	0.1908554979	0.5654404887	0.1908554979	0.2596000973	0.3430864674	0.5654404887	0.3430864674	0.1924305813	0.3459856102	0.08510782239	0.1924305813	0.3353089498	0.2746075095	0.08068641089	0.198915004	0.3499135942	0.4286258014	0.1290761585	0.3499135942	0.1399936224	0.4302962035	0.3470097855	0.2603941356	0.4302962035	0.2001953578	0.05072063771	0.3499135942	0.2149223499	0.2603941356	0.3493990661	0.2554373401	0.4298201692	0.2524125017	0.3551882057	0.2155121492	-0.1543337566	-0.1543337566	0.3551882057	0.4222841269	0.1156062692	0.1150251063	0.2119144547	0.5216022057	0.5204955731	-0.2539029603	0.1915875187	0.8540978227	0.1915875187	0.1246670684	0.1824608474	0.848078079	0.2625880544	0.2595850073	0.2625880544	0.1824608474	0.848078079	0.848078079	0.848078079	0.4214276575	0.02136251447	0.2625880544	0.3383345554	0.186340375	0.3412142166	0.2625880544	0.06334565205	0.4236849345	0.1620931803	0.4131927814	0.8217296138	0.8256063183	0.2716166781	0.8256063183	0.8201613089	0.8247753211	0.1058045305	0.1058045305	0.1286750414	-0.2049857732	0.632454289	0.001001395212	0.6891503921	0.0002102974966	0.1324689066	0.1370377089	0.07024051587	0.01528533947	0.5412895765	0.545291051	-0.228338447	0.6119310525	0.5434720734	0.01476402688	0.6071896304	0.05319422007	0.2076466916	0.5358715154	0.2016312402	0.06899203998	0.09934852072	0.09418521636	0.05779350302	-0.007606405667
chr11_2080254_A_G	0.01364979966	0.01245302736	0.2665756116	0.3218412345	0.09189545774	0.08964961604	0.3218412345	0.2253217809	0.3196908061	0.3218412345	0.3218412345	0.1928157454	0.0869812099	0.2253217809	0.6709664927	0.1928157454	0.1446969468	0.09557501941	0.1111933358	0.1111933358	0.2570473916	0.1111933358	0.4833526811	0.4833526811	0.2125844528	0.9922313102	0.2125844528	0.2639190472	0.2977563533	0.5517112065	0.5517112065	0.5517112065	0.9948184927	0.2664052397	0.9948184927	0.2088696589	0.2088696589	0.9948184927	0.9948184927	0.9948184927	0.2977563533	0.9922313102	0.2664052397	0.2664052397	0.9974138853	0.2355203383	0.2672221738	0.2672221738	0.2611576192	0.2254867417	0.5681466964	0.1617872974	0.03834699117	0.2218832555	0.9974138853	0.03834699117	0.1386626563	0.9670235377	0.2218832555	0.9948370033	1	0.1013191157	0.2641355435	0.6793740806	0.2641355435	0.2290659486	1	0.9974138853	0.3687763844	0.9974138853	0.9948049987	0.6780107798	0.2326216474	0.9948049987	0.2290659486	0.1992785979	0.5657928688	0.5657928688	0.9948049987	0.9948049987	0.4859733349	0.9948049987	0.9922053736	0.4103760735	0.1617872974	0.2068737055	0.5657928688	0.2068737055	0.2551320503	0.3429521495	0.5657928688	0.3429521495	0.1992785979	0.3458288374	0.0831596181	0.1992785979	0.3353736861	0.270192125	0.07930714562	0.2047922752	0.3498191488	0.428240981	0.1277154142	0.3498191488	0.1386626563	0.4298925974	0.3469379179	0.2560810772	0.4298925974	0.2062027855	0.04961307675	0.3498191488	0.2206660249	0.2560810772	0.3546828596	0.2511371503	0.4294537699	0.2481331219	0.3549853729	0.2211135051	-0.1552283758	-0.1552283758	0.3549853729	0.4219201356	0.1229147357	0.1135713824	0.2175777455	0.5244994208	0.5234259702	-0.2552984042	0.198090247	0.8534038216	0.198090247	0.1232415865	0.1889674312	0.8473847253	0.2581777474	0.2551563271	0.2581777474	0.1889674312	0.8473847253	0.8473847253	0.8473847253	0.4209739673	0.02030793317	0.2581777474	0.3382233015	0.1927715287	0.3410806317	0.2581777474	0.06201267491	0.4231921566	0.1683205433	0.4126852356	0.8209581482	0.8302566191	0.2672221738	0.8302566191	0.8248139099	0.8240267231	0.1038964253	0.1038964253	0.1381876996	-0.2060245867	0.6341335408	-0.001260483491	0.6943490981	0.007567511715	0.1395872913	0.1359763037	0.06912470896	0.01335835245	0.5483811187	0.5523832912	-0.2295871682	0.6180476598	0.5460168268	0.01338497231	0.6133135301	0.05066709328	0.2111886481	0.5427303468	0.2053609506	0.06718065227	0.09710196664	0.09121749825	0.05520005135	-0.008948372626
chr11_2080572_A_C	0.001207761003	0.04560286831	0.003700717503	-0.02559911482	-0.14492635	-0.1455954574	-0.02559911482	0.02563371241	-0.02625995449	-0.02559911482	-0.02559911482	-0.05118317986	-0.14492635	0.02563371241	0.06412092698	-0.05118317986	-0.05620036879	-0.140849148	-0.1482610623	-0.1482610623	0.2826890704	-0.1482610623	0.1900737057	0.1900737057	-0.08600294648	0.1020100656	-0.08600294648	-0.02572631006	-0.03978151296	0.1684414915	0.1684414915	0.1684414915	0.1013191157	-0.112486014	0.1013191157	-0.08531271071	-0.08531271071	0.1013191157	0.1013191157	0.1013191157	-0.03978151296	0.1020100656	-0.112486014	-0.112486014	0.1020100656	-0.0149360176	-0.04605532219	-0.04605532219	-0.04751607052	-0.0900983309	0.1755004823	-0.07243864932	-0.03903843997	-0.08942088516	0.1020100656	-0.03903843997	-0.04135616391	0.1084339809	-0.08942088516	0.1027023635	0.1013191157	1	-0.04824534849	0.1259000497	-0.04824534849	-0.09077388813	0.1013191157	0.1020100656	-0.09666777954	0.1020100656	0.1018482173	0.126694286	-0.09144762108	0.1018482173	-0.09077388813	-0.08182392061	0.1775216747	0.1775216747	0.1018482173	0.1018482173	0.2091538856	0.1018482173	0.1025429968	-0.1095183905	-0.07243864932	-0.08322730059	0.1775216747	-0.08322730059	-0.04897393874	-0.09059942435	0.1775216747	-0.09059942435	-0.08182392061	-0.0912897683	-0.06218090933	-0.08182392061	-0.08635165322	-0.04678607259	-0.04374138547	-0.08877508241	-0.08971669072	0.1664963765	-0.04247443013	-0.08971669072	-0.04135616391	0.1655635316	-0.08902544795	-0.04150843198	0.1655635316	-0.08741120628	-0.03531796863	-0.08971669072	-0.09013093066	-0.04150843198	-0.09091610711	-0.04195068803	0.166735337	-0.04120912776	-0.09216773762	-0.08954706757	-0.03121044202	-0.03121044202	-0.09216773762	0.1529791674	-0.01378912178	-0.04569087	-0.08886952443	0.1085792689	0.1096332521	-0.04886355376	-0.08256595833	0.08125125917	-0.08256595833	-0.04464007653	-0.08256595833	0.08171351565	-0.04678607259	-0.04751607052	-0.04678607259	-0.08256595833	0.08171351565	0.08171351565	0.08171351565	0.1484854411	-0.03399850061	-0.04678607259	-0.08941940671	-0.08326559691	-0.09010501591	-0.04678607259	0.9240211144	0.133563689	-0.08534909793	0.1332602152	0.06247079108	0.06142319223	-0.02743327471	0.06142319223	0.06142319223	0.06280276504	-0.06059270003	-0.06059270003	-0.06059270003	-0.03659500803	0.1013825216	-0.04466122348	0.08133567476	-0.0435570542	0.2693395272	0.03250193264	0.02510699131	0.004031170521	0.125132306	0.1248928931	-0.04374138547	0.117021432	0.1398062005	-0.04464007653	0.1168438925	-0.02725579112	-0.04444568888	0.1007152517	-0.04287626905	-0.05795340243	-0.07168676769	-0.04668754743	-0.03017965096	-0.04374138547
chr11_2080612_C_T	0.03576832202	0.04186069266	-0.2198514082	-0.2355335038	0.609197565	0.6072808065	-0.2355335038	-0.1239331144	-0.2377498899	-0.2355335038	-0.2355335038	-0.1748226572	0.6035113141	-0.1239331144	0.1993472408	-0.1748226572	-0.06364208558	0.5113626985	0.5824488545	0.5824488545	-0.2387507628	0.5824488545	-0.3953123066	-0.3953123066	-0.1203385892	0.260363039	-0.1097950758	0.8651423131	0.9402182241	-0.4576317892	-0.4576317892	-0.4576317892	0.2641355435	-0.1301350063	0.2641355435	-0.1065896923	-0.1065896923	0.2641355435	0.2641355435	0.2641355435	0.9402182241	0.26635977	-0.1301350063	-0.1301350063	0.26635977	0.9165556614	0.989629847	0.989629847	0.9965353375	-0.118239224	-0.471735591	-0.07249695555	-0.04420767676	-0.1151423812	0.26635977	-0.04420767676	0.3141144727	0.2693798996	-0.1151423812	0.2685876939	0.2641355435	-0.04824534849	1	-0.528285058	1	-0.1213109639	0.2641355435	0.26635977	0.8040716798	0.26635977	0.2655148938	-0.527226218	-0.1142546487	0.2655148938	-0.1213109639	-0.111945911	-0.4754244525	-0.4754244525	0.2655148938	0.2655148938	-0.4375425528	0.2655148938	0.2617232536	0.6961778072	-0.07249695555	-0.1183771484	-0.4754244525	-0.1183771484	0.9965419592	0.8228153707	-0.4754244525	0.8228153707	-0.111945911	0.8205799266	-0.1470606946	-0.111945911	0.786701195	0.9930786487	-0.09058159599	-0.04610523014	0.8194782507	-0.5011951265	-0.004496467149	0.8194782507	0.3141144727	-0.502143028	0.82175344	0.9654571565	-0.502143028	-0.03922405709	-0.09178841945	0.8194782507	-0.02298518241	0.9654571565	0.8155496674	0.9619161732	-0.5035377733	0.9584955492	0.8116818113	-0.0358670874	0.02589712171	0.02589712171	0.8116818113	-0.5110520102	-0.1262149628	0.08316688151	-0.03248239607	-0.5224395062	-0.5232150113	-0.09575650483	-0.02457461822	0.2339112608	-0.02457461822	-0.01743718113	-0.03513058147	0.2289507355	0.9166188891	0.913206567	0.9166188891	-0.03513058147	0.2289507355	0.2289507355	0.2289507355	-0.494304859	-0.08668743752	0.9166188891	0.7898346759	-0.03872684536	0.7876028852	0.9166188891	-0.08052076886	-0.489630751	-0.03896898362	-0.4872878357	0.2339533648	0.2366845013	0.9061359237	0.2366845013	0.2303867705	0.234840099	0.00218243561	0.00218243561	0.00218243561	-0.05299966812	0.1821790839	-0.02234935178	0.2391719811	-0.02611420306	-0.1941857524	0.04035038735	-0.06921161017	0.08343258881	-0.05705833792	-0.05384412805	-0.09058159599	0.007890734961	-0.05199424782	0.2004734302	0.005879254576	0.1108331164	-0.135828229	0.01927552794	-0.1388402138	-0.1156277528	0.4677449484	0.06334279541	0.08834626702	-0.005481590792
chr11_2081637_C_CT	-0.01519661613	-0.02088532069	0.4019404905	0.4625236871	-0.3825862924	-0.383105085	0.4625236871	0.2926476616	0.46231685	0.4625236871	0.4625236871	0.3027489433	-0.3825862924	0.2926476616	0.4390072161	0.3027489433	0.1758009439	-0.3049131265	-0.345247024	-0.345247024	0.4079313519	-0.345247024	0.726268925	0.726268925	0.2786998323	0.6754052243	0.2706782017	-0.4258743123	-0.4532049114	0.833860496	0.833860496	0.833860496	0.6748126363	0.3335331997	0.6748126363	0.2649692576	0.2649692576	0.6748126363	0.6748126363	0.6748126363	-0.4532049114	0.6708428399	0.3335331997	0.3335331997	0.6754052243	-0.4899904793	-0.5176780641	-0.5176780641	-0.5282706623	0.2884609022	0.8590595167	0.1975830091	0.06739179309	0.2829325247	0.6754052243	0.06739179309	-0.116912921	0.646353892	0.2829325247	0.6714416827	0.6793740806	0.1259000497	-0.528285058	1	-0.528285058	0.2939488072	0.6793740806	0.6754052243	-0.2871018251	0.6754052243	0.673751331	0.9979942652	0.2917104724	0.673751331	0.2939488072	0.2606010189	0.8597938978	0.8597938978	0.673751331	0.673751331	0.7607052434	0.673751331	0.674347524	-0.1683933632	0.1975830091	0.2721801938	0.8597938978	0.2721801938	-0.5335801985	-0.324096137	0.8597938978	-0.324096137	0.2606010189	-0.3198629455	0.1850935632	0.2606010189	-0.3032916025	-0.5176874119	0.1387321393	0.2153625088	-0.3155119803	0.7583092671	0.1158528741	-0.3155119803	-0.116912921	0.7604844119	-0.3197794098	-0.5090950522	0.7604844119	0.2113689471	0.1135096794	-0.3155119803	0.2117466638	-0.5090950522	-0.3082413892	-0.5107533247	0.761159237	-0.5107954141	-0.3050323663	0.2219413015	-0.156355275	-0.156355275	-0.3050323663	0.7602440621	0.2042315665	0.03670611694	0.2162535473	0.8592115856	0.8588566066	-0.1518945501	0.193081756	0.5733158342	0.193081756	0.1217598717	0.193081756	0.5717910606	-0.4700925517	-0.470156268	-0.4700925517	0.193081756	0.5717910606	0.5717910606	0.5717910606	0.7466696881	0.08383054915	-0.4700925517	-0.3031669857	0.1991667035	-0.2989536149	-0.4700925517	0.1158528741	0.7450663131	0.1778259513	0.7340342213	0.544720851	0.5508287072	-0.4541548929	0.5508287072	0.5508287072	0.5467475764	0.08980287793	0.08980287793	0.1199905685	-0.1410471646	0.4196437448	0.01589400963	0.4292925246	0.02652991601	0.2706219294	0.08900517463	0.1135096794	-0.05171672816	0.5261678622	0.5272456917	-0.1331972702	0.5380834879	0.5202336813	-0.14073936	0.5354462424	-0.03971931434	0.2892557638	0.4631175951	0.2864170118	0.1471122191	-0.270384003	0.03210968828	-0.01862054549	-0.003707075165
chr11_2081917_A_G	0.03576832202	0.04186069266	-0.2198514082	-0.2355335038	0.609197565	0.6072808065	-0.2355335038	-0.1239331144	-0.2377498899	-0.2355335038	-0.2355335038	-0.1748226572	0.6035113141	-0.1239331144	0.1993472408	-0.1748226572	-0.06364208558	0.5113626985	0.5824488545	0.5824488545	-0.2387507628	0.5824488545	-0.3953123066	-0.3953123066	-0.1203385892	0.260363039	-0.1097950758	0.8651423131	0.9402182241	-0.4576317892	-0.4576317892	-0.4576317892	0.2641355435	-0.1301350063	0.2641355435	-0.1065896923	-0.1065896923	0.2641355435	0.2641355435	0.2641355435	0.9402182241	0.26635977	-0.1301350063	-0.1301350063	0.26635977	0.9165556614	0.989629847	0.989629847	0.9965353375	-0.118239224	-0.471735591	-0.07249695555	-0.04420767676	-0.1151423812	0.26635977	-0.04420767676	0.3141144727	0.2693798996	-0.1151423812	0.2685876939	0.2641355435	-0.04824534849	1	-0.528285058	1	-0.1213109639	0.2641355435	0.26635977	0.8040716798	0.26635977	0.2655148938	-0.527226218	-0.1142546487	0.2655148938	-0.1213109639	-0.111945911	-0.4754244525	-0.4754244525	0.2655148938	0.2655148938	-0.4375425528	0.2655148938	0.2617232536	0.6961778072	-0.07249695555	-0.1183771484	-0.4754244525	-0.1183771484	0.9965419592	0.8228153707	-0.4754244525	0.8228153707	-0.111945911	0.8205799266	-0.1470606946	-0.111945911	0.786701195	0.9930786487	-0.09058159599	-0.04610523014	0.8194782507	-0.5011951265	-0.004496467149	0.8194782507	0.3141144727	-0.502143028	0.82175344	0.9654571565	-0.502143028	-0.03922405709	-0.09178841945	0.8194782507	-0.02298518241	0.9654571565	0.8155496674	0.9619161732	-0.5035377733	0.9584955492	0.8116818113	-0.0358670874	0.02589712171	0.02589712171	0.8116818113	-0.5110520102	-0.1262149628	0.08316688151	-0.03248239607	-0.5224395062	-0.5232150113	-0.09575650483	-0.02457461822	0.2339112608	-0.02457461822	-0.01743718113	-0.03513058147	0.2289507355	0.9166188891	0.913206567	0.9166188891	-0.03513058147	0.2289507355	0.2289507355	0.2289507355	-0.494304859	-0.08668743752	0.9166188891	0.7898346759	-0.03872684536	0.7876028852	0.9166188891	-0.08052076886	-0.489630751	-0.03896898362	-0.4872878357	0.2339533648	0.2366845013	0.9061359237	0.2366845013	0.2303867705	0.234840099	0.00218243561	0.00218243561	0.00218243561	-0.05299966812	0.1821790839	-0.02234935178	0.2391719811	-0.02611420306	-0.1941857524	0.04035038735	-0.06921161017	0.08343258881	-0.05705833792	-0.05384412805	-0.09058159599	0.007890734961	-0.05199424782	0.2004734302	0.005879254576	0.1108331164	-0.135828229	0.01927552794	-0.1388402138	-0.1156277528	0.4677449484	0.06334279541	0.08834626702	-0.005481590792
chr11_2082061_G_A	-0.02579581754	-0.01008408353	-0.1242365163	-0.1204041314	0.1423573035	0.1410661929	-0.1204041314	-0.005443960323	-0.1218145811	-0.1204041314	-0.1204041314	-0.1370295672	0.1423573035	-0.005443960323	-0.02409041032	-0.1370295672	0.5758179553	0.1543714995	0.2162721906	0.2162721906	-0.05541756505	0.2162721906	-0.1440259527	-0.1440259527	0.9320082337	0.2217314162	0.9474414752	-0.05210897226	-0.0615259814	-0.2381788181	-0.2381788181	-0.2381788181	0.2202899434	0.6908910222	0.2202899434	0.939837573	0.939837573	0.2202899434	0.2202899434	0.2202899434	-0.0615259814	0.2217314162	0.6908910222	0.6908910222	0.2217314162	-0.1151913963	-0.1168094483	-0.1168094483	-0.1198116335	0.9925578021	-0.2289710388	-0.01536193256	0.008911042109	0.9850947999	0.2217314162	0.008911042109	-0.02913724331	0.1387819617	0.9850947999	0.2143960796	0.2290659486	-0.09077388813	-0.1213109639	0.2939488072	-0.1213109639	1	0.2290659486	0.23050923	0.4836958471	0.23050923	0.2302621608	0.2956547255	0.992632581	0.2302621608	1	0.9014037218	-0.227536844	-0.227536844	0.2302621608	0.2302621608	-0.2183013418	0.2302621608	0.2317134794	0.440328673	-0.01536193256	0.9168638944	-0.227536844	0.9168638944	-0.1228092056	0.4076725877	-0.227536844	0.4076725877	0.9014037218	0.4062342721	-0.06995044278	0.9014037218	0.4304134427	-0.1183111499	-0.01639424372	0.8454934145	0.4128406069	-0.2505102311	-0.005033124252	0.4128406069	-0.02913724331	-0.2512635106	0.405206513	-0.1286141709	-0.2512635106	0.858857712	-0.007489817347	0.4128406069	0.8325745996	-0.1286141709	0.4136931503	-0.1291846784	-0.2487133275	-0.1380208773	0.4371469104	0.8863461076	-0.06502623377	-0.06502623377	0.4371469104	-0.1944143893	-0.05508815548	0.3211825889	0.8784127888	0.2112105389	0.2055563918	-0.1018060836	0.8014180385	0.2155056425	0.8014180385	-0.01326400466	0.8014180385	0.216731702	-0.03691534426	-0.03849572639	-0.03691534426	0.8014180385	0.216731702	0.216731702	0.216731702	-0.1987259926	-0.03657542593	-0.03691534426	0.4338652228	0.8097453014	0.4414241209	-0.03691534426	-0.08849449235	-0.202104298	0.7891490637	-0.2038086946	0.2029877205	0.2096225501	-0.03533237776	0.2096225501	0.2096225501	0.2032463658	0.4932733378	0.4932733378	0.5126332386	-0.01232625115	-0.009790679787	0.3679252239	0.1770535333	0.3844842532	-0.09558375042	-0.03236455603	0.02555735919	0.1789419848	0.04055549829	0.03943838993	-0.0911341645	0.2097194446	0.03296961839	-0.09300656652	0.2092175503	0.3044940182	0.2222101056	0.2278495794	0.2219360709	-0.05747944776	-0.0469119026	0.451777908	0.292866217	-0.01639424372
chr11_2082423_C_T	0.01364979966	0.01245302736	0.2665756116	0.3218412345	0.09189545774	0.08964961604	0.3218412345	0.2253217809	0.3196908061	0.3218412345	0.3218412345	0.1928157454	0.0869812099	0.2253217809	0.6709664927	0.1928157454	0.1446969468	0.09557501941	0.1111933358	0.1111933358	0.2570473916	0.1111933358	0.4833526811	0.4833526811	0.2125844528	0.9922313102	0.2125844528	0.2639190472	0.2977563533	0.5517112065	0.5517112065	0.5517112065	0.9948184927	0.2664052397	0.9948184927	0.2088696589	0.2088696589	0.9948184927	0.9948184927	0.9948184927	0.2977563533	0.9922313102	0.2664052397	0.2664052397	0.9974138853	0.2355203383	0.2672221738	0.2672221738	0.2611576192	0.2254867417	0.5681466964	0.1617872974	0.03834699117	0.2218832555	0.9974138853	0.03834699117	0.1386626563	0.9670235377	0.2218832555	0.9948370033	1	0.1013191157	0.2641355435	0.6793740806	0.2641355435	0.2290659486	1	0.9974138853	0.3687763844	0.9974138853	0.9948049987	0.6780107798	0.2326216474	0.9948049987	0.2290659486	0.1992785979	0.5657928688	0.5657928688	0.9948049987	0.9948049987	0.4859733349	0.9948049987	0.9922053736	0.4103760735	0.1617872974	0.2068737055	0.5657928688	0.2068737055	0.2551320503	0.3429521495	0.5657928688	0.3429521495	0.1992785979	0.3458288374	0.0831596181	0.1992785979	0.3353736861	0.270192125	0.07930714562	0.2047922752	0.3498191488	0.428240981	0.1277154142	0.3498191488	0.1386626563	0.4298925974	0.3469379179	0.2560810772	0.4298925974	0.2062027855	0.04961307675	0.3498191488	0.2206660249	0.2560810772	0.3546828596	0.2511371503	0.4294537699	0.2481331219	0.3549853729	0.2211135051	-0.1552283758	-0.1552283758	0.3549853729	0.4219201356	0.1229147357	0.1135713824	0.2175777455	0.5244994208	0.5234259702	-0.2552984042	0.198090247	0.8534038216	0.198090247	0.1232415865	0.1889674312	0.8473847253	0.2581777474	0.2551563271	0.2581777474	0.1889674312	0.8473847253	0.8473847253	0.8473847253	0.4209739673	0.02030793317	0.2581777474	0.3382233015	0.1927715287	0.3410806317	0.2581777474	0.06201267491	0.4231921566	0.1683205433	0.4126852356	0.8209581482	0.8302566191	0.2672221738	0.8302566191	0.8248139099	0.8240267231	0.1038964253	0.1038964253	0.1381876996	-0.2060245867	0.6341335408	-0.001260483491	0.6943490981	0.007567511715	0.1395872913	0.1359763037	0.06912470896	0.01335835245	0.5483811187	0.5523832912	-0.2295871682	0.6180476598	0.5460168268	0.01338497231	0.6133135301	0.05066709328	0.2111886481	0.5427303468	0.2053609506	0.06718065227	0.09710196664	0.09121749825	0.05520005135	-0.008948372626
chr11_2082702_C_CA	0.01461753421	0.01338749039	0.2640841831	0.3199153133	0.09461143789	0.09237553248	0.3199153133	0.2198631043	0.3177734097	0.3199153133	0.3199153133	0.1950447603	0.08969617728	0.2198631043	0.6683278591	0.1950447603	0.1455911111	0.09830397005	0.1139552377	0.1139552377	0.2530412034	0.1139552377	0.4785684784	0.4785684784	0.2139509621	0.9896327136	0.2139509621	0.2661303237	0.3001112332	0.5467748825	0.5467748825	0.5467748825	0.9922313102	0.268190142	0.9922313102	0.210224787	0.210224787	0.9922313102	0.9922313102	0.9922313102	0.3001112332	0.9948163568	0.268190142	0.268190142	0.9948163568	0.2376039742	0.2694175675	0.2694175675	0.2633713964	0.2269188956	0.563361708	0.1629347233	0.03895529291	0.223304248	0.9948163568	0.03895529291	0.1393272777	0.9643240906	0.223304248	0.9922280292	0.9974138853	0.1020100656	0.26635977	0.6754052243	0.26635977	0.23050923	0.9974138853	1	0.371590896	1	0.9974128714	0.6785956751	0.2340760234	0.9974128714	0.23050923	0.2005780929	0.5656137888	0.5656137888	0.9974128714	0.9974128714	0.4852681094	0.9974128714	0.9948028516	0.4135181531	0.1629347233	0.2081963493	0.5656137888	0.2081963493	0.25736427	0.3456877631	0.5656137888	0.3456877631	0.2005780929	0.3485756611	0.08413307905	0.2005780929	0.3380720222	0.2723979411	0.07999621857	0.2061998131	0.3525496983	0.4237716554	0.1283949781	0.3525496983	0.1393272777	0.4254419377	0.3496572849	0.2582358144	0.4254419377	0.2075896381	0.05016648062	0.3525496983	0.2220976868	0.2582358144	0.3574400032	0.2532854802	0.4249853613	0.2502710646	0.3577406887	0.2225362796	-0.1547803597	-0.1547803597	0.3577406887	0.4174310518	0.1144535325	0.1142974993	0.2189893709	0.5207213266	0.5196344582	-0.2545995121	0.1994009094	0.8510425775	0.1994009094	0.1239535354	0.1902762135	0.8450078065	0.2603810876	0.2573688675	0.2603810876	0.1902762135	0.8450078065	0.8450078065	0.8450078065	0.4165756846	0.0208350046	0.2603810876	0.340932867	0.1940918552	0.3438013168	0.2603810876	0.06267869831	0.4187929959	0.1696678743	0.4082831487	0.8186025667	0.8279276753	0.2694175675	0.8279276753	0.8224838444	0.821675967	0.1048497337	0.1048497337	0.139148075	-0.2055042262	0.6308303789	-0.0001297823946	0.6917467144	0.008696786454	0.1360281469	0.1365061877	0.06968213394	0.01432156829	0.5448332771	0.54883508	-0.2289617547	0.6149868197	0.5424537373	0.01407428109	0.610249069	0.05193012099	0.212915241	0.5392988647	0.2070896006	0.06808580243	0.09822449805	0.09270056409	0.05649621086	-0.008277488064
chr11_2082990_C_T	0.01590866049	0.0306606705	-0.2671628742	-0.2786164333	0.6243538219	0.6219011761	-0.2786164333	-0.11191677	-0.2814044062	-0.2786164333	-0.2786164333	-0.2353472189	0.6193685061	-0.11191677	0.165793756	-0.2353472189	0.3020620044	0.5407895608	0.6450746511	0.6450746511	-0.2425130171	0.6450746511	-0.4328479886	-0.4328479886	0.4434833767	0.3558183253	0.4619710394	0.727286627	0.7874676771	-0.5438788647	-0.5438788647	-0.5438788647	0.3635199441	0.2928779978	0.3635199441	0.4601737304	0.4601737304	0.3635199441	0.3635199441	0.3635199441	0.7874676771	0.3663333725	0.2928779978	0.2928779978	0.3663333725	0.7345787426	0.7976760484	0.7976760484	0.8019321335	0.4818857908	-0.5507290594	-0.07276149234	-0.03342094573	0.4800843029	0.3663333725	-0.03342094573	0.2579421598	0.3192981483	0.4800843029	0.3638931204	0.3687763844	-0.09666777954	0.8040716798	-0.2871018251	0.8040716798	0.4836958471	0.3687763844	0.371590896	1	0.371590896	0.3707021827	-0.2851517367	0.4943725028	0.3707021827	0.4836958471	0.432172341	-0.5531041814	-0.5531041814	0.3707021827	0.3707021827	-0.5143602641	0.3707021827	0.3629622174	0.8692240339	-0.07276149234	0.4359119965	-0.5531041814	0.4359119965	0.8001425254	0.9601495439	-0.5531041814	0.9601495439	0.432172341	0.9573281718	-0.1708299901	0.432172341	0.9419817241	0.7998002688	-0.08923517698	0.457174281	0.9602889695	-0.5894581919	-0.006956814421	0.9602889695	0.2579421598	-0.5907404283	0.9577110334	0.7694125782	-0.5907404283	0.4711218104	-0.08495987832	0.9602889695	0.4697929256	0.7694125782	0.9573248552	0.7659663775	-0.5904357983	0.7576749146	0.9680716047	0.4908680554	-0.01624302292	-0.01624302292	0.9680716047	-0.5645010967	-0.1436520233	0.2652892471	0.489043662	-0.3315334209	-0.3355999157	-0.1449301105	0.4492139901	0.334155775	0.4492139901	-0.02323228187	0.4399592435	0.3250253011	0.7815180813	0.7775798114	0.7815180813	0.4399592435	0.3250253011	0.3250253011	0.3250253011	-0.5524008004	-0.09790868381	0.7815180813	0.9469520611	0.44184698	0.9495228848	0.7815180813	-0.1235994029	-0.5456168326	0.4294505796	-0.5492930687	0.3211430226	0.3330634496	0.7732754614	0.3330634496	0.3220206103	0.3221083767	0.2973623976	0.2973623976	0.3089581249	-0.05384936497	0.1488669667	0.2007766091	0.3157368962	0.2073939737	-0.2274992389	0.01599151714	-0.04537227406	0.1803263488	-0.03497971177	-0.02822088447	-0.1340010952	0.1276018898	-0.03512075108	0.1200545574	0.1255186656	0.2795493913	0.006912877769	0.1486514803	0.003913540458	-0.1358021604	0.3922153702	0.3261296843	0.2528699194	-0.01462531325
chr11_2083709_C_T	0.01461753421	0.01338749039	0.2640841831	0.3199153133	0.09461143789	0.09237553248	0.3199153133	0.2198631043	0.3177734097	0.3199153133	0.3199153133	0.1950447603	0.08969617728	0.2198631043	0.6683278591	0.1950447603	0.1455911111	0.09830397005	0.1139552377	0.1139552377	0.2530412034	0.1139552377	0.4785684784	0.4785684784	0.2139509621	0.9896327136	0.2139509621	0.2661303237	0.3001112332	0.5467748825	0.5467748825	0.5467748825	0.9922313102	0.268190142	0.9922313102	0.210224787	0.210224787	0.9922313102	0.9922313102	0.9922313102	0.3001112332	0.9948163568	0.268190142	0.268190142	0.9948163568	0.2376039742	0.2694175675	0.2694175675	0.2633713964	0.2269188956	0.563361708	0.1629347233	0.03895529291	0.223304248	0.9948163568	0.03895529291	0.1393272777	0.9643240906	0.223304248	0.9922280292	0.9974138853	0.1020100656	0.26635977	0.6754052243	0.26635977	0.23050923	0.9974138853	1	0.371590896	1	0.9974128714	0.6785956751	0.2340760234	0.9974128714	0.23050923	0.2005780929	0.5656137888	0.5656137888	0.9974128714	0.9974128714	0.4852681094	0.9974128714	0.9948028516	0.4135181531	0.1629347233	0.2081963493	0.5656137888	0.2081963493	0.25736427	0.3456877631	0.5656137888	0.3456877631	0.2005780929	0.3485756611	0.08413307905	0.2005780929	0.3380720222	0.2723979411	0.07999621857	0.2061998131	0.3525496983	0.4237716554	0.1283949781	0.3525496983	0.1393272777	0.4254419377	0.3496572849	0.2582358144	0.4254419377	0.2075896381	0.05016648062	0.3525496983	0.2220976868	0.2582358144	0.3574400032	0.2532854802	0.4249853613	0.2502710646	0.3577406887	0.2225362796	-0.1547803597	-0.1547803597	0.3577406887	0.4174310518	0.1144535325	0.1142974993	0.2189893709	0.5207213266	0.5196344582	-0.2545995121	0.1994009094	0.8510425775	0.1994009094	0.1239535354	0.1902762135	0.8450078065	0.2603810876	0.2573688675	0.2603810876	0.1902762135	0.8450078065	0.8450078065	0.8450078065	0.4165756846	0.0208350046	0.2603810876	0.340932867	0.1940918552	0.3438013168	0.2603810876	0.06267869831	0.4187929959	0.1696678743	0.4082831487	0.8186025667	0.8279276753	0.2694175675	0.8279276753	0.8224838444	0.821675967	0.1048497337	0.1048497337	0.139148075	-0.2055042262	0.6308303789	-0.0001297823946	0.6917467144	0.008696786454	0.1360281469	0.1365061877	0.06968213394	0.01432156829	0.5448332771	0.54883508	-0.2289617547	0.6149868197	0.5424537373	0.01407428109	0.610249069	0.05193012099	0.212915241	0.5392988647	0.2070896006	0.06808580243	0.09822449805	0.09270056409	0.05649621086	-0.008277488064
chr11_2084014_C_T	0.01372108069	0.01251805869	0.2627136403	0.3184862979	0.09731525849	0.09505883343	0.3184862979	0.2193073331	0.3163221165	0.3184862979	0.3184862979	0.1938226543	0.0923753478	0.2193073331	0.6690711693	0.1938226543	0.1454525731	0.09607412461	0.1166153282	0.1166153282	0.2523007112	0.1166153282	0.4766817316	0.4766817316	0.2136945965	0.986993593	0.2136945965	0.2652972669	0.2993112758	0.5451546009	0.5451546009	0.5451546009	0.9895964329	0.2677964425	0.9895964329	0.2099604035	0.2099604035	0.9895964329	0.9895964329	0.9895964329	0.2993112758	0.9922032322	0.2677964425	0.2677964425	0.9922032322	0.2367502562	0.2686176428	0.2686176428	0.2625214183	0.2266642628	0.5618149075	0.1626321717	0.03854724415	0.2230419588	0.9922032322	0.03854724415	0.1393867707	0.9616807096	0.2230419588	0.9896106377	0.9948049987	0.1018482173	0.2655148938	0.673751331	0.2655148938	0.2302621608	0.9948049987	0.9974128714	0.3707021827	0.9974128714	1	0.6769587634	0.2338364279	1	0.2302621608	0.2003192567	0.5640764377	0.5640764377	1	1	0.4838845932	1	0.9973867993	0.4173492305	0.1626321717	0.2079540269	0.5640764377	0.2079540269	0.2624854606	0.3501103608	0.5640764377	0.3501103608	0.2003192567	0.3530020711	0.08359388845	0.2003192567	0.3371250512	0.2716031035	0.07972129787	0.2058617271	0.35164595	0.4211116204	0.1283823607	0.35164595	0.1393867707	0.4227905223	0.3487496729	0.2574183659	0.4227905223	0.2072796033	0.0498721627	0.35164595	0.2218183716	0.2574183659	0.3565350597	0.2524486212	0.4223511081	0.2494289054	0.3568391528	0.2222681887	-0.1560389986	-0.1560389986	0.3568391528	0.4147389156	0.1138941473	0.114164467	0.2187139648	0.5178834001	0.5168170636	-0.2566316058	0.1991247001	0.8469911577	0.1991247001	0.1238851702	0.1899542437	0.846344335	0.2655645444	0.2625214183	0.2655645444	0.1899542437	0.846344335	0.846344335	0.846344335	0.4138801802	0.02041398384	0.2655645444	0.3453275863	0.1937782068	0.34819978	0.2655645444	0.06233651318	0.4160689361	0.1691995351	0.4054863168	0.819743882	0.8291211956	0.2746622308	0.8291211956	0.8236500638	0.8228611898	0.104438986	0.104438986	0.1389093337	-0.2071004739	0.6324995184	-0.0012670659	0.6927178737	0.007607030247	0.1344653626	0.1366863897	0.0694856872	0.0134281115	0.5420832255	0.5460805677	-0.2307861023	0.6115072265	0.539669647	0.01345487038	0.6067105556	0.05093168345	0.2122915027	0.5362108513	0.2064333722	0.06753147838	0.1077426577	0.09169384791	0.05548831321	-0.008995102193
chr11_2084913_T_C	-0.01437053324	-0.02009754761	0.4003454321	0.4615150584	-0.3808271162	-0.3813375798	0.4615150584	0.2882675773	0.4613157929	0.4615150584	0.4615150584	0.3051683547	-0.3808271162	0.2882675773	0.4372688349	0.3051683547	0.1768471138	-0.3030176233	-0.3433905104	-0.3433905104	0.4050123379	-0.3433905104	0.7231375215	0.7231375215	0.2803164142	0.6740259154	0.2722818165	-0.424661299	-0.4519156298	0.8307564922	0.8307564922	0.8307564922	0.6734419618	0.3355974872	0.6734419618	0.2665542852	0.2665542852	0.6734419618	0.6734419618	0.6734419618	-0.4519156298	0.6740259154	0.3355974872	0.3355974872	0.6740259154	-0.4889884769	-0.5166280566	-0.5166280566	-0.5272204698	0.2901487897	0.8561266752	0.1988845542	0.06803002945	0.2846022904	0.6740259154	0.06803002945	-0.1165411946	0.6448432934	0.2846022904	0.6700463447	0.6780107798	0.126694286	-0.527226218	0.9979942652	-0.527226218	0.2956547255	0.6780107798	0.6785956751	-0.2851517367	0.6785956751	0.6769587634	1	0.2934219071	0.6769587634	0.2956547255	0.262131683	0.8609231154	0.8609231154	0.6769587634	0.6769587634	0.7612249472	0.6769587634	0.6775472289	-0.1659701616	0.1988845542	0.2737486034	0.8609231154	0.2737486034	-0.5325212359	-0.3222707137	0.8609231154	-0.3222707137	0.262131683	-0.3180213191	0.1862358411	0.262131683	-0.3014640339	-0.5166287708	0.1395494636	0.2169142895	-0.3136783924	0.7555172577	0.1166160355	-0.3136783924	-0.1165411946	0.757712074	-0.3179620551	-0.5080649874	0.757712074	0.2128957802	0.1141720234	-0.3136783924	0.2133109824	-0.5080649874	-0.3063734872	-0.5097306909	0.7583724228	-0.5097814597	-0.3031609431	0.2235141838	-0.1561848672	-0.1561848672	-0.3031609431	0.7574389105	0.197080214	0.03738494469	0.2178080488	0.8571745705	0.856807384	-0.151477585	0.1945133339	0.5720059606	0.1945133339	0.1225619445	0.1945133339	0.5704659973	-0.4689569721	-0.4690121318	-0.4689569721	0.1945133339	0.5704659973	0.5704659973	0.5704659973	0.7439228129	0.08442702619	-0.4689569721	-0.3013298339	0.2006176038	-0.2971003684	-0.4689569721	0.1166160355	0.7423156688	0.1792706023	0.7312650725	0.5433756396	0.5495151629	-0.4530021981	0.5495151629	0.5495151629	0.5454093376	0.09076958194	0.09076958194	0.1210060718	-0.1407790051	0.4172949235	0.0169167273	0.4275661479	0.02756696563	0.2678963924	0.08959148135	0.1141720234	-0.0509536118	0.5237911171	0.524869636	-0.1328195283	0.5361426751	0.5178343309	-0.1403616254	0.5334988343	-0.03867927607	0.2912071033	0.4607425333	0.2883666346	0.148135781	-0.2698491355	0.03345245279	-0.01751801585	-0.003120008333
chr11_2085855_C_T	-0.02729221831	-0.01160363913	-0.1281314027	-0.1248856654	0.153662374	0.1523640555	-0.1248856654	-0.008196889122	-0.1263083814	-0.1248856654	-0.1248856654	-0.140030995	0.153662374	-0.008196889122	-0.01929084271	-0.140030995	0.5930186411	0.1586395331	0.226805344	0.226805344	-0.05850848947	0.226805344	-0.1504902667	-0.1504902667	0.9251054363	0.2166084409	0.9404612768	-0.04509567286	-0.0551646793	-0.244297661	-0.244297661	-0.244297661	0.2238896557	0.6845112263	0.2238896557	0.9329133958	0.9329133958	0.2238896557	0.2238896557	0.2238896557	-0.0551646793	0.2253422322	0.6845112263	0.6845112263	0.2253422322	-0.1073960941	-0.1096962447	-0.1096962447	-0.1127364973	0.9852452129	-0.2351523255	-0.01716198092	0.007854754233	0.9778371937	0.2253422322	0.007854754233	-0.0300627699	0.1429699541	0.9778371937	0.2180620734	0.2326216474	-0.09144762108	-0.1142546487	0.2917104724	-0.1142546487	0.992632581	0.2326216474	0.2340760234	0.4943725028	0.2340760234	0.2338364279	0.2934219071	1	0.2338364279	0.992632581	0.8947627029	-0.2337284164	-0.2337284164	0.2338364279	0.2338364279	-0.2236058266	0.2338364279	0.2265194876	0.4410663558	-0.01716198092	0.9101089739	-0.2337284164	0.9101089739	-0.1157715717	0.4101359963	-0.2337284164	0.4101359963	0.8947627029	0.4086870053	-0.07121091109	0.8947627029	0.4330325386	-0.1112170514	-0.01744548701	0.838952673	0.4153392342	-0.2572761923	-0.006108515506	0.4153392342	-0.0300627699	-0.2580252866	0.4077615678	-0.1211537318	-0.2580252866	0.8522852877	-0.008367443477	0.4153392342	0.8260635148	-0.1211537318	0.4161949452	-0.1217985629	-0.2554552826	-0.1305624053	0.439384669	0.879580477	-0.06550886503	-0.06550886503	0.439384669	-0.2014621911	-0.05671193604	0.3183878105	0.8717045025	0.2088573158	0.2032644221	-0.1025616986	0.7952592403	0.2186995673	0.7952592403	-0.01435423439	0.7952592403	0.2107809909	-0.03022946277	-0.0318284065	-0.03022946277	0.7952592403	0.2107809909	0.2107809909	0.2107809909	-0.205750626	-0.03727299048	-0.03022946277	0.4361905094	0.8035266107	0.4436936581	-0.03022946277	-0.08915130739	-0.2013551115	0.782979678	-0.2109079899	0.1970006717	0.2127835204	-0.02862779865	0.2127835204	0.2036113454	0.1973057898	0.4892293395	0.4892293395	0.5084921463	-0.01321271328	-0.0122470255	0.3641744742	0.1807913646	0.3806559251	-0.09886799181	-0.03304781408	0.02451399456	0.1764262934	0.03116104587	0.03770955648	-0.09181057145	0.2058515641	0.02357615211	-0.09369687063	0.2053249427	0.3008564664	0.2182599137	0.2248363474	0.2179817638	-0.05869291398	-0.03154556588	0.4470450403	0.2892327321	-0.01744548701
chr11_2086132_G_A	0.01372108069	0.01251805869	0.2627136403	0.3184862979	0.09731525849	0.09505883343	0.3184862979	0.2193073331	0.3163221165	0.3184862979	0.3184862979	0.1938226543	0.0923753478	0.2193073331	0.6690711693	0.1938226543	0.1454525731	0.09607412461	0.1166153282	0.1166153282	0.2523007112	0.1166153282	0.4766817316	0.4766817316	0.2136945965	0.986993593	0.2136945965	0.2652972669	0.2993112758	0.5451546009	0.5451546009	0.5451546009	0.9895964329	0.2677964425	0.9895964329	0.2099604035	0.2099604035	0.9895964329	0.9895964329	0.9895964329	0.2993112758	0.9922032322	0.2677964425	0.2677964425	0.9922032322	0.2367502562	0.2686176428	0.2686176428	0.2625214183	0.2266642628	0.5618149075	0.1626321717	0.03854724415	0.2230419588	0.9922032322	0.03854724415	0.1393867707	0.9616807096	0.2230419588	0.9896106377	0.9948049987	0.1018482173	0.2655148938	0.673751331	0.2655148938	0.2302621608	0.9948049987	0.9974128714	0.3707021827	0.9974128714	1	0.6769587634	0.2338364279	1	0.2302621608	0.2003192567	0.5640764377	0.5640764377	1	1	0.4838845932	1	0.9973867993	0.4173492305	0.1626321717	0.2079540269	0.5640764377	0.2079540269	0.2624854606	0.3501103608	0.5640764377	0.3501103608	0.2003192567	0.3530020711	0.08359388845	0.2003192567	0.3371250512	0.2716031035	0.07972129787	0.2058617271	0.35164595	0.4211116204	0.1283823607	0.35164595	0.1393867707	0.4227905223	0.3487496729	0.2574183659	0.4227905223	0.2072796033	0.0498721627	0.35164595	0.2218183716	0.2574183659	0.3565350597	0.2524486212	0.4223511081	0.2494289054	0.3568391528	0.2222681887	-0.1560389986	-0.1560389986	0.3568391528	0.4147389156	0.1138941473	0.114164467	0.2187139648	0.5178834001	0.5168170636	-0.2566316058	0.1991247001	0.8469911577	0.1991247001	0.1238851702	0.1899542437	0.846344335	0.2655645444	0.2625214183	0.2655645444	0.1899542437	0.846344335	0.846344335	0.846344335	0.4138801802	0.02041398384	0.2655645444	0.3453275863	0.1937782068	0.34819978	0.2655645444	0.06233651318	0.4160689361	0.1691995351	0.4054863168	0.819743882	0.8291211956	0.2746622308	0.8291211956	0.8236500638	0.8228611898	0.104438986	0.104438986	0.1389093337	-0.2071004739	0.6324995184	-0.0012670659	0.6927178737	0.007607030247	0.1344653626	0.1366863897	0.0694856872	0.0134281115	0.5420832255	0.5460805677	-0.2307861023	0.6115072265	0.539669647	0.01345487038	0.6067105556	0.05093168345	0.2122915027	0.5362108513	0.2064333722	0.06753147838	0.1077426577	0.09169384791	0.05548831321	-0.008995102193
chr11_2086270_C_T	-0.02579581754	-0.01008408353	-0.1242365163	-0.1204041314	0.1423573035	0.1410661929	-0.1204041314	-0.005443960323	-0.1218145811	-0.1204041314	-0.1204041314	-0.1370295672	0.1423573035	-0.005443960323	-0.02409041032	-0.1370295672	0.5758179553	0.1543714995	0.2162721906	0.2162721906	-0.05541756505	0.2162721906	-0.1440259527	-0.1440259527	0.9320082337	0.2217314162	0.9474414752	-0.05210897226	-0.0615259814	-0.2381788181	-0.2381788181	-0.2381788181	0.2202899434	0.6908910222	0.2202899434	0.939837573	0.939837573	0.2202899434	0.2202899434	0.2202899434	-0.0615259814	0.2217314162	0.6908910222	0.6908910222	0.2217314162	-0.1151913963	-0.1168094483	-0.1168094483	-0.1198116335	0.9925578021	-0.2289710388	-0.01536193256	0.008911042109	0.9850947999	0.2217314162	0.008911042109	-0.02913724331	0.1387819617	0.9850947999	0.2143960796	0.2290659486	-0.09077388813	-0.1213109639	0.2939488072	-0.1213109639	1	0.2290659486	0.23050923	0.4836958471	0.23050923	0.2302621608	0.2956547255	0.992632581	0.2302621608	1	0.9014037218	-0.227536844	-0.227536844	0.2302621608	0.2302621608	-0.2183013418	0.2302621608	0.2317134794	0.440328673	-0.01536193256	0.9168638944	-0.227536844	0.9168638944	-0.1228092056	0.4076725877	-0.227536844	0.4076725877	0.9014037218	0.4062342721	-0.06995044278	0.9014037218	0.4304134427	-0.1183111499	-0.01639424372	0.8454934145	0.4128406069	-0.2505102311	-0.005033124252	0.4128406069	-0.02913724331	-0.2512635106	0.405206513	-0.1286141709	-0.2512635106	0.858857712	-0.007489817347	0.4128406069	0.8325745996	-0.1286141709	0.4136931503	-0.1291846784	-0.2487133275	-0.1380208773	0.4371469104	0.8863461076	-0.06502623377	-0.06502623377	0.4371469104	-0.1944143893	-0.05508815548	0.3211825889	0.8784127888	0.2112105389	0.2055563918	-0.1018060836	0.8014180385	0.2155056425	0.8014180385	-0.01326400466	0.8014180385	0.216731702	-0.03691534426	-0.03849572639	-0.03691534426	0.8014180385	0.216731702	0.216731702	0.216731702	-0.1987259926	-0.03657542593	-0.03691534426	0.4338652228	0.8097453014	0.4414241209	-0.03691534426	-0.08849449235	-0.202104298	0.7891490637	-0.2038086946	0.2029877205	0.2096225501	-0.03533237776	0.2096225501	0.2096225501	0.2032463658	0.4932733378	0.4932733378	0.5126332386	-0.01232625115	-0.009790679787	0.3679252239	0.1770535333	0.3844842532	-0.09558375042	-0.03236455603	0.02555735919	0.1789419848	0.04055549829	0.03943838993	-0.0911341645	0.2097194446	0.03296961839	-0.09300656652	0.2092175503	0.3044940182	0.2222101056	0.2278495794	0.2219360709	-0.05747944776	-0.0469119026	0.451777908	0.292866217	-0.01639424372
chr11_2086561_C_G	-0.004901750682	-0.05128499517	-0.1082951	-0.103738416	0.1633712963	0.1622156065	-0.103738416	-0.01892622085	-0.1050073984	-0.103738416	-0.103738416	-0.1063464804	0.1633712963	-0.01892622085	0.02577285253	-0.1063464804	0.6402338947	0.1056363478	0.1484163691	0.1484163691	-0.04539864251	0.1484163691	-0.120654218	-0.120654218	0.8351324377	0.2005780929	0.851743281	-0.04992037668	-0.05478927842	-0.2134116389	-0.2134116389	-0.2134116389	0.1992785979	0.612475115	0.1992785979	0.8588675549	0.8588675549	0.1992785979	0.1992785979	0.1992785979	-0.05478927842	0.2005780929	0.612475115	0.612475115	0.2005780929	-0.110312038	-0.1078958874	-0.1078958874	-0.1105969187	0.9081624465	-0.2108219025	-0.02661408886	-0.00856107693	0.9150426151	0.2005780929	-0.00856107693	-0.01629037696	0.2126196432	0.9150426151	0.1924305813	0.1992785979	-0.08182392061	-0.111945911	0.2606010189	-0.111945911	0.9014037218	0.1992785979	0.2005780929	0.432172341	0.2005780929	0.2003192567	0.262131683	0.8947627029	0.2003192567	0.9014037218	1	-0.2095497862	-0.2095497862	0.2003192567	0.2003192567	-0.1953093606	0.2003192567	0.2016259729	0.3887020279	-0.02661408886	0.9831379851	-0.2095497862	0.9831379851	-0.1132939649	0.4629870502	-0.2095497862	0.4629870502	1	0.4616905472	-0.05262923806	1	0.4857101193	-0.1092469302	-0.001705877743	0.9106685371	0.4681785865	-0.2332415785	0.01006045205	0.4681785865	-0.01629037696	-0.2339057822	0.4694979052	-0.1110318008	-0.2339057822	0.9242319868	0.004808502203	0.4681785865	0.8975684514	-0.1110318008	0.4596412936	-0.1115868831	-0.231605685	-0.1102311854	0.3985231509	0.7864455423	-0.05861488914	-0.05861488914	0.3985231509	-0.1815214989	-0.06761744274	0.3343301174	0.7921912881	0.2624879365	0.2559166853	-0.09176838266	0.8760250538	0.1915472997	0.8760250538	0.001990689473	0.8760250538	0.1926370549	-0.1201977484	-0.1215369875	-0.1201977484	0.8760250538	0.1926370549	0.1926370549	0.1926370549	-0.1853462218	-0.02697723633	-0.1201977484	0.4036722946	0.8688027916	0.4023784991	-0.1201977484	-0.07976926477	-0.1884188678	0.8479409637	-0.1899691466	0.1786090718	0.1763042531	-0.1188576389	0.1763042531	0.1763042531	0.1788681664	0.5529914382	0.5529914382	0.5529914382	6.838546644e-05	-0.05602296343	0.4057984507	0.1636485993	0.4230183448	-0.0923931881	-0.02294322586	0.04037727585	0.2153525092	-0.01816685689	-0.01932751227	-0.08214867507	0.1767527884	-0.01824010624	-0.08383646522	0.176252799	0.3574059481	0.2535396535	0.1952067944	0.2526228848	-0.04074716648	-0.02436886876	0.3638569898	0.3456537855	-0.02852014352
chr11_2087220_T_C	-9.203930688e-05	-0.01426563563	0.4753657247	0.5358522835	-0.469100765	-0.4689290304	0.5358522835	0.297550428	0.5364067277	0.5358522835	0.5358522835	0.3848964265	-0.469100765	0.297550428	0.4549989237	0.3848964265	-0.1357143332	-0.3926116847	-0.4699488046	-0.4699488046	0.4430618281	-0.4699488046	0.815566431	0.815566431	-0.2072017989	0.5702615554	-0.2235452998	-0.4079123032	-0.4302735588	0.9749429446	0.9749429446	0.9749429446	0.5657928688	-0.02294266302	0.5657928688	-0.2253539278	-0.2253539278	0.5657928688	0.5657928688	0.5657928688	-0.4302735588	0.5656137888	-0.02294266302	-0.02294266302	0.5656137888	-0.4401838257	-0.467071174	-0.467071174	-0.4762265043	-0.2292055123	0.9958794296	0.2114124691	0.06501134048	-0.2309044468	0.5656137888	0.06501134048	-0.1025324058	0.5797681702	-0.2309044468	0.5654404887	0.5657928688	0.1775216747	-0.4754244525	0.8597938978	-0.4754244525	-0.227536844	0.5657928688	0.5656137888	-0.5531041814	0.5656137888	0.5640764377	0.8609231154	-0.2337284164	0.5640764377	-0.227536844	-0.2095497862	1	1	0.5640764377	0.5640764377	0.8932131301	0.5640764377	0.5685687249	-0.4035207944	0.2114124691	-0.2059012199	1	-0.2059012199	-0.4800026134	-0.5460295645	1	-0.5460295645	-0.2095497862	-0.540936538	0.2273104698	-0.2095497862	-0.537052313	-0.4662625893	0.1512153836	-0.2258392363	-0.5400595205	0.9053260008	0.1218574033	-0.5400595205	-0.1025324058	0.9079569205	-0.5403837822	-0.4522647248	0.9079569205	-0.237021415	0.1205737804	-0.5400595205	-0.2226449698	-0.4522647248	-0.5330852931	-0.4536157096	0.9072608906	-0.4490035864	-0.5421585329	-0.2407471361	-0.1239898436	-0.1239898436	-0.5421585329	0.8775785274	0.2306241972	-0.1314098588	-0.2423594048	0.7606614368	0.7632642917	-0.09948420386	-0.2253707237	0.4653872818	-0.2253707237	0.132292845	-0.2253707237	0.4680349736	-0.4608753039	-0.4600805127	-0.4608753039	-0.2253707237	0.4680349736	0.4680349736	0.4680349736	0.8661138363	0.1057033787	-0.4608753039	-0.538596365	-0.2235618088	-0.5382875704	-0.4608753039	0.1660493816	0.8621401448	-0.2343389716	0.8559845632	0.4478154989	0.4456608387	-0.445500518	0.4456608387	0.4505418952	0.4497215413	-0.1680288082	-0.1680288082	-0.1475270519	-0.1361508731	0.4309356211	-0.1765932641	0.3386550399	-0.1745319777	0.3250829551	0.1087075263	0.1030756236	-0.1457102624	0.5161497314	0.5137618113	-0.08622895963	0.4357489828	0.5141276316	-0.09289599097	0.4333402574	-0.1994430508	0.1800290817	0.3489588159	0.1772881455	0.1818984657	-0.2576682692	-0.2038755963	-0.1717348864	0.006110507176
chr11_2087412_A_T	-9.203930688e-05	-0.01426563563	0.4753657247	0.5358522835	-0.469100765	-0.4689290304	0.5358522835	0.297550428	0.5364067277	0.5358522835	0.5358522835	0.3848964265	-0.469100765	0.297550428	0.4549989237	0.3848964265	-0.1357143332	-0.3926116847	-0.4699488046	-0.4699488046	0.4430618281	-0.4699488046	0.815566431	0.815566431	-0.2072017989	0.5702615554	-0.2235452998	-0.4079123032	-0.4302735588	0.9749429446	0.9749429446	0.9749429446	0.5657928688	-0.02294266302	0.5657928688	-0.2253539278	-0.2253539278	0.5657928688	0.5657928688	0.5657928688	-0.4302735588	0.5656137888	-0.02294266302	-0.02294266302	0.5656137888	-0.4401838257	-0.467071174	-0.467071174	-0.4762265043	-0.2292055123	0.9958794296	0.2114124691	0.06501134048	-0.2309044468	0.5656137888	0.06501134048	-0.1025324058	0.5797681702	-0.2309044468	0.5654404887	0.5657928688	0.1775216747	-0.4754244525	0.8597938978	-0.4754244525	-0.227536844	0.5657928688	0.5656137888	-0.5531041814	0.5656137888	0.5640764377	0.8609231154	-0.2337284164	0.5640764377	-0.227536844	-0.2095497862	1	1	0.5640764377	0.5640764377	0.8932131301	0.5640764377	0.5685687249	-0.4035207944	0.2114124691	-0.2059012199	1	-0.2059012199	-0.4800026134	-0.5460295645	1	-0.5460295645	-0.2095497862	-0.540936538	0.2273104698	-0.2095497862	-0.537052313	-0.4662625893	0.1512153836	-0.2258392363	-0.5400595205	0.9053260008	0.1218574033	-0.5400595205	-0.1025324058	0.9079569205	-0.5403837822	-0.4522647248	0.9079569205	-0.237021415	0.1205737804	-0.5400595205	-0.2226449698	-0.4522647248	-0.5330852931	-0.4536157096	0.9072608906	-0.4490035864	-0.5421585329	-0.2407471361	-0.1239898436	-0.1239898436	-0.5421585329	0.8775785274	0.2306241972	-0.1314098588	-0.2423594048	0.7606614368	0.7632642917	-0.09948420386	-0.2253707237	0.4653872818	-0.2253707237	0.132292845	-0.2253707237	0.4680349736	-0.4608753039	-0.4600805127	-0.4608753039	-0.2253707237	0.4680349736	0.4680349736	0.4680349736	0.8661138363	0.1057033787	-0.4608753039	-0.538596365	-0.2235618088	-0.5382875704	-0.4608753039	0.1660493816	0.8621401448	-0.2343389716	0.8559845632	0.4478154989	0.4456608387	-0.445500518	0.4456608387	0.4505418952	0.4497215413	-0.1680288082	-0.1680288082	-0.1475270519	-0.1361508731	0.4309356211	-0.1765932641	0.3386550399	-0.1745319777	0.3250829551	0.1087075263	0.1030756236	-0.1457102624	0.5161497314	0.5137618113	-0.08622895963	0.4357489828	0.5141276316	-0.09289599097	0.4333402574	-0.1994430508	0.1800290817	0.3489588159	0.1772881455	0.1818984657	-0.2576682692	-0.2038755963	-0.1717348864	0.006110507176
chr11_2087727_T_G	0.01372108069	0.01251805869	0.2627136403	0.3184862979	0.09731525849	0.09505883343	0.3184862979	0.2193073331	0.3163221165	0.3184862979	0.3184862979	0.1938226543	0.0923753478	0.2193073331	0.6690711693	0.1938226543	0.1454525731	0.09607412461	0.1166153282	0.1166153282	0.2523007112	0.1166153282	0.4766817316	0.4766817316	0.2136945965	0.986993593	0.2136945965	0.2652972669	0.2993112758	0.5451546009	0.5451546009	0.5451546009	0.9895964329	0.2677964425	0.9895964329	0.2099604035	0.2099604035	0.9895964329	0.9895964329	0.9895964329	0.2993112758	0.9922032322	0.2677964425	0.2677964425	0.9922032322	0.2367502562	0.2686176428	0.2686176428	0.2625214183	0.2266642628	0.5618149075	0.1626321717	0.03854724415	0.2230419588	0.9922032322	0.03854724415	0.1393867707	0.9616807096	0.2230419588	0.9896106377	0.9948049987	0.1018482173	0.2655148938	0.673751331	0.2655148938	0.2302621608	0.9948049987	0.9974128714	0.3707021827	0.9974128714	1	0.6769587634	0.2338364279	1	0.2302621608	0.2003192567	0.5640764377	0.5640764377	1	1	0.4838845932	1	0.9973867993	0.4173492305	0.1626321717	0.2079540269	0.5640764377	0.2079540269	0.2624854606	0.3501103608	0.5640764377	0.3501103608	0.2003192567	0.3530020711	0.08359388845	0.2003192567	0.3371250512	0.2716031035	0.07972129787	0.2058617271	0.35164595	0.4211116204	0.1283823607	0.35164595	0.1393867707	0.4227905223	0.3487496729	0.2574183659	0.4227905223	0.2072796033	0.0498721627	0.35164595	0.2218183716	0.2574183659	0.3565350597	0.2524486212	0.4223511081	0.2494289054	0.3568391528	0.2222681887	-0.1560389986	-0.1560389986	0.3568391528	0.4147389156	0.1138941473	0.114164467	0.2187139648	0.5178834001	0.5168170636	-0.2566316058	0.1991247001	0.8469911577	0.1991247001	0.1238851702	0.1899542437	0.846344335	0.2655645444	0.2625214183	0.2655645444	0.1899542437	0.846344335	0.846344335	0.846344335	0.4138801802	0.02041398384	0.2655645444	0.3453275863	0.1937782068	0.34819978	0.2655645444	0.06233651318	0.4160689361	0.1691995351	0.4054863168	0.819743882	0.8291211956	0.2746622308	0.8291211956	0.8236500638	0.8228611898	0.104438986	0.104438986	0.1389093337	-0.2071004739	0.6324995184	-0.0012670659	0.6927178737	0.007607030247	0.1344653626	0.1366863897	0.0694856872	0.0134281115	0.5420832255	0.5460805677	-0.2307861023	0.6115072265	0.539669647	0.01345487038	0.6067105556	0.05093168345	0.2122915027	0.5362108513	0.2064333722	0.06753147838	0.1077426577	0.09169384791	0.05548831321	-0.008995102193
chr11_2087911_T_C	0.01372108069	0.01251805869	0.2627136403	0.3184862979	0.09731525849	0.09505883343	0.3184862979	0.2193073331	0.3163221165	0.3184862979	0.3184862979	0.1938226543	0.0923753478	0.2193073331	0.6690711693	0.1938226543	0.1454525731	0.09607412461	0.1166153282	0.1166153282	0.2523007112	0.1166153282	0.4766817316	0.4766817316	0.2136945965	0.986993593	0.2136945965	0.2652972669	0.2993112758	0.5451546009	0.5451546009	0.5451546009	0.9895964329	0.2677964425	0.9895964329	0.2099604035	0.2099604035	0.9895964329	0.9895964329	0.9895964329	0.2993112758	0.9922032322	0.2677964425	0.2677964425	0.9922032322	0.2367502562	0.2686176428	0.2686176428	0.2625214183	0.2266642628	0.5618149075	0.1626321717	0.03854724415	0.2230419588	0.9922032322	0.03854724415	0.1393867707	0.9616807096	0.2230419588	0.9896106377	0.9948049987	0.1018482173	0.2655148938	0.673751331	0.2655148938	0.2302621608	0.9948049987	0.9974128714	0.3707021827	0.9974128714	1	0.6769587634	0.2338364279	1	0.2302621608	0.2003192567	0.5640764377	0.5640764377	1	1	0.4838845932	1	0.9973867993	0.4173492305	0.1626321717	0.2079540269	0.5640764377	0.2079540269	0.2624854606	0.3501103608	0.5640764377	0.3501103608	0.2003192567	0.3530020711	0.08359388845	0.2003192567	0.3371250512	0.2716031035	0.07972129787	0.2058617271	0.35164595	0.4211116204	0.1283823607	0.35164595	0.1393867707	0.4227905223	0.3487496729	0.2574183659	0.4227905223	0.2072796033	0.0498721627	0.35164595	0.2218183716	0.2574183659	0.3565350597	0.2524486212	0.4223511081	0.2494289054	0.3568391528	0.2222681887	-0.1560389986	-0.1560389986	0.3568391528	0.4147389156	0.1138941473	0.114164467	0.2187139648	0.5178834001	0.5168170636	-0.2566316058	0.1991247001	0.8469911577	0.1991247001	0.1238851702	0.1899542437	0.846344335	0.2655645444	0.2625214183	0.2655645444	0.1899542437	0.846344335	0.846344335	0.846344335	0.4138801802	0.02041398384	0.2655645444	0.3453275863	0.1937782068	0.34819978	0.2655645444	0.06233651318	0.4160689361	0.1691995351	0.4054863168	0.819743882	0.8291211956	0.2746622308	0.8291211956	0.8236500638	0.8228611898	0.104438986	0.104438986	0.1389093337	-0.2071004739	0.6324995184	-0.0012670659	0.6927178737	0.007607030247	0.1344653626	0.1366863897	0.0694856872	0.0134281115	0.5420832255	0.5460805677	-0.2307861023	0.6115072265	0.539669647	0.01345487038	0.6067105556	0.05093168345	0.2122915027	0.5362108513	0.2064333722	0.06753147838	0.1077426577	0.09169384791	0.05548831321	-0.008995102193
chr11_2088229_C_T	0.002042031745	0.02206248261	0.4463386635	0.342672058	-0.4090722861	-0.4084032229	0.342672058	0.07812230858	0.3436226258	0.342672058	0.342672058	0.3384443815	-0.4090722861	0.07812230858	0.3650411496	0.3384443815	-0.1141471529	-0.3503433294	-0.4148142216	-0.4148142216	0.5006136993	-0.4148142216	0.6867882167	0.6867882167	-0.2041972376	0.4852681094	-0.2203849776	-0.3788731645	-0.3957453034	0.868784425	0.868784425	0.868784425	0.4813708121	-0.3320706637	0.4813708121	-0.223076735	-0.223076735	0.4813708121	0.4813708121	0.4813708121	-0.3957453034	0.4806646381	-0.3320706637	-0.3320706637	0.4852681094	-0.40772974	-0.4309544391	-0.4309544391	-0.4388981937	-0.2207902305	0.8904987009	-0.250634033	-0.1897251424	-0.2233174006	0.4852681094	-0.1897251424	-0.08487709941	0.5035498421	-0.2233174006	0.4845676095	0.4859733349	0.2091538856	-0.4375425528	0.7607052434	-0.4375425528	-0.2183013418	0.4859733349	0.4852681094	-0.5143602641	0.4852681094	0.4838845932	0.7612249472	-0.2236058266	0.4838845932	-0.2183013418	-0.1953093606	0.8932131301	0.8932131301	0.4838845932	0.4838845932	1	0.4838845932	0.4878032955	-0.5890671771	-0.250634033	-0.1900013909	0.8932131301	-0.1900013909	-0.4415164334	-0.5031475801	0.8932131301	-0.5031475801	-0.1953093606	-0.4975750712	0.2414462813	-0.1953093606	-0.4982412451	-0.4295910823	0.1701649335	-0.2021071048	-0.498086078	0.8190059671	-0.1532123352	-0.498086078	-0.08487709941	0.8222263796	-0.498937013	-0.4198453681	0.8222263796	-0.2146989155	0.1464381997	-0.498086078	-0.1974524917	-0.4198453681	-0.4904385953	-0.4208148981	0.8206316685	-0.4168179954	-0.5026593998	-0.2224783018	-0.09893633519	-0.09893633519	-0.5026593998	0.7867586445	0.2845100925	-0.1088579837	-0.2248395269	0.6841408548	0.6858940135	-0.07315123731	-0.200588019	0.4020070652	-0.200588019	-0.1554481149	-0.200588019	0.4042941727	-0.4349270244	-0.4335674893	-0.4349270244	-0.200588019	0.4042941727	0.4042941727	0.4042941727	0.7785002115	0.09476575612	-0.4349270244	-0.5012325054	-0.1980290437	-0.5004018628	-0.4349270244	0.1969541378	0.7710086559	-0.2064438791	0.7693196184	0.3860431881	0.3847638585	-0.4202719001	0.3847638585	0.3895983964	0.3877349545	-0.1505416243	-0.1505416243	-0.1403884415	-0.1236238508	0.4789311049	-0.1352290219	0.4172271557	-0.1338611413	0.3968843114	0.1326301862	0.129106808	-0.1251583118	0.555844977	0.5540570287	-0.07808209282	0.4974556266	0.5540220353	-0.08574727535	0.4958071838	-0.166333496	0.2123083555	0.4793658426	0.2147769297	0.2023721835	-0.245154324	-0.1986954528	-0.144464027	-0.1956727895
chr11_2089861_A_G	0.01372108069	0.01251805869	0.2627136403	0.3184862979	0.09731525849	0.09505883343	0.3184862979	0.2193073331	0.3163221165	0.3184862979	0.3184862979	0.1938226543	0.0923753478	0.2193073331	0.6690711693	0.1938226543	0.1454525731	0.09607412461	0.1166153282	0.1166153282	0.2523007112	0.1166153282	0.4766817316	0.4766817316	0.2136945965	0.986993593	0.2136945965	0.2652972669	0.2993112758	0.5451546009	0.5451546009	0.5451546009	0.9895964329	0.2677964425	0.9895964329	0.2099604035	0.2099604035	0.9895964329	0.9895964329	0.9895964329	0.2993112758	0.9922032322	0.2677964425	0.2677964425	0.9922032322	0.2367502562	0.2686176428	0.2686176428	0.2625214183	0.2266642628	0.5618149075	0.1626321717	0.03854724415	0.2230419588	0.9922032322	0.03854724415	0.1393867707	0.9616807096	0.2230419588	0.9896106377	0.9948049987	0.1018482173	0.2655148938	0.673751331	0.2655148938	0.2302621608	0.9948049987	0.9974128714	0.3707021827	0.9974128714	1	0.6769587634	0.2338364279	1	0.2302621608	0.2003192567	0.5640764377	0.5640764377	1	1	0.4838845932	1	0.9973867993	0.4173492305	0.1626321717	0.2079540269	0.5640764377	0.2079540269	0.2624854606	0.3501103608	0.5640764377	0.3501103608	0.2003192567	0.3530020711	0.08359388845	0.2003192567	0.3371250512	0.2716031035	0.07972129787	0.2058617271	0.35164595	0.4211116204	0.1283823607	0.35164595	0.1393867707	0.4227905223	0.3487496729	0.2574183659	0.4227905223	0.2072796033	0.0498721627	0.35164595	0.2218183716	0.2574183659	0.3565350597	0.2524486212	0.4223511081	0.2494289054	0.3568391528	0.2222681887	-0.1560389986	-0.1560389986	0.3568391528	0.4147389156	0.1138941473	0.114164467	0.2187139648	0.5178834001	0.5168170636	-0.2566316058	0.1991247001	0.8469911577	0.1991247001	0.1238851702	0.1899542437	0.846344335	0.2655645444	0.2625214183	0.2655645444	0.1899542437	0.846344335	0.846344335	0.846344335	0.4138801802	0.02041398384	0.2655645444	0.3453275863	0.1937782068	0.34819978	0.2655645444	0.06233651318	0.4160689361	0.1691995351	0.4054863168	0.819743882	0.8291211956	0.2746622308	0.8291211956	0.8236500638	0.8228611898	0.104438986	0.104438986	0.1389093337	-0.2071004739	0.6324995184	-0.0012670659	0.6927178737	0.007607030247	0.1344653626	0.1366863897	0.0694856872	0.0134281115	0.5420832255	0.5460805677	-0.2307861023	0.6115072265	0.539669647	0.01345487038	0.6067105556	0.05093168345	0.2122915027	0.5362108513	0.2064333722	0.06753147838	0.1077426577	0.09169384791	0.05548831321	-0.008995102193
chr11_2090336_T_G	0.01469390059	0.01345743065	0.2654638381	0.3215866468	0.090164777	0.08791604559	0.3215866468	0.221011735	0.3194335532	0.3215866468	0.3215866468	0.1960637326	0.08522383759	0.221011735	0.666419082	0.1960637326	0.1334977125	0.09308584869	0.1097082394	0.1097082394	0.2543631665	0.1097082394	0.4810686636	0.4810686636	0.215068706	0.9895921276	0.215068706	0.2613241821	0.2957624438	0.5496313985	0.5496313985	0.5496313985	0.9869957232	0.2695912477	0.9869957232	0.2113230643	0.2113230643	0.9869957232	0.9869957232	0.9869957232	0.2957624438	0.9895921276	0.2695912477	0.2695912477	0.9895921276	0.2324934233	0.2647792389	0.2647792389	0.2587134396	0.228104388	0.5663048785	0.1637859432	0.03915880704	0.2244708563	0.9895921276	0.03915880704	0.1400551652	0.9589670935	0.2244708563	0.9869880217	0.9922053736	0.1025429968	0.2617232536	0.674347524	0.2617232536	0.2317134794	0.9922053736	0.9948028516	0.3629622174	0.9948028516	0.9973867993	0.6775472289	0.2265194876	0.9973867993	0.2317134794	0.2016259729	0.5685687249	0.5685687249	0.9973867993	0.9973867993	0.4878032955	0.9973867993	1	0.4156784959	0.1637859432	0.2092840294	0.5685687249	0.2092840294	0.2587088181	0.3474937396	0.5685687249	0.3474937396	0.2016259729	0.3503967249	0.08457261548	0.2016259729	0.334344796	0.267781213	0.0804141428	0.2072770628	0.348993173	0.4259855655	0.129065752	0.348993173	0.1400551652	0.4276645739	0.3460854697	0.2534057849	0.4276645739	0.2086741486	0.05042856535	0.348993173	0.2232579917	0.2534057849	0.3538788601	0.2484810551	0.4272056123	0.2454439806	0.3542703675	0.2236988758	-0.1555889787	-0.1555889787	0.3542703675	0.4196118368	0.1150514721	0.1148946237	0.220133437	0.5187632443	0.5176770591	-0.2559296163	0.2004426395	0.8446171658	0.2004426395	0.1246011059	0.1912702735	0.8494223806	0.2617413964	0.2587134396	0.2617413964	0.1912702735	0.8494223806	0.8494223806	0.8494223806	0.4187520009	0.02094385291	0.2617413964	0.3427140025	0.1951058493	0.345597438	0.2617413964	0.06300615062	0.4163133317	0.1705542702	0.4104161423	0.822879192	0.8267807466	0.2708250856	0.8267807466	0.8267807466	0.8259686486	0.1053975002	0.1053975002	0.1398750263	-0.2065778418	0.6341260259	-0.0001304604167	0.690102306	0.008742221074	0.1367387987	0.137219337	0.0700461743	0.01439638846	0.5476796495	0.5471077319	-0.2301579195	0.6133146988	0.5452876782	0.01414780935	0.6085332833	0.05220141951	0.214027574	0.5374384977	0.2081714987	0.06844150308	0.09873765228	0.09318485963	0.05679136401	-0.008320732144
chr11_2090456_T_G	0.01052614879	-0.01148499016	-0.2187702759	-0.0592923762	0.5077321787	0.5049499592	-0.0592923762	0.1207567117	-0.0622789493	-0.0592923762	-0.0592923762	-0.1690695813	0.5031749923	0.1207567117	0.236131809	-0.1690695813	0.2414972983	0.4491021068	0.5317134227	0.5317134227	-0.2842692508	0.5317134227	-0.2687728732	-0.2687728732	0.4103200316	0.4087121356	0.4272200092	0.634570938	0.6838222609	-0.3953849514	-0.3953849514	-0.3953849514	0.4103760735	0.593729961	0.4103760735	0.4265853172	0.4265853172	0.4103760735	0.4103760735	0.4103760735	0.6838222609	0.4135181531	0.593729961	0.593729961	0.4087121356	0.6382185467	0.6921457811	0.6921457811	0.6948261658	0.4396079217	-0.4028133112	0.4116936646	0.2336335387	0.4389046212	0.4087121356	0.2336335387	0.2171992203	0.3614682714	0.4389046212	0.4070517257	0.4103760735	-0.1095183905	0.6961778072	-0.1683933632	0.6961778072	0.440328673	0.4103760735	0.4135181531	0.8692240339	0.4135181531	0.4173492305	-0.1659701616	0.4410663558	0.4173492305	0.440328673	0.3887020279	-0.4035207944	-0.4035207944	0.4173492305	0.4173492305	-0.5890671771	0.4173492305	0.4156784959	1	0.4116936646	0.3902037743	-0.4035207944	0.3902037743	0.6975370914	0.843319152	-0.4035207944	0.843319152	0.3887020279	0.840169133	-0.174952201	0.3887020279	0.8261023677	0.6934821594	-0.1041071332	0.4009119255	0.8394239336	-0.4579153885	0.2783892762	0.8394239336	0.2171992203	-0.4597458819	0.8376402581	0.6700933921	-0.4597458819	0.4153657828	-0.1068730022	0.8394239336	0.4107729045	0.6700933921	0.8359224707	0.6665683401	-0.4584879488	0.6596034451	0.8490438254	0.4373147816	-0.0406603369	-0.0406603369	0.8490438254	-0.4301108125	-0.1830441843	0.2189670473	0.4365010403	-0.2321670656	-0.234986949	-0.1603790425	0.3931109325	0.3616749152	0.3931109325	0.2765746605	0.3846509659	0.3637325642	0.6934821594	0.689260918	0.6934821594	0.3846509659	0.3637325642	0.3637325642	0.3637325642	-0.4223664414	-0.08010292333	0.6934821594	0.8369345593	0.3855070973	0.8387170907	0.6934821594	-0.1328806857	-0.4210983366	0.3716177576	-0.4247830529	0.3532049128	0.3581440779	0.6865695033	0.3581440779	0.3530968272	0.3543145026	0.2535127186	0.2535127186	0.2747125353	-0.06199204514	0.08349262989	0.1400100077	0.1986144476	0.1467685095	-0.2849015545	-0.01236924293	-0.07068510578	0.1430528553	-0.07599064521	-0.07466228863	-0.1313881377	0.0447871614	-0.07629704192	0.101932475	0.04208308897	0.2206376364	-0.02580560258	-0.005789847438	-0.03378705683	-0.1489768582	0.3459874583	0.2920275506	0.2020095425	0.1959839156
chr11_2090748_T_C	-0.004637058968	-0.07867319695	0.0532498474	0.4088269071	-0.1207693881	-0.1218540207	0.4088269071	0.4708205036	0.4079543419	0.4088269071	0.4088269071	0.0930018873	-0.1207693881	0.4708205036	0.1861207444	0.0930018873	-0.0440703648	-0.08374769871	-0.1101136471	-0.1101136471	-0.1342830373	-0.1101136471	0.2630373479	0.2630373479	-0.002238620646	0.1729415812	-0.002238620646	-0.05467352891	-0.06614231382	0.2105656896	0.2105656896	0.2105656896	0.1717920934	0.6724464635	0.1717920934	-0.0002814370646	-0.0002814370646	0.1717920934	0.1717920934	0.1717920934	-0.06614231382	0.1729415812	0.6724464635	0.6724464635	0.1629347233	-0.06142824916	-0.0688329589	-0.0688329589	-0.07127696748	-0.01354439797	0.2084412163	1	0.5523900309	-0.01170881286	0.1629347233	0.5523900309	-0.03625430371	0.1536696025	-0.01170881286	0.164084321	0.1617872974	-0.07243864932	-0.07249695555	0.1975830091	-0.07249695555	-0.01536193256	0.1617872974	0.1629347233	-0.07276149234	0.1629347233	0.1626321717	0.1988845542	-0.01716198092	0.1626321717	-0.01536193256	-0.02661408886	0.2114124691	0.2114124691	0.1626321717	0.1626321717	-0.250634033	0.1626321717	0.1637859432	0.4116936646	1	-0.03029682662	0.2114124691	-0.03029682662	-0.07371567248	-0.08190323575	0.2114124691	-0.08190323575	-0.02661408886	-0.08305102884	-0.03543708619	-0.02661408886	-0.07324000717	-0.07005565364	-0.04432455825	-0.04690934554	-0.08005196171	0.1688837624	0.5954120438	-0.08005196171	-0.03625430371	0.16754784	-0.07890038065	-0.06110247746	0.16754784	-0.04361347839	-0.05872104882	-0.08005196171	-0.05014996896	-0.06110247746	-0.08165994403	-0.06190368173	0.1695157798	-0.06066188675	-0.07462991302	-0.03472458365	-0.05189171293	-0.05189171293	-0.07462991302	0.1792402127	-0.1219130172	-0.04630003387	-0.03306312811	0.1505790778	0.1523721933	-0.05518063401	-0.04920274932	0.1281322053	-0.04920274932	0.6227400918	-0.04920274932	0.1288611779	-0.04685750105	-0.04810158633	-0.04685750105	-0.04920274932	0.1288611779	0.1288611779	0.1288611779	0.1725080792	0.02158595505	-0.04685750105	-0.07006213068	-0.05087067817	-0.07120290213	-0.04685750105	-0.0706196642	0.1802374063	-0.05578254961	0.1706557206	0.1250010315	0.123142908	-0.04561164547	0.123142908	0.123142908	0.1254273296	-0.03453196096	-0.03453196096	-0.01246134296	-0.02441015567	-0.1132584935	-0.08625760927	-0.1778130894	-0.0847930126	-0.1628138878	-0.05425429102	-0.05872104882	-0.04165641058	-0.09698111347	-0.09823584004	-0.01592296233	-0.1431630306	-0.09737214442	-0.0136150973	-0.1447658039	-0.06784049373	-0.07389715682	-0.2907033889	-0.08516461649	-0.04827339818	-0.02186426173	-0.007036730456	-0.05572257875	0.4385025724
chr11_2091639_C_T	-0.008315218702	-0.05400759538	-0.09779223015	-0.09528667275	0.1516467972	0.1504679197	-0.09528667275	0.001126691339	-0.09657229341	-0.09528667275	-0.09528667275	-0.1129169224	0.1516467972	0.001126691339	0.0354524829	-0.1129169224	0.6292270845	0.09457983661	0.1367252762	0.1367252762	-0.03022500227	0.1367252762	-0.1015836495	-0.1015836495	0.8364780901	0.1988652646	0.852884098	-0.05707001554	-0.06237077202	-0.2095029222	-0.2095029222	-0.2095029222	0.1975445434	0.6108369421	0.1975445434	0.8435527299	0.8435527299	0.1975445434	0.1975445434	0.1975445434	-0.06237077202	0.1988652646	0.6108369421	0.6108369421	0.1988652646	-0.1162785	-0.1142709732	-0.1142709732	-0.1170093808	0.9078566525	-0.2072288206	-0.03029682662	-0.01061706474	0.8988076021	0.1988652646	-0.01061706474	-0.01837938385	0.2111264617	0.8988076021	0.1908554979	0.2068737055	-0.08322730059	-0.1183771484	0.2721801938	-0.1183771484	0.9168638944	0.2068737055	0.2081963493	0.4359119965	0.2081963493	0.2079540269	0.2737486034	0.9101089739	0.2079540269	0.9168638944	0.9831379851	-0.2059012199	-0.2059012199	0.2079540269	0.2079540269	-0.1900013909	0.2079540269	0.2092840294	0.3902037743	-0.03029682662	1	-0.2059012199	1	-0.1197440361	0.4572968723	-0.2059012199	0.4572968723	0.9831379851	0.4559781326	-0.05542320098	0.9831379851	0.4800922098	-0.1156406753	-0.004106801984	0.910171855	0.4625013715	-0.2307322278	0.007584583501	0.4625013715	-0.01837938385	-0.2314207937	0.4541754663	-0.1172301112	-0.2314207937	0.923803365	0.002793650893	0.4625013715	0.8970049506	-0.1172301112	0.4637523364	-0.117758949	-0.229082432	-0.1163848018	0.3935137501	0.7869965524	-0.05962020594	-0.05962020594	0.3935137501	-0.1796172518	-0.05353700045	0.3276774476	0.7775017358	0.2564861854	0.25006626	-0.09334232229	0.8606507401	0.1885853363	0.8606507401	-0.000505579226	0.8606507401	0.1896582402	-0.1264564543	-0.127814543	-0.1264564543	0.8606507401	0.1896582402	0.1896582402	0.1896582402	-0.1835569622	-0.02852706525	-0.1264564543	0.3891904009	0.8698100599	0.3974356067	-0.1264564543	-0.08113740489	-0.1866603775	0.8488201262	-0.1882261086	0.1756425634	0.1831308573	-0.1250975507	0.1831308573	0.1831308573	0.1759419521	0.5428172484	0.5428172484	0.5633974155	-0.001958723109	-0.06068570563	0.4135100622	0.162098585	0.4310485486	-0.08881624563	-0.02446710478	0.03792381087	0.2092390444	-0.01296777523	-0.01413286075	-0.08355762498	0.1773035979	-0.02125791208	-0.08527436279	0.1767854284	0.3484890598	0.2569482779	0.1971795335	0.2563762847	-0.04345357525	-0.0280376616	0.3540984556	0.3367659001	-0.03059040965
chr11_2092983_G_C	-9.203930688e-05	-0.01426563563	0.4753657247	0.5358522835	-0.469100765	-0.4689290304	0.5358522835	0.297550428	0.5364067277	0.5358522835	0.5358522835	0.3848964265	-0.469100765	0.297550428	0.4549989237	0.3848964265	-0.1357143332	-0.3926116847	-0.4699488046	-0.4699488046	0.4430618281	-0.4699488046	0.815566431	0.815566431	-0.2072017989	0.5702615554	-0.2235452998	-0.4079123032	-0.4302735588	0.9749429446	0.9749429446	0.9749429446	0.5657928688	-0.02294266302	0.5657928688	-0.2253539278	-0.2253539278	0.5657928688	0.5657928688	0.5657928688	-0.4302735588	0.5656137888	-0.02294266302	-0.02294266302	0.5656137888	-0.4401838257	-0.467071174	-0.467071174	-0.4762265043	-0.2292055123	0.9958794296	0.2114124691	0.06501134048	-0.2309044468	0.5656137888	0.06501134048	-0.1025324058	0.5797681702	-0.2309044468	0.5654404887	0.5657928688	0.1775216747	-0.4754244525	0.8597938978	-0.4754244525	-0.227536844	0.5657928688	0.5656137888	-0.5531041814	0.5656137888	0.5640764377	0.8609231154	-0.2337284164	0.5640764377	-0.227536844	-0.2095497862	1	1	0.5640764377	0.5640764377	0.8932131301	0.5640764377	0.5685687249	-0.4035207944	0.2114124691	-0.2059012199	1	-0.2059012199	-0.4800026134	-0.5460295645	1	-0.5460295645	-0.2095497862	-0.540936538	0.2273104698	-0.2095497862	-0.537052313	-0.4662625893	0.1512153836	-0.2258392363	-0.5400595205	0.9053260008	0.1218574033	-0.5400595205	-0.1025324058	0.9079569205	-0.5403837822	-0.4522647248	0.9079569205	-0.237021415	0.1205737804	-0.5400595205	-0.2226449698	-0.4522647248	-0.5330852931	-0.4536157096	0.9072608906	-0.4490035864	-0.5421585329	-0.2407471361	-0.1239898436	-0.1239898436	-0.5421585329	0.8775785274	0.2306241972	-0.1314098588	-0.2423594048	0.7606614368	0.7632642917	-0.09948420386	-0.2253707237	0.4653872818	-0.2253707237	0.132292845	-0.2253707237	0.4680349736	-0.4608753039	-0.4600805127	-0.4608753039	-0.2253707237	0.4680349736	0.4680349736	0.4680349736	0.8661138363	0.1057033787	-0.4608753039	-0.538596365	-0.2235618088	-0.5382875704	-0.4608753039	0.1660493816	0.8621401448	-0.2343389716	0.8559845632	0.4478154989	0.4456608387	-0.445500518	0.4456608387	0.4505418952	0.4497215413	-0.1680288082	-0.1680288082	-0.1475270519	-0.1361508731	0.4309356211	-0.1765932641	0.3386550399	-0.1745319777	0.3250829551	0.1087075263	0.1030756236	-0.1457102624	0.5161497314	0.5137618113	-0.08622895963	0.4357489828	0.5141276316	-0.09289599097	0.4333402574	-0.1994430508	0.1800290817	0.3489588159	0.1772881455	0.1818984657	-0.2576682692	-0.2038755963	-0.1717348864	0.006110507176
chr11_2092999_C_G	-0.008315218702	-0.05400759538	-0.09779223015	-0.09528667275	0.1516467972	0.1504679197	-0.09528667275	0.001126691339	-0.09657229341	-0.09528667275	-0.09528667275	-0.1129169224	0.1516467972	0.001126691339	0.0354524829	-0.1129169224	0.6292270845	0.09457983661	0.1367252762	0.1367252762	-0.03022500227	0.1367252762	-0.1015836495	-0.1015836495	0.8364780901	0.1988652646	0.852884098	-0.05707001554	-0.06237077202	-0.2095029222	-0.2095029222	-0.2095029222	0.1975445434	0.6108369421	0.1975445434	0.8435527299	0.8435527299	0.1975445434	0.1975445434	0.1975445434	-0.06237077202	0.1988652646	0.6108369421	0.6108369421	0.1988652646	-0.1162785	-0.1142709732	-0.1142709732	-0.1170093808	0.9078566525	-0.2072288206	-0.03029682662	-0.01061706474	0.8988076021	0.1988652646	-0.01061706474	-0.01837938385	0.2111264617	0.8988076021	0.1908554979	0.2068737055	-0.08322730059	-0.1183771484	0.2721801938	-0.1183771484	0.9168638944	0.2068737055	0.2081963493	0.4359119965	0.2081963493	0.2079540269	0.2737486034	0.9101089739	0.2079540269	0.9168638944	0.9831379851	-0.2059012199	-0.2059012199	0.2079540269	0.2079540269	-0.1900013909	0.2079540269	0.2092840294	0.3902037743	-0.03029682662	1	-0.2059012199	1	-0.1197440361	0.4572968723	-0.2059012199	0.4572968723	0.9831379851	0.4559781326	-0.05542320098	0.9831379851	0.4800922098	-0.1156406753	-0.004106801984	0.910171855	0.4625013715	-0.2307322278	0.007584583501	0.4625013715	-0.01837938385	-0.2314207937	0.4541754663	-0.1172301112	-0.2314207937	0.923803365	0.002793650893	0.4625013715	0.8970049506	-0.1172301112	0.4637523364	-0.117758949	-0.229082432	-0.1163848018	0.3935137501	0.7869965524	-0.05962020594	-0.05962020594	0.3935137501	-0.1796172518	-0.05353700045	0.3276774476	0.7775017358	0.2564861854	0.25006626	-0.09334232229	0.8606507401	0.1885853363	0.8606507401	-0.000505579226	0.8606507401	0.1896582402	-0.1264564543	-0.127814543	-0.1264564543	0.8606507401	0.1896582402	0.1896582402	0.1896582402	-0.1835569622	-0.02852706525	-0.1264564543	0.3891904009	0.8698100599	0.3974356067	-0.1264564543	-0.08113740489	-0.1866603775	0.8488201262	-0.1882261086	0.1756425634	0.1831308573	-0.1250975507	0.1831308573	0.1831308573	0.1759419521	0.5428172484	0.5428172484	0.5633974155	-0.001958723109	-0.06068570563	0.4135100622	0.162098585	0.4310485486	-0.08881624563	-0.02446710478	0.03792381087	0.2092390444	-0.01296777523	-0.01413286075	-0.08355762498	0.1773035979	-0.02125791208	-0.08527436279	0.1767854284	0.3484890598	0.2569482779	0.1971795335	0.2563762847	-0.04345357525	-0.0280376616	0.3540984556	0.3367659001	-0.03059040965
chr11_2093065_C_T	0.0346191169	0.04074386678	-0.222741625	-0.2387980508	0.6111823735	0.6092567341	-0.2387980508	-0.12572247	-0.241025597	-0.2387980508	-0.2387980508	-0.1771867986	0.6055015262	-0.12572247	0.1961582157	-0.1771867986	-0.06458057884	0.5077455168	0.5842972332	0.5842972332	-0.2408347807	0.5842972332	-0.3998663901	-0.3998663901	-0.1217529506	0.2513732376	-0.1112194566	0.8618273415	0.9366739977	-0.4622135795	-0.4622135795	-0.4622135795	0.2551320503	-0.1320107995	0.2551320503	-0.1080048501	-0.1080048501	0.2551320503	0.2551320503	0.2551320503	0.9366739977	0.25736427	-0.1320107995	-0.1320107995	0.25736427	0.9133325896	0.9862157198	0.9862157198	0.9930919567	-0.1197283766	-0.4763151358	-0.07371567248	-0.04485958197	-0.1166224349	0.25736427	-0.04485958197	0.3130808599	0.2605225904	-0.1166224349	0.2596000973	0.2551320503	-0.04897393874	0.9965419592	-0.5335801985	0.9965419592	-0.1228092056	0.2551320503	0.25736427	0.8001425254	0.25736427	0.2624854606	-0.5325212359	-0.1157715717	0.2624854606	-0.1228092056	-0.1132939649	-0.4800026134	-0.4800026134	0.2624854606	0.2624854606	-0.4415164334	0.2624854606	0.2587088181	0.6975370914	-0.07371567248	-0.1197440361	-0.4800026134	-0.1197440361	1	0.8251257471	-0.4800026134	0.8251257471	-0.1132939649	0.8228801563	-0.1480262212	-0.1132939649	0.7829148621	0.9896499056	-0.09127302827	-0.04763940987	0.8156269801	-0.5062218394	-0.005247184828	0.8156269801	0.3130808599	-0.5071685606	0.8179122452	0.9621103355	-0.5071685606	-0.04074053279	-0.09232897715	0.8156269801	-0.02456543332	0.9621103355	0.8116725522	0.958578945	-0.5085396109	0.9551728611	0.8078105563	-0.03742471851	0.02531774074	0.02531774074	0.8078105563	-0.5160697048	-0.1273983869	0.08227568551	-0.03403120016	-0.5282097334	-0.5289546218	-0.09653406691	-0.02601888996	0.2241217448	-0.02601888996	-0.01821409614	-0.03656482199	0.2253968233	0.9202070868	0.916779838	0.9202070868	-0.03656482199	0.2253968233	0.2253968233	0.2253968233	-0.4993374086	-0.08720938884	0.9202070868	0.7921717561	-0.04017010459	0.7899298488	0.9202070868	-0.08119924148	-0.4947133683	-0.04044904736	-0.4923957542	0.23032249	0.2330572865	0.9097523548	0.2330572865	0.2267655403	0.2312411498	0.001103315541	0.001103315541	0.001103315541	-0.05359978595	0.1802873237	-0.02363522948	0.2360720737	-0.02739275182	-0.1965829088	0.03973201343	-0.06977362236	0.08224324197	-0.06330881523	-0.06012586865	-0.09127302827	0.0003349817202	-0.05827495822	0.1994894372	-0.00171502126	0.109280108	-0.1376443723	0.01259577685	-0.1406572605	-0.1165480052	0.4776797616	0.06159026445	0.08677741494	-0.006253892678
chr11_2093603_C_A	0.02709499589	0.006369401353	-0.2571480544	-0.2694560739	0.6343874102	0.6320068722	-0.2694560739	-0.1170975639	-0.2721683028	-0.2694560739	-0.2694560739	-0.2203172887	0.6293234255	-0.1170975639	0.1922877978	-0.2203172887	0.3034499259	0.5095336629	0.6019247645	0.6019247645	-0.236164154	0.6019247645	-0.4196176123	-0.4196176123	0.3715745116	0.3403472752	0.3903539117	0.737803726	0.8016300209	-0.532294369	-0.532294369	-0.532294369	0.3429521495	0.2337082711	0.3429521495	0.3878678688	0.3878678688	0.3429521495	0.3429521495	0.3429521495	0.8016300209	0.3456877631	0.2337082711	0.2337082711	0.3456877631	0.749703762	0.8159301592	0.8159301592	0.8205126768	0.414296444	-0.5434819596	-0.08190323575	-0.04544637362	0.4118753182	0.3456877631	-0.04544637362	0.269220705	0.3554084742	0.4118753182	0.3430864674	0.3429521495	-0.09059942435	0.8228153707	-0.324096137	0.8228153707	0.4076725877	0.3429521495	0.3456877631	0.9601495439	0.3456877631	0.3501103608	-0.3222707137	0.4101359963	0.3501103608	0.4076725877	0.4629870502	-0.5460295645	-0.5460295645	0.3501103608	0.3501103608	-0.5031475801	0.3501103608	0.3474937396	0.843319152	-0.08190323575	0.4572968723	-0.5460295645	0.4572968723	0.8251257471	1	-0.5460295645	1	0.4629870502	0.9972544301	-0.1626878591	0.4629870502	0.9753823702	0.8182176209	-0.08301939522	0.4798616308	0.9945047011	-0.5832037355	0.0003365044628	0.9945047011	0.269220705	-0.5844324292	0.991765718	0.792709158	-0.5844324292	0.4937915365	-0.08014479476	0.9945047011	0.4929157172	0.792709158	0.9861583005	0.7892530054	-0.5843353472	0.786993182	0.9480775596	0.4184820852	-0.01105950284	-0.01105950284	0.9480775596	-0.56273682	-0.1529489674	0.2616062631	0.416062181	-0.3232666168	-0.3276250713	-0.1387004305	0.4706935038	0.3106760281	0.4706935038	-0.01581832942	0.4612927163	0.3124435331	0.7501251187	0.7463028635	0.7501251187	0.4612927163	0.3124435331	0.3124435331	0.3124435331	-0.5500298471	-0.09352791104	0.7501251187	0.9316189489	0.4633321853	0.9343503352	0.7501251187	-0.1181467169	-0.5476644536	0.4511033129	-0.5464847278	0.3088770728	0.3099865811	0.7415732664	0.3099865811	0.3043780328	0.3098381186	0.3126158385	0.3126158385	0.3126158385	-0.04832077198	0.1275101599	0.2167618777	0.3003836824	0.2135417281	-0.229765626	0.02193137217	-0.03993249375	0.1940566843	-0.06762785128	-0.06545857681	-0.1284917246	0.09849063072	-0.06318573518	0.1297295919	0.09636393932	0.2981560585	0.02609591015	0.1204298597	0.02308616667	-0.1278441215	0.4108992465	0.259073211	0.2714204719	-0.02238962274
chr11_2093897_G_A	-9.203930688e-05	-0.01426563563	0.4753657247	0.5358522835	-0.469100765	-0.4689290304	0.5358522835	0.297550428	0.5364067277	0.5358522835	0.5358522835	0.3848964265	-0.469100765	0.297550428	0.4549989237	0.3848964265	-0.1357143332	-0.3926116847	-0.4699488046	-0.4699488046	0.4430618281	-0.4699488046	0.815566431	0.815566431	-0.2072017989	0.5702615554	-0.2235452998	-0.4079123032	-0.4302735588	0.9749429446	0.9749429446	0.9749429446	0.5657928688	-0.02294266302	0.5657928688	-0.2253539278	-0.2253539278	0.5657928688	0.5657928688	0.5657928688	-0.4302735588	0.5656137888	-0.02294266302	-0.02294266302	0.5656137888	-0.4401838257	-0.467071174	-0.467071174	-0.4762265043	-0.2292055123	0.9958794296	0.2114124691	0.06501134048	-0.2309044468	0.5656137888	0.06501134048	-0.1025324058	0.5797681702	-0.2309044468	0.5654404887	0.5657928688	0.1775216747	-0.4754244525	0.8597938978	-0.4754244525	-0.227536844	0.5657928688	0.5656137888	-0.5531041814	0.5656137888	0.5640764377	0.8609231154	-0.2337284164	0.5640764377	-0.227536844	-0.2095497862	1	1	0.5640764377	0.5640764377	0.8932131301	0.5640764377	0.5685687249	-0.4035207944	0.2114124691	-0.2059012199	1	-0.2059012199	-0.4800026134	-0.5460295645	1	-0.5460295645	-0.2095497862	-0.540936538	0.2273104698	-0.2095497862	-0.537052313	-0.4662625893	0.1512153836	-0.2258392363	-0.5400595205	0.9053260008	0.1218574033	-0.5400595205	-0.1025324058	0.9079569205	-0.5403837822	-0.4522647248	0.9079569205	-0.237021415	0.1205737804	-0.5400595205	-0.2226449698	-0.4522647248	-0.5330852931	-0.4536157096	0.9072608906	-0.4490035864	-0.5421585329	-0.2407471361	-0.1239898436	-0.1239898436	-0.5421585329	0.8775785274	0.2306241972	-0.1314098588	-0.2423594048	0.7606614368	0.7632642917	-0.09948420386	-0.2253707237	0.4653872818	-0.2253707237	0.132292845	-0.2253707237	0.4680349736	-0.4608753039	-0.4600805127	-0.4608753039	-0.2253707237	0.4680349736	0.4680349736	0.4680349736	0.8661138363	0.1057033787	-0.4608753039	-0.538596365	-0.2235618088	-0.5382875704	-0.4608753039	0.1660493816	0.8621401448	-0.2343389716	0.8559845632	0.4478154989	0.4456608387	-0.445500518	0.4456608387	0.4505418952	0.4497215413	-0.1680288082	-0.1680288082	-0.1475270519	-0.1361508731	0.4309356211	-0.1765932641	0.3386550399	-0.1745319777	0.3250829551	0.1087075263	0.1030756236	-0.1457102624	0.5161497314	0.5137618113	-0.08622895963	0.4357489828	0.5141276316	-0.09289599097	0.4333402574	-0.1994430508	0.1800290817	0.3489588159	0.1772881455	0.1818984657	-0.2576682692	-0.2038755963	-0.1717348864	0.006110507176
chr11_2094303_C_T	0.02709499589	0.006369401353	-0.2571480544	-0.2694560739	0.6343874102	0.6320068722	-0.2694560739	-0.1170975639	-0.2721683028	-0.2694560739	-0.2694560739	-0.2203172887	0.6293234255	-0.1170975639	0.1922877978	-0.2203172887	0.3034499259	0.5095336629	0.6019247645	0.6019247645	-0.236164154	0.6019247645	-0.4196176123	-0.4196176123	0.3715745116	0.3403472752	0.3903539117	0.737803726	0.8016300209	-0.532294369	-0.532294369	-0.532294369	0.3429521495	0.2337082711	0.3429521495	0.3878678688	0.3878678688	0.3429521495	0.3429521495	0.3429521495	0.8016300209	0.3456877631	0.2337082711	0.2337082711	0.3456877631	0.749703762	0.8159301592	0.8159301592	0.8205126768	0.414296444	-0.5434819596	-0.08190323575	-0.04544637362	0.4118753182	0.3456877631	-0.04544637362	0.269220705	0.3554084742	0.4118753182	0.3430864674	0.3429521495	-0.09059942435	0.8228153707	-0.324096137	0.8228153707	0.4076725877	0.3429521495	0.3456877631	0.9601495439	0.3456877631	0.3501103608	-0.3222707137	0.4101359963	0.3501103608	0.4076725877	0.4629870502	-0.5460295645	-0.5460295645	0.3501103608	0.3501103608	-0.5031475801	0.3501103608	0.3474937396	0.843319152	-0.08190323575	0.4572968723	-0.5460295645	0.4572968723	0.8251257471	1	-0.5460295645	1	0.4629870502	0.9972544301	-0.1626878591	0.4629870502	0.9753823702	0.8182176209	-0.08301939522	0.4798616308	0.9945047011	-0.5832037355	0.0003365044628	0.9945047011	0.269220705	-0.5844324292	0.991765718	0.792709158	-0.5844324292	0.4937915365	-0.08014479476	0.9945047011	0.4929157172	0.792709158	0.9861583005	0.7892530054	-0.5843353472	0.786993182	0.9480775596	0.4184820852	-0.01105950284	-0.01105950284	0.9480775596	-0.56273682	-0.1529489674	0.2616062631	0.416062181	-0.3232666168	-0.3276250713	-0.1387004305	0.4706935038	0.3106760281	0.4706935038	-0.01581832942	0.4612927163	0.3124435331	0.7501251187	0.7463028635	0.7501251187	0.4612927163	0.3124435331	0.3124435331	0.3124435331	-0.5500298471	-0.09352791104	0.7501251187	0.9316189489	0.4633321853	0.9343503352	0.7501251187	-0.1181467169	-0.5476644536	0.4511033129	-0.5464847278	0.3088770728	0.3099865811	0.7415732664	0.3099865811	0.3043780328	0.3098381186	0.3126158385	0.3126158385	0.3126158385	-0.04832077198	0.1275101599	0.2167618777	0.3003836824	0.2135417281	-0.229765626	0.02193137217	-0.03993249375	0.1940566843	-0.06762785128	-0.06545857681	-0.1284917246	0.09849063072	-0.06318573518	0.1297295919	0.09636393932	0.2981560585	0.02609591015	0.1204298597	0.02308616667	-0.1278441215	0.4108992465	0.259073211	0.2714204719	-0.02238962274
chr11_2094347_C_T	-0.004901750682	-0.05128499517	-0.1082951	-0.103738416	0.1633712963	0.1622156065	-0.103738416	-0.01892622085	-0.1050073984	-0.103738416	-0.103738416	-0.1063464804	0.1633712963	-0.01892622085	0.02577285253	-0.1063464804	0.6402338947	0.1056363478	0.1484163691	0.1484163691	-0.04539864251	0.1484163691	-0.120654218	-0.120654218	0.8351324377	0.2005780929	0.851743281	-0.04992037668	-0.05478927842	-0.2134116389	-0.2134116389	-0.2134116389	0.1992785979	0.612475115	0.1992785979	0.8588675549	0.8588675549	0.1992785979	0.1992785979	0.1992785979	-0.05478927842	0.2005780929	0.612475115	0.612475115	0.2005780929	-0.110312038	-0.1078958874	-0.1078958874	-0.1105969187	0.9081624465	-0.2108219025	-0.02661408886	-0.00856107693	0.9150426151	0.2005780929	-0.00856107693	-0.01629037696	0.2126196432	0.9150426151	0.1924305813	0.1992785979	-0.08182392061	-0.111945911	0.2606010189	-0.111945911	0.9014037218	0.1992785979	0.2005780929	0.432172341	0.2005780929	0.2003192567	0.262131683	0.8947627029	0.2003192567	0.9014037218	1	-0.2095497862	-0.2095497862	0.2003192567	0.2003192567	-0.1953093606	0.2003192567	0.2016259729	0.3887020279	-0.02661408886	0.9831379851	-0.2095497862	0.9831379851	-0.1132939649	0.4629870502	-0.2095497862	0.4629870502	1	0.4616905472	-0.05262923806	1	0.4857101193	-0.1092469302	-0.001705877743	0.9106685371	0.4681785865	-0.2332415785	0.01006045205	0.4681785865	-0.01629037696	-0.2339057822	0.4694979052	-0.1110318008	-0.2339057822	0.9242319868	0.004808502203	0.4681785865	0.8975684514	-0.1110318008	0.4596412936	-0.1115868831	-0.231605685	-0.1102311854	0.3985231509	0.7864455423	-0.05861488914	-0.05861488914	0.3985231509	-0.1815214989	-0.06761744274	0.3343301174	0.7921912881	0.2624879365	0.2559166853	-0.09176838266	0.8760250538	0.1915472997	0.8760250538	0.001990689473	0.8760250538	0.1926370549	-0.1201977484	-0.1215369875	-0.1201977484	0.8760250538	0.1926370549	0.1926370549	0.1926370549	-0.1853462218	-0.02697723633	-0.1201977484	0.4036722946	0.8688027916	0.4023784991	-0.1201977484	-0.07976926477	-0.1884188678	0.8479409637	-0.1899691466	0.1786090718	0.1763042531	-0.1188576389	0.1763042531	0.1763042531	0.1788681664	0.5529914382	0.5529914382	0.5529914382	6.838546644e-05	-0.05602296343	0.4057984507	0.1636485993	0.4230183448	-0.0923931881	-0.02294322586	0.04037727585	0.2153525092	-0.01816685689	-0.01932751227	-0.08214867507	0.1767527884	-0.01824010624	-0.08383646522	0.176252799	0.3574059481	0.2535396535	0.1952067944	0.2526228848	-0.04074716648	-0.02436886876	0.3638569898	0.3456537855	-0.02852014352
chr11_2094599_G_A	0.02610087817	0.005409307766	-0.2491386126	-0.2622414327	0.6316087625	0.6292175107	-0.2622414327	-0.1114258797	-0.2649603144	-0.2622414327	-0.2622414327	-0.2165058214	0.6265447778	-0.1114258797	0.1951487321	-0.2165058214	0.302559429	0.5067424335	0.599102903	0.599102903	-0.238224122	0.599102903	-0.4145860239	-0.4145860239	0.3702117917	0.3432351732	0.3889911918	0.7355815777	0.7992671087	-0.5270915423	-0.5270915423	-0.5270915423	0.3458288374	0.231925926	0.3458288374	0.3865160857	0.3865160857	0.3458288374	0.3458288374	0.3458288374	0.7992671087	0.3485756611	0.231925926	0.231925926	0.3485756611	0.7476070868	0.8137250758	0.8137250758	0.8182873659	0.4128688326	-0.538431558	-0.08305102884	-0.04606493916	0.4104584409	0.3485756611	-0.04606493916	0.268565415	0.358394922	0.4104584409	0.3459856102	0.3458288374	-0.0912897683	0.8205799266	-0.3198629455	0.8205799266	0.4062342721	0.3458288374	0.3485756611	0.9573281718	0.3485756611	0.3530020711	-0.3180213191	0.4086870053	0.3530020711	0.4062342721	0.4616905472	-0.540936538	-0.540936538	0.3530020711	0.3530020711	-0.4975750712	0.3530020711	0.3503967249	0.840169133	-0.08305102884	0.4559781326	-0.540936538	0.4559781326	0.8228801563	0.9972544301	-0.540936538	0.9972544301	0.4616905472	1	-0.1515856743	0.4616905472	0.9726735966	0.8160024301	-0.0837124791	0.4784549863	0.9917658066	-0.5785082531	-0.0003365044628	0.9917658066	0.268565415	-0.5797558268	0.9890377326	0.7905435955	-0.5797558268	0.4924065026	-0.08070440929	0.9917658066	0.4914875892	0.7905435955	0.9833930399	0.7870929945	-0.579640552	0.7848432348	0.9453142463	0.4170632086	-0.01155403346	-0.01155403346	0.9453142463	-0.5628324487	-0.1541108045	0.2608822895	0.4146540401	-0.3240578388	-0.3283961779	-0.1394746753	0.4693852431	0.3077187911	0.4693852431	-0.0165256531	0.4599844557	0.3094694717	0.747909928	0.7440775527	0.747909928	0.4599844557	0.3094694717	0.3094694717	0.3094694717	-0.5501718782	-0.09406661855	0.747909928	0.9288992113	0.4620128388	0.9316197481	0.747909928	-0.1188197258	-0.5478261328	0.4497509533	-0.5466562996	0.3058386435	0.306953728	0.7393681829	0.306953728	0.3013451797	0.3068288995	0.3116557449	0.3116557449	0.3116557449	-0.04890062124	0.1259781431	0.2155966966	0.2978229854	0.212379891	-0.2320669788	0.02141432607	-0.04049210828	0.1930671601	-0.06855208614	-0.06639476927	-0.1291848085	0.09676866214	-0.06411369657	0.1290222683	0.09462531163	0.2968655724	0.03157017576	0.1192860858	0.0287546451	-0.1159320695	0.409763367	0.2575646387	0.2700968139	-0.02308270662
chr11_2094739_C_T	0.05069584925	-0.08647789656	0.319124507	0.2982819341	-0.1501543437	-0.1510961582	0.2982819341	-0.02356784397	0.2975065472	0.2982819341	0.2982819341	0.3699648389	-0.1501543437	-0.02356784397	0.03882288222	0.3699648389	0.006616968152	-0.1352635298	-0.1560448812	-0.1560448812	-0.1306947349	-0.1560448812	0.1736501211	0.1736501211	-0.06085907216	0.08413307905	-0.06085907216	-0.1582981825	-0.1462234254	0.2242058948	0.2242058948	0.2242058948	0.0831596181	-0.06893295674	0.0831596181	-0.05951802776	-0.05951802776	0.0831596181	0.0831596181	0.0831596181	-0.1462234254	0.08413307905	-0.06893295674	-0.06893295674	0.08413307905	-0.1602488151	-0.1441658483	-0.1441658483	-0.1460954806	-0.06868101631	0.2245469062	-0.03543708619	-0.05571565835	-0.0674023389	0.08413307905	-0.05571565835	0.01719940645	0.09345775634	-0.0674023389	0.08510782239	0.0831596181	-0.06218090933	-0.1470606946	0.1850935632	-0.1470606946	-0.06995044278	0.0831596181	0.08413307905	-0.1708299901	0.08413307905	0.08359388845	0.1862358411	-0.07121091109	0.08359388845	-0.06995044278	-0.05262923806	0.2273104698	0.2273104698	0.08359388845	0.08359388845	0.2414462813	0.08359388845	0.08457261548	-0.174952201	-0.03543708619	-0.05542320098	0.2273104698	-0.05542320098	-0.1480262212	-0.1626878591	0.2273104698	-0.1626878591	-0.05262923806	-0.1515856743	1	-0.05262923806	-0.1574029493	-0.1451305437	-0.0624277018	-0.04799649362	-0.1616143491	0.2225577956	-0.06061950323	-0.1616143491	0.01719940645	0.221256457	-0.1606289215	-0.1394056857	0.221256457	-0.06512302287	-0.05040580197	-0.1616143491	-0.07018559493	-0.1394056857	-0.1635137503	-0.1393691752	0.2229316003	-0.1384004753	-0.1647450522	-0.07043911502	-0.04454354032	-0.04454354032	-0.1647450522	0.2027325067	-0.03936790724	0.03913983391	-0.06920332894	0.1710162303	0.1724986495	0.05248578728	-0.05588072948	0.06409119093	-0.05588072948	-0.0637103136	-0.05588072948	0.06445581996	-0.1451305437	-0.1460954806	-0.1451305437	-0.05588072948	0.06445581996	0.06445581996	0.06445581996	0.1964726086	-0.04852265731	-0.1451305437	-0.160821916	-0.05723427953	-0.1618000582	-0.1451305437	-0.06061950323	0.1956265961	-0.06122629996	0.1952046475	0.06083933794	0.05950009835	-0.1441658483	0.05950009835	0.05950009835	0.06148150019	-0.008848422491	-0.008848422491	0.01702806886	-0.05222839249	0.06248627508	-0.02052013099	0.06534125021	0.004153097906	-0.1282290039	-0.04657156342	-0.05040580197	-0.08912877865	0.1024448975	0.1018893599	0.004170673609	0.0978761528	0.1132158271	-0.0637103136	0.09735508948	-0.0370131783	0.3980656309	0.1181616853	0.4129546104	0.7910789126	-0.102311349	-0.04720918797	-0.02171251961	-0.0624277018
chr11_2094762_G_A	-0.004901750682	-0.05128499517	-0.1082951	-0.103738416	0.1633712963	0.1622156065	-0.103738416	-0.01892622085	-0.1050073984	-0.103738416	-0.103738416	-0.1063464804	0.1633712963	-0.01892622085	0.02577285253	-0.1063464804	0.6402338947	0.1056363478	0.1484163691	0.1484163691	-0.04539864251	0.1484163691	-0.120654218	-0.120654218	0.8351324377	0.2005780929	0.851743281	-0.04992037668	-0.05478927842	-0.2134116389	-0.2134116389	-0.2134116389	0.1992785979	0.612475115	0.1992785979	0.8588675549	0.8588675549	0.1992785979	0.1992785979	0.1992785979	-0.05478927842	0.2005780929	0.612475115	0.612475115	0.2005780929	-0.110312038	-0.1078958874	-0.1078958874	-0.1105969187	0.9081624465	-0.2108219025	-0.02661408886	-0.00856107693	0.9150426151	0.2005780929	-0.00856107693	-0.01629037696	0.2126196432	0.9150426151	0.1924305813	0.1992785979	-0.08182392061	-0.111945911	0.2606010189	-0.111945911	0.9014037218	0.1992785979	0.2005780929	0.432172341	0.2005780929	0.2003192567	0.262131683	0.8947627029	0.2003192567	0.9014037218	1	-0.2095497862	-0.2095497862	0.2003192567	0.2003192567	-0.1953093606	0.2003192567	0.2016259729	0.3887020279	-0.02661408886	0.9831379851	-0.2095497862	0.9831379851	-0.1132939649	0.4629870502	-0.2095497862	0.4629870502	1	0.4616905472	-0.05262923806	1	0.4857101193	-0.1092469302	-0.001705877743	0.9106685371	0.4681785865	-0.2332415785	0.01006045205	0.4681785865	-0.01629037696	-0.2339057822	0.4694979052	-0.1110318008	-0.2339057822	0.9242319868	0.004808502203	0.4681785865	0.8975684514	-0.1110318008	0.4596412936	-0.1115868831	-0.231605685	-0.1102311854	0.3985231509	0.7864455423	-0.05861488914	-0.05861488914	0.3985231509	-0.1815214989	-0.06761744274	0.3343301174	0.7921912881	0.2624879365	0.2559166853	-0.09176838266	0.8760250538	0.1915472997	0.8760250538	0.001990689473	0.8760250538	0.1926370549	-0.1201977484	-0.1215369875	-0.1201977484	0.8760250538	0.1926370549	0.1926370549	0.1926370549	-0.1853462218	-0.02697723633	-0.1201977484	0.4036722946	0.8688027916	0.4023784991	-0.1201977484	-0.07976926477	-0.1884188678	0.8479409637	-0.1899691466	0.1786090718	0.1763042531	-0.1188576389	0.1763042531	0.1763042531	0.1788681664	0.5529914382	0.5529914382	0.5529914382	6.838546644e-05	-0.05602296343	0.4057984507	0.1636485993	0.4230183448	-0.0923931881	-0.02294322586	0.04037727585	0.2153525092	-0.01816685689	-0.01932751227	-0.08214867507	0.1767527884	-0.01824010624	-0.08383646522	0.176252799	0.3574059481	0.2535396535	0.1952067944	0.2526228848	-0.04074716648	-0.02436886876	0.3638569898	0.3456537855	-0.02852014352
chr11_2094852_T_C	0.03688146071	0.01535982629	-0.2542287354	-0.2629405772	0.6073872969	0.6050343765	-0.2629405772	-0.1117114318	-0.2656150015	-0.2629405772	-0.2629405772	-0.2170925085	0.602205374	-0.1117114318	0.1760817366	-0.2170925085	0.3187182815	0.4869942109	0.5759109747	0.5759109747	-0.2290801539	0.5759109747	-0.4082103827	-0.4082103827	0.3927784495	0.3326071565	0.4119952144	0.7494571699	0.7675983693	-0.5233067321	-0.5233067321	-0.5233067321	0.3353736861	0.2555659414	0.3353736861	0.4093505489	0.4093505489	0.3353736861	0.3353736861	0.3353736861	0.7675983693	0.3380720222	0.2555659414	0.2555659414	0.3380720222	0.7598269668	0.7791521667	0.7791521667	0.7841782004	0.4370929842	-0.5343716868	-0.07324000717	-0.04080805664	0.4345166141	0.3380720222	-0.04080805664	0.1395099835	0.3470836926	0.4345166141	0.3353089498	0.3353736861	-0.08635165322	0.786701195	-0.3032916025	0.786701195	0.4304134427	0.3353736861	0.3380720222	0.9419817241	0.3380720222	0.3371250512	-0.3014640339	0.4330325386	0.3371250512	0.4304134427	0.4857101193	-0.537052313	-0.537052313	0.3371250512	0.3371250512	-0.4982412451	0.3371250512	0.334344796	0.8261023677	-0.07324000717	0.4800922098	-0.537052313	0.4800922098	0.7829148621	0.9753823702	-0.537052313	0.9753823702	0.4857101193	0.9726735966	-0.1574029493	0.4857101193	1	0.7816618769	-0.07856985446	0.5039920614	0.9749507444	-0.5712581754	0.006542488865	0.9749507444	0.1395099835	-0.5724786297	0.9720452489	0.7533489675	-0.5724786297	0.5180473633	-0.07685750591	0.9749507444	0.5175480265	0.7533489675	0.9662731309	0.750408914	-0.5725593544	0.7479168055	0.9284108196	0.4412956634	-0.006762641966	-0.006762641966	0.9284108196	-0.550351281	-0.1660827079	0.2743664813	0.4387205291	-0.2989751781	-0.3036537527	-0.1348002187	0.4937043362	0.3052404235	0.4937043362	-0.009672559418	0.4840846081	0.3012436968	0.7056491318	0.7019118922	0.7056491318	0.4840846081	0.3012436968	0.3012436968	0.3012436968	-0.5371632683	-0.09074485513	0.7056491318	0.9055694788	0.4862736713	0.9084651843	0.7056491318	-0.1147001601	-0.5344542687	0.4740640315	-0.5331013349	0.2978859344	0.2992240772	0.6967228115	0.2992240772	0.293484908	0.2988748358	0.3287386223	0.3287386223	0.3287386223	-0.04410596021	0.144589093	0.2325410354	0.2978739349	0.2292150937	-0.213922224	0.02720393631	-0.03570867624	0.2076893162	-0.0799119366	-0.07763599697	-0.1251012165	0.09615008606	-0.07540954462	0.1227164851	0.09404794533	0.3169848648	0.03529694806	0.119050401	0.0320458519	-0.1223646203	0.4096697915	0.2790002808	0.2899321165	-0.01652803846
chr11_2095273_C_T	0.03807498862	0.04410268244	-0.2201235855	-0.2348036193	0.6109407275	0.609043018	-0.2348036193	-0.1203494983	-0.2370006282	-0.2348036193	-0.2348036193	-0.1769141746	0.6052433864	-0.1203494983	0.2057526324	-0.1769141746	-0.06176246627	0.5120315522	0.5843507848	0.5843507848	-0.2345811928	0.5843507848	-0.3914976674	-0.3914976674	-0.1175069799	0.2663895143	-0.1069429029	0.8646847002	0.9405464389	-0.4539042515	-0.4539042515	-0.4539042515	0.270192125	-0.1263782874	0.270192125	-0.1037558771	-0.1037558771	0.270192125	0.270192125	0.270192125	0.9405464389	0.2723979411	-0.1263782874	-0.1263782874	0.2723979411	0.915736825	0.9895503319	0.9895503319	0.9895709869	-0.1152575051	-0.4625707886	-0.07005565364	-0.04290203755	-0.1121787757	0.2723979411	-0.04290203755	0.3162016034	0.2751716151	-0.1121787757	0.2746075095	0.270192125	-0.04678607259	0.9930786487	-0.5176874119	0.9930786487	-0.1183111499	0.270192125	0.2723979411	0.7998002688	0.2723979411	0.2716031035	-0.5166287708	-0.1112170514	0.2716031035	-0.1183111499	-0.1092469302	-0.4662625893	-0.4662625893	0.2716031035	0.2716031035	-0.4295910823	0.2716031035	0.267781213	0.6934821594	-0.07005565364	-0.1156406753	-0.4662625893	-0.1156406753	0.9896499056	0.8182176209	-0.4662625893	0.8182176209	-0.1092469302	0.8160024301	-0.1451305437	-0.1092469302	0.7816618769	1	-0.08919872568	-0.04303000266	0.814789873	-0.4911346951	-0.002990871534	0.814789873	0.3162016034	-0.4920850058	0.8170445397	0.9579627941	-0.4920850058	-0.03618403592	-0.09070822781	0.814789873	-0.01981652173	0.9579627941	0.8108433864	0.9545211036	-0.4935273405	0.9510552263	0.8071694337	-0.03274436785	0.001618565636	0.001618565636	0.8071694337	-0.5010101041	-0.1238468291	0.08495812959	-0.029377232	-0.510888669	-0.5117256196	-0.09420110382	-0.02167877582	0.2410216734	-0.02167877582	-0.0158796115	-0.03225532697	0.2360893305	0.9094622286	0.9060796955	0.9094622286	-0.03225532697	0.2360893305	0.2360893305	0.2360893305	-0.4842324155	-0.08564434089	0.9094622286	0.7851819038	-0.03583366025	0.7829703062	0.9094622286	-0.07916344783	-0.4794576742	-0.0360019865	-0.477063906	0.2412465533	0.2439704696	0.9058935656	0.2439704696	0.2376604559	0.2420692902	0.004347038592	0.004347038592	0.004347038592	-0.05179829352	0.1859816528	-0.01977111874	0.2454003826	-0.02355083709	-0.1893861147	0.04159251195	-0.06808738568	0.08582188163	-0.05508996287	-0.05184257782	-0.08919872568	0.01178079774	-0.05000761073	0.2024560035	0.009802879597	0.113953057	-0.1403012116	0.02188677526	-0.1435337975	-0.1137870222	0.471213108	0.06686083759	0.09149699153	-0.003932745032
chr11_2095721_C_G	-0.03367960406	0.004064147302	-0.1156930899	-0.09748231858	-0.09235657343	-0.09301602123	-0.09748231858	-0.04679330236	-0.09818174798	-0.09748231858	-0.09748231858	-0.07605890994	-0.1063071309	-0.04679330236	0.08978809851	-0.07605890994	-0.02013060809	-0.09594104417	-0.11043727	-0.11043727	0.3509561111	-0.11043727	0.1759895996	0.1759895996	-0.008742423367	0.07999621857	-0.008742423367	-0.08831251311	-0.08289632433	0.1430920315	0.1430920315	0.1430920315	0.07930714562	-0.03635001808	0.07930714562	-0.007603105592	-0.007603105592	0.07930714562	0.07930714562	0.07930714562	-0.08289632433	0.07999621857	-0.03635001808	-0.03635001808	0.07999621857	-0.09698045857	-0.08850723403	-0.08850723403	-0.08989017071	-0.01533320045	0.1493117249	-0.04432455825	-0.0391933813	-0.01426204046	0.07999621857	-0.0391933813	0.006270801085	0.08650270797	-0.01426204046	0.08068641089	0.07930714562	-0.04374138547	-0.09058159599	0.1387321393	-0.09058159599	-0.01639424372	0.07930714562	0.07999621857	-0.08923517698	0.07999621857	0.07972129787	0.1395494636	-0.01744548701	0.07972129787	-0.01639424372	-0.001705877743	0.1512153836	0.1512153836	0.07972129787	0.07972129787	0.1701649335	0.07972129787	0.0804141428	-0.1041071332	-0.04432455825	-0.004106801984	0.1512153836	-0.004106801984	-0.09127302827	-0.08301939522	0.1512153836	-0.08301939522	-0.001705877743	-0.0837124791	-0.0624277018	-0.001705877743	-0.07856985446	-0.08919872568	1	-0.01510800611	-0.08208884491	0.1388187795	-0.04264300871	-0.08208884491	0.006270801085	0.1379386945	-0.08139459369	-0.08487414389	0.1379386945	-0.01298285247	0.7953856256	-0.08208884491	-0.01719430163	-0.08487414389	-0.08324840724	-0.08495833153	0.1391203096	-0.08426214319	-0.08463700384	-0.01797096128	-0.03133431448	-0.03133431448	-0.08463700384	0.1397041125	-0.0736160093	-0.04587221445	-0.01695366282	0.1348002522	0.1358233521	0.0275757943	-0.005200161147	0.07353449264	-0.005200161147	-0.04481725044	-0.005200161147	0.07395284672	-0.08919872568	-0.08989017071	-0.08919872568	-0.005200161147	0.07395284672	0.07395284672	0.07395284672	0.1353291965	-0.03413343872	-0.08919872568	-0.08187793583	-0.006347772865	-0.08256635162	-0.08919872568	-0.04264300871	0.1347213524	-0.009716659117	0.1344180748	0.07159660751	0.07049597889	-0.08850723403	0.07049597889	0.07049597889	0.0718771161	-0.02838452084	-0.02838452084	-0.02838452084	-0.03674025152	0.09845954964	-0.04735929903	0.07529565635	-0.04632871919	0.3003075674	-0.03276093466	0.01993144098	-0.03222735803	0.1225488475	0.1222998341	0.03959820687	0.09778216257	0.1230429684	-0.0002657149235	0.09752763101	-0.05693106652	-0.07015346226	0.1256435085	-0.0692775968	-0.02283769354	-0.04335345592	-0.07334724841	-0.0594134661	-0.04391499253
chr11_2095733_C_A	-0.006610581464	-0.02759730994	-0.1097745793	-0.114181674	0.1867235464	0.1854718729	-0.114181674	-0.01462379291	-0.1155592768	-0.114181674	-0.114181674	-0.1221612885	0.1867235464	-0.01462379291	0.05257038042	-0.1221612885	0.6146059472	0.1287398637	0.1783877	0.1783877	-0.03120896218	0.1783877	-0.1201406966	-0.1201406966	0.7876816225	0.2061998131	0.8029660858	0.01403716938	0.002139028076	-0.2286033821	-0.2286033821	-0.2286033821	0.2047922752	0.5626916891	0.2047922752	0.7946264786	0.7946264786	0.2047922752	0.2047922752	0.2047922752	0.002139028076	0.2061998131	0.5626916891	0.5626916891	0.2061998131	-0.04708603821	-0.04148880884	-0.04148880884	-0.04456878529	0.8521477358	-0.2272264523	-0.04690934554	-0.01996021294	0.8440460573	0.2061998131	-0.01996021294	-0.02778968233	0.2106223337	0.8440460573	0.198915004	0.2047922752	-0.08877508241	-0.04610523014	0.2153625088	-0.04610523014	0.8454934145	0.2047922752	0.2061998131	0.457174281	0.2061998131	0.2058617271	0.2169142895	0.838952673	0.2058617271	0.8454934145	0.9106685371	-0.2258392363	-0.2258392363	0.2058617271	0.2058617271	-0.2021071048	0.2058617271	0.2072770628	0.4009119255	-0.04690934554	0.910171855	-0.2258392363	0.910171855	-0.04763940987	0.4798616308	-0.2258392363	0.4798616308	0.9106685371	0.4784549863	-0.04799649362	0.9106685371	0.5039920614	-0.04303000266	-0.01510800611	1	0.485368861	-0.2557385454	-0.003889086924	0.485368861	-0.02778968233	-0.2564538304	0.4777929939	-0.1341580485	-0.2564538304	0.985382432	-0.00650667953	0.485368861	0.9567976835	-0.1341580485	0.4776021766	-0.1346462301	-0.2539578454	-0.1331906771	0.4285232153	0.865943634	-0.06359438138	-0.06359438138	0.4285232153	-0.2080442997	-0.05266587215	0.5254470917	0.8580029292	0.2650991267	0.2593924535	-0.09956435322	0.9335444537	0.1910360375	0.9335444537	-0.0119847635	0.9182419424	0.192122884	-0.1337175362	-0.1351672994	-0.1337175362	0.9182419424	0.192122884	0.192122884	0.192122884	-0.2043318589	-0.03534593182	-0.1337175362	0.4162949729	0.925805488	0.4237988557	-0.1337175362	-0.08654587803	-0.2076798363	0.9034492129	-0.2093690783	0.1784365928	0.176020451	-0.1322668841	0.176020451	0.176020451	0.178808936	0.6434671119	0.6434671119	0.6434671119	0.02038765774	-0.09798017408	0.5070328779	0.1619698591	0.4955336078	-0.1202058028	0.004067939535	0.02622191851	0.1968321722	-0.04241363131	-0.04373664936	-0.08912742563	0.1860514067	-0.05025934029	-0.09095859809	0.1854868071	0.4210617844	0.2346240931	0.2041024695	0.2346797659	-0.03454550138	-0.04461069287	0.4367380744	0.4222515188	-0.03978114595
chr11_2095799_A_G	0.007848442909	0.008335854994	-0.2530272006	-0.264706107	0.628239668	0.6258638507	-0.264706107	-0.1143320613	-0.2674096898	-0.264706107	-0.264706107	-0.2170107221	0.6231474199	-0.1143320613	0.1931729036	-0.2170107221	0.3069344973	0.512083911	0.5959876229	0.5959876229	-0.2333393207	0.5959876229	-0.4131216776	-0.4131216776	0.3763890221	0.3471794037	0.3952732352	0.733618224	0.7986606404	-0.5262714709	-0.5262714709	-0.5262714709	0.3498191488	0.2385972468	0.3498191488	0.3927513213	0.3927513213	0.3498191488	0.3498191488	0.3498191488	0.7986606404	0.3525496983	0.2385972468	0.2385972468	0.3525496983	0.7450120562	0.8124568876	0.8124568876	0.817130312	0.4194799048	-0.5375015002	-0.08005196171	-0.04445598648	0.4170236779	0.3525496983	-0.04445598648	0.2720411943	0.3620991181	0.4170236779	0.3499135942	0.3498191488	-0.08971669072	0.8194782507	-0.3155119803	0.8194782507	0.4128406069	0.3498191488	0.3525496983	0.9602889695	0.3525496983	0.35164595	-0.3136783924	0.4153392342	0.35164595	0.4128406069	0.4681785865	-0.5400595205	-0.5400595205	0.35164595	0.35164595	-0.498086078	0.35164595	0.348993173	0.8394239336	-0.08005196171	0.4625013715	-0.5400595205	0.4625013715	0.8156269801	0.9945047011	-0.5400595205	0.9945047011	0.4681785865	0.9917658066	-0.1616143491	0.4681785865	0.9749507444	0.814789873	-0.08208884491	0.485368861	1	-0.5765931123	0.001691912933	1	0.2720411943	-0.5778291647	0.9972236054	0.7951204261	-0.5778291647	0.4993330507	-0.07946662908	1	0.4985390125	0.7951204261	0.9916289523	0.7916868614	-0.5777716445	0.7893870633	0.9534237403	0.4236713401	-0.01012664751	-0.01012664751	0.9534237403	-0.5560113403	-0.1514659742	0.2645223879	0.4212163385	-0.3138360642	-0.3182724121	-0.1379174235	0.4759516984	0.3239596992	0.4759516984	-0.01448407298	0.4664984425	0.3201686873	0.746317328	0.7425063134	0.746317328	0.4664984425	0.3201686873	0.3201686873	0.3201686873	-0.5432353461	-0.09296648763	0.746317328	0.9312830975	0.4685715896	0.9340516673	0.746317328	-0.1174525958	-0.5407749534	0.4563408594	-0.5395472754	0.3167117756	0.3178162619	0.7376849885	0.3178162619	0.3121764108	0.317619439	0.3162915375	0.3162915375	0.3162915375	-0.04742429235	0.1313029639	0.2203150537	0.307210184	0.2170702065	-0.2264196166	0.02309364093	-0.03902989218	0.1860074479	-0.05670237678	-0.05447042276	-0.1278149678	0.1075380847	-0.05218989425	0.1318761913	0.1054525204	0.2933497295	0.02972890465	0.1282234043	0.02670911384	-0.1267108567	0.4050309129	0.2554356326	0.2666705559	-0.02112068103
chr11_2095814_GACA_G	-0.0002583594388	-0.04004443037	0.4528059117	0.4971066394	-0.517091495	-0.5173079641	0.4971066394	0.2666787656	0.4972571766	0.4971066394	0.4971066394	0.3647666126	-0.517091495	0.2666787656	0.3268563849	0.3647666126	-0.1349822987	-0.4316894365	-0.5163791061	-0.5163791061	0.4050169479	-0.5163791061	0.7514449669	0.7514449669	-0.2260793131	0.4330906115	-0.2424639964	-0.4368983062	-0.4670991376	0.8898174383	0.8898174383	0.8898174383	0.428240981	-0.06561403591	0.428240981	-0.2436783891	-0.2436783891	0.428240981	0.428240981	0.428240981	-0.4670991376	0.4237716554	-0.06561403591	-0.06561403591	0.4284311334	-0.4574745002	-0.4915068117	-0.4915068117	-0.5015617065	-0.2516198676	0.9050942324	0.1688837624	0.04196861027	-0.2527552524	0.4284311334	0.04196861027	-0.1273750935	0.4422995715	-0.2527552524	0.4286258014	0.428240981	0.1664963765	-0.5011951265	0.7583092671	-0.5011951265	-0.2505102311	0.428240981	0.4237716554	-0.5894581919	0.4237716554	0.4211116204	0.7555172577	-0.2572761923	0.4211116204	-0.2505102311	-0.2332415785	0.9053260008	0.9053260008	0.4211116204	0.4211116204	0.8190059671	0.4211116204	0.4259855655	-0.4579153885	0.1688837624	-0.2307322278	0.9053260008	-0.2307322278	-0.5062218394	-0.5832037355	0.9053260008	-0.5832037355	-0.2332415785	-0.5785082531	0.2225577956	-0.2332415785	-0.5712581754	-0.4911346951	0.1388187795	-0.2557385454	-0.5765931123	1	0.1116831549	-0.5765931123	-0.1273750935	0.9979161584	-0.5765066766	-0.4738693305	0.9979161584	-0.2658987524	0.0998827049	-0.5765931123	-0.2535718521	-0.4738693305	-0.5702128318	-0.4700422698	0.9979169193	-0.464966814	-0.5708043627	-0.2642104442	-0.1428554377	-0.1428554377	-0.5708043627	0.9685305967	0.2221852769	-0.1450881031	-0.2652816726	0.8332992194	0.8365267802	-0.1287820066	-0.2504142106	0.5354602097	-0.2504142106	0.1201995042	-0.2504142106	0.5385065618	-0.4803329745	-0.4745839125	-0.4803329745	-0.2504142106	0.5385065618	0.5385065618	0.5385065618	0.9543873428	0.1039450617	-0.4803329745	-0.5703743765	-0.2491576369	-0.5704726127	-0.4803329745	0.1707542663	0.9500700495	-0.2535847795	0.9437327503	0.5170083975	0.5140553004	-0.4644755493	0.5140553004	0.5189486562	0.5189327021	-0.1839183481	-0.1839183481	-0.1736416396	-0.1243184306	0.4674341028	-0.2039864557	0.3609899863	-0.2012759449	0.427950678	0.0895835775	0.0823404561	-0.1735508772	0.5483289054	0.545670461	-0.1124484697	0.4508721512	0.5464262137	-0.09144699736	0.4481367867	-0.2326287249	0.1280070723	0.378037732	0.1254780487	0.1591004233	-0.2556147232	-0.239856759	-0.2063363006	-0.006651733184
chr11_2095878_C_T	0.004294532964	-0.05907117497	-0.05398979155	0.2374471974	-0.03075428912	-0.03138098106	0.2374471974	0.4169921752	0.2369344317	0.2374471974	0.2374471974	-0.06411813898	-0.03075428912	0.4169921752	0.1419694868	-0.06411813898	0.02626655745	-0.009089713378	-0.03621113604	-0.03621113604	-0.0883380422	-0.03621113604	0.1500895481	0.1500895481	0.00281392073	0.1448240481	0.00281392073	0.01957595443	0.02251190515	0.1117727901	0.1117727901	0.1117727901	0.144141099	0.4034519839	0.144141099	0.003985250677	0.003985250677	0.144141099	0.144141099	0.144141099	0.02251190515	0.1448240481	0.4034519839	0.4034519839	0.1283949781	-0.008838960029	-0.002235918964	-0.002235918964	-0.003744375091	-0.003947056213	0.12012499	0.5954120438	0.01824552843	-0.0028499671	0.1283949781	0.01824552843	0.01305019698	0.1345838868	-0.0028499671	0.1290761585	0.1277154142	-0.04247443013	-0.004496467149	0.1158528741	-0.004496467149	-0.005033124252	0.1277154142	0.1283949781	-0.006956814421	0.1283949781	0.1283823607	0.1166160355	-0.006108515506	0.1283823607	-0.005033124252	0.01006045205	0.1218574033	0.1218574033	0.1283823607	0.1283823607	-0.1532123352	0.1283823607	0.129065752	0.2783892762	0.5954120438	0.007584583501	0.1218574033	0.007584583501	-0.005247184828	0.0003365044628	0.1218574033	0.0003365044628	0.01006045205	-0.0003365044628	-0.06061950323	0.01006045205	0.006542488865	-0.002990871534	-0.04264300871	-0.003889086924	0.001691912933	0.1116831549	1	0.001691912933	0.01305019698	0.1108746159	0.00236875671	0.003137323643	0.1108746159	-0.001715392041	-0.03443110975	0.001691912933	-0.006020563259	0.003137323643	0.001020820444	0.002342996948	0.1120262138	0.003114701391	-0.01850774836	-0.0337483141	-0.030426726	-0.030426726	-0.01850774836	0.1272938216	-0.07148374495	0.004163852682	-0.0328368521	0.113579461	0.1145964721	-0.04763655577	-0.02265293696	0.1265461169	-0.02265293696	0.9514864989	-0.02265293696	0.1272660659	-0.002990871534	-0.003744375091	-0.002990871534	-0.02265293696	0.1272660659	0.1272660659	0.1272660659	0.1231279503	0.03097761616	-0.002990871534	-0.01582997385	-0.02366643815	-0.01649913884	-0.002990871534	-0.04140786749	0.1225011565	-0.02664838326	0.122188099	0.1253420525	0.1239660234	-0.002235918964	0.1239660234	0.1239660234	0.1252825658	0.0133990714	0.0133990714	0.0133990714	-0.0356760818	-0.1722408036	-0.0421322622	-0.2072878875	-0.04101228418	-0.1046916137	-0.03181202459	-0.03443110975	-0.026855698	-0.1579868127	-0.1590065195	-0.04264300871	-0.1829570188	-0.1586238206	-0.043519133	-0.1842801582	-0.02392999502	-0.08451166554	-0.1736145186	-0.0841104037	-0.05649815198	-0.005972133007	-0.01831657278	-0.02682090936	0.003986194292
chr11_2095968_T_C	0.007848442909	0.008335854994	-0.2530272006	-0.264706107	0.628239668	0.6258638507	-0.264706107	-0.1143320613	-0.2674096898	-0.264706107	-0.264706107	-0.2170107221	0.6231474199	-0.1143320613	0.1931729036	-0.2170107221	0.3069344973	0.512083911	0.5959876229	0.5959876229	-0.2333393207	0.5959876229	-0.4131216776	-0.4131216776	0.3763890221	0.3471794037	0.3952732352	0.733618224	0.7986606404	-0.5262714709	-0.5262714709	-0.5262714709	0.3498191488	0.2385972468	0.3498191488	0.3927513213	0.3927513213	0.3498191488	0.3498191488	0.3498191488	0.7986606404	0.3525496983	0.2385972468	0.2385972468	0.3525496983	0.7450120562	0.8124568876	0.8124568876	0.817130312	0.4194799048	-0.5375015002	-0.08005196171	-0.04445598648	0.4170236779	0.3525496983	-0.04445598648	0.2720411943	0.3620991181	0.4170236779	0.3499135942	0.3498191488	-0.08971669072	0.8194782507	-0.3155119803	0.8194782507	0.4128406069	0.3498191488	0.3525496983	0.9602889695	0.3525496983	0.35164595	-0.3136783924	0.4153392342	0.35164595	0.4128406069	0.4681785865	-0.5400595205	-0.5400595205	0.35164595	0.35164595	-0.498086078	0.35164595	0.348993173	0.8394239336	-0.08005196171	0.4625013715	-0.5400595205	0.4625013715	0.8156269801	0.9945047011	-0.5400595205	0.9945047011	0.4681785865	0.9917658066	-0.1616143491	0.4681785865	0.9749507444	0.814789873	-0.08208884491	0.485368861	1	-0.5765931123	0.001691912933	1	0.2720411943	-0.5778291647	0.9972236054	0.7951204261	-0.5778291647	0.4993330507	-0.07946662908	1	0.4985390125	0.7951204261	0.9916289523	0.7916868614	-0.5777716445	0.7893870633	0.9534237403	0.4236713401	-0.01012664751	-0.01012664751	0.9534237403	-0.5560113403	-0.1514659742	0.2645223879	0.4212163385	-0.3138360642	-0.3182724121	-0.1379174235	0.4759516984	0.3239596992	0.4759516984	-0.01448407298	0.4664984425	0.3201686873	0.746317328	0.7425063134	0.746317328	0.4664984425	0.3201686873	0.3201686873	0.3201686873	-0.5432353461	-0.09296648763	0.746317328	0.9312830975	0.4685715896	0.9340516673	0.746317328	-0.1174525958	-0.5407749534	0.4563408594	-0.5395472754	0.3167117756	0.3178162619	0.7376849885	0.3178162619	0.3121764108	0.317619439	0.3162915375	0.3162915375	0.3162915375	-0.04742429235	0.1313029639	0.2203150537	0.307210184	0.2170702065	-0.2264196166	0.02309364093	-0.03902989218	0.1860074479	-0.05670237678	-0.05447042276	-0.1278149678	0.1075380847	-0.05218989425	0.1318761913	0.1054525204	0.2933497295	0.02972890465	0.1282234043	0.02670911384	-0.1267108567	0.4050309129	0.2554356326	0.2666705559	-0.02112068103
chr11_2096158_C_T	-0.02600912213	-0.05751594988	-0.04662463636	-0.05607626816	0.08900687133	0.08842424346	-0.05607626816	-0.008872038888	-0.05671947418	-0.05607626816	-0.05607626816	-0.05860422014	0.08900687133	-0.008872038888	-0.03802473731	-0.05860422014	-0.05334665055	0.07357228316	0.08131981304	0.08131981304	-0.08404420516	0.08131981304	-0.114655686	-0.114655686	-0.02242486496	0.1393272777	-0.02242486496	-0.05302561518	0.2981985924	-0.1001244836	-0.1001244836	-0.1001244836	0.1386626563	-0.04103685885	0.1386626563	-0.02142911354	-0.02142911354	0.1386626563	0.1386626563	0.1386626563	0.2981985924	0.1393272777	-0.04103685885	-0.04103685885	0.1393272777	-0.04350052337	0.3172552801	0.3172552801	0.3151546943	-0.02820390503	-0.1031910817	-0.03625430371	-0.0370561628	-0.02726250166	0.1393272777	-0.0370561628	1	0.1453168049	-0.02726250166	0.1399936224	0.1386626563	-0.04135616391	0.3141144727	-0.116912921	0.3141144727	-0.02913724331	0.1386626563	0.1393272777	0.2579421598	0.1393272777	0.1393867707	-0.1165411946	-0.0300627699	0.1393867707	-0.02913724331	-0.01629037696	-0.1025324058	-0.1025324058	0.1393867707	0.1393867707	-0.08487709941	0.1393867707	0.1400551652	0.2171992203	-0.03625430371	-0.01837938385	-0.1025324058	-0.01837938385	0.3130808599	0.269220705	-0.1025324058	0.269220705	-0.01629037696	0.268565415	0.01719940645	-0.01629037696	0.1395099835	0.3162016034	0.006270801085	-0.02778968233	0.2720411943	-0.1273750935	0.01305019698	0.2720411943	1	-0.1276918968	0.272709191	0.3295291206	-0.1276918968	-0.02591832784	-0.03352460796	0.2720411943	-0.02962991708	0.3295291206	0.2728987412	0.3260364801	-0.1265276343	0.3271529899	0.2485512012	-0.0575578239	-0.02962565158	-0.02962565158	0.2485512012	-0.1118923683	0.02409051569	-0.0433707986	-0.05678609218	-0.1381105657	-0.1518801434	-0.04638238117	-0.04873297068	0.1214578484	-0.04873297068	0.008616592723	-0.04873297068	0.1221488491	0.3162016034	0.3151546943	0.3162016034	-0.04873297068	0.1221488491	0.1221488491	0.1221488491	-0.1136271903	-0.03227213932	0.3162016034	0.2511527068	-0.04956692811	0.2504982754	0.3162016034	-0.04031768172	-0.1152682471	-0.05203186064	-0.1160965189	0.1202638964	0.1189338839	0.3172552801	0.1189338839	0.1189338839	0.1202165478	-0.05751594988	-0.05751594988	-0.05751594988	-0.0347368024	-0.1397325316	-0.03950831828	0.1014802062	-0.03837097603	-0.08113317051	0.03735956781	-0.03352460796	-0.02440493657	0.1371095668	0.1369337932	-0.04152030415	0.1178447362	0.137662397	0.008616592723	0.1177024055	-0.04888302441	-0.01296777679	0.1128770484	-0.01067713494	0.0258968356	-0.0352931146	-0.03946880622	-0.05130581047	-0.04152030415
chr11_2096707_G_A	-0.001123466086	-0.04080063973	0.4494981986	0.4934085408	-0.518480715	-0.5187060818	0.4934085408	0.2646671283	0.4935484807	0.4934085408	0.4934085408	0.3620758611	-0.518480715	0.2646671283	0.3286962858	0.3620758611	-0.1354887501	-0.4332597697	-0.5178073737	-0.5178073737	0.4132865511	-0.5178073737	0.7543289871	0.7543289871	-0.226815445	0.4347423264	-0.243167483	-0.4324328216	-0.4629457736	0.8883627502	0.8883627502	0.8883627502	0.4298925974	-0.06703526963	0.4298925974	-0.2443699329	-0.2443699329	0.4298925974	0.4298925974	0.4298925974	-0.4629457736	0.4254419377	-0.06703526963	-0.06703526963	0.4300921321	-0.45838868	-0.4924475802	-0.4924475802	-0.5025000542	-0.2523616156	0.9076884985	0.16754784	0.04134637889	-0.2534853915	0.4300921321	0.04134637889	-0.1276918968	0.4440187499	-0.2534853915	0.4302962035	0.4298925974	0.1655635316	-0.502143028	0.7604844119	-0.502143028	-0.2512635106	0.4298925974	0.4254419377	-0.5907404283	0.4254419377	0.4227905223	0.757712074	-0.2580252866	0.4227905223	-0.2512635106	-0.2339057822	0.9079569205	0.9079569205	0.4227905223	0.4227905223	0.8222263796	0.4227905223	0.4276645739	-0.4597458819	0.16754784	-0.2314207937	0.9079569205	-0.2314207937	-0.5071685606	-0.5844324292	0.9079569205	-0.5844324292	-0.2339057822	-0.5797558268	0.221256457	-0.2339057822	-0.5724786297	-0.4920850058	0.1379386945	-0.2564538304	-0.5778291647	0.9979161584	0.1108746159	-0.5778291647	-0.1276918968	1	-0.5777334022	-0.4748108278	1	-0.2665749765	0.09919641489	-0.5778291647	-0.2543101607	-0.4748108278	-0.5714845545	-0.4709865583	0.9958457188	-0.4659124521	-0.5720732112	-0.2649195006	-0.1430014174	-0.1430014174	-0.5720732112	0.9665175985	0.2207309262	-0.1454294202	-0.2659792466	0.835125188	0.8383581565	-0.1291995859	-0.2510544369	0.5366693674	-0.2510544369	0.1193441176	-0.2510544369	0.5397225988	-0.4813048069	-0.4755760115	-0.4813048069	-0.2510544369	0.5397225988	0.5397225988	0.5397225988	0.9565092768	0.1032688824	-0.4813048069	-0.5716061386	-0.2498100198	-0.5717136262	-0.4813048069	0.1698280322	0.9522017832	-0.2542570875	0.9458777932	0.5182432408	0.5152738502	-0.4654701757	0.5152738502	0.5201574564	0.5201599499	-0.1843878986	-0.1843878986	-0.1741316658	-0.1245756346	0.4695832444	-0.2045946005	0.3627336819	-0.2018865785	0.4250941283	0.08895487396	0.08168911781	-0.1740667107	0.5505205155	0.5478684393	-0.1128279221	0.4528339329	0.5486348564	-0.09188069295	0.4501063915	-0.2332889105	0.1325187076	0.3804632059	0.1301638324	0.1579838459	-0.2560944881	-0.2406924403	-0.2070777561	-0.007241978255
chr11_2096908_C_T	0.008848402699	0.009301615786	-0.2556737402	-0.2667789449	0.6310547647	0.6286896425	-0.2667789449	-0.1200393842	-0.2694733262	-0.2667789449	-0.2667789449	-0.2147497394	0.6259623475	-0.1200393842	0.1903023165	-0.2147497394	0.3078401796	0.5149078054	0.5988451057	0.5988451057	-0.2375525274	0.5988451057	-0.4181952259	-0.4181952259	0.3683294636	0.3442868121	0.3872143034	0.7358771936	0.8010633227	-0.5266564349	-0.5266564349	-0.5266564349	0.3469379179	0.2334087323	0.3469379179	0.3941237275	0.3941237275	0.3469379179	0.3469379179	0.3469379179	0.8010633227	0.3496572849	0.2334087323	0.2334087323	0.3496572849	0.7471452264	0.8147013128	0.8147013128	0.8193952332	0.4117886881	-0.5378051958	-0.07890038065	-0.04383542317	0.4184623491	0.3496572849	-0.04383542317	0.272709191	0.3591079185	0.4184623491	0.3470097855	0.3469379179	-0.08902544795	0.82175344	-0.3197794098	0.82175344	0.405206513	0.3469379179	0.3496572849	0.9577110334	0.3496572849	0.3487496729	-0.3179620551	0.4077615678	0.3487496729	0.405206513	0.4694979052	-0.5403837822	-0.5403837822	0.3487496729	0.3487496729	-0.498937013	0.3487496729	0.3460854697	0.8376402581	-0.07890038065	0.4541754663	-0.5403837822	0.4541754663	0.8179122452	0.991765718	-0.5403837822	0.991765718	0.4694979052	0.9890377326	-0.1606289215	0.4694979052	0.9720452489	0.8170445397	-0.08139459369	0.4777929939	0.9972236054	-0.5765066766	0.00236875671	0.9972236054	0.272709191	-0.5777334022	1	0.7973245331	-0.5777334022	0.4916439432	-0.07890650959	0.9972236054	0.491073411	0.7973245331	0.9888477031	0.7938852718	-0.5776950539	0.7915752772	0.9507312522	0.4163597782	-0.009629676334	-0.009629676334	0.9507312522	-0.5559336256	-0.1503026401	0.2652592043	0.4226463635	-0.3130508143	-0.3175075378	-0.1371434083	0.4772830987	0.3213418862	0.4772830987	-0.01377325858	0.4678295292	0.3175357939	0.7485697224	0.7447687583	0.7485697224	0.4678295292	0.3175357939	0.3175357939	0.3175357939	-0.5431105445	-0.09242784052	0.7485697224	0.9340490097	0.460514494	0.9313258051	0.7485697224	-0.1167797058	-0.5406303118	0.4484719531	-0.5393926449	0.3141065164	0.3152366518	0.7399269325	0.3152366518	0.3095966135	0.3150185541	0.3172675177	0.3172675177	0.3172675177	-0.04684276119	0.1328479396	0.2118321743	0.309795453	0.2182457703	-0.2241128563	0.02361435642	-0.03846843081	0.1870087004	-0.05577483432	-0.05353078149	-0.127122234	0.1092732901	-0.05125845457	0.1325918626	0.1072044093	0.2946571959	0.02422488953	0.1293778551	0.02100969526	-0.125791632	0.4061866107	0.2569611515	0.2680104951	-0.02042440661
chr11_2096919_G_A	0.0113694725	0.02684556356	-0.2059617467	-0.2175277223	0.5923313729	0.5904750384	-0.2175277223	-0.1159562292	-0.2196694897	-0.2175277223	-0.2175277223	-0.1602256497	0.5865026171	-0.1159562292	0.19052522	-0.1602256497	-0.07015091987	0.5022130173	0.5609768226	0.5609768226	-0.2497619746	0.5609768226	-0.3871870721	-0.3871870721	-0.1292847263	0.2520887975	-0.1184769787	0.8246824376	0.9072213515	-0.434331535	-0.434331535	-0.434331535	0.2560810772	-0.12887984	0.2560810772	-0.115441475	-0.115441475	0.2560810772	0.2560810772	0.2560810772	0.9072213515	0.2582358144	-0.12887984	-0.12887984	0.2582358144	0.8812336739	0.9542258605	0.9542258605	0.9617065247	-0.125695285	-0.4484283253	-0.06110247746	-0.03819575595	-0.1227533013	0.2582358144	-0.03819575595	0.3295291206	0.2662817183	-0.1227533013	0.2603941356	0.2560810772	-0.04150843198	0.9654571565	-0.5090950522	0.9654571565	-0.1286141709	0.2560810772	0.2582358144	0.7694125782	0.2582358144	0.2574183659	-0.5080649874	-0.1211537318	0.2574183659	-0.1286141709	-0.1110318008	-0.4522647248	-0.4522647248	0.2574183659	0.2574183659	-0.4198453681	0.2574183659	0.2534057849	0.6700933921	-0.06110247746	-0.1172301112	-0.4522647248	-0.1172301112	0.9621103355	0.792709158	-0.4522647248	0.792709158	-0.1110318008	0.7905435955	-0.1394056857	-0.1110318008	0.7533489675	0.9579627941	-0.08487414389	-0.1341580485	0.7951204261	-0.4738693305	0.003137323643	0.7951204261	0.3295291206	-0.4748108278	0.7973245331	1	-0.4748108278	-0.1284058733	-0.08764747301	0.7951204261	-0.1092014908	1	0.7909698273	0.9964278044	-0.4764670299	0.9927893151	0.7819474264	-0.1306326947	0.03223829162	0.03223829162	0.7819474264	-0.4840030285	-0.1274061243	-0.07043274111	-0.1278031305	-0.5429828182	-0.5439867791	-0.08924456267	-0.1183372219	0.235336912	-0.1183372219	-0.009732731368	-0.1183372219	0.2302268293	0.943712623	0.9403522501	0.943712623	-0.1183372219	0.2302268293	0.2302268293	0.2302268293	-0.4721656126	-0.08265929813	0.943712623	0.7653515	-0.1213379835	0.7631894745	0.943712623	-0.07479224636	-0.4670030202	-0.119605406	-0.4644137891	0.2358417532	0.2387915576	0.932829263	0.2387915576	0.2323359973	0.2366460577	-0.09517237443	-0.09517237443	-0.09517237443	-0.07003450352	0.2160493943	-0.1090287821	0.2374212646	-0.1046040319	-0.1794668612	0.02236701554	-0.0645048594	0.07145098922	-0.03163504293	-0.02815710654	-0.08487414389	-0.006667846294	-0.02633576695	0.2136390045	-0.008671858142	0.03507141029	-0.1275704671	0.005331859275	-0.1308467066	-0.1079560053	0.4925414662	-0.01062159116	0.01383391463	0.00235857858
chr11_2097561_T_C	-0.001123466086	-0.04080063973	0.4494981986	0.4934085408	-0.518480715	-0.5187060818	0.4934085408	0.2646671283	0.4935484807	0.4934085408	0.4934085408	0.3620758611	-0.518480715	0.2646671283	0.3286962858	0.3620758611	-0.1354887501	-0.4332597697	-0.5178073737	-0.5178073737	0.4132865511	-0.5178073737	0.7543289871	0.7543289871	-0.226815445	0.4347423264	-0.243167483	-0.4324328216	-0.4629457736	0.8883627502	0.8883627502	0.8883627502	0.4298925974	-0.06703526963	0.4298925974	-0.2443699329	-0.2443699329	0.4298925974	0.4298925974	0.4298925974	-0.4629457736	0.4254419377	-0.06703526963	-0.06703526963	0.4300921321	-0.45838868	-0.4924475802	-0.4924475802	-0.5025000542	-0.2523616156	0.9076884985	0.16754784	0.04134637889	-0.2534853915	0.4300921321	0.04134637889	-0.1276918968	0.4440187499	-0.2534853915	0.4302962035	0.4298925974	0.1655635316	-0.502143028	0.7604844119	-0.502143028	-0.2512635106	0.4298925974	0.4254419377	-0.5907404283	0.4254419377	0.4227905223	0.757712074	-0.2580252866	0.4227905223	-0.2512635106	-0.2339057822	0.9079569205	0.9079569205	0.4227905223	0.4227905223	0.8222263796	0.4227905223	0.4276645739	-0.4597458819	0.16754784	-0.2314207937	0.9079569205	-0.2314207937	-0.5071685606	-0.5844324292	0.9079569205	-0.5844324292	-0.2339057822	-0.5797558268	0.221256457	-0.2339057822	-0.5724786297	-0.4920850058	0.1379386945	-0.2564538304	-0.5778291647	0.9979161584	0.1108746159	-0.5778291647	-0.1276918968	1	-0.5777334022	-0.4748108278	1	-0.2665749765	0.09919641489	-0.5778291647	-0.2543101607	-0.4748108278	-0.5714845545	-0.4709865583	0.9958457188	-0.4659124521	-0.5720732112	-0.2649195006	-0.1430014174	-0.1430014174	-0.5720732112	0.9665175985	0.2207309262	-0.1454294202	-0.2659792466	0.835125188	0.8383581565	-0.1291995859	-0.2510544369	0.5366693674	-0.2510544369	0.1193441176	-0.2510544369	0.5397225988	-0.4813048069	-0.4755760115	-0.4813048069	-0.2510544369	0.5397225988	0.5397225988	0.5397225988	0.9565092768	0.1032688824	-0.4813048069	-0.5716061386	-0.2498100198	-0.5717136262	-0.4813048069	0.1698280322	0.9522017832	-0.2542570875	0.9458777932	0.5182432408	0.5152738502	-0.4654701757	0.5152738502	0.5201574564	0.5201599499	-0.1843878986	-0.1843878986	-0.1741316658	-0.1245756346	0.4695832444	-0.2045946005	0.3627336819	-0.2018865785	0.4250941283	0.08895487396	0.08168911781	-0.1740667107	0.5505205155	0.5478684393	-0.1128279221	0.4528339329	0.5486348564	-0.09188069295	0.4501063915	-0.2332889105	0.1325187076	0.3804632059	0.1301638324	0.1579838459	-0.2560944881	-0.2406924403	-0.2070777561	-0.007241978255
chr11_2097671_G_A	-0.003408606785	-0.02472154497	-0.1195235143	-0.1220980753	0.1811142366	0.1798811578	-0.1220980753	-0.02130415016	-0.1234593592	-0.1220980753	-0.1220980753	-0.1259673829	0.1811142366	-0.02130415016	0.04369809906	-0.1259673829	0.6021471234	0.1199144129	0.17316776	0.17316776	-0.02475278328	0.17316776	-0.1224152707	-0.1224152707	0.8002069419	0.2075896381	0.8156474855	0.02148877122	0.009932077702	-0.2400943548	-0.2400943548	-0.2400943548	0.2062027855	0.5742995521	0.2062027855	0.8071867476	0.8071867476	0.2062027855	0.2062027855	0.2062027855	0.009932077702	0.2075896381	0.5742995521	0.5742995521	0.2075896381	-0.04067126738	-0.03466034496	-0.03466034496	-0.03770524893	0.8655447809	-0.2383192122	-0.04361347839	-0.01812968646	0.8573250677	0.2075896381	-0.01812968646	-0.02591832784	0.2117108481	0.8573250677	0.2001953578	0.2062027855	-0.08741120628	-0.03922405709	0.2113689471	-0.03922405709	0.858857712	0.2062027855	0.2075896381	0.4711218104	0.2075896381	0.2072796033	0.2128957802	0.8522852877	0.2072796033	0.858857712	0.9242319868	-0.237021415	-0.237021415	0.2072796033	0.2072796033	-0.2146989155	0.2072796033	0.2086741486	0.4153657828	-0.04361347839	0.923803365	-0.237021415	0.923803365	-0.04074053279	0.4937915365	-0.237021415	0.4937915365	0.9242319868	0.4924065026	-0.06512302287	0.9242319868	0.5180473633	-0.03618403592	-0.01298285247	0.985382432	0.4993330507	-0.2658987524	-0.001715392041	0.4993330507	-0.02591832784	-0.2665749765	0.4916439432	-0.1284058733	-0.2665749765	1	-0.004732649144	0.4993330507	0.9712650817	-0.1284058733	0.4915737687	-0.1289172979	-0.2641147732	-0.127479979	0.4419872232	0.8794528315	-0.06261736333	-0.06261736333	0.4419872232	-0.2177641117	-0.06567076317	0.5331938244	0.8713957308	0.2625234785	0.2567030953	-0.09803471854	0.9473801742	0.1935514494	0.9473801742	-0.009780884038	0.9319213983	0.1946526066	-0.1277976437	-0.1292289282	-0.1277976437	0.9319213983	0.1946526066	0.1946526066	0.1946526066	-0.2137832931	-0.03393515887	-0.1277976437	0.4294907971	0.9395986398	0.4371069891	-0.1277976437	-0.08521624979	-0.2171354116	0.9171226435	-0.2188269252	0.1809777781	0.1785696761	-0.126365419	0.1785696761	0.1785696761	0.1813129937	0.6531955877	0.6531955877	0.6531955877	0.02250287365	-0.09394218232	0.5160426247	0.1631833825	0.5044149299	-0.1138645606	0.005809954663	0.02833016363	0.2020965365	-0.04752903185	-0.04884792047	-0.08775813635	0.1853815658	-0.04772067043	-0.089561176	0.1848341136	0.4296057264	0.2308694558	0.2020645367	0.2306118509	-0.05297658022	-0.04133053428	0.4328848777	0.4163187064	-0.0379079471
chr11_2097923_A_G	-0.05085902316	-0.04911834953	-0.08228905702	-0.08363083599	-0.04962934114	-0.05015601724	-0.08363083599	-0.06003559989	-0.08419803977	-0.08363083599	-0.08363083599	-0.04888085935	-0.04962934114	-0.06003559989	0.08568802873	-0.04888085935	0.002584160221	-0.03546506886	-0.05368667654	-0.05368667654	0.2595697962	-0.05368667654	0.1196343485	0.1196343485	-0.001091455107	0.05016648062	-0.001091455107	-0.06726978642	-0.07656732017	0.1070820578	0.1070820578	0.1070820578	0.04961307675	-0.04039189499	0.04961307675	-0.0001372166035	-0.0001372166035	0.04961307675	0.04961307675	0.04961307675	-0.07656732017	0.05016648062	-0.04039189499	-0.04039189499	0.05016648062	-0.0834762673	-0.09016855562	-0.09016855562	-0.09124817604	-0.006603665684	0.1190437881	-0.05872104882	-0.031645788	-0.005708713363	0.05016648062	-0.031645788	-0.03352460796	0.0554567198	-0.005708713363	0.05072063771	0.04961307675	-0.03531796863	-0.09178841945	0.1135096794	-0.09178841945	-0.007489817347	0.04961307675	0.05016648062	-0.08495987832	0.05016648062	0.0498721627	0.1141720234	-0.008367443477	0.0498721627	-0.007489817347	0.004808502203	0.1205737804	0.1205737804	0.0498721627	0.0498721627	0.1464381997	0.0498721627	0.05042856535	-0.1068730022	-0.05872104882	0.002793650893	0.1205737804	0.002793650893	-0.09232897715	-0.08014479476	0.1205737804	-0.08014479476	0.004808502203	-0.08070440929	-0.05040580197	0.004808502203	-0.07685750591	-0.09070822781	0.7953856256	-0.00650667953	-0.07946662908	0.0998827049	-0.03443110975	-0.07946662908	-0.03352460796	0.09919641489	-0.07890650959	-0.08764747301	0.09919641489	-0.004732649144	1	-0.07946662908	-0.008246966503	-0.08764747301	-0.08047657409	-0.08755621486	0.1001527042	-0.08701547471	-0.08137976158	-0.008978861752	-0.02530016651	-0.02530016651	-0.08137976158	0.1005729839	-0.05943954173	-0.03703845714	-0.008131548024	0.09969928684	0.1005377956	0.06204271772	0.001775708847	0.03193405309	0.001775708847	-0.03618665088	0.001775708847	0.03211573302	-0.09070822781	-0.09124817604	-0.09070822781	0.001775708847	0.03211573302	0.03211573302	0.03211573302	0.09716092064	-0.02756025455	-0.09070822781	-0.07915173381	0.0008148617296	-0.07970743809	-0.09070822781	-0.03443110975	0.09661668661	-0.002003474848	0.09634467126	0.03003211854	0.02929635084	-0.09016855562	0.02929635084	0.02929635084	0.03042375491	-0.006075614663	-0.006075614663	-0.006075614663	-0.02966506517	0.06983295644	-0.02450038195	0.04623941643	-0.02324330748	0.2329469323	-0.02645205794	0.04484370435	-0.01020515898	0.08999618496	0.08976998051	0.0753210256	0.07656554555	0.09035905246	0.02291037962	0.07635079046	-0.03307610581	-0.03602907414	0.09916275	-0.03475685303	-9.32120076e-05	-0.05811154991	-0.04767942043	-0.03527800291	-0.03545814363
chr11_2097954_C_T	0.007848442909	0.008335854994	-0.2530272006	-0.264706107	0.628239668	0.6258638507	-0.264706107	-0.1143320613	-0.2674096898	-0.264706107	-0.264706107	-0.2170107221	0.6231474199	-0.1143320613	0.1931729036	-0.2170107221	0.3069344973	0.512083911	0.5959876229	0.5959876229	-0.2333393207	0.5959876229	-0.4131216776	-0.4131216776	0.3763890221	0.3471794037	0.3952732352	0.733618224	0.7986606404	-0.5262714709	-0.5262714709	-0.5262714709	0.3498191488	0.2385972468	0.3498191488	0.3927513213	0.3927513213	0.3498191488	0.3498191488	0.3498191488	0.7986606404	0.3525496983	0.2385972468	0.2385972468	0.3525496983	0.7450120562	0.8124568876	0.8124568876	0.817130312	0.4194799048	-0.5375015002	-0.08005196171	-0.04445598648	0.4170236779	0.3525496983	-0.04445598648	0.2720411943	0.3620991181	0.4170236779	0.3499135942	0.3498191488	-0.08971669072	0.8194782507	-0.3155119803	0.8194782507	0.4128406069	0.3498191488	0.3525496983	0.9602889695	0.3525496983	0.35164595	-0.3136783924	0.4153392342	0.35164595	0.4128406069	0.4681785865	-0.5400595205	-0.5400595205	0.35164595	0.35164595	-0.498086078	0.35164595	0.348993173	0.8394239336	-0.08005196171	0.4625013715	-0.5400595205	0.4625013715	0.8156269801	0.9945047011	-0.5400595205	0.9945047011	0.4681785865	0.9917658066	-0.1616143491	0.4681785865	0.9749507444	0.814789873	-0.08208884491	0.485368861	1	-0.5765931123	0.001691912933	1	0.2720411943	-0.5778291647	0.9972236054	0.7951204261	-0.5778291647	0.4993330507	-0.07946662908	1	0.4985390125	0.7951204261	0.9916289523	0.7916868614	-0.5777716445	0.7893870633	0.9534237403	0.4236713401	-0.01012664751	-0.01012664751	0.9534237403	-0.5560113403	-0.1514659742	0.2645223879	0.4212163385	-0.3138360642	-0.3182724121	-0.1379174235	0.4759516984	0.3239596992	0.4759516984	-0.01448407298	0.4664984425	0.3201686873	0.746317328	0.7425063134	0.746317328	0.4664984425	0.3201686873	0.3201686873	0.3201686873	-0.5432353461	-0.09296648763	0.746317328	0.9312830975	0.4685715896	0.9340516673	0.746317328	-0.1174525958	-0.5407749534	0.4563408594	-0.5395472754	0.3167117756	0.3178162619	0.7376849885	0.3178162619	0.3121764108	0.317619439	0.3162915375	0.3162915375	0.3162915375	-0.04742429235	0.1313029639	0.2203150537	0.307210184	0.2170702065	-0.2264196166	0.02309364093	-0.03902989218	0.1860074479	-0.05670237678	-0.05447042276	-0.1278149678	0.1075380847	-0.05218989425	0.1318761913	0.1054525204	0.2933497295	0.02972890465	0.1282234043	0.02670911384	-0.1267108567	0.4050309129	0.2554356326	0.2666705559	-0.02112068103
chr11_2098122_C_T	-0.009750554402	-0.0304220216	-0.100242197	-0.1064464745	0.1840993334	0.1828272744	-0.1064464745	-0.03184302295	-0.1078403676	-0.1064464745	-0.1064464745	-0.09889860815	0.1840993334	-0.03184302295	0.06127818729	-0.09889860815	0.5844801799	0.1279493869	0.17554294	0.17554294	-0.02748289126	0.17554294	-0.1103402114	-0.1103402114	0.7755728071	0.2220976868	0.7907075496	0.0374456612	0.02382348548	-0.2251859792	-0.2251859792	-0.2251859792	0.2206660249	0.5514340476	0.2206660249	0.782484891	0.782484891	0.2206660249	0.2206660249	0.2206660249	0.02382348548	0.2220976868	0.5514340476	0.5514340476	0.2220976868	-0.02190426909	-0.01822795722	-0.01822795722	-0.02140223754	0.8391982448	-0.2240842537	-0.05014996896	-0.02175875402	0.8312105309	0.2220976868	-0.02175875402	-0.02962991708	0.2267726641	0.8312105309	0.2149223499	0.2206660249	-0.09013093066	-0.02298518241	0.2117466638	-0.02298518241	0.8325745996	0.2206660249	0.2220976868	0.4697929256	0.2220976868	0.2218183716	0.2133109824	0.8260635148	0.2218183716	0.8325745996	0.8975684514	-0.2226449698	-0.2226449698	0.2218183716	0.2218183716	-0.1974524917	0.2218183716	0.2232579917	0.4107729045	-0.05014996896	0.8970049506	-0.2226449698	0.8970049506	-0.02456543332	0.4929157172	-0.2226449698	0.4929157172	0.8975684514	0.4914875892	-0.07018559493	0.8975684514	0.5175480265	-0.01981652173	-0.01719430163	0.9567976835	0.4985390125	-0.2535718521	-0.006020563259	0.4985390125	-0.02962991708	-0.2543101607	0.491073411	-0.1092014908	-0.2543101607	0.9712650817	-0.008246966503	0.4985390125	1	-0.1092014908	0.4909129137	-0.1099220591	-0.2517771604	-0.1084140732	0.4418786645	0.8528871618	-0.06456564864	-0.06456564864	0.4418786645	-0.2063146545	-0.07186095482	0.5179661461	0.8450588498	0.2599516622	0.2543657355	-0.1010849844	0.9201823813	0.206570875	0.9201823813	-0.0141475578	0.9050297676	0.2077461026	-0.1096157148	-0.1111132832	-0.1096157148	0.9050297676	0.2077461026	0.2077461026	0.2077461026	-0.2027881665	-0.03673632273	-0.1096157148	0.4299101069	0.9124834864	0.4373052231	-0.1096157148	-0.08786767999	-0.2061666875	0.8902397806	-0.2078712731	0.1941641967	0.1916395765	-0.1081168051	0.1916395765	0.1916395765	0.1944649216	0.6340689093	0.6340689093	0.6340689093	0.01831869358	-0.07744411182	0.4983099945	0.178188276	0.4869341466	-0.1167795943	0.002361295048	0.02416103468	0.1917141599	-0.02227061343	-0.02355544749	-0.09048865517	0.2028876512	-0.02236040925	-0.09234779484	0.2023686123	0.4127770964	0.249973142	0.2138713862	0.2506543514	-0.05784783571	-0.04783542728	0.4145852194	0.3995393554	-0.04162575281
chr11_2098180_AC_A	0.0113694725	0.02684556356	-0.2059617467	-0.2175277223	0.5923313729	0.5904750384	-0.2175277223	-0.1159562292	-0.2196694897	-0.2175277223	-0.2175277223	-0.1602256497	0.5865026171	-0.1159562292	0.19052522	-0.1602256497	-0.07015091987	0.5022130173	0.5609768226	0.5609768226	-0.2497619746	0.5609768226	-0.3871870721	-0.3871870721	-0.1292847263	0.2520887975	-0.1184769787	0.8246824376	0.9072213515	-0.434331535	-0.434331535	-0.434331535	0.2560810772	-0.12887984	0.2560810772	-0.115441475	-0.115441475	0.2560810772	0.2560810772	0.2560810772	0.9072213515	0.2582358144	-0.12887984	-0.12887984	0.2582358144	0.8812336739	0.9542258605	0.9542258605	0.9617065247	-0.125695285	-0.4484283253	-0.06110247746	-0.03819575595	-0.1227533013	0.2582358144	-0.03819575595	0.3295291206	0.2662817183	-0.1227533013	0.2603941356	0.2560810772	-0.04150843198	0.9654571565	-0.5090950522	0.9654571565	-0.1286141709	0.2560810772	0.2582358144	0.7694125782	0.2582358144	0.2574183659	-0.5080649874	-0.1211537318	0.2574183659	-0.1286141709	-0.1110318008	-0.4522647248	-0.4522647248	0.2574183659	0.2574183659	-0.4198453681	0.2574183659	0.2534057849	0.6700933921	-0.06110247746	-0.1172301112	-0.4522647248	-0.1172301112	0.9621103355	0.792709158	-0.4522647248	0.792709158	-0.1110318008	0.7905435955	-0.1394056857	-0.1110318008	0.7533489675	0.9579627941	-0.08487414389	-0.1341580485	0.7951204261	-0.4738693305	0.003137323643	0.7951204261	0.3295291206	-0.4748108278	0.7973245331	1	-0.4748108278	-0.1284058733	-0.08764747301	0.7951204261	-0.1092014908	1	0.7909698273	0.9964278044	-0.4764670299	0.9927893151	0.7819474264	-0.1306326947	0.03223829162	0.03223829162	0.7819474264	-0.4840030285	-0.1274061243	-0.07043274111	-0.1278031305	-0.5429828182	-0.5439867791	-0.08924456267	-0.1183372219	0.235336912	-0.1183372219	-0.009732731368	-0.1183372219	0.2302268293	0.943712623	0.9403522501	0.943712623	-0.1183372219	0.2302268293	0.2302268293	0.2302268293	-0.4721656126	-0.08265929813	0.943712623	0.7653515	-0.1213379835	0.7631894745	0.943712623	-0.07479224636	-0.4670030202	-0.119605406	-0.4644137891	0.2358417532	0.2387915576	0.932829263	0.2387915576	0.2323359973	0.2366460577	-0.09517237443	-0.09517237443	-0.09517237443	-0.07003450352	0.2160493943	-0.1090287821	0.2374212646	-0.1046040319	-0.1794668612	0.02236701554	-0.0645048594	0.07145098922	-0.03163504293	-0.02815710654	-0.08487414389	-0.006667846294	-0.02633576695	0.2136390045	-0.008671858142	0.03507141029	-0.1275704671	0.005331859275	-0.1308467066	-0.1079560053	0.4925414662	-0.01062159116	0.01383391463	0.00235857858
chr11_2098701_A_AT	-0.003871290935	0.007411588951	-0.2517883292	-0.2641097758	0.6238198212	0.6214187073	-0.2641097758	-0.1092357433	-0.2668378092	-0.2641097758	-0.2641097758	-0.2205041695	0.6186991174	-0.1092357433	0.1915485391	-0.2205041695	0.3077491879	0.5061827378	0.591446045	0.591446045	-0.2304144062	0.591446045	-0.4103422723	-0.4103422723	0.3771143151	0.3466393952	0.3961040539	0.7226268111	0.7884703598	-0.5190596351	-0.5190596351	-0.5190596351	0.3492836683	0.238128229	0.3492836683	0.3935791068	0.3935791068	0.3492836683	0.3492836683	0.3492836683	0.7884703598	0.3520396992	0.238128229	0.238128229	0.3520396992	0.7404720896	0.8085013352	0.8085013352	0.8131928148	0.4111888351	-0.5305785883	-0.08165994403	-0.04532990198	0.4086818937	0.3520396992	-0.04532990198	0.2728987412	0.3617558843	0.4086818937	0.3493990661	0.3546828596	-0.09091610711	0.8155496674	-0.3082413892	0.8155496674	0.4136931503	0.3546828596	0.3574400032	0.9573248552	0.3574400032	0.3565350597	-0.3063734872	0.4161949452	0.3565350597	0.4136931503	0.4596412936	-0.5330852931	-0.5330852931	0.3565350597	0.3565350597	-0.4904385953	0.3565350597	0.3538788601	0.8359224707	-0.08165994403	0.4637523364	-0.5330852931	0.4637523364	0.8116725522	0.9861583005	-0.5330852931	0.9861583005	0.4596412936	0.9833930399	-0.1635137503	0.4596412936	0.9662731309	0.8108433864	-0.08324840724	0.4776021766	0.9916289523	-0.5702128318	0.001020820444	0.9916289523	0.2728987412	-0.5714845545	0.9888477031	0.7909698273	-0.5714845545	0.4915737687	-0.08047657409	0.9916289523	0.4909129137	0.7909698273	1	0.7875760282	-0.5714092001	0.7852663931	0.9448901995	0.4158029813	-0.01068330521	-0.01068330521	0.9448901995	-0.5494870507	-0.1434711255	0.2652684666	0.4133038758	-0.3115411737	-0.315988564	-0.139471028	0.4677823395	0.3227796387	0.4677823395	-0.01528025658	0.4582762585	0.3189504295	0.7419882142	0.7381518145	0.7419882142	0.4582762585	0.3189504295	0.3189504295	0.3189504295	-0.5367823406	-0.07295343114	0.7419882142	0.9226701371	0.4604042519	0.9254433267	0.7419882142	-0.1187894723	-0.534285549	0.4482280527	-0.5330394219	0.3154091117	0.3221967754	0.7333116079	0.3221967754	0.3165254086	0.3163513845	0.3051775029	0.3051775029	0.3170881394	-0.04827564495	0.1356140636	0.2106523685	0.3117871196	0.2171083526	-0.2239469823	0.02269985179	-0.03981387518	0.1748616907	-0.04845690675	-0.04619790028	-0.1292300494	0.1114604816	-0.04865228655	0.148251	0.1093660189	0.2845675815	0.03543061102	0.1326313545	0.03259033359	-0.1283474807	0.406145639	0.2471746655	0.2578454744	-0.02193955096
chr11_2099684_T_C	0.01014005498	0.02552608099	-0.2073996222	-0.2192653045	0.5900063688	0.5881546061	-0.2192653045	-0.1169309064	-0.2214027315	-0.2192653045	-0.2192653045	-0.1614656488	0.5842261611	-0.1169309064	0.1858862713	-0.1614656488	-0.07058307231	0.5015493222	0.558748293	0.558748293	-0.2500330095	0.558748293	-0.3889781332	-0.3889781332	-0.129763361	0.2471896622	-0.1190456319	0.822526188	0.9038895999	-0.4358183756	-0.4358183756	-0.4358183756	0.2511371503	-0.1298408217	0.2511371503	-0.1160229274	-0.1160229274	0.2511371503	0.2511371503	0.2511371503	0.9038895999	0.2532854802	-0.1298408217	-0.1298408217	0.2532854802	0.8789313963	0.9508338864	0.9508338864	0.9582151653	-0.1262778859	-0.449809105	-0.06190368173	-0.03858367313	-0.1233481538	0.2532854802	-0.03858367313	0.3260364801	0.2613923774	-0.1233481538	0.2554373401	0.2511371503	-0.04195068803	0.9619161732	-0.5107533247	0.9619161732	-0.1291846784	0.2511371503	0.2532854802	0.7659663775	0.2532854802	0.2524486212	-0.5097306909	-0.1217985629	0.2524486212	-0.1291846784	-0.1115868831	-0.4536157096	-0.4536157096	0.2524486212	0.2524486212	-0.4208148981	0.2524486212	0.2484810551	0.6665683401	-0.06190368173	-0.117758949	-0.4536157096	-0.117758949	0.958578945	0.7892530054	-0.4536157096	0.7892530054	-0.1115868831	0.7870929945	-0.1393691752	-0.1115868831	0.750408914	0.9545211036	-0.08495833153	-0.1346462301	0.7916868614	-0.4700422698	0.002342996948	0.7916868614	0.3260364801	-0.4709865583	0.7938852718	0.9964278044	-0.4709865583	-0.1289172979	-0.08755621486	0.7916868614	-0.1099220591	0.9964278044	0.7875760282	1	-0.4780747022	0.9964194719	0.7847727807	-0.1311642013	0.03140530237	0.03140530237	0.7847727807	-0.4855713329	-0.1276711115	-0.07067247066	-0.1283459507	-0.5448365814	-0.545801778	-0.08938498872	-0.1188448775	0.2363603571	-0.1188448775	-0.01045903057	-0.1188448775	0.2313098109	0.9474553634	0.9440975563	0.9474553634	-0.1188448775	0.2313098109	0.2313098109	0.2313098109	-0.4738314334	-0.08258572281	0.9474553634	0.7683645513	-0.1218332992	0.7662080144	0.9474553634	-0.07493749254	-0.4687582646	-0.1201528348	-0.4662140777	0.236846471	0.2397426347	0.9366882971	0.2397426347	0.2333408432	0.2376391456	-0.09547556156	-0.09547556156	-0.09547556156	-0.07011304158	0.2182880144	-0.1094506522	0.2386723749	-0.1050589393	-0.1805989137	0.02159054485	-0.0646063576	0.06972639203	-0.03778652359	-0.03436625741	-0.08495833153	-0.01429258622	-0.03255725099	0.2110522274	-0.01632104781	0.03330629263	-0.1284871664	-0.001490495127	-0.1317399494	-0.1081049822	0.4989999003	-0.0122550599	0.01220782199	0.001547823854
chr11_2099854_G_A	0.0006076658721	-0.03912151213	0.4542263864	0.4987328476	-0.5179566716	-0.5181643643	0.4987328476	0.2675789076	0.4988933529	0.4987328476	0.4987328476	0.3659370578	-0.5179566716	0.2675789076	0.3284734766	0.3659370578	-0.1339135302	-0.433434924	-0.5171202288	-0.5171202288	0.4059296249	-0.5171202288	0.7536367013	0.7536367013	-0.2244013465	0.4342840536	-0.2407504017	-0.439542621	-0.4693055557	0.8917757461	0.8917757461	0.8917757461	0.4294537699	-0.06391967778	0.4294537699	-0.2419716751	-0.2419716751	0.4294537699	0.4294537699	0.4294537699	-0.4693055557	0.4249853613	-0.06391967778	-0.06391967778	0.4296347074	-0.4603219467	-0.4939128276	-0.4939128276	-0.5039175782	-0.2498298701	0.9070279797	0.1695157798	0.04241586417	-0.250972131	0.4296347074	0.04241586417	-0.1265276343	0.4433753558	-0.250972131	0.4298201692	0.4294537699	0.166735337	-0.5035377733	0.761159237	-0.5035377733	-0.2487133275	0.4294537699	0.4249853613	-0.5904357983	0.4249853613	0.4223511081	0.7583724228	-0.2554552826	0.4223511081	-0.2487133275	-0.231605685	0.9072608906	0.9072608906	0.4223511081	0.4223511081	0.8206316685	0.4223511081	0.4272056123	-0.4584879488	0.1695157798	-0.229082432	0.9072608906	-0.229082432	-0.5085396109	-0.5843353472	0.9072608906	-0.5843353472	-0.231605685	-0.579640552	0.2229316003	-0.231605685	-0.5725593544	-0.4935273405	0.1391203096	-0.2539578454	-0.5777716445	0.9979169193	0.1120262138	-0.5777716445	-0.1265276343	0.9958457188	-0.5776950539	-0.4764670299	0.9958457188	-0.2641147732	0.1001527042	-0.5777716445	-0.2517771604	-0.4764670299	-0.5714092001	-0.4780747022	1	-0.4730313762	-0.5766855438	-0.2624006732	-0.1421142714	-0.1421142714	-0.5766855438	0.9706954246	0.2227136181	-0.1441423325	-0.2634789185	0.836350506	0.8395478604	-0.1278279278	-0.2487307396	0.5320202549	-0.2487307396	0.1205539184	-0.2487307396	0.5350470364	-0.4881382242	-0.4823822731	-0.4881382242	-0.2487307396	0.5350470364	0.5350470364	0.5350470364	0.9565821024	0.1041880262	-0.4881382242	-0.5762942227	-0.2474672472	-0.5763826969	-0.4881382242	0.1709688766	0.9523096051	-0.2518560224	0.9460039934	0.5136196421	0.5106951397	-0.4723348407	0.5106951397	0.5155778551	0.5155435232	-0.1826825796	-0.1826825796	-0.1724282176	-0.1235432955	0.4633377693	-0.2025285037	0.3577425288	-0.1998267979	0.4290236321	0.08983891259	0.08264860059	-0.1723120307	0.5520293455	0.5493985733	-0.1116005652	0.455749571	0.5501505189	-0.09063236311	0.4530515334	-0.2309994023	0.1292383135	0.3823853102	0.1267177115	0.1595538984	-0.2631137653	-0.2380218568	-0.2047352713	-0.006033881052
chr11_2101283_G_A	0.01128749082	0.02665198866	-0.2044766215	-0.2159591984	0.588060258	0.5862173089	-0.2159591984	-0.1151201053	-0.2180855223	-0.2159591984	-0.2159591984	-0.1590703131	0.5822735315	-0.1151201053	0.1891514027	-0.1590703131	-0.06964508369	0.4985917175	0.5512605531	0.5512605531	-0.2479610197	0.5512605531	-0.3843951881	-0.3843951881	-0.1390823112	0.2441683719	-0.1283524949	0.8187359124	0.9006796642	-0.4311997072	-0.4311997072	-0.4311997072	0.2481331219	-0.1358921761	0.2481331219	-0.1254005939	-0.1254005939	0.2481331219	0.2481331219	0.2481331219	0.9006796642	0.2502710646	-0.1358921761	-0.1358921761	0.2502710646	0.8748793756	0.9473452385	0.9473452385	0.954771962	-0.135175968	-0.4451948499	-0.06066188675	-0.03792033839	-0.1323092641	0.2502710646	-0.03792033839	0.3271529899	0.2643616448	-0.1323092641	0.2524125017	0.2481331219	-0.04120912776	0.9584955492	-0.5107954141	0.9584955492	-0.1380208773	0.2481331219	0.2502710646	0.7576749146	0.2502710646	0.2494289054	-0.5097814597	-0.1305624053	0.2494289054	-0.1380208773	-0.1102311854	-0.4490035864	-0.4490035864	0.2494289054	0.2494289054	-0.4168179954	0.2494289054	0.2454439806	0.6596034451	-0.06066188675	-0.1163848018	-0.4490035864	-0.1163848018	0.9551728611	0.786993182	-0.4490035864	0.786993182	-0.1102311854	0.7848432348	-0.1384004753	-0.1102311854	0.7479168055	0.9510552263	-0.08426214319	-0.1331906771	0.7893870633	-0.464966814	0.003114701391	0.7893870633	0.3271529899	-0.4659124521	0.7915752772	0.9927893151	-0.4659124521	-0.127479979	-0.08701547471	0.7893870633	-0.1084140732	0.9927893151	0.7852663931	0.9964194719	-0.4730313762	1	0.782562288	-0.1396365346	0.03200583145	0.03200583145	0.782562288	-0.4860096707	-0.1264874389	-0.06992487281	-0.1368739788	-0.5445468874	-0.5455361588	-0.08860104825	-0.1174839295	0.2336399717	-0.1174839295	-0.009662551709	-0.1174839295	0.2285667362	0.9439815175	0.9406384316	0.9439815175	-0.1174839295	0.2285667362	0.2285667362	0.2285667362	-0.4742035062	-0.08206326797	0.9439815175	0.7660858943	-0.1204630535	0.7639393908	0.9439815175	-0.07425294304	-0.4691021637	-0.1187429691	-0.4665438031	0.2341411726	0.2370697069	0.9331836963	0.2370697069	0.2306606957	0.2349396776	-0.09448611643	-0.09448611643	-0.09448611643	-0.06952950678	0.2144915302	-0.1082426099	0.2357092947	-0.1038497652	-0.1850266297	0.02220573404	-0.06403973519	0.07093577865	-0.042139057	-0.03871633971	-0.08426214319	-0.01806218091	-0.0369212647	0.212098521	-0.02009604438	0.0348185214	-0.1266505966	-0.005663733986	-0.1299032123	-0.1071775686	0.500860654	-0.01976958676	0.01373416263	0.002341571613
chr11_2101345_C_T	0.002818917622	0.0386146288	-0.285423204	-0.2978089022	0.6276917776	0.6252933537	-0.2978089022	-0.1508617208	-0.300551993	-0.2978089022	-0.2978089022	-0.2258519654	0.622655264	-0.1508617208	0.150237877	-0.2258519654	0.2991467727	0.55686689	0.6445357986	0.6445357986	-0.2410293901	0.6445357986	-0.4538903171	-0.4538903171	0.4028478637	0.3524291719	0.4215253893	0.7398037025	0.7962621661	-0.5331275192	-0.5331275192	-0.5331275192	0.3549853729	0.2616827375	0.3549853729	0.4193003202	0.4193003202	0.3549853729	0.3549853729	0.3549853729	0.7962621661	0.3577406887	0.2616827375	0.2616827375	0.3577406887	0.745855598	0.8049245384	0.8049245384	0.8094218438	0.443951042	-0.5396855173	-0.07462991302	-0.02884248955	0.4417633052	0.3577406887	-0.02884248955	0.2485512012	0.3147092523	0.4417633052	0.3551882057	0.3549853729	-0.09216773762	0.8116818113	-0.3050323663	0.8116818113	0.4371469104	0.3549853729	0.3577406887	0.9680716047	0.3577406887	0.3568391528	-0.3031609431	0.439384669	0.3568391528	0.4371469104	0.3985231509	-0.5421585329	-0.5421585329	0.3568391528	0.3568391528	-0.5026593998	0.3568391528	0.3542703675	0.8490438254	-0.07462991302	0.3935137501	-0.5421585329	0.3935137501	0.8078105563	0.9480775596	-0.5421585329	0.9480775596	0.3985231509	0.9453142463	-0.1647450522	0.3985231509	0.9284108196	0.8071694337	-0.08463700384	0.4285232153	0.9534237403	-0.5708043627	-0.01850774836	0.9534237403	0.2485512012	-0.5720732112	0.9507312522	0.7819474264	-0.5720732112	0.4419872232	-0.08137976158	0.9534237403	0.4418786645	0.7819474264	0.9448901995	0.7847727807	-0.5766855438	0.782562288	1	0.5071985627	-0.01247505093	-0.01247505093	1	-0.5838895715	-0.1555858532	0.2737740591	0.5052700138	-0.3429496862	-0.3424360408	-0.1402581427	0.4735863855	0.3389534052	0.4735863855	-0.03392723939	0.4642365955	0.3353093608	0.801012787	0.7971206372	0.801012787	0.4642365955	0.3353093608	0.3353093608	0.3353093608	-0.5711545325	-0.09462789634	0.801012787	0.9783168512	0.4661783479	0.9810004009	0.801012787	-0.1195138687	-0.5689651432	0.4537636219	-0.5678744269	0.3317896382	0.3327245029	0.7925989515	0.3327245029	0.3271463799	0.3326325372	0.3080553047	0.3080553047	0.3080553047	-0.04978875262	0.1625854341	0.2025535606	0.3179138127	0.1990652835	-0.2294205098	0.0202696752	-0.06138268289	0.1680501386	-0.04199633211	-0.03979580401	-0.129862655	0.112736411	-0.0374764457	0.1269153753	0.1106486672	0.2747550213	0.02078057943	0.1306687765	0.01777714773	-0.12989047	0.405281048	0.2692239751	0.2483402888	-0.009260918621
chr11_2101692_T_C	-0.01114182132	0.02452221509	-0.1709085597	-0.1747126689	0.1842912943	0.1830277964	-0.1747126689	-0.08058474666	-0.1761320834	-0.1747126689	-0.1747126689	-0.1390164802	0.1842912943	-0.08058474666	-0.02288928835	-0.1390164802	0.5722036624	0.195495775	0.2620237259	0.2620237259	-0.04010446553	0.2620237259	-0.1897939682	-0.1897939682	0.8332627335	0.2225362796	0.8481160596	0.04328040054	0.0196426797	-0.2510292645	-0.2510292645	-0.2510292645	0.2211135051	0.6043231239	0.2211135051	0.8404907535	0.8404907535	0.2211135051	0.2211135051	0.2211135051	0.0196426797	0.2225362796	0.6043231239	0.6043231239	0.2225362796	-0.02481365652	-0.03117912919	-0.03117912919	-0.03430699543	0.8932298774	-0.2420862472	-0.03472458365	0.006619217211	0.8857818873	0.2225362796	0.006619217211	-0.0575578239	0.134589026	0.8857818873	0.2155121492	0.2211135051	-0.08954706757	-0.0358670874	0.2219413015	-0.0358670874	0.8863461076	0.2211135051	0.2225362796	0.4908680554	0.2225362796	0.2222681887	0.2235141838	0.879580477	0.2222681887	0.8863461076	0.7864455423	-0.2407471361	-0.2407471361	0.2222681887	0.2222681887	-0.2224783018	0.2222681887	0.2236988758	0.4373147816	-0.03472458365	0.7869965524	-0.2407471361	0.7869965524	-0.03742471851	0.4184820852	-0.2407471361	0.4184820852	0.7864455423	0.4170632086	-0.07043911502	0.7864455423	0.4412956634	-0.03274436785	-0.01797096128	0.865943634	0.4236713401	-0.2642104442	-0.0337483141	0.4236713401	-0.0575578239	-0.2649195006	0.4163597782	-0.1306326947	-0.2649195006	0.8794528315	-0.008978861752	0.4236713401	0.8528871618	-0.1306326947	0.4158029813	-0.1311642013	-0.2624006732	-0.1396365346	0.5071985627	1	-0.06414739601	-0.06414739601	0.5071985627	-0.2558927947	-0.07236264788	0.5322356098	0.9931084214	0.2083560018	0.2105424084	-0.1004301615	0.9158738099	0.2156775432	0.9158738099	-0.04058545326	0.901002945	0.2169045807	-0.03274436785	-0.03430699543	-0.03274436785	0.901002945	0.2169045807	0.2169045807	0.2169045807	-0.2519810016	-0.03690541272	-0.03274436785	0.4955197945	0.90821532	0.5027594001	-0.03274436785	-0.08729847811	-0.2555605803	0.8860885471	-0.2573673418	0.2035897391	0.2010226626	-0.03117912919	0.2010226626	0.2010226626	0.2038249988	0.6207602425	0.6207602425	0.6207602425	0.01706082587	-0.03832890341	0.4720026163	0.1793494459	0.460373471	-0.1087608303	0.001499486981	-0.008978861752	0.1690875026	-0.008462014507	-0.009700149671	-0.08990247475	0.2043110959	-0.00849613362	-0.09174957103	0.203806019	0.388799149	0.208374473	0.2156693511	0.2081001156	-0.05822480305	-0.04874279087	0.4555685341	0.3759736085	-0.01797096128
chr11_2101748_G_T	-0.001217053613	-0.0434058203	-0.05848807763	-0.07693535507	-0.02155777013	-0.02201802563	-0.07693535507	-0.04656099894	-0.07743811096	-0.07693535507	-0.07693535507	-0.05210141949	-0.02155777013	-0.04656099894	-0.1663818862	-0.05210141949	-0.04025935645	-0.02961587041	-0.02558825882	-0.02558825882	-0.06747671457	-0.02558825882	-0.1211906974	-0.1211906974	-0.06160855085	-0.1547803597	-0.06160855085	0.03004558345	0.01778802279	-0.1226494438	-0.1226494438	-0.1226494438	-0.1552283758	-0.080579801	-0.1552283758	-0.06111409773	-0.06111409773	-0.1552283758	-0.1552283758	-0.1552283758	0.01778802279	-0.1547803597	-0.080579801	-0.080579801	-0.1547803597	0.03899077247	0.02764434853	0.02764434853	0.02647799581	-0.06454229567	-0.1242702647	-0.05189171293	-0.02796534087	-0.06405700474	-0.1547803597	-0.02796534087	-0.02962565158	-0.1495984429	-0.06405700474	-0.1543337566	-0.1552283758	-0.03121044202	0.02589712171	-0.156355275	0.02589712171	-0.06502623377	-0.1552283758	-0.1547803597	-0.01624302292	-0.1547803597	-0.1560389986	-0.1561848672	-0.06550886503	-0.1560389986	-0.06502623377	-0.05861488914	-0.1239898436	-0.1239898436	-0.1560389986	-0.1560389986	-0.09893633519	-0.1560389986	-0.1555889787	-0.0406603369	-0.05189171293	-0.05962020594	-0.1239898436	-0.05962020594	0.02531774074	-0.01105950284	-0.1239898436	-0.01105950284	-0.05861488914	-0.01155403346	-0.04454354032	-0.05861488914	-0.006762641966	0.001618565636	-0.03133431448	-0.06359438138	-0.01012664751	-0.1428554377	-0.030426726	-0.01012664751	-0.02962565158	-0.1430014174	-0.009629676334	0.03223829162	-0.1430014174	-0.06261736333	-0.02530016651	-0.01012664751	-0.06456564864	0.03223829162	-0.01068330521	0.03140530237	-0.1421142714	0.03200583145	-0.01247505093	-0.06414739601	1	1	-0.01247505093	-0.1427106381	0.02889370103	-0.03273083543	-0.0636620353	-0.1737231376	-0.1726261453	-0.03500359999	-0.0591464508	-0.1794912865	-0.0591464508	-0.03197809537	-0.0591464508	-0.1805124523	0.02706039423	0.02647799581	0.02706039423	-0.0591464508	-0.1805124523	-0.1805124523	-0.1805124523	-0.143446317	-0.02435496038	0.02706039423	-0.010507432	-0.05964763966	-0.01099915024	0.02706039423	-0.030426726	-0.1449394546	-0.06114016385	-0.1456938619	-0.1837248003	-0.1832175118	0.02764434853	-0.1832175118	-0.1832175118	-0.1821285966	-0.0434058203	-0.0434058203	-0.0434058203	-0.02621497873	-0.1317726616	-0.05267782218	-0.1822185081	-0.05252664416	-0.05474201353	-0.0233756485	-0.02530016651	0.0007230121474	-0.1575845242	-0.1584503475	-0.03133431448	-0.1807367823	-0.15821991	0.03448877228	-0.1818882894	-0.02128925141	-0.07839390036	-0.1502332342	-0.07854565676	-0.04151514903	0.03403734367	-0.03502470585	-0.02335673269	-0.03133431448
chr11_2101749_A_T	-0.001217053613	-0.0434058203	-0.05848807763	-0.07693535507	-0.02155777013	-0.02201802563	-0.07693535507	-0.04656099894	-0.07743811096	-0.07693535507	-0.07693535507	-0.05210141949	-0.02155777013	-0.04656099894	-0.1663818862	-0.05210141949	-0.04025935645	-0.02961587041	-0.02558825882	-0.02558825882	-0.06747671457	-0.02558825882	-0.1211906974	-0.1211906974	-0.06160855085	-0.1547803597	-0.06160855085	0.03004558345	0.01778802279	-0.1226494438	-0.1226494438	-0.1226494438	-0.1552283758	-0.080579801	-0.1552283758	-0.06111409773	-0.06111409773	-0.1552283758	-0.1552283758	-0.1552283758	0.01778802279	-0.1547803597	-0.080579801	-0.080579801	-0.1547803597	0.03899077247	0.02764434853	0.02764434853	0.02647799581	-0.06454229567	-0.1242702647	-0.05189171293	-0.02796534087	-0.06405700474	-0.1547803597	-0.02796534087	-0.02962565158	-0.1495984429	-0.06405700474	-0.1543337566	-0.1552283758	-0.03121044202	0.02589712171	-0.156355275	0.02589712171	-0.06502623377	-0.1552283758	-0.1547803597	-0.01624302292	-0.1547803597	-0.1560389986	-0.1561848672	-0.06550886503	-0.1560389986	-0.06502623377	-0.05861488914	-0.1239898436	-0.1239898436	-0.1560389986	-0.1560389986	-0.09893633519	-0.1560389986	-0.1555889787	-0.0406603369	-0.05189171293	-0.05962020594	-0.1239898436	-0.05962020594	0.02531774074	-0.01105950284	-0.1239898436	-0.01105950284	-0.05861488914	-0.01155403346	-0.04454354032	-0.05861488914	-0.006762641966	0.001618565636	-0.03133431448	-0.06359438138	-0.01012664751	-0.1428554377	-0.030426726	-0.01012664751	-0.02962565158	-0.1430014174	-0.009629676334	0.03223829162	-0.1430014174	-0.06261736333	-0.02530016651	-0.01012664751	-0.06456564864	0.03223829162	-0.01068330521	0.03140530237	-0.1421142714	0.03200583145	-0.01247505093	-0.06414739601	1	1	-0.01247505093	-0.1427106381	0.02889370103	-0.03273083543	-0.0636620353	-0.1737231376	-0.1726261453	-0.03500359999	-0.0591464508	-0.1794912865	-0.0591464508	-0.03197809537	-0.0591464508	-0.1805124523	0.02706039423	0.02647799581	0.02706039423	-0.0591464508	-0.1805124523	-0.1805124523	-0.1805124523	-0.143446317	-0.02435496038	0.02706039423	-0.010507432	-0.05964763966	-0.01099915024	0.02706039423	-0.030426726	-0.1449394546	-0.06114016385	-0.1456938619	-0.1837248003	-0.1832175118	0.02764434853	-0.1832175118	-0.1832175118	-0.1821285966	-0.0434058203	-0.0434058203	-0.0434058203	-0.02621497873	-0.1317726616	-0.05267782218	-0.1822185081	-0.05252664416	-0.05474201353	-0.0233756485	-0.02530016651	0.0007230121474	-0.1575845242	-0.1584503475	-0.03133431448	-0.1807367823	-0.15821991	0.03448877228	-0.1818882894	-0.02128925141	-0.07839390036	-0.1502332342	-0.07854565676	-0.04151514903	0.03403734367	-0.03502470585	-0.02335673269	-0.03133431448
chr11_2101804_G_A	0.002818917622	0.0386146288	-0.285423204	-0.2978089022	0.6276917776	0.6252933537	-0.2978089022	-0.1508617208	-0.300551993	-0.2978089022	-0.2978089022	-0.2258519654	0.622655264	-0.1508617208	0.150237877	-0.2258519654	0.2991467727	0.55686689	0.6445357986	0.6445357986	-0.2410293901	0.6445357986	-0.4538903171	-0.4538903171	0.4028478637	0.3524291719	0.4215253893	0.7398037025	0.7962621661	-0.5331275192	-0.5331275192	-0.5331275192	0.3549853729	0.2616827375	0.3549853729	0.4193003202	0.4193003202	0.3549853729	0.3549853729	0.3549853729	0.7962621661	0.3577406887	0.2616827375	0.2616827375	0.3577406887	0.745855598	0.8049245384	0.8049245384	0.8094218438	0.443951042	-0.5396855173	-0.07462991302	-0.02884248955	0.4417633052	0.3577406887	-0.02884248955	0.2485512012	0.3147092523	0.4417633052	0.3551882057	0.3549853729	-0.09216773762	0.8116818113	-0.3050323663	0.8116818113	0.4371469104	0.3549853729	0.3577406887	0.9680716047	0.3577406887	0.3568391528	-0.3031609431	0.439384669	0.3568391528	0.4371469104	0.3985231509	-0.5421585329	-0.5421585329	0.3568391528	0.3568391528	-0.5026593998	0.3568391528	0.3542703675	0.8490438254	-0.07462991302	0.3935137501	-0.5421585329	0.3935137501	0.8078105563	0.9480775596	-0.5421585329	0.9480775596	0.3985231509	0.9453142463	-0.1647450522	0.3985231509	0.9284108196	0.8071694337	-0.08463700384	0.4285232153	0.9534237403	-0.5708043627	-0.01850774836	0.9534237403	0.2485512012	-0.5720732112	0.9507312522	0.7819474264	-0.5720732112	0.4419872232	-0.08137976158	0.9534237403	0.4418786645	0.7819474264	0.9448901995	0.7847727807	-0.5766855438	0.782562288	1	0.5071985627	-0.01247505093	-0.01247505093	1	-0.5838895715	-0.1555858532	0.2737740591	0.5052700138	-0.3429496862	-0.3424360408	-0.1402581427	0.4735863855	0.3389534052	0.4735863855	-0.03392723939	0.4642365955	0.3353093608	0.801012787	0.7971206372	0.801012787	0.4642365955	0.3353093608	0.3353093608	0.3353093608	-0.5711545325	-0.09462789634	0.801012787	0.9783168512	0.4661783479	0.9810004009	0.801012787	-0.1195138687	-0.5689651432	0.4537636219	-0.5678744269	0.3317896382	0.3327245029	0.7925989515	0.3327245029	0.3271463799	0.3326325372	0.3080553047	0.3080553047	0.3080553047	-0.04978875262	0.1625854341	0.2025535606	0.3179138127	0.1990652835	-0.2294205098	0.0202696752	-0.06138268289	0.1680501386	-0.04199633211	-0.03979580401	-0.129862655	0.112736411	-0.0374764457	0.1269153753	0.1106486672	0.2747550213	0.02078057943	0.1306687765	0.01777714773	-0.12989047	0.405281048	0.2692239751	0.2483402888	-0.009260918621
chr11_2102033_G_A	0.0006102158742	-0.0392856812	0.4325891477	0.4827740708	-0.5112759649	-0.5114824774	0.4827740708	0.2622571326	0.4829262046	0.4827740708	0.4827740708	0.3515607014	-0.5112759649	0.2622571326	0.3201744025	0.3515607014	-0.1344754834	-0.4352537853	-0.5106127138	-0.5106127138	0.4076330633	-0.5106127138	0.7444383658	0.7444383658	-0.1760900351	0.426768765	-0.1842988662	-0.4469392212	-0.4712749442	0.8574568088	0.8574568088	0.8574568088	0.4219201356	-0.01558193515	0.4219201356	-0.1851947615	-0.1851947615	0.4219201356	0.4219201356	0.4219201356	-0.4712749442	0.4174310518	-0.01558193515	-0.01558193515	0.4220999084	-0.4679449661	-0.4959854778	-0.4959854778	-0.5060322122	-0.195252162	0.873333571	0.1792402127	0.04259385762	-0.1961096738	0.4220999084	0.04259385762	-0.1118923683	0.4312650219	-0.1961096738	0.4222841269	0.4219201356	0.1529791674	-0.5110520102	0.7602440621	-0.5110520102	-0.1944143893	0.4219201356	0.4174310518	-0.5645010967	0.4174310518	0.4147389156	0.7574389105	-0.2014621911	0.4147389156	-0.1944143893	-0.1815214989	0.8775785274	0.8775785274	0.4147389156	0.4147389156	0.7867586445	0.4147389156	0.4196118368	-0.4301108125	0.1792402127	-0.1796172518	0.8775785274	-0.1796172518	-0.5160697048	-0.56273682	0.8775785274	-0.56273682	-0.1815214989	-0.5628324487	0.2027325067	-0.1815214989	-0.550351281	-0.5010101041	0.1397041125	-0.2080442997	-0.5560113403	0.9685305967	0.1272938216	-0.5560113403	-0.1118923683	0.9665175985	-0.5559336256	-0.4840030285	0.9665175985	-0.2177641117	0.1005729839	-0.5560113403	-0.2063146545	-0.4840030285	-0.5494870507	-0.4855713329	0.9706954246	-0.4860096707	-0.5838895715	-0.2558927947	-0.1427106381	-0.1427106381	-0.5838895715	1	0.2323076713	-0.1447472097	-0.2569399094	0.8650119593	0.8640022653	-0.1283643434	-0.2497745105	0.5586052579	-0.2497745105	0.1351979763	-0.2497745105	0.5617832874	-0.495598373	-0.4898129554	-0.495598373	-0.2497745105	0.5617832874	0.5617832874	0.5617832874	0.9855790973	0.1046252397	-0.495598373	-0.5834965048	-0.248505716	-0.5835852985	-0.495598373	0.1568888261	0.981398949	-0.2529129081	0.9751228793	0.540426721	0.5373542406	-0.4797340754	0.5373542406	0.5422574457	0.5422121097	-0.1834491867	-0.1834491867	-0.1731517934	-0.1240617312	0.4741464772	-0.1949787425	0.3733782124	-0.1920058884	0.430823982	0.09021591158	0.1005729839	-0.1730351189	0.5748723673	0.5722882033	-0.1120688845	0.4795470814	0.5730684199	-0.09101269172	0.4769224545	-0.2319687656	0.1234789134	0.4049468226	0.1207750112	0.1377899358	-0.2642178929	-0.1896198997	-0.2055944201	-0.006059201561
chr11_2102146_A_AC	-0.06728387112	-0.01715768072	0.3562161277	0.2923547465	-0.1675038618	-0.168612253	0.2923547465	0.3635408698	0.2914106389	0.2923547465	0.2923547465	0.04440510471	-0.1675038618	0.3635408698	0.1045930734	0.04440510471	-0.04715068132	-0.1589896146	-0.1657063744	-0.1657063744	-0.02776885416	-0.1657063744	0.2459532684	0.2459532684	-0.07712601358	0.1144535325	-0.07712601358	-0.1445612652	-0.130892663	0.2478206929	0.2478206929	0.2478206929	0.1133024671	-0.1392666115	0.1133024671	-0.07557545464	-0.07557545464	0.1133024671	0.1133024671	0.1133024671	-0.130892663	0.1048392829	-0.1392666115	-0.1392666115	0.1144535325	-0.1406603802	-0.1226620227	-0.1226620227	-0.1250311263	-0.06981473537	0.2361195846	-0.1219130172	-0.06570103184	-0.06824872386	0.1144535325	-0.06570103184	0.02409051569	0.1158208025	-0.06824872386	0.1156062692	0.1229147357	-0.01378912178	-0.1262149628	0.2042315665	-0.1262149628	-0.05508815548	0.1229147357	0.1144535325	-0.1436520233	0.1144535325	0.1138941473	0.197080214	-0.05671193604	0.1138941473	-0.05508815548	-0.06761744274	0.2306241972	0.2306241972	0.1138941473	0.1138941473	0.2845100925	0.1138941473	0.1150514721	-0.1830441843	-0.1219130172	-0.05353700045	0.2306241972	-0.05353700045	-0.1273983869	-0.1529489674	0.2306241972	-0.1529489674	-0.06761744274	-0.1541108045	-0.03936790724	-0.06761744274	-0.1660827079	-0.1238468291	-0.0736160093	-0.05266587215	-0.1514659742	0.2221852769	-0.07148374495	-0.1514659742	0.02409051569	0.2207309262	-0.1503026401	-0.1274061243	0.2207309262	-0.06567076317	-0.05943954173	-0.1514659742	-0.07186095482	-0.1274061243	-0.1434711255	-0.1276711115	0.2227136181	-0.1264874389	-0.1555858532	-0.07236264788	0.02889370103	0.02889370103	-0.1555858532	0.2323076713	1	-0.0483935171	-0.07085524173	0.1921914073	0.1939523882	-0.03215786889	-0.07126178	0.1071337188	-0.07126178	-0.07512849109	-0.0881856116	0.1077432263	-0.1238468291	-0.1250311263	-0.1238468291	-0.0881856116	0.1077432263	0.1077432263	0.1077432263	0.2335666226	-0.01969464075	-0.1238468291	-0.1608116561	-0.08965402034	-0.1619654131	-0.1238468291	-0.01054082341	0.2239652242	-0.09399509264	0.2234526525	0.09353417591	0.1019317861	-0.1226620227	0.1019317861	0.1019317861	0.09416186814	-0.05956708319	-0.05956708319	-0.03836238195	-0.06158877736	0.1202099117	-0.03727582983	0.1063944574	-0.01641378332	0.07949028482	0.02311525813	0.01295292677	-0.005542125923	0.180806129	0.1803195387	-0.01904142908	0.1686177169	0.164559466	-0.01690101649	0.1682092451	-0.03968810891	0.07535785369	0.189230071	0.06878244216	-0.05133882981	-0.08324499415	-0.0294406169	-0.02872217975	-0.0736160093
chr11_2102868_G_A	0.02605072417	0.004245279935	-0.05885320127	-0.07211758006	0.2095457881	0.2089278632	-0.07211758006	-0.07009195478	-0.07283329574	-0.07211758006	-0.07211758006	-0.02707296362	0.2095457881	-0.07009195478	0.1256441511	-0.02707296362	0.4718064966	0.1702546099	0.2131151347	0.2131151347	-0.02856790736	0.2131151347	-0.08741378176	-0.08741378176	0.3151097667	0.1142974993	0.3421299188	0.09050449784	0.07045916777	-0.1289350151	-0.1289350151	-0.1289350151	0.1135713824	0.2220156361	0.1135713824	0.3453403671	0.3453403671	0.1135713824	0.1135713824	0.1135713824	0.07045916777	0.1142974993	0.2220156361	0.2220156361	0.1142974993	0.08603282859	0.08585828576	0.08585828576	0.0840610123	0.3240236729	-0.132053296	-0.04630003387	-0.04094016846	0.3269125354	0.1142974993	-0.04094016846	-0.0433707986	0.1056868581	0.3269125354	0.1150251063	0.1135713824	-0.04569087	0.08316688151	0.03670611694	0.08316688151	0.3211825889	0.1135713824	0.1142974993	0.2652892471	0.1142974993	0.114164467	0.03738494469	0.3183878105	0.114164467	0.3211825889	0.3343301174	-0.1314098588	-0.1314098588	0.114164467	0.114164467	-0.1088579837	0.114164467	0.1148946237	0.2189670473	-0.04630003387	0.3276774476	-0.1314098588	0.3276774476	0.08227568551	0.2616062631	-0.1314098588	0.2616062631	0.3343301174	0.2608822895	0.03913983391	0.3343301174	0.2743664813	0.08495812959	-0.04587221445	0.5254470917	0.2645223879	-0.1450881031	0.004163852682	0.2645223879	-0.0433707986	-0.1454294202	0.2652592043	-0.07043274111	-0.1454294202	0.5331938244	-0.03703845714	0.2645223879	0.5179661461	-0.07043274111	0.2652684666	-0.07067247066	-0.1441423325	-0.06992487281	0.2737740591	0.5322356098	-0.03273083543	-0.03273083543	0.2737740591	-0.1447472097	-0.0483935171	1	0.5358802315	0.1408080867	0.1418767846	-0.05124390534	0.562661289	0.1088751616	0.562661289	-0.0002775574184	0.5356092312	0.1094945766	-0.05754771179	-0.05830494456	-0.05754771179	0.5356092312	0.1094945766	0.1094945766	0.1094945766	-0.1327503602	0.02432629195	-0.05754771179	0.260901502	0.5313102188	0.2601786564	-0.05754771179	-0.04454354032	-0.1345952641	0.5188976201	-0.1355265204	0.09101626126	0.08977724177	-0.05678983228	0.08977724177	0.08977724177	0.0912127847	0.6482475075	0.6482475075	0.6482475075	0.07352946097	-0.1597533368	0.5311432035	0.09415977026	0.5216753143	-0.100537845	0.02814556372	-0.03703845714	-0.03366368052	-0.1422489874	-0.143268114	-0.04587221445	0.1021401593	-0.1428225399	-0.04681468457	0.1018742836	0.4593972144	-0.01105180894	0.1036506184	-0.008431307263	0.0499865179	-0.01539236695	0.411206039	0.4488534558	-0.04587221445
chr11_2102978_A_C	-0.009614092812	0.02616298874	-0.1758787824	-0.1787934189	0.1895709393	0.188318548	-0.1787934189	-0.08997629509	-0.1802048008	-0.1787934189	-0.1787934189	-0.1360832331	0.1895709393	-0.08997629509	-0.0275433916	-0.1360832331	0.576300225	0.2008479193	0.2677362989	0.2677362989	-0.04693876346	0.2677362989	-0.1986799678	-0.1986799678	0.8244101713	0.2189893709	0.839333099	0.04701484079	0.0234900695	-0.2527863725	-0.2527863725	-0.2527863725	0.2175777455	0.5989424293	0.2175777455	0.8465776073	0.8465776073	0.2175777455	0.2175777455	0.2175777455	0.0234900695	0.2189893709	0.5989424293	0.5989424293	0.2189893709	-0.02159771305	-0.02782072209	-0.02782072209	-0.03093109821	0.8852381896	-0.243672422	-0.03306312811	0.007633312545	0.8921844256	0.2189893709	0.007633312545	-0.05678609218	0.1304733784	0.8921844256	0.2119144547	0.2175777455	-0.08886952443	-0.03248239607	0.2162535473	-0.03248239607	0.8784127888	0.2175777455	0.2189893709	0.489043662	0.2189893709	0.2187139648	0.2178080488	0.8717045025	0.2187139648	0.8784127888	0.7921912881	-0.2423594048	-0.2423594048	0.2187139648	0.2187139648	-0.2248395269	0.2187139648	0.220133437	0.4365010403	-0.03306312811	0.7775017358	-0.2423594048	0.7775017358	-0.03403120016	0.416062181	-0.2423594048	0.416062181	0.7921912881	0.4146540401	-0.06920332894	0.7921912881	0.4387205291	-0.029377232	-0.01695366282	0.8580029292	0.4212163385	-0.2652816726	-0.0328368521	0.4212163385	-0.05678609218	-0.2659792466	0.4226463635	-0.1278031305	-0.2659792466	0.8713957308	-0.008131548024	0.4212163385	0.8450588498	-0.1278031305	0.4133038758	-0.1283459507	-0.2634789185	-0.1368739788	0.5052700138	0.9931084214	-0.0636620353	-0.0636620353	0.5052700138	-0.2569399094	-0.07085524173	0.5358802315	1	0.2105898227	0.2127545054	-0.09967027324	0.9222447341	0.2125339764	0.9222447341	-0.03965149365	0.9073041852	0.2137431294	-0.029377232	-0.03093109821	-0.029377232	0.9073041852	0.2137431294	0.2137431294	0.2137431294	-0.2529360392	-0.03622218817	-0.029377232	0.5021642103	0.8997130384	0.5007583205	-0.029377232	-0.08663794855	-0.2565011653	0.8777806391	-0.2583006709	0.20040975	0.1978711225	-0.02782072209	0.1978711225	0.1978711225	0.2006529776	0.625194947	0.625194947	0.625194947	0.01806231861	-0.03607369577	0.4607963769	0.1842595475	0.4643772424	-0.1056129663	0.002328248098	-0.008131548024	0.1714524731	-0.007032792541	-0.008257725453	-0.08922224248	0.208005186	-0.007061148986	-0.091055363	0.2075242185	0.3926719881	0.2006507228	0.218497748	0.2000664199	-0.05703823993	-0.04716595781	0.4601008515	0.3798390676	-0.01695366282
chr11_2103063_T_C	0.002267287269	-0.03865192825	0.3446580884	0.391397506	-0.4039966709	-0.4048186798	0.391397506	0.2110973898	0.3908509143	0.391397506	0.391397506	0.2862714492	-0.4039966709	0.2110973898	0.3371764529	0.2862714492	0.1996522075	-0.360603762	-0.4073962522	-0.4073962522	0.4058534744	-0.4073962522	0.6596807123	0.6596807123	0.1960181185	0.5253754984	0.1960181185	-0.4153294983	-0.4510072576	0.7346747755	0.7346747755	0.7346747755	0.5244994208	0.2465882081	0.5244994208	0.1985036003	0.1985036003	0.5244994208	0.5244994208	0.5244994208	-0.4510072576	0.5207213266	0.2465882081	0.2465882081	0.5253754984	-0.4750453345	-0.5051075707	-0.5051075707	-0.5166658991	0.2135994635	0.7557548444	0.1505790778	0.03500800383	0.2160252271	0.5253754984	0.03500800383	-0.1381105657	0.53634051	0.2160252271	0.5216022057	0.5244994208	0.1085792689	-0.5224395062	0.8592115856	-0.5224395062	0.2112105389	0.5244994208	0.5207213266	-0.3315334209	0.5207213266	0.5178834001	0.8571745705	0.2088573158	0.5178834001	0.2112105389	0.2624879365	0.7606614368	0.7606614368	0.5178834001	0.5178834001	0.6841408548	0.5178834001	0.5187632443	-0.2321670656	0.1505790778	0.2564861854	0.7606614368	0.2564861854	-0.5282097334	-0.3232666168	0.7606614368	-0.3232666168	0.2624879365	-0.3240578388	0.1710162303	0.2624879365	-0.2989751781	-0.510888669	0.1348002522	0.2650991267	-0.3138360642	0.8332992194	0.113579461	-0.3138360642	-0.1381105657	0.835125188	-0.3130508143	-0.5429828182	0.835125188	0.2625234785	0.09969928684	-0.3138360642	0.2599516622	-0.5429828182	-0.3115411737	-0.5448365814	0.836350506	-0.5445468874	-0.3429496862	0.2083560018	-0.1737231376	-0.1737231376	-0.3429496862	0.8650119593	0.1921914073	0.1408080867	0.2105898227	1	0.9958444182	-0.1772170019	0.2576539196	0.6600230491	0.2576539196	0.1179611742	0.2576539196	0.658895276	-0.5540463473	-0.549002385	-0.5540463473	0.2576539196	0.658895276	0.658895276	0.658895276	0.8572236361	0.08818948636	-0.5540463473	-0.3397946139	0.2548333946	-0.3405778417	-0.5540463473	0.113579461	0.8554626689	0.2386435613	0.8441474344	0.6304868831	0.6310973592	-0.5375081456	0.6310973592	0.6310973592	0.6324301481	0.1666481764	0.1666481764	0.1769131816	-0.1097243679	0.4326274795	0.06643650586	0.46761247	0.07134026969	0.3771466261	0.09481365379	0.09969928684	-0.07157576144	0.5429123868	0.5437599569	-0.1558094479	0.5735615258	0.5409925401	-0.1357253985	0.5706793077	-0.006919680427	0.2514888592	0.5063918912	0.2486686401	0.1124816545	-0.2722780092	-0.003594453441	0.01256602846	-0.02371412969
chr11_2103073_T_TC	0.003994572108	-0.04717927672	0.3443106086	0.391785284	-0.4030180318	-0.4038212959	0.391785284	0.2073538284	0.3912577686	0.391785284	0.391785284	0.2898081823	-0.4030180318	0.2073538284	0.3365551984	0.2898081823	0.2009307475	-0.3603675556	-0.4062498192	-0.4062498192	0.4034548439	-0.4062498192	0.6582292415	0.6582292415	0.1899516682	0.5242823018	0.1899516682	-0.4108968946	-0.4515586509	0.7372497321	0.7372497321	0.7372497321	0.5234259702	0.2433068845	0.5234259702	0.1923677316	0.1923677316	0.5234259702	0.5234259702	0.5234259702	-0.4515586509	0.5196344582	0.2433068845	0.2433068845	0.5242823018	-0.470749935	-0.5059753533	-0.5059753533	-0.5174720911	0.207883125	0.7583804501	0.1523721933	0.03603708299	0.2102457293	0.5242823018	0.03603708299	-0.1518801434	0.5350490345	0.2102457293	0.5204955731	0.5234259702	0.1096332521	-0.5232150113	0.8588566066	-0.5232150113	0.2055563918	0.5234259702	0.5196344582	-0.3355999157	0.5196344582	0.5168170636	0.856807384	0.2032644221	0.5168170636	0.2055563918	0.2559166853	0.7632642917	0.7632642917	0.5168170636	0.5168170636	0.6858940135	0.5168170636	0.5176770591	-0.234986949	0.1523721933	0.25006626	0.7632642917	0.25006626	-0.5289546218	-0.3276250713	0.7632642917	-0.3276250713	0.2559166853	-0.3283961779	0.1724986495	0.2559166853	-0.3036537527	-0.5117256196	0.1358233521	0.2593924535	-0.3182724121	0.8365267802	0.1145964721	-0.3182724121	-0.1518801434	0.8383581565	-0.3175075378	-0.5439867791	0.8383581565	0.2567030953	0.1005377956	-0.3182724121	0.2543657355	-0.5439867791	-0.315988564	-0.545801778	0.8395478604	-0.5455361588	-0.3424360408	0.2105424084	-0.1726261453	-0.1726261453	-0.3424360408	0.8640022653	0.1939523882	0.1418767846	0.2127545054	0.9958444182	1	-0.1756283866	0.2595807576	0.6545758749	0.2595807576	0.119031956	0.2513992224	0.6534237506	-0.5548246169	-0.5497646094	-0.5548246169	0.2513992224	0.6534237506	0.6534237506	0.6534237506	0.8563053001	0.08900725393	-0.5548246169	-0.3441234	0.2486487099	-0.3448865753	-0.5548246169	0.1145964721	0.8545809267	0.2326728397	0.8432982965	0.6251020144	0.6257559926	-0.5383318735	0.6257559926	0.6257559926	0.6270501563	0.1680927319	0.1680927319	0.17834378	-0.1085658878	0.4302936459	0.06837429452	0.462053267	0.07326557033	0.3754196467	0.09558471058	0.1005377956	-0.0697560687	0.535609281	0.5364535568	-0.1543912095	0.5670643265	0.5336655747	-0.1343096823	0.5641812837	-0.004664043511	0.2478917437	0.4993491946	0.2449092565	0.1139270679	-0.2699306771	-0.007989228846	0.01485291002	-0.02247549967
chr11_2103563_C_T	0.01031950265	-0.03818131875	-0.08661879312	-0.08960726982	-0.1198689785	-0.1206095177	-0.08960726982	-0.08306119734	-0.09037893761	-0.08960726982	-0.08960726982	-0.03695466274	-0.1198689785	-0.08306119734	-0.2452266248	-0.03695466274	-0.06303067502	-0.1084671609	-0.1244605468	-0.1244605468	-0.01957485068	-0.1244605468	-0.09659164152	-0.09659164152	-0.09645530602	-0.2545995121	-0.09645530602	-0.09306992876	-0.1059333679	-0.09641759648	-0.09641759648	-0.09641759648	-0.2552984042	-0.1085886167	-0.2552984042	-0.09568118252	-0.09568118252	-0.2552984042	-0.2552984042	-0.2552984042	-0.1059333679	-0.2545995121	-0.1085886167	-0.1085886167	-0.2545995121	-0.08257850172	-0.09342320353	-0.09342320353	-0.09497886067	-0.1010484226	-0.1003631366	-0.05518063401	0.002483487958	-0.1002886435	-0.2545995121	0.002483487958	-0.04638238117	-0.2329894779	-0.1002886435	-0.2539029603	-0.2552984042	-0.04886355376	-0.09575650483	-0.1518945501	-0.09575650483	-0.1018060836	-0.2552984042	-0.2545995121	-0.1449301105	-0.2545995121	-0.2566316058	-0.151477585	-0.1025616986	-0.2566316058	-0.1018060836	-0.09176838266	-0.09948420386	-0.09948420386	-0.2566316058	-0.2566316058	-0.07315123731	-0.2566316058	-0.2559296163	-0.1603790425	-0.05518063401	-0.09334232229	-0.09948420386	-0.09334232229	-0.09653406691	-0.1387004305	-0.09948420386	-0.1387004305	-0.09176838266	-0.1394746753	0.05248578728	-0.09176838266	-0.1348002187	-0.09420110382	0.0275757943	-0.09956435322	-0.1379174235	-0.1287820066	-0.04763655577	-0.1379174235	-0.04638238117	-0.1291995859	-0.1371434083	-0.08924456267	-0.1291995859	-0.09803471854	0.06204271772	-0.1379174235	-0.1010849844	-0.08924456267	-0.139471028	-0.08938498872	-0.1278279278	-0.08860104825	-0.1402581427	-0.1004301615	-0.03500359999	-0.03500359999	-0.1402581427	-0.1283643434	-0.03215786889	-0.05124390534	-0.09967027324	-0.1772170019	-0.1756283866	1	-0.09260060387	-0.2938173495	-0.09260060387	-0.05006540379	-0.09260060387	-0.2954889417	-0.09420110382	-0.09497886067	-0.09420110382	-0.09260060387	-0.2954889417	-0.2954889417	-0.2954889417	-0.1304518845	0.01456082471	-0.09420110382	-0.1371749954	-0.09338527294	-0.1379435309	-0.09420110382	-0.04763655577	-0.1323740596	-0.09572199205	-0.1333441647	-0.3006027537	-0.2997371893	-0.09342320353	-0.2997371893	-0.2997371893	-0.2980266573	-0.0679568278	-0.0679568278	-0.0679568278	-0.04104257869	-0.1853338423	-0.08247321823	-0.2493675434	-0.05719720023	-0.05675938723	-0.03659727909	-0.03961033444	-0.07003996748	-0.1603843601	-0.1614974448	0.870541926	-0.2231342835	-0.1610310349	0.0316972524	-0.2120000996	-0.09134249273	-0.01340373166	-0.2021540251	-0.0106446969	0.06473883976	-0.05413894981	-0.1067789495	-0.09369044401	0.0275757943
chr11_2104098_C_T	0.008348133893	-0.01420350508	-0.1555644283	-0.16023155	0.2041109055	0.2029538323	-0.16023155	-0.08996959477	-0.1615398755	-0.16023155	-0.16023155	-0.114273135	0.2041109055	-0.08996959477	0.03009978125	-0.114273135	0.6362972293	0.1479407004	0.1967164902	0.1967164902	-0.02241118515	0.1967164902	-0.1632132916	-0.1632132916	0.7354325282	0.1994009094	0.7514756612	0.04890455936	0.02821951513	-0.2290399169	-0.2290399169	-0.2290399169	0.198090247	0.5230351827	0.198090247	0.7580434067	0.7580434067	0.198090247	0.198090247	0.198090247	0.02821951513	0.1994009094	0.5230351827	0.5230351827	0.1994009094	-0.01718203642	-0.02022706437	-0.02022706437	-0.02312793685	0.8076840781	-0.2265896689	-0.04920274932	-0.01143910603	0.8140607666	0.1994009094	-0.01143910603	-0.04873297068	0.2024578249	0.8140607666	0.1915875187	0.198090247	-0.08256595833	-0.02457461822	0.193081756	-0.02457461822	0.8014180385	0.198090247	0.1994009094	0.4492139901	0.1994009094	0.1991247001	0.1945133339	0.7952592403	0.1991247001	0.8014180385	0.8760250538	-0.2253707237	-0.2253707237	0.1991247001	0.1991247001	-0.200588019	0.1991247001	0.2004426395	0.3931109325	-0.04920274932	0.8606507401	-0.2253707237	0.8606507401	-0.02601888996	0.4706935038	-0.2253707237	0.4706935038	0.8760250538	0.4693852431	-0.05588072948	0.8760250538	0.4937043362	-0.02167877582	-0.005200161147	0.9335444537	0.4759516984	-0.2504142106	-0.02265293696	0.4759516984	-0.04873297068	-0.2510544369	0.4772830987	-0.1183372219	-0.2510544369	0.9473801742	0.001775708847	0.4759516984	0.9201823813	-0.1183372219	0.4677823395	-0.1188448775	-0.2487307396	-0.1174839295	0.4735863855	0.9158738099	-0.0591464508	-0.0591464508	0.4735863855	-0.2497745105	-0.07126178	0.562661289	0.9222447341	0.2576539196	0.2595807576	-0.09260060387	1	0.1888801855	1	-0.02933419916	0.9839379231	0.1899547668	-0.1168677362	-0.1182234592	-0.1168677362	0.9839379231	0.1899547668	0.1899547668	0.1899547668	-0.2448406663	-0.02881652122	-0.1168677362	0.4694310914	0.9760773289	0.468124891	-0.1168677362	-0.0804926694	-0.2481963756	0.9533830422	-0.2498903115	0.1762019479	0.1738983952	-0.1155110606	0.1738983952	0.1738983952	0.1764873338	0.6901703175	0.6901703175	0.6901703175	0.0303161469	-0.08794745141	0.5172855062	0.1725540621	0.5210723262	-0.1010316521	0.01222062948	0.001775708847	0.2029203189	-0.06239983765	-0.06369478281	-0.0828936579	0.1789940896	-0.06265143579	-0.08459675413	0.1784920375	0.4464023307	0.2359863542	0.1908639959	0.2350837124	-0.04406140309	-0.02935826357	0.3712738757	0.4332295407	-0.0310979934
chr11_2104138_A_G	0.0005568386904	0.002821582602	0.202054929	0.2465160035	0.04868608049	0.04597495968	0.2465160035	0.1449960562	0.2438636196	0.2465160035	0.2465160035	0.1703953302	0.04355854731	0.1449960562	0.5268677102	0.1703953302	0.1594368037	0.06028559468	0.06626676259	0.06626676259	0.239441933	0.06626676259	0.4010890559	0.4010890559	0.202039789	0.8510425775	0.2115473214	0.2416357794	0.2699203543	0.4465630332	0.4465630332	0.4465630332	0.8534038216	0.2429505983	0.8534038216	0.2082776301	0.2082776301	0.8534038216	0.8534038216	0.8534038216	0.2699203543	0.8510425775	0.2429505983	0.2429505983	0.8564500838	0.2175799205	0.2445927302	0.2445927302	0.2374612501	0.2214949388	0.4629265805	0.1281322053	0.01808982577	0.218307095	0.8564500838	0.01808982577	0.1214578484	0.8235692191	0.218307095	0.8540978227	0.8534038216	0.08125125917	0.2339112608	0.5733158342	0.2339112608	0.2155056425	0.8534038216	0.8510425775	0.334155775	0.8510425775	0.8469911577	0.5720059606	0.2186995673	0.8469911577	0.2155056425	0.1915472997	0.4653872818	0.4653872818	0.8469911577	0.8469911577	0.4020070652	0.8469911577	0.8446171658	0.3616749152	0.1281322053	0.1885853363	0.4653872818	0.1885853363	0.2241217448	0.3106760281	0.4653872818	0.3106760281	0.1915472997	0.3077187911	0.06409119093	0.1915472997	0.3052404235	0.2410216734	0.07353449264	0.1910360375	0.3239596992	0.5354602097	0.1265461169	0.3239596992	0.1214578484	0.5366693674	0.3213418862	0.235336912	0.5366693674	0.1935514494	0.03193405309	0.3239596992	0.206570875	0.235336912	0.3227796387	0.2363603571	0.5320202549	0.2336399717	0.3389534052	0.2156775432	-0.1794912865	-0.1794912865	0.3389534052	0.5586052579	0.1071337188	0.1088751616	0.2125339764	0.6600230491	0.6545758749	-0.2938173495	0.1888801855	1	0.1888801855	0.1198983834	0.1888801855	0.9943429618	0.2410216734	0.2437230068	0.2410216734	0.1888801855	0.9943429618	0.9943429618	0.9943429618	0.5595975752	0.02320336129	0.2410216734	0.3230066825	0.1922383381	0.325602811	0.2410216734	0.05799178541	0.5617692009	0.174238059	0.5507367511	0.9659032327	0.96892942	0.2508668973	0.96892942	0.9632504895	0.9688500444	0.09823375394	0.09823375394	0.1101602754	-0.1961391773	0.7202968757	-0.02315121687	0.7647008441	-0.02324919339	0.2644995174	0.1235541585	0.05229251786	-0.03232932257	0.6250136749	0.629006145	-0.2641139288	0.6750971801	0.62753375	0.02164877137	0.6699204941	0.007132297982	0.1735005387	0.6082773782	0.1677010496	0.02456214628	0.1136541286	0.04988761387	0.0106864088	-0.01855144047
chr11_2104159_C_T	0.008348133893	-0.01420350508	-0.1555644283	-0.16023155	0.2041109055	0.2029538323	-0.16023155	-0.08996959477	-0.1615398755	-0.16023155	-0.16023155	-0.114273135	0.2041109055	-0.08996959477	0.03009978125	-0.114273135	0.6362972293	0.1479407004	0.1967164902	0.1967164902	-0.02241118515	0.1967164902	-0.1632132916	-0.1632132916	0.7354325282	0.1994009094	0.7514756612	0.04890455936	0.02821951513	-0.2290399169	-0.2290399169	-0.2290399169	0.198090247	0.5230351827	0.198090247	0.7580434067	0.7580434067	0.198090247	0.198090247	0.198090247	0.02821951513	0.1994009094	0.5230351827	0.5230351827	0.1994009094	-0.01718203642	-0.02022706437	-0.02022706437	-0.02312793685	0.8076840781	-0.2265896689	-0.04920274932	-0.01143910603	0.8140607666	0.1994009094	-0.01143910603	-0.04873297068	0.2024578249	0.8140607666	0.1915875187	0.198090247	-0.08256595833	-0.02457461822	0.193081756	-0.02457461822	0.8014180385	0.198090247	0.1994009094	0.4492139901	0.1994009094	0.1991247001	0.1945133339	0.7952592403	0.1991247001	0.8014180385	0.8760250538	-0.2253707237	-0.2253707237	0.1991247001	0.1991247001	-0.200588019	0.1991247001	0.2004426395	0.3931109325	-0.04920274932	0.8606507401	-0.2253707237	0.8606507401	-0.02601888996	0.4706935038	-0.2253707237	0.4706935038	0.8760250538	0.4693852431	-0.05588072948	0.8760250538	0.4937043362	-0.02167877582	-0.005200161147	0.9335444537	0.4759516984	-0.2504142106	-0.02265293696	0.4759516984	-0.04873297068	-0.2510544369	0.4772830987	-0.1183372219	-0.2510544369	0.9473801742	0.001775708847	0.4759516984	0.9201823813	-0.1183372219	0.4677823395	-0.1188448775	-0.2487307396	-0.1174839295	0.4735863855	0.9158738099	-0.0591464508	-0.0591464508	0.4735863855	-0.2497745105	-0.07126178	0.562661289	0.9222447341	0.2576539196	0.2595807576	-0.09260060387	1	0.1888801855	1	-0.02933419916	0.9839379231	0.1899547668	-0.1168677362	-0.1182234592	-0.1168677362	0.9839379231	0.1899547668	0.1899547668	0.1899547668	-0.2448406663	-0.02881652122	-0.1168677362	0.4694310914	0.9760773289	0.468124891	-0.1168677362	-0.0804926694	-0.2481963756	0.9533830422	-0.2498903115	0.1762019479	0.1738983952	-0.1155110606	0.1738983952	0.1738983952	0.1764873338	0.6901703175	0.6901703175	0.6901703175	0.0303161469	-0.08794745141	0.5172855062	0.1725540621	0.5210723262	-0.1010316521	0.01222062948	0.001775708847	0.2029203189	-0.06239983765	-0.06369478281	-0.0828936579	0.1789940896	-0.06265143579	-0.08459675413	0.1784920375	0.4464023307	0.2359863542	0.1908639959	0.2350837124	-0.04406140309	-0.02935826357	0.3712738757	0.4332295407	-0.0310979934
chr11_2105673_C_T	-0.001740743255	-0.06208304064	-0.05199330501	0.2541057556	-0.04571825153	-0.04638000087	0.2541057556	0.4317531762	0.2535691262	0.2541057556	0.2541057556	-0.05668789346	-0.04571825153	0.4317531762	0.152461732	-0.05668789346	0.01986140409	-0.02509295047	-0.0511859892	-0.0511859892	-0.07816480899	-0.0511859892	0.1729801823	0.1729801823	-0.005322212343	0.1396505718	-0.005322212343	0.005640799739	0.007618451442	0.1231590649	0.1231590649	0.1231590649	0.1389353886	0.4158519737	0.1389353886	-0.004138781522	-0.004138781522	0.1389353886	0.1389353886	0.1389353886	0.007618451442	0.1396505718	0.4158519737	0.4158519737	0.1239535354	-0.02077043168	-0.01509888187	-0.01509888187	-0.01665903202	-0.01216340394	0.1304524743	0.6227400918	0.01379631928	-0.01105209732	0.1239535354	0.01379631928	0.008616592723	0.1304859736	-0.01105209732	0.1246670684	0.1232415865	-0.04464007653	-0.01743718113	0.1217598717	-0.01743718113	-0.01326400466	0.1232415865	0.1239535354	-0.02323228187	0.1239535354	0.1238851702	0.1225619445	-0.01435423439	0.1238851702	-0.01326400466	0.001990689473	0.132292845	0.132292845	0.1238851702	0.1238851702	-0.1554481149	0.1238851702	0.1246011059	0.2765746605	0.6227400918	-0.000505579226	0.132292845	-0.000505579226	-0.01821409614	-0.01581832942	0.132292845	-0.01581832942	0.001990689473	-0.0165256531	-0.0637103136	0.001990689473	-0.009672559418	-0.0158796115	-0.04481725044	-0.0119847635	-0.01448407298	0.1201995042	0.9514864989	-0.01448407298	0.008616592723	0.1193441176	-0.01377325858	-0.009732731368	0.1193441176	-0.009780884038	-0.03618665088	-0.01448407298	-0.0141475578	-0.009732731368	-0.01528025658	-0.01045903057	0.1205539184	-0.009662551709	-0.03392723939	-0.04058545326	-0.03197809537	-0.03197809537	-0.03392723939	0.1351979763	-0.07512849109	-0.0002775574184	-0.03965149365	0.1179611742	0.119031956	-0.05006540379	-0.02933419916	0.1198983834	-0.02933419916	1	-0.02933419916	0.1205805119	-0.0158796115	-0.01665903202	-0.0158796115	-0.02933419916	0.1205805119	0.1205805119	0.1205805119	0.1308057829	0.02643054626	-0.0158796115	-0.03111261977	-0.03036770946	-0.0318157469	-0.0158796115	-0.043519133	0.1301532101	-0.0334108553	0.1298273288	0.1184719286	0.1170987401	-0.01509888187	0.1170987401	0.1170987401	0.1184882512	0.007158133288	0.007158133288	0.007158133288	-0.03749510039	-0.1884735146	-0.04710448587	-0.2289451387	-0.04601475379	-0.1135553552	-0.03343402626	-0.03618665088	-0.0314760034	-0.1701827899	-0.1712661176	-0.04481725044	-0.1996433589	-0.1708689724	-0.04573804574	-0.2010624492	-0.03044986712	-0.06975246582	-0.1866941253	-0.068808109	-0.05937882676	-0.01238330215	-0.0263685834	-0.03340697111	-0.0002657149235
chr11_2106729_G_A	0.008348133893	0.005921461275	-0.1647669341	-0.1690514745	0.2041109055	0.2029538323	-0.1690514745	-0.1025648372	-0.1703642193	-0.1690514745	-0.1690514745	-0.114273135	0.2041109055	-0.1025648372	0.02064307296	-0.114273135	0.6362972293	0.1479407004	0.1967164902	0.1967164902	-0.02241118515	0.1967164902	-0.1712658944	-0.1712658944	0.7354325282	0.1902762135	0.7514756612	0.03805365801	0.01785862746	-0.2290399169	-0.2290399169	-0.2290399169	0.1889674312	0.5230351827	0.1889674312	0.7580434067	0.7580434067	0.1889674312	0.1889674312	0.1889674312	0.01785862746	0.1902762135	0.5230351827	0.5230351827	0.1902762135	-0.02830502783	-0.03081417506	-0.03081417506	-0.033694106	0.8076840781	-0.2265896689	-0.04920274932	-0.01143910603	0.8140607666	0.1902762135	-0.01143910603	-0.04873297068	0.1933563604	0.8140607666	0.1824608474	0.1889674312	-0.08256595833	-0.03513058147	0.193081756	-0.03513058147	0.8014180385	0.1889674312	0.1902762135	0.4399592435	0.1902762135	0.1899542437	0.1945133339	0.7952592403	0.1899542437	0.8014180385	0.8760250538	-0.2253707237	-0.2253707237	0.1899542437	0.1899542437	-0.200588019	0.1899542437	0.1912702735	0.3846509659	-0.04920274932	0.8606507401	-0.2253707237	0.8606507401	-0.03656482199	0.4612927163	-0.2253707237	0.4612927163	0.8760250538	0.4599844557	-0.05588072948	0.8760250538	0.4840846081	-0.03225532697	-0.005200161147	0.9182419424	0.4664984425	-0.2504142106	-0.02265293696	0.4664984425	-0.04873297068	-0.2510544369	0.4678295292	-0.1183372219	-0.2510544369	0.9319213983	0.001775708847	0.4664984425	0.9050297676	-0.1183372219	0.4582762585	-0.1188448775	-0.2487307396	-0.1174839295	0.4642365955	0.901002945	-0.0591464508	-0.0591464508	0.4642365955	-0.2497745105	-0.0881856116	0.5356092312	0.9073041852	0.2576539196	0.2513992224	-0.09260060387	0.9839379231	0.1888801855	0.9839379231	-0.02933419916	1	0.1899547668	-0.1168677362	-0.1182234592	-0.1168677362	1	0.1899547668	0.1899547668	0.1899547668	-0.2529782938	-0.02881652122	-0.1168677362	0.4787806792	0.9920473675	0.4774743776	-0.1168677362	-0.0804926694	-0.2563699239	0.9690890544	-0.2580821016	0.1762019479	0.1738983952	-0.1155110606	0.1738983952	0.1738983952	0.1764873338	0.6901703175	0.6901703175	0.6901703175	0.0303161469	-0.08794745141	0.5172855062	0.1725540621	0.5210723262	-0.1010316521	0.01222062948	0.001775708847	0.2029203189	-0.06239983765	-0.06369478281	-0.0828936579	0.1789940896	-0.06265143579	-0.08459675413	0.1784920375	0.4464023307	0.2483023053	0.1908639959	0.2477372285	-0.04406140309	-0.02935826357	0.3712738757	0.4332295407	-0.0310979934
chr11_2107025_C_T	0.0005600066695	0.002837635213	0.2032044644	0.2479184879	0.04380636157	0.04107862163	0.2479184879	0.145820971	0.245251014	0.2479184879	0.2479184879	0.1713647471	0.03864965671	0.145820971	0.5242290294	0.1713647471	0.1469285442	0.05464658536	0.06158997491	0.06158997491	0.2408041713	0.06158997491	0.4033709407	0.4033709407	0.2031892383	0.8504460772	0.2127508612	0.236543419	0.2652809567	0.4491036296	0.4491036296	0.4491036296	0.8473847253	0.2443327982	0.8473847253	0.2094625679	0.2094625679	0.8473847253	0.8473847253	0.8473847253	0.2652809567	0.8450078065	0.2443327982	0.2443327982	0.8504460772	0.2121885367	0.2396744103	0.2396744103	0.2325148388	0.2227550728	0.4655602727	0.1288611779	0.01819274281	0.2195490926	0.8504460772	0.01819274281	0.1221488491	0.8174058376	0.2195490926	0.848078079	0.8473847253	0.08171351565	0.2289507355	0.5717910606	0.2289507355	0.216731702	0.8473847253	0.8450078065	0.3250253011	0.8450078065	0.846344335	0.5704659973	0.2107809909	0.846344335	0.216731702	0.1926370549	0.4680349736	0.4680349736	0.846344335	0.846344335	0.4042941727	0.846344335	0.8494223806	0.3637325642	0.1288611779	0.1896582402	0.4680349736	0.1896582402	0.2253968233	0.3124435331	0.4680349736	0.3124435331	0.1926370549	0.3094694717	0.06445581996	0.1926370549	0.3012436968	0.2360893305	0.07395284672	0.192122884	0.3201686873	0.5385065618	0.1272660659	0.3201686873	0.1221488491	0.5397225988	0.3175357939	0.2302268293	0.5397225988	0.1946526066	0.03211573302	0.3201686873	0.2077461026	0.2302268293	0.3189504295	0.2313098109	0.5350470364	0.2285667362	0.3353093608	0.2169045807	-0.1805124523	-0.1805124523	0.3353093608	0.5617832874	0.1077432263	0.1094945766	0.2137431294	0.658895276	0.6534237506	-0.2954889417	0.1899547668	0.9943429618	0.1899547668	0.1205805119	0.1899547668	1	0.2423928993	0.2451096012	0.2423928993	0.1899547668	1	1	1	0.5627812502	0.02333537037	0.2423928993	0.3248443394	0.1933320247	0.3274552378	0.2423928993	0.05832171357	0.560093839	0.175229338	0.553870015	0.971398471	0.9687306357	0.2522941348	0.9687306357	0.9687306357	0.9743620477	0.09879262761	0.09879262761	0.1107870017	-0.1972550567	0.7243948047	-0.02328292929	0.7635634723	-0.02338146322	0.2660043139	0.1242570856	0.05259002162	-0.03251325127	0.6285695166	0.6277894313	-0.2656165316	0.6738396391	0.631103929	0.02177193604	0.6686137625	0.007172875211	0.1744876218	0.6068559019	0.1686551382	0.02470188579	0.1143007322	0.0501714356	0.01074720616	-0.01865698374
chr11_2107107_G_A	0.002165514978	0.05735456372	-0.2201235855	-0.2289958783	0.5653619985	0.563453727	-0.2289958783	-0.1120557872	-0.2311899772	-0.2289958783	-0.2289958783	-0.1769141746	0.5596646573	-0.1120557872	0.1372550804	-0.1769141746	-0.0765842795	0.5186406997	0.5899344258	0.5899344258	-0.2626717391	0.5899344258	-0.4074050932	-0.4074050932	-0.03299436379	0.2543726608	-0.02243028677	0.7860886224	0.8654996656	-0.4484618583	-0.4484618583	-0.4484618583	0.2581777474	-0.04818852289	0.2581777474	-0.01875716997	-0.01875716997	0.2581777474	0.2581777474	0.2581777474	0.8654996656	0.2603810876	-0.04818852289	-0.04818852289	0.2603810876	0.8351699238	0.9058935656	0.9058935656	0.9130373032	-0.03344480435	-0.4572085451	-0.04685750105	-0.02231069701	-0.02994022706	0.2603810876	-0.02231069701	0.3162016034	0.2092471922	-0.02994022706	0.2625880544	0.2581777474	-0.04678607259	0.9166188891	-0.4700925517	0.9166188891	-0.03691534426	0.2581777474	0.2603810876	0.7815180813	0.2603810876	0.2655645444	-0.4689569721	-0.03022946277	0.2655645444	-0.03691534426	-0.1201977484	-0.4608753039	-0.4608753039	0.2655645444	0.2655645444	-0.4349270244	0.2655645444	0.2617413964	0.6934821594	-0.04685750105	-0.1264564543	-0.4608753039	-0.1264564543	0.9202070868	0.7501251187	-0.4608753039	0.7501251187	-0.1201977484	0.747909928	-0.1451305437	-0.1201977484	0.7056491318	0.9094622286	-0.08919872568	-0.1337175362	0.746317328	-0.4803329745	-0.002990871534	0.746317328	0.3162016034	-0.4813048069	0.7485697224	0.943712623	-0.4813048069	-0.1277976437	-0.09070822781	0.746317328	-0.1096157148	0.943712623	0.7419882142	0.9474553634	-0.4881382242	0.9439815175	0.801012787	-0.03274436785	0.02706039423	0.02706039423	0.801012787	-0.495598373	-0.1238468291	-0.05754771179	-0.029377232	-0.5540463473	-0.5548246169	-0.09420110382	-0.1168677362	0.2410216734	-0.1168677362	-0.0158796115	-0.1168677362	0.2423928993	1	0.9965285946	1	-0.1168677362	0.2423928993	0.2423928993	0.2423928993	-0.5056662648	-0.08564434089	1	0.8159644713	-0.1199612267	0.8137525407	1	-0.07916344783	-0.5009861359	-0.1187387048	-0.498640415	0.2475914954	0.2502804833	0.9895503319	0.2502804833	0.2439704696	0.2483765087	-0.1016680117	-0.1016680117	-0.1016680117	-0.07367448297	0.2373162631	-0.1170579172	0.2514636694	-0.11270283	-0.2028820722	0.01720902301	-0.06808738568	0.06093378335	-0.01810773994	-0.01475649157	-0.08919872568	0.000515129939	-0.01287627429	0.2024560035	-0.00150640581	0.0226655877	-0.1565208184	0.01109887917	-0.1601979637	-0.1137870222	0.4945878806	0.06686083759	0.001608345554	0.0131204511
chr11_2107122_C_T	0.001046034385	0.05621915124	-0.2169588825	-0.2264641206	0.5616839294	0.5597654892	-0.2264641206	-0.1138565801	-0.2286664504	-0.2264641206	-0.2264641206	-0.1724565534	0.5559921808	-0.1138565801	0.1341150064	-0.1724565534	-0.07750999258	0.5149943512	0.5861836654	0.5861836654	-0.2647292338	0.5861836654	-0.4066471161	-0.4066471161	-0.03449362769	0.2513663386	-0.02393992043	0.7828193736	0.8619942525	-0.4476108943	-0.4476108943	-0.4476108943	0.2551563271	-0.05014451673	0.2551563271	-0.02025811657	-0.02025811657	0.2551563271	0.2551563271	0.2551563271	0.8619942525	0.2573688675	-0.05014451673	-0.05014451673	0.2573688675	0.8319935239	0.9025258958	0.9025258958	0.9096398861	-0.03501656198	-0.4564402449	-0.04810158633	-0.02298404357	-0.03150335998	0.2573688675	-0.02298404357	0.3151546943	0.2064112146	-0.03150335998	0.2595850073	0.2551563271	-0.04751607052	0.913206567	-0.470156268	0.913206567	-0.03849572639	0.2551563271	0.2573688675	0.7775798114	0.2573688675	0.2625214183	-0.4690121318	-0.0318284065	0.2625214183	-0.03849572639	-0.1215369875	-0.4600805127	-0.4600805127	0.2625214183	0.2625214183	-0.4335674893	0.2625214183	0.2587134396	0.689260918	-0.04810158633	-0.127814543	-0.4600805127	-0.127814543	0.916779838	0.7463028635	-0.4600805127	0.7463028635	-0.1215369875	0.7440775527	-0.1460954806	-0.1215369875	0.7019118922	0.9060796955	-0.08989017071	-0.1351672994	0.7425063134	-0.4745839125	-0.003744375091	0.7425063134	0.3151546943	-0.4755760115	0.7447687583	0.9403522501	-0.4755760115	-0.1292289282	-0.09124817604	0.7425063134	-0.1111132832	0.9403522501	0.7381518145	0.9440975563	-0.4823822731	0.9406384316	0.7971206372	-0.03430699543	0.02647799581	0.02647799581	0.7971206372	-0.4898129554	-0.1250311263	-0.05830494456	-0.03093109821	-0.549002385	-0.5497646094	-0.09497886067	-0.1182234592	0.2437230068	-0.1182234592	-0.01665903202	-0.1182234592	0.2451096012	0.9965285946	1	0.9965285946	-0.1182234592	0.2451096012	0.2451096012	0.2451096012	-0.4999763358	-0.08616576107	0.9965285946	0.8121066223	-0.1213263732	0.8098846686	0.9965285946	-0.07984217997	-0.4952992548	-0.120142157	-0.4929549554	0.2502720797	0.2529298013	0.9861005442	0.2529298013	0.2466259816	0.251051467	-0.1026473267	-0.1026473267	-0.1026473267	-0.07425389478	0.2410596234	-0.1182526368	0.254396029	-0.1138980662	-0.1985282103	0.0166109881	-0.06864953864	0.05976177851	-0.01385078548	-0.01050144362	-0.08989017071	0.004206494153	-0.008607362563	0.2014622635	0.002190005874	0.02119287603	-0.158316129	0.01519107435	-0.1619934376	-0.1147074372	0.4928257	0.06509962212	0.0001190197625	0.012328569
chr11_2107655_C_A	0.002165514978	0.05735456372	-0.2201235855	-0.2289958783	0.5653619985	0.563453727	-0.2289958783	-0.1120557872	-0.2311899772	-0.2289958783	-0.2289958783	-0.1769141746	0.5596646573	-0.1120557872	0.1372550804	-0.1769141746	-0.0765842795	0.5186406997	0.5899344258	0.5899344258	-0.2626717391	0.5899344258	-0.4074050932	-0.4074050932	-0.03299436379	0.2543726608	-0.02243028677	0.7860886224	0.8654996656	-0.4484618583	-0.4484618583	-0.4484618583	0.2581777474	-0.04818852289	0.2581777474	-0.01875716997	-0.01875716997	0.2581777474	0.2581777474	0.2581777474	0.8654996656	0.2603810876	-0.04818852289	-0.04818852289	0.2603810876	0.8351699238	0.9058935656	0.9058935656	0.9130373032	-0.03344480435	-0.4572085451	-0.04685750105	-0.02231069701	-0.02994022706	0.2603810876	-0.02231069701	0.3162016034	0.2092471922	-0.02994022706	0.2625880544	0.2581777474	-0.04678607259	0.9166188891	-0.4700925517	0.9166188891	-0.03691534426	0.2581777474	0.2603810876	0.7815180813	0.2603810876	0.2655645444	-0.4689569721	-0.03022946277	0.2655645444	-0.03691534426	-0.1201977484	-0.4608753039	-0.4608753039	0.2655645444	0.2655645444	-0.4349270244	0.2655645444	0.2617413964	0.6934821594	-0.04685750105	-0.1264564543	-0.4608753039	-0.1264564543	0.9202070868	0.7501251187	-0.4608753039	0.7501251187	-0.1201977484	0.747909928	-0.1451305437	-0.1201977484	0.7056491318	0.9094622286	-0.08919872568	-0.1337175362	0.746317328	-0.4803329745	-0.002990871534	0.746317328	0.3162016034	-0.4813048069	0.7485697224	0.943712623	-0.4813048069	-0.1277976437	-0.09070822781	0.746317328	-0.1096157148	0.943712623	0.7419882142	0.9474553634	-0.4881382242	0.9439815175	0.801012787	-0.03274436785	0.02706039423	0.02706039423	0.801012787	-0.495598373	-0.1238468291	-0.05754771179	-0.029377232	-0.5540463473	-0.5548246169	-0.09420110382	-0.1168677362	0.2410216734	-0.1168677362	-0.0158796115	-0.1168677362	0.2423928993	1	0.9965285946	1	-0.1168677362	0.2423928993	0.2423928993	0.2423928993	-0.5056662648	-0.08564434089	1	0.8159644713	-0.1199612267	0.8137525407	1	-0.07916344783	-0.5009861359	-0.1187387048	-0.498640415	0.2475914954	0.2502804833	0.9895503319	0.2502804833	0.2439704696	0.2483765087	-0.1016680117	-0.1016680117	-0.1016680117	-0.07367448297	0.2373162631	-0.1170579172	0.2514636694	-0.11270283	-0.2028820722	0.01720902301	-0.06808738568	0.06093378335	-0.01810773994	-0.01475649157	-0.08919872568	0.000515129939	-0.01287627429	0.2024560035	-0.00150640581	0.0226655877	-0.1565208184	0.01109887917	-0.1601979637	-0.1137870222	0.4945878806	0.06686083759	0.001608345554	0.0131204511
chr11_2107742_G_A	0.008348133893	0.005921461275	-0.1647669341	-0.1690514745	0.2041109055	0.2029538323	-0.1690514745	-0.1025648372	-0.1703642193	-0.1690514745	-0.1690514745	-0.114273135	0.2041109055	-0.1025648372	0.02064307296	-0.114273135	0.6362972293	0.1479407004	0.1967164902	0.1967164902	-0.02241118515	0.1967164902	-0.1712658944	-0.1712658944	0.7354325282	0.1902762135	0.7514756612	0.03805365801	0.01785862746	-0.2290399169	-0.2290399169	-0.2290399169	0.1889674312	0.5230351827	0.1889674312	0.7580434067	0.7580434067	0.1889674312	0.1889674312	0.1889674312	0.01785862746	0.1902762135	0.5230351827	0.5230351827	0.1902762135	-0.02830502783	-0.03081417506	-0.03081417506	-0.033694106	0.8076840781	-0.2265896689	-0.04920274932	-0.01143910603	0.8140607666	0.1902762135	-0.01143910603	-0.04873297068	0.1933563604	0.8140607666	0.1824608474	0.1889674312	-0.08256595833	-0.03513058147	0.193081756	-0.03513058147	0.8014180385	0.1889674312	0.1902762135	0.4399592435	0.1902762135	0.1899542437	0.1945133339	0.7952592403	0.1899542437	0.8014180385	0.8760250538	-0.2253707237	-0.2253707237	0.1899542437	0.1899542437	-0.200588019	0.1899542437	0.1912702735	0.3846509659	-0.04920274932	0.8606507401	-0.2253707237	0.8606507401	-0.03656482199	0.4612927163	-0.2253707237	0.4612927163	0.8760250538	0.4599844557	-0.05588072948	0.8760250538	0.4840846081	-0.03225532697	-0.005200161147	0.9182419424	0.4664984425	-0.2504142106	-0.02265293696	0.4664984425	-0.04873297068	-0.2510544369	0.4678295292	-0.1183372219	-0.2510544369	0.9319213983	0.001775708847	0.4664984425	0.9050297676	-0.1183372219	0.4582762585	-0.1188448775	-0.2487307396	-0.1174839295	0.4642365955	0.901002945	-0.0591464508	-0.0591464508	0.4642365955	-0.2497745105	-0.0881856116	0.5356092312	0.9073041852	0.2576539196	0.2513992224	-0.09260060387	0.9839379231	0.1888801855	0.9839379231	-0.02933419916	1	0.1899547668	-0.1168677362	-0.1182234592	-0.1168677362	1	0.1899547668	0.1899547668	0.1899547668	-0.2529782938	-0.02881652122	-0.1168677362	0.4787806792	0.9920473675	0.4774743776	-0.1168677362	-0.0804926694	-0.2563699239	0.9690890544	-0.2580821016	0.1762019479	0.1738983952	-0.1155110606	0.1738983952	0.1738983952	0.1764873338	0.6901703175	0.6901703175	0.6901703175	0.0303161469	-0.08794745141	0.5172855062	0.1725540621	0.5210723262	-0.1010316521	0.01222062948	0.001775708847	0.2029203189	-0.06239983765	-0.06369478281	-0.0828936579	0.1789940896	-0.06265143579	-0.08459675413	0.1784920375	0.4464023307	0.2483023053	0.1908639959	0.2477372285	-0.04406140309	-0.02935826357	0.3712738757	0.4332295407	-0.0310979934
chr11_2107761_C_T	0.0005600066695	0.002837635213	0.2032044644	0.2479184879	0.04380636157	0.04107862163	0.2479184879	0.145820971	0.245251014	0.2479184879	0.2479184879	0.1713647471	0.03864965671	0.145820971	0.5242290294	0.1713647471	0.1469285442	0.05464658536	0.06158997491	0.06158997491	0.2408041713	0.06158997491	0.4033709407	0.4033709407	0.2031892383	0.8504460772	0.2127508612	0.236543419	0.2652809567	0.4491036296	0.4491036296	0.4491036296	0.8473847253	0.2443327982	0.8473847253	0.2094625679	0.2094625679	0.8473847253	0.8473847253	0.8473847253	0.2652809567	0.8450078065	0.2443327982	0.2443327982	0.8504460772	0.2121885367	0.2396744103	0.2396744103	0.2325148388	0.2227550728	0.4655602727	0.1288611779	0.01819274281	0.2195490926	0.8504460772	0.01819274281	0.1221488491	0.8174058376	0.2195490926	0.848078079	0.8473847253	0.08171351565	0.2289507355	0.5717910606	0.2289507355	0.216731702	0.8473847253	0.8450078065	0.3250253011	0.8450078065	0.846344335	0.5704659973	0.2107809909	0.846344335	0.216731702	0.1926370549	0.4680349736	0.4680349736	0.846344335	0.846344335	0.4042941727	0.846344335	0.8494223806	0.3637325642	0.1288611779	0.1896582402	0.4680349736	0.1896582402	0.2253968233	0.3124435331	0.4680349736	0.3124435331	0.1926370549	0.3094694717	0.06445581996	0.1926370549	0.3012436968	0.2360893305	0.07395284672	0.192122884	0.3201686873	0.5385065618	0.1272660659	0.3201686873	0.1221488491	0.5397225988	0.3175357939	0.2302268293	0.5397225988	0.1946526066	0.03211573302	0.3201686873	0.2077461026	0.2302268293	0.3189504295	0.2313098109	0.5350470364	0.2285667362	0.3353093608	0.2169045807	-0.1805124523	-0.1805124523	0.3353093608	0.5617832874	0.1077432263	0.1094945766	0.2137431294	0.658895276	0.6534237506	-0.2954889417	0.1899547668	0.9943429618	0.1899547668	0.1205805119	0.1899547668	1	0.2423928993	0.2451096012	0.2423928993	0.1899547668	1	1	1	0.5627812502	0.02333537037	0.2423928993	0.3248443394	0.1933320247	0.3274552378	0.2423928993	0.05832171357	0.560093839	0.175229338	0.553870015	0.971398471	0.9687306357	0.2522941348	0.9687306357	0.9687306357	0.9743620477	0.09879262761	0.09879262761	0.1107870017	-0.1972550567	0.7243948047	-0.02328292929	0.7635634723	-0.02338146322	0.2660043139	0.1242570856	0.05259002162	-0.03251325127	0.6285695166	0.6277894313	-0.2656165316	0.6738396391	0.631103929	0.02177193604	0.6686137625	0.007172875211	0.1744876218	0.6068559019	0.1686551382	0.02470188579	0.1143007322	0.0501714356	0.01074720616	-0.01865698374
chr11_2107854_G_T	0.0005600066695	0.002837635213	0.2032044644	0.2479184879	0.04380636157	0.04107862163	0.2479184879	0.145820971	0.245251014	0.2479184879	0.2479184879	0.1713647471	0.03864965671	0.145820971	0.5242290294	0.1713647471	0.1469285442	0.05464658536	0.06158997491	0.06158997491	0.2408041713	0.06158997491	0.4033709407	0.4033709407	0.2031892383	0.8504460772	0.2127508612	0.236543419	0.2652809567	0.4491036296	0.4491036296	0.4491036296	0.8473847253	0.2443327982	0.8473847253	0.2094625679	0.2094625679	0.8473847253	0.8473847253	0.8473847253	0.2652809567	0.8450078065	0.2443327982	0.2443327982	0.8504460772	0.2121885367	0.2396744103	0.2396744103	0.2325148388	0.2227550728	0.4655602727	0.1288611779	0.01819274281	0.2195490926	0.8504460772	0.01819274281	0.1221488491	0.8174058376	0.2195490926	0.848078079	0.8473847253	0.08171351565	0.2289507355	0.5717910606	0.2289507355	0.216731702	0.8473847253	0.8450078065	0.3250253011	0.8450078065	0.846344335	0.5704659973	0.2107809909	0.846344335	0.216731702	0.1926370549	0.4680349736	0.4680349736	0.846344335	0.846344335	0.4042941727	0.846344335	0.8494223806	0.3637325642	0.1288611779	0.1896582402	0.4680349736	0.1896582402	0.2253968233	0.3124435331	0.4680349736	0.3124435331	0.1926370549	0.3094694717	0.06445581996	0.1926370549	0.3012436968	0.2360893305	0.07395284672	0.192122884	0.3201686873	0.5385065618	0.1272660659	0.3201686873	0.1221488491	0.5397225988	0.3175357939	0.2302268293	0.5397225988	0.1946526066	0.03211573302	0.3201686873	0.2077461026	0.2302268293	0.3189504295	0.2313098109	0.5350470364	0.2285667362	0.3353093608	0.2169045807	-0.1805124523	-0.1805124523	0.3353093608	0.5617832874	0.1077432263	0.1094945766	0.2137431294	0.658895276	0.6534237506	-0.2954889417	0.1899547668	0.9943429618	0.1899547668	0.1205805119	0.1899547668	1	0.2423928993	0.2451096012	0.2423928993	0.1899547668	1	1	1	0.5627812502	0.02333537037	0.2423928993	0.3248443394	0.1933320247	0.3274552378	0.2423928993	0.05832171357	0.560093839	0.175229338	0.553870015	0.971398471	0.9687306357	0.2522941348	0.9687306357	0.9687306357	0.9743620477	0.09879262761	0.09879262761	0.1107870017	-0.1972550567	0.7243948047	-0.02328292929	0.7635634723	-0.02338146322	0.2660043139	0.1242570856	0.05259002162	-0.03251325127	0.6285695166	0.6277894313	-0.2656165316	0.6738396391	0.631103929	0.02177193604	0.6686137625	0.007172875211	0.1744876218	0.6068559019	0.1686551382	0.02470188579	0.1143007322	0.0501714356	0.01074720616	-0.01865698374
chr11_2108072_G_A	0.0005600066695	0.002837635213	0.2032044644	0.2479184879	0.04380636157	0.04107862163	0.2479184879	0.145820971	0.245251014	0.2479184879	0.2479184879	0.1713647471	0.03864965671	0.145820971	0.5242290294	0.1713647471	0.1469285442	0.05464658536	0.06158997491	0.06158997491	0.2408041713	0.06158997491	0.4033709407	0.4033709407	0.2031892383	0.8504460772	0.2127508612	0.236543419	0.2652809567	0.4491036296	0.4491036296	0.4491036296	0.8473847253	0.2443327982	0.8473847253	0.2094625679	0.2094625679	0.8473847253	0.8473847253	0.8473847253	0.2652809567	0.8450078065	0.2443327982	0.2443327982	0.8504460772	0.2121885367	0.2396744103	0.2396744103	0.2325148388	0.2227550728	0.4655602727	0.1288611779	0.01819274281	0.2195490926	0.8504460772	0.01819274281	0.1221488491	0.8174058376	0.2195490926	0.848078079	0.8473847253	0.08171351565	0.2289507355	0.5717910606	0.2289507355	0.216731702	0.8473847253	0.8450078065	0.3250253011	0.8450078065	0.846344335	0.5704659973	0.2107809909	0.846344335	0.216731702	0.1926370549	0.4680349736	0.4680349736	0.846344335	0.846344335	0.4042941727	0.846344335	0.8494223806	0.3637325642	0.1288611779	0.1896582402	0.4680349736	0.1896582402	0.2253968233	0.3124435331	0.4680349736	0.3124435331	0.1926370549	0.3094694717	0.06445581996	0.1926370549	0.3012436968	0.2360893305	0.07395284672	0.192122884	0.3201686873	0.5385065618	0.1272660659	0.3201686873	0.1221488491	0.5397225988	0.3175357939	0.2302268293	0.5397225988	0.1946526066	0.03211573302	0.3201686873	0.2077461026	0.2302268293	0.3189504295	0.2313098109	0.5350470364	0.2285667362	0.3353093608	0.2169045807	-0.1805124523	-0.1805124523	0.3353093608	0.5617832874	0.1077432263	0.1094945766	0.2137431294	0.658895276	0.6534237506	-0.2954889417	0.1899547668	0.9943429618	0.1899547668	0.1205805119	0.1899547668	1	0.2423928993	0.2451096012	0.2423928993	0.1899547668	1	1	1	0.5627812502	0.02333537037	0.2423928993	0.3248443394	0.1933320247	0.3274552378	0.2423928993	0.05832171357	0.560093839	0.175229338	0.553870015	0.971398471	0.9687306357	0.2522941348	0.9687306357	0.9687306357	0.9743620477	0.09879262761	0.09879262761	0.1107870017	-0.1972550567	0.7243948047	-0.02328292929	0.7635634723	-0.02338146322	0.2660043139	0.1242570856	0.05259002162	-0.03251325127	0.6285695166	0.6277894313	-0.2656165316	0.6738396391	0.631103929	0.02177193604	0.6686137625	0.007172875211	0.1744876218	0.6068559019	0.1686551382	0.02470188579	0.1143007322	0.0501714356	0.01074720616	-0.01865698374
chr11_2108091_G_GAGTC	-0.01290810978	-0.04305442543	0.4256986798	0.4735002326	-0.5007356102	-0.5009823977	0.4735002326	0.2586988374	0.4736041626	0.4735002326	0.4735002326	0.3435897405	-0.5007356102	0.2586988374	0.3246143399	0.3435897405	-0.1370060292	-0.4227100026	-0.5006158489	-0.5006158489	0.4109144788	-0.5006158489	0.7384895445	0.7384895445	-0.1802548181	0.4258214848	-0.188382848	-0.4246704358	-0.4506171596	0.8422236197	0.8422236197	0.8422236197	0.4209739673	-0.02314283844	0.4209739673	-0.1892225886	-0.1892225886	0.4209739673	0.4209739673	0.4209739673	-0.4506171596	0.4165756846	-0.02314283844	-0.02314283844	0.4211985847	-0.4498724046	-0.4791921023	-0.4791921023	-0.4892699309	-0.1995091893	0.8618417801	0.1725080792	0.03949734526	-0.2003118013	0.4211985847	0.03949734526	-0.1136271903	0.4307235636	-0.2003118013	0.4214276575	0.4209739673	0.1484854411	-0.494304859	0.7466696881	-0.494304859	-0.1987259926	0.4209739673	0.4165756846	-0.5524008004	0.4165756846	0.4138801802	0.7439228129	-0.205750626	0.4138801802	-0.1987259926	-0.1853462218	0.8661138363	0.8661138363	0.4138801802	0.4138801802	0.7785002115	0.4138801802	0.4187520009	-0.4223664414	0.1725080792	-0.1835569622	0.8661138363	-0.1835569622	-0.4993374086	-0.5500298471	0.8661138363	-0.5500298471	-0.1853462218	-0.5501718782	0.1964726086	-0.1853462218	-0.5371632683	-0.4842324155	0.1353291965	-0.2043318589	-0.5432353461	0.9543873428	0.1231279503	-0.5432353461	-0.1136271903	0.9565092768	-0.5431105445	-0.4721656126	0.9565092768	-0.2137832931	0.09716092064	-0.5432353461	-0.2027881665	-0.4721656126	-0.5367823406	-0.4738314334	0.9565821024	-0.4742035062	-0.5711545325	-0.2519810016	-0.143446317	-0.143446317	-0.5711545325	0.9855790973	0.2335666226	-0.1327503602	-0.2529360392	0.8572236361	0.8563053001	-0.1304518845	-0.2448406663	0.5595975752	-0.2448406663	0.1308057829	-0.2529782938	0.5627812502	-0.5056662648	-0.4999763358	-0.5056662648	-0.2529782938	0.5627812502	0.5627812502	0.5627812502	1	0.08322067498	-0.5056662648	-0.5942613346	-0.2517699694	-0.594396161	-0.5056662648	0.1524316451	0.991744136	-0.256276667	0.9855332358	0.5414836372	0.5383580383	-0.4899197266	0.5383580383	0.5432129801	0.5432617796	-0.1857988999	-0.1857988999	-0.175602866	-0.1253502481	0.4760142017	-0.1981026199	0.36795008	-0.1951445552	0.4321984042	0.08709003819	0.09716092064	-0.1756147203	0.5774082092	0.5748319756	-0.1139655473	0.4803755945	0.5756550587	-0.09317824706	0.4777550384	-0.2352708832	0.1397172923	0.4084607638	0.1377095672	0.1324592027	-0.2665334133	-0.1942827783	-0.2092997189	-0.008999339396
chr11_2108136_G_T	0.0316510373	-0.04728330368	-0.09524663401	-0.09447493023	-0.09847625613	-0.0989950047	-0.09447493023	-0.02787120145	-0.09502794252	-0.09447493023	-0.09447493023	-0.08809739101	-0.09847625613	-0.02787120145	-0.02684548786	-0.08809739101	0.006052492207	-0.1152098191	-0.1013701849	-0.1013701849	0.2059569802	-0.1013701849	0.06925306336	0.06925306336	-0.03154056616	0.0208350046	-0.03154056616	-0.08537868794	-0.09339760047	0.1096264052	0.1096264052	0.1096264052	0.02030793317	-0.008793509854	0.02030793317	-0.03079734633	-0.03079734633	0.02030793317	0.02030793317	0.02030793317	-0.09339760047	0.0208350046	-0.008793509854	-0.008793509854	0.0208350046	-0.07859602188	-0.08512315832	-0.08512315832	-0.08616576107	-0.03587278519	0.1042787301	0.02158595505	-0.03046351147	-0.0351649025	0.0208350046	-0.03046351147	-0.03227213932	0.02599750825	-0.0351649025	0.02136251447	0.02030793317	-0.03399850061	-0.08668743752	0.08383054915	-0.08668743752	-0.03657542593	0.02030793317	0.0208350046	-0.09790868381	0.0208350046	0.02041398384	0.08442702619	-0.03727299048	0.02041398384	-0.03657542593	-0.02697723633	0.1057033787	0.1057033787	0.02041398384	0.02041398384	0.09476575612	0.02041398384	0.02094385291	-0.08010292333	0.02158595505	-0.02852706525	0.1057033787	-0.02852706525	-0.08720938884	-0.09352791104	0.1057033787	-0.09352791104	-0.02697723633	-0.09406661855	-0.04852265731	-0.02697723633	-0.09074485513	-0.08564434089	-0.03413343872	-0.03534593182	-0.09296648763	0.1039450617	0.03097761616	-0.09296648763	-0.03227213932	0.1032688824	-0.09242784052	-0.08265929813	0.1032688824	-0.03393515887	-0.02756025455	-0.09296648763	-0.03673632273	-0.08265929813	-0.07295343114	-0.08258572281	0.1041880262	-0.08206326797	-0.09462789634	-0.03690541272	-0.02435496038	-0.02435496038	-0.09462789634	0.1046252397	-0.01969464075	0.02432629195	-0.03622218817	0.08818948636	0.08900725393	0.01456082471	-0.02881652122	0.02320336129	-0.02881652122	0.02643054626	-0.02881652122	0.02333537037	-0.08564434089	-0.08616576107	-0.08564434089	-0.02881652122	0.02333537037	0.02333537037	0.02333537037	0.08322067498	1	-0.08564434089	-0.0924827545	-0.0295665531	-0.09301752161	-0.08564434089	-0.0331447745	0.1007740102	-0.03177781678	0.1005294915	0.02127984459	0.02061356897	-0.08512315832	0.02061356897	0.02061356897	0.02170221503	-0.002661349175	-0.002661349175	-0.002661349175	-0.02855678782	0.001374590467	0.01541324469	0.01680395536	0.01782961795	0.1138805663	-0.0254638175	-0.02756025455	-0.006830911161	0.02564106421	0.02525201421	0.02328836621	0.02899721924	0.0257444498	0.2102263725	0.02861739062	0.004753021357	-0.05808943771	0.05264623891	-0.05750628681	-0.04522373694	-0.05594052098	-0.01313236378	0.002072655344	-0.03413343872
chr11_2108689_C_T	0.002165514978	0.05735456372	-0.2201235855	-0.2289958783	0.5653619985	0.563453727	-0.2289958783	-0.1120557872	-0.2311899772	-0.2289958783	-0.2289958783	-0.1769141746	0.5596646573	-0.1120557872	0.1372550804	-0.1769141746	-0.0765842795	0.5186406997	0.5899344258	0.5899344258	-0.2626717391	0.5899344258	-0.4074050932	-0.4074050932	-0.03299436379	0.2543726608	-0.02243028677	0.7860886224	0.8654996656	-0.4484618583	-0.4484618583	-0.4484618583	0.2581777474	-0.04818852289	0.2581777474	-0.01875716997	-0.01875716997	0.2581777474	0.2581777474	0.2581777474	0.8654996656	0.2603810876	-0.04818852289	-0.04818852289	0.2603810876	0.8351699238	0.9058935656	0.9058935656	0.9130373032	-0.03344480435	-0.4572085451	-0.04685750105	-0.02231069701	-0.02994022706	0.2603810876	-0.02231069701	0.3162016034	0.2092471922	-0.02994022706	0.2625880544	0.2581777474	-0.04678607259	0.9166188891	-0.4700925517	0.9166188891	-0.03691534426	0.2581777474	0.2603810876	0.7815180813	0.2603810876	0.2655645444	-0.4689569721	-0.03022946277	0.2655645444	-0.03691534426	-0.1201977484	-0.4608753039	-0.4608753039	0.2655645444	0.2655645444	-0.4349270244	0.2655645444	0.2617413964	0.6934821594	-0.04685750105	-0.1264564543	-0.4608753039	-0.1264564543	0.9202070868	0.7501251187	-0.4608753039	0.7501251187	-0.1201977484	0.747909928	-0.1451305437	-0.1201977484	0.7056491318	0.9094622286	-0.08919872568	-0.1337175362	0.746317328	-0.4803329745	-0.002990871534	0.746317328	0.3162016034	-0.4813048069	0.7485697224	0.943712623	-0.4813048069	-0.1277976437	-0.09070822781	0.746317328	-0.1096157148	0.943712623	0.7419882142	0.9474553634	-0.4881382242	0.9439815175	0.801012787	-0.03274436785	0.02706039423	0.02706039423	0.801012787	-0.495598373	-0.1238468291	-0.05754771179	-0.029377232	-0.5540463473	-0.5548246169	-0.09420110382	-0.1168677362	0.2410216734	-0.1168677362	-0.0158796115	-0.1168677362	0.2423928993	1	0.9965285946	1	-0.1168677362	0.2423928993	0.2423928993	0.2423928993	-0.5056662648	-0.08564434089	1	0.8159644713	-0.1199612267	0.8137525407	1	-0.07916344783	-0.5009861359	-0.1187387048	-0.498640415	0.2475914954	0.2502804833	0.9895503319	0.2502804833	0.2439704696	0.2483765087	-0.1016680117	-0.1016680117	-0.1016680117	-0.07367448297	0.2373162631	-0.1170579172	0.2514636694	-0.11270283	-0.2028820722	0.01720902301	-0.06808738568	0.06093378335	-0.01810773994	-0.01475649157	-0.08919872568	0.000515129939	-0.01287627429	0.2024560035	-0.00150640581	0.0226655877	-0.1565208184	0.01109887917	-0.1601979637	-0.1137870222	0.4945878806	0.06686083759	0.001608345554	0.0131204511
chr11_2108794_C_T	0.006773670389	0.05414781012	-0.2904968351	-0.3008338637	0.6185866332	0.6162262146	-0.3008338637	-0.1587584835	-0.3035375665	-0.3008338637	-0.3008338637	-0.222908079	0.6135502286	-0.1587584835	0.1333485516	-0.222908079	0.3026828873	0.5445892122	0.6360042438	0.6360042438	-0.2452450903	0.6360042438	-0.4598351954	-0.4598351954	0.3989217778	0.3356214652	0.4175988992	0.7170468252	0.7754902186	-0.5297587808	-0.5297587808	-0.5297587808	0.3382233015	0.2618557127	0.3382233015	0.42466893	0.42466893	0.3382233015	0.3382233015	0.3382233015	0.7754902186	0.340932867	0.2618557127	0.2618557127	0.340932867	0.7218075254	0.7828661151	0.7828661151	0.7875047414	0.440580557	-0.5360645161	-0.07006213068	-0.0263810789	0.4473903876	0.340932867	-0.0263810789	0.2511527068	0.2975238323	0.4473903876	0.3383345554	0.3382233015	-0.08941940671	0.7898346759	-0.3031669857	0.7898346759	0.4338652228	0.3382233015	0.340932867	0.9469520611	0.340932867	0.3453275863	-0.3013298339	0.4361905094	0.3453275863	0.4338652228	0.4036722946	-0.538596365	-0.538596365	0.3453275863	0.3453275863	-0.5012325054	0.3453275863	0.3427140025	0.8369345593	-0.07006213068	0.3891904009	-0.538596365	0.3891904009	0.7921717561	0.9316189489	-0.538596365	0.9316189489	0.4036722946	0.9288992113	-0.160821916	0.4036722946	0.9055694788	0.7851819038	-0.08187793583	0.4162949729	0.9312830975	-0.5703743765	-0.01582997385	0.9312830975	0.2511527068	-0.5716061386	0.9340490097	0.7653515	-0.5716061386	0.4294907971	-0.07915173381	0.9312830975	0.4299101069	0.7653515	0.9226701371	0.7683645513	-0.5762942227	0.7660858943	0.9783168512	0.4955197945	-0.010507432	-0.010507432	0.9783168512	-0.5834965048	-0.1608116561	0.260901502	0.5021642103	-0.3397946139	-0.3441234	-0.1371749954	0.4694310914	0.3230066825	0.4694310914	-0.03111261977	0.4787806792	0.3248443394	0.8159644713	0.8121066223	0.8159644713	0.4787806792	0.3248443394	0.3248443394	0.3248443394	-0.5942613346	-0.0924827545	0.8159644713	1	0.4714169035	0.9972842846	0.8159644713	-0.1168339085	-0.5920983744	0.4591337796	-0.5910214186	0.3214344675	0.3224706346	0.8075167556	0.3224706346	0.3168926323	0.3222945335	0.3118680969	0.3118680969	0.3118680969	-0.04748091033	0.1585922985	0.1976288776	0.3227340378	0.2036830134	-0.2381557498	0.02232615698	-0.05915508785	0.1719830417	-0.05232947288	-0.05012077148	-0.1271026083	0.1046461901	-0.0478513515	0.1297265143	0.1025669285	0.2798829065	0.006171327971	0.1209115045	0.00259183448	-0.1262345688	0.4201226077	0.2752195735	0.2536007103	-0.006503481726
chr11_2108997_G_A	0.006611492567	0.004256525315	-0.1593661436	-0.1645959492	0.1982209559	0.1970523124	-0.1645959492	-0.09234207844	-0.1659168676	-0.1645959492	-0.1645959492	-0.1174500046	0.1982209559	-0.09234207844	0.02538493422	-0.1174500046	0.6311383688	0.1423512415	0.1907955003	0.1907955003	-0.01517842111	0.1907955003	-0.1617368609	-0.1617368609	0.7448545982	0.1940918552	0.7608058015	0.03406062345	0.0137421842	-0.2271066587	-0.2271066587	-0.2271066587	0.1927715287	0.5288165074	0.1927715287	0.7514032889	0.7514032889	0.1927715287	0.1927715287	0.1927715287	0.0137421842	0.1940918552	0.5288165074	0.5288165074	0.1940918552	-0.03170466304	-0.03438359615	-0.03438359615	-0.03728138683	0.8160723062	-0.2248083684	-0.05087067817	-0.01242437597	0.8069890784	0.1940918552	-0.01242437597	-0.04956692811	0.1973217687	0.8069890784	0.186340375	0.1927715287	-0.08326559691	-0.03872684536	0.1991667035	-0.03872684536	0.8097453014	0.1927715287	0.1940918552	0.44184698	0.1940918552	0.1937782068	0.2006176038	0.8035266107	0.1937782068	0.8097453014	0.8688027916	-0.2235618088	-0.2235618088	0.1937782068	0.1937782068	-0.1980290437	0.1937782068	0.1951058493	0.3855070973	-0.05087067817	0.8698100599	-0.2235618088	0.8698100599	-0.04017010459	0.4633321853	-0.2235618088	0.4633321853	0.8688027916	0.4620128388	-0.05723427953	0.8688027916	0.4862736713	-0.03583366025	-0.006347772865	0.925805488	0.4685715896	-0.2491576369	-0.02366643815	0.4685715896	-0.04956692811	-0.2498100198	0.460514494	-0.1213379835	-0.2498100198	0.9395986398	0.0008148617296	0.4685715896	0.9124834864	-0.1213379835	0.4604042519	-0.1218332992	-0.2474672472	-0.1204630535	0.4661783479	0.90821532	-0.05964763966	-0.05964763966	0.4661783479	-0.248505716	-0.08965402034	0.5313102188	0.8997130384	0.2548333946	0.2486487099	-0.09338527294	0.9760773289	0.1922383381	0.9760773289	-0.03036770946	0.9920473675	0.1933320247	-0.1199612267	-0.1213263732	-0.1199612267	0.9920473675	0.1933320247	0.1933320247	0.1933320247	-0.2517699694	-0.0295665531	-0.1199612267	0.4714169035	1	0.4793955689	-0.1199612267	-0.08117473956	-0.255175543	0.9768546456	-0.2568947152	0.1796111352	0.1772775149	-0.1185951548	0.1772775149	0.1772775149	0.1798875473	0.6845845248	0.6845845248	0.6845845248	0.02915738372	-0.09004608526	0.5286639663	0.1672151926	0.5161127708	-0.1043622577	0.01127224643	0.0008148617296	0.2000765509	-0.06361236476	-0.06492020324	-0.0835960733	0.1750431478	-0.06386885185	-0.08531360105	0.1745156721	0.441652098	0.2561791641	0.1878272736	0.2559472536	-0.04536888581	-0.03111966575	0.3665836568	0.4284984379	-0.03209720634
chr11_2109282_GC_G	0.005784904357	0.05319236999	-0.2878845948	-0.2987892801	0.615816456	0.6134454076	-0.2987892801	-0.1531160324	-0.3015021426	-0.2987892801	-0.2987892801	-0.2251488789	0.6107801059	-0.1531160324	0.1361924308	-0.2251488789	0.301793975	0.5418073226	0.6331909001	0.6331909001	-0.2410832752	0.6331909001	-0.4548260895	-0.4548260895	0.4069006379	0.3384899724	0.4255775573	0.7148290453	0.7731318105	-0.5293895953	-0.5293895953	-0.5293895953	0.3410806317	0.2669920996	0.3410806317	0.423319929	0.423319929	0.3410806317	0.3410806317	0.3410806317	0.7731318105	0.3438013168	0.2669920996	0.2669920996	0.3438013168	0.7197144823	0.7806645947	0.7806645947	0.7852830538	0.4481960942	-0.5357760046	-0.07120290213	-0.02699598344	0.4459764018	0.3438013168	-0.02699598344	0.2504982754	0.3004907638	0.4459764018	0.3412142166	0.3410806317	-0.09010501591	0.7876028852	-0.2989536149	0.7876028852	0.4414241209	0.3410806317	0.3438013168	0.9495228848	0.3438013168	0.34819978	-0.2971003684	0.4436936581	0.34819978	0.4414241209	0.4023784991	-0.5382875704	-0.5382875704	0.34819978	0.34819978	-0.5004018628	0.34819978	0.345597438	0.8387170907	-0.07120290213	0.3974356067	-0.5382875704	0.3974356067	0.7899298488	0.9343503352	-0.5382875704	0.9343503352	0.4023784991	0.9316197481	-0.1618000582	0.4023784991	0.9084651843	0.7829703062	-0.08256635162	0.4237988557	0.9340516673	-0.5704726127	-0.01649913884	0.9340516673	0.2504982754	-0.5717136262	0.9313258051	0.7631894745	-0.5717136262	0.4371069891	-0.07970743809	0.9340516673	0.4373052231	0.7631894745	0.9254433267	0.7662080144	-0.5763826969	0.7639393908	0.9810004009	0.5027594001	-0.01099915024	-0.01099915024	0.9810004009	-0.5835852985	-0.1619654131	0.2601786564	0.5007583205	-0.3405778417	-0.3448865753	-0.1379435309	0.468124891	0.325602811	0.468124891	-0.0318157469	0.4774743776	0.3274552378	0.8137525407	0.8098846686	0.8137525407	0.4774743776	0.3274552378	0.3274552378	0.3274552378	-0.594396161	-0.09301752161	0.8137525407	0.9972842846	0.4793955689	1	0.8137525407	-0.1175019806	-0.592252765	0.4669260591	-0.5911856595	0.3240179594	0.3250287849	0.8053149685	0.3250287849	0.319450843	0.3248737199	0.3109098684	0.3109098684	0.3109098684	-0.04805708159	0.1570669262	0.2060234536	0.3201838229	0.2025253128	-0.2404419671	0.02181169088	-0.05971100848	0.1709970567	-0.05324809793	-0.05105131278	-0.1277905348	0.1029324862	-0.04877373121	0.129021647	0.1008366789	0.2785964345	0.0116156533	0.1197726641	0.008229351513	-0.1271464657	0.4189883813	0.2737162559	0.2522815318	-0.007192713026
chr11_2109320_TG_T	0.002165514978	0.05735456372	-0.2201235855	-0.2289958783	0.5653619985	0.563453727	-0.2289958783	-0.1120557872	-0.2311899772	-0.2289958783	-0.2289958783	-0.1769141746	0.5596646573	-0.1120557872	0.1372550804	-0.1769141746	-0.0765842795	0.5186406997	0.5899344258	0.5899344258	-0.2626717391	0.5899344258	-0.4074050932	-0.4074050932	-0.03299436379	0.2543726608	-0.02243028677	0.7860886224	0.8654996656	-0.4484618583	-0.4484618583	-0.4484618583	0.2581777474	-0.04818852289	0.2581777474	-0.01875716997	-0.01875716997	0.2581777474	0.2581777474	0.2581777474	0.8654996656	0.2603810876	-0.04818852289	-0.04818852289	0.2603810876	0.8351699238	0.9058935656	0.9058935656	0.9130373032	-0.03344480435	-0.4572085451	-0.04685750105	-0.02231069701	-0.02994022706	0.2603810876	-0.02231069701	0.3162016034	0.2092471922	-0.02994022706	0.2625880544	0.2581777474	-0.04678607259	0.9166188891	-0.4700925517	0.9166188891	-0.03691534426	0.2581777474	0.2603810876	0.7815180813	0.2603810876	0.2655645444	-0.4689569721	-0.03022946277	0.2655645444	-0.03691534426	-0.1201977484	-0.4608753039	-0.4608753039	0.2655645444	0.2655645444	-0.4349270244	0.2655645444	0.2617413964	0.6934821594	-0.04685750105	-0.1264564543	-0.4608753039	-0.1264564543	0.9202070868	0.7501251187	-0.4608753039	0.7501251187	-0.1201977484	0.747909928	-0.1451305437	-0.1201977484	0.7056491318	0.9094622286	-0.08919872568	-0.1337175362	0.746317328	-0.4803329745	-0.002990871534	0.746317328	0.3162016034	-0.4813048069	0.7485697224	0.943712623	-0.4813048069	-0.1277976437	-0.09070822781	0.746317328	-0.1096157148	0.943712623	0.7419882142	0.9474553634	-0.4881382242	0.9439815175	0.801012787	-0.03274436785	0.02706039423	0.02706039423	0.801012787	-0.495598373	-0.1238468291	-0.05754771179	-0.029377232	-0.5540463473	-0.5548246169	-0.09420110382	-0.1168677362	0.2410216734	-0.1168677362	-0.0158796115	-0.1168677362	0.2423928993	1	0.9965285946	1	-0.1168677362	0.2423928993	0.2423928993	0.2423928993	-0.5056662648	-0.08564434089	1	0.8159644713	-0.1199612267	0.8137525407	1	-0.07916344783	-0.5009861359	-0.1187387048	-0.498640415	0.2475914954	0.2502804833	0.9895503319	0.2502804833	0.2439704696	0.2483765087	-0.1016680117	-0.1016680117	-0.1016680117	-0.07367448297	0.2373162631	-0.1170579172	0.2514636694	-0.11270283	-0.2028820722	0.01720902301	-0.06808738568	0.06093378335	-0.01810773994	-0.01475649157	-0.08919872568	0.000515129939	-0.01287627429	0.2024560035	-0.00150640581	0.0226655877	-0.1565208184	0.01109887917	-0.1601979637	-0.1137870222	0.4945878806	0.06686083759	0.001608345554	0.0131204511
chr11_2109585_G_A	0.004294532964	-0.02283605179	-0.004282289751	-0.03251836369	-0.1553819421	-0.1560375139	-0.03251836369	0.008791596299	-0.03316639826	-0.03251836369	-0.03251836369	-0.04545412052	-0.1553819421	0.008791596299	0.03980832535	-0.04545412052	-0.05478913824	-0.1536628621	-0.1583516318	-0.1583516318	0.2765049437	-0.1583516318	0.1790870679	0.1790870679	-0.08384335238	0.06267869831	-0.08384335238	-0.05857249858	-0.07076229825	0.1564168187	0.1564168187	0.1564168187	0.06201267491	-0.1096614115	0.06201267491	-0.08317044891	-0.08317044891	0.06201267491	0.06201267491	0.06201267491	-0.07076229825	0.06267869831	-0.1096614115	-0.1096614115	0.06267869831	-0.0488929861	-0.07848454533	-0.07848454533	-0.07984217997	-0.08783589883	0.1641115491	-0.0706196642	-0.03805815745	-0.08717546423	0.06267869831	-0.03805815745	-0.04031768172	0.06903492041	-0.08717546423	0.06334565205	0.06201267491	0.9240211144	-0.08052076886	0.1158528741	-0.08052076886	-0.08849449235	0.06201267491	0.06267869831	-0.1235994029	0.06267869831	0.06233651318	0.1166160355	-0.08915130739	0.06233651318	-0.08849449235	-0.07976926477	0.1660493816	0.1660493816	0.06233651318	0.06233651318	0.1969541378	0.06233651318	0.06300615062	-0.1328806857	-0.0706196642	-0.08113740489	0.1660493816	-0.08113740489	-0.08119924148	-0.1181467169	0.1660493816	-0.1181467169	-0.07976926477	-0.1188197258	-0.06061950323	-0.07976926477	-0.1147001601	-0.07916344783	-0.04264300871	-0.08654587803	-0.1174525958	0.1707542663	-0.04140786749	-0.1174525958	-0.04031768172	0.1698280322	-0.1167797058	-0.07479224636	0.1698280322	-0.08521624979	-0.03443110975	-0.1174525958	-0.08786767999	-0.07479224636	-0.1187894723	-0.07493749254	0.1709688766	-0.07425294304	-0.1195138687	-0.08729847811	-0.030426726	-0.030426726	-0.1195138687	0.1568888261	-0.01054082341	-0.04454354032	-0.08663794855	0.113579461	0.1145964721	-0.04763655577	-0.0804926694	0.05799178541	-0.0804926694	-0.043519133	-0.0804926694	0.05832171357	-0.07916344783	-0.07984217997	-0.07916344783	-0.0804926694	0.05832171357	0.05832171357	0.05832171357	0.1524316451	-0.0331447745	-0.07916344783	-0.1168339085	-0.08117473956	-0.1175019806	-0.07916344783	1	0.1372176795	-0.08320592242	0.1369374664	0.03859597048	0.03769747086	-0.05942238874	0.03769747086	0.03769747086	0.03905222837	-0.05907117497	-0.05907117497	-0.05907117497	-0.0356760818	0.07729906814	-0.0421322622	0.05797732457	-0.04101228418	0.2643334858	0.03486067694	0.02742191955	0.007170539013	0.1020409281	0.1017515004	-0.04264300871	0.09428027796	0.1169565927	-0.043519133	0.0940305261	-0.02392999502	-0.04016177741	0.07711639652	-0.03854493998	-0.05649815198	-0.06988666284	-0.04315009328	-0.02682090936	-0.04264300871
chr11_2109650_G_GC	-0.005443498034	-0.04491398808	0.4227738502	0.4746712793	-0.4945690479	-0.4948324942	0.4746712793	0.2632939356	0.4747573528	0.4746712793	0.4746712793	0.3411842597	-0.4945690479	0.2632939356	0.3310221381	0.3411842597	-0.1277050043	-0.4243220575	-0.4947875049	-0.4947875049	0.4091462274	-0.4947875049	0.7382055764	0.7382055764	-0.1834201348	0.4234363022	-0.1915840431	-0.4193656585	-0.4461703995	0.838165056	0.838165056	0.838165056	0.4231921566	-0.0203018299	0.4231921566	-0.1924084723	-0.1924084723	0.4231921566	0.4231921566	0.4231921566	-0.4461703995	0.4187929959	-0.0203018299	-0.0203018299	0.4234363022	-0.4441837685	-0.4743667897	-0.4743667897	-0.4845455901	-0.2028723381	0.8578525196	0.1802374063	0.05450903245	-0.2036598273	0.4234363022	0.05450903245	-0.1152682471	0.4331865167	-0.2036598273	0.4236849345	0.4231921566	0.133563689	-0.489630751	0.7450663131	-0.489630751	-0.202104298	0.4231921566	0.4187929959	-0.5456168326	0.4187929959	0.4160689361	0.7423156688	-0.2013551115	0.4160689361	-0.202104298	-0.1884188678	0.8621401448	0.8621401448	0.4160689361	0.4160689361	0.7710086559	0.4160689361	0.4163133317	-0.4210983366	0.1802374063	-0.1866603775	0.8621401448	-0.1866603775	-0.4947133683	-0.5476644536	0.8621401448	-0.5476644536	-0.1884188678	-0.5478261328	0.1956265961	-0.1884188678	-0.5344542687	-0.4794576742	0.1347213524	-0.2076798363	-0.5407749534	0.9500700495	0.1225011565	-0.5407749534	-0.1152682471	0.9522017832	-0.5406303118	-0.4670030202	0.9522017832	-0.2171354116	0.09661668661	-0.5407749534	-0.2061666875	-0.4670030202	-0.534285549	-0.4687582646	0.9523096051	-0.4691021637	-0.5689651432	-0.2555605803	-0.1449394546	-0.1449394546	-0.5689651432	0.981398949	0.2239652242	-0.1345952641	-0.2565011653	0.8554626689	0.8545809267	-0.1323740596	-0.2481963756	0.5617692009	-0.2481963756	0.1301532101	-0.2563699239	0.560093839	-0.5009861359	-0.4952992548	-0.5009861359	-0.2563699239	0.560093839	0.560093839	0.560093839	0.991744136	0.1007740102	-0.5009861359	-0.5920983744	-0.255175543	-0.592252765	-0.5009861359	0.1372176795	1	-0.2597595406	0.9895851881	0.5483970153	0.5500897029	-0.4851417675	0.5500897029	0.5500897029	0.5501754949	-0.1882885593	-0.1882885593	-0.1780475185	-0.1269118679	0.4842672213	-0.2010032179	0.3791785617	-0.1980262811	0.4301043576	0.08657537224	0.09661668661	-0.1781106022	0.582432654	0.5839300205	-0.1156738178	0.4882078019	0.5806817468	-0.09481952079	0.4855804172	-0.2385534416	0.13731877	0.4082748577	0.1352963455	0.1314471056	-0.2606531223	-0.1977636403	-0.2125253193	0.01611311392
chr11_2110046_T_C	0.001519532913	-0.0006259669304	-0.1615795062	-0.1688359974	0.1894773451	0.1882762838	-0.1688359974	-0.09933625533	-0.1701900291	-0.1688359974	-0.1688359974	-0.1166770351	0.1894773451	-0.09933625533	0.002316363869	-0.1166770351	0.6162407122	0.1358222599	0.181789215	0.181789215	-0.02525232407	0.181789215	-0.173214379	-0.173214379	0.7257100695	0.1696678743	0.7413975577	0.0329701587	0.01180295703	-0.2376840539	-0.2376840539	-0.2376840539	0.1683205433	0.5111404329	0.1683205433	0.73220531	0.73220531	0.1683205433	0.1683205433	0.1683205433	0.01180295703	0.1696678743	0.5111404329	0.5111404329	0.1696678743	-0.03081290964	-0.03451491125	-0.03451491125	-0.03748665353	0.7954251177	-0.2355926302	-0.05578254961	-0.01531930394	0.7865458604	0.1696678743	-0.01531930394	-0.05203186064	0.1734291999	0.7865458604	0.1620931803	0.1683205433	-0.08534909793	-0.03896898362	0.1778259513	-0.03896898362	0.7891490637	0.1683205433	0.1696678743	0.4294505796	0.1696678743	0.1691995351	0.1792706023	0.782979678	0.1691995351	0.7891490637	0.8479409637	-0.2343389716	-0.2343389716	0.1691995351	0.1691995351	-0.2064438791	0.1691995351	0.1705542702	0.3716177576	-0.05578254961	0.8488201262	-0.2343389716	0.8488201262	-0.04044904736	0.4511033129	-0.2343389716	0.4511033129	0.8479409637	0.4497509533	-0.06122629996	0.8479409637	0.4740640315	-0.0360019865	-0.009716659117	0.9034492129	0.4563408594	-0.2535847795	-0.02664838326	0.4563408594	-0.05203186064	-0.2542570875	0.4484719531	-0.119605406	-0.2542570875	0.9171226435	-0.002003474848	0.4563408594	0.8902397806	-0.119605406	0.4482280527	-0.1201528348	-0.2518560224	-0.1187429691	0.4537636219	0.8860885471	-0.06114016385	-0.06114016385	0.4537636219	-0.2529129081	-0.09399509264	0.5188976201	0.8777806391	0.2386435613	0.2326728397	-0.09572199205	0.9533830422	0.174238059	0.9533830422	-0.0334108553	0.9690890544	0.175229338	-0.1187387048	-0.120142157	-0.1187387048	0.9690890544	0.175229338	0.175229338	0.175229338	-0.256276667	-0.03177781678	-0.1187387048	0.4591337796	0.9768546456	0.4669260591	-0.1187387048	-0.08320592242	-0.2597595406	1	-0.2615177108	0.1896790879	0.1872563924	-0.1173342332	0.1872563924	0.1872563924	0.1899292785	0.727490942	0.727490942	0.6684544358	0.02576905204	-0.1047061879	0.5622401798	0.1696238958	0.5514027836	-0.1141715729	0.008494380784	-0.002003474848	0.1918091327	-0.07503850968	-0.07640669297	-0.08568784361	0.1802478247	-0.07534106735	-0.06042960162	0.1797103433	0.4730691621	0.2432528327	0.1869991751	0.243007932	-0.04922133412	-0.03629836039	0.3934222107	0.4592742944	-0.03504038728
chr11_2110067_G_A	0.01221991169	-0.03558695029	0.421310072	0.4685227474	-0.4892686735	-0.4895399987	0.4685227474	0.2559764751	0.4685964542	0.4685227474	0.4685227474	0.3399802689	-0.4892686735	0.2559764751	0.3294309171	0.3399802689	-0.1402458368	-0.4174634378	-0.4897014013	-0.4897014013	0.4082643174	-0.4897014013	0.7319169228	0.7319169228	-0.1850169583	0.4175904872	-0.1931990869	-0.4167039187	-0.4439410544	0.831923599	0.831923599	0.831923599	0.4126852356	-0.02795624741	0.4126852356	-0.1940158258	-0.1940158258	0.4126852356	0.4126852356	0.4126852356	-0.4439410544	0.4082831487	-0.02795624741	-0.02795624741	0.4129368179	-0.4413293133	-0.4719474668	-0.4719474668	-0.4821772907	-0.2045691213	0.8517084125	0.1706557206	0.03814318926	-0.2053490143	0.4129368179	0.03814318926	-0.1160965189	0.4228302134	-0.2053490143	0.4131927814	0.4126852356	0.1332602152	-0.4872878357	0.7340342213	-0.4872878357	-0.2038086946	0.4126852356	0.4082831487	-0.5492930687	0.4082831487	0.4054863168	0.7312650725	-0.2109079899	0.4054863168	-0.2038086946	-0.1899691466	0.8559845632	0.8559845632	0.4054863168	0.4054863168	0.7693196184	0.4054863168	0.4104161423	-0.4247830529	0.1706557206	-0.1882261086	0.8559845632	-0.1882261086	-0.4923957542	-0.5464847278	0.8559845632	-0.5464847278	-0.1899691466	-0.5466562996	0.1952046475	-0.1899691466	-0.5331013349	-0.477063906	0.1344180748	-0.2093690783	-0.5395472754	0.9437327503	0.122188099	-0.5395472754	-0.1160965189	0.9458777932	-0.5393926449	-0.4644137891	0.9458777932	-0.2188269252	0.09634467126	-0.5395472754	-0.2078712731	-0.4644137891	-0.5330394219	-0.4662140777	0.9460039934	-0.4665438031	-0.5678744269	-0.2573673418	-0.1456938619	-0.1456938619	-0.5678744269	0.9751228793	0.2234526525	-0.1355265204	-0.2583006709	0.8441474344	0.8432982965	-0.1333441647	-0.2498903115	0.5507367511	-0.2498903115	0.1298273288	-0.2580821016	0.553870015	-0.498640415	-0.4929549554	-0.498640415	-0.2580821016	0.553870015	0.553870015	0.553870015	0.9855332358	0.1005294915	-0.498640415	-0.5910214186	-0.2568947152	-0.5911856595	-0.498640415	0.1369374664	0.9895851881	-0.2615177108	1	0.5568018769	0.5535618401	-0.4881460049	0.5535618401	0.5584490956	0.5585513437	-0.1895454021	-0.1895454021	-0.1792815053	-0.1277003874	0.4928485478	-0.2024671493	0.3824895972	-0.1994806547	0.4290588808	0.08631804053	0.09634467126	-0.1793703754	0.5911110448	0.5885208812	-0.1165359281	0.492159636	0.5893859804	-0.09564749691	0.4895287623	-0.2402103678	0.1361142454	0.3998338873	0.1340843823	0.1309402914	-0.2622246474	-0.2065538697	-0.2218887161	0.05516944231
chr11_2111124_C_G	0.007392909494	0.01099300032	0.1987321835	0.2420876159	0.04827315313	0.04548719194	0.2420876159	0.1398079429	0.2393567995	0.2420876159	0.2420876159	0.169460541	0.04308260246	0.1398079429	0.5110338335	0.169460541	0.1307385077	0.05560378964	0.06568555401	0.06568555401	0.227540907	0.06568555401	0.3880013556	0.3880013556	0.1893113665	0.8240765313	0.1989357467	0.2420042656	0.2697653676	0.4287582245	0.4287582245	0.4287582245	0.8209581482	0.2315054364	0.8209581482	0.1956153549	0.1956153549	0.8209581482	0.8209581482	0.8209581482	0.2697653676	0.8186025667	0.2315054364	0.2315054364	0.8240765313	0.2183304244	0.2449092728	0.2449092728	0.2375946521	0.209047036	0.4453551238	0.1250010315	0.01577604783	0.2058155273	0.8240765313	0.01577604783	0.1202638964	0.7913349787	0.2058155273	0.8217296138	0.8209581482	0.06247079108	0.2339533648	0.544720851	0.2339533648	0.2029877205	0.8209581482	0.8186025667	0.3211430226	0.8186025667	0.819743882	0.5433756396	0.1970006717	0.819743882	0.2029877205	0.1786090718	0.4478154989	0.4478154989	0.819743882	0.819743882	0.3860431881	0.819743882	0.822879192	0.3532049128	0.1250010315	0.1756425634	0.4478154989	0.1756425634	0.23032249	0.3088770728	0.4478154989	0.3088770728	0.1786090718	0.3058386435	0.06083933794	0.1786090718	0.2978859344	0.2412465533	0.07159660751	0.1784365928	0.3167117756	0.5170083975	0.1253420525	0.3167117756	0.1202638964	0.5182432408	0.3141065164	0.2358417532	0.5182432408	0.1809777781	0.03003211854	0.3167117756	0.1941641967	0.2358417532	0.3154091117	0.236846471	0.5136196421	0.2341411726	0.3317896382	0.2035897391	-0.1837248003	-0.1837248003	0.3317896382	0.540426721	0.09353417591	0.09101626126	0.20040975	0.6304868831	0.6251020144	-0.3006027537	0.1762019479	0.9659032327	0.1762019479	0.1184719286	0.1762019479	0.971398471	0.2475914954	0.2502720797	0.2475914954	0.1762019479	0.971398471	0.971398471	0.971398471	0.5414836372	0.02127984459	0.2475914954	0.3214344675	0.1796111352	0.3240179594	0.2475914954	0.03859597048	0.5483970153	0.1896790879	0.5568018769	1	0.9913978633	0.2576118263	0.9913978633	0.9913978633	0.9971504027	0.1317239863	0.1317239863	0.1075777891	-0.2009270982	0.7280645869	0.001331353979	0.7801720771	0.002159723095	0.2460192729	0.1229527662	0.05064078924	-0.03678367338	0.6289057669	0.6280715357	-0.2702015196	0.6865976752	0.6314415351	0.03559101054	0.6813288035	0.0296514144	0.1685235298	0.5963212415	0.1626390025	0.02109911729	0.121041633	0.06086407636	0.02358919641	0.0405240505
chr11_2111243_A_G	-0.004506194564	0.009953812602	0.2003123592	0.2428471927	0.05033697397	0.04755662431	0.2428471927	0.1448197488	0.2401219911	0.2428471927	0.2428471927	0.1662285093	0.04517499682	0.1448197488	0.5167788443	0.1662285093	0.1425401219	0.05245245367	0.06750645501	0.06750645501	0.2305512225	0.06750645501	0.3909943966	0.3909943966	0.1868801346	0.8224838444	0.1964515334	0.244880597	0.2720530446	0.4267704683	0.4267704683	0.4267704683	0.8248139099	0.2284141845	0.8248139099	0.1931605685	0.1931605685	0.8248139099	0.8248139099	0.8248139099	0.2720530446	0.8224838444	0.2284141845	0.2284141845	0.8279276753	0.2216273092	0.2476296288	0.2476296288	0.2403221618	0.2064410137	0.4431932468	0.123142908	0.01505866678	0.2032382361	0.8279276753	0.01505866678	0.1189338839	0.795452959	0.2032382361	0.8256063183	0.8302566191	0.06142319223	0.2366845013	0.5508287072	0.2366845013	0.2096225501	0.8302566191	0.8279276753	0.3330634496	0.8279276753	0.8291211956	0.5495151629	0.2127835204	0.8291211956	0.2096225501	0.1763042531	0.4456608387	0.4456608387	0.8291211956	0.8291211956	0.3847638585	0.8291211956	0.8267807466	0.3581440779	0.123142908	0.1831308573	0.4456608387	0.1831308573	0.2330572865	0.3099865811	0.4456608387	0.3099865811	0.1763042531	0.306953728	0.05950009835	0.1763042531	0.2992240772	0.2439704696	0.07049597889	0.176020451	0.3178162619	0.5140553004	0.1239660234	0.3178162619	0.1189338839	0.5152738502	0.3152366518	0.2387915576	0.5152738502	0.1785696761	0.02929635084	0.3178162619	0.1916395765	0.2387915576	0.3221967754	0.2397426347	0.5106951397	0.2370697069	0.3327245029	0.2010226626	-0.1832175118	-0.1832175118	0.3327245029	0.5373542406	0.1019317861	0.08977724177	0.1978711225	0.6310973592	0.6257559926	-0.2997371893	0.1738983952	0.96892942	0.1738983952	0.1170987401	0.1738983952	0.9687306357	0.2502804833	0.2529298013	0.2502804833	0.1738983952	0.9687306357	0.9687306357	0.9687306357	0.5383580383	0.02061356897	0.2502804833	0.3224706346	0.1772775149	0.3250287849	0.2502804833	0.03769747086	0.5500897029	0.1872563924	0.5535618401	0.9913978633	1	0.2602622559	1	0.9942829215	0.9943082741	0.1300201852	0.1300201852	0.118013548	-0.2004120822	0.7276628637	0.0001362966905	0.7897476579	0.0110603415	0.2484329619	0.1217488708	0.04979157264	-0.03758985483	0.6292883057	0.6332600934	-0.2694205799	0.6912697888	0.6270195872	0.03467407419	0.6860524592	0.02817272789	0.1658282732	0.6016468253	0.1599727181	0.02004692531	0.1298066035	0.0589912606	0.02211006812	0.03959447355
chr11_2111386_G_C	-0.008694528667	0.05849307771	-0.2232978276	-0.2315360524	0.5633527183	0.5614532859	-0.2315360524	-0.1102530882	-0.2337219366	-0.2315360524	-0.2315360524	-0.181383256	0.557649689	-0.1102530882	0.1404034148	-0.181383256	-0.07565786829	0.5156862261	0.5881121594	0.5881121594	-0.2535844169	0.5881121594	-0.4028628495	-0.4028628495	-0.03149261809	0.2634031419	-0.02091799399	0.7893760169	0.8690248709	-0.4438733375	-0.4438733375	-0.4438733375	0.2672221738	-0.04622936753	0.2672221738	-0.01725352695	-0.01725352695	0.2672221738	0.2672221738	0.2672221738	0.8690248709	0.2694175675	-0.04622936753	-0.04622936753	0.2694175675	0.8383650136	0.9023029967	0.9023029967	0.9025258958	-0.03187042792	-0.4418823621	-0.04561164547	-0.02163634701	-0.02837444044	0.2694175675	-0.02163634701	0.3172552801	0.2180910088	-0.02837444044	0.2716166781	0.2672221738	-0.02743327471	0.9061359237	-0.4541548929	0.9061359237	-0.03533237776	0.2672221738	0.2694175675	0.7732754614	0.2694175675	0.2746622308	-0.4530021981	-0.02862779865	0.2746622308	-0.03533237776	-0.1188576389	-0.445500518	-0.445500518	0.2746622308	0.2746622308	-0.4202719001	0.2746622308	0.2708250856	0.6865695033	-0.04561164547	-0.1250975507	-0.445500518	-0.1250975507	0.9097523548	0.7415732664	-0.445500518	0.7415732664	-0.1188576389	0.7393681829	-0.1441658483	-0.1188576389	0.6967228115	0.9058935656	-0.08850723403	-0.1322668841	0.7376849885	-0.4644755493	-0.002235918964	0.7376849885	0.3172552801	-0.4654701757	0.7399269325	0.932829263	-0.4654701757	-0.126365419	-0.09016855562	0.7376849885	-0.1081168051	0.932829263	0.7333116079	0.9366882971	-0.4723348407	0.9331836963	0.7925989515	-0.03117912919	0.02764434853	0.02764434853	0.7925989515	-0.4797340754	-0.1226620227	-0.05678983228	-0.02782072209	-0.5375081456	-0.5383318735	-0.09342320353	-0.1155110606	0.2508668973	-0.1155110606	-0.01509888187	-0.1155110606	0.2522941348	0.9895503319	0.9861005442	0.9895503319	-0.1155110606	0.2522941348	0.2522941348	0.2522941348	-0.4899197266	-0.08512315832	0.9895503319	0.8075167556	-0.1185951548	0.8053149685	0.9895503319	-0.05942238874	-0.4851417675	-0.1173342332	-0.4881460049	0.2576118263	0.2602622559	1	0.2602622559	0.2539459423	0.2583269659	-0.1006882645	-0.1006882645	-0.1006882645	-0.07309501619	0.2392785458	-0.1158625669	0.2606679106	-0.1115068975	-0.1937381424	0.01780849859	-0.06752512902	0.06210901535	-0.0117965014	-0.008413588164	-0.08850723403	0.008093372645	-0.006534292696	0.2034547176	0.006110410578	0.02414155457	-0.1547242725	0.02319673816	-0.1584013088	-0.1128664718	0.4963608937	0.06862653595	0.003100646973	-0.003156124526
chr11_2111406_A_C	-0.004506194564	0.009953812602	0.2003123592	0.2428471927	0.05033697397	0.04755662431	0.2428471927	0.1448197488	0.2401219911	0.2428471927	0.2428471927	0.1662285093	0.04517499682	0.1448197488	0.5167788443	0.1662285093	0.1425401219	0.05245245367	0.06750645501	0.06750645501	0.2305512225	0.06750645501	0.3909943966	0.3909943966	0.1868801346	0.8224838444	0.1964515334	0.244880597	0.2720530446	0.4267704683	0.4267704683	0.4267704683	0.8248139099	0.2284141845	0.8248139099	0.1931605685	0.1931605685	0.8248139099	0.8248139099	0.8248139099	0.2720530446	0.8224838444	0.2284141845	0.2284141845	0.8279276753	0.2216273092	0.2476296288	0.2476296288	0.2403221618	0.2064410137	0.4431932468	0.123142908	0.01505866678	0.2032382361	0.8279276753	0.01505866678	0.1189338839	0.795452959	0.2032382361	0.8256063183	0.8302566191	0.06142319223	0.2366845013	0.5508287072	0.2366845013	0.2096225501	0.8302566191	0.8279276753	0.3330634496	0.8279276753	0.8291211956	0.5495151629	0.2127835204	0.8291211956	0.2096225501	0.1763042531	0.4456608387	0.4456608387	0.8291211956	0.8291211956	0.3847638585	0.8291211956	0.8267807466	0.3581440779	0.123142908	0.1831308573	0.4456608387	0.1831308573	0.2330572865	0.3099865811	0.4456608387	0.3099865811	0.1763042531	0.306953728	0.05950009835	0.1763042531	0.2992240772	0.2439704696	0.07049597889	0.176020451	0.3178162619	0.5140553004	0.1239660234	0.3178162619	0.1189338839	0.5152738502	0.3152366518	0.2387915576	0.5152738502	0.1785696761	0.02929635084	0.3178162619	0.1916395765	0.2387915576	0.3221967754	0.2397426347	0.5106951397	0.2370697069	0.3327245029	0.2010226626	-0.1832175118	-0.1832175118	0.3327245029	0.5373542406	0.1019317861	0.08977724177	0.1978711225	0.6310973592	0.6257559926	-0.2997371893	0.1738983952	0.96892942	0.1738983952	0.1170987401	0.1738983952	0.9687306357	0.2502804833	0.2529298013	0.2502804833	0.1738983952	0.9687306357	0.9687306357	0.9687306357	0.5383580383	0.02061356897	0.2502804833	0.3224706346	0.1772775149	0.3250287849	0.2502804833	0.03769747086	0.5500897029	0.1872563924	0.5535618401	0.9913978633	1	0.2602622559	1	0.9942829215	0.9943082741	0.1300201852	0.1300201852	0.118013548	-0.2004120822	0.7276628637	0.0001362966905	0.7897476579	0.0110603415	0.2484329619	0.1217488708	0.04979157264	-0.03758985483	0.6292883057	0.6332600934	-0.2694205799	0.6912697888	0.6270195872	0.03467407419	0.6860524592	0.02817272789	0.1658282732	0.6016468253	0.1599727181	0.02004692531	0.1298066035	0.0589912606	0.02211006812	0.03959447355
chr11_2111509_A_G	-0.004506194564	0.009953812602	0.2058026118	0.2481091958	0.04001301967	0.03723027766	0.2481091958	0.1523341219	0.2453866307	0.2481091958	0.2481091958	0.1662285093	0.03485104253	0.1523341219	0.5111369335	0.1662285093	0.129111075	0.04646435013	0.05738853282	0.05738853282	0.2305512225	0.05738853282	0.3957986124	0.3957986124	0.1868801346	0.8224838444	0.1964515334	0.2384069048	0.2658716966	0.4317014543	0.4317014543	0.4317014543	0.8193712007	0.2284141845	0.8193712007	0.1931605685	0.1931605685	0.8193712007	0.8193712007	0.8193712007	0.2658716966	0.8170400135	0.2284141845	0.2284141845	0.8224838444	0.2149912871	0.2413133152	0.2413133152	0.2340183421	0.2064410137	0.4480516145	0.123142908	0.01505866678	0.2032382361	0.8224838444	0.01505866678	0.1189338839	0.7900229881	0.2032382361	0.8201613089	0.8248139099	0.06142319223	0.2303867705	0.5508287072	0.2303867705	0.2096225501	0.8248139099	0.8224838444	0.3220206103	0.8224838444	0.8236500638	0.5495151629	0.2036113454	0.8236500638	0.2096225501	0.1763042531	0.4505418952	0.4505418952	0.8236500638	0.8236500638	0.3895983964	0.8236500638	0.8267807466	0.3530968272	0.123142908	0.1831308573	0.4505418952	0.1831308573	0.2267655403	0.3043780328	0.4505418952	0.3043780328	0.1763042531	0.3013451797	0.05950009835	0.1763042531	0.293484908	0.2376604559	0.07049597889	0.176020451	0.3121764108	0.5189486562	0.1239660234	0.3121764108	0.1189338839	0.5201574564	0.3095966135	0.2323359973	0.5201574564	0.1785696761	0.02929635084	0.3121764108	0.1916395765	0.2323359973	0.3165254086	0.2333408432	0.5155778551	0.2306606957	0.3271463799	0.2010226626	-0.1832175118	-0.1832175118	0.3271463799	0.5422574457	0.1019317861	0.08977724177	0.1978711225	0.6310973592	0.6257559926	-0.2997371893	0.1738983952	0.9632504895	0.1738983952	0.1170987401	0.1738983952	0.9687306357	0.2439704696	0.2466259816	0.2439704696	0.1738983952	0.9687306357	0.9687306357	0.9687306357	0.5432129801	0.02061356897	0.2439704696	0.3168926323	0.1772775149	0.319450843	0.2439704696	0.03769747086	0.5500897029	0.1872563924	0.5584490956	0.9913978633	0.9942829215	0.2539459423	0.9942829215	1	0.9943082741	0.1300201852	0.1300201852	0.118013548	-0.2004120822	0.7276628637	0.0001362966905	0.7842541221	0.0110603415	0.2484329619	0.1217488708	0.04979157264	-0.03758985483	0.6340750345	0.6332600934	-0.2694205799	0.6912697888	0.6318256163	0.03467407419	0.6860524592	0.02817272789	0.17317602	0.6016468253	0.1675218576	0.02004692531	0.1192174498	0.0589912606	0.02211006812	0.03959447355
chr11_2111531_A_G	-0.00247838669	0.01190588067	0.2003654575	0.2438166471	0.04565761916	0.04289794238	0.2438166471	0.1407088909	0.241114116	0.2438166471	0.2438166471	0.1707511698	0.04049792865	0.1407088909	0.5107199147	0.1707511698	0.1308685351	0.05213173077	0.06311349643	0.06311349643	0.2282869736	0.06311349643	0.3901720059	0.3901720059	0.1895742995	0.8271173864	0.1991414584	0.2428295865	0.2705690606	0.4307655105	0.4307655105	0.4307655105	0.8240267231	0.2319450624	0.8240267231	0.1958296643	0.1958296643	0.8240267231	0.8240267231	0.8240267231	0.2705690606	0.821675967	0.2319450624	0.2319450624	0.8271173864	0.2191686525	0.2456999348	0.2456999348	0.2384494125	0.2092587494	0.4472738673	0.1254273296	0.01631250811	0.2060355165	0.8271173864	0.01631250811	0.1202165478	0.7944423771	0.2060355165	0.8247753211	0.8240267231	0.06280276504	0.234840099	0.5467475764	0.234840099	0.2032463658	0.8240267231	0.821675967	0.3221083767	0.821675967	0.8228611898	0.5454093376	0.1973057898	0.8228611898	0.2032463658	0.1788681664	0.4497215413	0.4497215413	0.8228611898	0.8228611898	0.3877349545	0.8228611898	0.8259686486	0.3543145026	0.1254273296	0.1759419521	0.4497215413	0.1759419521	0.2312411498	0.3098381186	0.4497215413	0.3098381186	0.1788681664	0.3068288995	0.06148150019	0.1788681664	0.2988748358	0.2420692902	0.0718771161	0.178808936	0.317619439	0.5189327021	0.1252825658	0.317619439	0.1202165478	0.5201599499	0.3150185541	0.2366460577	0.5201599499	0.1813129937	0.03042375491	0.317619439	0.1944649216	0.2366460577	0.3163513845	0.2376391456	0.5155435232	0.2349396776	0.3326325372	0.2038249988	-0.1821285966	-0.1821285966	0.3326325372	0.5422121097	0.09416186814	0.0912127847	0.2006529776	0.6324301481	0.6270501563	-0.2980266573	0.1764873338	0.9688500444	0.1764873338	0.1184882512	0.1764873338	0.9743620477	0.2483765087	0.251051467	0.2483765087	0.1764873338	0.9743620477	0.9743620477	0.9743620477	0.5432617796	0.02170221503	0.2483765087	0.3222945335	0.1798875473	0.3248737199	0.2483765087	0.03905222837	0.5501754949	0.1899292785	0.5585513437	0.9971504027	0.9943082741	0.2583269659	0.9943082741	0.9943082741	1	0.1319190665	0.1319190665	0.1079164294	-0.1991416881	0.7304624667	0.002510640646	0.7836337971	0.003330677629	0.2469014242	0.1227485745	0.05090989778	-0.03555675237	0.6308929493	0.630089299	-0.2678888671	0.6893713259	0.6334367299	0.03610009754	0.6841705047	0.03078999877	0.1692883479	0.5988261616	0.1634422269	0.02190930208	0.1214793328	0.06203929522	0.02479762216	0.04098929944
chr11_2111568_G_A	0.0494009885	-0.008622418288	-0.0925860239	-0.08506789597	0.2331105915	0.2322807575	-0.08506789597	-0.07030947679	-0.08601174202	-0.08506789597	-0.08506789597	-0.04211434154	0.2331105915	-0.07030947679	0.1207727033	-0.04211434154	0.5987070289	0.1574353466	0.2197983416	0.2197983416	-0.04718090425	0.2197983416	-0.1132912696	-0.1132912696	0.38292245	0.1048497337	0.4030236806	0.1040619649	0.07819969717	-0.1750387174	-0.1750387174	-0.1750387174	0.1038964253	0.2750189066	0.1038964253	0.4069896453	0.4069896453	0.1038964253	0.1038964253	0.1038964253	0.07819969717	0.1048497337	0.2750189066	0.2750189066	0.1048497337	0.0110827381	0.005432630301	0.005432630301	0.003263658593	0.4973859235	-0.1689111031	-0.03453196096	-0.01511156539	0.501569277	0.1048497337	-0.01511156539	-0.05751594988	0.1138780268	0.501569277	0.1058045305	0.1038964253	-0.06059270003	0.00218243561	0.08980287793	0.00218243561	0.4932733378	0.1038964253	0.1048497337	0.2973623976	0.1048497337	0.104438986	0.09076958194	0.4892293395	0.104438986	0.4932733378	0.5529914382	-0.1680288082	-0.1680288082	0.104438986	0.104438986	-0.1505416243	0.104438986	0.1053975002	0.2535127186	-0.03453196096	0.5428172484	-0.1680288082	0.5428172484	0.001103315541	0.3126158385	-0.1680288082	0.3126158385	0.5529914382	0.3116557449	-0.008848422491	0.5529914382	0.3287386223	0.004347038592	-0.02838452084	0.6434671119	0.3162915375	-0.1839183481	0.0133990714	0.3162915375	-0.05751594988	-0.1843878986	0.3172675177	-0.09517237443	-0.1843878986	0.6531955877	-0.006075614663	0.3162915375	0.6340689093	-0.09517237443	0.3051775029	-0.09547556156	-0.1826825796	-0.09448611643	0.3080553047	0.6207602425	-0.0434058203	-0.0434058203	0.3080553047	-0.1834491867	-0.05956708319	0.6482475075	0.625194947	0.1666481764	0.1680927319	-0.0679568278	0.6901703175	0.09823375394	0.6901703175	0.007158133288	0.6901703175	0.09879262761	-0.1016680117	-0.1026473267	-0.1016680117	0.6901703175	0.09879262761	0.09879262761	0.09879262761	-0.1857988999	-0.002661349175	-0.1016680117	0.3118680969	0.6845845248	0.3109098684	-0.1016680117	-0.05907117497	-0.1882885593	0.727490942	-0.1895454021	0.1317239863	0.1300201852	-0.1006882645	0.1300201852	0.1300201852	0.1319190665	1	1	0.9243533186	0.03235724499	-0.2864129673	0.782175249	0.121358158	0.7886209662	-0.1377938038	0.001014639198	-0.006075614663	0.3156809467	-0.2419661523	-0.2434674186	-0.06083318898	0.1275305414	-0.2429417676	-0.02746245367	0.1271472798	0.6973363204	-0.07503949178	0.1254071848	-0.07321935637	0.001801999099	-0.03298217781	0.593405844	0.6820036504	-0.02838452084
chr11_2111990_C_T	0.0494009885	-0.008622418288	-0.0925860239	-0.08506789597	0.2331105915	0.2322807575	-0.08506789597	-0.07030947679	-0.08601174202	-0.08506789597	-0.08506789597	-0.04211434154	0.2331105915	-0.07030947679	0.1207727033	-0.04211434154	0.5987070289	0.1574353466	0.2197983416	0.2197983416	-0.04718090425	0.2197983416	-0.1132912696	-0.1132912696	0.38292245	0.1048497337	0.4030236806	0.1040619649	0.07819969717	-0.1750387174	-0.1750387174	-0.1750387174	0.1038964253	0.2750189066	0.1038964253	0.4069896453	0.4069896453	0.1038964253	0.1038964253	0.1038964253	0.07819969717	0.1048497337	0.2750189066	0.2750189066	0.1048497337	0.0110827381	0.005432630301	0.005432630301	0.003263658593	0.4973859235	-0.1689111031	-0.03453196096	-0.01511156539	0.501569277	0.1048497337	-0.01511156539	-0.05751594988	0.1138780268	0.501569277	0.1058045305	0.1038964253	-0.06059270003	0.00218243561	0.08980287793	0.00218243561	0.4932733378	0.1038964253	0.1048497337	0.2973623976	0.1048497337	0.104438986	0.09076958194	0.4892293395	0.104438986	0.4932733378	0.5529914382	-0.1680288082	-0.1680288082	0.104438986	0.104438986	-0.1505416243	0.104438986	0.1053975002	0.2535127186	-0.03453196096	0.5428172484	-0.1680288082	0.5428172484	0.001103315541	0.3126158385	-0.1680288082	0.3126158385	0.5529914382	0.3116557449	-0.008848422491	0.5529914382	0.3287386223	0.004347038592	-0.02838452084	0.6434671119	0.3162915375	-0.1839183481	0.0133990714	0.3162915375	-0.05751594988	-0.1843878986	0.3172675177	-0.09517237443	-0.1843878986	0.6531955877	-0.006075614663	0.3162915375	0.6340689093	-0.09517237443	0.3051775029	-0.09547556156	-0.1826825796	-0.09448611643	0.3080553047	0.6207602425	-0.0434058203	-0.0434058203	0.3080553047	-0.1834491867	-0.05956708319	0.6482475075	0.625194947	0.1666481764	0.1680927319	-0.0679568278	0.6901703175	0.09823375394	0.6901703175	0.007158133288	0.6901703175	0.09879262761	-0.1016680117	-0.1026473267	-0.1016680117	0.6901703175	0.09879262761	0.09879262761	0.09879262761	-0.1857988999	-0.002661349175	-0.1016680117	0.3118680969	0.6845845248	0.3109098684	-0.1016680117	-0.05907117497	-0.1882885593	0.727490942	-0.1895454021	0.1317239863	0.1300201852	-0.1006882645	0.1300201852	0.1300201852	0.1319190665	1	1	0.9243533186	0.03235724499	-0.2864129673	0.782175249	0.121358158	0.7886209662	-0.1377938038	0.001014639198	-0.006075614663	0.3156809467	-0.2419661523	-0.2434674186	-0.06083318898	0.1275305414	-0.2429417676	-0.02746245367	0.1271472798	0.6973363204	-0.07503949178	0.1254071848	-0.07321935637	0.001801999099	-0.03298217781	0.593405844	0.6820036504	-0.02838452084
chr11_2113165_C_T	0.07217706294	-0.008622418288	-0.0695254792	-0.06296606143	0.2331105915	0.2322807575	-0.06296606143	-0.03874707891	-0.06389883314	-0.06296606143	-0.06296606143	-0.04211434154	0.2331105915	-0.03874707891	0.1563190285	-0.04211434154	0.5987070289	0.1574353466	0.2197983416	0.2197983416	-0.03381829455	0.2197983416	-0.08302276293	-0.08302276293	0.38292245	0.1277152946	0.4030236806	0.1040619649	0.07819969717	-0.1543272437	-0.1543272437	-0.1543272437	0.1267572748	0.2898967846	0.1267572748	0.4069896453	0.4069896453	0.1267572748	0.1267572748	0.1267572748	0.07819969717	0.1277152946	0.2898967846	0.2898967846	0.1277152946	0.0110827381	0.005432630301	0.005432630301	0.003263658593	0.4973859235	-0.1485046458	-0.01246134296	-0.01511156539	0.501569277	0.1277152946	-0.01511156539	-0.05751594988	0.136685372	0.501569277	0.1286750414	0.1381876996	-0.06059270003	0.00218243561	0.1199905685	0.00218243561	0.5126332386	0.1381876996	0.139148075	0.3089581249	0.139148075	0.1389093337	0.1210060718	0.5084921463	0.1389093337	0.5126332386	0.5529914382	-0.1475270519	-0.1475270519	0.1389093337	0.1389093337	-0.1403884415	0.1389093337	0.1398750263	0.2747125353	-0.01246134296	0.5633974155	-0.1475270519	0.5633974155	0.001103315541	0.3126158385	-0.1475270519	0.3126158385	0.5529914382	0.3116557449	0.01702806886	0.5529914382	0.3287386223	0.004347038592	-0.02838452084	0.6434671119	0.3162915375	-0.1736416396	0.0133990714	0.3162915375	-0.05751594988	-0.1741316658	0.3172675177	-0.09517237443	-0.1741316658	0.6531955877	-0.006075614663	0.3162915375	0.6340689093	-0.09517237443	0.3170881394	-0.09547556156	-0.1724282176	-0.09448611643	0.3080553047	0.6207602425	-0.0434058203	-0.0434058203	0.3080553047	-0.1731517934	-0.03836238195	0.6482475075	0.625194947	0.1769131816	0.17834378	-0.0679568278	0.6901703175	0.1101602754	0.6901703175	0.007158133288	0.6901703175	0.1107870017	-0.1016680117	-0.1026473267	-0.1016680117	0.6901703175	0.1107870017	0.1107870017	0.1107870017	-0.175602866	-0.002661349175	-0.1016680117	0.3118680969	0.6845845248	0.3109098684	-0.1016680117	-0.05907117497	-0.1780475185	0.6684544358	-0.1792815053	0.1075777891	0.118013548	-0.1006882645	0.118013548	0.118013548	0.1079164294	0.9243533186	0.9243533186	1	0.03235724499	-0.2755597412	0.7410382613	0.121358158	0.7674162649	-0.1249538106	0.001014639198	-0.006075614663	0.3156809467	-0.231913375	-0.2333864084	-0.06083318898	0.1168124358	-0.2429417676	-0.06208304064	0.1163876765	0.6587361037	-0.05960823079	0.1254071848	-0.05736514361	0.02926883385	-0.01074352441	0.5588431831	0.6439949155	-0.02838452084
chr11_2113904_C_G	-0.01509928551	0.2404863272	-0.05127492278	-0.07362418831	-0.07571136751	-0.07626271548	-0.07362418831	-0.06406721542	-0.07420537213	-0.07362418831	-0.07362418831	-0.03380207651	-0.07571136751	-0.06406721542	-0.219981312	-0.03380207651	-0.0006479128892	-0.08568208768	-0.07943071077	-0.07943071077	-0.06508056864	-0.07943071077	-0.1163583763	-0.1163583763	-0.005871361331	-0.2055042262	-0.005871361331	-0.0504647396	-0.0609671952	-0.1344848031	-0.1344848031	-0.1344848031	-0.2060245867	-0.02080064239	-0.2060245867	-0.004909884726	-0.004909884726	-0.2060245867	-0.2060245867	-0.2060245867	-0.0609671952	-0.2055042262	-0.02080064239	-0.02080064239	-0.2055042262	-0.04212509064	-0.05119698573	-0.05119698573	-0.05239917911	-0.01143144198	-0.1365225791	-0.02441015567	-0.03279004741	-0.01052801612	-0.2055042262	-0.03279004741	-0.0347368024	-0.1993671457	-0.01052801612	-0.2049857732	-0.2060245867	-0.03659500803	-0.05299966812	-0.1410471646	-0.05299966812	-0.01232625115	-0.2060245867	-0.2055042262	-0.05384936497	-0.2055042262	-0.2071004739	-0.1407790051	-0.01321271328	-0.2071004739	-0.01232625115	6.838546644e-05	-0.1361508731	-0.1361508731	-0.2071004739	-0.2071004739	-0.1236238508	-0.2071004739	-0.2065778418	-0.06199204514	-0.02441015567	-0.001958723109	-0.1361508731	-0.001958723109	-0.05359978595	-0.04832077198	-0.1361508731	-0.04832077198	6.838546644e-05	-0.04890062124	-0.05222839249	6.838546644e-05	-0.04410596021	-0.05179829352	-0.03674025152	0.02038765774	-0.04742429235	-0.1243184306	-0.0356760818	-0.04742429235	-0.0347368024	-0.1245756346	-0.04684276119	-0.07003450352	-0.1245756346	0.02250287365	-0.02966506517	-0.04742429235	0.01831869358	-0.07003450352	-0.04827564495	-0.07011304158	-0.1235432955	-0.06952950678	-0.04978875262	0.01706082587	-0.02621497873	-0.02621497873	-0.04978875262	-0.1240617312	-0.06158877736	0.07352946097	0.01806231861	-0.1097243679	-0.1085658878	-0.04104257869	0.0303161469	-0.1961391773	0.0303161469	-0.03749510039	0.0303161469	-0.1972550567	-0.07367448297	-0.07425389478	-0.07367448297	0.0303161469	-0.1972550567	-0.1972550567	-0.1972550567	-0.1253502481	-0.02855678782	-0.07367448297	-0.04748091033	0.02915738372	-0.04805708159	-0.07367448297	-0.0356760818	-0.1269118679	0.02576905204	-0.1277003874	-0.2009270982	-0.2004120822	-0.07309501619	-0.2004120822	-0.2004120822	-0.1991416881	0.03235724499	0.03235724499	0.03235724499	1	-0.2066273796	0.04009729634	-0.1738331686	0.04342530743	-0.1007980483	-0.02740852065	-0.02966506517	-0.01336618314	-0.1651593103	-0.1661194285	-0.03674025152	-0.162054987	-0.1658252379	0.01965652233	-0.1632121	0.02717335068	-0.04097095548	-0.1284035095	-0.039752477	-0.0486775295	-0.02350122564	0.005614854718	0.02395029111	-0.03674025152
chr11_2113931_G_A	-0.04120084226	0.07174349225	0.1986909746	0.1447757276	0.002782958982	0.001373244578	0.1447757276	0.02001291893	0.1434101934	0.1447757276	0.1447757276	0.1536829356	-0.001883135578	0.02001291893	0.410893653	0.1536829356	-0.1125813135	0.03127190831	0.02091931364	0.02091931364	0.2866376322	0.02091931364	0.3442648436	0.3442648436	0.02543976289	0.6308303789	0.02543976289	0.2329900707	0.1719362728	0.4211389114	0.4211389114	0.4211389114	0.6292136826	-0.05751875256	0.6292136826	0.0282156215	0.0282156215	0.6292136826	0.6292136826	0.6292136826	0.1719362728	0.6259095067	-0.05751875256	-0.05751875256	0.635751251	0.2582113452	0.1878926835	0.1878926835	0.1840771569	-0.00730985209	0.4306699395	-0.1132584935	0.04827924166	-0.004803753053	0.635751251	0.04827924166	-0.1397325316	0.5998815646	-0.004803753053	0.632454289	0.6341335408	0.1013825216	0.1821790839	0.4196437448	0.1821790839	-0.009790679787	0.6341335408	0.6308303789	0.1488669667	0.6308303789	0.6324995184	0.4172949235	-0.0122470255	0.6324995184	-0.009790679787	-0.05602296343	0.4309356211	0.4309356211	0.6324995184	0.6324995184	0.4789311049	0.6324995184	0.6341260259	0.08349262989	-0.1132584935	-0.06068570563	0.4309356211	-0.06068570563	0.1802873237	0.1275101599	0.4309356211	0.1275101599	-0.05602296343	0.1259781431	0.06248627508	-0.05602296343	0.144589093	0.1859816528	0.09845954964	-0.09798017408	0.1313029639	0.4674341028	-0.1722408036	0.1313029639	-0.1397325316	0.4695832444	0.1328479396	0.2160493943	0.4695832444	-0.09394218232	0.06983295644	0.1313029639	-0.07744411182	0.2160493943	0.1356140636	0.2182880144	0.4633377693	0.2144915302	0.1625854341	-0.03832890341	-0.1317726616	-0.1317726616	0.1625854341	0.4741464772	0.1202099117	-0.1597533368	-0.03607369577	0.4326274795	0.4302936459	-0.1853338423	-0.08794745141	0.7202968757	-0.08794745141	-0.1884735146	-0.08794745141	0.7243948047	0.2373162631	0.2410596234	0.2373162631	-0.08794745141	0.7243948047	0.7243948047	0.7243948047	0.4760142017	0.001374590467	0.2373162631	0.1585922985	-0.09004608526	0.1570669262	0.2373162631	0.07729906814	0.4842672213	-0.1047061879	0.4928485478	0.7280645869	0.7276628637	0.2392785458	0.7276628637	0.7276628637	0.7304624667	-0.2864129673	-0.2864129673	-0.2755597412	-0.2066273796	1	-0.3313996034	0.7785252503	-0.3270072497	0.3684997021	0.1272836709	0.08835931567	-0.1589729919	0.7532408958	0.7540451445	-0.1808701372	0.6584126638	0.7606223277	0.06484887197	0.6549312691	-0.2638126795	0.2220741468	0.5598780768	0.2138754297	0.03690035165	0.1567852587	-0.2112860646	-0.2671857053	0.0844930653
chr11_2114221_T_C	0.06131303892	-0.04056450476	-0.06854849224	-0.08784914016	0.1373206439	0.1362798111	-0.08784914016	-0.06523425555	-0.08898689155	-0.08784914016	-0.08784914016	-0.04956006263	0.1373206439	-0.06523425555	0.005130392555	-0.04956006263	0.4342634466	0.08222860835	0.1240701383	0.1240701383	-0.05593004501	0.1240701383	-0.1224366298	-0.1224366298	0.2811561785	-0.0001297823946	0.2975528808	0.05163593539	0.03420973213	-0.1807004186	-0.1807004186	-0.1807004186	-0.001260483491	0.1620865111	-0.001260483491	0.2847732079	0.2847732079	-0.001260483491	-0.001260483491	-0.001260483491	0.03420973213	-0.0001297823946	0.1620865111	0.1620865111	-0.0001297823946	-0.01871333883	-0.01847863813	-0.01847863813	-0.02106133564	0.371734614	-0.1777910598	-0.08625760927	-0.03392992092	0.3596490124	-0.0001297823946	-0.03392992092	-0.03950831828	0.01115136248	0.3596490124	0.001001395212	-0.001260483491	-0.04466122348	-0.02234935178	0.01589400963	-0.02234935178	0.3679252239	-0.001260483491	-0.0001297823946	0.2007766091	-0.0001297823946	-0.0012670659	0.0169167273	0.3641744742	-0.0012670659	0.3679252239	0.4057984507	-0.1765932641	-0.1765932641	-0.0012670659	-0.0012670659	-0.1352290219	-0.0012670659	-0.0001304604167	0.1400100077	-0.08625760927	0.4135100622	-0.1765932641	0.4135100622	-0.02363522948	0.2167618777	-0.1765932641	0.2167618777	0.4057984507	0.2155966966	-0.02052013099	0.4057984507	0.2325410354	-0.01977111874	-0.04735929903	0.5070328779	0.2203150537	-0.2039864557	-0.0421322622	0.2203150537	-0.03950831828	-0.2045946005	0.2118321743	-0.1090287821	-0.2045946005	0.5160426247	-0.02450038195	0.2203150537	0.4983099945	-0.1090287821	0.2106523685	-0.1094506522	-0.2025285037	-0.1082426099	0.2025535606	0.4720026163	-0.05267782218	-0.05267782218	0.2025535606	-0.1949787425	-0.03727582983	0.5311432035	0.4607963769	0.06643650586	0.06837429452	-0.08247321823	0.5172855062	-0.02315121687	0.5172855062	-0.04710448587	0.5172855062	-0.02328292929	-0.1170579172	-0.1182526368	-0.1170579172	0.5172855062	-0.02328292929	-0.02328292929	-0.02328292929	-0.1981026199	0.01541324469	-0.1170579172	0.1976288776	0.5286639663	0.2060234536	-0.1170579172	-0.0421322622	-0.2010032179	0.5622401798	-0.2024671493	0.001331353979	0.0001362966905	-0.1158625669	0.0001362966905	0.0001362966905	0.002510640646	0.782175249	0.782175249	0.7410382613	0.04009729634	-0.3313996034	1	0.1507247379	0.9486423594	-0.1299317429	-0.01723011988	0.01060985201	0.5319782421	-0.2870529214	-0.28885634	-0.07382788505	0.1575447049	-0.2882103279	-0.04710448587	0.1570903069	0.8386160706	-0.09659498992	0.1711859133	-0.09453751722	-0.03060069091	-0.03029379295	0.7132880855	0.820125836	-0.04735929903
chr11_2114571_C_G	-0.01388085652	0.04059798519	0.1604384366	0.08610710472	0.1034627895	0.1011294129	0.08610710472	-0.02972916302	0.08374657109	0.08610710472	0.08610710472	0.1256683136	0.09850265009	-0.02972916302	0.4257827964	0.1256683136	0.1399425455	0.08308357383	0.1074672043	0.1074672043	0.2514376987	0.1074672043	0.2638487692	0.2638487692	0.1500433489	0.6812847694	0.1592404979	0.2449270282	0.2665167912	0.3224600146	0.3224600146	0.3224600146	0.6838893087	-0.002002927819	0.6838893087	0.1645515533	0.1645515533	0.6838893087	0.6838893087	0.6838893087	0.2665167912	0.6812847694	-0.002002927819	-0.002002927819	0.6917467144	0.2297205319	0.2485292299	0.2485292299	0.2422813589	0.1732874504	0.337312885	-0.1778130894	-0.001389961931	0.1784418672	0.6917467144	-0.001389961931	0.1014802062	0.6678182782	0.1784418672	0.6891503921	0.6943490981	0.08133567476	0.2391719811	0.4292925246	0.2391719811	0.1770535333	0.6943490981	0.6917467144	0.3157368962	0.6917467144	0.6927178737	0.4275661479	0.1807913646	0.6927178737	0.1770535333	0.1636485993	0.3386550399	0.3386550399	0.6927178737	0.6927178737	0.4172271557	0.6927178737	0.690102306	0.1986144476	-0.1778130894	0.162098585	0.3386550399	0.162098585	0.2360720737	0.3003836824	0.3386550399	0.3003836824	0.1636485993	0.2978229854	0.06534125021	0.1636485993	0.2978739349	0.2454003826	0.07529565635	0.1619698591	0.307210184	0.3609899863	-0.2072878875	0.307210184	0.1014802062	0.3627336819	0.309795453	0.2374212646	0.3627336819	0.1631833825	0.04623941643	0.307210184	0.178188276	0.2374212646	0.3117871196	0.2386723749	0.3577425288	0.2357092947	0.3179138127	0.1793494459	-0.1822185081	-0.1822185081	0.3179138127	0.3733782124	0.1063944574	0.09415977026	0.1842595475	0.46761247	0.462053267	-0.2493675434	0.1725540621	0.7647008441	0.1725540621	-0.2289451387	0.1725540621	0.7635634723	0.2514636694	0.254396029	0.2514636694	0.1725540621	0.7635634723	0.7635634723	0.7635634723	0.36795008	0.01680395536	0.2514636694	0.3227340378	0.1672151926	0.3201838229	0.2514636694	0.05797732457	0.3791785617	0.1696238958	0.3824895972	0.7801720771	0.7897476579	0.2606679106	0.7897476579	0.7842541221	0.7836337971	0.121358158	0.121358158	0.121358158	-0.1738331686	0.7785252503	0.1507247379	1	0.174308686	0.2954818012	0.1337010131	0.08562709884	0.1258709768	0.6851521016	0.6894971931	-0.2364832609	0.8277877669	0.6832965476	0.05618131052	0.8286535937	0.1659205197	0.1730299974	0.7371885422	0.1663507909	0.04894469646	0.1207459726	0.1528882216	0.1596786862	0.03075581102
chr11_2114583_C_T	0.08594210364	-0.03836238195	-0.06072194396	-0.079370323	0.1333397437	0.1323010668	-0.079370323	-0.06113101063	-0.08050068713	-0.079370323	-0.079370323	-0.04297198153	0.1333397437	-0.06113101063	0.01491639854	-0.04297198153	0.4509019655	0.07367093488	0.1201988461	0.1201988461	-0.05024308368	0.1201988461	-0.1104014911	-0.1104014911	0.2778552855	-0.0009174631863	0.2947591569	0.04980090125	0.03285881144	-0.1788969694	-0.1788969694	-0.1788969694	-0.002044756953	0.1610060326	-0.002044756953	0.2984486871	0.2984486871	-0.002044756953	-0.002044756953	-0.002044756953	0.03285881144	-0.0009174631863	0.1610060326	0.1610060326	-0.0009174631863	-0.02346281314	-0.02226589601	-0.02226589601	-0.02483358536	0.3720090862	-0.1757335617	-0.0847930126	-0.03275225914	0.3758748597	-0.0009174631863	-0.03275225914	-0.03837097603	0.01033331275	0.3758748597	0.0002102974966	0.007567511715	-0.0435570542	-0.02611420306	0.02652991601	-0.02611420306	0.3844842532	0.007567511715	0.008696786454	0.2073939737	0.008696786454	0.007607030247	0.02756696563	0.3806559251	0.007607030247	0.3844842532	0.4230183448	-0.1745319777	-0.1745319777	0.007607030247	0.007607030247	-0.1338611413	0.007607030247	0.008742221074	0.1467685095	-0.0847930126	0.4310485486	-0.1745319777	0.4310485486	-0.02739275182	0.2135417281	-0.1745319777	0.2135417281	0.4230183448	0.212379891	0.004153097906	0.4230183448	0.2292150937	-0.02355083709	-0.04632871919	0.4955336078	0.2170702065	-0.2012759449	-0.04101228418	0.2170702065	-0.03837097603	-0.2018865785	0.2182457703	-0.1046040319	-0.2018865785	0.5044149299	-0.02324330748	0.2170702065	0.4869341466	-0.1046040319	0.2171083526	-0.1050589393	-0.1998267979	-0.1038497652	0.1990652835	0.460373471	-0.05252664416	-0.05252664416	0.1990652835	-0.1920058884	-0.01641378332	0.5216753143	0.4643772424	0.07134026969	0.07326557033	-0.05719720023	0.5210723262	-0.02324919339	0.5210723262	-0.04601475379	0.5210723262	-0.02338146322	-0.11270283	-0.1138980662	-0.11270283	0.5210723262	-0.02338146322	-0.02338146322	-0.02338146322	-0.1951445552	0.01782961795	-0.11270283	0.2036830134	0.5161127708	0.2025253128	-0.11270283	-0.04101228418	-0.1980262811	0.5514027836	-0.1994806547	0.002159723095	0.0110603415	-0.1115068975	0.0110603415	0.0110603415	0.003330677629	0.7886209662	0.7886209662	0.7674162649	0.04342530743	-0.3270072497	0.9486423594	0.174308686	1	-0.1148670035	-0.01590143596	0.01295292677	0.5519957419	-0.2756965738	-0.2774652365	-0.04632871919	0.17763097	-0.2852960307	-0.04601475379	0.1772573951	0.8529716741	-0.1063162325	0.189230071	-0.1045387098	-0.00514306703	-0.02714106553	0.7262500364	0.8342776502	-0.04632871919
chr11_2115390_C_T	-0.1163698197	0.05480609425	-0.09977741826	-0.1590279187	-0.2975452707	-0.2942112844	-0.1590279187	-0.01212578752	-0.1556377907	-0.1590279187	-0.1590279187	-0.1769245911	-0.2975452707	-0.01212578752	0.0890631592	-0.1769245911	-0.07246231864	-0.2862707171	-0.3015454705	-0.3015454705	0.6553020588	-0.3015454705	0.3495962448	0.3495962448	-0.0922233156	0.1360281469	-0.0922233156	-0.1767502865	-0.1996650949	0.3300018094	0.3300018094	0.3300018094	0.1337668149	-0.1780122585	0.1337668149	-0.08880373974	-0.08880373974	0.1337668149	0.1337668149	0.1337668149	-0.1996650949	0.1302064709	-0.1780122585	-0.1780122585	0.1360281469	-0.1572542117	-0.1869834266	-0.1869834266	-0.1917868554	-0.1021800857	0.3247803739	-0.1628138878	-0.09023713418	-0.09889020113	0.1360281469	-0.09023713418	-0.08113317051	0.1405420296	-0.09889020113	0.1324689066	0.1395872913	0.2693395272	-0.1941857524	0.2706219294	-0.1941857524	-0.09558375042	0.1395872913	0.1360281469	-0.2274992389	0.1360281469	0.1344653626	0.2678963924	-0.09886799181	0.1344653626	-0.09558375042	-0.0923931881	0.3250829551	0.3250829551	0.1344653626	0.1344653626	0.3968843114	0.1344653626	0.1367387987	-0.2849015545	-0.1628138878	-0.08881624563	0.3250829551	-0.08881624563	-0.1965829088	-0.229765626	0.3250829551	-0.229765626	-0.0923931881	-0.2320669788	-0.1282290039	-0.0923931881	-0.213922224	-0.1893861147	0.3003075674	-0.1202058028	-0.2264196166	0.427950678	-0.1046916137	-0.2264196166	-0.08113317051	0.4250941283	-0.2241128563	-0.1794668612	0.4250941283	-0.1138645606	0.2329469323	-0.2264196166	-0.1167795943	-0.1794668612	-0.2239469823	-0.1805989137	0.4290236321	-0.1850266297	-0.2294205098	-0.1087608303	-0.05474201353	-0.05474201353	-0.2294205098	0.430823982	0.07949028482	-0.100537845	-0.1056129663	0.3771466261	0.3754196467	-0.05675938723	-0.1010316521	0.2644995174	-0.1010316521	-0.1135553552	-0.1010316521	0.2660043139	-0.2028820722	-0.1985282103	-0.2028820722	-0.1010316521	0.2660043139	0.2660043139	0.2660043139	0.4321984042	0.1138805663	-0.2028820722	-0.2381557498	-0.1043622577	-0.2404419671	-0.2028820722	0.2643334858	0.4301043576	-0.1141715729	0.4290588808	0.2460192729	0.2484329619	-0.1937381424	0.2484329619	0.2484329619	0.2469014242	-0.1377938038	-0.1377938038	-0.1249538106	-0.1007980483	0.3684997021	-0.1299317429	0.2954818012	-0.1148670035	1	-0.06152992916	0.2329469323	-0.03938388485	0.4095885034	0.4087691666	-0.04667874134	0.3635972961	0.4061003717	-0.07829711838	0.3629028088	-0.1240880738	-0.1840866665	0.4074225147	-0.1798393509	-0.1372498723	-0.1257360599	-0.1325919828	-0.1236487987	-0.09624821401
chr11_2115636_A_G	0.07873376284	0.09380800588	0.145220161	0.1173534034	0.008288194316	0.007814127473	0.1173534034	-0.05132064208	0.116926863	0.1173534034	0.1173534034	0.1801617921	0.008288194316	-0.05132064208	0.113429888	0.1801617921	0.009800908988	0.03004000795	0.003458986819	0.003458986819	-0.02360960603	0.003458986819	0.0893172684	0.0893172684	-0.02742722093	0.1365061877	-0.02742722093	0.02004262723	0.03162678036	0.1125470159	0.1125470159	0.1125470159	0.1359763037	-0.05687319288	0.1359763037	-0.02669752178	-0.02669752178	0.1359763037	0.1359763037	0.1359763037	0.03162678036	0.1365061877	-0.05687319288	-0.05687319288	0.1365061877	0.02910995257	0.0422163318	0.0422163318	0.04097054207	-0.03167613374	0.1073064415	-0.05425429102	-0.02923857503	-0.0309823789	0.1365061877	-0.02923857503	0.03735956781	0.141164476	-0.0309823789	0.1370377089	0.1359763037	0.03250193264	0.04035038735	0.08900517463	0.04035038735	-0.03236455603	0.1359763037	0.1365061877	0.01599151714	0.1365061877	0.1366863897	0.08959148135	-0.03304781408	0.1366863897	-0.03236455603	-0.02294322586	0.1087075263	0.1087075263	0.1366863897	0.1366863897	0.1326301862	0.1366863897	0.137219337	-0.01236924293	-0.05425429102	-0.02446710478	0.1087075263	-0.02446710478	0.03973201343	0.02193137217	0.1087075263	0.02193137217	-0.02294322586	0.02141432607	-0.04657156342	-0.02294322586	0.02720393631	0.04159251195	-0.03276093466	0.004067939535	0.02309364093	0.0895835775	-0.03181202459	0.02309364093	0.03735956781	0.08895487396	0.02361435642	0.02236701554	0.08895487396	0.005809954663	-0.02645205794	0.02309364093	0.002361295048	0.02236701554	0.02269985179	0.02159054485	0.08983891259	0.02220573404	0.0202696752	0.001499486981	-0.0233756485	-0.0233756485	0.0202696752	0.09021591158	0.02311525813	0.02814556372	0.002328248098	0.09481365379	0.09558471058	-0.03659727909	0.01222062948	0.1235541585	0.01222062948	-0.03343402626	0.01222062948	0.1242570856	0.01720902301	0.0166109881	0.01720902301	0.01222062948	0.1242570856	0.1242570856	0.1242570856	0.08709003819	-0.0254638175	0.01720902301	0.02232615698	0.01127224643	0.02181169088	0.01720902301	0.03486067694	0.08657537224	0.008494380784	0.08631804053	0.1229527662	0.1217488708	0.01780849859	0.1217488708	0.1217488708	0.1227485745	0.001014639198	0.001014639198	0.001014639198	-0.02740852065	0.1272836709	-0.01723011988	0.1337010131	-0.01590143596	-0.06152992916	1	-0.02645205794	-0.04677317937	0.1412842489	0.1412385182	-0.03276093466	0.1355400804	0.1418539115	0.03026792529	0.1355925441	-0.02548691524	0.003217559581	-0.07294927398	-0.02377819392	-0.04340529249	-0.0127719869	-0.0395100444	-0.02759905745	-0.03276093466
chr11_2116134_G_T	-0.01198046898	-0.04911834953	-0.08228905702	-0.1024946524	-0.06813457361	-0.06866553791	-0.1024946524	-0.00615887064	-0.103071308	-0.1024946524	-0.1024946524	-0.1153923262	-0.06813457361	-0.00615887064	0.04523652385	-0.1153923262	-0.04555778759	-0.05693189153	-0.07182260555	-0.07182260555	0.2595697962	-0.07182260555	0.1024116589	0.1024116589	-0.001091455107	0.06968213394	-0.001091455107	-0.02085455656	-0.03224814636	0.08940490811	0.08940490811	0.08940490811	0.06912470896	-0.04039189499	0.06912470896	-0.0001372166035	-0.0001372166035	0.06912470896	0.06912470896	0.06912470896	-0.03224814636	0.06968213394	-0.04039189499	-0.04039189499	0.06968213394	-0.0358971597	-0.06752512902	-0.06752512902	-0.06864953864	0.02661277271	0.1016269686	-0.05872104882	-0.031645788	0.02768062177	0.06968213394	-0.031645788	-0.03352460796	0.07492268635	0.02768062177	0.07024051587	0.06912470896	0.02510699131	-0.06921161017	0.1135096794	-0.06921161017	0.02555735919	0.06912470896	0.06968213394	-0.04537227406	0.06968213394	0.0694856872	0.1141720234	0.02451399456	0.0694856872	0.02555735919	0.04037727585	0.1030756236	0.1030756236	0.0694856872	0.0694856872	0.129106808	0.0694856872	0.0700461743	-0.07068510578	-0.05872104882	0.03792381087	0.1030756236	0.03792381087	-0.06977362236	-0.03993249375	0.1030756236	-0.03993249375	0.04037727585	-0.04049210828	-0.05040580197	0.04037727585	-0.03570867624	-0.06808738568	0.01993144098	0.02622191851	-0.03902989218	0.0823404561	-0.03443110975	-0.03902989218	-0.03352460796	0.08168911781	-0.03846843081	-0.0645048594	0.08168911781	0.02833016363	0.04484370435	-0.03902989218	0.02416103468	-0.0645048594	-0.03981387518	-0.0646063576	0.08264860059	-0.06403973519	-0.06138268289	-0.008978861752	-0.02530016651	-0.02530016651	-0.06138268289	0.1005729839	0.01295292677	-0.03703845714	-0.008131548024	0.09969928684	0.1005377956	-0.03961033444	0.001775708847	0.05229251786	0.001775708847	-0.03618665088	0.001775708847	0.05259002162	-0.06808738568	-0.06864953864	-0.06808738568	0.001775708847	0.05259002162	0.05259002162	0.05259002162	0.09716092064	-0.02756025455	-0.06808738568	-0.05915508785	0.0008148617296	-0.05971100848	-0.06808738568	0.02742191955	0.09661668661	-0.002003474848	0.09634467126	0.05064078924	0.04979157264	-0.06752512902	0.04979157264	0.04979157264	0.05090989778	-0.006075614663	-0.006075614663	-0.006075614663	-0.02966506517	0.08835931567	0.01060985201	0.08562709884	0.01295292677	0.2329469323	-0.02645205794	1	0.03021369901	0.07283618457	0.07256178684	-0.03545814363	0.07656554555	0.0731298624	-0.03618665088	0.07635079046	-0.0001309944785	-0.03602907414	0.09916275	-0.03475685303	-0.04697885183	0.0178108127	0.04081780642	0.02960256551	-0.03545814363
chr11_2116314_C_T	0.1239463175	-0.01581699942	-0.06584688554	-0.07375484753	0.09475691606	0.09386792798	-0.07375484753	-0.02041688229	-0.074720651	-0.07375484753	-0.07375484753	-0.06988021155	0.09475691606	-0.02041688229	0.002897750212	-0.06988021155	0.1577957726	-0.004507689163	0.08394028309	0.08394028309	-0.02322507689	0.08394028309	-0.08487447951	-0.08487447951	0.08435972397	0.01432156829	0.08435972397	0.1692177547	0.1519547094	-0.1517053355	-0.1517053355	-0.1517053355	0.01335835245	0.03435792202	0.01335835245	0.08654334405	0.08654334405	0.01335835245	0.01335835245	0.01335835245	0.1519547094	0.01432156829	0.03435792202	0.03435792202	0.01432156829	0.09824336861	0.08702196169	0.08702196169	0.08462544649	0.1814932413	-0.1467472895	-0.04165641058	-0.01916431042	0.184081198	0.01432156829	-0.01916431042	-0.02440493657	0.0238652808	0.184081198	0.01528533947	0.01335835245	0.004031170521	0.08343258881	-0.05171672816	0.08343258881	0.1789419848	0.01335835245	0.01432156829	0.1803263488	0.01432156829	0.0134281115	-0.0509536118	0.1764262934	0.0134281115	0.1789419848	0.2153525092	-0.1457102624	-0.1457102624	0.0134281115	0.0134281115	-0.1251583118	0.0134281115	0.01439638846	0.1430528553	-0.04165641058	0.2092390444	-0.1457102624	0.2092390444	0.08224324197	0.1940566843	-0.1457102624	0.1940566843	0.2153525092	0.1930671601	-0.08912877865	0.2153525092	0.2076893162	0.08582188163	-0.03222735803	0.1968321722	0.1860074479	-0.1735508772	-0.026855698	0.1860074479	-0.02440493657	-0.1740667107	0.1870087004	0.07145098922	-0.1740667107	0.2020965365	-0.01020515898	0.1860074479	0.1917141599	0.07145098922	0.1748616907	0.06972639203	-0.1723120307	0.07093577865	0.1680501386	0.1690875026	0.0007230121474	0.0007230121474	0.1680501386	-0.1730351189	-0.005542125923	-0.03366368052	0.1714524731	-0.07157576144	-0.0697560687	-0.07003996748	0.2029203189	-0.03232932257	0.2029203189	-0.0314760034	0.2029203189	-0.03251325127	0.06093378335	0.05976177851	0.06093378335	0.2029203189	-0.03251325127	-0.03251325127	-0.03251325127	-0.1756147203	-0.006830911161	0.06093378335	0.1719830417	0.2000765509	0.1709970567	0.06093378335	0.007170539013	-0.1781106022	0.1918091327	-0.1793703754	-0.03678367338	-0.03758985483	0.06210901535	-0.03758985483	-0.03758985483	-0.03555675237	0.3156809467	0.3156809467	0.3156809467	-0.01336618314	-0.1589729919	0.5319782421	0.1258709768	0.5519957419	-0.03938388485	-0.04677317937	0.03021369901	1	-0.2912875721	-0.2929525446	-0.06269796157	0.126039258	-0.2829840288	-0.06398612601	0.1256233383	0.7894385324	-0.1423706124	0.1471167598	-0.1422770985	-0.08306916114	-0.01922231426	0.6586964142	0.7547062352	-0.03222735803
chr11_2116492_C_G	-0.1021569735	0.06966994357	0.2262583287	0.1822369224	-0.1915582055	-0.1924534365	0.1822369224	0.06397865167	0.181460672	0.1822369224	0.1822369224	0.1615266224	-0.1915582055	0.06397865167	0.2842446388	0.1615266224	-0.09772867917	-0.115513289	-0.162186353	-0.162186353	0.3320413205	-0.162186353	0.4130695196	0.4130695196	0.06917703075	0.5448332771	0.06116320153	-0.1064539335	-0.05473832585	0.5056622333	0.5056622333	0.5056622333	0.5392671024	-0.02010549769	0.5392671024	0.06310134035	0.06310134035	0.5392671024	0.5392671024	0.5392671024	-0.05473832585	0.5357173826	-0.02010549769	-0.02010549769	0.5448332771	-0.09936969602	-0.05410409646	-0.05410409646	-0.05607469517	0.03453228968	0.5162170263	-0.09698111347	0.05707825239	0.03624686884	0.5448332771	0.05707825239	0.1371095668	0.5069307762	0.03624686884	0.5412895765	0.5483811187	0.125132306	-0.05705833792	0.5261678622	-0.05705833792	0.04055549829	0.5483811187	0.5448332771	-0.03497971177	0.5448332771	0.5420832255	0.5237911171	0.03116104587	0.5420832255	0.04055549829	-0.01816685689	0.5161497314	0.5161497314	0.5420832255	0.5420832255	0.555844977	0.5420832255	0.5476796495	-0.07599064521	-0.09698111347	-0.01296777523	0.5161497314	-0.01296777523	-0.06330881523	-0.06762785128	0.5161497314	-0.06762785128	-0.01816685689	-0.06855208614	0.1024448975	-0.01816685689	-0.0799119366	-0.05508996287	0.1225488475	-0.04241363131	-0.05670237678	0.5483289054	-0.1579868127	-0.05670237678	0.1371095668	0.5505205155	-0.05577483432	-0.03163504293	0.5505205155	-0.04752903185	0.08999618496	-0.05670237678	-0.02227061343	-0.03163504293	-0.04845690675	-0.03778652359	0.5520293455	-0.042139057	-0.04199633211	-0.008462014507	-0.1575845242	-0.1575845242	-0.04199633211	0.5748723673	0.180806129	-0.1422489874	-0.007032792541	0.5429123868	0.535609281	-0.1603843601	-0.06239983765	0.6250136749	-0.06239983765	-0.1701827899	-0.06239983765	0.6285695166	-0.01810773994	-0.01385078548	-0.01810773994	-0.06239983765	0.6285695166	0.6285695166	0.6285695166	0.5774082092	0.02564106421	-0.01810773994	-0.05232947288	-0.06361236476	-0.05324809793	-0.01810773994	0.1020409281	0.582432654	-0.07503850968	0.5911110448	0.6289057669	0.6292883057	-0.0117965014	0.6292883057	0.6340750345	0.6308929493	-0.2419661523	-0.2419661523	-0.231913375	-0.1651593103	0.7532408958	-0.2870529214	0.6851521016	-0.2756965738	0.4095885034	0.1412842489	0.07283618457	-0.2912875721	1	0.9979984116	-0.1491161003	0.8543926932	0.991960224	0.105863464	0.8525668314	-0.3706488114	0.2841310994	0.7462710012	0.2830095474	0.08666629738	-0.3353554968	-0.2721464259	-0.354289801	0.07080314317
chr11_2116493_T_A	-0.1032947106	0.06904389669	0.2245293361	0.1800873393	-0.1858061473	-0.1867110534	0.1800873393	0.06270332539	0.1792987875	0.1800873393	0.1800873393	0.1600498387	-0.1858061473	0.06270332539	0.28749151	0.1600498387	-0.0874900005	-0.1131988955	-0.1565617788	-0.1565617788	0.3312107884	-0.1565617788	0.4104685534	0.4104685534	0.06820500491	0.5442643318	0.06016866913	-0.1032193295	-0.05172441347	0.5032549901	0.5032549901	0.5032549901	0.5432436785	-0.0216874139	0.5432436785	0.0621216116	0.0621216116	0.5432436785	0.5432436785	0.5432436785	-0.05172441347	0.5396935837	-0.0216874139	-0.0216874139	0.54883508	-0.09587151239	-0.05084000266	-0.05084000266	-0.05284393772	0.03340742675	0.5138309138	-0.09823584004	0.05670914481	0.03513600825	0.54883508	0.05670914481	0.1369337932	0.5109104768	0.03513600825	0.545291051	0.5523832912	0.1248928931	-0.05384412805	0.5272456917	-0.05384412805	0.03943838993	0.5523832912	0.54883508	-0.02822088447	0.54883508	0.5460805677	0.524869636	0.03770955648	0.5460805677	0.03943838993	-0.01932751227	0.5137618113	0.5137618113	0.5460805677	0.5460805677	0.5540570287	0.5460805677	0.5471077319	-0.07466228863	-0.09823584004	-0.01413286075	0.5137618113	-0.01413286075	-0.06012586865	-0.06545857681	0.5137618113	-0.06545857681	-0.01932751227	-0.06639476927	0.1018893599	-0.01932751227	-0.07763599697	-0.05184257782	0.1222998341	-0.04373664936	-0.05447042276	0.545670461	-0.1590065195	-0.05447042276	0.1369337932	0.5478684393	-0.05353078149	-0.02815710654	0.5478684393	-0.04884792047	0.08976998051	-0.05447042276	-0.02355544749	-0.02815710654	-0.04619790028	-0.03436625741	0.5493985733	-0.03871633971	-0.03979580401	-0.009700149671	-0.1584503475	-0.1584503475	-0.03979580401	0.5722882033	0.1803195387	-0.143268114	-0.008257725453	0.5437599569	0.5364535568	-0.1614974448	-0.06369478281	0.629006145	-0.06369478281	-0.1712661176	-0.06369478281	0.6277894313	-0.01475649157	-0.01050144362	-0.01475649157	-0.06369478281	0.6277894313	0.6277894313	0.6277894313	0.5748319756	0.02525201421	-0.01475649157	-0.05012077148	-0.06492020324	-0.05105131278	-0.01475649157	0.1017515004	0.5839300205	-0.07640669297	0.5885208812	0.6280715357	0.6332600934	-0.008413588164	0.6332600934	0.6332600934	0.630089299	-0.2434674186	-0.2434674186	-0.2333864084	-0.1661194285	0.7540451445	-0.28885634	0.6894971931	-0.2774652365	0.4087691666	0.1412385182	0.07256178684	-0.2929525446	0.9979984116	1	-0.1501280755	0.8553184498	0.9899166619	0.1055554028	0.8534732022	-0.3727942507	0.2834450025	0.7473879595	0.2823174278	0.08612377635	-0.3283786304	-0.2742018773	-0.3564176873	0.07040880367
chr11_2116668_G_T	0.02493922238	-0.02838452084	-0.08601760585	-0.06904055162	-0.1342082459	-0.134877392	-0.06904055162	-0.04679330236	-0.06972572998	-0.06904055162	-0.06904055162	-0.04263153405	-0.1342082459	-0.04679330236	-0.2151640524	-0.04263153405	-0.05642342483	-0.1283074729	-0.1377815707	-0.1377815707	0.007042368876	-0.1377815707	-0.05771674165	-0.05771674165	-0.08634428725	-0.2289617547	-0.08634428725	-0.08831251311	-0.09960179353	-0.0834548971	-0.0834548971	-0.0834548971	-0.2295871682	-0.07464124131	-0.2295871682	-0.08565131198	-0.08565131198	-0.2295871682	-0.2295871682	-0.2295871682	-0.09960179353	-0.2289617547	-0.07464124131	-0.07464124131	-0.2289617547	-0.07904620465	-0.08850723403	-0.08850723403	-0.08989017071	-0.09045592602	-0.08702889698	-0.01592296233	0.01122674861	-0.08977579154	-0.2289617547	0.01122674861	-0.04152030415	-0.2069938324	-0.08977579154	-0.228338447	-0.2295871682	-0.04374138547	-0.09058159599	-0.1331972702	-0.09058159599	-0.0911341645	-0.2295871682	-0.2289617547	-0.1340010952	-0.2289617547	-0.2307861023	-0.1328195283	-0.09181057145	-0.2307861023	-0.0911341645	-0.08214867507	-0.08622895963	-0.08622895963	-0.2307861023	-0.2307861023	-0.07808209282	-0.2307861023	-0.2301579195	-0.1313881377	-0.01592296233	-0.08355762498	-0.08622895963	-0.08355762498	-0.09127302827	-0.1284917246	-0.08622895963	-0.1284917246	-0.08214867507	-0.1291848085	0.004170673609	-0.08214867507	-0.1251012165	-0.08919872568	0.03959820687	-0.08912742563	-0.1278149678	-0.1124484697	-0.04264300871	-0.1278149678	-0.04152030415	-0.1128279221	-0.127122234	-0.08487414389	-0.1128279221	-0.08775813635	0.0753210256	-0.1278149678	-0.09048865517	-0.08487414389	-0.1292300494	-0.08495833153	-0.1116005652	-0.08426214319	-0.129862655	-0.08990247475	-0.03133431448	-0.03133431448	-0.129862655	-0.1120688845	-0.01904142908	-0.04587221445	-0.08922224248	-0.1558094479	-0.1543912095	0.870541926	-0.0828936579	-0.2641139288	-0.0828936579	-0.04481725044	-0.0828936579	-0.2656165316	-0.08919872568	-0.08989017071	-0.08919872568	-0.0828936579	-0.2656165316	-0.2656165316	-0.2656165316	-0.1139655473	0.02328836621	-0.08919872568	-0.1271026083	-0.0835960733	-0.1277905348	-0.08919872568	-0.04264300871	-0.1156738178	-0.08568784361	-0.1165359281	-0.2702015196	-0.2694205799	-0.08850723403	-0.2694205799	-0.2694205799	-0.2678888671	-0.06083318898	-0.06083318898	-0.06083318898	-0.03674025152	-0.1808701372	-0.07382788505	-0.2364832609	-0.04632871919	-0.04667874134	-0.03276093466	-0.03545814363	-0.06269796157	-0.1491161003	-0.1501280755	1	-0.2056551372	-0.1497173412	-0.0002657149235	-0.1932384899	-0.08176742945	-0.03043799629	-0.1913404903	-0.02847357901	0.01250802908	-0.04335345592	-0.09558574506	-0.08386925452	0.03959820687
chr11_2116686_G_C	-0.05000338943	0.06322190751	0.1973378315	0.1399195921	-0.09182109475	-0.09342759941	0.1399195921	0.02752523978	0.1383733205	0.1399195921	0.1399195921	0.1417928593	-0.09182109475	0.02752523978	0.3345371499	0.1417928593	0.1235488882	-0.0705644627	-0.06939262325	-0.06939262325	0.3175436756	-0.06939262325	0.3632210068	0.3632210068	0.1955996228	0.6101272113	0.1955996228	-0.003079041162	0.03635501726	0.4228791945	0.4228791945	0.4228791945	0.6083304457	0.04826591344	0.6083304457	0.1996802208	0.1996802208	0.6083304457	0.6083304457	0.6083304457	0.03635501726	0.605267603	0.04826591344	0.04826591344	0.6149868197	-0.02794693762	0.01373183032	0.01373183032	0.009833798831	0.2053671235	0.4350771629	-0.1431630306	0.03585796095	0.2092956834	0.6149868197	0.03585796095	0.1178447362	0.5816201149	0.2092956834	0.6119310525	0.6180476598	0.117021432	0.007890734961	0.5380834879	0.007890734961	0.2097194446	0.6180476598	0.6149868197	0.1276018898	0.6149868197	0.6115072265	0.5361426751	0.2058515641	0.6115072265	0.2097194446	0.1767527884	0.4357489828	0.4357489828	0.6115072265	0.6115072265	0.4974556266	0.6115072265	0.6133146988	0.0447871614	-0.1431630306	0.1773035979	0.4357489828	0.1773035979	0.0003349817202	0.09849063072	0.4357489828	0.09849063072	0.1767527884	0.09676866214	0.0978761528	0.1767527884	0.09615008606	0.01178079774	0.09778216257	0.1860514067	0.1075380847	0.4508721512	-0.1829570188	0.1075380847	0.1178447362	0.4528339329	0.1092732901	-0.006667846294	0.4528339329	0.1853815658	0.07656554555	0.1075380847	0.2028876512	-0.006667846294	0.1114604816	-0.01429258622	0.455749571	-0.01806218091	0.112736411	0.2043110959	-0.1807367823	-0.1807367823	0.112736411	0.4795470814	0.1686177169	0.1021401593	0.208005186	0.5735615258	0.5670643265	-0.2231342835	0.1789940896	0.6750971801	0.1789940896	-0.1996433589	0.1789940896	0.6738396391	0.000515129939	0.004206494153	0.000515129939	0.1789940896	0.6738396391	0.6738396391	0.6738396391	0.4803755945	0.02899721924	0.000515129939	0.1046461901	0.1750431478	0.1029324862	0.000515129939	0.09428027796	0.4882078019	0.1802478247	0.492159636	0.6865976752	0.6912697888	0.008093372645	0.6912697888	0.6912697888	0.6893713259	0.1275305414	0.1275305414	0.1168124358	-0.162054987	0.6584126638	0.1575447049	0.8277877669	0.17763097	0.3635972961	0.1355400804	0.07656554555	0.126039258	0.8543926932	0.8553184498	-0.2056551372	1	0.8535473776	0.07995681418	0.9977252783	0.1578109122	0.2255295254	0.8931486043	0.2251863932	0.07726874048	-0.3489622318	0.1738699288	0.1551357779	0.04261174443
chr11_2116776_T_C	-0.09345204324	0.06995085502	0.2225552602	0.178548235	-0.1923305744	-0.193229415	0.178548235	0.05160278664	0.1777666383	0.178548235	0.178548235	0.1673767739	-0.1923305744	0.05160278664	0.2806478825	0.1673767739	-0.1094117752	-0.1159790423	-0.1628402936	-0.1628402936	0.3333801217	-0.1628402936	0.4106963929	0.4106963929	0.06945595475	0.5470300623	0.06140981352	-0.1014410872	-0.04976271799	0.5035558746	0.5035558746	0.5035558746	0.5414414447	-0.0201865637	0.5414414447	0.06335576698	0.06335576698	0.5414414447	0.5414414447	0.5414414447	-0.04976271799	0.5378774122	-0.0201865637	-0.0201865637	0.5470300623	-0.09419182402	-0.04901247333	-0.04901247333	-0.0510015204	0.03467152498	0.514214271	-0.09737214442	0.05730839373	0.03639301737	0.5470300623	0.05730839373	0.137662397	0.5089747374	0.03639301737	0.5434720734	0.5460168268	0.1398062005	-0.05199424782	0.5202336813	-0.05199424782	0.03296961839	0.5460168268	0.5424537373	-0.03512075108	0.5424537373	0.539669647	0.5178343309	0.02357615211	0.539669647	0.03296961839	-0.01824010624	0.5141276316	0.5141276316	0.539669647	0.539669647	0.5540220353	0.539669647	0.5452876782	-0.07629704192	-0.09737214442	-0.02125791208	0.5141276316	-0.02125791208	-0.05827495822	-0.06318573518	0.5141276316	-0.06318573518	-0.01824010624	-0.06411369657	0.1132158271	-0.01824010624	-0.07540954462	-0.05000761073	0.1230429684	-0.05025934029	-0.05218989425	0.5464262137	-0.1586238206	-0.05218989425	0.137662397	0.5486348564	-0.05125845457	-0.02633576695	0.5486348564	-0.04772067043	0.09035905246	-0.05218989425	-0.02236040925	-0.02633576695	-0.04865228655	-0.03255725099	0.5501505189	-0.0369212647	-0.0374764457	-0.00849613362	-0.15821991	-0.15821991	-0.0374764457	0.5730684199	0.164559466	-0.1428225399	-0.007061148986	0.5409925401	0.5336655747	-0.1610310349	-0.06265143579	0.62753375	-0.06265143579	-0.1708689724	-0.06265143579	0.631103929	-0.01287627429	-0.008607362563	-0.01287627429	-0.06265143579	0.631103929	0.631103929	0.631103929	0.5756550587	0.0257444498	-0.01287627429	-0.0478513515	-0.06386885185	-0.04877373121	-0.01287627429	0.1169565927	0.5806817468	-0.07534106735	0.5893859804	0.6314415351	0.6270195872	-0.006534292696	0.6270195872	0.6318256163	0.6334367299	-0.2429417676	-0.2429417676	-0.2429417676	-0.1658252379	0.7606223277	-0.2882103279	0.6832965476	-0.2852960307	0.4061003717	0.1418539115	0.0731298624	-0.2829840288	0.991960224	0.9899166619	-0.1497173412	0.8535473776	1	0.1062903089	0.8516975431	-0.3644178121	0.291453566	0.7451716831	0.2904967915	0.09801019145	-0.3367076609	-0.273243729	-0.3557183089	0.07108862371
chr11_2117063_T_C	-0.03301195244	0.04177872025	-0.0994859789	-0.1100400993	0.08824066411	0.08760995697	-0.1100400993	-0.04492852068	-0.1107591875	-0.1100400993	-0.1100400993	-0.09235269698	0.08824066411	-0.04492852068	-0.02648836625	-0.09235269698	-0.05758267543	0.1130384212	0.08009954797	0.08009954797	-0.004778156779	0.08009954797	-0.1040745278	-0.1040745278	-0.08811827858	0.01407428109	-0.08811827858	0.1923067385	0.1858547805	-0.0901150101	-0.0901150101	-0.0901150101	0.01338497231	-0.07439851717	0.01338497231	-0.08741106575	-0.08741106575	0.01338497231	0.01338497231	0.01338497231	0.1858547805	0.01407428109	-0.07439851717	-0.07439851717	0.01407428109	0.2088455493	0.2034547176	0.2034547176	0.2014622635	-0.09231439325	-0.09368960797	-0.0136150973	0.06759126964	-0.09162028503	0.01407428109	0.06759126964	0.008616592723	0.02088647144	-0.09162028503	0.01476402688	0.01338497231	-0.04464007653	0.2004734302	-0.14073936	0.2004734302	-0.09300656652	0.01338497231	0.01407428109	0.1200545574	0.01407428109	0.01345487038	-0.1403616254	-0.09369687063	0.01345487038	-0.09300656652	-0.08383646522	-0.09289599097	-0.09289599097	0.01345487038	0.01345487038	-0.08574727535	0.01345487038	0.01414780935	0.101932475	-0.0136150973	-0.08527436279	-0.09289599097	-0.08527436279	0.1994894372	0.1297295919	-0.09289599097	0.1297295919	-0.08383646522	0.1290222683	-0.0637103136	-0.08383646522	0.1227164851	0.2024560035	-0.0002657149235	-0.09095859809	0.1318761913	-0.09144699736	-0.043519133	0.1318761913	0.008616592723	-0.09188069295	0.1325918626	0.2136390045	-0.09188069295	-0.089561176	0.02291037962	0.1318761913	-0.09234779484	0.2136390045	0.148251	0.2110522274	-0.09063236311	0.212098521	0.1269153753	-0.09174957103	0.03448877228	0.03448877228	0.1269153753	-0.09101269172	-0.01690101649	-0.04681468457	-0.091055363	-0.1357253985	-0.1343096823	0.0316972524	-0.08459675413	0.02164877137	-0.08459675413	-0.04573804574	-0.08459675413	0.02177193604	0.2024560035	0.2014622635	0.2024560035	-0.08459675413	0.02177193604	0.02177193604	0.02177193604	-0.09317824706	0.2102263725	0.2024560035	0.1297265143	-0.08531360105	0.129021647	0.2024560035	-0.043519133	-0.09481952079	-0.06042960162	-0.09564749691	0.03559101054	0.03467407419	0.2034547176	0.03467407419	0.03467407419	0.03610009754	-0.02746245367	-0.02746245367	-0.06208304064	0.01965652233	0.06484887197	-0.04710448587	0.05618131052	-0.04601475379	-0.07829711838	0.03026792529	-0.03618665088	-0.06398612601	0.105863464	0.1055554028	-0.0002657149235	0.07995681418	0.1062903089	1	0.07962025996	-0.05694862691	-0.06975246582	0.06695662658	-0.068808109	-0.05937882676	-0.07344997846	-0.07382259932	-0.05949968302	0.04428582059
chr11_2117403_A_G	-0.05110509464	0.06258966027	0.1955782794	0.1376207848	-0.09471483736	-0.09633734879	0.1376207848	0.02607885947	0.1360577237	0.1376207848	0.1376207848	0.1402814725	-0.09471483736	0.02607885947	0.3283339295	0.1402814725	0.1232137857	-0.0733873985	-0.07223900383	-0.07223900383	0.3168913811	-0.07223900383	0.3606130702	0.3606130702	0.1951121155	0.6053706456	0.1951121155	-0.005120848112	0.03433730338	0.4204314535	0.4204314535	0.4204314535	0.6035586935	0.04682465119	0.6035586935	0.199218503	0.199218503	0.6035586935	0.6035586935	0.6035586935	0.03433730338	0.6004922221	0.04682465119	0.04682465119	0.610249069	-0.02997040934	0.01177069883	0.01177069883	0.007839097948	0.2048581563	0.432667564	-0.1447658039	0.03543174662	0.2088117319	0.610249069	0.03543174662	0.1177024055	0.5768680415	0.2088117319	0.6071896304	0.6133135301	0.1168438925	0.005879254576	0.5354462424	0.005879254576	0.2092175503	0.6133135301	0.610249069	0.1255186656	0.610249069	0.6067105556	0.5334988343	0.2053249427	0.6067105556	0.2092175503	0.176252799	0.4333402574	0.4333402574	0.6067105556	0.6067105556	0.4958071838	0.6067105556	0.6085332833	0.04208308897	-0.1447658039	0.1767854284	0.4333402574	0.1767854284	-0.00171502126	0.09636393932	0.4333402574	0.09636393932	0.176252799	0.09462531163	0.09735508948	0.176252799	0.09404794533	0.009802879597	0.09752763101	0.1854868071	0.1054525204	0.4481367867	-0.1842801582	0.1054525204	0.1177024055	0.4501063915	0.1072044093	-0.008671858142	0.4501063915	0.1848341136	0.07635079046	0.1054525204	0.2023686123	-0.008671858142	0.1093660189	-0.01632104781	0.4530515334	-0.02009604438	0.1106486672	0.203806019	-0.1818882894	-0.1818882894	0.1106486672	0.4769224545	0.1682092451	0.1018742836	0.2075242185	0.5706793077	0.5641812837	-0.2120000996	0.1784920375	0.6699204941	0.1784920375	-0.2010624492	0.1784920375	0.6686137625	-0.00150640581	0.002190005874	-0.00150640581	0.1784920375	0.6686137625	0.6686137625	0.6686137625	0.4777550384	0.02861739062	-0.00150640581	0.1025669285	0.1745156721	0.1008366789	-0.00150640581	0.0940305261	0.4855804172	0.1797103433	0.4895287623	0.6813288035	0.6860524592	0.006110410578	0.6860524592	0.6860524592	0.6841705047	0.1271472798	0.1271472798	0.1163876765	-0.1632121	0.6549312691	0.1570903069	0.8286535937	0.1772573951	0.3629028088	0.1355925441	0.07635079046	0.1256233383	0.8525668314	0.8534732022	-0.1932384899	0.9977252783	0.8516975431	0.07962025996	1	0.1572430813	0.2248187464	0.8911823103	0.2244712194	0.07672908024	-0.351350921	0.1731650569	0.1545272878	0.04214360798
chr11_2118282_A_G	0.1093456155	-0.01676768857	-0.07881383309	-0.09618724661	0.1866390966	0.1854943378	-0.09618724661	-0.06769525166	-0.09744679741	-0.09618724661	-0.09618724661	-0.05733435146	0.1866390966	-0.06769525166	0.0473108142	-0.05733435146	0.391433524	0.08460191388	0.1712740945	0.1712740945	-0.0589267924	0.1712740945	-0.1323120405	-0.1323120405	0.2238708412	0.05193012099	0.2392564176	0.1853040828	0.1584265383	-0.2026020276	-0.2026020276	-0.2026020276	0.05066709328	0.1313535623	0.05066709328	0.2428475244	0.2428475244	0.05066709328	0.05066709328	0.05066709328	0.1584265383	0.05193012099	0.1313535623	0.1313535623	0.05193012099	0.1259904865	0.1155201645	0.1155201645	0.1123907371	0.3081855355	-0.2007517223	-0.06784049373	-0.04298670047	0.3119327386	0.05193012099	-0.04298670047	-0.04888302441	0.06429187464	0.3119327386	0.05319422007	0.05066709328	-0.02725579112	0.1108331164	-0.03971931434	0.1108331164	0.3044940182	0.05066709328	0.05193012099	0.2795493913	0.05193012099	0.05093168345	-0.03867927607	0.3008564664	0.05093168345	0.3044940182	0.3574059481	-0.1994430508	-0.1994430508	0.05093168345	0.05093168345	-0.166333496	0.05093168345	0.05220141951	0.2206376364	-0.06784049373	0.3484890598	-0.1994430508	0.3484890598	0.109280108	0.2981560585	-0.1994430508	0.2981560585	0.3574059481	0.2968655724	-0.0370131783	0.3574059481	0.3169848648	0.113953057	-0.05693106652	0.4210617844	0.2933497295	-0.2326287249	-0.02392999502	0.2933497295	-0.04888302441	-0.2332889105	0.2946571959	0.03507141029	-0.2332889105	0.4296057264	-0.03307610581	0.2933497295	0.4127770964	0.03507141029	0.2845675815	0.03330629263	-0.2309994023	0.0348185214	0.2747550213	0.388799149	-0.02128925141	-0.02128925141	0.2747550213	-0.2319687656	-0.03968810891	0.4593972144	0.3926719881	-0.006919680427	-0.004664043511	-0.09134249273	0.4464023307	0.007132297982	0.4464023307	-0.03044986712	0.4464023307	0.007172875211	0.0226655877	0.02119287603	0.0226655877	0.4464023307	0.007172875211	0.007172875211	0.007172875211	-0.2352708832	0.004753021357	0.0226655877	0.2798829065	0.441652098	0.2785964345	0.0226655877	-0.02392999502	-0.2385534416	0.4730691621	-0.2402103678	0.0296514144	0.02817272789	0.02414155457	0.02817272789	0.02817272789	0.03078999877	0.6973363204	0.6973363204	0.6587361037	0.02717335068	-0.2638126795	0.8386160706	0.1659205197	0.8529716741	-0.1240880738	-0.02548691524	-0.0001309944785	0.7894385324	-0.3706488114	-0.3727942507	-0.08176742945	0.1578109122	-0.3644178121	-0.05694862691	0.1572430813	1	-0.1455144255	0.1714370356	-0.14429179	-0.04526475852	0.002165766326	0.8405196019	0.9638842818	-0.05693106652
chr11_2118338_C_CGCTCTGAG	-0.01820576988	-0.04417696981	0.2253502618	0.1901133186	-0.08885761779	-0.09047450724	0.1901133186	-0.0280514307	0.1885809079	0.1901133186	0.1901133186	0.2465251783	-0.08885761779	-0.0280514307	0.04745676031	0.2465251783	0.08320874545	-0.07305916732	-0.09622318879	-0.09622318879	-0.06486777256	-0.09622318879	0.1245949927	0.1245949927	0.2391318844	0.212915241	0.2391318844	-0.1359346647	-0.1362400165	0.1783428433	0.1783428433	0.1783428433	0.2111886481	0.1271785724	0.2111886481	0.2311113295	0.2311113295	0.2111886481	0.2111886481	0.2111886481	-0.1362400165	0.212915241	0.1271785724	0.1271785724	0.212915241	-0.1362064384	-0.1384884722	-0.1384884722	-0.1340106006	0.2262128798	0.1761881222	-0.07389715682	-0.0740783892	0.2182994986	0.212915241	-0.0740783892	-0.01296777679	0.222182255	0.2182994986	0.2076466916	0.2111886481	-0.04444568888	-0.135828229	0.2892557638	-0.135828229	0.2222101056	0.2111886481	0.212915241	0.006912877769	0.212915241	0.2122915027	0.2912071033	0.2182599137	0.2122915027	0.2222101056	0.2535396535	0.1800290817	0.1800290817	0.2122915027	0.2122915027	0.2123083555	0.2122915027	0.214027574	-0.02580560258	-0.07389715682	0.2569482779	0.1800290817	0.2569482779	-0.1376443723	0.02609591015	0.1800290817	0.02609591015	0.2535396535	0.03157017576	0.3980656309	0.2535396535	0.03529694806	-0.1403012116	-0.07015346226	0.2346240931	0.02972890465	0.1280070723	-0.08451166554	0.02972890465	-0.01296777679	0.1325187076	0.02422488953	-0.1275704671	0.1325187076	0.2308694558	-0.03602907414	0.02972890465	0.249973142	-0.1275704671	0.03543061102	-0.1284871664	0.1292383135	-0.1266505966	0.02078057943	0.208374473	-0.07839390036	-0.07839390036	0.02078057943	0.1234789134	0.07535785369	-0.01105180894	0.2006507228	0.2514888592	0.2478917437	-0.01340373166	0.2359863542	0.1735005387	0.2359863542	-0.06975246582	0.2483023053	0.1744876218	-0.1565208184	-0.158316129	-0.1565208184	0.2483023053	0.1744876218	0.1744876218	0.1744876218	0.1397172923	-0.05808943771	-0.1565208184	0.006171327971	0.2561791641	0.0116156533	-0.1565208184	-0.04016177741	0.13731877	0.2432528327	0.1361142454	0.1685235298	0.1658282732	-0.1547242725	0.1658282732	0.17317602	0.1692883479	-0.07503949178	-0.07503949178	-0.05960823079	-0.04097095548	0.2220741468	-0.09659498992	0.1730299974	-0.1063162325	-0.1840866665	0.003217559581	-0.03602907414	-0.1423706124	0.2841310994	0.2834450025	-0.03043799629	0.2255295254	0.291453566	-0.06975246582	0.2248187464	-0.1455144255	1	0.2583587319	0.985898857	0.5099838377	-0.1120143423	-0.1545358765	-0.1516778148	-0.09001119525
chr11_2118860_T_G	-0.07613692028	0.05356229418	0.1053590078	-0.001287721827	-0.05667927559	-0.05774535663	-0.001287721827	-0.01717605872	-0.002362006263	-0.001287721827	-0.001287721827	0.01262258441	-0.05667927559	-0.01717605872	0.2509218118	0.01262258441	0.1364755479	-0.05127930517	-0.03559345556	-0.03559345556	0.3502597914	-0.03559345556	0.2632896355	0.2632896355	0.2093286562	0.5346453501	0.2093286562	0.016667603	0.05411070781	0.3332712382	0.3332712382	0.3332712382	0.5334252352	-0.0410300284	0.5334252352	0.2124958124	0.2124958124	0.5334252352	0.5334252352	0.5334252352	0.05411070781	0.5299918354	-0.0410300284	-0.0410300284	0.5392988647	-0.01502174986	0.02319673816	0.02319673816	0.02057972767	0.222985689	0.3495082115	-0.2907033889	-0.2082111407	0.2260457756	0.5392988647	-0.2082111407	0.1128770484	0.5072243695	0.2260457756	0.5358715154	0.5427303468	0.1007152517	0.01927552794	0.4631175951	0.01927552794	0.2278495794	0.5427303468	0.5392988647	0.1486514803	0.5392988647	0.5362108513	0.4607425333	0.2248363474	0.5362108513	0.2278495794	0.1952067944	0.3489588159	0.3489588159	0.5362108513	0.5362108513	0.4793658426	0.5362108513	0.5374384977	-0.005789847438	-0.2907033889	0.1971795335	0.3489588159	0.1971795335	0.01259577685	0.1204298597	0.3489588159	0.1204298597	0.1952067944	0.1192860858	0.1181616853	0.1952067944	0.119050401	0.02188677526	0.1256435085	0.2041024695	0.1282234043	0.378037732	-0.1736145186	0.1282234043	0.1128770484	0.3804632059	0.1293778551	0.005331859275	0.3804632059	0.2020645367	0.09916275	0.1282234043	0.2138713862	0.005331859275	0.1326313545	-0.001490495127	0.3823853102	-0.005663733986	0.1306687765	0.2156693511	-0.1502332342	-0.1502332342	0.1306687765	0.4049468226	0.189230071	0.1036506184	0.218497748	0.5063918912	0.4993491946	-0.2021540251	0.1908639959	0.6082773782	0.1908639959	-0.1866941253	0.1908639959	0.6068559019	0.01109887917	0.01519107435	0.01109887917	0.1908639959	0.6068559019	0.6068559019	0.6068559019	0.4084607638	0.05264623891	0.01109887917	0.1209115045	0.1878272736	0.1197726641	0.01109887917	0.07711639652	0.4082748577	0.1869991751	0.3998338873	0.5963212415	0.6016468253	0.02319673816	0.6016468253	0.6016468253	0.5988261616	0.1254071848	0.1254071848	0.1254071848	-0.1284035095	0.5598780768	0.1711859133	0.7371885422	0.189230071	0.4074225147	-0.07294927398	0.09916275	0.1471167598	0.7462710012	0.7473879595	-0.1913404903	0.8931486043	0.7451716831	0.06695662658	0.8911823103	0.1714370356	0.2583587319	1	0.2636054229	0.1052199535	-0.3269646103	0.1869271395	0.1632737895	-0.2573788234
chr11_2119283_C_T	-0.01469050234	-0.04151093084	0.2064341908	0.1731394724	-0.08688901982	-0.08850854324	0.1731394724	-0.02195549488	0.1715954059	0.1731394724	0.1731394724	0.2215589519	-0.08688901982	-0.02195549488	0.03720498738	0.2215589519	0.07135279753	-0.07169761021	-0.09414594581	-0.09414594581	-0.05832753064	-0.09414594581	0.1140360893	0.1140360893	0.2385502887	0.2070896006	0.2385502887	-0.1392356043	-0.138594891	0.1752441738	0.1752441738	0.1752441738	0.2053609506	0.1191526731	0.2053609506	0.2301930439	0.2301930439	0.2053609506	0.2053609506	0.2053609506	-0.138594891	0.2070896006	0.1191526731	0.1191526731	0.2070896006	-0.1402358386	-0.1417205052	-0.1417205052	-0.1370217247	0.225942987	0.1734541114	-0.08516461649	-0.07361100755	0.2177056809	0.2070896006	-0.07361100755	-0.01067713494	0.216212666	0.2177056809	0.2016312402	0.2053609506	-0.04287626905	-0.1388402138	0.2864170118	-0.1388402138	0.2219360709	0.2053609506	0.2070896006	0.003913540458	0.2070896006	0.2064333722	0.2883666346	0.2179817638	0.2064333722	0.2219360709	0.2526228848	0.1772881455	0.1772881455	0.2064333722	0.2064333722	0.2147769297	0.2064333722	0.2081714987	-0.03378705683	-0.08516461649	0.2563762847	0.1772881455	0.2563762847	-0.1406572605	0.02308616667	0.1772881455	0.02308616667	0.2526228848	0.0287546451	0.4129546104	0.2526228848	0.0320458519	-0.1435337975	-0.0692775968	0.2346797659	0.02670911384	0.1254780487	-0.0841104037	0.02670911384	-0.01067713494	0.1301638324	0.02100969526	-0.1308467066	0.1301638324	0.2306118509	-0.03475685303	0.02670911384	0.2506543514	-0.1308467066	0.03259033359	-0.1317399494	0.1267177115	-0.1299032123	0.01777714773	0.2081001156	-0.07854565676	-0.07854565676	0.01777714773	0.1207750112	0.06878244216	-0.008431307263	0.2000664199	0.2486686401	0.2449092565	-0.0106446969	0.2350837124	0.1677010496	0.2350837124	-0.068808109	0.2477372285	0.1686551382	-0.1601979637	-0.1619934376	-0.1601979637	0.2477372285	0.1686551382	0.1686551382	0.1686551382	0.1377095672	-0.05750628681	-0.1601979637	0.00259183448	0.2559472536	0.008229351513	-0.1601979637	-0.03854493998	0.1352963455	0.243007932	0.1340843823	0.1626390025	0.1599727181	-0.1584013088	0.1599727181	0.1675218576	0.1634422269	-0.07321935637	-0.07321935637	-0.05736514361	-0.039752477	0.2138754297	-0.09453751722	0.1663507909	-0.1045387098	-0.1798393509	-0.02377819392	-0.03475685303	-0.1422770985	0.2830095474	0.2823174278	-0.02847357901	0.2251863932	0.2904967915	-0.068808109	0.2244712194	-0.14429179	0.985898857	0.2636054229	1	0.5276698703	-0.1104978152	-0.16354546	-0.1504901617	-0.08967960569
chr11_2119780_C_A	0.04059295925	-0.0531316704	0.2453512808	0.2324947426	-0.09155876454	-0.09242533506	0.2324947426	-0.02238480413	0.23174927	0.2324947426	0.2324947426	0.2916720401	-0.09155876454	-0.02238480413	0.04657169969	0.2916720401	0.01740641323	-0.06993644617	-0.09801446597	-0.09801446597	-0.1147088521	-0.09801446597	0.1256565445	0.1256565445	-0.0487107412	0.06808580243	-0.0487107412	-0.1273083727	-0.1135190496	0.1773228691	0.1773228691	0.1773228691	0.06718065227	-0.06859439971	0.06718065227	-0.0474147956	-0.0474147956	0.06718065227	0.06718065227	0.06718065227	-0.1135190496	0.06808580243	-0.06859439971	-0.06859439971	0.06808580243	-0.130470493	-0.1128664718	-0.1128664718	-0.1147074372	-0.05625680986	0.1794620431	-0.04827339818	-0.05192770587	-0.05502470135	0.06808580243	-0.05192770587	0.0258968356	0.07680281414	-0.05502470135	0.06899203998	0.06718065227	-0.05795340243	-0.1156277528	0.1471122191	-0.1156277528	-0.05747944776	0.06718065227	0.06808580243	-0.1358021604	0.06808580243	0.06753147838	0.148135781	-0.05869291398	0.06753147838	-0.05747944776	-0.04074716648	0.1818984657	0.1818984657	0.06753147838	0.06753147838	0.2023721835	0.06753147838	0.06844150308	-0.1489768582	-0.04827339818	-0.04345357525	0.1818984657	-0.04345357525	-0.1165480052	-0.1278441215	0.1818984657	-0.1278441215	-0.04074716648	-0.1159320695	0.7910789126	-0.04074716648	-0.1223646203	-0.1137870222	-0.02283769354	-0.03454550138	-0.1267108567	0.1591004233	-0.05649815198	-0.1267108567	0.0258968356	0.1579838459	-0.125791632	-0.1079560053	0.1579838459	-0.05297658022	-9.32120076e-05	-0.1267108567	-0.05784783571	-0.1079560053	-0.1283474807	-0.1081049822	0.1595538984	-0.1071775686	-0.12989047	-0.05822480305	-0.04151514903	-0.04151514903	-0.12989047	0.1377899358	-0.05133882981	0.0499865179	-0.05703823993	0.1124816545	0.1139270679	0.06473883976	-0.04406140309	0.02456214628	-0.04406140309	-0.05937882676	-0.04406140309	0.02470188579	-0.1137870222	-0.1147074372	-0.1137870222	-0.04406140309	0.02470188579	0.02470188579	0.02470188579	0.1324592027	-0.04522373694	-0.1137870222	-0.1262345688	-0.04536888581	-0.1271464657	-0.1137870222	-0.05649815198	0.1314471056	-0.04922133412	0.1309402914	0.02109911729	0.02004692531	-0.1128664718	0.02004692531	0.02004692531	0.02190930208	0.001801999099	0.001801999099	0.02926883385	-0.0486775295	0.03690035165	-0.03060069091	0.04894469646	-0.00514306703	-0.1372498723	-0.04340529249	-0.04697885183	-0.08306916114	0.08666629738	0.08612377635	0.01250802908	0.07726874048	0.09801019145	-0.05937882676	0.07672908024	-0.04526475852	0.5099838377	0.1052199535	0.5276698703	1	-0.09535548527	-0.07016983429	-0.04901592283	-0.05818341616
chr11_2120123_C_T	0.05746607605	-0.03298217781	-0.1648474177	-0.1474727998	0.3902901543	0.3893349167	-0.1474727998	-0.05127283009	-0.1486129214	-0.1474727998	-0.1474727998	-0.1311256262	0.3807291575	-0.05127283009	0.1298865855	-0.1311256262	0.0318951035	0.3090747207	0.3628853228	0.3628853228	-0.1432011498	0.3628853228	-0.2427675749	-0.2427675749	-0.05286713581	0.08814145264	-0.03513902294	0.4766899544	0.4415745484	-0.2543120886	-0.2543120886	-0.2543120886	0.09710196664	-0.04074683678	0.09710196664	-0.0333915209	-0.0333915209	0.09710196664	0.09710196664	0.09710196664	0.4415745484	0.09822449805	-0.04074683678	-0.04074683678	0.09822449805	0.5074587001	0.472962784	0.472962784	0.4694738723	-0.04527564333	-0.2584384363	-0.02186426173	-0.02967777463	-0.04362500864	0.09822449805	-0.02967777463	-0.0352931146	0.1089715475	-0.04362500864	0.09934852072	0.09710196664	-0.07168676769	0.4677449484	-0.270384003	0.4677449484	-0.0469119026	0.09710196664	0.09822449805	0.3922153702	0.09822449805	0.1077426577	-0.2698491355	-0.03154556588	0.1077426577	-0.0469119026	-0.02436886876	-0.2576682692	-0.2576682692	0.1077426577	0.1077426577	-0.245154324	0.1077426577	0.09873765228	0.3459874583	-0.02186426173	-0.0280376616	-0.2576682692	-0.0280376616	0.4776797616	0.4108992465	-0.2576682692	0.4108992465	-0.02436886876	0.409763367	-0.102311349	-0.02436886876	0.4096697915	0.471213108	-0.04335345592	-0.04461069287	0.4050309129	-0.2556147232	-0.005972133007	0.4050309129	-0.0352931146	-0.2560944881	0.4061866107	0.4925414662	-0.2560944881	-0.04133053428	-0.05811154991	0.4050309129	-0.04783542728	0.4925414662	0.406145639	0.4989999003	-0.2631137653	0.500860654	0.405281048	-0.04874279087	0.03403734367	0.03403734367	0.405281048	-0.2642178929	-0.08324499415	-0.01539236695	-0.04716595781	-0.2722780092	-0.2699306771	-0.05413894981	-0.02935826357	0.1136541286	-0.02935826357	-0.01238330215	-0.02935826357	0.1143007322	0.4945878806	0.4928257	0.4945878806	-0.02935826357	0.1143007322	0.1143007322	0.1143007322	-0.2665334133	-0.05594052098	0.4945878806	0.4201226077	-0.03111966575	0.4189883813	0.4945878806	-0.06988666284	-0.2606531223	-0.03629836039	-0.2622246474	0.121041633	0.1298066035	0.4963608937	0.1298066035	0.1192174498	0.1214793328	-0.03298217781	-0.03298217781	-0.01074352441	-0.02350122564	0.1567852587	-0.03029379295	0.1207459726	-0.02714106553	-0.1257360599	-0.0127719869	0.0178108127	-0.01922231426	-0.3353554968	-0.3283786304	-0.04335345592	-0.3489622318	-0.3367076609	-0.07344997846	-0.351350921	0.002165766326	-0.1120143423	-0.3269646103	-0.1104978152	-0.09535548527	1	-0.03472431347	-0.003365477315	-0.01473562347
chr11_2120298_A_G	0.08142978132	0.005840608701	-0.06491430963	-0.07289101111	0.1591553184	0.1578034229	-0.07289101111	-0.007332210724	-0.0743436025	-0.07289101111	-0.07289101111	-0.07963374074	0.1591553184	-0.007332210724	0.02101962692	-0.07963374074	0.3410753105	0.1149397252	0.2224674572	0.2224674572	-0.08262212099	0.2224674572	-0.1220190386	-0.1220190386	0.3906650339	0.09270056409	0.4044412896	0.1314663626	0.1100704629	-0.2121976307	-0.2121976307	-0.2121976307	0.09121749825	0.2946027741	0.09121749825	0.4093568107	0.4093568107	0.09121749825	0.09121749825	0.09121749825	0.1100704629	0.09270056409	0.2946027741	0.2946027741	0.09270056409	0.07379015532	0.06862653595	0.06862653595	0.06509962212	0.4565840776	-0.2055414952	-0.007036730456	-0.004751232476	0.4614658837	0.09270056409	-0.004751232476	-0.03946880622	0.02110012725	0.4614658837	0.09418521636	0.09121749825	-0.04668754743	0.06334279541	0.03210968828	0.06334279541	0.451777908	0.09121749825	0.09270056409	0.3261296843	0.09270056409	0.09169384791	0.03345245279	0.4470450403	0.09169384791	0.451777908	0.3638569898	-0.2038755963	-0.2038755963	0.09169384791	0.09169384791	-0.1986954528	0.09169384791	0.09318485963	0.2920275506	-0.007036730456	0.3540984556	-0.2038755963	0.3540984556	0.06159026445	0.259073211	-0.2038755963	0.259073211	0.3638569898	0.2575646387	-0.04720918797	0.3638569898	0.2790002808	0.06686083759	-0.07334724841	0.4367380744	0.2554356326	-0.239856759	-0.01831657278	0.2554356326	-0.03946880622	-0.2406924403	0.2569611515	-0.01062159116	-0.2406924403	0.4328848777	-0.04767942043	0.2554356326	0.4145852194	-0.01062159116	0.2471746655	-0.0122550599	-0.2380218568	-0.01976958676	0.2692239751	0.4555685341	-0.03502470585	-0.03502470585	0.2692239751	-0.1896198997	-0.0294406169	0.411206039	0.4601008515	-0.003594453441	-0.007989228846	-0.1067789495	0.3712738757	0.04988761387	0.3712738757	-0.0263685834	0.3712738757	0.0501714356	0.06686083759	0.06509962212	0.06686083759	0.3712738757	0.0501714356	0.0501714356	0.0501714356	-0.1942827783	-0.01313236378	0.06686083759	0.2752195735	0.3665836568	0.2737162559	0.06686083759	-0.04315009328	-0.1977636403	0.3934222107	-0.2065538697	0.06086407636	0.0589912606	0.06862653595	0.0589912606	0.0589912606	0.06203929522	0.593405844	0.593405844	0.5588431831	0.005614854718	-0.2112860646	0.7132880855	0.1528882216	0.7262500364	-0.1325919828	-0.0395100444	0.04081780642	0.6586964142	-0.2721464259	-0.2742018773	-0.09558574506	0.1738699288	-0.273243729	-0.07382259932	0.1731650569	0.8405196019	-0.1545358765	0.1869271395	-0.16354546	-0.07016983429	-0.03472431347	1	0.8594116462	-0.05110875175
chr11_2120805_A_G	0.1028582021	-0.02115794384	-0.07359799314	-0.08477837661	0.1785000301	0.1773228475	-0.08477837661	-0.05109890209	-0.08606334867	-0.08477837661	-0.08477837661	-0.05758452801	0.1785000301	-0.05109890209	0.051503648	-0.05758452801	0.4023809485	0.07927310257	0.1629982438	0.1629982438	-0.05792373059	0.1629982438	-0.1211383604	-0.1211383604	0.2138443615	0.05649621086	0.2289941804	0.161461935	0.1347776242	-0.174313986	-0.174313986	-0.174313986	0.05520005135	0.1319267193	0.05520005135	0.2325831977	0.2325831977	0.05520005135	0.05520005135	0.05520005135	0.1347776242	0.05649621086	0.1319267193	0.1319267193	0.05649621086	0.1034076116	0.09307903703	0.09307903703	0.08991943055	0.2965529804	-0.1732298245	-0.05572257875	-0.01579227862	0.3002947212	0.05649621086	-0.01579227862	-0.05130581047	0.06916749567	0.3002947212	0.05779350302	0.05520005135	-0.03017965096	0.08834626702	-0.01862054549	0.08834626702	0.292866217	0.05520005135	0.05649621086	0.2528699194	0.05649621086	0.05548831321	-0.01751801585	0.2892327321	0.05548831321	0.292866217	0.3456537855	-0.1717348864	-0.1717348864	0.05548831321	0.05548831321	-0.144464027	0.05548831321	0.05679136401	0.2020095425	-0.05572257875	0.3367659001	-0.1717348864	0.3367659001	0.08677741494	0.2714204719	-0.1717348864	0.2714204719	0.3456537855	0.2700968139	-0.02171251961	0.3456537855	0.2899321165	0.09149699153	-0.0594134661	0.4222515188	0.2666705559	-0.2063363006	-0.02682090936	0.2666705559	-0.05130581047	-0.2070777561	0.2680104951	0.01383391463	-0.2070777561	0.4163187064	-0.03527800291	0.2666705559	0.3995393554	0.01383391463	0.2578454744	0.01220782199	-0.2047352713	0.01373416263	0.2483402888	0.3759736085	-0.02335673269	-0.02335673269	0.2483402888	-0.2055944201	-0.02872217975	0.4488534558	0.3798390676	0.01256602846	0.01485291002	-0.09369044401	0.4332295407	0.0106864088	0.4332295407	-0.03340697111	0.4332295407	0.01074720616	0.001608345554	0.0001190197625	0.001608345554	0.4332295407	0.01074720616	0.01074720616	0.01074720616	-0.2092997189	0.002072655344	0.001608345554	0.2536007103	0.4284984379	0.2522815318	0.001608345554	-0.02682090936	-0.2125253193	0.4592742944	-0.2218887161	0.02358919641	0.02211006812	0.003100646973	0.02211006812	0.02211006812	0.02479762216	0.6820036504	0.6820036504	0.6439949155	0.02395029111	-0.2671857053	0.820125836	0.1596786862	0.8342776502	-0.1236487987	-0.02759905745	0.02960256551	0.7547062352	-0.354289801	-0.3564176873	-0.08386925452	0.1551357779	-0.3557183089	-0.05949968302	0.1545272878	0.9638842818	-0.1516778148	0.1632737895	-0.1504901617	-0.04901592283	-0.003365477315	0.8594116462	1	-0.0594134661
chr11_2121017_G_A	0.05424863561	-0.02838452084	0.03268433034	0.1869353511	-0.03655434348	-0.03720086027	0.1869353511	0.1562872075	0.186378432	0.1869353511	0.1869353511	0.09107796948	-0.03655434348	0.1562872075	0.07454049096	0.09107796948	-0.05642342483	-0.01502497238	-0.028404368	-0.028404368	-0.09613175378	-0.028404368	0.09808748582	0.09808748582	-0.008742423367	-0.008277488064	-0.008742423367	-0.0008347775954	-0.01607444751	0.009829132325	0.009829132325	0.009829132325	-0.008948372626	0.2891253794	-0.008948372626	-0.007603105592	-0.007603105592	-0.008948372626	-0.008948372626	-0.008948372626	-0.01607444751	-0.008277488064	0.2891253794	0.2891253794	-0.008277488064	0.01062506495	-0.003156124526	-0.003156124526	-0.004707887614	-0.01533320045	0.004881344852	0.4385025724	0.8179488272	-0.01426204046	-0.008277488064	0.8179488272	-0.04152030415	-0.01622108116	-0.01426204046	-0.007606405667	-0.008948372626	-0.04374138547	-0.005481590792	-0.003707075165	-0.005481590792	-0.01639424372	-0.008948372626	-0.008277488064	-0.01462531325	-0.008277488064	-0.008995102193	-0.003120008333	-0.01744548701	-0.008995102193	-0.01639424372	-0.02852014352	0.006110507176	0.006110507176	-0.008995102193	-0.008995102193	-0.1956727895	-0.008995102193	-0.008320732144	0.1959839156	0.4385025724	-0.03059040965	0.006110507176	-0.03059040965	-0.006253892678	-0.02238962274	0.006110507176	-0.02238962274	-0.02852014352	-0.02308270662	-0.0624277018	-0.02852014352	-0.01652803846	-0.003932745032	-0.04391499253	-0.03978114595	-0.02112068103	-0.006651733184	0.003986194292	-0.02112068103	-0.04152030415	-0.007241978255	-0.02042440661	0.00235857858	-0.007241978255	-0.0379079471	-0.03545814363	-0.02112068103	-0.04162575281	0.00235857858	-0.02193955096	0.001547823854	-0.006033881052	0.002341571613	-0.009260918621	-0.01797096128	-0.03133431448	-0.03133431448	-0.009260918621	-0.006059201561	-0.0736160093	-0.04587221445	-0.01695366282	-0.02371412969	-0.02247549967	0.0275757943	-0.0310979934	-0.01855144047	-0.0310979934	-0.0002657149235	-0.0310979934	-0.01865698374	0.0131204511	0.012328569	0.0131204511	-0.0310979934	-0.01865698374	-0.01865698374	-0.01865698374	-0.008999339396	-0.03413343872	0.0131204511	-0.006503481726	-0.03209720634	-0.007192713026	0.0131204511	-0.04264300871	0.01611311392	-0.03504038728	0.05516944231	0.0405240505	0.03959447355	-0.003156124526	0.03959447355	0.03959447355	0.04098929944	-0.02838452084	-0.02838452084	-0.02838452084	-0.03674025152	0.0844930653	-0.04735929903	0.03075581102	-0.04632871919	-0.09624821401	-0.03276093466	-0.03545814363	-0.03222735803	0.07080314317	0.07040880367	0.03959820687	0.04261174443	0.07108862371	0.04428582059	0.04214360798	-0.05693106652	-0.09001119525	-0.2573788234	-0.08967960569	-0.05818341616	-0.01473562347	-0.05110875175	-0.0594134661	1
