variant_id	chr11_2040128_A_G	chr11_2063051_C_T	chr11_2063598_G_A	chr11_2063846_C_T	chr11_2064769_A_G	chr11_2065099_T_C	chr11_2065330_T_C	chr11_2065765_C_A	chr11_2065900_C_T	chr11_2066031_T_G	chr11_2066970_G_A	chr11_2067320_C_T	chr11_2068243_A_AT	chr11_2068717_A_G	chr11_2068776_A_G	chr11_2068968_C_T	chr11_2069125_TCTCCATACTCCATTTTCCACA_T	chr11_2070333_C_T	chr11_2070570_C_T	chr11_2070813_A_C	chr11_2070926_A_T	chr11_2070993_T_G	chr11_2070994_C_T	chr11_2072097_C_T	chr11_2072504_T_C	chr11_2072719_A_T	chr11_2072834_C_T	chr11_2073182_A_G	chr11_2073378_C_T	chr11_2073444_A_G	chr11_2073476_A_C	chr11_2073913_A_G	chr11_2074376_A_G	chr11_2074576_C_A	chr11_2074763_T_TG	chr11_2074764_A_G	chr11_2075149_A_G	chr11_2075252_T_C	chr11_2075577_G_A	chr11_2075720_C_G	chr11_2075736_C_T	chr11_2076043_C_A	chr11_2076311_A_C	chr11_2076798_T_C	chr11_2076994_T_C	chr11_2077046_CCA_C	chr11_2077056_T_G	chr11_2077271_C_T	chr11_2077310_A_G	chr11_2077486_A_G	chr11_2077866_C_T	chr11_2078005_C_G	chr11_2078638_T_C	chr11_2078742_G_A	chr11_2078745_A_T	chr11_2078858_A_AT	chr11_2080254_A_G	chr11_2080572_A_C	chr11_2080612_C_T	chr11_2081637_C_CT	chr11_2081917_A_G	chr11_2082061_G_A	chr11_2082423_C_T	chr11_2082702_C_CA	chr11_2082990_C_T	chr11_2083709_C_T	chr11_2084014_C_T	chr11_2084913_T_C	chr11_2085855_C_T	chr11_2086132_G_A	chr11_2086270_C_T	chr11_2086561_C_G	chr11_2087220_T_C	chr11_2087412_A_T	chr11_2087727_T_G	chr11_2087911_T_C	chr11_2088229_C_T	chr11_2089861_A_G	chr11_2090336_T_G	chr11_2090456_T_G	chr11_2090748_T_C	chr11_2091639_C_T	chr11_2092983_G_C	chr11_2092999_C_G	chr11_2093065_C_T	chr11_2093603_C_A	chr11_2093897_G_A	chr11_2094303_C_T	chr11_2094347_C_T	chr11_2094599_G_A	chr11_2094762_G_A	chr11_2094852_T_C	chr11_2095273_C_T	chr11_2095733_C_A	chr11_2095799_A_G	chr11_2095814_GACA_G	chr11_2095968_T_C	chr11_2096707_G_A	chr11_2096908_C_T	chr11_2096919_G_A	chr11_2097561_T_C	chr11_2097671_G_A	chr11_2097954_C_T	chr11_2098122_C_T	chr11_2098180_AC_A	chr11_2098701_A_AT	chr11_2099684_T_C	chr11_2099854_G_A	chr11_2101283_G_A	chr11_2101345_C_T	chr11_2101692_T_C	chr11_2101748_G_T	chr11_2101749_A_T	chr11_2101804_G_A	chr11_2102033_G_A	chr11_2102146_A_AC	chr11_2102978_A_C	chr11_2103063_T_C	chr11_2103073_T_TC	chr11_2103563_C_T	chr11_2104098_C_T	chr11_2104138_A_G	chr11_2104159_C_T	chr11_2106729_G_A	chr11_2107025_C_T	chr11_2107107_G_A	chr11_2107122_C_T	chr11_2107655_C_A	chr11_2107742_G_A	chr11_2107761_C_T	chr11_2107854_G_T	chr11_2108072_G_A	chr11_2108091_G_GAGTC	chr11_2108689_C_T	chr11_2108794_C_T	chr11_2108997_G_A	chr11_2109282_GC_G	chr11_2109320_TG_T	chr11_2109585_G_A	chr11_2109650_G_GC	chr11_2110046_T_C	chr11_2110067_G_A	chr11_2111124_C_G	chr11_2111243_A_G	chr11_2111386_G_C	chr11_2111406_A_C	chr11_2111509_A_G	chr11_2111531_A_G	chr11_2111568_G_A	chr11_2111990_C_T	chr11_2113165_C_T	chr11_2113931_G_A	chr11_2114221_T_C	chr11_2114571_C_G	chr11_2114583_C_T	chr11_2115390_C_T	chr11_2116314_C_T	chr11_2116492_C_G	chr11_2116493_T_A	chr11_2116686_G_C	chr11_2116776_T_C	chr11_2117403_A_G	chr11_2118282_A_G	chr11_2118338_C_CGCTCTGAG	chr11_2118860_T_G	chr11_2119283_C_T	chr11_2119780_C_A	chr11_2120123_C_T	chr11_2120298_A_G	chr11_2120805_A_G
chr11_2040128_A_G	1	-0.01597949143	-0.007808565769	0.09186259514	0.09451594267	-0.003984925397	0.07480652067	-0.0009937400254	-0.003984925397	-0.003984925397	-0.05617829675	0.08876924769	0.05846139618	0.06857260762	-0.04590953858	0.01713043428	0.06564245409	0.08287225626	0.08413984485	-0.0499275577	0.08287225626	-0.02966799946	-0.02966799946	-0.01344029112	-0.0311890736	-0.01571292073	0.0454919851	0.06899939811	-0.08753660022	-0.08753660022	-0.08753660022	-0.03504808825	-0.03513448421	-0.03999087351	-0.01571292073	-0.01571292073	-0.03999087351	-0.03999087351	-0.03999087351	0.06005929975	-0.04864240146	-0.03349179518	-0.03349179518	-0.04092644902	0.0544910459	0.01003116769	0.01003116769	0.01003116769	-0.01793315353	-0.09251732926	-0.0551341168	-0.01793315353	-0.07240547518	-0.06740187578	-0.01793315353	-0.07240547518	-0.07240547518	-0.06346548869	0.03507663555	-0.09677399806	0.03507663555	-0.01793315353	-0.07240547518	-0.0732351711	0.02343100414	-0.07940148676	-0.08054228397	-0.1049323786	-0.01793315353	-0.07240547518	-0.01793315353	-0.003752187404	-0.09211681414	-0.09211681414	-0.0732351711	-0.0732351711	-0.08050741981	-0.0732351711	-0.0732351711	0.005731412538	-0.0303437764	-0.003752187404	-0.09143748395	-0.003752187404	0.03373128045	0.02949444104	-0.1010222491	0.02949444104	-0.006272129118	0.02949444104	-0.003752187404	0.03093179683	0.03373128045	-0.003752187404	0.02827656165	-0.07694860796	0.02949444104	-0.06943438229	0.02949444104	0.03373128045	-0.06943438229	-0.006272129118	0.02827656165	-0.006272129118	0.03373128045	0.02827656165	0.03373128045	-0.06712620957	0.03239093639	0.02222579408	-0.01793315353	-0.003536900446	-0.003536900446	0.02343100414	-0.06501933861	0.02467624784	-0.01344029112	-0.06346617565	-0.07928580556	-0.04156206633	0.001513091925	-0.04338564549	0.001513091925	-0.001158975428	-0.04338564549	0.02817331462	0.02817331462	0.02972486561	-0.001158975428	-0.04338564549	-0.04338564549	-0.04338564549	-0.06341551339	0.02972486561	0.02706134107	-0.003752187404	0.02706134107	0.02839893543	-0.06170715958	-0.06204114551	-0.006272129118	-0.06641807516	-0.03096479652	-0.0232918833	0.04962522126	-0.0232918833	-0.0232918833	-0.02432857881	-0.01618285394	-0.01618285394	-0.0303437764	-0.01367995202	-0.0303437764	0.0009937400254	-0.0475159246	-0.02368641146	-0.02109027105	0.04500193857	0.04500193857	0.02568374345	0.04417012333	0.008245066716	-0.04771402502	-0.0183683803	0.0235722305	-0.02916521412	0.004592897208	-0.0500658035	-0.0468067107	-0.05329446004
chr11_2063051_C_T	-0.01597949143	1	0.9726402183	-0.4688401406	-0.4368579345	0.9480423093	0.3364493493	0.9455547014	0.9480423093	0.9480423093	0.8091458908	-0.4299400693	0.3364493493	0.4044417173	0.8113494451	-0.1262671688	-0.375170902	-0.4118781723	-0.4103830836	-0.1684636427	-0.4118781723	0.8044365284	0.8044365284	-0.09121839575	0.4185007613	-0.08608449365	-0.2306912939	-0.3039902838	0.6868819917	0.6868819917	0.6868819917	0.4020725444	0.07861474593	0.4074712761	-0.08608449365	-0.08608449365	0.4074712761	0.4074712761	0.4074712761	-0.3093482568	0.4089205465	0.07605528004	0.07605528004	0.40877924	-0.2310444871	-0.2072630272	-0.2072630272	-0.2072630272	-0.09264247015	0.6741386632	0.2104421368	-0.09264247015	0.473928161	0.4726109408	-0.09264247015	0.473928161	0.473928161	-0.1361595896	-0.2047669312	0.6159669371	-0.2047669312	-0.09264247015	0.473928161	0.4792491308	-0.2338764833	0.4768741953	0.4754014831	0.6177678136	-0.09264247015	0.473928161	-0.09264247015	-0.1134045124	0.6757134403	0.6757134403	0.4748886726	0.4748886726	0.60437411	0.4748886726	0.4748886726	-0.1350166493	0.199122576	-0.1134045124	0.6760928517	-0.1134045124	-0.208494664	-0.2446698927	0.6715869175	-0.2446698927	-0.1199104227	-0.2446698927	-0.1134045124	-0.2370872506	-0.208494664	-0.1134045124	-0.2424961927	0.5523746645	-0.2446698927	0.5488121657	-0.2446698927	-0.208494664	0.5488121657	-0.1075867159	-0.2424961927	-0.1199104227	-0.208494664	-0.2424961927	-0.208494664	0.5665616354	-0.2122143269	-0.2374168054	-0.08109463229	-0.02592180121	-0.02592180121	-0.2395583991	0.5327548686	0.1998648704	-0.07938033961	0.4892716955	0.4806015856	-0.03154721053	-0.0999017845	0.3450240312	-0.0999017845	-0.08136438674	0.3450240312	-0.2033088736	-0.2033088736	-0.2012117052	-0.08136438674	0.3450240312	0.3450240312	0.3450240312	0.5184052519	-0.2012117052	-0.2289363213	-0.08840234533	-0.2232394172	-0.198806976	-0.1289307193	0.5088484124	-0.05829188895	0.5008259115	0.3158391947	0.3252540484	-0.206697837	0.3252540484	0.3252540484	0.3234390879	-0.05677665054	-0.05677665054	-0.01339584412	0.2871389837	0.02410740649	0.2061977304	0.01652507155	-0.09177657527	-0.02668832162	0.1881192419	0.1881192419	0.1838181125	0.1855793815	0.1819844109	0.007214662184	0.3931256779	0.157505636	0.3932564631	0.1357997252	-0.03800187485	-0.01084666226	-0.009721455295
chr11_2063598_G_A	-0.007808565769	0.9726402183	1	-0.4783812898	-0.4473403505	0.9764254001	0.4183359333	0.9742172453	0.9764254001	0.9764254001	0.7844823485	-0.4399877047	0.4183359333	0.4247393921	0.7867050173	-0.1364396116	-0.3830688879	-0.4216937007	-0.4201216038	-0.1621376788	-0.4216937007	0.8329686271	0.8329686271	-0.1016998863	0.4300161726	-0.09672082117	-0.222316193	-0.3011746086	0.6823740645	0.6823740645	0.6823740645	0.3957368871	0.08995373908	0.4017113147	-0.09672082117	-0.09672082117	0.4017113147	0.4017113147	0.4017113147	-0.3050290748	0.398704747	0.08767981742	0.08767981742	0.4029103454	-0.2198202417	-0.2155844507	-0.2155844507	-0.2155844507	-0.1034347346	0.6690596153	0.2262168698	-0.1034347346	0.4578841688	0.4571017353	-0.1034347346	0.4578841688	0.4578841688	-0.1276502734	-0.2145964513	0.6069058622	-0.2145964513	-0.1034347346	0.4578841688	0.4631173474	-0.248225363	0.4567974989	0.4551586339	0.6044890983	-0.1034347346	0.4578841688	-0.1034347346	-0.1232495884	0.670657411	0.670657411	0.4587558887	0.4587558887	0.5894144868	0.4587558887	0.4587558887	-0.1370524744	0.2268610681	-0.1232495884	0.6711327165	-0.1232495884	-0.2184604821	-0.258384836	0.6666257484	-0.258384836	-0.1299201614	-0.258384836	-0.1232495884	-0.2507685893	-0.2184604821	-0.1232495884	-0.2563379613	0.5434556783	-0.258384836	0.5396257695	-0.258384836	-0.2184604821	0.5396257695	-0.1175936269	-0.2563379613	-0.1175936269	-0.2184604821	-0.2563379613	-0.2184604821	0.5588005816	-0.222316193	-0.251893744	-0.09188424701	-0.0315568	-0.0315568	-0.2539085826	0.5263841208	0.1935402829	-0.08985911386	0.4796585267	0.4713913799	-0.03644029952	-0.1094112307	0.3272843436	-0.1094112307	-0.09103691397	0.3272843436	-0.213729791	-0.213729791	-0.2115807237	-0.09103691397	0.3272843436	0.3272843436	0.3272843436	0.5122255355	-0.2115807237	-0.2429022764	-0.09824168436	-0.2372040652	-0.2093099408	-0.119792032	0.5028204964	-0.0682874888	0.4942910476	0.297466718	0.3078272036	-0.2174358083	0.3078272036	0.3078272036	0.3058361021	-0.06558291896	-0.06558291896	-0.02321797225	0.2688650733	0.0142938838	0.192080665	0.007558424959	-0.07408482259	-0.03351912396	0.1869034676	0.1869034676	0.1793413026	0.1842534137	0.1776216718	-0.001600710461	0.3782577931	0.1506108559	0.378772997	0.1283701673	-0.04389610615	-0.02178722972	-0.01921020886
chr11_2063846_C_T	0.09186259514	-0.4688401406	-0.4783812898	1	0.9698479576	-0.4575188269	-0.1757863253	-0.456262356	-0.4575188269	-0.4575188269	-0.3788987186	0.9783201395	-0.1831768776	0.4642234523	-0.3800387478	0.2344488984	0.883457494	0.9407248135	0.9383644538	-0.1987298429	0.9407248135	-0.50986117	-0.50986117	0.06496224573	0.06763645826	0.06780502356	0.510166989	0.5938816656	-0.4673705981	-0.4673705981	-0.4673705981	0.07191151009	-0.01901145105	0.07790270357	0.06780502356	0.06780502356	0.07790270357	0.07790270357	0.07790270357	0.6039260594	0.08058136264	-0.02190309688	-0.02190309688	0.08815084035	0.4887077678	0.4599229963	0.4599229963	0.4720428651	0.07059242791	-0.4704336398	-0.0966476034	0.07059242791	-0.08075177199	-0.06419452329	0.07059242791	-0.08075177199	-0.08075177199	-0.1203546538	0.4901325334	-0.425207044	0.4901325334	0.07059242791	-0.08914892596	-0.09187971985	0.485434954	-0.08299430842	-0.08606187355	-0.4216611755	0.07059242791	-0.08914892596	0.07059242791	0.1251039988	-0.4727186384	-0.4727186384	-0.08768582617	-0.08768582617	-0.4382591865	-0.08768582617	-0.08768582617	0.4131853894	-0.1033435745	0.1251039988	-0.471135956	0.1251039988	0.4853279937	0.5061319194	-0.471135956	0.5061319194	0.1390358926	0.5061319194	0.1251039988	0.5028513428	0.4853279937	0.1251039988	0.5074468928	-0.5474193834	0.5061319194	-0.5425915223	0.5061319194	0.4853279937	-0.5425915223	0.1271829374	0.5074468928	0.1153299821	0.4853279937	0.5074468928	0.4853279937	-0.5244520711	0.4805483755	0.4758789564	0.07059242791	-0.0485920518	-0.0485920518	0.4745052079	-0.5124042438	-0.09713608061	0.06496224573	-0.4618715536	-0.456411338	0.004815591771	0.120867235	-0.1287525409	0.120867235	0.1107966329	-0.1287525409	0.4509515309	0.4509515309	0.4474420235	0.1107966329	-0.1287525409	-0.1287525409	-0.1287525409	-0.5000851059	0.4474420235	0.4649327842	0.1130804423	0.4649327842	0.4486669953	-0.1128645754	-0.4982467835	0.1034770268	-0.483179653	-0.1329416534	-0.1220912187	0.4337728487	-0.1220912187	-0.1220912187	-0.1254951161	0.08552971072	0.08552971072	0.04093910337	-0.1674816742	0.0168919904	-0.05641848177	0.03618043341	-0.1820348048	0.08695283042	-0.20752296	-0.20752296	-0.1836999366	-0.2023241681	-0.1846784294	0.07532045469	-0.1832468898	-0.1583996364	-0.1924735547	-0.08958162079	0.03655024682	0.07663916183	0.07130406691
chr11_2064769_A_G	0.09451594267	-0.4368579345	-0.4473403505	0.9698479576	1	-0.4715211559	-0.1960290093	-0.4653960893	-0.4715211559	-0.4715211559	-0.3805362602	0.9913050284	-0.2034667953	0.4770917083	-0.3817702211	0.2294032173	0.8990912686	0.9537608189	0.9514842547	-0.2085221191	0.9537608189	-0.5285730954	-0.5285730954	0.0586287882	0.06794931054	0.06138908134	0.4870697652	0.5944815833	-0.4472395739	-0.4472395739	-0.4472395739	0.09055750597	-0.02891784533	0.07908471104	0.06138908134	0.06138908134	0.07908471104	0.07908471104	0.07908471104	0.584778511	0.08185053936	-0.03174625638	-0.03174625638	0.08932497432	0.4655826698	0.4432943024	0.4432943024	0.4554916304	0.06409466824	-0.4506083324	-0.1034934805	0.06409466824	-0.07619564356	-0.05907967264	0.06409466824	-0.07619564356	-0.07619564356	-0.1259371397	0.4729982087	-0.4086166094	0.4729982087	0.06409466824	-0.08042105405	-0.08746941927	0.4664819819	-0.07834470484	-0.08148566408	-0.4050124807	0.06409466824	-0.08464646454	0.06409466824	0.1195687806	-0.4530067758	-0.4530067758	-0.08324872201	-0.08324872201	-0.4159056391	-0.08324872201	-0.08324872201	0.3920673319	-0.110338823	0.1195687806	-0.4512780886	0.1195687806	0.468098374	0.4876643184	-0.4512780886	0.4876643184	0.1334844454	0.4876643184	0.1195687806	0.4842801378	0.468098374	0.1195687806	0.4889174786	-0.5331204287	0.4876643184	-0.5283270059	0.4876643184	0.468098374	-0.5283270059	0.1215557367	0.4889174786	0.1096270281	0.468098374	0.4889174786	0.468098374	-0.509353821	0.4632234381	0.4567936807	0.06409466824	-0.05253419438	-0.05253419438	0.4554823826	-0.5005714968	-0.08392267258	0.0586287882	-0.4521043703	-0.446266881	0.00169425897	0.1155194721	-0.1321198739	0.1155194721	0.117557142	-0.1321198739	0.4275191772	0.4275191772	0.4297754084	0.117557142	-0.1321198739	-0.1321198739	-0.1321198739	-0.4924266516	0.4297754084	0.4515755492	0.1195687806	0.4515755492	0.430942886	-0.118265838	-0.4905749232	0.1096270281	-0.4756157558	-0.136874419	-0.1253706581	0.4160800357	-0.1253706581	-0.1253706581	-0.1288776068	0.09374029729	0.09374029729	0.04696637948	-0.170309196	0.02276557909	-0.05977486663	0.04372615082	-0.1698816546	0.09992623833	-0.215295064	-0.215295064	-0.1891789264	-0.2101439344	-0.1900870428	0.0825313111	-0.2043896937	-0.1666653527	-0.2133777839	-0.09496743325	0.03298680111	0.08059278157	0.07810952388
chr11_2065099_T_C	-0.003984925397	0.9480423093	0.9764254001	-0.4575188269	-0.4715211559	1	0.4409813696	0.9927597592	1	1	0.7949517128	-0.4641844027	0.4409813696	0.4233330381	0.797297197	-0.1358067621	-0.4094557436	-0.445793049	-0.4442840611	-0.1609924705	-0.445793049	0.8560018705	0.8560018705	-0.100241612	0.427116908	-0.09510662562	-0.206720783	-0.2870419291	0.6659058252	0.6659058252	0.6659058252	0.3919647539	0.09697175579	0.3978867221	-0.09510662562	-0.09510662562	0.3978867221	0.3978867221	0.3978867221	-0.2910207189	0.3948265289	0.09460777409	0.09460777409	0.3991568525	-0.2038890032	-0.2000698038	-0.2000698038	-0.2000698038	-0.1019066735	0.6524107088	0.234173772	-0.1019066735	0.4535256051	0.4524107323	-0.1019066735	0.4535256051	0.4535256051	-0.1277486022	-0.1988791331	0.5915089882	-0.1988791331	-0.1019066735	0.4535256051	0.458918699	-0.2330206536	0.4524247422	0.4507480292	0.5890539799	-0.1019066735	0.4535256051	-0.1019066735	-0.1224546725	0.6541734064	0.6541734064	0.4544671549	0.4544671549	0.5699217515	0.4544671549	0.4544671549	-0.1191523745	0.2348874792	-0.1224546725	0.6545347807	-0.1224546725	-0.202804368	-0.2435371954	0.6499347216	-0.2435371954	-0.129207512	-0.2435371954	-0.1224546725	-0.2356500892	-0.202804368	-0.1224546725	-0.2414190996	0.5266006754	-0.2435371954	0.5226416919	-0.2435371954	-0.202804368	0.5226416919	-0.1166263744	-0.2414190996	-0.1166263744	-0.202804368	-0.2414190996	-0.202804368	0.5419915425	-0.206720783	-0.2367346069	-0.09011761193	-0.03029349599	-0.03029349599	-0.2388212594	0.5128514894	0.1807796293	-0.08815626968	0.4666785736	0.4579910135	-0.03553071407	-0.1084436184	0.3259452072	-0.1084436184	-0.102585117	0.3259452072	-0.1918507362	-0.1918507362	-0.1957247287	-0.102585117	0.3259452072	0.3259452072	0.3259452072	0.5029207195	-0.1957247287	-0.233492615	-0.1096924528	-0.2276767079	-0.1933871376	-0.1197983733	0.4934132778	-0.07888296135	0.4846999326	0.2959378673	0.3062304396	-0.2019353115	0.3062304396	0.3062304396	0.3042072575	-0.07801227851	-0.07801227851	-0.03311913457	0.2685141745	0.005167524542	0.1879104495	-0.003051907261	-0.09758080064	-0.04963019511	0.1852505285	0.1852505285	0.1743244109	0.1825723004	0.1725507281	-0.01173102545	0.3998684429	0.1443436017	0.4002217002	0.1335599112	-0.04280041648	-0.02961183814	-0.02953152109
chr11_2065330_T_C	0.07480652067	0.3364493493	0.4183359333	-0.1757863253	-0.1960290093	0.4409813696	1	0.4366621871	0.4409813696	0.4409813696	-0.1896694495	-0.1903981179	0.9747325996	0.1858502137	-0.1817105649	-0.03346952884	-0.1622862034	-0.1880540996	-0.187269795	-0.09326908315	-0.1880540996	0.3652972244	0.3652972244	-0.04024034153	0.1730561473	-0.02429009702	-0.07144282706	-0.1166768621	0.2345183722	0.2345183722	0.2345183722	0.1354958172	0.03276603537	0.1351686516	-0.02429009702	-0.02429009702	0.1351686516	0.1351686516	0.1351686516	-0.10027554	0.1285811165	0.02122908442	0.02122908442	0.1411659604	-0.04388653649	-0.129520399	-0.129520399	-0.129520399	-0.02772228324	0.2205377898	0.03992759178	-0.02772228324	0.1105642959	0.1126186112	-0.02772228324	0.1105642959	0.1105642959	-0.07180693506	-0.138800562	0.2077385268	-0.138800562	-0.02772228324	0.1105642959	0.116202722	-0.1412742714	0.1055845221	0.1044881407	0.2016483371	-0.02772228324	0.1105642959	-0.02772228324	-0.02635392499	0.2269704814	0.2269704814	0.116202722	0.116202722	0.2015442828	0.116202722	0.116202722	-0.09681176915	0.05586023335	-0.02635392499	0.229069224	-0.02635392499	-0.1405650559	-0.1420798447	0.229069224	-0.1420798447	-0.02995778916	-0.1420798447	-0.02635392499	-0.1319014904	-0.1405650559	-0.02635392499	-0.1344138589	0.1745958498	-0.1420798447	0.1724154233	-0.1420798447	-0.1405650559	0.1724154233	-0.009695881968	-0.1344138589	-0.009695881968	-0.1405650559	-0.1344138589	-0.1405650559	0.1811344559	-0.1423265363	-0.1429871165	-0.008736013625	0.02880994206	0.02880994206	-0.1412742714	0.1264047891	0.2210236581	-0.02077691225	0.1177963203	0.116693973	-0.0315223898	-0.01884226644	0.0165572368	-0.01884226644	-0.02265122995	0.0165572368	-0.1264241138	-0.1264241138	-0.135746573	-0.02265122995	0.0165572368	0.0165572368	0.0165572368	0.1148214903	-0.135746573	-0.1454969759	-0.02635392499	-0.1361304644	-0.1375152379	-0.06839674815	0.130656464	-0.009695881968	0.1257494177	0.02701159114	0.02372925749	-0.1307047062	0.02372925749	0.02372925749	0.02234457174	-0.0250165516	-0.0250165516	0.09696731252	-0.05048378437	0.1175208521	-0.0062887804	0.1045822566	-0.02698957897	-0.004031525238	0.08392075101	0.08392075101	0.1175906289	0.08266079387	0.1116773326	0.1160742727	0.1399103341	0.1073183893	0.132880385	0.08600695818	-0.04454249806	0.03486291017	0.08706426562
chr11_2065765_C_A	-0.0009937400254	0.9455547014	0.9742172453	-0.456262356	-0.4653960893	0.9927597592	0.4366621871	1	0.9927597592	0.9927597592	0.7900007881	-0.4581854011	0.4366621871	0.424549901	0.7923901583	-0.1328853706	-0.4038085297	-0.439872756	-0.4383783894	-0.1572276904	-0.439872756	0.8512762634	0.8512762634	-0.09732845246	0.4266866371	-0.09216659764	-0.206780997	-0.2843983089	0.6619920436	0.6619920436	0.6619920436	0.3914458194	0.09160050778	0.3972083918	-0.09216659764	-0.09216659764	0.3972083918	0.3972083918	0.3972083918	-0.2886918852	0.3941259503	0.08915608023	0.08915608023	0.3985039109	-0.2045962385	-0.2006716384	-0.2006716384	-0.2006716384	-0.09891033339	0.6486647184	0.2231254418	-0.09891033339	0.4509460245	0.4496591222	-0.09891033339	0.4509460245	0.4509460245	-0.1255301911	-0.1990380407	0.5890521384	-0.1990380407	-0.09891033339	0.4509460245	0.4563544858	-0.2316924792	0.4498021352	0.4481524503	0.5865778364	-0.09891033339	0.4509460245	-0.09891033339	-0.1196492433	0.6504321616	0.6504321616	0.4519140738	0.4519140738	0.5700449438	0.4519140738	0.4519140738	-0.1224347595	0.2240689811	-0.1196492433	0.6507585048	-0.1196492433	-0.2029138476	-0.2423576652	0.6461699494	-0.2423576652	-0.1263436647	-0.2423576652	-0.1196492433	-0.2345216574	-0.2029138476	-0.1196492433	-0.2402097704	0.5252551789	-0.2423576652	0.5213634266	-0.2423576652	-0.2029138476	0.5213634266	-0.1137939893	-0.2402097704	-0.1137939893	-0.2029138476	-0.2402097704	-0.2029138476	0.5403227789	-0.206780997	-0.2353623084	-0.08715075327	-0.02878500194	-0.02878500194	-0.2374785791	0.5108791823	0.1819489872	-0.08527333259	0.4656812679	0.4569025149	-0.03419828664	-0.1057578651	0.3249567746	-0.1057578651	-0.09987142334	0.3249567746	-0.1980197487	-0.1980197487	-0.1957339067	-0.09987142334	0.3249567746	0.3249567746	0.3249567746	0.5009120056	-0.1957339067	-0.2322680675	-0.1069189387	-0.2264667045	-0.1933630927	-0.1176524545	0.491404561	-0.07614496309	0.482822377	0.2952547068	0.3052943958	-0.2017681035	0.3052943958	0.3052943958	0.3033041288	-0.07557908444	-0.07557908444	-0.03053711105	0.2656968254	0.007653802769	0.1874107992	-0.0007610688024	-0.1033357351	-0.04776902696	0.1795512609	0.1795512609	0.1695567282	0.1768975955	0.1677692512	-0.009457529552	0.3977892614	0.1391616673	0.398067259	0.1351248554	-0.04119536997	-0.02675376514	-0.02704310706
chr11_2065900_C_T	-0.003984925397	0.9480423093	0.9764254001	-0.4575188269	-0.4715211559	1	0.4409813696	0.9927597592	1	1	0.7949517128	-0.4641844027	0.4409813696	0.4233330381	0.797297197	-0.1358067621	-0.4094557436	-0.445793049	-0.4442840611	-0.1609924705	-0.445793049	0.8560018705	0.8560018705	-0.100241612	0.427116908	-0.09510662562	-0.206720783	-0.2870419291	0.6659058252	0.6659058252	0.6659058252	0.3919647539	0.09697175579	0.3978867221	-0.09510662562	-0.09510662562	0.3978867221	0.3978867221	0.3978867221	-0.2910207189	0.3948265289	0.09460777409	0.09460777409	0.3991568525	-0.2038890032	-0.2000698038	-0.2000698038	-0.2000698038	-0.1019066735	0.6524107088	0.234173772	-0.1019066735	0.4535256051	0.4524107323	-0.1019066735	0.4535256051	0.4535256051	-0.1277486022	-0.1988791331	0.5915089882	-0.1988791331	-0.1019066735	0.4535256051	0.458918699	-0.2330206536	0.4524247422	0.4507480292	0.5890539799	-0.1019066735	0.4535256051	-0.1019066735	-0.1224546725	0.6541734064	0.6541734064	0.4544671549	0.4544671549	0.5699217515	0.4544671549	0.4544671549	-0.1191523745	0.2348874792	-0.1224546725	0.6545347807	-0.1224546725	-0.202804368	-0.2435371954	0.6499347216	-0.2435371954	-0.129207512	-0.2435371954	-0.1224546725	-0.2356500892	-0.202804368	-0.1224546725	-0.2414190996	0.5266006754	-0.2435371954	0.5226416919	-0.2435371954	-0.202804368	0.5226416919	-0.1166263744	-0.2414190996	-0.1166263744	-0.202804368	-0.2414190996	-0.202804368	0.5419915425	-0.206720783	-0.2367346069	-0.09011761193	-0.03029349599	-0.03029349599	-0.2388212594	0.5128514894	0.1807796293	-0.08815626968	0.4666785736	0.4579910135	-0.03553071407	-0.1084436184	0.3259452072	-0.1084436184	-0.102585117	0.3259452072	-0.1918507362	-0.1918507362	-0.1957247287	-0.102585117	0.3259452072	0.3259452072	0.3259452072	0.5029207195	-0.1957247287	-0.233492615	-0.1096924528	-0.2276767079	-0.1933871376	-0.1197983733	0.4934132778	-0.07888296135	0.4846999326	0.2959378673	0.3062304396	-0.2019353115	0.3062304396	0.3062304396	0.3042072575	-0.07801227851	-0.07801227851	-0.03311913457	0.2685141745	0.005167524542	0.1879104495	-0.003051907261	-0.09758080064	-0.04963019511	0.1852505285	0.1852505285	0.1743244109	0.1825723004	0.1725507281	-0.01173102545	0.3998684429	0.1443436017	0.4002217002	0.1335599112	-0.04280041648	-0.02961183814	-0.02953152109
chr11_2066031_T_G	-0.003984925397	0.9480423093	0.9764254001	-0.4575188269	-0.4715211559	1	0.4409813696	0.9927597592	1	1	0.7949517128	-0.4641844027	0.4409813696	0.4233330381	0.797297197	-0.1358067621	-0.4094557436	-0.445793049	-0.4442840611	-0.1609924705	-0.445793049	0.8560018705	0.8560018705	-0.100241612	0.427116908	-0.09510662562	-0.206720783	-0.2870419291	0.6659058252	0.6659058252	0.6659058252	0.3919647539	0.09697175579	0.3978867221	-0.09510662562	-0.09510662562	0.3978867221	0.3978867221	0.3978867221	-0.2910207189	0.3948265289	0.09460777409	0.09460777409	0.3991568525	-0.2038890032	-0.2000698038	-0.2000698038	-0.2000698038	-0.1019066735	0.6524107088	0.234173772	-0.1019066735	0.4535256051	0.4524107323	-0.1019066735	0.4535256051	0.4535256051	-0.1277486022	-0.1988791331	0.5915089882	-0.1988791331	-0.1019066735	0.4535256051	0.458918699	-0.2330206536	0.4524247422	0.4507480292	0.5890539799	-0.1019066735	0.4535256051	-0.1019066735	-0.1224546725	0.6541734064	0.6541734064	0.4544671549	0.4544671549	0.5699217515	0.4544671549	0.4544671549	-0.1191523745	0.2348874792	-0.1224546725	0.6545347807	-0.1224546725	-0.202804368	-0.2435371954	0.6499347216	-0.2435371954	-0.129207512	-0.2435371954	-0.1224546725	-0.2356500892	-0.202804368	-0.1224546725	-0.2414190996	0.5266006754	-0.2435371954	0.5226416919	-0.2435371954	-0.202804368	0.5226416919	-0.1166263744	-0.2414190996	-0.1166263744	-0.202804368	-0.2414190996	-0.202804368	0.5419915425	-0.206720783	-0.2367346069	-0.09011761193	-0.03029349599	-0.03029349599	-0.2388212594	0.5128514894	0.1807796293	-0.08815626968	0.4666785736	0.4579910135	-0.03553071407	-0.1084436184	0.3259452072	-0.1084436184	-0.102585117	0.3259452072	-0.1918507362	-0.1918507362	-0.1957247287	-0.102585117	0.3259452072	0.3259452072	0.3259452072	0.5029207195	-0.1957247287	-0.233492615	-0.1096924528	-0.2276767079	-0.1933871376	-0.1197983733	0.4934132778	-0.07888296135	0.4846999326	0.2959378673	0.3062304396	-0.2019353115	0.3062304396	0.3062304396	0.3042072575	-0.07801227851	-0.07801227851	-0.03311913457	0.2685141745	0.005167524542	0.1879104495	-0.003051907261	-0.09758080064	-0.04963019511	0.1852505285	0.1852505285	0.1743244109	0.1825723004	0.1725507281	-0.01173102545	0.3998684429	0.1443436017	0.4002217002	0.1335599112	-0.04280041648	-0.02961183814	-0.02953152109
chr11_2066970_G_A	-0.05617829675	0.8091458908	0.7844823485	-0.3788987186	-0.3805362602	0.7949517128	-0.1896694495	0.7900007881	0.7949517128	0.7949517128	1	-0.3762983134	-0.18110068	0.3391408546	0.9971343947	-0.1265856864	-0.3350253046	-0.3577500763	-0.356617125	-0.1138224318	-0.3577500763	0.6882063534	0.6882063534	-0.08317447975	0.3523890193	-0.08839815253	-0.1794272239	-0.2312236048	0.5691389582	0.5691389582	0.5691389582	0.3395119531	0.08229123911	0.3462505367	-0.08839815253	-0.08839815253	0.3462505367	0.3462505367	0.3462505367	-0.2464902535	0.3473735005	0.08754569426	0.08754569426	0.3435576109	-0.1949148954	-0.1256063031	-0.1256063031	-0.1256063031	-0.09351243141	0.5638313866	0.2278140845	-0.09351243141	0.4241762648	0.4216515071	-0.09351243141	0.4241762648	0.4241762648	-0.09153215303	-0.1182646275	0.5055735566	-0.1182646275	-0.09351243141	0.4241762648	0.4262288298	-0.1547613768	0.4263490379	0.4252622464	0.5070318482	-0.09351243141	0.4241762648	-0.09351243141	-0.116796982	0.5613905142	0.5613905142	0.4213663368	0.4213663368	0.4869476976	0.4213663368	0.4213663368	-0.06119198123	0.2177720638	-0.116796982	0.5603742403	-0.116796982	-0.121377423	-0.1656196059	0.5553495222	-0.1656196059	-0.1217440662	-0.1656196059	-0.116796982	-0.1638624119	-0.121377423	-0.116796982	-0.1685221441	0.4568056744	-0.1656196059	0.4539391543	-0.1656196059	-0.121377423	0.4539391543	-0.1217440662	-0.1685221441	-0.1217440662	-0.121377423	-0.1685221441	-0.121377423	0.4692865242	-0.1244824646	-0.157672747	-0.09351243141	-0.0531533032	-0.0531533032	-0.1610974714	0.4747140093	0.04696799082	-0.08317447975	0.4298035167	0.4211028367	-0.01788472811	-0.106556349	0.3483060471	-0.106556349	-0.09758914238	0.3483060471	-0.1191274177	-0.1191274177	-0.1169772524	-0.09758914238	0.3483060471	0.3483060471	0.3483060471	0.4717451623	-0.1169772524	-0.1523634719	-0.1028566051	-0.1523634719	-0.1132455932	-0.08514173588	0.4506286875	-0.08051633186	0.444399228	0.308302135	0.3218445354	-0.1273377325	0.3218445354	0.3218445354	0.3205758887	-0.0690636083	-0.0690636083	-0.1028566051	0.3316423064	-0.07497585128	0.2130719679	-0.07509966249	-0.09044649455	-0.05211154356	0.1457217955	0.1457217955	0.11064221	0.1436414352	0.1127253039	-0.0923601751	0.3470392276	0.08503774504	0.352197451	0.08686251749	-0.01708756586	-0.05700736802	-0.09219019111
chr11_2067320_C_T	0.08876924769	-0.4299400693	-0.4399877047	0.9783201395	0.9913050284	-0.4641844027	-0.1903981179	-0.4581854011	-0.4641844027	-0.4641844027	-0.3762983134	1	-0.1978441096	0.4773678435	-0.3775198931	0.232931948	0.9076205395	0.9623889143	0.9601015724	-0.2044863814	0.9623889143	-0.5192180608	-0.5192180608	0.06207151146	0.07932640226	0.06488523197	0.4948323773	0.5790173883	-0.4418668674	-0.4418668674	-0.4418668674	0.0837899813	-0.02405190606	0.08999304184	0.06488523197	0.06488523197	0.08999304184	0.08999304184	0.08999304184	0.5891795673	0.09268375033	-0.02692434039	-0.02692434039	0.1002740743	0.4729423517	0.4444201225	0.4444201225	0.4566309072	0.06764367476	-0.4450424338	-0.1004901269	0.06764367476	-0.06824343386	-0.05126177517	0.06764367476	-0.06824343386	-0.06824343386	-0.1236667801	0.4746832701	-0.401883538	0.4746832701	0.06764367476	-0.07670357815	-0.07950404812	0.4697777072	-0.07051062515	-0.07359740702	-0.398322151	0.06764367476	-0.07670357815	0.06764367476	0.1228715734	-0.4474697707	-0.4474697707	-0.0752786944	-0.0752786944	-0.4114887709	-0.0752786944	-0.0752786944	0.3966073233	-0.1072896743	0.1228715734	-0.4457577552	0.1228715734	0.469825028	0.4907696738	-0.4457577552	0.4907696738	0.1368552832	0.4907696738	0.1228715734	0.487356711	0.469825028	0.1228715734	0.4920670389	-0.5248725656	0.4907696738	-0.5199610593	0.4907696738	0.469825028	-0.5199610593	0.1249134142	0.4920670389	0.1129715453	0.469825028	0.4920670389	0.469825028	-0.5014757522	0.464991583	0.4601213629	0.06764367476	-0.05077435606	-0.05077435606	0.4587659727	-0.4930830142	-0.08195804303	0.06207151146	-0.4436119272	-0.4378737816	0.003273921777	0.1187104127	-0.122030739	0.1187104127	0.1208043682	-0.122030739	0.4293766985	0.4293766985	0.4316000161	0.1208043682	-0.122030739	-0.122030739	-0.122030739	-0.4849620429	0.4316000161	0.4547266956	0.1228715734	0.4547266956	0.4328152829	-0.1160537653	-0.4831971206	0.1129715453	-0.4680096364	-0.1266557868	-0.1154563751	0.418050947	-0.1154563751	-0.1154563751	-0.1188943922	0.09668332764	0.09668332764	0.05018907413	-0.1631337499	0.02596157438	-0.04911756553	0.04667122613	-0.1625506717	0.1022403831	-0.2038464077	-0.2038464077	-0.176799913	-0.1986338303	-0.1777681543	0.08546965696	-0.1977181866	-0.1506862671	-0.2068502458	-0.09266290646	0.03492380904	0.0842139422	0.08125919221
chr11_2068243_A_AT	0.05846139618	0.3364493493	0.4183359333	-0.1831768776	-0.2034667953	0.4409813696	0.9747325996	0.4366621871	0.4409813696	0.4409813696	-0.18110068	-0.1978441096	1	0.1778656104	-0.1817105649	-0.03346952884	-0.1707946149	-0.1955818054	-0.1948254823	-0.09326908315	-0.1955818054	0.3652972244	0.3652972244	-0.04024034153	0.165426136	-0.02429009702	-0.07144282706	-0.125266893	0.2345183722	0.2345183722	0.2345183722	0.1279087962	0.04727925213	0.1275921419	-0.02429009702	-0.02429009702	0.1275921419	0.1275921419	0.1275921419	-0.1090536888	0.1210338633	0.03582967834	0.03582967834	0.1335943738	-0.04388653649	-0.1398794888	-0.1398794888	-0.1398794888	-0.02772228324	0.2205377898	0.06078719903	-0.02772228324	0.1033870835	0.1053915113	-0.02772228324	0.1033870835	0.1033870835	-0.07180693506	-0.148959741	0.2077385268	-0.148959741	-0.02772228324	0.1033870835	0.1090335154	-0.15061614	0.09844924967	0.09733202016	0.2016483371	-0.02772228324	0.1033870835	-0.02772228324	-0.02635392499	0.2269704814	0.2269704814	0.1090335154	0.1090335154	0.1941352349	0.1090335154	0.1090335154	-0.09681176915	0.07641377294	-0.02635392499	0.229069224	-0.02635392499	-0.1507076429	-0.1514635622	0.229069224	-0.1514635622	-0.02995778916	-0.1514635622	-0.02635392499	-0.1413603302	-0.1507076429	-0.02635392499	-0.1437888948	0.1745958498	-0.1514635622	0.1724154233	-0.1514635622	-0.1507076429	0.1724154233	-0.009695881968	-0.1437888948	-0.009695881968	-0.1507076429	-0.1437888948	-0.1507076429	0.1811344559	-0.1524527805	-0.1523210773	-0.008736013625	0.02880994206	0.02880994206	-0.15061614	0.1264047891	0.2210236581	-0.02077691225	0.1177963203	0.1241708274	-0.0315223898	-0.01884226644	0.008954899904	-0.01884226644	-0.02265122995	0.008954899904	-0.1364227216	-0.1364227216	-0.1458408665	-0.02265122995	0.008954899904	0.008954899904	0.008954899904	0.1148214903	-0.1458408665	-0.1548634874	-0.02635392499	-0.1454969759	-0.1475939176	-0.06839674815	0.130656464	-0.009695881968	0.1257494177	0.01952368407	0.01626232898	-0.1405817888	0.01626232898	0.01626232898	0.01485040467	-0.0250165516	-0.0250165516	0.09696731252	-0.05781788138	0.1175208521	-0.02193872246	0.1045822566	-0.03661605899	-0.004031525238	0.08392075101	0.08392075101	0.1175906289	0.08266079387	0.1116773326	0.1160742727	0.1293912454	0.1073183893	0.1224117998	0.08600695818	-0.04454249806	0.03486291017	0.08706426562
chr11_2068717_A_G	0.06857260762	0.4044417173	0.4247393921	0.4642234523	0.4770917083	0.4233330381	0.1858502137	0.424549901	0.4233330381	0.4233330381	0.3391408546	0.4773678435	0.1778656104	1	0.3399146704	0.08148690752	0.4359312036	0.4514926585	0.4507198099	0.1141925967	0.4514926585	0.4691137717	0.4691137717	-0.0802209494	0.5640037338	-0.0729819296	0.2557854086	0.282040028	0.3222661121	0.3222661121	0.3222661121	0.5508533773	0.00853471444	0.5473777487	-0.0729819296	-0.0729819296	0.5473777487	0.5473777487	0.5473777487	0.2679878678	0.5475856188	0.003849591143	0.003849591143	0.5542636343	0.2312353864	0.2048859101	0.2048859101	0.2179799714	-0.06593579195	0.3118468018	0.0911248327	-0.06593579195	0.4466300756	0.4676405819	-0.06593579195	0.4466300756	0.4466300756	-0.02073660882	0.2371845812	0.2778811529	0.2371845812	-0.06593579195	0.4420940179	0.4439266114	0.1856604026	0.4439003141	0.4384733469	0.279599118	-0.06593579195	0.4375579602	-0.06593579195	-0.02045461293	0.3104967914	0.3104967914	0.4393956134	0.4393956134	0.2789151284	0.4393956134	0.4393956134	0.2082094069	0.08346544653	-0.02045461293	0.3089749255	-0.02045461293	0.2272671203	0.2009244146	0.3089749255	0.2009244146	-0.0135913187	0.2009244146	-0.02045461293	0.2054425065	0.2272671203	-0.02045461293	0.2037798349	0.07842807468	0.2009244146	0.08368771907	0.2009244146	0.2272671203	0.08368771907	-0.0135913187	0.2037798349	-0.0135913187	0.2272671203	0.2037798349	0.2272671203	0.1248759222	0.2173861869	0.1649346627	-0.06593579195	-0.072655281	-0.072655281	0.1620438488	0.1132052337	0.06137482408	-0.06791990072	0.1038926932	0.1040851724	-0.05930195589	-0.02143524351	0.2526664374	-0.02143524351	-0.01434272515	0.2526664374	0.1927809208	0.1927809208	0.1913511768	-0.01434272515	0.2526664374	0.2526664374	0.2526664374	0.113646846	0.1913511768	0.1770345229	-0.007464605498	0.17111481	0.1943247713	-0.01297866024	0.1056796704	-0.0007856253583	0.1116148786	0.2162396278	0.238727769	0.1688383579	0.238727769	0.238727769	0.2325570165	-0.009369284756	-0.009369284756	-0.007464605498	0.1721663016	0.005525401935	0.1787945806	0.02614536102	-0.1207471727	0.03995492582	0.04134191794	0.04134191794	0.04934417156	0.04374898288	0.04695353542	0.05828445637	0.158277664	0.04384329702	0.1507256269	0.02913323568	0.02407503216	0.02309606738	0.03211180158
chr11_2068776_A_G	-0.04590953858	0.8113494451	0.7867050173	-0.3800387478	-0.3817702211	0.797297197	-0.1817105649	0.7923901583	0.797297197	0.797297197	0.9971343947	-0.3775198931	-0.1817105649	0.3399146704	1	-0.1267799148	-0.3366498134	-0.3590869661	-0.357963014	-0.1143747291	-0.3590869661	0.6901474765	0.6901474765	-0.08365267441	0.3535199919	-0.08886011137	-0.1804410752	-0.2324965805	0.5716033443	0.5716033443	0.5716033443	0.3407632198	0.09019343054	0.3475100124	-0.08886011137	-0.08886011137	0.3475100124	0.3475100124	0.3475100124	-0.2475981061	0.3486240874	0.09548767375	0.09548767375	0.3448203066	-0.1957294237	-0.1267977317	-0.1267977317	-0.1267977317	-0.09395865002	0.5662936225	0.2396508946	-0.09395865002	0.425438516	0.4230144325	-0.09395865002	0.425438516	0.425438516	-0.09168424634	-0.1196160045	0.5077811183	-0.1196160045	-0.09395865002	0.425438516	0.4274649701	-0.1562235892	0.4275963019	0.4265169715	0.5092318182	-0.09395865002	0.425438516	-0.09395865002	-0.1170186741	0.5638420909	0.5638420909	0.4226310038	0.4226310038	0.4851942757	0.4226310038	0.4226310038	-0.05755456337	0.2294461578	-0.1170186741	0.5628583038	-0.1170186741	-0.1227211834	-0.1669640395	0.557863064	-0.1669640395	-0.1219518059	-0.1669640395	-0.1170186741	-0.1652226534	-0.1227211834	-0.1170186741	-0.1698603336	0.4592112557	-0.1669640395	0.4563636613	-0.1669640395	-0.1227211834	0.4563636613	-0.1219518059	-0.1698603336	-0.1219518059	-0.1227211834	-0.1698603336	-0.1227211834	0.4717023746	-0.1258186589	-0.1591287433	-0.09395865002	-0.05336137726	-0.05336137726	-0.1625225119	0.4772794026	0.04610406131	-0.08365267441	0.4322403682	0.4186117447	-0.01823106832	-0.1068074064	0.3497428867	-0.1068074064	-0.09790826276	0.3497428867	-0.1205103415	-0.1205103415	-0.1183787945	-0.09790826276	0.3497428867	0.3497428867	0.3497428867	0.4743758454	-0.1183787945	-0.1538072585	-0.1031600808	-0.1538072585	-0.1146796956	-0.08531222846	0.453358317	-0.08096594126	0.4471674999	0.3098386812	0.323374628	-0.128688044	0.323374628	0.323374628	0.32211556	-0.06947059086	-0.06947059086	-0.1031600808	0.3337721174	-0.07544289426	0.2153501521	-0.07548759974	-0.08557538278	-0.05243615916	0.1499929983	0.1499929983	0.1147478255	0.1479241854	0.1168189785	-0.09263268137	0.3501233388	0.08947436186	0.3552555881	0.08566384093	-0.01753091289	-0.05768318089	-0.09252553011
chr11_2068968_C_T	0.01713043428	-0.1262671688	-0.1364396116	0.2344488984	0.2294032173	-0.1358067621	-0.03346952884	-0.1328853706	-0.1358067621	-0.1358067621	-0.1265856864	0.232931948	-0.03346952884	0.08148690752	-0.1267799148	1	0.1981600528	0.2379718953	0.2396874417	-0.046418755	0.2379718953	-0.1616775424	-0.1616775424	0.6002465041	0.07406726538	0.6210217016	-0.1007557539	-0.1010307863	-0.09872026768	-0.09872026768	-0.09872026768	0.06665552961	0.4851402067	0.05874519475	0.6210217016	0.6210217016	0.05874519475	0.05874519475	0.05874519475	-0.09262367833	0.05934839878	0.4665719632	0.4665719632	0.081827352	-0.08862084602	-0.08826174287	-0.08826174287	-0.07187602068	0.6113867723	-0.09136815344	-0.005128080682	0.6113867723	0.09481491493	0.1002429784	0.6113867723	0.09481491493	0.09481491493	-0.0549618866	-0.06670982173	0.141341651	-0.06670982173	0.6113867723	0.08346219862	0.08258063083	0.2394793981	0.08454396432	0.0840039576	0.1418838701	0.6113867723	0.08346219862	0.6113867723	0.6754181303	-0.1026578267	-0.1026578267	0.09392068376	0.09392068376	-0.09950728424	0.09392068376	0.09392068376	0.2336321743	-0.007313317683	0.6754181303	-0.1021344814	0.6754181303	-0.06771635394	0.245712305	-0.1021344814	0.245712305	0.6636062746	0.245712305	0.6754181303	0.2487196657	-0.06771635394	0.6754181303	0.2444539125	-0.1539476824	0.245712305	-0.1563058036	0.245712305	-0.06771635394	-0.1563058036	0.6956559999	0.2592830855	0.6636062746	-0.06771635394	0.2592830855	-0.06771635394	-0.1450998944	-0.06872092708	0.2382501287	0.6414187292	-0.04146829262	-0.04146829262	0.2394793981	-0.1355711593	0.04949345111	0.6002465041	0.1010746127	0.1047955262	-0.03599325592	0.6672024667	0.04910891132	0.6672024667	0.6547749334	0.04910891132	-0.07115367597	-0.07115367597	-0.07072443901	0.6547749334	0.04910891132	0.04910891132	0.04910891132	-0.1345808645	-0.07072443901	0.2283858185	0.642907109	0.2283858185	-0.07172349711	-0.05343915216	-0.1328689753	0.6636062746	-0.1373088511	0.05362572694	0.06004519342	-0.07354770647	0.06004519342	0.06004519342	0.05944002267	0.5802206364	0.5802206364	0.5128630237	-0.1157714847	0.447840981	0.0091121397	0.4619383434	-0.03447071288	0.4920421735	-0.06792717008	-0.06792717008	0.08804213609	-0.06884056578	0.08864407509	0.4688667262	0.04232857332	0.09095235015	0.04442801978	0.02824666618	-0.04335759593	0.3434146387	0.4326744277
chr11_2069125_TCTCCATACTCCATTTTCCACA_T	0.06564245409	-0.375170902	-0.3830688879	0.883457494	0.8990912686	-0.4094557436	-0.1622862034	-0.4038085297	-0.4094557436	-0.4094557436	-0.3350253046	0.9076205395	-0.1707946149	0.4359312036	-0.3366498134	0.1981600528	1	0.9068195901	0.9031975325	-0.1995420837	0.9068195901	-0.468497015	-0.468497015	0.1110563387	0.1296624448	0.1145104722	0.4527371204	0.5558332587	-0.3932326617	-0.3932326617	-0.3932326617	0.1327876089	0.01169307148	0.1383635718	0.1145104722	0.1145104722	0.1383635718	0.1383635718	0.1383635718	0.5614048354	0.1410099591	0.008083615209	0.008083615209	0.1452811985	0.4226101564	0.4501360376	0.4501360376	0.4640890992	0.1179041077	-0.4000837775	-0.1039402474	0.1179041077	0.0008006632071	-0.01012264636	0.1179041077	0.0008006632071	0.0008006632071	-0.1220405205	0.4832981677	-0.3391927242	0.4832981677	0.1179041077	-0.004032970228	-0.007049825395	0.5024293175	0.002004701816	-0.001005279618	-0.3356041971	0.1179041077	-0.004032970228	0.1179041077	0.09655558512	-0.398351782	-0.398351782	-0.002221583633	-0.002221583633	-0.3613448846	-0.002221583633	-0.002221583633	0.4267456014	-0.1110771375	0.09655558512	-0.3963604884	0.09655558512	0.478234406	0.4865352979	-0.3963604884	0.4865352979	0.1002922677	0.4865352979	0.09655558512	0.4816761146	0.478234406	0.09655558512	0.4884480042	-0.4783945185	0.4865352979	-0.4767431479	0.4865352979	0.478234406	-0.4767431479	0.1002922677	0.4884480042	0.08664649173	0.478234406	0.4884480042	0.478234406	-0.4600745559	0.4731962695	0.4917842161	0.1179041077	-0.06656372099	-0.06656372099	0.4898463907	-0.4532753815	-0.07719686724	0.1110563387	-0.4149330733	-0.409136671	0.0163614869	0.08882783898	-0.05757578766	0.08882783898	0.09273607484	-0.05757578766	0.4815256	0.4815256	0.4835896456	0.09273607484	-0.05757578766	-0.05757578766	-0.05757578766	-0.4491476009	0.4835896456	0.4840564975	0.09655558512	0.490364557	0.4853818092	-0.1138751758	-0.4481097469	0.08664649173	-0.4338549946	-0.06178297576	-0.05152153295	0.4698373095	-0.05152153295	-0.05152153295	-0.05486778137	0.08742179737	0.08742179737	0.0550290406	-0.1176338993	0.02734467758	-0.03359143814	0.04652620945	-0.1839541384	0.115215068	-0.1877906086	-0.1877906086	-0.163331519	-0.1863176299	-0.1647874353	0.07782388424	-0.2061831224	-0.1479191065	-0.1963695549	-0.06889910064	0.03298424028	0.1244835609	0.06029791237
chr11_2070333_C_T	0.08287225626	-0.4118781723	-0.4216937007	0.9407248135	0.9537608189	-0.445793049	-0.1880540996	-0.439872756	-0.445793049	-0.445793049	-0.3577500763	0.9623889143	-0.1955818054	0.4514926585	-0.3590869661	0.2379718953	0.9068195901	1	0.9977604833	-0.2130817536	1	-0.5496743936	-0.5496743936	0.1348969604	0.08535685143	0.1369088931	0.4876402388	0.5718693747	-0.4576937544	-0.4576937544	-0.4576937544	0.08967393686	0.03128345628	0.09579971455	0.1369088931	0.1369088931	0.09579971455	0.09579971455	0.09579971455	0.5814944099	0.09847375398	0.02866086394	0.02866086394	0.1062181201	0.4642381798	0.4358922239	0.4358922239	0.4482370128	0.1389004145	-0.4608023541	-0.09922912246	0.1389004145	-0.06182988298	-0.07060790431	0.1389004145	-0.06182988298	-0.06182988298	-0.1231971262	0.4671546829	-0.3902009924	0.4671546829	0.1389004145	-0.07038287103	-0.07319585654	0.4979154561	-0.06421597448	-0.06728981953	-0.3866542051	0.1389004145	-0.07038287103	0.1389004145	0.1266242551	-0.4632092464	-0.4632092464	-0.06892413273	-0.06892413273	-0.4277588481	-0.06892413273	-0.06892413273	0.4237503779	-0.1060628403	0.1266242551	-0.4615362654	0.1266242551	0.4623010048	0.4855218856	-0.4615362654	0.4855218856	0.1408013789	0.4855218856	0.1266242551	0.4819517629	0.4623010048	0.1266242551	0.4868775965	-0.5485995227	0.4855218856	-0.5436599549	0.4855218856	0.4623010048	-0.5436599549	0.1287284569	0.4868775965	0.1166555348	0.4623010048	0.4868775965	0.4623010048	-0.5206824456	0.4574719641	0.4881678062	0.1389004145	-0.04995325774	-0.04995325774	0.486782876	-0.5081715841	-0.0812976265	0.1348969604	-0.4571891193	-0.4515345237	0.004506182174	0.1223360064	-0.1144770731	0.1223360064	0.1244939144	-0.1144770731	0.4574806049	0.4574806049	0.4599152799	0.1244939144	-0.1144770731	-0.1144770731	-0.1144770731	-0.5000657384	0.4599152799	0.4770762051	0.1266242551	0.4826571783	0.4611442542	-0.1155511764	-0.498244999	0.1166555348	-0.4828594763	-0.1190677569	-0.1079889549	0.4399693755	-0.1079889549	-0.1079889549	-0.1114054445	0.0998974359	0.0998974359	0.06539080897	-0.1626183912	0.04089743051	-0.04968519815	0.06264004162	-0.1586338595	0.1220574458	-0.2025680002	-0.2025680002	-0.1660315509	-0.1972655884	-0.1670615448	0.1137023564	-0.1883907512	-0.148531222	-0.1915171267	-0.07618094925	0.03674817672	0.1623503522	0.09709452661
chr11_2070570_C_T	0.08413984485	-0.4103830836	-0.4201216038	0.9383644538	0.9514842547	-0.4442840611	-0.187269795	-0.4383783894	-0.4442840611	-0.4442840611	-0.356617125	0.9601015724	-0.1948254823	0.4507198099	-0.357963014	0.2396874417	0.9031975325	0.9977604833	1	-0.2127916469	0.9977604833	-0.548078738	-0.548078738	0.1362553411	0.08283730347	0.1382875334	0.4912857833	0.5660526971	-0.4556950754	-0.4556950754	-0.4556950754	0.08713074521	0.03264224043	0.09323694719	0.1382875334	0.1382875334	0.09323694719	0.09323694719	0.09323694719	0.5754214804	0.09592296705	0.02999952323	0.02999952323	0.1037052361	0.4677005331	0.4268321831	0.4268321831	0.4392228591	0.1402991091	-0.4587584688	-0.09880710448	0.1402991091	-0.0653865343	-0.07427334221	0.1402991091	-0.0653865343	-0.0653865343	-0.123043867	0.4585536323	-0.3876919	0.4585536323	0.1402991091	-0.07397131488	-0.0767822776	0.4906945673	-0.06777950817	-0.07086574162	-0.384147446	0.1402991091	-0.07397131488	0.1402991091	0.1278993316	-0.4611905711	-0.4611905711	-0.07249467525	-0.07249467525	-0.4258964747	-0.07249467525	-0.07249467525	0.417151145	-0.1056526908	0.1278993316	-0.4595098135	0.1278993316	0.4537112003	0.4781569073	-0.4595098135	0.4781569073	0.1421425207	0.4781569073	0.1278993316	0.4744885365	0.4537112003	0.1278993316	0.479537607	-0.5461464309	0.4781569073	-0.5411497263	0.4781569073	0.4537112003	-0.5411497263	0.1300247222	0.479537607	0.1179069236	0.4537112003	0.479537607	0.4537112003	-0.5182348476	0.4488932038	0.4809297791	0.1402991091	-0.04967779614	-0.04967779614	0.4795206061	-0.5057589064	-0.08107793895	0.1362553411	-0.4543813389	-0.4487230515	0.004923191704	0.1235679012	-0.1179894786	0.1235679012	0.1257475388	-0.1179894786	0.4490681272	0.4490681272	0.4514027262	0.1257475388	-0.1179894786	-0.1179894786	-0.1179894786	-0.497619891	0.4514027262	0.4697195577	0.1278993316	0.4753212762	0.4526644067	-0.1153864297	-0.4958298092	0.1179069236	-0.4803148322	-0.1224775	-0.1114222616	0.4316509614	-0.1114222616	-0.1114222616	-0.1148533452	0.1009891286	0.1009891286	0.06643827309	-0.162451464	0.04185384968	-0.04831952515	0.06360776033	-0.1573162299	0.1230702411	-0.1992833414	-0.1992833414	-0.1623967613	-0.1939451356	-0.1634476895	0.1148473124	-0.1873413716	-0.1449830627	-0.1905133751	-0.07585292506	0.0373669282	0.1638499	0.09823259571
chr11_2070813_A_C	-0.0499275577	-0.1684636427	-0.1621376788	-0.1987298429	-0.2085221191	-0.1609924705	-0.09326908315	-0.1572276904	-0.1609924705	-0.1609924705	-0.1138224318	-0.2044863814	-0.09326908315	0.1141925967	-0.1143747291	-0.046418755	-0.1995420837	-0.2130817536	-0.2127916469	1	-0.2130817536	0.3163800482	0.3163800482	-0.07557028891	0.1087438514	-0.07737723394	-0.09859569175	-0.1309264312	0.2448748004	0.2448748004	0.2448748004	0.1049897533	-0.1085430934	0.1102699991	-0.07737723394	-0.07737723394	0.1102699991	0.1102699991	0.1102699991	-0.1311420187	0.1109251436	-0.1071054196	-0.1071054196	0.09947229536	-0.1082109024	-0.1211486924	-0.1211486924	-0.1211486924	-0.05497921169	0.2403153272	-0.06605318742	-0.05497921169	0.1245503241	0.1316266295	-0.05497921169	0.1245503241	0.1245503241	0.4978092701	-0.1218795668	0.2097616655	-0.1218795668	-0.05497921169	0.1245503241	0.1325138173	-0.1391258821	0.1258664054	0.1252092365	0.2104237092	-0.05497921169	0.1245503241	-0.05497921169	-0.04185501042	0.2392749825	0.2392749825	0.1233845898	0.1233845898	0.2655590706	0.1233845898	0.1233845898	-0.1640746442	-0.06802777269	-0.04185501042	0.2410153094	-0.04185501042	-0.1231331784	-0.1330292421	0.2410153094	-0.1330292421	-0.04416313116	-0.1330292421	-0.04185501042	-0.1327394863	-0.1231331784	-0.04185501042	-0.1342489008	0.2119410706	-0.1330292421	0.2203600869	-0.1330292421	-0.1231331784	0.2203600869	-0.04416313116	-0.1342489008	-0.01836173195	-0.1231331784	-0.1342489008	-0.1231331784	0.221850314	-0.1243850971	-0.1522307754	-0.07915622115	0.03329448729	0.03329448729	-0.1510217653	0.2378992825	-0.06111582702	-0.07557028891	0.2116534609	0.2168409098	-0.04687311912	-0.06403818878	0.1194753918	-0.06403818878	-0.06605318742	0.1194753918	-0.1271134141	-0.1271134141	-0.1268841297	-0.06605318742	0.1194753918	0.1194753918	0.1194753918	0.2412732967	-0.1268841297	-0.1354683443	-0.04185501042	-0.1473956076	-0.1281313785	0.4803989603	0.2407749624	-0.06996453037	0.2383885852	0.1186325126	0.117347366	-0.1298123664	0.117347366	0.117347366	0.1167020895	-0.05551191947	-0.05551191947	-0.04185501042	0.1524829398	-0.04185501042	0.1074063188	-0.02938183259	0.3282669003	-0.02909108948	0.1668935706	0.1668935706	0.1512512076	0.1661651826	0.1519622566	-0.03086892642	-0.04415676364	0.1516275927	-0.04094604897	-0.004589050784	0.06903948016	-0.05942498709	-0.03706603175
chr11_2070926_A_T	0.08287225626	-0.4118781723	-0.4216937007	0.9407248135	0.9537608189	-0.445793049	-0.1880540996	-0.439872756	-0.445793049	-0.445793049	-0.3577500763	0.9623889143	-0.1955818054	0.4514926585	-0.3590869661	0.2379718953	0.9068195901	1	0.9977604833	-0.2130817536	1	-0.5496743936	-0.5496743936	0.1348969604	0.08535685143	0.1369088931	0.4876402388	0.5718693747	-0.4576937544	-0.4576937544	-0.4576937544	0.08967393686	0.03128345628	0.09579971455	0.1369088931	0.1369088931	0.09579971455	0.09579971455	0.09579971455	0.5814944099	0.09847375398	0.02866086394	0.02866086394	0.1062181201	0.4642381798	0.4358922239	0.4358922239	0.4482370128	0.1389004145	-0.4608023541	-0.09922912246	0.1389004145	-0.06182988298	-0.07060790431	0.1389004145	-0.06182988298	-0.06182988298	-0.1231971262	0.4671546829	-0.3902009924	0.4671546829	0.1389004145	-0.07038287103	-0.07319585654	0.4979154561	-0.06421597448	-0.06728981953	-0.3866542051	0.1389004145	-0.07038287103	0.1389004145	0.1266242551	-0.4632092464	-0.4632092464	-0.06892413273	-0.06892413273	-0.4277588481	-0.06892413273	-0.06892413273	0.4237503779	-0.1060628403	0.1266242551	-0.4615362654	0.1266242551	0.4623010048	0.4855218856	-0.4615362654	0.4855218856	0.1408013789	0.4855218856	0.1266242551	0.4819517629	0.4623010048	0.1266242551	0.4868775965	-0.5485995227	0.4855218856	-0.5436599549	0.4855218856	0.4623010048	-0.5436599549	0.1287284569	0.4868775965	0.1166555348	0.4623010048	0.4868775965	0.4623010048	-0.5206824456	0.4574719641	0.4881678062	0.1389004145	-0.04995325774	-0.04995325774	0.486782876	-0.5081715841	-0.0812976265	0.1348969604	-0.4571891193	-0.4515345237	0.004506182174	0.1223360064	-0.1144770731	0.1223360064	0.1244939144	-0.1144770731	0.4574806049	0.4574806049	0.4599152799	0.1244939144	-0.1144770731	-0.1144770731	-0.1144770731	-0.5000657384	0.4599152799	0.4770762051	0.1266242551	0.4826571783	0.4611442542	-0.1155511764	-0.498244999	0.1166555348	-0.4828594763	-0.1190677569	-0.1079889549	0.4399693755	-0.1079889549	-0.1079889549	-0.1114054445	0.0998974359	0.0998974359	0.06539080897	-0.1626183912	0.04089743051	-0.04968519815	0.06264004162	-0.1586338595	0.1220574458	-0.2025680002	-0.2025680002	-0.1660315509	-0.1972655884	-0.1670615448	0.1137023564	-0.1883907512	-0.148531222	-0.1915171267	-0.07618094925	0.03674817672	0.1623503522	0.09709452661
chr11_2070993_T_G	-0.02966799946	0.8044365284	0.8329686271	-0.50986117	-0.5285730954	0.8560018705	0.3652972244	0.8512762634	0.8560018705	0.8560018705	0.6882063534	-0.5192180608	0.3652972244	0.4691137717	0.6901474765	-0.1616775424	-0.468497015	-0.5496743936	-0.548078738	0.3163800482	-0.5496743936	1	1	-0.1416653908	0.4759883494	-0.1377759626	-0.248413496	-0.3338816542	0.7708142225	0.7708142225	0.7708142225	0.4413573034	0.02599166899	0.4500239191	-0.1377759626	-0.1377759626	0.4500239191	0.4500239191	0.4500239191	-0.3362435991	0.447455087	0.02454039444	0.02454039444	0.4460849766	-0.2479680595	-0.2505655943	-0.2505655943	-0.2505655943	-0.1340109824	0.7641012208	0.182294003	-0.1340109824	0.5116271581	0.5146849053	-0.1340109824	0.5116271581	0.5116271581	0.1017207433	-0.2514588161	0.6863527635	-0.2514588161	-0.1340109824	0.5116271581	0.5203302606	-0.2971666535	0.5112881554	0.5093356279	0.6843898815	-0.1340109824	0.5116271581	-0.1340109824	-0.1464909142	0.7651646607	0.7651646607	0.5118459078	0.5118459078	0.7010249756	0.5118459078	0.5118459078	-0.2044956771	0.1818825221	-0.1464909142	0.762137359	-0.1464909142	-0.2559328643	-0.3036643562	0.762137359	-0.3036643562	-0.1541706223	-0.3036643562	-0.1464909142	-0.2959429382	-0.2559328643	-0.1464909142	-0.3023510747	0.6316133369	-0.3036643562	0.6316561215	-0.3036643562	-0.2559328643	0.6316561215	-0.1421812085	-0.3023510747	-0.1301917946	-0.2559328643	-0.3023510747	-0.2559328643	0.6475055809	-0.2603973365	-0.3069335014	-0.1340109824	-0.01932876516	-0.01932876516	-0.3082222297	0.6245121636	0.1371651679	-0.1301484538	0.5644050624	0.5590981545	-0.06078889341	-0.1430965428	0.3833450014	-0.1430965428	-0.1386262344	0.3833450014	-0.2478957401	-0.2478957401	-0.2513796227	-0.1386262344	0.3833450014	0.3833450014	0.3833450014	0.6169823816	-0.2513796227	-0.2899600136	-0.1343289351	-0.2955023834	-0.2498809676	0.1014246183	0.6076416909	-0.1182023807	0.5979598152	0.3531559137	0.3632620493	-0.2533088629	0.3632620493	0.3632620493	0.3609779546	-0.10940396	-0.10940396	-0.06135706032	0.3515371502	-0.02487112295	0.2460826972	-0.0260137367	0.04071209626	-0.06800522501	0.2701040882	0.2701040882	0.2487555314	0.2671291719	0.2474822683	-0.03481402794	0.3442626716	0.2223793126	0.3464987941	0.1172843989	-0.01490767578	-0.06735827287	-0.05536244536
chr11_2070994_C_T	-0.02966799946	0.8044365284	0.8329686271	-0.50986117	-0.5285730954	0.8560018705	0.3652972244	0.8512762634	0.8560018705	0.8560018705	0.6882063534	-0.5192180608	0.3652972244	0.4691137717	0.6901474765	-0.1616775424	-0.468497015	-0.5496743936	-0.548078738	0.3163800482	-0.5496743936	1	1	-0.1416653908	0.4759883494	-0.1377759626	-0.248413496	-0.3338816542	0.7708142225	0.7708142225	0.7708142225	0.4413573034	0.02599166899	0.4500239191	-0.1377759626	-0.1377759626	0.4500239191	0.4500239191	0.4500239191	-0.3362435991	0.447455087	0.02454039444	0.02454039444	0.4460849766	-0.2479680595	-0.2505655943	-0.2505655943	-0.2505655943	-0.1340109824	0.7641012208	0.182294003	-0.1340109824	0.5116271581	0.5146849053	-0.1340109824	0.5116271581	0.5116271581	0.1017207433	-0.2514588161	0.6863527635	-0.2514588161	-0.1340109824	0.5116271581	0.5203302606	-0.2971666535	0.5112881554	0.5093356279	0.6843898815	-0.1340109824	0.5116271581	-0.1340109824	-0.1464909142	0.7651646607	0.7651646607	0.5118459078	0.5118459078	0.7010249756	0.5118459078	0.5118459078	-0.2044956771	0.1818825221	-0.1464909142	0.762137359	-0.1464909142	-0.2559328643	-0.3036643562	0.762137359	-0.3036643562	-0.1541706223	-0.3036643562	-0.1464909142	-0.2959429382	-0.2559328643	-0.1464909142	-0.3023510747	0.6316133369	-0.3036643562	0.6316561215	-0.3036643562	-0.2559328643	0.6316561215	-0.1421812085	-0.3023510747	-0.1301917946	-0.2559328643	-0.3023510747	-0.2559328643	0.6475055809	-0.2603973365	-0.3069335014	-0.1340109824	-0.01932876516	-0.01932876516	-0.3082222297	0.6245121636	0.1371651679	-0.1301484538	0.5644050624	0.5590981545	-0.06078889341	-0.1430965428	0.3833450014	-0.1430965428	-0.1386262344	0.3833450014	-0.2478957401	-0.2478957401	-0.2513796227	-0.1386262344	0.3833450014	0.3833450014	0.3833450014	0.6169823816	-0.2513796227	-0.2899600136	-0.1343289351	-0.2955023834	-0.2498809676	0.1014246183	0.6076416909	-0.1182023807	0.5979598152	0.3531559137	0.3632620493	-0.2533088629	0.3632620493	0.3632620493	0.3609779546	-0.10940396	-0.10940396	-0.06135706032	0.3515371502	-0.02487112295	0.2460826972	-0.0260137367	0.04071209626	-0.06800522501	0.2701040882	0.2701040882	0.2487555314	0.2671291719	0.2474822683	-0.03481402794	0.3442626716	0.2223793126	0.3464987941	0.1172843989	-0.01490767578	-0.06735827287	-0.05536244536
chr11_2072097_C_T	-0.01344029112	-0.09121839575	-0.1016998863	0.06496224573	0.0586287882	-0.100241612	-0.04024034153	-0.09732845246	-0.100241612	-0.100241612	-0.08317447975	0.06207151146	-0.04024034153	-0.0802209494	-0.08365267441	0.6002465041	0.1110563387	0.1348969604	0.1362553411	-0.07557028891	0.1348969604	-0.1416653908	-0.1416653908	1	0.1337735614	0.9853045873	-0.1543774821	-0.163351789	-0.1038172724	-0.1038172724	-0.1038172724	0.138182865	0.6896998648	0.1422879889	0.9853045873	0.9853045873	0.1422879889	0.1422879889	0.1422879889	-0.1559775077	0.1425945417	0.6955081913	0.6955081913	0.1413367764	-0.1446077238	-0.1107351233	-0.1107351233	-0.09477594991	0.9711775219	-0.1083444115	-0.07334157925	0.9711775219	0.197943969	0.1374336946	0.9711775219	0.197943969	0.197943969	-0.0566800234	-0.08997034654	0.2603965153	-0.08997034654	0.9711775219	0.197943969	0.1969100546	0.3951190662	0.1984058249	0.1981739014	0.2607590556	0.9711775219	0.197943969	0.9711775219	0.8753444883	-0.1078753797	-0.1078753797	0.1969100546	0.1969100546	-0.08046066499	0.1969100546	0.1969100546	0.3374969128	-0.07459660087	0.8753444883	-0.1073413759	0.8753444883	-0.09097376025	0.3154713893	-0.1073413759	0.3154713893	0.8606262337	0.3154713893	0.8753444883	0.3190697337	-0.09097376025	0.8753444883	0.3141162262	-0.1498927299	0.3154713893	-0.1522845331	0.3154713893	-0.09097376025	-0.1522845331	0.8606262337	0.3141162262	0.8606262337	-0.09097376025	0.3141162262	-0.09097376025	-0.1408030366	-0.09197567287	0.3937259572	0.9711775219	-0.04276461275	-0.04276461275	0.3951190662	-0.1308981667	0.04551632268	0.9700147167	0.17845077	0.1826049824	-0.03711842359	0.8742529876	0.1808554154	0.8742529876	0.8586090796	0.1808554154	-0.001795536848	-0.001795536848	-0.0006678442009	0.8586090796	0.1808554154	0.1808554154	0.1808554154	-0.1298320989	-0.0006678442009	0.3704883214	0.8436797854	0.3849183325	-0.001809916074	-0.0551096875	-0.1281253427	0.8294108184	-0.132631004	0.171339078	0.1776341244	-0.005134433869	0.1776341244	0.1776341244	0.1774321402	0.7708080376	0.7708080376	0.6853562705	-0.03763983149	0.6220268645	0.1455489319	0.4804123165	-0.08789128838	0.5203697667	0.04571883515	0.04571883515	0.2165617564	0.04498593688	0.2169321842	0.5179304797	0.04841815896	0.2094145046	0.05056035119	-0.0161587786	-0.04471297665	0.4950409552	0.4500390923
chr11_2072504_T_C	-0.0311890736	0.4185007613	0.4300161726	0.06763645826	0.06794931054	0.427116908	0.1730561473	0.4266866371	0.427116908	0.427116908	0.3523890193	0.07932640226	0.165426136	0.5640037338	0.3535199919	0.07406726538	0.1296624448	0.08535685143	0.08283730347	0.1087438514	0.08535685143	0.4759883494	0.4759883494	0.1337735614	1	0.1393155205	0.2813701791	0.3476511543	0.5908596207	0.5908596207	0.5908596207	0.9681098306	0.1623072409	0.9754241674	0.1393155205	0.1393155205	0.9754241674	0.9754241674	0.9754241674	0.3508195507	0.9733820179	0.1578025312	0.1578025312	0.9730603526	0.2558842265	0.2873283207	0.2873283207	0.2935846013	0.1447510356	0.5931641787	0.07901429362	0.1447510356	0.8425815639	0.8321574357	0.1447510356	0.8425815639	0.8425815639	0.06055160378	0.2991988435	0.6285272947	0.2991988435	0.1447510356	0.83824695	0.8400036515	0.3463504343	0.8409185559	0.8374186451	0.6290793476	0.1447510356	0.83824695	0.1447510356	0.1103981486	0.5950578879	0.5950578879	0.8400036515	0.8400036515	0.5721211011	0.8400036515	0.8400036515	0.3517904915	0.07315876393	0.1103981486	0.5939656407	0.1103981486	0.2902672389	0.3189516785	0.5939656407	0.3189516785	0.1042021792	0.3189516785	0.1103981486	0.3122411178	0.2902672389	0.1103981486	0.3165145405	0.3153793544	0.3189516785	0.3087818111	0.3189516785	0.2902672389	0.3087818111	0.1164391786	0.3221765104	0.09196517975	0.2902672389	0.3221765104	0.2902672389	0.3493884532	0.2813701791	0.3270130904	0.1447510356	-0.08615085552	-0.08615085552	0.3237826789	0.3429742317	0.1049888463	0.1455283271	0.3764818241	0.3713764441	-0.1340720709	0.1106569942	0.608829896	0.1106569942	0.1168082189	0.608829896	0.2951243332	0.2951243332	0.294158681	0.1168082189	0.608829896	0.608829896	0.608829896	0.3481729816	0.294158681	0.3254002797	0.1228112769	0.3254002797	0.2974877822	0.0683125857	0.3384964287	0.128676178	0.3435121272	0.5678898223	0.588966603	0.2788018615	0.588966603	0.588966603	0.5848767497	0.1116911686	0.1116911686	0.1228112769	0.4405630984	0.1352244051	0.4050580286	0.1315178026	-0.05981465336	0.1371253365	0.3206212854	0.3206212854	0.3559723363	0.3238997074	0.3526106305	0.1070938097	0.3020685531	0.3298387848	0.3054021076	0.124091806	0.02897035861	0.1024065796	0.1106569942
chr11_2072719_A_T	-0.01571292073	-0.08608449365	-0.09672082117	0.06780502356	0.06138908134	-0.09510662562	-0.02429009702	-0.09216659764	-0.09510662562	-0.09510662562	-0.08839815253	0.06488523197	-0.02429009702	-0.0729819296	-0.08886011137	0.6210217016	0.1145104722	0.1369088931	0.1382875334	-0.07737723394	0.1369088931	-0.1377759626	-0.1377759626	0.9853045873	0.1393155205	1	-0.1571078811	-0.1672401294	-0.1006769929	-0.1006769929	-0.1006769929	0.1437706032	0.6999864546	0.1364058115	0.9707605836	0.9707605836	0.1364058115	0.1364058115	0.1364058115	-0.1597876622	0.136747845	0.6836693115	0.6836693115	0.1469643793	-0.1472156798	-0.1136999784	-0.1136999784	-0.09794054264	0.9567781438	-0.1052572189	-0.07443543874	0.9567781438	0.1930104227	0.1333752987	0.9567781438	0.1930104227	0.1930104227	-0.05752538264	-0.09345878788	0.2579379416	-0.09345878788	0.9567781438	0.1930104227	0.1919698842	0.3848263043	0.1935252476	0.1932669587	0.2583167675	0.9567781438	0.1930104227	0.9567781438	0.8623428895	-0.1048015518	-0.1048015518	0.2028765036	0.2028765036	-0.07696424709	0.2028765036	0.2028765036	0.340669892	-0.07570917849	0.8623428895	-0.10424629	0.8623428895	-0.09447366132	0.3062974719	-0.10424629	0.3062974719	0.8477748387	0.3062974719	0.8623428895	0.309838374	-0.09447366132	0.8623428895	0.3049349376	-0.1479933255	0.3062974719	-0.150402133	0.3062974719	-0.09447366132	-0.150402133	0.8785995763	0.3191973178	0.8477748387	-0.09447366132	0.3191973178	-0.09447366132	-0.1387842353	-0.09548706391	0.3834261188	0.9856622352	-0.04340242936	-0.04340242936	0.3848263043	-0.1286951441	0.04361912301	0.9556945859	0.1760783904	0.1802730612	-0.03767202961	0.8613343458	0.1748786392	0.8613343458	0.8458513588	0.1748786392	-0.006470130991	-0.006470130991	-0.005370098439	0.8458513588	0.1748786392	0.1748786392	0.1748786392	-0.1275922782	-0.005370098439	0.3605771396	0.8310744872	0.3748265513	-0.006521945846	-0.05593162582	-0.1258874144	0.8477748387	-0.1304262315	0.1767423957	0.1831233514	-0.009802335782	0.1831233514	0.1831233514	0.1829287142	0.7593285378	0.7593285378	0.7060008782	-0.05028847297	0.6434640736	0.139783572	0.5063863689	-0.09164296842	0.5124348649	0.04579414319	0.04579414319	0.224579184	0.04504921873	0.2249456075	0.5416994788	0.0433614909	0.2071463848	0.04556337788	-0.01751128291	-0.04537985231	0.5137517321	0.4746531476
chr11_2072834_C_T	0.0454919851	-0.2306912939	-0.222316193	0.510166989	0.4870697652	-0.206720783	-0.07144282706	-0.206780997	-0.206720783	-0.206720783	-0.1794272239	0.4948323773	-0.07144282706	0.2557854086	-0.1804410752	-0.1007557539	0.4527371204	0.4876402388	0.4912857833	-0.09859569175	0.4876402388	-0.248413496	-0.248413496	-0.1543774821	0.2813701791	-0.1571078811	1	0.7560555764	-0.3188891285	-0.3188891285	-0.3188891285	0.2725843978	-0.1882884023	0.2813966305	-0.1571078811	-0.1571078811	0.2813966305	0.2813966305	0.2813966305	0.7397497941	0.2821409014	-0.1858800571	-0.1858800571	0.2854458263	0.9391875038	0.4080227126	0.4080227126	0.4080227126	-0.1445865246	-0.3169763627	-0.08999139451	-0.1445865246	-0.04770409096	-0.037516394	-0.1445865246	-0.04770409096	-0.04770409096	-0.03690427841	0.4463247682	-0.3614817198	0.4463247682	-0.1445865246	-0.05345681611	-0.0551363567	0.3392764258	-0.04968256819	-0.05156372721	-0.3591309408	-0.1445865246	-0.05345681611	-0.1445865246	-0.1266054407	-0.3215253564	-0.3215253564	-0.0551363567	-0.0551363567	-0.2869083484	-0.0551363567	-0.0551363567	0.2732789374	-0.0936570317	-0.1266054407	-0.3206409259	-0.1266054407	0.4431353537	0.3521782059	-0.3206409259	0.3521782059	-0.1134839047	0.3521782059	-0.1266054407	0.3497107054	0.4431353537	-0.1266054407	0.3495781033	-0.4144504379	0.3521782059	-0.4139297036	0.3521782059	0.4431353537	-0.4139297036	-0.1297243581	0.3495781033	-0.1297243581	0.4431353537	0.3495781033	0.4431353537	-0.406660345	0.4399648121	0.3292434979	-0.1598045209	0.01842859541	0.01842859541	0.3317886715	-0.3985349646	-0.05465566491	-0.1543774821	-0.4404899805	-0.435116125	-0.05316058009	-0.1371730333	-0.1311156036	-0.1371730333	-0.1401499719	-0.1311156036	0.4191284693	0.4191284693	0.4174974106	-0.1401499719	-0.1311156036	-0.1311156036	-0.1311156036	-0.3907578928	0.4174974106	0.3244655128	-0.1266054407	0.3244655128	0.4144066548	-0.03132674228	-0.3863669456	-0.1297243581	-0.3603083154	-0.1376721629	-0.1287802491	0.3910126019	-0.1287802491	-0.1287802491	-0.1310680263	-0.1065696182	-0.1065696182	-0.1266054407	-0.1471301084	-0.1101312362	-0.1381746484	-0.09225175612	-0.1468383622	-0.06509579289	-0.03579686484	-0.03579686484	-0.06586381725	-0.03184284803	-0.075346494	-0.09255256801	-0.1278320259	-0.05202470829	-0.1305300118	-0.05798627857	0.1676862599	-0.07747449737	-0.08624090476
chr11_2073182_A_G	0.06899939811	-0.3039902838	-0.3011746086	0.5938816656	0.5944815833	-0.2870419291	-0.1166768621	-0.2843983089	-0.2870419291	-0.2870419291	-0.2312236048	0.5790173883	-0.125266893	0.282040028	-0.2324965805	-0.1010307863	0.5558332587	0.5718693747	0.5660526971	-0.1309264312	0.5718693747	-0.3338816542	-0.3338816542	-0.163351789	0.3476511543	-0.1672401294	0.7560555764	1	-0.4309139615	-0.4309139615	-0.4309139615	0.370061406	-0.2050479517	0.3554848106	-0.1672401294	-0.1672401294	0.3554848106	0.3554848106	0.3554848106	0.9681461999	0.3564417974	-0.2017755387	-0.2017755387	0.3529166237	0.7014127398	0.7375318666	0.7375318666	0.7375318666	-0.1581591294	-0.4033336619	-0.1003256522	-0.1581591294	0.08325941253	0.09722329401	-0.1581591294	0.08325941253	0.08325941253	-0.06484224184	0.757878925	-0.4502454938	0.757878925	-0.1581591294	0.08325941253	0.07607899316	0.6190877485	0.08232643178	0.08035802632	-0.4472709364	-0.1581591294	0.07837941101	-0.1581591294	-0.1331479968	-0.4066105239	-0.4066105239	0.07607899316	0.07607899316	-0.36759271	0.07607899316	0.07607899316	0.5303485067	-0.1051980631	-0.1331479968	-0.4105151947	-0.1331479968	0.7535103462	0.6363439007	-0.4054780089	0.6363439007	-0.1237365365	0.6363439007	-0.1331479968	0.6250639293	0.7535103462	-0.1331479968	0.6328612908	-0.5299225285	0.6363439007	-0.5318419048	0.6363439007	0.7535103462	-0.5318419048	-0.1375132138	0.6328612908	-0.1375132138	0.7535103462	0.6328612908	0.7535103462	-0.5149023549	0.7491704399	0.609336045	-0.1710684625	-0.02316332997	-0.02316332997	0.6063841162	-0.4942549027	-0.09027007354	-0.163351789	-0.5351868474	-0.5333245691	-0.05651763567	-0.1385400559	-0.001427040118	-0.1385400559	-0.1428748663	-0.001427040118	0.7168716949	0.7168716949	0.7199845853	-0.1428748663	-0.001427040118	-0.001427040118	-0.001427040118	-0.4868787598	0.7199845853	0.6039203083	-0.1331479968	0.6039203083	0.7226126301	-0.05821569776	-0.4813592349	-0.1375132138	-0.4636480612	0.005559772298	0.003675365702	0.6922963937	0.003675365702	0.003675365702	0.001375474692	-0.1202004828	-0.1202004828	-0.1471229636	-0.05506754468	-0.1331479968	-0.05078890953	-0.06442476911	-0.2195697852	-0.06340409979	-0.1553439335	-0.1553439335	-0.1776873239	-0.1480666581	-0.1799571073	-0.1105969034	-0.1555064441	-0.1577643865	-0.1625327627	-0.06484224184	0.1016834711	-0.08035620894	-0.06653103448
chr11_2073378_C_T	-0.08753660022	0.6868819917	0.6823740645	-0.4673705981	-0.4472395739	0.6659058252	0.2345183722	0.6619920436	0.6659058252	0.6659058252	0.5691389582	-0.4418668674	0.2345183722	0.3222661121	0.5716033443	-0.09872026768	-0.3932326617	-0.4576937544	-0.4556950754	0.2448748004	-0.4576937544	0.7708142225	0.7708142225	-0.1038172724	0.5908596207	-0.1006769929	-0.3188891285	-0.4309139615	1	1	1	0.6009383789	0.06332053773	0.6053490558	-0.1006769929	-0.1006769929	0.6053490558	0.6053490558	0.6053490558	-0.4290419521	0.6022886059	0.06230325866	0.06230325866	0.6012479359	-0.3015605973	-0.302730611	-0.302730611	-0.302730611	-0.09763496084	0.980567837	0.1962799598	-0.09763496084	0.6933306168	0.6939963925	-0.09763496084	0.6933306168	0.6933306168	0.1402641682	-0.3159244747	0.912635655	-0.3159244747	-0.09763496084	0.6933306168	0.6932439362	-0.3385478239	0.6920898149	0.6906076733	0.9103868958	-0.09763496084	0.6933306168	-0.09763496084	-0.1175066768	0.9849732359	0.9849732359	0.6932439362	0.6932439362	0.9167218922	0.6932439362	0.6932439362	-0.2380486752	0.1953686926	-0.1175066768	0.9870598209	-0.1175066768	-0.3203752836	-0.3500524339	0.9827223636	-0.3500524339	-0.1257615435	-0.3500524339	-0.1175066768	-0.3482228683	-0.3203752836	-0.1175066768	-0.3488305989	0.8277629901	-0.3500524339	0.8240950894	-0.3500524339	-0.3203752836	0.8240950894	-0.1138986202	-0.3488305989	-0.1257615435	-0.3203752836	-0.3488305989	-0.3203752836	0.8480713825	-0.3248178329	-0.3482968776	-0.09763496084	-0.0441595092	-0.0441595092	-0.3494867618	0.8195962298	0.165788412	-0.09242184116	0.7670905631	0.7587471003	-0.06445780821	-0.1127521276	0.5416214019	-0.1127521276	-0.09682878281	0.5416214019	-0.3178505432	-0.3178505432	-0.3218592152	-0.09682878281	0.5416214019	0.5416214019	0.5416214019	0.8178111515	-0.3218592152	-0.3366484624	-0.0934393407	-0.3421323592	-0.3203959908	0.1413690469	0.8028890996	-0.09017277341	0.7945629897	0.4953665915	0.5144874354	-0.3111491248	0.5144874354	0.5144874354	0.5126943723	-0.07621692234	-0.07621692234	-0.02123733237	0.5026919466	0.002830003735	0.3779760116	-0.00759388905	0.138101811	-0.006396955098	0.4086581804	0.4086581804	0.3951848572	0.4058752978	0.3937214182	-0.005177111733	0.4018524654	0.3543206167	0.4163050865	0.1710630808	-0.03917705473	-0.02398458886	-0.01354242828
chr11_2073444_A_G	-0.08753660022	0.6868819917	0.6823740645	-0.4673705981	-0.4472395739	0.6659058252	0.2345183722	0.6619920436	0.6659058252	0.6659058252	0.5691389582	-0.4418668674	0.2345183722	0.3222661121	0.5716033443	-0.09872026768	-0.3932326617	-0.4576937544	-0.4556950754	0.2448748004	-0.4576937544	0.7708142225	0.7708142225	-0.1038172724	0.5908596207	-0.1006769929	-0.3188891285	-0.4309139615	1	1	1	0.6009383789	0.06332053773	0.6053490558	-0.1006769929	-0.1006769929	0.6053490558	0.6053490558	0.6053490558	-0.4290419521	0.6022886059	0.06230325866	0.06230325866	0.6012479359	-0.3015605973	-0.302730611	-0.302730611	-0.302730611	-0.09763496084	0.980567837	0.1962799598	-0.09763496084	0.6933306168	0.6939963925	-0.09763496084	0.6933306168	0.6933306168	0.1402641682	-0.3159244747	0.912635655	-0.3159244747	-0.09763496084	0.6933306168	0.6932439362	-0.3385478239	0.6920898149	0.6906076733	0.9103868958	-0.09763496084	0.6933306168	-0.09763496084	-0.1175066768	0.9849732359	0.9849732359	0.6932439362	0.6932439362	0.9167218922	0.6932439362	0.6932439362	-0.2380486752	0.1953686926	-0.1175066768	0.9870598209	-0.1175066768	-0.3203752836	-0.3500524339	0.9827223636	-0.3500524339	-0.1257615435	-0.3500524339	-0.1175066768	-0.3482228683	-0.3203752836	-0.1175066768	-0.3488305989	0.8277629901	-0.3500524339	0.8240950894	-0.3500524339	-0.3203752836	0.8240950894	-0.1138986202	-0.3488305989	-0.1257615435	-0.3203752836	-0.3488305989	-0.3203752836	0.8480713825	-0.3248178329	-0.3482968776	-0.09763496084	-0.0441595092	-0.0441595092	-0.3494867618	0.8195962298	0.165788412	-0.09242184116	0.7670905631	0.7587471003	-0.06445780821	-0.1127521276	0.5416214019	-0.1127521276	-0.09682878281	0.5416214019	-0.3178505432	-0.3178505432	-0.3218592152	-0.09682878281	0.5416214019	0.5416214019	0.5416214019	0.8178111515	-0.3218592152	-0.3366484624	-0.0934393407	-0.3421323592	-0.3203959908	0.1413690469	0.8028890996	-0.09017277341	0.7945629897	0.4953665915	0.5144874354	-0.3111491248	0.5144874354	0.5144874354	0.5126943723	-0.07621692234	-0.07621692234	-0.02123733237	0.5026919466	0.002830003735	0.3779760116	-0.00759388905	0.138101811	-0.006396955098	0.4086581804	0.4086581804	0.3951848572	0.4058752978	0.3937214182	-0.005177111733	0.4018524654	0.3543206167	0.4163050865	0.1710630808	-0.03917705473	-0.02398458886	-0.01354242828
chr11_2073476_A_C	-0.08753660022	0.6868819917	0.6823740645	-0.4673705981	-0.4472395739	0.6659058252	0.2345183722	0.6619920436	0.6659058252	0.6659058252	0.5691389582	-0.4418668674	0.2345183722	0.3222661121	0.5716033443	-0.09872026768	-0.3932326617	-0.4576937544	-0.4556950754	0.2448748004	-0.4576937544	0.7708142225	0.7708142225	-0.1038172724	0.5908596207	-0.1006769929	-0.3188891285	-0.4309139615	1	1	1	0.6009383789	0.06332053773	0.6053490558	-0.1006769929	-0.1006769929	0.6053490558	0.6053490558	0.6053490558	-0.4290419521	0.6022886059	0.06230325866	0.06230325866	0.6012479359	-0.3015605973	-0.302730611	-0.302730611	-0.302730611	-0.09763496084	0.980567837	0.1962799598	-0.09763496084	0.6933306168	0.6939963925	-0.09763496084	0.6933306168	0.6933306168	0.1402641682	-0.3159244747	0.912635655	-0.3159244747	-0.09763496084	0.6933306168	0.6932439362	-0.3385478239	0.6920898149	0.6906076733	0.9103868958	-0.09763496084	0.6933306168	-0.09763496084	-0.1175066768	0.9849732359	0.9849732359	0.6932439362	0.6932439362	0.9167218922	0.6932439362	0.6932439362	-0.2380486752	0.1953686926	-0.1175066768	0.9870598209	-0.1175066768	-0.3203752836	-0.3500524339	0.9827223636	-0.3500524339	-0.1257615435	-0.3500524339	-0.1175066768	-0.3482228683	-0.3203752836	-0.1175066768	-0.3488305989	0.8277629901	-0.3500524339	0.8240950894	-0.3500524339	-0.3203752836	0.8240950894	-0.1138986202	-0.3488305989	-0.1257615435	-0.3203752836	-0.3488305989	-0.3203752836	0.8480713825	-0.3248178329	-0.3482968776	-0.09763496084	-0.0441595092	-0.0441595092	-0.3494867618	0.8195962298	0.165788412	-0.09242184116	0.7670905631	0.7587471003	-0.06445780821	-0.1127521276	0.5416214019	-0.1127521276	-0.09682878281	0.5416214019	-0.3178505432	-0.3178505432	-0.3218592152	-0.09682878281	0.5416214019	0.5416214019	0.5416214019	0.8178111515	-0.3218592152	-0.3366484624	-0.0934393407	-0.3421323592	-0.3203959908	0.1413690469	0.8028890996	-0.09017277341	0.7945629897	0.4953665915	0.5144874354	-0.3111491248	0.5144874354	0.5144874354	0.5126943723	-0.07621692234	-0.07621692234	-0.02123733237	0.5026919466	0.002830003735	0.3779760116	-0.00759388905	0.138101811	-0.006396955098	0.4086581804	0.4086581804	0.3951848572	0.4058752978	0.3937214182	-0.005177111733	0.4018524654	0.3543206167	0.4163050865	0.1710630808	-0.03917705473	-0.02398458886	-0.01354242828
chr11_2073913_A_G	-0.03504808825	0.4020725444	0.3957368871	0.07191151009	0.09055750597	0.3919647539	0.1354958172	0.3914458194	0.3919647539	0.3919647539	0.3395119531	0.0837899813	0.1279087962	0.5508533773	0.3407632198	0.06665552961	0.1327876089	0.08967393686	0.08713074521	0.1049897533	0.08967393686	0.4413573034	0.4413573034	0.138182865	0.9681098306	0.1437706032	0.2725843978	0.370061406	0.6009383789	0.6009383789	0.6009383789	1	0.1688786552	0.9887423085	0.1437706032	0.1437706032	0.9887423085	0.9887423085	0.9887423085	0.3519476568	0.9865834027	0.1643368104	0.1643368104	0.986435379	0.2520822808	0.2960141797	0.2960141797	0.30223521	0.1492517159	0.6035445836	0.08333396618	0.1492517159	0.8608923439	0.8503677023	0.1492517159	0.8608923439	0.8608923439	0.06389283115	0.3084424015	0.6402577536	0.3084424015	0.1492517159	0.8608923439	0.8540506798	0.3570648266	0.8589988122	0.855638023	0.6407279301	0.1492517159	0.8565821529	0.1492517159	0.1146225293	0.605368217	0.605368217	0.858356063	0.858356063	0.5807990651	0.858356063	0.858356063	0.364018729	0.0775929652	0.1146225293	0.6042663222	0.1146225293	0.2996180075	0.3295314622	0.6042663222	0.3295314622	0.1085420063	0.3295314622	0.1146225293	0.3228880976	0.2996180075	0.1146225293	0.3271656858	0.3180671051	0.3295314622	0.3116383173	0.3295314622	0.2996180075	0.3116383173	0.1207100578	0.3327957541	0.09637395466	0.2996180075	0.3327957541	0.2996180075	0.3558171679	0.2908279907	0.3378944928	0.1492517159	-0.08288711047	-0.08288711047	0.3346242264	0.3487889362	0.1075415714	0.1498714	0.3836318242	0.3783744328	-0.1309051424	0.1147157884	0.623325389	0.1147157884	0.1209149463	0.623325389	0.3045864813	0.3045864813	0.3036583546	0.1209149463	0.623325389	0.623325389	0.623325389	0.3538853264	0.3036583546	0.3360590708	0.1269657173	0.3360590708	0.3070257062	0.07150806293	0.3441573925	0.1328781094	0.3494313527	0.5827875693	0.6032547281	0.288439101	0.6032547281	0.6032547281	0.5993073667	0.1154019515	0.1154019515	0.1269657173	0.451537208	0.1393089053	0.3980189264	0.1352043346	-0.08845391905	0.1397211877	0.3043512481	0.3043512481	0.3413144297	0.3076380593	0.3379447778	0.1108422367	0.2982737991	0.3101185254	0.3077311284	0.1270750241	0.03171204932	0.1072283061	0.1147157884
chr11_2074376_A_G	-0.03513448421	0.07861474593	0.08995373908	-0.01901145105	-0.02891784533	0.09697175579	0.03276603537	0.09160050778	0.09697175579	0.09697175579	0.08229123911	-0.02405190606	0.04727925213	0.00853471444	0.09019343054	0.4851402067	0.01169307148	0.03128345628	0.03264224043	-0.1085430934	0.03128345628	0.02599166899	0.02599166899	0.6896998648	0.1623072409	0.6999864546	-0.1882884023	-0.2050479517	0.06332053773	0.06332053773	0.06332053773	0.1688786552	1	0.1661706361	0.6999864546	0.6999864546	0.1661706361	0.1661706361	0.1661706361	-0.1936596012	0.1581000253	0.9916488022	0.9916488022	0.1735155578	-0.1721903888	-0.1228715182	-0.1228715182	-0.1109713058	0.6883578278	0.05741491038	0.6365112726	0.6883578278	0.2329498184	0.1918861431	0.6883578278	0.2329498184	0.2329498184	-0.0821807083	-0.1155361656	0.31323888	-0.1155361656	0.6883578278	0.2329498184	0.2315110301	0.2324534437	0.2257385209	0.2252213003	0.3056789296	0.6883578278	0.2329498184	0.6883578278	0.6237919667	0.05716635651	0.05716635651	0.2397468001	0.2397468001	-0.1748209026	0.2397468001	0.2397468001	0.5022648735	0.647403258	0.6237919667	0.0585469203	0.6237919667	-0.1170153761	0.1765319192	0.0585469203	0.1765319192	0.6116090546	0.1765319192	0.6237919667	0.1795006295	-0.1170153761	0.6237919667	0.1748269139	0.001237761981	0.1765319192	-0.001243350151	0.1765319192	-0.1170153761	-0.001243350151	0.6348853273	0.1855966747	0.6116090546	-0.1170153761	0.1855966747	-0.1170153761	0.01356213129	-0.1184920445	0.2307217426	0.7101686862	-0.06200467034	-0.06200467034	0.2324534437	0.02985228414	0.06988483812	0.6896998648	0.249233896	0.2466273397	-0.05381822657	0.6254783417	0.2141900049	0.6254783417	0.61254838	0.2141900049	-0.05301458247	-0.05301458247	-0.05186196496	0.61254838	0.2141900049	0.2141900049	0.2141900049	0.03250262063	-0.05186196496	0.2161675395	0.6001806755	0.2269275076	-0.05343914001	-0.07990386879	0.03353169108	0.6116090546	0.02879842012	0.209717088	0.2189527617	-0.05724296091	0.2189527617	0.2189527617	0.2185190948	0.5277197124	0.5277197124	0.4821242192	0.06478265622	0.4349016367	0.1690831769	0.3357987079	0.09742433816	0.3843304111	0.1496496202	0.1496496202	0.2742278842	0.1487375167	0.2748441207	0.3874914651	0.06684511046	0.2547772616	0.06996720375	0.03868054391	-0.02708951767	0.351671272	0.3334889297
chr11_2074576_C_A	-0.03999087351	0.4074712761	0.4017113147	0.07790270357	0.07908471104	0.3978867221	0.1351686516	0.3972083918	0.3978867221	0.3978867221	0.3462505367	0.08999304184	0.1275921419	0.5473777487	0.3475100124	0.05874519475	0.1383635718	0.09579971455	0.09323694719	0.1102699991	0.09579971455	0.4500239191	0.4500239191	0.1422879889	0.9754241674	0.1364058115	0.2813966305	0.3554848106	0.6053490558	0.6053490558	0.6053490558	0.9887423085	0.1661706361	1	0.1479320672	0.1479320672	1	1	1	0.357553308	0.9977490447	0.1702867266	0.1702867266	0.9931937618	0.2604405779	0.2979670744	0.2979670744	0.3041794859	0.1534690176	0.6081952722	0.08718373508	0.1534690176	0.8688449998	0.8581326091	0.1534690176	0.8688449998	0.8688449998	0.06686872514	0.3110177294	0.6463649857	0.3110177294	0.1534690176	0.8645407802	0.8620465744	0.3615080194	0.8668131441	0.8635272017	0.6467787654	0.1534690176	0.8645407802	0.1534690176	0.1184968028	0.609992626	0.609992626	0.8620465744	0.8620465744	0.5839742517	0.8620465744	0.8620465744	0.3647779575	0.0815185408	0.1184968028	0.6088623387	0.1184968028	0.3022628511	0.3337472177	0.6088623387	0.3337472177	0.1124917243	0.3337472177	0.1184968028	0.3270924604	0.3022628511	0.1184968028	0.3314378837	0.326608121	0.3337472177	0.3203215156	0.3337472177	0.3022628511	0.3203215156	0.1124917243	0.3314378837	0.1003405308	0.3022628511	0.3314378837	0.3022628511	0.3638110152	0.2935421756	0.3424173004	0.142082832	-0.08046020102	-0.08046020102	0.3390985092	0.3562647589	0.1100091756	0.1539603302	0.3923039387	0.3869097487	-0.1287169691	0.1184533488	0.6343398935	0.1184533488	0.1247126492	0.6343398935	0.3074262485	0.3074262485	0.3064687244	0.1247126492	0.6343398935	0.6343398935	0.6343398935	0.3613008872	0.3064687244	0.3403720859	0.1308228902	0.3403720859	0.3098882151	0.07438850609	0.3514883498	0.1246429179	0.3570058287	0.589556228	0.6096075097	0.2914432931	0.6096075097	0.6096075097	0.6057377942	0.1188538027	0.1188538027	0.1184968028	0.4635758705	0.1308228902	0.4099333399	0.1253553998	-0.07876863316	0.1423307796	0.3155653633	0.3155653633	0.3494209972	0.3189127199	0.3459956054	0.1016607807	0.3066329271	0.3259960684	0.3159066505	0.1299633833	0.03408552764	0.1008557105	0.1057507858
chr11_2074763_T_TG	-0.01571292073	-0.08608449365	-0.09672082117	0.06780502356	0.06138908134	-0.09510662562	-0.02429009702	-0.09216659764	-0.09510662562	-0.09510662562	-0.08839815253	0.06488523197	-0.02429009702	-0.0729819296	-0.08886011137	0.6210217016	0.1145104722	0.1369088931	0.1382875334	-0.07737723394	0.1369088931	-0.1377759626	-0.1377759626	0.9853045873	0.1393155205	0.9707605836	-0.1571078811	-0.1672401294	-0.1006769929	-0.1006769929	-0.1006769929	0.1437706032	0.6999864546	0.1479320672	1	1	0.1479320672	0.1479320672	0.1479320672	-0.1597876622	0.1482295923	0.7058814099	0.7058814099	0.1469643793	-0.1472156798	-0.1136999784	-0.1136999784	-0.09794054264	0.9856622352	-0.1052572189	-0.07443543874	0.9856622352	0.2039292215	0.144369992	0.9856622352	0.2039292215	0.2039292215	-0.05752538264	-0.09345878788	0.2688104227	-0.09345878788	0.9856622352	0.2039292215	0.2028765036	0.3990382265	0.2043802426	0.2041536702	0.2691705997	0.9856622352	0.2039292215	0.9856622352	0.8936112917	-0.1048015518	-0.1048015518	0.2028765036	0.2028765036	-0.07696424709	0.2028765036	0.2028765036	0.340669892	-0.07570917849	0.8936112917	-0.10424629	0.8936112917	-0.09447366132	0.3205730594	-0.10424629	0.3205730594	0.8785995763	0.3205730594	0.8936112917	0.3242282462	-0.09447366132	0.8936112917	0.3191973178	-0.1479933255	0.3205730594	-0.150402133	0.3205730594	-0.09447366132	-0.150402133	0.8785995763	0.3191973178	0.8785995763	-0.09447366132	0.3191973178	-0.09447366132	-0.1387842353	-0.09548706391	0.3976260107	0.9856622352	-0.04340242936	-0.04340242936	0.3990382265	-0.1286951441	0.04361912301	0.9853045873	0.1874046641	0.1916477099	-0.03767202961	0.893557779	0.1864441862	0.893557779	0.8775853863	0.1864441862	-0.006470130991	-0.006470130991	-0.005370098439	0.8775853863	0.1864441862	0.1864441862	0.1864441862	-0.1275922782	-0.005370098439	0.3748265513	0.8623428895	0.3890759631	-0.006521945846	-0.05593162582	-0.1258874144	0.8477748387	-0.1304262315	0.1767423957	0.1831233514	-0.009802335782	0.1831233514	0.1831233514	0.1829287142	0.7593285378	0.7593285378	0.6747324759	-0.02797353351	0.6121956714	0.1516878156	0.4725303484	-0.09164296842	0.5124348649	0.05671239576	0.05671239576	0.224579184	0.05598718693	0.2249456075	0.5096109209	0.07536718004	0.2179292869	0.07741540331	0.02250281682	-0.04537985231	0.4865658651	0.4424297144
chr11_2074764_A_G	-0.01571292073	-0.08608449365	-0.09672082117	0.06780502356	0.06138908134	-0.09510662562	-0.02429009702	-0.09216659764	-0.09510662562	-0.09510662562	-0.08839815253	0.06488523197	-0.02429009702	-0.0729819296	-0.08886011137	0.6210217016	0.1145104722	0.1369088931	0.1382875334	-0.07737723394	0.1369088931	-0.1377759626	-0.1377759626	0.9853045873	0.1393155205	0.9707605836	-0.1571078811	-0.1672401294	-0.1006769929	-0.1006769929	-0.1006769929	0.1437706032	0.6999864546	0.1479320672	1	1	0.1479320672	0.1479320672	0.1479320672	-0.1597876622	0.1482295923	0.7058814099	0.7058814099	0.1469643793	-0.1472156798	-0.1136999784	-0.1136999784	-0.09794054264	0.9856622352	-0.1052572189	-0.07443543874	0.9856622352	0.2039292215	0.144369992	0.9856622352	0.2039292215	0.2039292215	-0.05752538264	-0.09345878788	0.2688104227	-0.09345878788	0.9856622352	0.2039292215	0.2028765036	0.3990382265	0.2043802426	0.2041536702	0.2691705997	0.9856622352	0.2039292215	0.9856622352	0.8936112917	-0.1048015518	-0.1048015518	0.2028765036	0.2028765036	-0.07696424709	0.2028765036	0.2028765036	0.340669892	-0.07570917849	0.8936112917	-0.10424629	0.8936112917	-0.09447366132	0.3205730594	-0.10424629	0.3205730594	0.8785995763	0.3205730594	0.8936112917	0.3242282462	-0.09447366132	0.8936112917	0.3191973178	-0.1479933255	0.3205730594	-0.150402133	0.3205730594	-0.09447366132	-0.150402133	0.8785995763	0.3191973178	0.8785995763	-0.09447366132	0.3191973178	-0.09447366132	-0.1387842353	-0.09548706391	0.3976260107	0.9856622352	-0.04340242936	-0.04340242936	0.3990382265	-0.1286951441	0.04361912301	0.9853045873	0.1874046641	0.1916477099	-0.03767202961	0.893557779	0.1864441862	0.893557779	0.8775853863	0.1864441862	-0.006470130991	-0.006470130991	-0.005370098439	0.8775853863	0.1864441862	0.1864441862	0.1864441862	-0.1275922782	-0.005370098439	0.3748265513	0.8623428895	0.3890759631	-0.006521945846	-0.05593162582	-0.1258874144	0.8477748387	-0.1304262315	0.1767423957	0.1831233514	-0.009802335782	0.1831233514	0.1831233514	0.1829287142	0.7593285378	0.7593285378	0.6747324759	-0.02797353351	0.6121956714	0.1516878156	0.4725303484	-0.09164296842	0.5124348649	0.05671239576	0.05671239576	0.224579184	0.05598718693	0.2249456075	0.5096109209	0.07536718004	0.2179292869	0.07741540331	0.02250281682	-0.04537985231	0.4865658651	0.4424297144
chr11_2075149_A_G	-0.03999087351	0.4074712761	0.4017113147	0.07790270357	0.07908471104	0.3978867221	0.1351686516	0.3972083918	0.3978867221	0.3978867221	0.3462505367	0.08999304184	0.1275921419	0.5473777487	0.3475100124	0.05874519475	0.1383635718	0.09579971455	0.09323694719	0.1102699991	0.09579971455	0.4500239191	0.4500239191	0.1422879889	0.9754241674	0.1364058115	0.2813966305	0.3554848106	0.6053490558	0.6053490558	0.6053490558	0.9887423085	0.1661706361	1	0.1479320672	0.1479320672	1	1	1	0.357553308	0.9977490447	0.1702867266	0.1702867266	0.9931937618	0.2604405779	0.2979670744	0.2979670744	0.3041794859	0.1534690176	0.6081952722	0.08718373508	0.1534690176	0.8688449998	0.8581326091	0.1534690176	0.8688449998	0.8688449998	0.06686872514	0.3110177294	0.6463649857	0.3110177294	0.1534690176	0.8645407802	0.8620465744	0.3615080194	0.8668131441	0.8635272017	0.6467787654	0.1534690176	0.8645407802	0.1534690176	0.1184968028	0.609992626	0.609992626	0.8620465744	0.8620465744	0.5839742517	0.8620465744	0.8620465744	0.3647779575	0.0815185408	0.1184968028	0.6088623387	0.1184968028	0.3022628511	0.3337472177	0.6088623387	0.3337472177	0.1124917243	0.3337472177	0.1184968028	0.3270924604	0.3022628511	0.1184968028	0.3314378837	0.326608121	0.3337472177	0.3203215156	0.3337472177	0.3022628511	0.3203215156	0.1124917243	0.3314378837	0.1003405308	0.3022628511	0.3314378837	0.3022628511	0.3638110152	0.2935421756	0.3424173004	0.142082832	-0.08046020102	-0.08046020102	0.3390985092	0.3562647589	0.1100091756	0.1539603302	0.3923039387	0.3869097487	-0.1287169691	0.1184533488	0.6343398935	0.1184533488	0.1247126492	0.6343398935	0.3074262485	0.3074262485	0.3064687244	0.1247126492	0.6343398935	0.6343398935	0.6343398935	0.3613008872	0.3064687244	0.3403720859	0.1308228902	0.3403720859	0.3098882151	0.07438850609	0.3514883498	0.1246429179	0.3570058287	0.589556228	0.6096075097	0.2914432931	0.6096075097	0.6096075097	0.6057377942	0.1188538027	0.1188538027	0.1184968028	0.4635758705	0.1308228902	0.4099333399	0.1253553998	-0.07876863316	0.1423307796	0.3155653633	0.3155653633	0.3494209972	0.3189127199	0.3459956054	0.1016607807	0.3066329271	0.3259960684	0.3159066505	0.1299633833	0.03408552764	0.1008557105	0.1057507858
chr11_2075252_T_C	-0.03999087351	0.4074712761	0.4017113147	0.07790270357	0.07908471104	0.3978867221	0.1351686516	0.3972083918	0.3978867221	0.3978867221	0.3462505367	0.08999304184	0.1275921419	0.5473777487	0.3475100124	0.05874519475	0.1383635718	0.09579971455	0.09323694719	0.1102699991	0.09579971455	0.4500239191	0.4500239191	0.1422879889	0.9754241674	0.1364058115	0.2813966305	0.3554848106	0.6053490558	0.6053490558	0.6053490558	0.9887423085	0.1661706361	1	0.1479320672	0.1479320672	1	1	1	0.357553308	0.9977490447	0.1702867266	0.1702867266	0.9931937618	0.2604405779	0.2979670744	0.2979670744	0.3041794859	0.1534690176	0.6081952722	0.08718373508	0.1534690176	0.8688449998	0.8581326091	0.1534690176	0.8688449998	0.8688449998	0.06686872514	0.3110177294	0.6463649857	0.3110177294	0.1534690176	0.8645407802	0.8620465744	0.3615080194	0.8668131441	0.8635272017	0.6467787654	0.1534690176	0.8645407802	0.1534690176	0.1184968028	0.609992626	0.609992626	0.8620465744	0.8620465744	0.5839742517	0.8620465744	0.8620465744	0.3647779575	0.0815185408	0.1184968028	0.6088623387	0.1184968028	0.3022628511	0.3337472177	0.6088623387	0.3337472177	0.1124917243	0.3337472177	0.1184968028	0.3270924604	0.3022628511	0.1184968028	0.3314378837	0.326608121	0.3337472177	0.3203215156	0.3337472177	0.3022628511	0.3203215156	0.1124917243	0.3314378837	0.1003405308	0.3022628511	0.3314378837	0.3022628511	0.3638110152	0.2935421756	0.3424173004	0.142082832	-0.08046020102	-0.08046020102	0.3390985092	0.3562647589	0.1100091756	0.1539603302	0.3923039387	0.3869097487	-0.1287169691	0.1184533488	0.6343398935	0.1184533488	0.1247126492	0.6343398935	0.3074262485	0.3074262485	0.3064687244	0.1247126492	0.6343398935	0.6343398935	0.6343398935	0.3613008872	0.3064687244	0.3403720859	0.1308228902	0.3403720859	0.3098882151	0.07438850609	0.3514883498	0.1246429179	0.3570058287	0.589556228	0.6096075097	0.2914432931	0.6096075097	0.6096075097	0.6057377942	0.1188538027	0.1188538027	0.1184968028	0.4635758705	0.1308228902	0.4099333399	0.1253553998	-0.07876863316	0.1423307796	0.3155653633	0.3155653633	0.3494209972	0.3189127199	0.3459956054	0.1016607807	0.3066329271	0.3259960684	0.3159066505	0.1299633833	0.03408552764	0.1008557105	0.1057507858
chr11_2075577_G_A	-0.03999087351	0.4074712761	0.4017113147	0.07790270357	0.07908471104	0.3978867221	0.1351686516	0.3972083918	0.3978867221	0.3978867221	0.3462505367	0.08999304184	0.1275921419	0.5473777487	0.3475100124	0.05874519475	0.1383635718	0.09579971455	0.09323694719	0.1102699991	0.09579971455	0.4500239191	0.4500239191	0.1422879889	0.9754241674	0.1364058115	0.2813966305	0.3554848106	0.6053490558	0.6053490558	0.6053490558	0.9887423085	0.1661706361	1	0.1479320672	0.1479320672	1	1	1	0.357553308	0.9977490447	0.1702867266	0.1702867266	0.9931937618	0.2604405779	0.2979670744	0.2979670744	0.3041794859	0.1534690176	0.6081952722	0.08718373508	0.1534690176	0.8688449998	0.8581326091	0.1534690176	0.8688449998	0.8688449998	0.06686872514	0.3110177294	0.6463649857	0.3110177294	0.1534690176	0.8645407802	0.8620465744	0.3615080194	0.8668131441	0.8635272017	0.6467787654	0.1534690176	0.8645407802	0.1534690176	0.1184968028	0.609992626	0.609992626	0.8620465744	0.8620465744	0.5839742517	0.8620465744	0.8620465744	0.3647779575	0.0815185408	0.1184968028	0.6088623387	0.1184968028	0.3022628511	0.3337472177	0.6088623387	0.3337472177	0.1124917243	0.3337472177	0.1184968028	0.3270924604	0.3022628511	0.1184968028	0.3314378837	0.326608121	0.3337472177	0.3203215156	0.3337472177	0.3022628511	0.3203215156	0.1124917243	0.3314378837	0.1003405308	0.3022628511	0.3314378837	0.3022628511	0.3638110152	0.2935421756	0.3424173004	0.142082832	-0.08046020102	-0.08046020102	0.3390985092	0.3562647589	0.1100091756	0.1539603302	0.3923039387	0.3869097487	-0.1287169691	0.1184533488	0.6343398935	0.1184533488	0.1247126492	0.6343398935	0.3074262485	0.3074262485	0.3064687244	0.1247126492	0.6343398935	0.6343398935	0.6343398935	0.3613008872	0.3064687244	0.3403720859	0.1308228902	0.3403720859	0.3098882151	0.07438850609	0.3514883498	0.1246429179	0.3570058287	0.589556228	0.6096075097	0.2914432931	0.6096075097	0.6096075097	0.6057377942	0.1188538027	0.1188538027	0.1184968028	0.4635758705	0.1308228902	0.4099333399	0.1253553998	-0.07876863316	0.1423307796	0.3155653633	0.3155653633	0.3494209972	0.3189127199	0.3459956054	0.1016607807	0.3066329271	0.3259960684	0.3159066505	0.1299633833	0.03408552764	0.1008557105	0.1057507858
chr11_2075720_C_G	0.06005929975	-0.3093482568	-0.3050290748	0.6039260594	0.584778511	-0.2910207189	-0.10027554	-0.2886918852	-0.2910207189	-0.2910207189	-0.2464902535	0.5891795673	-0.1090536888	0.2679878678	-0.2475981061	-0.09262367833	0.5614048354	0.5814944099	0.5754214804	-0.1311420187	0.5814944099	-0.3362435991	-0.3362435991	-0.1559775077	0.3508195507	-0.1597876622	0.7397497941	0.9681461999	-0.4290419521	-0.4290419521	-0.4290419521	0.3519476568	-0.1936596012	0.357553308	-0.1597876622	-0.1597876622	0.357553308	0.357553308	0.357553308	1	0.3584353635	-0.1904481309	-0.1904481309	0.3550509366	0.7315496942	0.7683438376	0.7683438376	0.7683438376	-0.1503461107	-0.4002430103	-0.09241569822	-0.1503461107	0.0824618444	0.09603555805	-0.1503461107	0.0824618444	0.0824618444	-0.05845130926	0.7482474166	-0.4442641171	0.7482474166	-0.1503461107	0.07747497302	0.07523915454	0.614075361	0.08130069985	0.07939277179	-0.4413631019	-0.1503461107	0.07747497302	-0.1503461107	-0.1257838857	-0.4036432517	-0.4036432517	0.07523915454	0.07523915454	-0.3675576933	0.07523915454	0.07523915454	0.5292753087	-0.09722186102	-0.1257838857	-0.4077155231	-0.1257838857	0.7439845321	0.6308928937	-0.4025680251	0.6308928937	-0.115995489	0.6308928937	-0.1257838857	0.6190628533	0.7439845321	-0.1257838857	0.627498483	-0.5207259359	0.6308928937	-0.5223570807	0.6308928937	0.7439845321	-0.5223570807	-0.1300738693	0.627498483	-0.1300738693	0.7439845321	0.627498483	0.7439845321	-0.506630026	0.7397497941	0.6042717081	-0.1635381524	-0.01777729985	-0.01777729985	0.6010935249	-0.4868940898	-0.08557745006	-0.1559775077	-0.5255171077	-0.5239901384	-0.05264013873	-0.13164217	0.001350270053	-0.13164217	-0.1358967211	0.001350270053	0.7075380916	0.7075380916	0.7103218187	-0.1358967211	0.001350270053	0.001350270053	0.001350270053	-0.479502591	0.7103218187	0.5980875818	-0.1257838857	0.5980875818	0.7132042803	-0.05189605135	-0.4740983561	-0.1300738693	-0.4553772043	0.004181349861	0.006514391813	0.6831919892	0.006514391813	0.006514391813	0.004291330148	-0.1136267958	-0.1136267958	-0.140064898	-0.04131933786	-0.1257838857	-0.02665104752	-0.05644410287	-0.2000035962	-0.0576475702	-0.1370658179	-0.1370658179	-0.1567584283	-0.1294776486	-0.1592377705	-0.1037879981	-0.1438607664	-0.1334430575	-0.1514404669	-0.05845130926	0.1100720899	-0.07066442652	-0.05805618335
chr11_2075736_C_T	-0.04864240146	0.4089205465	0.398704747	0.08058136264	0.08185053936	0.3948265289	0.1285811165	0.3941259503	0.3948265289	0.3948265289	0.3473735005	0.09268375033	0.1210338633	0.5475856188	0.3486240874	0.05934839878	0.1410099591	0.09847375398	0.09592296705	0.1109251436	0.09847375398	0.447455087	0.447455087	0.1425945417	0.9733820179	0.136747845	0.2821409014	0.3564417974	0.6022886059	0.6022886059	0.6022886059	0.9865834027	0.1581000253	0.9977490447	0.1482295923	0.1482295923	0.9977490447	0.9977490447	0.9977490447	0.3584353635	1	0.1621376585	0.1621376585	0.9909772921	0.2611696747	0.2985249401	0.2985249401	0.3047133625	0.1537577991	0.6051669271	0.08763705887	0.1537577991	0.866454461	0.8557371658	0.1537577991	0.866454461	0.866454461	0.0672210288	0.3116287516	0.6435547465	0.3116287516	0.1537577991	0.8621668622	0.8596899701	0.3622119746	0.868669926	0.8654206196	0.6482208393	0.1537577991	0.8621668622	0.1537577991	0.1188427299	0.6069602834	0.6069602834	0.8596899701	0.8596899701	0.5851677984	0.8596899701	0.8596899701	0.3604647427	0.06972876845	0.1188427299	0.6058233886	0.1188427299	0.3029171115	0.3345104593	0.6058233886	0.3345104593	0.1128741923	0.3345104593	0.1188427299	0.3278862712	0.3029171115	0.1188427299	0.3322195973	0.3253377344	0.3345104593	0.3190938367	0.3345104593	0.3029171115	0.3190938367	0.1128741923	0.3322195973	0.1007699203	0.3029171115	0.3322195973	0.3029171115	0.3623054132	0.2942395466	0.3432045994	0.142415581	-0.07968887607	-0.07968887607	0.3398889983	0.3546672779	0.1101056756	0.1542218105	0.390843636	0.385433972	-0.1278201181	0.1187722325	0.6333485315	0.1187722325	0.1250210558	0.6333485315	0.3080835736	0.3080835736	0.3071350664	0.1250210558	0.6333485315	0.6333485315	0.6333485315	0.3596642701	0.3071350664	0.3411288684	0.1311212203	0.3411288684	0.3105508043	0.07469485773	0.3498819787	0.1249784642	0.3554133153	0.5887890309	0.6086856799	0.2921761176	0.6086856799	0.6086856799	0.604845287	0.1191144082	0.1191144082	0.1188427299	0.4625563196	0.1311212203	0.4098990182	0.1256053997	-0.08231007524	0.1423396403	0.3140925513	0.3140925513	0.3480890146	0.3174353065	0.3446681825	0.1019897233	0.3071965681	0.324598697	0.3164005122	0.1300720481	0.03443552269	0.101361329	0.1061187201
chr11_2076043_C_A	-0.03349179518	0.07605528004	0.08767981742	-0.02190309688	-0.03174625638	0.09460777409	0.02122908442	0.08915608023	0.09460777409	0.09460777409	0.08754569426	-0.02692434039	0.03582967834	0.003849591143	0.09548767375	0.4665719632	0.008083615209	0.02866086394	0.02999952323	-0.1071054196	0.02866086394	0.02454039444	0.02454039444	0.6955081913	0.1578025312	0.6836693115	-0.1858800571	-0.2017755387	0.06230325866	0.06230325866	0.06230325866	0.1643368104	0.9916488022	0.1702867266	0.7058814099	0.7058814099	0.1702867266	0.1702867266	0.1702867266	-0.1904481309	0.1621376585	1	1	0.1689413598	-0.1698710273	-0.120306155	-0.120306155	-0.1083342971	0.6942072202	0.05644544666	0.6418716698	0.6942072202	0.2362181606	0.194817748	0.6942072202	0.2362181606	0.2362181606	-0.08149440095	-0.1127263137	0.3145166867	-0.1127263137	0.6942072202	0.2362181606	0.2347855723	0.2379153352	0.2289188177	0.228420717	0.306895403	0.6942072202	0.2362181606	0.6942072202	0.6291019388	0.05620108968	0.05620108968	0.2347855723	0.2347855723	-0.177764528	0.2347855723	0.2347855723	0.4996695954	0.6528553824	0.6291019388	0.05756873915	0.6291019388	-0.1141961842	0.1815644463	0.05756873915	0.1815644463	0.61687151	0.1815644463	0.6291019388	0.184560455	-0.1141961842	0.6291019388	0.17986766	0.001227425186	0.1815644463	-0.001232966688	0.1815644463	-0.1141961842	-0.001232966688	0.61687151	0.17986766	0.61687151	-0.1141961842	0.17986766	-0.1141961842	0.01344887124	-0.1156634886	0.2361918291	0.6942072202	-0.06148685707	-0.06148685707	0.2379153352	0.02960298181	0.07131406317	0.6955081913	0.2508399871	0.2481475066	-0.05336877991	0.6307458248	0.2183003771	0.6307458248	0.6177645081	0.2183003771	-0.0497655713	-0.0497655713	-0.04859572372	0.6177645081	0.2183003771	0.2183003771	0.2183003771	0.03223118482	-0.04859572372	0.2214756879	0.6053484952	0.2323004367	-0.05016410973	-0.07923657578	0.03325166129	0.593455102	0.02855791882	0.2052459738	0.2144121383	-0.05399274578	0.2144121383	0.2144121383	0.2139721996	0.5322888865	0.5322888865	0.4628278336	0.07513924878	0.4153209464	0.1730970568	0.3135213073	0.1016965298	0.3877246708	0.1500587048	0.1500587048	0.267729358	0.1491572139	0.2683488247	0.3668436719	0.07062857605	0.256043134	0.07370375101	0.04009449932	-0.02632089757	0.3348679902	0.3125195384
chr11_2076311_A_C	-0.03349179518	0.07605528004	0.08767981742	-0.02190309688	-0.03174625638	0.09460777409	0.02122908442	0.08915608023	0.09460777409	0.09460777409	0.08754569426	-0.02692434039	0.03582967834	0.003849591143	0.09548767375	0.4665719632	0.008083615209	0.02866086394	0.02999952323	-0.1071054196	0.02866086394	0.02454039444	0.02454039444	0.6955081913	0.1578025312	0.6836693115	-0.1858800571	-0.2017755387	0.06230325866	0.06230325866	0.06230325866	0.1643368104	0.9916488022	0.1702867266	0.7058814099	0.7058814099	0.1702867266	0.1702867266	0.1702867266	-0.1904481309	0.1621376585	1	1	0.1689413598	-0.1698710273	-0.120306155	-0.120306155	-0.1083342971	0.6942072202	0.05644544666	0.6418716698	0.6942072202	0.2362181606	0.194817748	0.6942072202	0.2362181606	0.2362181606	-0.08149440095	-0.1127263137	0.3145166867	-0.1127263137	0.6942072202	0.2362181606	0.2347855723	0.2379153352	0.2289188177	0.228420717	0.306895403	0.6942072202	0.2362181606	0.6942072202	0.6291019388	0.05620108968	0.05620108968	0.2347855723	0.2347855723	-0.177764528	0.2347855723	0.2347855723	0.4996695954	0.6528553824	0.6291019388	0.05756873915	0.6291019388	-0.1141961842	0.1815644463	0.05756873915	0.1815644463	0.61687151	0.1815644463	0.6291019388	0.184560455	-0.1141961842	0.6291019388	0.17986766	0.001227425186	0.1815644463	-0.001232966688	0.1815644463	-0.1141961842	-0.001232966688	0.61687151	0.17986766	0.61687151	-0.1141961842	0.17986766	-0.1141961842	0.01344887124	-0.1156634886	0.2361918291	0.6942072202	-0.06148685707	-0.06148685707	0.2379153352	0.02960298181	0.07131406317	0.6955081913	0.2508399871	0.2481475066	-0.05336877991	0.6307458248	0.2183003771	0.6307458248	0.6177645081	0.2183003771	-0.0497655713	-0.0497655713	-0.04859572372	0.6177645081	0.2183003771	0.2183003771	0.2183003771	0.03223118482	-0.04859572372	0.2214756879	0.6053484952	0.2323004367	-0.05016410973	-0.07923657578	0.03325166129	0.593455102	0.02855791882	0.2052459738	0.2144121383	-0.05399274578	0.2144121383	0.2144121383	0.2139721996	0.5322888865	0.5322888865	0.4628278336	0.07513924878	0.4153209464	0.1730970568	0.3135213073	0.1016965298	0.3877246708	0.1500587048	0.1500587048	0.267729358	0.1491572139	0.2683488247	0.3668436719	0.07062857605	0.256043134	0.07370375101	0.04009449932	-0.02632089757	0.3348679902	0.3125195384
chr11_2076798_T_C	-0.04092644902	0.40877924	0.4029103454	0.08815084035	0.08932497432	0.3991568525	0.1411659604	0.3985039109	0.3991568525	0.3991568525	0.3435576109	0.1002740743	0.1335943738	0.5542636343	0.3448203066	0.081827352	0.1452811985	0.1062181201	0.1037052361	0.09947229536	0.1062181201	0.4460849766	0.4460849766	0.1413367764	0.9730603526	0.1469643793	0.2854458263	0.3529166237	0.6012479359	0.6012479359	0.6012479359	0.986435379	0.1735155578	0.9931937618	0.1469643793	0.1469643793	0.9931937618	0.9931937618	0.9931937618	0.3550509366	0.9909772921	0.1689413598	0.1689413598	1	0.2649297975	0.2960594897	0.2960594897	0.3022678644	0.1524850538	0.6084820744	0.08633455467	0.1524850538	0.8673128321	0.8566538217	0.1524850538	0.8673128321	0.8673128321	0.05044937507	0.3089977793	0.6462603095	0.3089977793	0.1524850538	0.8587099868	0.8562144924	0.3591664325	0.8610291535	0.8577213215	0.6466820235	0.1524850538	0.8587099868	0.1524850538	0.1176137137	0.6058479056	0.6058479056	0.8605111171	0.8605111171	0.5801351193	0.8605111171	0.8605111171	0.3674549244	0.08065947982	0.1176137137	0.6047167914	0.1176137137	0.300239128	0.3314717355	0.6047167914	0.3314717355	0.1115991419	0.3314717355	0.1176137137	0.3248164146	0.300239128	0.1176137137	0.3291543166	0.3218941362	0.3314717355	0.3155727584	0.3314717355	0.300239128	0.3155727584	0.1237424397	0.3347729315	0.09945584409	0.300239128	0.3347729315	0.300239128	0.3591823513	0.2915146527	0.3400784622	0.1524850538	-0.08087003321	-0.08087003321	0.3367714838	0.3517225946	0.1094147135	0.1530015331	0.3875323294	0.382159008	-0.1290344317	0.117597587	0.6279086672	0.117597587	0.1238390829	0.6279086672	0.3053760929	0.3053760929	0.3044138544	0.1238390829	0.6279086672	0.6279086672	0.6279086672	0.3567524047	0.3044138544	0.3380731145	0.1299317917	0.3380731145	0.3078216412	0.0575664861	0.3469837477	0.1358857375	0.3524252251	0.5876589098	0.6077746162	0.2893896972	0.6077746162	0.6077746162	0.6038929892	0.1180546954	0.1180546954	0.1299317917	0.4537107274	0.1422498696	0.4034237123	0.1378749819	-0.08062875502	0.1416780254	0.3113141862	0.3113141862	0.3491765907	0.3146432496	0.3457621199	0.1135120678	0.2983760817	0.3216753427	0.3077081253	0.1292664499	0.03358021068	0.1106019961	0.117597587
chr11_2076994_T_C	0.0544910459	-0.2310444871	-0.2198202417	0.4887077678	0.4655826698	-0.2038890032	-0.04388653649	-0.2045962385	-0.2038890032	-0.2038890032	-0.1949148954	0.4729423517	-0.04388653649	0.2312353864	-0.1957294237	-0.08862084602	0.4226101564	0.4642381798	0.4677005331	-0.1082109024	0.4642381798	-0.2479680595	-0.2479680595	-0.1446077238	0.2558842265	-0.1472156798	0.9391875038	0.7014127398	-0.3015605973	-0.3015605973	-0.3015605973	0.2520822808	-0.1721903888	0.2604405779	-0.1472156798	-0.1472156798	0.2604405779	0.2604405779	0.2604405779	0.7315496942	0.2611696747	-0.1698710273	-0.1698710273	0.2649297975	1	0.3876719816	0.3876719816	0.3876719816	-0.1497907893	-0.2984753918	-0.07812134681	-0.1497907893	-0.07835583744	-0.06893330999	-0.1497907893	-0.07835583744	-0.07835583744	-0.04818418663	0.3802608765	-0.3455288972	0.3802608765	-0.1497907893	-0.08442137559	-0.08597509478	0.2759667334	-0.08064788665	-0.08252840601	-0.3432963213	-0.1497907893	-0.08442137559	-0.1497907893	-0.1338094937	-0.3034264524	-0.3034264524	-0.08597509478	-0.08597509478	-0.2731612022	-0.08597509478	-0.08597509478	0.2190604308	-0.08169945197	-0.1338094937	-0.3025849693	-0.1338094937	0.377308498	0.2879875134	-0.3025849693	0.2879875134	-0.1194446562	0.2879875134	-0.1338094937	0.2844734366	0.377308498	-0.1338094937	0.2855661658	-0.3926546156	0.2879875134	-0.3915134074	0.2879875134	0.377308498	-0.3915134074	-0.1365682085	0.2855661658	-0.1365682085	0.377308498	0.2855661658	0.377308498	-0.380221754	0.3743729565	0.273587658	-0.1497907893	0.0292052565	0.0292052565	0.2759667334	-0.380165746	-0.04656566815	-0.1446077238	-0.4192409906	-0.4141571765	-0.04756721956	-0.128159126	-0.1587021375	-0.128159126	-0.1310073716	-0.1587021375	0.3543095084	0.3543095084	0.3514896608	-0.1310073716	-0.1587021375	-0.1587021375	-0.1587021375	-0.3721585503	0.3514896608	0.2673220812	-0.1338094937	0.2673220812	0.348629332	-0.04324714322	-0.3679855588	-0.1194446562	-0.3393971844	-0.1700825025	-0.1558754278	0.326497775	-0.1558754278	-0.1558754278	-0.1581666257	-0.09709545648	-0.09709545648	-0.1164394798	-0.1635721428	-0.09906946588	-0.1458909525	-0.0816913436	-0.1143952694	-0.05678474438	-0.04920406163	-0.04920406163	-0.07506206656	-0.0448693483	-0.08523238867	-0.08227490228	-0.1243662085	-0.0637835748	-0.1278036819	-0.04818418663	0.1870243607	-0.06269383588	-0.07445748711
chr11_2077046_CCA_C	0.01003116769	-0.2072630272	-0.2155844507	0.4599229963	0.4432943024	-0.2000698038	-0.129520399	-0.2006716384	-0.2000698038	-0.2000698038	-0.1256063031	0.4444201225	-0.1398794888	0.2048859101	-0.1267977317	-0.08826174287	0.4501360376	0.4358922239	0.4268321831	-0.1211486924	0.4358922239	-0.2505655943	-0.2505655943	-0.1107351233	0.2873283207	-0.1136999784	0.4080227126	0.7375318666	-0.302730611	-0.302730611	-0.302730611	0.2960141797	-0.1228715182	0.2979670744	-0.1136999784	-0.1136999784	0.2979670744	0.2979670744	0.2979670744	0.7683438376	0.2985249401	-0.120306155	-0.120306155	0.2960594897	0.3876719816	1	1	0.9915059927	-0.1166161595	-0.3120602782	-0.04375680556	-0.1166161595	0.327394014	0.3394855954	-0.1166161595	0.327394014	0.327394014	-0.06999275409	0.9554049972	-0.3461019086	0.9554049972	-0.1166161595	0.327394014	0.3254059402	0.8211632695	0.3287112938	0.3280518158	-0.3438932334	-0.1166161595	0.327394014	-0.1166161595	-0.09832649713	-0.3107093436	-0.3107093436	0.3254059402	0.3254059402	-0.2927229158	0.3254059402	0.3254059402	0.7476122916	-0.04776744655	-0.09832649713	-0.3099143744	-0.09832649713	0.9515486694	0.8354627267	-0.3099143744	0.8354627267	-0.1015180079	0.8354627267	-0.09832649713	0.8210247744	0.9515486694	-0.09832649713	0.8325675705	-0.3809424927	0.8354627267	-0.3860854283	0.8354627267	0.9515486694	-0.3860854283	-0.1015180079	0.8325675705	-0.1015180079	0.9515486694	0.8325675705	0.9515486694	-0.3747759212	0.947723167	0.8183552393	-0.1166161595	-0.00103458005	-0.00103458005	0.8135033397	-0.3496356497	-0.04661072959	-0.1107351233	-0.376389479	-0.3773576536	-0.0472489771	-0.09174012369	0.3095378335	-0.09174012369	-0.09506874301	0.3095378335	0.9125906081	0.9125906081	0.9153321624	-0.09506874301	0.3095378335	0.3095378335	0.3095378335	-0.3417191539	0.9153321624	0.8066498498	-0.09832649713	0.8066498498	0.9198989223	-0.06572366836	-0.3377718356	-0.08490411709	-0.3224649141	0.3158775281	0.3162696458	0.8866924292	0.3162696458	0.3162696458	0.3157269201	-0.07760560383	-0.07760560383	-0.115179514	0.2481089131	-0.08147348027	0.239168473	-0.08127498366	-0.1399002475	-0.009773305873	0.01180552349	0.01180552349	-0.01481729132	0.01609463114	-0.007393899445	-0.06451164835	-0.09096146032	0.008236297054	-0.08578522658	-0.02685922322	0.180135714	-0.1072427623	-0.07437236508
chr11_2077056_T_G	0.01003116769	-0.2072630272	-0.2155844507	0.4599229963	0.4432943024	-0.2000698038	-0.129520399	-0.2006716384	-0.2000698038	-0.2000698038	-0.1256063031	0.4444201225	-0.1398794888	0.2048859101	-0.1267977317	-0.08826174287	0.4501360376	0.4358922239	0.4268321831	-0.1211486924	0.4358922239	-0.2505655943	-0.2505655943	-0.1107351233	0.2873283207	-0.1136999784	0.4080227126	0.7375318666	-0.302730611	-0.302730611	-0.302730611	0.2960141797	-0.1228715182	0.2979670744	-0.1136999784	-0.1136999784	0.2979670744	0.2979670744	0.2979670744	0.7683438376	0.2985249401	-0.120306155	-0.120306155	0.2960594897	0.3876719816	1	1	0.9915059927	-0.1166161595	-0.3120602782	-0.04375680556	-0.1166161595	0.327394014	0.3394855954	-0.1166161595	0.327394014	0.327394014	-0.06999275409	0.9554049972	-0.3461019086	0.9554049972	-0.1166161595	0.327394014	0.3254059402	0.8211632695	0.3287112938	0.3280518158	-0.3438932334	-0.1166161595	0.327394014	-0.1166161595	-0.09832649713	-0.3107093436	-0.3107093436	0.3254059402	0.3254059402	-0.2927229158	0.3254059402	0.3254059402	0.7476122916	-0.04776744655	-0.09832649713	-0.3099143744	-0.09832649713	0.9515486694	0.8354627267	-0.3099143744	0.8354627267	-0.1015180079	0.8354627267	-0.09832649713	0.8210247744	0.9515486694	-0.09832649713	0.8325675705	-0.3809424927	0.8354627267	-0.3860854283	0.8354627267	0.9515486694	-0.3860854283	-0.1015180079	0.8325675705	-0.1015180079	0.9515486694	0.8325675705	0.9515486694	-0.3747759212	0.947723167	0.8183552393	-0.1166161595	-0.00103458005	-0.00103458005	0.8135033397	-0.3496356497	-0.04661072959	-0.1107351233	-0.376389479	-0.3773576536	-0.0472489771	-0.09174012369	0.3095378335	-0.09174012369	-0.09506874301	0.3095378335	0.9125906081	0.9125906081	0.9153321624	-0.09506874301	0.3095378335	0.3095378335	0.3095378335	-0.3417191539	0.9153321624	0.8066498498	-0.09832649713	0.8066498498	0.9198989223	-0.06572366836	-0.3377718356	-0.08490411709	-0.3224649141	0.3158775281	0.3162696458	0.8866924292	0.3162696458	0.3162696458	0.3157269201	-0.07760560383	-0.07760560383	-0.115179514	0.2481089131	-0.08147348027	0.239168473	-0.08127498366	-0.1399002475	-0.009773305873	0.01180552349	0.01180552349	-0.01481729132	0.01609463114	-0.007393899445	-0.06451164835	-0.09096146032	0.008236297054	-0.08578522658	-0.02685922322	0.180135714	-0.1072427623	-0.07437236508
chr11_2077271_C_T	0.01003116769	-0.2072630272	-0.2155844507	0.4720428651	0.4554916304	-0.2000698038	-0.129520399	-0.2006716384	-0.2000698038	-0.2000698038	-0.1256063031	0.4566309072	-0.1398794888	0.2179799714	-0.1267977317	-0.07187602068	0.4640890992	0.4482370128	0.4392228591	-0.1211486924	0.4482370128	-0.2505655943	-0.2505655943	-0.09477594991	0.2935846013	-0.09794054264	0.4080227126	0.7375318666	-0.302730611	-0.302730611	-0.302730611	0.30223521	-0.1109713058	0.3041794859	-0.09794054264	-0.09794054264	0.3041794859	0.3041794859	0.3041794859	0.7683438376	0.3047133625	-0.1083342971	-0.1083342971	0.3022678644	0.3876719816	0.9915059927	0.9915059927	1	-0.1010482365	-0.3120602782	-0.04375680556	-0.1010482365	0.3332790189	0.3454115059	-0.1010482365	0.3332790189	0.3332790189	-0.06999275409	0.9554049972	-0.3402418679	0.9554049972	-0.1010482365	0.3332790189	0.3312843807	0.8288231993	0.3345619097	0.3339195263	-0.3380432442	-0.1010482365	0.3332790189	-0.1010482365	-0.08147348027	-0.3107093436	-0.3107093436	0.3312843807	0.3312843807	-0.2927229158	0.3312843807	0.3312843807	0.7548328167	-0.04776744655	-0.08147348027	-0.3099143744	-0.08147348027	0.9515486694	0.8431569707	-0.3099143744	0.8431569707	-0.08490411709	0.8431569707	-0.08147348027	0.8287806155	0.9515486694	-0.08147348027	0.840254696	-0.3809424927	0.8431569707	-0.3860854283	0.8431569707	0.9515486694	-0.3860854283	-0.08490411709	0.840254696	-0.08490411709	0.9515486694	0.840254696	0.9515486694	-0.3747759212	0.947723167	0.8260086849	-0.1010482365	-0.00103458005	-0.00103458005	0.8211632695	-0.3496356497	-0.04661072959	-0.09477594991	-0.3702848536	-0.3712269551	-0.0472489771	-0.07437236508	0.3220050109	-0.07437236508	-0.07796476386	0.3220050109	0.9207890357	0.9207890357	0.9236090481	-0.07796476386	0.3220050109	0.3220050109	0.3220050109	-0.3417191539	0.9236090481	0.8220101214	-0.08147348027	0.8220101214	0.9281630054	-0.06572366836	-0.3377718356	-0.06829022623	-0.3224649141	0.3281570504	0.3285147651	0.8947912113	0.3285147651	0.3285147651	0.3280167083	-0.05903040057	-0.05903040057	-0.09832649713	0.2541225567	-0.08147348027	0.239168473	-0.08127498366	-0.1399002475	-0.009773305873	0.01769023397	0.01769023397	-0.009011477651	0.02198996793	-0.001599641707	-0.06451164835	-0.09096146032	0.01404805645	-0.08578522658	-0.02685922322	0.180135714	-0.1072427623	-0.07437236508
chr11_2077310_A_G	-0.01793315353	-0.09264247015	-0.1034347346	0.07059242791	0.06409466824	-0.1019066735	-0.02772228324	-0.09891033339	-0.1019066735	-0.1019066735	-0.09351243141	0.06764367476	-0.02772228324	-0.06593579195	-0.09395865002	0.6113867723	0.1179041077	0.1389004145	0.1402991091	-0.05497921169	0.1389004145	-0.1340109824	-0.1340109824	0.9711775219	0.1447510356	0.9567781438	-0.1445865246	-0.1581591294	-0.09763496084	-0.09763496084	-0.09763496084	0.1492517159	0.6883578278	0.1534690176	0.9856622352	0.9856622352	0.1534690176	0.1534690176	0.1534690176	-0.1503461107	0.1537577991	0.6942072202	0.6942072202	0.1524850538	-0.1497907893	-0.1166161595	-0.1166161595	-0.1010482365	1	-0.1022679395	-0.07551820094	1	0.2098108076	0.1511667296	1	0.2098108076	0.2098108076	-0.01883432769	-0.09688144447	0.2770748252	-0.09688144447	1	0.2098108076	0.2087395248	0.4029455756	0.2102513546	0.2100299544	0.277432773	1	0.2098108076	1	0.9116189865	-0.1018252132	-0.1018252132	0.2087395248	0.2087395248	-0.07356979982	0.2087395248	0.2087395248	0.3438370268	-0.07681046893	0.9116189865	-0.1012490973	0.9116189865	-0.09790771102	0.3256173578	-0.1012490973	0.3256173578	0.8963178344	0.3256173578	0.9116189865	0.3293287654	-0.09790771102	0.9116189865	0.3242212516	-0.1461717399	0.3256173578	-0.1485976436	0.3256173578	-0.09790771102	-0.1485976436	0.8963178344	0.3242212516	0.8963178344	-0.09790771102	0.3242212516	-0.09790771102	-0.1368442351	-0.09893253591	0.3874870922	0.9714669156	-0.04403377527	-0.04403377527	0.3889063604	-0.1152061186	0.04177764612	0.9711775219	0.1961786238	0.2005092211	-0.03822001925	0.8807461577	0.1919353182	0.8807461577	0.8649334186	0.1919353182	-0.01103149054	-0.01103149054	-0.009958207674	0.8649334186	0.1919353182	0.1919353182	0.1919353182	-0.1140099552	-0.009958207674	0.3650613341	0.880730566	0.3791375833	-0.01111983421	-0.01617736692	-0.11238139	0.8354175397	-0.1168603781	0.1820505721	0.1885166785	-0.01435787087	0.1885166785	0.1885166785	0.1883291672	0.7482908229	0.7482908229	0.6645116226	-0.01855011915	0.6027347817	0.157708234	0.4649414023	-0.09532202676	0.50480271	0.06744841814	0.06744841814	0.2324474858	0.06673055709	0.2328100806	0.5016029427	0.08586306928	0.2262813461	0.08789595803	0.02069351026	-0.04603996246	0.4784013018	0.4351003191
chr11_2077486_A_G	-0.09251732926	0.6741386632	0.6690596153	-0.4704336398	-0.4506083324	0.6524107088	0.2205377898	0.6486647184	0.6524107088	0.6524107088	0.5638313866	-0.4450424338	0.2205377898	0.3118468018	0.5662936225	-0.09136815344	-0.4000837775	-0.4608023541	-0.4587584688	0.2403153272	-0.4608023541	0.7641012208	0.7641012208	-0.1083444115	0.5931641787	-0.1052572189	-0.3169763627	-0.4033336619	0.980567837	0.980567837	0.980567837	0.6035445836	0.05741491038	0.6081952722	-0.1052572189	-0.1052572189	0.6081952722	0.6081952722	0.6081952722	-0.4002430103	0.6051669271	0.05644544666	0.05644544666	0.6084820744	-0.2984753918	-0.3120602782	-0.3120602782	-0.3120602782	-0.1022679395	1	0.1930011142	-0.1022679395	0.6949391498	0.6958637093	-0.1022679395	0.6949391498	0.6949391498	0.1376950308	-0.3317700502	0.9253843902	-0.3317700502	-0.1022679395	0.6907241062	0.6905993965	-0.3553981938	0.6895928812	0.6880496844	0.9231545024	-0.1022679395	0.6907241062	-0.1022679395	-0.1218179245	0.9956709179	0.9956709179	0.6905993965	0.6905993965	0.92870011	0.6905993965	0.6905993965	-0.2555336218	0.1920205946	-0.1218179245	0.9934793646	-0.1218179245	-0.3362711753	-0.3667272929	0.9934793646	-0.3667272929	-0.1301638347	-0.3667272929	-0.1218179245	-0.3649601612	-0.3362711753	-0.1218179245	-0.3655435629	0.8347767539	-0.3667272929	0.8310269183	-0.3667272929	-0.3362711753	0.8310269183	-0.1182643927	-0.3655435629	-0.1301638347	-0.3362711753	-0.3655435629	-0.3362711753	0.8555804135	-0.3407641837	-0.3652199269	-0.1022679395	-0.04655962159	-0.04655962159	-0.3663708059	0.8320935907	0.1637363871	-0.09691390078	0.7779284052	0.7697750529	-0.06662146899	-0.1169149849	0.5450508649	-0.1169149849	-0.1010099289	0.5450508649	-0.3278951791	-0.3278951791	-0.3319423384	-0.1010099289	0.5450508649	0.5450508649	0.5450508649	0.8304444785	-0.3319423384	-0.3478651718	-0.09767649992	-0.3533659501	-0.3305210674	0.1388864521	0.8154555973	-0.09446550872	0.8070038036	0.4982674264	0.5178019834	-0.3212408725	0.5178019834	0.5178019834	0.5159647123	-0.0799884514	-0.0799884514	-0.02525222629	0.5090662832	-0.001110801743	0.3761229141	0.0279834296	0.1291623256	-0.009161737147	0.4027363176	0.4027363176	0.4004746737	0.399888729	0.3990410562	-0.008739521247	0.4006765673	0.3602549284	0.4091629843	0.1531418925	-0.04166498536	0.003026081698	0.01991828398
chr11_2077866_C_T	-0.0551341168	0.2104421368	0.2262168698	-0.0966476034	-0.1034934805	0.234173772	0.03992759178	0.2231254418	0.234173772	0.234173772	0.2278140845	-0.1004901269	0.06078719903	0.0911248327	0.2396508946	-0.005128080682	-0.1039402474	-0.09922912246	-0.09880710448	-0.06605318742	-0.09922912246	0.182294003	0.182294003	-0.07334157925	0.07901429362	-0.07443543874	-0.08999139451	-0.1003256522	0.1962799598	0.1962799598	0.1962799598	0.08333396618	0.6365112726	0.08718373508	-0.07443543874	-0.07443543874	0.08718373508	0.08718373508	0.08718373508	-0.09241569822	0.08763705887	0.6418716698	0.6418716698	0.08633455467	-0.07812134681	-0.04375680556	-0.04375680556	-0.04375680556	-0.07551820094	0.1930011142	1	-0.07551820094	0.1188185889	0.124183303	-0.07551820094	0.1188185889	0.1188185889	-0.05230894722	-0.05460952217	0.1567311975	-0.05460952217	-0.07551820094	0.1188185889	0.1179356413	-0.08737359938	0.1196179936	0.1192184565	0.1572091457	-0.07551820094	0.1188185889	-0.07551820094	-0.06884382581	0.1921655965	0.1921655965	0.1179356413	0.1179356413	-0.1609070732	0.1179356413	0.1179356413	0.3361062633	0.9831758873	-0.06884382581	0.1934865726	-0.06884382581	-0.05558197366	-0.08285396892	0.1934865726	-0.08285396892	-0.06998785067	-0.08285396892	-0.06884382581	-0.08252719457	-0.05558197366	-0.06884382581	-0.08375861401	0.1623478164	-0.08285396892	0.1614979614	-0.08285396892	-0.05558197366	0.1614979614	-0.06998785067	-0.08375861401	-0.06998785067	-0.05558197366	-0.08375861401	-0.05558197366	0.1695605465	-0.0565523429	-0.08827663707	-0.07551820094	-0.03946667162	-0.03946667162	-0.08737359938	0.1813552963	0.05598536206	-0.07334157925	0.1551280146	0.1465759292	-0.03425590788	-0.06651236532	0.1135609275	-0.06651236532	-0.06768558952	0.1135609275	-0.05897923522	-0.05897923522	-0.05848707649	-0.06768558952	0.1135609275	0.1135609275	0.1135609275	0.1838587857	-0.05848707649	-0.08466286134	-0.06884382581	-0.08466286134	-0.05945155959	-0.05085971321	0.1834452755	-0.06998785067	0.1817626502	0.1055814536	0.1115382466	-0.06136393607	0.1115382466	0.1115382466	0.1111607005	-0.06165159068	-0.06165159068	-0.06884382581	0.1398399112	-0.06884382581	0.08695154874	-0.06289396899	0.2341249135	-0.0006752955571	0.1521325281	0.1521325281	0.1388084147	0.151654673	0.1392717948	-0.02699212296	0.02393892907	0.1288990287	0.02601551975	0.0345469957	0.01297843909	-0.0471843064	-0.03153973452
chr11_2078005_C_G	-0.01793315353	-0.09264247015	-0.1034347346	0.07059242791	0.06409466824	-0.1019066735	-0.02772228324	-0.09891033339	-0.1019066735	-0.1019066735	-0.09351243141	0.06764367476	-0.02772228324	-0.06593579195	-0.09395865002	0.6113867723	0.1179041077	0.1389004145	0.1402991091	-0.05497921169	0.1389004145	-0.1340109824	-0.1340109824	0.9711775219	0.1447510356	0.9567781438	-0.1445865246	-0.1581591294	-0.09763496084	-0.09763496084	-0.09763496084	0.1492517159	0.6883578278	0.1534690176	0.9856622352	0.9856622352	0.1534690176	0.1534690176	0.1534690176	-0.1503461107	0.1537577991	0.6942072202	0.6942072202	0.1524850538	-0.1497907893	-0.1166161595	-0.1166161595	-0.1010482365	1	-0.1022679395	-0.07551820094	1	0.2098108076	0.1511667296	1	0.2098108076	0.2098108076	-0.01883432769	-0.09688144447	0.2770748252	-0.09688144447	1	0.2098108076	0.2087395248	0.4029455756	0.2102513546	0.2100299544	0.277432773	1	0.2098108076	1	0.9116189865	-0.1018252132	-0.1018252132	0.2087395248	0.2087395248	-0.07356979982	0.2087395248	0.2087395248	0.3438370268	-0.07681046893	0.9116189865	-0.1012490973	0.9116189865	-0.09790771102	0.3256173578	-0.1012490973	0.3256173578	0.8963178344	0.3256173578	0.9116189865	0.3293287654	-0.09790771102	0.9116189865	0.3242212516	-0.1461717399	0.3256173578	-0.1485976436	0.3256173578	-0.09790771102	-0.1485976436	0.8963178344	0.3242212516	0.8963178344	-0.09790771102	0.3242212516	-0.09790771102	-0.1368442351	-0.09893253591	0.3874870922	0.9714669156	-0.04403377527	-0.04403377527	0.3889063604	-0.1152061186	0.04177764612	0.9711775219	0.1961786238	0.2005092211	-0.03822001925	0.8807461577	0.1919353182	0.8807461577	0.8649334186	0.1919353182	-0.01103149054	-0.01103149054	-0.009958207674	0.8649334186	0.1919353182	0.1919353182	0.1919353182	-0.1140099552	-0.009958207674	0.3650613341	0.880730566	0.3791375833	-0.01111983421	-0.01617736692	-0.11238139	0.8354175397	-0.1168603781	0.1820505721	0.1885166785	-0.01435787087	0.1885166785	0.1885166785	0.1883291672	0.7482908229	0.7482908229	0.6645116226	-0.01855011915	0.6027347817	0.157708234	0.4649414023	-0.09532202676	0.50480271	0.06744841814	0.06744841814	0.2324474858	0.06673055709	0.2328100806	0.5016029427	0.08586306928	0.2262813461	0.08789595803	0.02069351026	-0.04603996246	0.4784013018	0.4351003191
chr11_2078638_T_C	-0.07240547518	0.473928161	0.4578841688	-0.08075177199	-0.07619564356	0.4535256051	0.1105642959	0.4509460245	0.4535256051	0.4535256051	0.4241762648	-0.06824343386	0.1033870835	0.4466300756	0.425438516	0.09481491493	0.0008006632071	-0.06182988298	-0.0653865343	0.1245503241	-0.06182988298	0.5116271581	0.5116271581	0.197943969	0.8425815639	0.1930104227	-0.04770409096	0.08325941253	0.6933306168	0.6933306168	0.6933306168	0.8608923439	0.2329498184	0.8688449998	0.2039292215	0.2039292215	0.8688449998	0.8688449998	0.8688449998	0.0824618444	0.866454461	0.2362181606	0.2362181606	0.8673128321	-0.07835583744	0.327394014	0.327394014	0.3332790189	0.2098108076	0.6949391498	0.1188185889	0.2098108076	1	0.9878579622	0.2098108076	1	1	0.07061716839	0.3471949204	0.7515137398	0.3471949204	0.2098108076	0.9959226215	0.9938955417	0.4224967522	0.9959802001	0.9939103933	0.7511364586	0.2098108076	0.9959226215	0.2098108076	0.1728309721	0.6961274975	0.6961274975	0.9938955417	0.9938955417	0.6578566417	0.9938955417	0.9938955417	0.4389163785	0.1144485838	0.1728309721	0.694841732	0.1728309721	0.3395697152	0.39306904	0.694841732	0.39306904	0.1562785455	0.39306904	0.1728309721	0.3866774314	0.3395697152	0.1728309721	0.3915073155	0.4670484366	0.39306904	0.4586339219	0.39306904	0.3395697152	0.4586339219	0.1677893466	0.3915073155	0.1562785455	0.3395697152	0.3915073155	0.3395697152	0.4960995293	0.3319757689	0.4050384024	0.1990246969	-0.0676580024	-0.0676580024	0.4012682683	0.4958729864	0.1359387815	0.2090011544	0.5483612586	0.5417824888	-0.1161921552	0.1714903069	0.8235393919	0.1714903069	0.1780703634	0.8235393919	0.3466789593	0.3466789593	0.3455520578	0.1780703634	0.8235393919	0.8235393919	0.8235393919	0.5003098113	0.3455520578	0.4005965899	0.1845074498	0.4005965899	0.349455274	0.07592488914	0.4894178989	0.1793001478	0.4895417677	0.7822188624	0.8003870568	0.3330674912	0.8003870568	0.8003870568	0.7980916351	0.1692534084	0.1692534084	0.1494780168	0.6527012859	0.1728309721	0.5714892013	0.1507824267	-0.02975971438	0.1850505555	0.4261606195	0.4261606195	0.4688241231	0.426011347	0.4728085362	0.1402152841	0.3609859337	0.445342086	0.367875636	0.1453289714	0.06160128917	0.1094085108	0.1353909698
chr11_2078742_G_A	-0.06740187578	0.4726109408	0.4571017353	-0.06419452329	-0.05907967264	0.4524107323	0.1126186112	0.4496591222	0.4524107323	0.4524107323	0.4216515071	-0.05126177517	0.1053915113	0.4676405819	0.4230144325	0.1002429784	-0.01012264636	-0.07060790431	-0.07427334221	0.1316266295	-0.07060790431	0.5146849053	0.5146849053	0.1374336946	0.8321574357	0.1333752987	-0.037516394	0.09722329401	0.6939963925	0.6939963925	0.6939963925	0.8503677023	0.1918861431	0.8581326091	0.144369992	0.144369992	0.8581326091	0.8581326091	0.8581326091	0.09603555805	0.8557371658	0.194817748	0.194817748	0.8566538217	-0.06893330999	0.3394855954	0.3394855954	0.3454115059	0.1511667296	0.6958637093	0.124183303	0.1511667296	0.9878579622	1	0.1511667296	0.9878579622	0.9878579622	0.0746157237	0.3600190868	0.7304016801	0.3600190868	0.1511667296	0.9837522426	0.9817826908	0.405434395	0.9838216251	0.9817319074	0.7300168713	0.1511667296	0.9837522426	0.1511667296	0.1786487849	0.6970772257	0.6970772257	0.9817826908	0.9817826908	0.6568128316	0.9817826908	0.9817826908	0.4252787025	0.1198605912	0.1786487849	0.6957194835	0.1786487849	0.352395068	0.4075909205	0.6957194835	0.4075909205	0.1620580208	0.4075909205	0.1786487849	0.4011828773	0.352395068	0.1786487849	0.4060732368	0.4702419739	0.4075909205	0.4618748724	0.4075909205	0.352395068	0.4618748724	0.1736488315	0.4060732368	0.1620580208	0.352395068	0.4060732368	0.352395068	0.4989689561	0.3448025513	0.3879371399	0.1403056467	-0.06548174374	-0.06548174374	0.3840583559	0.498045528	0.1398787773	0.1485677365	0.5524863593	0.5456532804	-0.1147026694	0.177142459	0.8115478516	0.177142459	0.1838469257	0.8115478516	0.3253677097	0.3253677097	0.323935116	0.1838469257	0.8115478516	0.8115478516	0.8115478516	0.5024000685	0.323935116	0.3884901292	0.1904064236	0.3831320225	0.3279733572	0.07986315542	0.4913885248	0.1852396421	0.4917152841	0.7706272294	0.7885501325	0.3121579223	0.7885501325	0.7885501325	0.7862278831	0.1745640607	0.1745640607	0.1433758687	0.6406878836	0.1668911462	0.5619777865	0.1433173587	-0.01902049402	0.1732013166	0.4112398697	0.4112398697	0.4478794049	0.4111077329	0.4518900874	0.1212032094	0.3615015741	0.4314231015	0.3683017783	0.1498468348	0.06479658233	0.04375402178	0.1286754496
chr11_2078745_A_T	-0.01793315353	-0.09264247015	-0.1034347346	0.07059242791	0.06409466824	-0.1019066735	-0.02772228324	-0.09891033339	-0.1019066735	-0.1019066735	-0.09351243141	0.06764367476	-0.02772228324	-0.06593579195	-0.09395865002	0.6113867723	0.1179041077	0.1389004145	0.1402991091	-0.05497921169	0.1389004145	-0.1340109824	-0.1340109824	0.9711775219	0.1447510356	0.9567781438	-0.1445865246	-0.1581591294	-0.09763496084	-0.09763496084	-0.09763496084	0.1492517159	0.6883578278	0.1534690176	0.9856622352	0.9856622352	0.1534690176	0.1534690176	0.1534690176	-0.1503461107	0.1537577991	0.6942072202	0.6942072202	0.1524850538	-0.1497907893	-0.1166161595	-0.1166161595	-0.1010482365	1	-0.1022679395	-0.07551820094	1	0.2098108076	0.1511667296	1	0.2098108076	0.2098108076	-0.01883432769	-0.09688144447	0.2770748252	-0.09688144447	1	0.2098108076	0.2087395248	0.4029455756	0.2102513546	0.2100299544	0.277432773	1	0.2098108076	1	0.9116189865	-0.1018252132	-0.1018252132	0.2087395248	0.2087395248	-0.07356979982	0.2087395248	0.2087395248	0.3438370268	-0.07681046893	0.9116189865	-0.1012490973	0.9116189865	-0.09790771102	0.3256173578	-0.1012490973	0.3256173578	0.8963178344	0.3256173578	0.9116189865	0.3293287654	-0.09790771102	0.9116189865	0.3242212516	-0.1461717399	0.3256173578	-0.1485976436	0.3256173578	-0.09790771102	-0.1485976436	0.8963178344	0.3242212516	0.8963178344	-0.09790771102	0.3242212516	-0.09790771102	-0.1368442351	-0.09893253591	0.3874870922	0.9714669156	-0.04403377527	-0.04403377527	0.3889063604	-0.1152061186	0.04177764612	0.9711775219	0.1961786238	0.2005092211	-0.03822001925	0.8807461577	0.1919353182	0.8807461577	0.8649334186	0.1919353182	-0.01103149054	-0.01103149054	-0.009958207674	0.8649334186	0.1919353182	0.1919353182	0.1919353182	-0.1140099552	-0.009958207674	0.3650613341	0.880730566	0.3791375833	-0.01111983421	-0.01617736692	-0.11238139	0.8354175397	-0.1168603781	0.1820505721	0.1885166785	-0.01435787087	0.1885166785	0.1885166785	0.1883291672	0.7482908229	0.7482908229	0.6645116226	-0.01855011915	0.6027347817	0.157708234	0.4649414023	-0.09532202676	0.50480271	0.06744841814	0.06744841814	0.2324474858	0.06673055709	0.2328100806	0.5016029427	0.08586306928	0.2262813461	0.08789595803	0.02069351026	-0.04603996246	0.4784013018	0.4351003191
chr11_2078858_A_AT	-0.07240547518	0.473928161	0.4578841688	-0.08075177199	-0.07619564356	0.4535256051	0.1105642959	0.4509460245	0.4535256051	0.4535256051	0.4241762648	-0.06824343386	0.1033870835	0.4466300756	0.425438516	0.09481491493	0.0008006632071	-0.06182988298	-0.0653865343	0.1245503241	-0.06182988298	0.5116271581	0.5116271581	0.197943969	0.8425815639	0.1930104227	-0.04770409096	0.08325941253	0.6933306168	0.6933306168	0.6933306168	0.8608923439	0.2329498184	0.8688449998	0.2039292215	0.2039292215	0.8688449998	0.8688449998	0.8688449998	0.0824618444	0.866454461	0.2362181606	0.2362181606	0.8673128321	-0.07835583744	0.327394014	0.327394014	0.3332790189	0.2098108076	0.6949391498	0.1188185889	0.2098108076	1	0.9878579622	0.2098108076	1	1	0.07061716839	0.3471949204	0.7515137398	0.3471949204	0.2098108076	0.9959226215	0.9938955417	0.4224967522	0.9959802001	0.9939103933	0.7511364586	0.2098108076	0.9959226215	0.2098108076	0.1728309721	0.6961274975	0.6961274975	0.9938955417	0.9938955417	0.6578566417	0.9938955417	0.9938955417	0.4389163785	0.1144485838	0.1728309721	0.694841732	0.1728309721	0.3395697152	0.39306904	0.694841732	0.39306904	0.1562785455	0.39306904	0.1728309721	0.3866774314	0.3395697152	0.1728309721	0.3915073155	0.4670484366	0.39306904	0.4586339219	0.39306904	0.3395697152	0.4586339219	0.1677893466	0.3915073155	0.1562785455	0.3395697152	0.3915073155	0.3395697152	0.4960995293	0.3319757689	0.4050384024	0.1990246969	-0.0676580024	-0.0676580024	0.4012682683	0.4958729864	0.1359387815	0.2090011544	0.5483612586	0.5417824888	-0.1161921552	0.1714903069	0.8235393919	0.1714903069	0.1780703634	0.8235393919	0.3466789593	0.3466789593	0.3455520578	0.1780703634	0.8235393919	0.8235393919	0.8235393919	0.5003098113	0.3455520578	0.4005965899	0.1845074498	0.4005965899	0.349455274	0.07592488914	0.4894178989	0.1793001478	0.4895417677	0.7822188624	0.8003870568	0.3330674912	0.8003870568	0.8003870568	0.7980916351	0.1692534084	0.1692534084	0.1494780168	0.6527012859	0.1728309721	0.5714892013	0.1507824267	-0.02975971438	0.1850505555	0.4261606195	0.4261606195	0.4688241231	0.426011347	0.4728085362	0.1402152841	0.3609859337	0.445342086	0.367875636	0.1453289714	0.06160128917	0.1094085108	0.1353909698
chr11_2080254_A_G	-0.07240547518	0.473928161	0.4578841688	-0.08075177199	-0.07619564356	0.4535256051	0.1105642959	0.4509460245	0.4535256051	0.4535256051	0.4241762648	-0.06824343386	0.1033870835	0.4466300756	0.425438516	0.09481491493	0.0008006632071	-0.06182988298	-0.0653865343	0.1245503241	-0.06182988298	0.5116271581	0.5116271581	0.197943969	0.8425815639	0.1930104227	-0.04770409096	0.08325941253	0.6933306168	0.6933306168	0.6933306168	0.8608923439	0.2329498184	0.8688449998	0.2039292215	0.2039292215	0.8688449998	0.8688449998	0.8688449998	0.0824618444	0.866454461	0.2362181606	0.2362181606	0.8673128321	-0.07835583744	0.327394014	0.327394014	0.3332790189	0.2098108076	0.6949391498	0.1188185889	0.2098108076	1	0.9878579622	0.2098108076	1	1	0.07061716839	0.3471949204	0.7515137398	0.3471949204	0.2098108076	0.9959226215	0.9938955417	0.4224967522	0.9959802001	0.9939103933	0.7511364586	0.2098108076	0.9959226215	0.2098108076	0.1728309721	0.6961274975	0.6961274975	0.9938955417	0.9938955417	0.6578566417	0.9938955417	0.9938955417	0.4389163785	0.1144485838	0.1728309721	0.694841732	0.1728309721	0.3395697152	0.39306904	0.694841732	0.39306904	0.1562785455	0.39306904	0.1728309721	0.3866774314	0.3395697152	0.1728309721	0.3915073155	0.4670484366	0.39306904	0.4586339219	0.39306904	0.3395697152	0.4586339219	0.1677893466	0.3915073155	0.1562785455	0.3395697152	0.3915073155	0.3395697152	0.4960995293	0.3319757689	0.4050384024	0.1990246969	-0.0676580024	-0.0676580024	0.4012682683	0.4958729864	0.1359387815	0.2090011544	0.5483612586	0.5417824888	-0.1161921552	0.1714903069	0.8235393919	0.1714903069	0.1780703634	0.8235393919	0.3466789593	0.3466789593	0.3455520578	0.1780703634	0.8235393919	0.8235393919	0.8235393919	0.5003098113	0.3455520578	0.4005965899	0.1845074498	0.4005965899	0.349455274	0.07592488914	0.4894178989	0.1793001478	0.4895417677	0.7822188624	0.8003870568	0.3330674912	0.8003870568	0.8003870568	0.7980916351	0.1692534084	0.1692534084	0.1494780168	0.6527012859	0.1728309721	0.5714892013	0.1507824267	-0.02975971438	0.1850505555	0.4261606195	0.4261606195	0.4688241231	0.426011347	0.4728085362	0.1402152841	0.3609859337	0.445342086	0.367875636	0.1453289714	0.06160128917	0.1094085108	0.1353909698
chr11_2080572_A_C	-0.06346548869	-0.1361595896	-0.1276502734	-0.1203546538	-0.1259371397	-0.1277486022	-0.07180693506	-0.1255301911	-0.1277486022	-0.1277486022	-0.09153215303	-0.1236667801	-0.07180693506	-0.02073660882	-0.09168424634	-0.0549618866	-0.1220405205	-0.1231971262	-0.123043867	0.4978092701	-0.1231971262	0.1017207433	0.1017207433	-0.0566800234	0.06055160378	-0.05752538264	-0.03690427841	-0.06484224184	0.1402641682	0.1402641682	0.1402641682	0.06389283115	-0.0821807083	0.06686872514	-0.05752538264	-0.05752538264	0.06686872514	0.06686872514	0.06686872514	-0.05845130926	0.0672210288	-0.08149440095	-0.08149440095	0.05044937507	-0.04818418663	-0.06999275409	-0.06999275409	-0.06999275409	-0.01883432769	0.1376950308	-0.05230894722	-0.01883432769	0.07061716839	0.0746157237	-0.01883432769	0.07061716839	0.07061716839	1	-0.07768183965	0.124965133	-0.07768183965	-0.01883432769	0.07061716839	0.06995846361	-0.08069941034	0.07135889788	0.07098852088	0.125327916	-0.01883432769	0.07061716839	-0.01883432769	-0.0104132943	0.1370989377	0.1370989377	0.06995846361	0.06995846361	0.1572784536	0.06995846361	0.06995846361	-0.101001984	-0.05320405829	-0.0104132943	0.1380874238	-0.0104132943	-0.07837542884	-0.07726555885	0.1380874238	-0.07726555885	-0.01190457692	-0.07726555885	-0.0104132943	-0.07711896767	-0.07837542884	-0.0104132943	-0.07795244512	0.1103012075	-0.07726555885	0.1095759551	-0.07726555885	-0.07837542884	0.1095759551	-0.01190457692	-0.07795244512	-0.01190457692	-0.07837542884	-0.07795244512	-0.07837542884	0.1003256315	-0.07906827874	-0.1008186772	-0.05836216564	0.04086222502	0.04086222502	-0.1001484057	0.1249160856	-0.03451795709	-0.0566800234	0.1048864319	0.1077536907	-0.02647373673	-0.05140225315	0.0458963237	-0.05140225315	-0.05230894722	0.0458963237	-0.08049809765	-0.08049809765	-0.08045190477	-0.05230894722	0.0458963237	0.0458963237	0.0458963237	0.1267741958	-0.08045190477	-0.09813954523	-0.0104132943	-0.09813954523	-0.08114275187	0.9722947203	0.126554923	-0.05408818646	0.1251296972	0.04035977245	0.04507884521	-0.08191665215	0.04507884521	0.04507884521	0.04463706619	-0.04764573709	-0.04764573709	-0.05320405829	0.08639932852	-0.05320405829	0.04407548909	-0.04860587501	0.1744719929	-0.03697918135	0.1214273424	0.1214273424	0.1020434874	0.121065008	0.1024120093	-0.04777462891	0.01567475359	0.09771202118	0.01729315661	0.06909294513	0.1049024718	-0.05926743561	-0.05140225315
chr11_2080612_C_T	0.03507663555	-0.2047669312	-0.2145964513	0.4901325334	0.4729982087	-0.1988791331	-0.138800562	-0.1990380407	-0.1988791331	-0.1988791331	-0.1182646275	0.4746832701	-0.148959741	0.2371845812	-0.1196160045	-0.06670982173	0.4832981677	0.4671546829	0.4585536323	-0.1218795668	0.4671546829	-0.2514588161	-0.2514588161	-0.08997034654	0.2991988435	-0.09345878788	0.4463247682	0.757878925	-0.3159244747	-0.3159244747	-0.3159244747	0.3084424015	-0.1155361656	0.3110177294	-0.09345878788	-0.09345878788	0.3110177294	0.3110177294	0.3110177294	0.7482474166	0.3116287516	-0.1127263137	-0.1127263137	0.3089977793	0.3802608765	0.9554049972	0.9554049972	0.9554049972	-0.09688144447	-0.3317700502	-0.05460952217	-0.09688144447	0.3471949204	0.3600190868	-0.09688144447	0.3471949204	0.3471949204	-0.07768183965	1	-0.3577566346	1	-0.09688144447	0.3471949204	0.3450863953	0.8718807134	0.3485922916	0.3478927178	-0.3554300805	-0.09688144447	0.3471949204	-0.09688144447	-0.07527071248	-0.3303337904	-0.3303337904	0.3450863953	0.3450863953	-0.308346775	0.3450863953	0.3450863953	0.7903555657	-0.05874292694	-0.07527071248	-0.329492886	-0.07527071248	0.9959316793	0.8870511118	-0.329492886	0.8870511118	-0.0790673614	0.8870511118	-0.07527071248	0.8736049542	0.9959316793	-0.07527071248	0.8839795983	-0.4097705475	0.8870511118	-0.4152511103	0.8870511118	0.9959316793	-0.4152511103	-0.0790673614	0.8839795983	-0.0790673614	0.9959316793	0.8839795983	0.9959316793	-0.4022252756	0.9918957259	0.8689016851	-0.09688144447	-0.007835079517	-0.007835079517	0.8643686058	-0.376098772	-0.05343001315	-0.08997034654	-0.3938811821	-0.3943954116	-0.05225712384	-0.06739891392	0.3186537948	-0.06739891392	-0.07138342691	0.3186537948	0.9480710532	0.9480710532	0.9514503781	-0.07138342691	0.3186537948	0.3186537948	0.3186537948	-0.3682270533	0.9514503781	0.8507993303	-0.07527071248	0.8507993303	0.955663506	-0.07324468863	-0.3640025292	-0.06277408718	-0.3498106525	0.3295817121	0.3249869313	0.9214913759	0.3249869313	0.3249869313	0.3243731824	-0.05032885829	-0.05032885829	-0.1083262836	0.2378092257	-0.07527071248	0.2116226802	-0.07268005936	-0.1654098734	0.005121236537	0.01534251682	0.01534251682	-0.009093734736	0.01942559542	-0.001696597489	-0.05698858608	-0.08970771999	0.01582834657	-0.09266837709	-0.01423013655	0.1695282292	-0.1040565048	-0.06739891392
chr11_2081637_C_CT	-0.09677399806	0.6159669371	0.6069058622	-0.425207044	-0.4086166094	0.5915089882	0.2077385268	0.5890521384	0.5915089882	0.5915089882	0.5055735566	-0.401883538	0.2077385268	0.2778811529	0.5077811183	0.141341651	-0.3391927242	-0.3902009924	-0.3876919	0.2097616655	-0.3902009924	0.6863527635	0.6863527635	0.2603965153	0.6285272947	0.2579379416	-0.3614817198	-0.4502454938	0.912635655	0.912635655	0.912635655	0.6402577536	0.31323888	0.6463649857	0.2688104227	0.2688104227	0.6463649857	0.6463649857	0.6463649857	-0.4442641171	0.6435547465	0.3145166867	0.3145166867	0.6462603095	-0.3455288972	-0.3461019086	-0.3461019086	-0.3402418679	0.2770748252	0.9253843902	0.1567311975	0.2770748252	0.7515137398	0.7304016801	0.2770748252	0.7515137398	0.7515137398	0.124965133	-0.3577566346	1	-0.3577566346	0.2770748252	0.7474536576	0.7469184793	-0.1926450385	0.746527971	0.7449590796	0.9979876379	0.2770748252	0.7474536576	0.2770748252	0.2250491679	0.9255573186	0.9255573186	0.7469184793	0.7469184793	0.8719814101	0.7469184793	0.7469184793	-0.1189438554	0.1552874924	0.2250491679	0.923685449	0.2250491679	-0.3624875165	-0.2326199709	0.923685449	-0.2326199709	0.2112378187	-0.2326199709	0.2250491679	-0.2295253801	-0.3624875165	0.2250491679	-0.2320143261	0.7533320843	-0.2326199709	0.7488087236	-0.2326199709	-0.3624875165	0.7488087236	0.2226997909	-0.2320143261	0.2112378187	-0.3624875165	-0.2320143261	-0.3624875165	0.7769520036	-0.3672100418	-0.2079336466	0.2663344694	-0.06185918443	-0.06185918443	-0.2084988628	0.7583469815	0.1729490065	0.271406796	0.8231221455	0.8169330325	-0.07893749054	0.2181765468	0.595879755	0.2181765468	0.2275317108	0.595879755	-0.3217394965	-0.3217394965	-0.3252389009	0.2275317108	0.595879755	0.595879755	0.595879755	0.7572273985	-0.3252389009	-0.1996219949	0.2366761138	-0.1996219949	-0.3243160881	0.1271288969	0.7434098268	0.2226997909	0.7335494865	0.5470469501	0.5683704053	-0.3165949864	0.5683704053	0.5683704053	0.5665164802	0.2039407158	0.2039407158	0.2250491679	0.4826387826	0.2250491679	0.420192879	0.2012716832	0.08672885768	0.1806628879	0.4135597067	0.4135597067	0.4732326149	0.4105387084	0.4719963972	0.1797107485	0.4225621019	0.4323180342	0.4315053374	0.1547230829	-0.05791953104	0.1821459386	0.1822303435
chr11_2081917_A_G	0.03507663555	-0.2047669312	-0.2145964513	0.4901325334	0.4729982087	-0.1988791331	-0.138800562	-0.1990380407	-0.1988791331	-0.1988791331	-0.1182646275	0.4746832701	-0.148959741	0.2371845812	-0.1196160045	-0.06670982173	0.4832981677	0.4671546829	0.4585536323	-0.1218795668	0.4671546829	-0.2514588161	-0.2514588161	-0.08997034654	0.2991988435	-0.09345878788	0.4463247682	0.757878925	-0.3159244747	-0.3159244747	-0.3159244747	0.3084424015	-0.1155361656	0.3110177294	-0.09345878788	-0.09345878788	0.3110177294	0.3110177294	0.3110177294	0.7482474166	0.3116287516	-0.1127263137	-0.1127263137	0.3089977793	0.3802608765	0.9554049972	0.9554049972	0.9554049972	-0.09688144447	-0.3317700502	-0.05460952217	-0.09688144447	0.3471949204	0.3600190868	-0.09688144447	0.3471949204	0.3471949204	-0.07768183965	1	-0.3577566346	1	-0.09688144447	0.3471949204	0.3450863953	0.8718807134	0.3485922916	0.3478927178	-0.3554300805	-0.09688144447	0.3471949204	-0.09688144447	-0.07527071248	-0.3303337904	-0.3303337904	0.3450863953	0.3450863953	-0.308346775	0.3450863953	0.3450863953	0.7903555657	-0.05874292694	-0.07527071248	-0.329492886	-0.07527071248	0.9959316793	0.8870511118	-0.329492886	0.8870511118	-0.0790673614	0.8870511118	-0.07527071248	0.8736049542	0.9959316793	-0.07527071248	0.8839795983	-0.4097705475	0.8870511118	-0.4152511103	0.8870511118	0.9959316793	-0.4152511103	-0.0790673614	0.8839795983	-0.0790673614	0.9959316793	0.8839795983	0.9959316793	-0.4022252756	0.9918957259	0.8689016851	-0.09688144447	-0.007835079517	-0.007835079517	0.8643686058	-0.376098772	-0.05343001315	-0.08997034654	-0.3938811821	-0.3943954116	-0.05225712384	-0.06739891392	0.3186537948	-0.06739891392	-0.07138342691	0.3186537948	0.9480710532	0.9480710532	0.9514503781	-0.07138342691	0.3186537948	0.3186537948	0.3186537948	-0.3682270533	0.9514503781	0.8507993303	-0.07527071248	0.8507993303	0.955663506	-0.07324468863	-0.3640025292	-0.06277408718	-0.3498106525	0.3295817121	0.3249869313	0.9214913759	0.3249869313	0.3249869313	0.3243731824	-0.05032885829	-0.05032885829	-0.1083262836	0.2378092257	-0.07527071248	0.2116226802	-0.07268005936	-0.1654098734	0.005121236537	0.01534251682	0.01534251682	-0.009093734736	0.01942559542	-0.001696597489	-0.05698858608	-0.08970771999	0.01582834657	-0.09266837709	-0.01423013655	0.1695282292	-0.1040565048	-0.06739891392
chr11_2082061_G_A	-0.01793315353	-0.09264247015	-0.1034347346	0.07059242791	0.06409466824	-0.1019066735	-0.02772228324	-0.09891033339	-0.1019066735	-0.1019066735	-0.09351243141	0.06764367476	-0.02772228324	-0.06593579195	-0.09395865002	0.6113867723	0.1179041077	0.1389004145	0.1402991091	-0.05497921169	0.1389004145	-0.1340109824	-0.1340109824	0.9711775219	0.1447510356	0.9567781438	-0.1445865246	-0.1581591294	-0.09763496084	-0.09763496084	-0.09763496084	0.1492517159	0.6883578278	0.1534690176	0.9856622352	0.9856622352	0.1534690176	0.1534690176	0.1534690176	-0.1503461107	0.1537577991	0.6942072202	0.6942072202	0.1524850538	-0.1497907893	-0.1166161595	-0.1166161595	-0.1010482365	1	-0.1022679395	-0.07551820094	1	0.2098108076	0.1511667296	1	0.2098108076	0.2098108076	-0.01883432769	-0.09688144447	0.2770748252	-0.09688144447	1	0.2098108076	0.2087395248	0.4029455756	0.2102513546	0.2100299544	0.277432773	1	0.2098108076	1	0.9116189865	-0.1018252132	-0.1018252132	0.2087395248	0.2087395248	-0.07356979982	0.2087395248	0.2087395248	0.3438370268	-0.07681046893	0.9116189865	-0.1012490973	0.9116189865	-0.09790771102	0.3256173578	-0.1012490973	0.3256173578	0.8963178344	0.3256173578	0.9116189865	0.3293287654	-0.09790771102	0.9116189865	0.3242212516	-0.1461717399	0.3256173578	-0.1485976436	0.3256173578	-0.09790771102	-0.1485976436	0.8963178344	0.3242212516	0.8963178344	-0.09790771102	0.3242212516	-0.09790771102	-0.1368442351	-0.09893253591	0.3874870922	0.9714669156	-0.04403377527	-0.04403377527	0.3889063604	-0.1152061186	0.04177764612	0.9711775219	0.1961786238	0.2005092211	-0.03822001925	0.8807461577	0.1919353182	0.8807461577	0.8649334186	0.1919353182	-0.01103149054	-0.01103149054	-0.009958207674	0.8649334186	0.1919353182	0.1919353182	0.1919353182	-0.1140099552	-0.009958207674	0.3650613341	0.880730566	0.3791375833	-0.01111983421	-0.01617736692	-0.11238139	0.8354175397	-0.1168603781	0.1820505721	0.1885166785	-0.01435787087	0.1885166785	0.1885166785	0.1883291672	0.7482908229	0.7482908229	0.6645116226	-0.01855011915	0.6027347817	0.157708234	0.4649414023	-0.09532202676	0.50480271	0.06744841814	0.06744841814	0.2324474858	0.06673055709	0.2328100806	0.5016029427	0.08586306928	0.2262813461	0.08789595803	0.02069351026	-0.04603996246	0.4784013018	0.4351003191
chr11_2082423_C_T	-0.07240547518	0.473928161	0.4578841688	-0.08914892596	-0.08042105405	0.4535256051	0.1105642959	0.4509460245	0.4535256051	0.4535256051	0.4241762648	-0.07670357815	0.1033870835	0.4420940179	0.425438516	0.08346219862	-0.004032970228	-0.07038287103	-0.07397131488	0.1245503241	-0.07038287103	0.5116271581	0.5116271581	0.197943969	0.83824695	0.1930104227	-0.05345681611	0.08325941253	0.6933306168	0.6933306168	0.6933306168	0.8608923439	0.2329498184	0.8645407802	0.2039292215	0.2039292215	0.8645407802	0.8645407802	0.8645407802	0.07747497302	0.8621668622	0.2362181606	0.2362181606	0.8587099868	-0.08442137559	0.327394014	0.327394014	0.3332790189	0.2098108076	0.6907241062	0.1188185889	0.2098108076	0.9959226215	0.9837522426	0.2098108076	0.9959226215	0.9959226215	0.07061716839	0.3471949204	0.7474536576	0.3471949204	0.2098108076	1	0.9938955417	0.4224967522	0.9959802001	0.9939103933	0.7470833404	0.2098108076	0.9959226215	0.2098108076	0.1728309721	0.6961274975	0.6961274975	0.9938955417	0.9938955417	0.6578566417	0.9938955417	0.9938955417	0.4389163785	0.1144485838	0.1728309721	0.694841732	0.1728309721	0.3395697152	0.39306904	0.694841732	0.39306904	0.1562785455	0.39306904	0.1728309721	0.3866774314	0.3395697152	0.1728309721	0.3915073155	0.4670484366	0.39306904	0.4586339219	0.39306904	0.3395697152	0.4586339219	0.1677893466	0.3915073155	0.1562785455	0.3395697152	0.3915073155	0.3395697152	0.4960995293	0.3319757689	0.4050384024	0.1990246969	-0.0676580024	-0.0676580024	0.4012682683	0.4958729864	0.1359387815	0.2090011544	0.5483612586	0.5417824888	-0.1161921552	0.1714903069	0.8235393919	0.1714903069	0.1780703634	0.8235393919	0.3466789593	0.3466789593	0.3455520578	0.1780703634	0.8235393919	0.8235393919	0.8235393919	0.5003098113	0.3455520578	0.4005965899	0.1845074498	0.4005965899	0.349455274	0.07592488914	0.4894178989	0.1793001478	0.4895417677	0.7822188624	0.8003870568	0.3330674912	0.8003870568	0.8003870568	0.7980916351	0.1692534084	0.1692534084	0.1494780168	0.6527012859	0.1728309721	0.5714892013	0.1507824267	-0.02975971438	0.1850505555	0.4261606195	0.4261606195	0.4688241231	0.426011347	0.4728085362	0.1402152841	0.3609859337	0.445342086	0.367875636	0.1453289714	0.06160128917	0.1094085108	0.1353909698
chr11_2082702_C_CA	-0.0732351711	0.4792491308	0.4631173474	-0.09187971985	-0.08746941927	0.458918699	0.116202722	0.4563544858	0.458918699	0.458918699	0.4262288298	-0.07950404812	0.1090335154	0.4439266114	0.4274649701	0.08258063083	-0.007049825395	-0.07319585654	-0.0767822776	0.1325138173	-0.07319585654	0.5203302606	0.5203302606	0.1969100546	0.8400036515	0.1919698842	-0.0551363567	0.07607899316	0.6932439362	0.6932439362	0.6932439362	0.8540506798	0.2315110301	0.8620465744	0.2028765036	0.2028765036	0.8620465744	0.8620465744	0.8620465744	0.07523915454	0.8596899701	0.2347855723	0.2347855723	0.8562144924	-0.08597509478	0.3254059402	0.3254059402	0.3312843807	0.2087395248	0.6905993965	0.1179356413	0.2087395248	0.9938955417	0.9817826908	0.2087395248	0.9938955417	0.9938955417	0.06995846361	0.3450863953	0.7469184793	0.3450863953	0.2087395248	0.9938955417	1	0.4200307525	0.9939749702	0.9918965548	0.7465563424	0.2087395248	0.9938955417	0.2087395248	0.1718749354	0.695993965	0.695993965	0.9918634253	0.9918634253	0.6580514128	0.9918634253	0.9918634253	0.4361888233	0.1135576696	0.1718749354	0.6947200562	0.1718749354	0.3374607366	0.390681377	0.6947200562	0.390681377	0.1553282887	0.390681377	0.1718749354	0.3842922699	0.3374607366	0.1718749354	0.3891123185	0.4708074561	0.390681377	0.4624041022	0.390681377	0.3374607366	0.4624041022	0.1668262501	0.3891123185	0.1553282887	0.3374607366	0.3891123185	0.3374607366	0.4998964096	0.3298662978	0.4025827334	0.1979654455	-0.06802008946	-0.06802008946	0.3988259479	0.499822773	0.1352919624	0.2079549062	0.551922574	0.545403672	-0.1164423345	0.1705616139	0.8255497585	0.1705616139	0.1771213234	0.8255497585	0.3445401998	0.3445401998	0.3434095024	0.1771213234	0.8255497585	0.8255497585	0.8255497585	0.5042949387	0.3434095024	0.3981823654	0.1835383885	0.3981823654	0.3472993867	0.07527633113	0.4933941884	0.1783242115	0.4935196833	0.7841617176	0.8023710793	0.3309308235	0.8023710793	0.8023710793	0.8000800157	0.1683811006	0.1683811006	0.1485480291	0.6554031458	0.1718749354	0.5782615013	0.1499169484	-0.0206108333	0.1843136466	0.4340720381	0.4340720381	0.476320789	0.433929733	0.4802929959	0.1393735177	0.3648923515	0.453021212	0.3658374016	0.1445869294	0.06107508478	0.1084362348	0.1345025437
chr11_2082990_C_T	0.02343100414	-0.2338764833	-0.248225363	0.485434954	0.4664819819	-0.2330206536	-0.1412742714	-0.2316924792	-0.2330206536	-0.2330206536	-0.1547613768	0.4697777072	-0.15061614	0.1856604026	-0.1562235892	0.2394793981	0.5024293175	0.4979154561	0.4906945673	-0.1391258821	0.4979154561	-0.2971666535	-0.2971666535	0.3951190662	0.3463504343	0.3848263043	0.3392764258	0.6190877485	-0.3385478239	-0.3385478239	-0.3385478239	0.3570648266	0.2324534437	0.3615080194	0.3990382265	0.3990382265	0.3615080194	0.3615080194	0.3615080194	0.614075361	0.3622119746	0.2379153352	0.2379153352	0.3591664325	0.2759667334	0.8211632695	0.8211632695	0.8288231993	0.4029455756	-0.3553981938	-0.08737359938	0.4029455756	0.4224967522	0.405434395	0.4029455756	0.4224967522	0.4224967522	-0.08069941034	0.8718807134	-0.1926450385	0.8718807134	0.4029455756	0.4224967522	0.4200307525	1	0.4239984678	0.4232462389	-0.1903295346	0.4029455756	0.4224967522	0.4029455756	0.3793313515	-0.3538596458	-0.3538596458	0.4200307525	0.4200307525	-0.3197389032	0.4200307525	0.4200307525	0.8959502369	-0.09181030827	0.3793313515	-0.3528029245	0.3793313515	0.867634734	0.9759019086	-0.3528029245	0.9759019086	0.3683114749	0.9759019086	0.3793313515	0.9653636348	0.867634734	0.3793313515	0.9723905696	-0.4487256301	0.9759019086	-0.4549589036	0.9759019086	0.867634734	-0.4549589036	0.3683114749	0.9723905696	0.3683114749	0.867634734	0.9723905696	0.867634734	-0.4371979397	0.8634192273	0.9896545539	0.3889063604	-0.02887080864	-0.02887080864	0.9861844893	-0.4025266601	-0.02857557057	0.3951190662	-0.2656669405	-0.2640090037	-0.06685852128	0.3713794141	0.3874564442	0.3713794141	0.3599350695	0.3874564442	0.8663704717	0.8663704717	0.8700060189	0.3599350695	0.3874564442	0.3874564442	0.3874564442	-0.3946996728	0.8700060189	0.9619743313	0.3641332335	0.9689003085	0.8733086404	-0.07531191802	-0.3900137059	0.3533290016	-0.3791673813	0.3926415858	0.391597994	0.8402924525	0.391597994	0.391597994	0.3909413597	0.3219037983	0.3219037983	0.227350171	0.2095501025	0.227350171	0.2721951786	0.1619335335	-0.1990041477	0.253088755	0.04729504321	0.04729504321	0.1060096628	0.05069642514	0.1129901057	0.1944013038	-0.04024324312	0.1258928085	-0.04196546599	-0.002903428761	0.1332364353	0.1397040496	0.1521070149
chr11_2083709_C_T	-0.07940148676	0.4768741953	0.4567974989	-0.08299430842	-0.07834470484	0.4524247422	0.1055845221	0.4498021352	0.4524247422	0.4524247422	0.4263490379	-0.07051062515	0.09844924967	0.4439003141	0.4275963019	0.08454396432	0.002004701816	-0.06421597448	-0.06777950817	0.1258664054	-0.06421597448	0.5112881554	0.5112881554	0.1984058249	0.8409185559	0.1935252476	-0.04968256819	0.08232643178	0.6920898149	0.6920898149	0.6920898149	0.8589988122	0.2257385209	0.8668131441	0.2043802426	0.2043802426	0.8668131441	0.8668131441	0.8668131441	0.08130069985	0.868669926	0.2289188177	0.2289188177	0.8610291535	-0.08064788665	0.3287112938	0.3287112938	0.3345619097	0.2102513546	0.6895928812	0.1196179936	0.2102513546	0.9959802001	0.9838216251	0.2102513546	0.9959802001	0.9959802001	0.07135889788	0.3485922916	0.746527971	0.3485922916	0.2102513546	0.9959802001	0.9939749702	0.4239984678	1	0.9979875686	0.7501668674	0.2102513546	0.9959802001	0.2102513546	0.1733403168	0.6949521218	0.6949521218	0.9939749702	0.9939749702	0.6605330811	0.9939749702	0.9939749702	0.4358328743	0.1036908386	0.1733403168	0.6936649679	0.1733403168	0.3410294772	0.3946521237	0.6936649679	0.3946521237	0.1569098609	0.3946521237	0.1733403168	0.3883070766	0.3410294772	0.1733403168	0.3931175913	0.4685528964	0.3946521237	0.4602415959	0.3946521237	0.3410294772	0.4602415959	0.1683533989	0.3931175913	0.1569098609	0.3410294772	0.3931175913	0.3410294772	0.497244485	0.3334977476	0.4066603354	0.1995282724	-0.06639167387	-0.06639167387	0.4028940323	0.496827959	0.1361301102	0.2093983978	0.5494649297	0.5428739182	-0.1147572118	0.1719560339	0.8257777778	0.1719560339	0.1785235312	0.8257777778	0.3481406735	0.3481406735	0.3470304152	0.1785235312	0.8257777778	0.8257777778	0.8257777778	0.5012231132	0.3470304152	0.4021718444	0.1849485631	0.4021718444	0.3509286941	0.07660362064	0.4903522768	0.1797969368	0.4905769089	0.7847309503	0.8026351496	0.3346348022	0.8026351496	0.8026351496	0.8003957145	0.1696249367	0.1696249367	0.1501238241	0.6544863495	0.1733403168	0.5754972949	0.1512893073	-0.03142033456	0.1850251824	0.427242941	0.427242941	0.4701162745	0.4271176	0.4740530567	0.1407601768	0.3621811125	0.4464808763	0.3689663255	0.1456341236	0.06215197466	0.1104616076	0.1360676427
chr11_2084014_C_T	-0.08054228397	0.4754014831	0.4551586339	-0.08606187355	-0.08148566408	0.4507480292	0.1044881407	0.4481524503	0.4507480292	0.4507480292	0.4252622464	-0.07359740702	0.09733202016	0.4384733469	0.4265169715	0.0840039576	-0.001005279618	-0.06728981953	-0.07086574162	0.1252092365	-0.06728981953	0.5093356279	0.5093356279	0.1981739014	0.8374186451	0.1932669587	-0.05156372721	0.08035802632	0.6906076733	0.6906076733	0.6906076733	0.855638023	0.2252213003	0.8635272017	0.2041536702	0.2041536702	0.8635272017	0.8635272017	0.8635272017	0.07939277179	0.8654206196	0.228420717	0.228420717	0.8577213215	-0.08252840601	0.3280518158	0.3280518158	0.3339195263	0.2100299544	0.6880496844	0.1192184565	0.2100299544	0.9939103933	0.9817319074	0.2100299544	0.9939103933	0.9939103933	0.07098852088	0.3478927178	0.7449590796	0.3478927178	0.2100299544	0.9939103933	0.9918965548	0.4232462389	0.9979875686	1	0.7486233048	0.2100299544	0.9979757895	0.2100299544	0.1730849302	0.6934399871	0.6934399871	0.9959574163	0.9959574163	0.6591932205	0.9959574163	0.9959574163	0.4398604089	0.1032319474	0.1730849302	0.6921475967	0.1730849302	0.3460439401	0.3991748072	0.6921475967	0.3991748072	0.1565938068	0.3991748072	0.1730849302	0.3928491529	0.3460439401	0.1730849302	0.3976218142	0.4656671947	0.3991748072	0.4572948848	0.3991748072	0.3460439401	0.4572948848	0.168070781	0.3976218142	0.1565938068	0.3460439401	0.3976218142	0.3460439401	0.4945461024	0.3384720001	0.4111353663	0.199275541	-0.06702241724	-0.06702241724	0.4073716644	0.4942054783	0.1360335783	0.2091985929	0.5468015238	0.5402076651	-0.1154716067	0.1717224038	0.826808006	0.1717224038	0.1782961068	0.826808006	0.3530725489	0.3530725489	0.3520082022	0.1782961068	0.826808006	0.826808006	0.826808006	0.4986105958	0.3520082022	0.4066886216	0.184727094	0.4066886216	0.3559000655	0.07626460581	0.4877434429	0.1795477551	0.4879002886	0.7855926677	0.8036223841	0.3394453127	0.8036223841	0.8036223841	0.8013627712	0.1694382872	0.1694382872	0.1498006026	0.6556680484	0.1730849302	0.5757104349	0.1510353352	-0.03331856817	0.1850362704	0.4287323619	0.4287323619	0.4714734758	0.4285987617	0.4754299788	0.1404873433	0.3615822232	0.447916786	0.36841947	0.145480767	0.06187691663	0.1099356745	0.1357291524
chr11_2084913_T_C	-0.1049323786	0.6177678136	0.6044890983	-0.4216611755	-0.4050124807	0.5890539799	0.2016483371	0.5865778364	0.5890539799	0.5890539799	0.5070318482	-0.398322151	0.2016483371	0.279599118	0.5092318182	0.1418838701	-0.3356041971	-0.3866542051	-0.384147446	0.2104237092	-0.3866542051	0.6843898815	0.6843898815	0.2607590556	0.6290793476	0.2583167675	-0.3591309408	-0.4472709364	0.9103868958	0.9103868958	0.9103868958	0.6407279301	0.3056789296	0.6467787654	0.2691705997	0.2691705997	0.6467787654	0.6467787654	0.6467787654	-0.4413631019	0.6482208393	0.306895403	0.306895403	0.6466820235	-0.3432963213	-0.3438932334	-0.3438932334	-0.3380432442	0.277432773	0.9231545024	0.1572091457	0.277432773	0.7511364586	0.7300168713	0.277432773	0.7511364586	0.7511364586	0.125327916	-0.3554300805	0.9979876379	-0.3554300805	0.277432773	0.7470833404	0.7465563424	-0.1903295346	0.7501668674	0.7486233048	1	0.277432773	0.7470833404	0.277432773	0.2254227133	0.9233299162	0.9233299162	0.7465563424	0.7465563424	0.8737457116	0.7465563424	0.7465563424	-0.1214856207	0.1441736928	0.2254227133	0.9214508853	0.2254227133	-0.3601439322	-0.2302811917	0.9214508853	-0.2302811917	0.2116476759	-0.2302811917	0.2254227133	-0.2271873033	-0.3601439322	0.2254227133	-0.2296675536	0.7520312475	-0.2302811917	0.7475330694	-0.2302811917	-0.3601439322	0.7475330694	0.2230899881	-0.2296675536	0.2116476759	-0.3601439322	-0.2296675536	-0.3601439322	0.7755241029	-0.3648494373	-0.2055828202	0.2667108394	-0.06131764276	-0.06131764276	-0.2061561658	0.7568365926	0.1731451472	0.271750451	0.8217618819	0.8155490665	-0.07842414619	0.2185361572	0.5962360665	0.2185361572	0.2278882191	0.5962360665	-0.3194440596	-0.3194440596	-0.3229324332	0.2278882191	0.5962360665	0.5962360665	0.5962360665	0.7557003174	-0.3229324332	-0.1973217381	0.2370297162	-0.1973217381	-0.3220022686	0.1274719791	0.7418992194	0.2230899881	0.7320890321	0.5475354533	0.568749351	-0.3142953457	0.568749351	0.568749351	0.5669121991	0.2042711149	0.2042711149	0.2254227133	0.4825393415	0.2254227133	0.4209360847	0.2016203675	0.08294480014	0.1808809347	0.4126099961	0.4126099961	0.472437262	0.4096020486	0.4711949714	0.1800845478	0.4234894272	0.4314455388	0.4323852115	0.1550348239	-0.05736490816	0.182679636	0.1826516102
chr11_2085855_C_T	-0.01793315353	-0.09264247015	-0.1034347346	0.07059242791	0.06409466824	-0.1019066735	-0.02772228324	-0.09891033339	-0.1019066735	-0.1019066735	-0.09351243141	0.06764367476	-0.02772228324	-0.06593579195	-0.09395865002	0.6113867723	0.1179041077	0.1389004145	0.1402991091	-0.05497921169	0.1389004145	-0.1340109824	-0.1340109824	0.9711775219	0.1447510356	0.9567781438	-0.1445865246	-0.1581591294	-0.09763496084	-0.09763496084	-0.09763496084	0.1492517159	0.6883578278	0.1534690176	0.9856622352	0.9856622352	0.1534690176	0.1534690176	0.1534690176	-0.1503461107	0.1537577991	0.6942072202	0.6942072202	0.1524850538	-0.1497907893	-0.1166161595	-0.1166161595	-0.1010482365	1	-0.1022679395	-0.07551820094	1	0.2098108076	0.1511667296	1	0.2098108076	0.2098108076	-0.01883432769	-0.09688144447	0.2770748252	-0.09688144447	1	0.2098108076	0.2087395248	0.4029455756	0.2102513546	0.2100299544	0.277432773	1	0.2098108076	1	0.9116189865	-0.1018252132	-0.1018252132	0.2087395248	0.2087395248	-0.07356979982	0.2087395248	0.2087395248	0.3438370268	-0.07681046893	0.9116189865	-0.1012490973	0.9116189865	-0.09790771102	0.3256173578	-0.1012490973	0.3256173578	0.8963178344	0.3256173578	0.9116189865	0.3293287654	-0.09790771102	0.9116189865	0.3242212516	-0.1461717399	0.3256173578	-0.1485976436	0.3256173578	-0.09790771102	-0.1485976436	0.8963178344	0.3242212516	0.8963178344	-0.09790771102	0.3242212516	-0.09790771102	-0.1368442351	-0.09893253591	0.3874870922	0.9714669156	-0.04403377527	-0.04403377527	0.3889063604	-0.1152061186	0.04177764612	0.9711775219	0.1961786238	0.2005092211	-0.03822001925	0.8807461577	0.1919353182	0.8807461577	0.8649334186	0.1919353182	-0.01103149054	-0.01103149054	-0.009958207674	0.8649334186	0.1919353182	0.1919353182	0.1919353182	-0.1140099552	-0.009958207674	0.3650613341	0.880730566	0.3791375833	-0.01111983421	-0.01617736692	-0.11238139	0.8354175397	-0.1168603781	0.1820505721	0.1885166785	-0.01435787087	0.1885166785	0.1885166785	0.1883291672	0.7482908229	0.7482908229	0.6645116226	-0.01855011915	0.6027347817	0.157708234	0.4649414023	-0.09532202676	0.50480271	0.06744841814	0.06744841814	0.2324474858	0.06673055709	0.2328100806	0.5016029427	0.08586306928	0.2262813461	0.08789595803	0.02069351026	-0.04603996246	0.4784013018	0.4351003191
chr11_2086132_G_A	-0.07240547518	0.473928161	0.4578841688	-0.08914892596	-0.08464646454	0.4535256051	0.1105642959	0.4509460245	0.4535256051	0.4535256051	0.4241762648	-0.07670357815	0.1033870835	0.4375579602	0.425438516	0.08346219862	-0.004032970228	-0.07038287103	-0.07397131488	0.1245503241	-0.07038287103	0.5116271581	0.5116271581	0.197943969	0.83824695	0.1930104227	-0.05345681611	0.07837941101	0.6933306168	0.6933306168	0.6933306168	0.8565821529	0.2329498184	0.8645407802	0.2039292215	0.2039292215	0.8645407802	0.8645407802	0.8645407802	0.07747497302	0.8621668622	0.2362181606	0.2362181606	0.8587099868	-0.08442137559	0.327394014	0.327394014	0.3332790189	0.2098108076	0.6907241062	0.1188185889	0.2098108076	0.9959226215	0.9837522426	0.2098108076	0.9959226215	0.9959226215	0.07061716839	0.3471949204	0.7474536576	0.3471949204	0.2098108076	0.9959226215	0.9938955417	0.4224967522	0.9959802001	0.9979757895	0.7470833404	0.2098108076	1	0.2098108076	0.1728309721	0.6961274975	0.6961274975	0.9979683721	0.9979683721	0.6578566417	0.9979683721	0.9979683721	0.4439190615	0.1144485838	0.1728309721	0.694841732	0.1728309721	0.3453317247	0.3983999353	0.694841732	0.3983999353	0.1562785455	0.3983999353	0.1728309721	0.3920510037	0.3453317247	0.1728309721	0.3968332788	0.4670484366	0.3983999353	0.4586339219	0.3983999353	0.3453317247	0.4586339219	0.1677893466	0.3968332788	0.1562785455	0.3453317247	0.3968332788	0.3453317247	0.4960995293	0.337728494	0.4103410309	0.1990246969	-0.0676580024	-0.0676580024	0.4065753893	0.4958729864	0.1359387815	0.2090011544	0.5483612586	0.5417824888	-0.1161921552	0.1714903069	0.8278582839	0.1714903069	0.1780703634	0.8278582839	0.3523591741	0.3523591741	0.3512866317	0.1780703634	0.8278582839	0.8278582839	0.8278582839	0.5003098113	0.3512866317	0.4059177105	0.1845074498	0.4059177105	0.3551809778	0.07592488914	0.4894178989	0.1793001478	0.4895417677	0.7864727468	0.8046290231	0.3386786675	0.8046290231	0.8046290231	0.8023490757	0.1692534084	0.1692534084	0.1494780168	0.6568677906	0.1728309721	0.5759345719	0.1507824267	-0.02975971438	0.1850505555	0.430237794	0.430237794	0.4728466345	0.4300958839	0.4768230412	0.1402152841	0.3609859337	0.4493687169	0.367875636	0.1453289714	0.06160128917	0.1094085108	0.1353909698
chr11_2086270_C_T	-0.01793315353	-0.09264247015	-0.1034347346	0.07059242791	0.06409466824	-0.1019066735	-0.02772228324	-0.09891033339	-0.1019066735	-0.1019066735	-0.09351243141	0.06764367476	-0.02772228324	-0.06593579195	-0.09395865002	0.6113867723	0.1179041077	0.1389004145	0.1402991091	-0.05497921169	0.1389004145	-0.1340109824	-0.1340109824	0.9711775219	0.1447510356	0.9567781438	-0.1445865246	-0.1581591294	-0.09763496084	-0.09763496084	-0.09763496084	0.1492517159	0.6883578278	0.1534690176	0.9856622352	0.9856622352	0.1534690176	0.1534690176	0.1534690176	-0.1503461107	0.1537577991	0.6942072202	0.6942072202	0.1524850538	-0.1497907893	-0.1166161595	-0.1166161595	-0.1010482365	1	-0.1022679395	-0.07551820094	1	0.2098108076	0.1511667296	1	0.2098108076	0.2098108076	-0.01883432769	-0.09688144447	0.2770748252	-0.09688144447	1	0.2098108076	0.2087395248	0.4029455756	0.2102513546	0.2100299544	0.277432773	1	0.2098108076	1	0.9116189865	-0.1018252132	-0.1018252132	0.2087395248	0.2087395248	-0.07356979982	0.2087395248	0.2087395248	0.3438370268	-0.07681046893	0.9116189865	-0.1012490973	0.9116189865	-0.09790771102	0.3256173578	-0.1012490973	0.3256173578	0.8963178344	0.3256173578	0.9116189865	0.3293287654	-0.09790771102	0.9116189865	0.3242212516	-0.1461717399	0.3256173578	-0.1485976436	0.3256173578	-0.09790771102	-0.1485976436	0.8963178344	0.3242212516	0.8963178344	-0.09790771102	0.3242212516	-0.09790771102	-0.1368442351	-0.09893253591	0.3874870922	0.9714669156	-0.04403377527	-0.04403377527	0.3889063604	-0.1152061186	0.04177764612	0.9711775219	0.1961786238	0.2005092211	-0.03822001925	0.8807461577	0.1919353182	0.8807461577	0.8649334186	0.1919353182	-0.01103149054	-0.01103149054	-0.009958207674	0.8649334186	0.1919353182	0.1919353182	0.1919353182	-0.1140099552	-0.009958207674	0.3650613341	0.880730566	0.3791375833	-0.01111983421	-0.01617736692	-0.11238139	0.8354175397	-0.1168603781	0.1820505721	0.1885166785	-0.01435787087	0.1885166785	0.1885166785	0.1883291672	0.7482908229	0.7482908229	0.6645116226	-0.01855011915	0.6027347817	0.157708234	0.4649414023	-0.09532202676	0.50480271	0.06744841814	0.06744841814	0.2324474858	0.06673055709	0.2328100806	0.5016029427	0.08586306928	0.2262813461	0.08789595803	0.02069351026	-0.04603996246	0.4784013018	0.4351003191
chr11_2086561_C_G	-0.003752187404	-0.1134045124	-0.1232495884	0.1251039988	0.1195687806	-0.1224546725	-0.02635392499	-0.1196492433	-0.1224546725	-0.1224546725	-0.116796982	0.1228715734	-0.02635392499	-0.02045461293	-0.1170186741	0.6754181303	0.09655558512	0.1266242551	0.1278993316	-0.04185501042	0.1266242551	-0.1464909142	-0.1464909142	0.8753444883	0.1103981486	0.8623428895	-0.1266054407	-0.1331479968	-0.1175066768	-0.1175066768	-0.1175066768	0.1146225293	0.6237919667	0.1184968028	0.8936112917	0.8936112917	0.1184968028	0.1184968028	0.1184968028	-0.1257838857	0.1188427299	0.6291019388	0.6291019388	0.1176137137	-0.1338094937	-0.09832649713	-0.09832649713	-0.08147348027	0.9116189865	-0.1218179245	-0.06884382581	0.9116189865	0.1728309721	0.1786487849	0.9116189865	0.1728309721	0.1728309721	-0.0104132943	-0.07527071248	0.2250491679	-0.07527071248	0.9116189865	0.1728309721	0.1718749354	0.3793313515	0.1733403168	0.1730849302	0.2254227133	0.9116189865	0.1728309721	0.9116189865	1	-0.1212905647	-0.1212905647	0.1718749354	0.1718749354	-0.0956157368	0.1718749354	0.1718749354	0.3247585928	-0.07002188184	1	-0.1208461735	1	-0.07622758693	0.3860257197	-0.1208461735	0.3860257197	0.9836539506	0.3860257197	1	0.3901231036	-0.07622758693	1	0.38467049	-0.1583881079	0.3860257197	-0.1607130865	0.3860257197	-0.07622758693	-0.1607130865	0.9836539506	0.38467049	0.9836539506	-0.07622758693	0.38467049	-0.07622758693	-0.1497866725	-0.0771828272	0.3628312763	0.880730566	-0.04014202558	-0.04014202558	0.3641332335	-0.1283398134	0.05374424394	0.8753444883	0.2132643856	0.2173592674	-0.03484209522	0.9661340656	0.1573961519	0.9661340656	0.9492397675	0.1573961519	-0.07940340887	-0.07940340887	-0.07908862737	0.9492397675	0.1573961519	0.1573961519	0.1573961519	-0.127366629	-0.07908862737	0.3528471184	0.9665618162	0.3528471184	-0.08003929648	-0.007813389189	-0.1257285467	0.917726486	-0.1300027015	0.1486495783	0.1545927036	-0.08159294374	0.1545927036	0.1545927036	0.1543587924	0.8218178768	0.8218178768	0.6990563457	-0.06714942187	0.6321799781	0.1323795479	0.4791102264	-0.07206049315	0.5091162012	0.02215793295	0.02215793295	0.182802016	0.02143249827	0.1831904881	0.4861678204	0.08728141277	0.1965719286	0.08909138887	0.03237746969	-0.04197090392	0.3290110422	0.4492417701
chr11_2087220_T_C	-0.09211681414	0.6757134403	0.670657411	-0.4727186384	-0.4530067758	0.6541734064	0.2269704814	0.6504321616	0.6541734064	0.6541734064	0.5613905142	-0.4474697707	0.2269704814	0.3104967914	0.5638420909	-0.1026578267	-0.398351782	-0.4632092464	-0.4611905711	0.2392749825	-0.4632092464	0.7651646607	0.7651646607	-0.1078753797	0.5950578879	-0.1048015518	-0.3215253564	-0.4066105239	0.9849732359	0.9849732359	0.9849732359	0.605368217	0.05716635651	0.609992626	-0.1048015518	-0.1048015518	0.609992626	0.609992626	0.609992626	-0.4036432517	0.6069602834	0.05620108968	0.05620108968	0.6058479056	-0.3034264524	-0.3107093436	-0.3107093436	-0.3107093436	-0.1018252132	0.9956709179	0.1921655965	-0.1018252132	0.6961274975	0.6970772257	-0.1018252132	0.6961274975	0.6961274975	0.1370989377	-0.3303337904	0.9255573186	-0.3303337904	-0.1018252132	0.6961274975	0.695993965	-0.3538596458	0.6949521218	0.6934399871	0.9233299162	-0.1018252132	0.6961274975	-0.1018252132	-0.1212905647	1	1	0.695993965	0.695993965	0.93334441	0.695993965	0.695993965	-0.2544273958	0.1911893217	-0.1212905647	0.9978424602	-0.1212905647	-0.3348154297	-0.3651397003	0.9978424602	-0.3651397003	-0.1296003447	-0.3651397003	-0.1212905647	-0.3633802187	-0.3348154297	-0.1212905647	-0.3639610948	0.839965455	-0.3651397003	0.8362715938	-0.3651397003	-0.3348154297	0.8362715938	-0.1177524164	-0.3639610948	-0.1296003447	-0.3348154297	-0.3639610948	-0.3348154297	0.8606446268	-0.3392889875	-0.3636388598	-0.1018252132	-0.04635806116	-0.04635806116	-0.3647847566	0.8329142791	0.1630275589	-0.09649435255	0.7789141043	0.7708146422	-0.06633305918	-0.1164088503	0.5471366782	-0.1164088503	-0.1005726486	0.5471366782	-0.326475694	-0.326475694	-0.3305053327	-0.1005726486	0.5471366782	0.5471366782	0.5471366782	0.8312945499	-0.3305053327	-0.3463592349	-0.09725365033	-0.3518361999	-0.3290902146	0.1382852013	0.8163414477	-0.09405655977	0.807962479	0.5004888575	0.5199265807	-0.3198501944	0.5199265807	0.5199265807	0.5181131907	-0.07964217483	-0.07964217483	-0.02514290733	0.5111510263	-0.001105992991	0.3790702132	0.02786228703	0.1286031713	-0.009122075234	0.4051894254	0.4051894254	0.4028813083	0.4023617422	0.4014456561	-0.008701687141	0.4050929275	0.3628399177	0.4135130746	0.1524789286	-0.04148461422	0.003012981541	0.01983205609
chr11_2087412_A_T	-0.09211681414	0.6757134403	0.670657411	-0.4727186384	-0.4530067758	0.6541734064	0.2269704814	0.6504321616	0.6541734064	0.6541734064	0.5613905142	-0.4474697707	0.2269704814	0.3104967914	0.5638420909	-0.1026578267	-0.398351782	-0.4632092464	-0.4611905711	0.2392749825	-0.4632092464	0.7651646607	0.7651646607	-0.1078753797	0.5950578879	-0.1048015518	-0.3215253564	-0.4066105239	0.9849732359	0.9849732359	0.9849732359	0.605368217	0.05716635651	0.609992626	-0.1048015518	-0.1048015518	0.609992626	0.609992626	0.609992626	-0.4036432517	0.6069602834	0.05620108968	0.05620108968	0.6058479056	-0.3034264524	-0.3107093436	-0.3107093436	-0.3107093436	-0.1018252132	0.9956709179	0.1921655965	-0.1018252132	0.6961274975	0.6970772257	-0.1018252132	0.6961274975	0.6961274975	0.1370989377	-0.3303337904	0.9255573186	-0.3303337904	-0.1018252132	0.6961274975	0.695993965	-0.3538596458	0.6949521218	0.6934399871	0.9233299162	-0.1018252132	0.6961274975	-0.1018252132	-0.1212905647	1	1	0.695993965	0.695993965	0.93334441	0.695993965	0.695993965	-0.2544273958	0.1911893217	-0.1212905647	0.9978424602	-0.1212905647	-0.3348154297	-0.3651397003	0.9978424602	-0.3651397003	-0.1296003447	-0.3651397003	-0.1212905647	-0.3633802187	-0.3348154297	-0.1212905647	-0.3639610948	0.839965455	-0.3651397003	0.8362715938	-0.3651397003	-0.3348154297	0.8362715938	-0.1177524164	-0.3639610948	-0.1296003447	-0.3348154297	-0.3639610948	-0.3348154297	0.8606446268	-0.3392889875	-0.3636388598	-0.1018252132	-0.04635806116	-0.04635806116	-0.3647847566	0.8329142791	0.1630275589	-0.09649435255	0.7789141043	0.7708146422	-0.06633305918	-0.1164088503	0.5471366782	-0.1164088503	-0.1005726486	0.5471366782	-0.326475694	-0.326475694	-0.3305053327	-0.1005726486	0.5471366782	0.5471366782	0.5471366782	0.8312945499	-0.3305053327	-0.3463592349	-0.09725365033	-0.3518361999	-0.3290902146	0.1382852013	0.8163414477	-0.09405655977	0.807962479	0.5004888575	0.5199265807	-0.3198501944	0.5199265807	0.5199265807	0.5181131907	-0.07964217483	-0.07964217483	-0.02514290733	0.5111510263	-0.001105992991	0.3790702132	0.02786228703	0.1286031713	-0.009122075234	0.4051894254	0.4051894254	0.4028813083	0.4023617422	0.4014456561	-0.008701687141	0.4050929275	0.3628399177	0.4135130746	0.1524789286	-0.04148461422	0.003012981541	0.01983205609
chr11_2087727_T_G	-0.0732351711	0.4748886726	0.4587558887	-0.08768582617	-0.08324872201	0.4544671549	0.116202722	0.4519140738	0.4544671549	0.4544671549	0.4213663368	-0.0752786944	0.1090335154	0.4393956134	0.4226310038	0.09392068376	-0.002221583633	-0.06892413273	-0.07249467525	0.1233845898	-0.06892413273	0.5118459078	0.5118459078	0.1969100546	0.8400036515	0.2028765036	-0.0551363567	0.07607899316	0.6932439362	0.6932439362	0.6932439362	0.858356063	0.2397468001	0.8620465744	0.2028765036	0.2028765036	0.8620465744	0.8620465744	0.8620465744	0.07523915454	0.8596899701	0.2347855723	0.2347855723	0.8605111171	-0.08597509478	0.3254059402	0.3254059402	0.3312843807	0.2087395248	0.6905993965	0.1179356413	0.2087395248	0.9938955417	0.9817826908	0.2087395248	0.9938955417	0.9938955417	0.06995846361	0.3450863953	0.7469184793	0.3450863953	0.2087395248	0.9938955417	0.9918634253	0.4200307525	0.9939749702	0.9959574163	0.7465563424	0.2087395248	0.9979683721	0.2087395248	0.1718749354	0.695993965	0.695993965	1	1	0.6580514128	1	1	0.4461830288	0.1135576696	0.1718749354	0.6947200562	0.1718749354	0.343216319	0.3960063259	0.6947200562	0.3960063259	0.1553282887	0.3960063259	0.1718749354	0.3896598483	0.343216319	0.1718749354	0.3944323409	0.4665362024	0.3960063259	0.4581135649	0.3960063259	0.343216319	0.4581135649	0.1783242115	0.3997523634	0.1553282887	0.343216319	0.3997523634	0.343216319	0.495641861	0.335612606	0.4078794471	0.2087395248	-0.06802008946	-0.06802008946	0.4041271491	0.4955305275	0.1352919624	0.2079549062	0.5476977511	0.5411608047	-0.1164423345	0.1705616139	0.8255497585	0.1705616139	0.1771213234	0.8255497585	0.3502140786	0.3502140786	0.3491376797	0.1771213234	0.8255497585	0.8255497585	0.8255497585	0.4999811064	0.3491376797	0.4034975505	0.1835383885	0.4034975505	0.3530187037	0.07527633113	0.4891086053	0.1898221729	0.4891989341	0.7884108569	0.806608314	0.3365357408	0.806608314	0.806608314	0.8043327073	0.1683811006	0.1683811006	0.1602114822	0.6512412885	0.1835383885	0.5738210893	0.1625456113	-0.03153625063	0.1843136466	0.4299994115	0.4299994115	0.476320789	0.4298497522	0.4802929959	0.1513428978	0.3589231169	0.4489990726	0.3658374016	0.1445869294	0.06107508478	0.1185768581	0.1465222338
chr11_2087911_T_C	-0.0732351711	0.4748886726	0.4587558887	-0.08768582617	-0.08324872201	0.4544671549	0.116202722	0.4519140738	0.4544671549	0.4544671549	0.4213663368	-0.0752786944	0.1090335154	0.4393956134	0.4226310038	0.09392068376	-0.002221583633	-0.06892413273	-0.07249467525	0.1233845898	-0.06892413273	0.5118459078	0.5118459078	0.1969100546	0.8400036515	0.2028765036	-0.0551363567	0.07607899316	0.6932439362	0.6932439362	0.6932439362	0.858356063	0.2397468001	0.8620465744	0.2028765036	0.2028765036	0.8620465744	0.8620465744	0.8620465744	0.07523915454	0.8596899701	0.2347855723	0.2347855723	0.8605111171	-0.08597509478	0.3254059402	0.3254059402	0.3312843807	0.2087395248	0.6905993965	0.1179356413	0.2087395248	0.9938955417	0.9817826908	0.2087395248	0.9938955417	0.9938955417	0.06995846361	0.3450863953	0.7469184793	0.3450863953	0.2087395248	0.9938955417	0.9918634253	0.4200307525	0.9939749702	0.9959574163	0.7465563424	0.2087395248	0.9979683721	0.2087395248	0.1718749354	0.695993965	0.695993965	1	1	0.6580514128	1	1	0.4461830288	0.1135576696	0.1718749354	0.6947200562	0.1718749354	0.343216319	0.3960063259	0.6947200562	0.3960063259	0.1553282887	0.3960063259	0.1718749354	0.3896598483	0.343216319	0.1718749354	0.3944323409	0.4665362024	0.3960063259	0.4581135649	0.3960063259	0.343216319	0.4581135649	0.1783242115	0.3997523634	0.1553282887	0.343216319	0.3997523634	0.343216319	0.495641861	0.335612606	0.4078794471	0.2087395248	-0.06802008946	-0.06802008946	0.4041271491	0.4955305275	0.1352919624	0.2079549062	0.5476977511	0.5411608047	-0.1164423345	0.1705616139	0.8255497585	0.1705616139	0.1771213234	0.8255497585	0.3502140786	0.3502140786	0.3491376797	0.1771213234	0.8255497585	0.8255497585	0.8255497585	0.4999811064	0.3491376797	0.4034975505	0.1835383885	0.4034975505	0.3530187037	0.07527633113	0.4891086053	0.1898221729	0.4891989341	0.7884108569	0.806608314	0.3365357408	0.806608314	0.806608314	0.8043327073	0.1683811006	0.1683811006	0.1602114822	0.6512412885	0.1835383885	0.5738210893	0.1625456113	-0.03153625063	0.1843136466	0.4299994115	0.4299994115	0.476320789	0.4298497522	0.4802929959	0.1513428978	0.3589231169	0.4489990726	0.3658374016	0.1445869294	0.06107508478	0.1185768581	0.1465222338
chr11_2088229_C_T	-0.08050741981	0.60437411	0.5894144868	-0.4382591865	-0.4159056391	0.5699217515	0.2015442828	0.5700449438	0.5699217515	0.5699217515	0.4869476976	-0.4114887709	0.1941352349	0.2789151284	0.4851942757	-0.09950728424	-0.3613448846	-0.4277588481	-0.4258964747	0.2655590706	-0.4277588481	0.7010249756	0.7010249756	-0.08046066499	0.5721211011	-0.07696424709	-0.2869083484	-0.36759271	0.9167218922	0.9167218922	0.9167218922	0.5807990651	-0.1748209026	0.5839742517	-0.07696424709	-0.07696424709	0.5839742517	0.5839742517	0.5839742517	-0.3675576933	0.5851677984	-0.177764528	-0.177764528	0.5801351193	-0.2731612022	-0.2927229158	-0.2927229158	-0.2927229158	-0.07356979982	0.92870011	-0.1609070732	-0.07356979982	0.6578566417	0.6568128316	-0.07356979982	0.6578566417	0.6578566417	0.1572784536	-0.308346775	0.8719814101	-0.308346775	-0.07356979982	0.6578566417	0.6580514128	-0.3197389032	0.6605330811	0.6591932205	0.8737457116	-0.07356979982	0.6578566417	-0.07356979982	-0.0956157368	0.93334441	0.93334441	0.6580514128	0.6580514128	1	0.6580514128	0.6580514128	-0.3802555884	-0.1679376166	-0.0956157368	0.9306898182	-0.0956157368	-0.3124776174	-0.3327513644	0.9306898182	-0.3327513644	-0.1035172899	-0.3327513644	-0.0956157368	-0.3366403786	-0.3124776174	-0.0956157368	-0.3367272316	0.784743051	-0.3327513644	0.7813764203	-0.3327513644	-0.3124776174	0.7813764203	-0.09163467138	-0.3312292311	-0.1035172899	-0.3124776174	-0.3312292311	-0.3124776174	0.8027411462	-0.3166010854	-0.3292071055	-0.07356979982	-0.03157138358	-0.03157138358	-0.3306960022	0.770502666	0.144643164	-0.06904631478	0.7262025188	0.7210456483	-0.05357506556	-0.09160125796	0.511266234	-0.09160125796	-0.07527509069	0.511266234	-0.3028616385	-0.3028616385	-0.3070674399	-0.07527509069	0.511266234	0.511266234	0.511266234	0.7679503317	-0.3070674399	-0.3132358716	-0.07150844353	-0.3187288729	-0.3052870503	0.1579202328	0.753085311	-0.06786943441	0.7453484931	0.4630253301	0.4846439038	-0.2953426684	0.4846439038	0.4846439038	0.4829875362	-0.0565647981	-0.0565647981	0.000813436276	0.4601901921	0.02492072955	0.347747686	0.05172417691	0.03827137092	-0.007812444964	0.3476323169	0.3476323169	0.3506395926	0.3449748257	0.3490263985	0.002276651808	0.3950386971	0.3136904091	0.4027088453	0.1418534307	-0.04527025093	0.02153838599	0.03261675408
chr11_2089861_A_G	-0.0732351711	0.4748886726	0.4587558887	-0.08768582617	-0.08324872201	0.4544671549	0.116202722	0.4519140738	0.4544671549	0.4544671549	0.4213663368	-0.0752786944	0.1090335154	0.4393956134	0.4226310038	0.09392068376	-0.002221583633	-0.06892413273	-0.07249467525	0.1233845898	-0.06892413273	0.5118459078	0.5118459078	0.1969100546	0.8400036515	0.2028765036	-0.0551363567	0.07607899316	0.6932439362	0.6932439362	0.6932439362	0.858356063	0.2397468001	0.8620465744	0.2028765036	0.2028765036	0.8620465744	0.8620465744	0.8620465744	0.07523915454	0.8596899701	0.2347855723	0.2347855723	0.8605111171	-0.08597509478	0.3254059402	0.3254059402	0.3312843807	0.2087395248	0.6905993965	0.1179356413	0.2087395248	0.9938955417	0.9817826908	0.2087395248	0.9938955417	0.9938955417	0.06995846361	0.3450863953	0.7469184793	0.3450863953	0.2087395248	0.9938955417	0.9918634253	0.4200307525	0.9939749702	0.9959574163	0.7465563424	0.2087395248	0.9979683721	0.2087395248	0.1718749354	0.695993965	0.695993965	1	1	0.6580514128	1	1	0.4461830288	0.1135576696	0.1718749354	0.6947200562	0.1718749354	0.343216319	0.3960063259	0.6947200562	0.3960063259	0.1553282887	0.3960063259	0.1718749354	0.3896598483	0.343216319	0.1718749354	0.3944323409	0.4665362024	0.3960063259	0.4581135649	0.3960063259	0.343216319	0.4581135649	0.1783242115	0.3997523634	0.1553282887	0.343216319	0.3997523634	0.343216319	0.495641861	0.335612606	0.4078794471	0.2087395248	-0.06802008946	-0.06802008946	0.4041271491	0.4955305275	0.1352919624	0.2079549062	0.5476977511	0.5411608047	-0.1164423345	0.1705616139	0.8255497585	0.1705616139	0.1771213234	0.8255497585	0.3502140786	0.3502140786	0.3491376797	0.1771213234	0.8255497585	0.8255497585	0.8255497585	0.4999811064	0.3491376797	0.4034975505	0.1835383885	0.4034975505	0.3530187037	0.07527633113	0.4891086053	0.1898221729	0.4891989341	0.7884108569	0.806608314	0.3365357408	0.806608314	0.806608314	0.8043327073	0.1683811006	0.1683811006	0.1602114822	0.6512412885	0.1835383885	0.5738210893	0.1625456113	-0.03153625063	0.1843136466	0.4299994115	0.4299994115	0.476320789	0.4298497522	0.4802929959	0.1513428978	0.3589231169	0.4489990726	0.3658374016	0.1445869294	0.06107508478	0.1185768581	0.1465222338
chr11_2090336_T_G	-0.0732351711	0.4748886726	0.4587558887	-0.08768582617	-0.08324872201	0.4544671549	0.116202722	0.4519140738	0.4544671549	0.4544671549	0.4213663368	-0.0752786944	0.1090335154	0.4393956134	0.4226310038	0.09392068376	-0.002221583633	-0.06892413273	-0.07249467525	0.1233845898	-0.06892413273	0.5118459078	0.5118459078	0.1969100546	0.8400036515	0.2028765036	-0.0551363567	0.07607899316	0.6932439362	0.6932439362	0.6932439362	0.858356063	0.2397468001	0.8620465744	0.2028765036	0.2028765036	0.8620465744	0.8620465744	0.8620465744	0.07523915454	0.8596899701	0.2347855723	0.2347855723	0.8605111171	-0.08597509478	0.3254059402	0.3254059402	0.3312843807	0.2087395248	0.6905993965	0.1179356413	0.2087395248	0.9938955417	0.9817826908	0.2087395248	0.9938955417	0.9938955417	0.06995846361	0.3450863953	0.7469184793	0.3450863953	0.2087395248	0.9938955417	0.9918634253	0.4200307525	0.9939749702	0.9959574163	0.7465563424	0.2087395248	0.9979683721	0.2087395248	0.1718749354	0.695993965	0.695993965	1	1	0.6580514128	1	1	0.4461830288	0.1135576696	0.1718749354	0.6947200562	0.1718749354	0.343216319	0.3960063259	0.6947200562	0.3960063259	0.1553282887	0.3960063259	0.1718749354	0.3896598483	0.343216319	0.1718749354	0.3944323409	0.4665362024	0.3960063259	0.4581135649	0.3960063259	0.343216319	0.4581135649	0.1783242115	0.3997523634	0.1553282887	0.343216319	0.3997523634	0.343216319	0.495641861	0.335612606	0.4078794471	0.2087395248	-0.06802008946	-0.06802008946	0.4041271491	0.4955305275	0.1352919624	0.2079549062	0.5476977511	0.5411608047	-0.1164423345	0.1705616139	0.8255497585	0.1705616139	0.1771213234	0.8255497585	0.3502140786	0.3502140786	0.3491376797	0.1771213234	0.8255497585	0.8255497585	0.8255497585	0.4999811064	0.3491376797	0.4034975505	0.1835383885	0.4034975505	0.3530187037	0.07527633113	0.4891086053	0.1898221729	0.4891989341	0.7884108569	0.806608314	0.3365357408	0.806608314	0.806608314	0.8043327073	0.1683811006	0.1683811006	0.1602114822	0.6512412885	0.1835383885	0.5738210893	0.1625456113	-0.03153625063	0.1843136466	0.4299994115	0.4299994115	0.476320789	0.4298497522	0.4802929959	0.1513428978	0.3589231169	0.4489990726	0.3658374016	0.1445869294	0.06107508478	0.1185768581	0.1465222338
chr11_2090456_T_G	0.005731412538	-0.1350166493	-0.1370524744	0.4131853894	0.3920673319	-0.1191523745	-0.09681176915	-0.1224347595	-0.1191523745	-0.1191523745	-0.06119198123	0.3966073233	-0.09681176915	0.2082094069	-0.05755456337	0.2336321743	0.4267456014	0.4237503779	0.417151145	-0.1640746442	0.4237503779	-0.2044956771	-0.2044956771	0.3374969128	0.3517904915	0.340669892	0.2732789374	0.5303485067	-0.2380486752	-0.2380486752	-0.2380486752	0.364018729	0.5022648735	0.3647779575	0.340669892	0.340669892	0.3647779575	0.3647779575	0.3647779575	0.5292753087	0.3604647427	0.4996695954	0.4996695954	0.3674549244	0.2190604308	0.7476122916	0.7476122916	0.7548328167	0.3438370268	-0.2555336218	0.3361062633	0.3438370268	0.4389163785	0.4252787025	0.3438370268	0.4389163785	0.4389163785	-0.101001984	0.7903555657	-0.1189438554	0.7903555657	0.3438370268	0.4389163785	0.4361888233	0.8959502369	0.4358328743	0.4398604089	-0.1214856207	0.3438370268	0.4439190615	0.3438370268	0.3247585928	-0.2544273958	-0.2544273958	0.4461830288	0.4461830288	-0.3802555884	0.4461830288	0.4461830288	1	0.3390848853	0.3247585928	-0.252837046	0.3247585928	0.7929682282	0.8819067695	-0.252837046	0.8819067695	0.3138255886	0.8819067695	0.3247585928	0.8787336167	0.7929682282	0.3247585928	0.8846989279	-0.3596525092	0.8819067695	-0.3659966979	0.8819067695	0.7929682282	-0.3659966979	0.3279486066	0.8846989279	0.3138255886	0.7929682282	0.8846989279	0.7929682282	-0.3452933793	0.7885294643	0.8922780899	0.3438370268	-0.04602551477	-0.04602551477	0.8894387384	-0.3071132705	-0.005734837959	0.3374969128	-0.1903832582	-0.1922834615	-0.07935051147	0.318374046	0.4063653869	0.318374046	0.3070270059	0.4063653869	0.7901346037	0.7901346037	0.7938112372	0.3070270059	0.4063653869	0.4063653869	0.4063653869	-0.2986130345	0.7938112372	0.8679132606	0.3104323003	0.8744419357	0.7964622515	-0.095232797	-0.2943000605	0.3138255886	-0.2849935587	0.418083891	0.4147413098	0.7643967871	0.4147413098	0.4147413098	0.4139148341	0.2740533248	0.2740533248	0.1958219607	0.2529673391	0.1958219607	0.2915145188	0.1381793177	-0.08422339193	0.2356790415	0.1149945736	0.1149945736	0.1683171311	0.1179692921	0.1751135703	0.1831895266	-0.02865346429	0.1786734357	-0.02927691582	0.008997949573	0.1288246053	0.1200493715	0.1412077205
chr11_2090748_T_C	-0.0303437764	0.199122576	0.2268610681	-0.1033435745	-0.110338823	0.2348874792	0.05586023335	0.2240689811	0.2348874792	0.2348874792	0.2177720638	-0.1072896743	0.07641377294	0.08346544653	0.2294461578	-0.007313317683	-0.1110771375	-0.1060628403	-0.1056526908	-0.06802777269	-0.1060628403	0.1818825221	0.1818825221	-0.07459660087	0.07315876393	-0.07570917849	-0.0936570317	-0.1051980631	0.1953686926	0.1953686926	0.1953686926	0.0775929652	0.647403258	0.0815185408	-0.07570917849	-0.07570917849	0.0815185408	0.0815185408	0.0815185408	-0.09722186102	0.06972876845	0.6528553824	0.6528553824	0.08065947982	-0.08169945197	-0.04776744655	-0.04776744655	-0.04776744655	-0.07681046893	0.1920205946	0.9831758873	-0.07681046893	0.1144485838	0.1198605912	-0.07681046893	0.1144485838	0.1144485838	-0.05320405829	-0.05874292694	0.1552874924	-0.05874292694	-0.07681046893	0.1144485838	0.1135576696	-0.09181030827	0.1036908386	0.1032319474	0.1441736928	-0.07681046893	0.1144485838	-0.07681046893	-0.07002188184	0.1911893217	0.1911893217	0.1135576696	0.1135576696	-0.1679376166	0.1135576696	0.1135576696	0.3390848853	1	-0.07002188184	0.1925207958	-0.07002188184	-0.05972679454	-0.08722651523	0.1925207958	-0.08722651523	-0.07118548327	-0.08722651523	-0.07002188184	-0.08691780367	-0.05972679454	-0.07002188184	-0.08814390697	0.1599907702	-0.08722651523	0.1591031886	-0.08722651523	-0.05972679454	0.1591031886	-0.07118548327	-0.08814390697	-0.07118548327	-0.05972679454	-0.08814390697	-0.05972679454	0.1673470084	-0.0607086227	-0.0927263087	-0.07681046893	-0.04014202558	-0.04014202558	-0.09181030827	0.1792982687	0.05374424394	-0.07459660087	0.1527032447	0.1443755079	-0.03484209522	-0.06765052538	0.1079237313	-0.06765052538	-0.06884382581	0.1079237313	-0.06313685381	-0.06313685381	-0.06266640283	-0.06884382581	0.1079237313	0.1079237313	0.1079237313	0.1818186449	-0.06266640283	-0.0890609436	-0.07002188184	-0.0890609436	-0.0636424737	-0.05173002498	0.1814320215	-0.07118548327	0.1796783245	0.09992181304	0.1060014569	-0.06552409578	0.1060014569	0.1060014569	0.1055902901	-0.06270657314	-0.06270657314	-0.07002188184	0.1356896566	-0.07002188184	0.08145832947	-0.06397021103	0.2411624504	-0.002186271962	0.150592762	0.150592762	0.1367246006	0.1500992485	0.1372047855	-0.02856095596	0.01882814758	0.1273850238	0.02096677721	0.03237746969	0.01147641904	-0.04892954242	-0.03319103901
chr11_2091639_C_T	-0.003752187404	-0.1134045124	-0.1232495884	0.1251039988	0.1195687806	-0.1224546725	-0.02635392499	-0.1196492433	-0.1224546725	-0.1224546725	-0.116796982	0.1228715734	-0.02635392499	-0.02045461293	-0.1170186741	0.6754181303	0.09655558512	0.1266242551	0.1278993316	-0.04185501042	0.1266242551	-0.1464909142	-0.1464909142	0.8753444883	0.1103981486	0.8623428895	-0.1266054407	-0.1331479968	-0.1175066768	-0.1175066768	-0.1175066768	0.1146225293	0.6237919667	0.1184968028	0.8936112917	0.8936112917	0.1184968028	0.1184968028	0.1184968028	-0.1257838857	0.1188427299	0.6291019388	0.6291019388	0.1176137137	-0.1338094937	-0.09832649713	-0.09832649713	-0.08147348027	0.9116189865	-0.1218179245	-0.06884382581	0.9116189865	0.1728309721	0.1786487849	0.9116189865	0.1728309721	0.1728309721	-0.0104132943	-0.07527071248	0.2250491679	-0.07527071248	0.9116189865	0.1728309721	0.1718749354	0.3793313515	0.1733403168	0.1730849302	0.2254227133	0.9116189865	0.1728309721	0.9116189865	1	-0.1212905647	-0.1212905647	0.1718749354	0.1718749354	-0.0956157368	0.1718749354	0.1718749354	0.3247585928	-0.07002188184	1	-0.1208461735	1	-0.07622758693	0.3860257197	-0.1208461735	0.3860257197	0.9836539506	0.3860257197	1	0.3901231036	-0.07622758693	1	0.38467049	-0.1583881079	0.3860257197	-0.1607130865	0.3860257197	-0.07622758693	-0.1607130865	0.9836539506	0.38467049	0.9836539506	-0.07622758693	0.38467049	-0.07622758693	-0.1497866725	-0.0771828272	0.3628312763	0.880730566	-0.04014202558	-0.04014202558	0.3641332335	-0.1283398134	0.05374424394	0.8753444883	0.2132643856	0.2173592674	-0.03484209522	0.9661340656	0.1573961519	0.9661340656	0.9492397675	0.1573961519	-0.07940340887	-0.07940340887	-0.07908862737	0.9492397675	0.1573961519	0.1573961519	0.1573961519	-0.127366629	-0.07908862737	0.3528471184	0.9665618162	0.3528471184	-0.08003929648	-0.007813389189	-0.1257285467	0.917726486	-0.1300027015	0.1486495783	0.1545927036	-0.08159294374	0.1545927036	0.1545927036	0.1543587924	0.8218178768	0.8218178768	0.6990563457	-0.06714942187	0.6321799781	0.1323795479	0.4791102264	-0.07206049315	0.5091162012	0.02215793295	0.02215793295	0.182802016	0.02143249827	0.1831904881	0.4861678204	0.08728141277	0.1965719286	0.08909138887	0.03237746969	-0.04197090392	0.3290110422	0.4492417701
chr11_2092983_G_C	-0.09143748395	0.6760928517	0.6711327165	-0.471135956	-0.4512780886	0.6545347807	0.229069224	0.6507585048	0.6545347807	0.6545347807	0.5603742403	-0.4457577552	0.229069224	0.3089749255	0.5628583038	-0.1021344814	-0.3963604884	-0.4615362654	-0.4595098135	0.2410153094	-0.4615362654	0.762137359	0.762137359	-0.1073413759	0.5939656407	-0.10424629	-0.3206409259	-0.4105151947	0.9870598209	0.9870598209	0.9870598209	0.6042663222	0.0585469203	0.6088623387	-0.10424629	-0.10424629	0.6088623387	0.6088623387	0.6088623387	-0.4077155231	0.6058233886	0.05756873915	0.05756873915	0.6047167914	-0.3025849693	-0.3099143744	-0.3099143744	-0.3099143744	-0.1012490973	0.9934793646	0.1934865726	-0.1012490973	0.694841732	0.6957194835	-0.1012490973	0.694841732	0.694841732	0.1380874238	-0.329492886	0.923685449	-0.329492886	-0.1012490973	0.694841732	0.6947200562	-0.3528029245	0.6936649679	0.6921475967	0.9214508853	-0.1012490973	0.694841732	-0.1012490973	-0.1208461735	0.9978424602	0.9978424602	0.6947200562	0.6947200562	0.9306898182	0.6947200562	0.6947200562	-0.252837046	0.1925207958	-0.1208461735	1	-0.1208461735	-0.3339779901	-0.3641620313	0.9956557275	-0.3641620313	-0.1291664372	-0.3641620313	-0.1208461735	-0.3623927723	-0.3339779901	-0.1208461735	-0.3629707011	0.8379272097	-0.3641620313	0.8342210281	-0.3641620313	-0.3339779901	0.8342210281	-0.1172848744	-0.3629707011	-0.1291664372	-0.3339779901	-0.3629707011	-0.3339779901	0.8585924764	-0.3384549853	-0.362600452	-0.1012490973	-0.04603751054	-0.04603751054	-0.36375905	0.8306256599	0.1640020763	-0.09592803976	0.7768131172	0.7686363799	-0.06612891221	-0.1159773114	0.5456632147	-0.1159773114	-0.1000827119	0.5456632147	-0.3255919992	-0.3255919992	-0.3296278559	-0.1000827119	0.5456632147	0.5456632147	0.5456632147	0.8289596986	-0.3296278559	-0.34530948	-0.09674102206	-0.3508019933	-0.3281994429	0.1392604517	0.8139858343	-0.09352174881	0.8055812558	0.4990003604	0.5184297818	-0.3189341629	0.5184297818	0.5184297818	0.5166093863	-0.07916194886	-0.07916194886	-0.02442556761	0.5090577607	-0.000320416124	0.3816664709	0.02866193528	0.1308383651	-0.008599778377	0.4060901128	0.4060901128	0.4040420091	0.4032625735	0.4025937734	-0.008018161164	0.4079584671	0.3637339707	0.4163691737	0.1535110762	-0.04112962839	0.003900137296	0.02065036227
chr11_2092999_C_G	-0.003752187404	-0.1134045124	-0.1232495884	0.1251039988	0.1195687806	-0.1224546725	-0.02635392499	-0.1196492433	-0.1224546725	-0.1224546725	-0.116796982	0.1228715734	-0.02635392499	-0.02045461293	-0.1170186741	0.6754181303	0.09655558512	0.1266242551	0.1278993316	-0.04185501042	0.1266242551	-0.1464909142	-0.1464909142	0.8753444883	0.1103981486	0.8623428895	-0.1266054407	-0.1331479968	-0.1175066768	-0.1175066768	-0.1175066768	0.1146225293	0.6237919667	0.1184968028	0.8936112917	0.8936112917	0.1184968028	0.1184968028	0.1184968028	-0.1257838857	0.1188427299	0.6291019388	0.6291019388	0.1176137137	-0.1338094937	-0.09832649713	-0.09832649713	-0.08147348027	0.9116189865	-0.1218179245	-0.06884382581	0.9116189865	0.1728309721	0.1786487849	0.9116189865	0.1728309721	0.1728309721	-0.0104132943	-0.07527071248	0.2250491679	-0.07527071248	0.9116189865	0.1728309721	0.1718749354	0.3793313515	0.1733403168	0.1730849302	0.2254227133	0.9116189865	0.1728309721	0.9116189865	1	-0.1212905647	-0.1212905647	0.1718749354	0.1718749354	-0.0956157368	0.1718749354	0.1718749354	0.3247585928	-0.07002188184	1	-0.1208461735	1	-0.07622758693	0.3860257197	-0.1208461735	0.3860257197	0.9836539506	0.3860257197	1	0.3901231036	-0.07622758693	1	0.38467049	-0.1583881079	0.3860257197	-0.1607130865	0.3860257197	-0.07622758693	-0.1607130865	0.9836539506	0.38467049	0.9836539506	-0.07622758693	0.38467049	-0.07622758693	-0.1497866725	-0.0771828272	0.3628312763	0.880730566	-0.04014202558	-0.04014202558	0.3641332335	-0.1283398134	0.05374424394	0.8753444883	0.2132643856	0.2173592674	-0.03484209522	0.9661340656	0.1573961519	0.9661340656	0.9492397675	0.1573961519	-0.07940340887	-0.07940340887	-0.07908862737	0.9492397675	0.1573961519	0.1573961519	0.1573961519	-0.127366629	-0.07908862737	0.3528471184	0.9665618162	0.3528471184	-0.08003929648	-0.007813389189	-0.1257285467	0.917726486	-0.1300027015	0.1486495783	0.1545927036	-0.08159294374	0.1545927036	0.1545927036	0.1543587924	0.8218178768	0.8218178768	0.6990563457	-0.06714942187	0.6321799781	0.1323795479	0.4791102264	-0.07206049315	0.5091162012	0.02215793295	0.02215793295	0.182802016	0.02143249827	0.1831904881	0.4861678204	0.08728141277	0.1965719286	0.08909138887	0.03237746969	-0.04197090392	0.3290110422	0.4492417701
chr11_2093065_C_T	0.03373128045	-0.208494664	-0.2184604821	0.4853279937	0.468098374	-0.202804368	-0.1405650559	-0.2029138476	-0.202804368	-0.202804368	-0.121377423	0.469825028	-0.1507076429	0.2272671203	-0.1227211834	-0.06771635394	0.478234406	0.4623010048	0.4537112003	-0.1231331784	0.4623010048	-0.2559328643	-0.2559328643	-0.09097376025	0.2902672389	-0.09447366132	0.4431353537	0.7535103462	-0.3203752836	-0.3203752836	-0.3203752836	0.2996180075	-0.1170153761	0.3022628511	-0.09447366132	-0.09447366132	0.3022628511	0.3022628511	0.3022628511	0.7439845321	0.3029171115	-0.1141961842	-0.1141961842	0.300239128	0.377308498	0.9515486694	0.9515486694	0.9515486694	-0.09790771102	-0.3362711753	-0.05558197366	-0.09790771102	0.3395697152	0.352395068	-0.09790771102	0.3395697152	0.3395697152	-0.07837542884	0.9959316793	-0.3624875165	0.9959316793	-0.09790771102	0.3395697152	0.3374607366	0.867634734	0.3410294772	0.3460439401	-0.3601439322	-0.09790771102	0.3453317247	-0.09790771102	-0.07622758693	-0.3348154297	-0.3348154297	0.343216319	0.343216319	-0.3124776174	0.343216319	0.343216319	0.7929682282	-0.05972679454	-0.07622758693	-0.3339779901	-0.07622758693	1	0.8903781792	-0.3339779901	0.8903781792	-0.08003597906	0.8903781792	-0.07622758693	0.8770077442	1	-0.07622758693	0.8872918722	-0.4151316812	0.8903781792	-0.420655345	0.8903781792	1	-0.420655345	-0.08003597906	0.8872918722	-0.08003597906	1	0.8872918722	1	-0.4074520573	0.9959448371	0.8721411261	-0.09790771102	-0.00844131289	-0.00844131289	0.867634734	-0.3812589206	-0.05404331281	-0.09097376025	-0.399288274	-0.3997784042	-0.05270907705	-0.06833207592	0.3161738212	-0.06833207592	-0.07232848329	0.3161738212	0.9520710368	0.9520710368	0.9555145125	-0.07232848329	0.3161738212	0.3161738212	0.3161738212	-0.3734041379	0.9555145125	0.8541460921	-0.07622758693	0.8541460921	0.9596955228	-0.07392279352	-0.369136274	-0.06376931499	-0.3550645816	0.3270150393	0.3225315168	0.925418686	0.3225315168	0.3225315168	0.3218994457	-0.05121365847	-0.05121365847	-0.1092291717	0.2363853258	-0.07622758693	0.2091958907	-0.07354784213	-0.1677000321	0.004362359142	0.01565915662	0.01565915662	-0.009102132244	0.01972437982	-0.001705428161	-0.05786512553	-0.091909903	0.01598868126	-0.09482007457	-0.01502735495	0.1686041233	-0.105089426	-0.06833207592
chr11_2093603_C_A	0.02949444104	-0.2446698927	-0.258384836	0.5061319194	0.4876643184	-0.2435371954	-0.1420798447	-0.2423576652	-0.2435371954	-0.2435371954	-0.1656196059	0.4907696738	-0.1514635622	0.2009244146	-0.1669640395	0.245712305	0.4865352979	0.4855218856	0.4781569073	-0.1330292421	0.4855218856	-0.3036643562	-0.3036643562	0.3154713893	0.3189516785	0.3062974719	0.3521782059	0.6363439007	-0.3500524339	-0.3500524339	-0.3500524339	0.3295314622	0.1765319192	0.3337472177	0.3205730594	0.3205730594	0.3337472177	0.3337472177	0.3337472177	0.6308928937	0.3345104593	0.1815644463	0.1815644463	0.3314717355	0.2879875134	0.8354627267	0.8354627267	0.8431569707	0.3256173578	-0.3667272929	-0.08285396892	0.3256173578	0.39306904	0.4075909205	0.3256173578	0.39306904	0.39306904	-0.07726555885	0.8870511118	-0.2326199709	0.8870511118	0.3256173578	0.39306904	0.390681377	0.9759019086	0.3946521237	0.3991748072	-0.2302811917	0.3256173578	0.3983999353	0.3256173578	0.3860257197	-0.3651397003	-0.3651397003	0.3960063259	0.3960063259	-0.3327513644	0.3960063259	0.3960063259	0.8819067695	-0.08722651523	0.3860257197	-0.3641620313	0.3860257197	0.8903781792	1	-0.3641620313	1	0.3750394839	1	0.3860257197	0.9895006029	0.8903781792	0.3860257197	0.9965258808	-0.4563835618	1	-0.4625554132	1	0.8903781792	-0.4625554132	0.3750394839	0.9965258808	0.3750394839	0.8903781792	0.9965258808	0.8903781792	-0.4453515433	0.8861903092	0.9725380234	0.311515251	-0.0261365726	-0.0261365726	0.9689632086	-0.4113266178	-0.02546285381	0.3154713893	-0.272047633	-0.2706315736	-0.0646725344	0.377868997	0.3643768632	0.377868997	0.3664585104	0.3643768632	0.8445853455	0.8445853455	0.8479148934	0.3664585104	0.3643768632	0.3643768632	0.3643768632	-0.4036152236	0.8479148934	0.9513311132	0.3707595186	0.9513311132	0.851349052	-0.07195908369	-0.3989188154	0.3599898936	-0.3878513338	0.3704136923	0.3689789611	0.8189274947	0.3689789611	0.3689789611	0.3682873894	0.3278190637	0.3278190637	0.2180975073	0.1880418822	0.2180975073	0.253981705	0.1506927659	-0.1880519101	0.2364729428	0.02460373982	0.02460373982	0.07503714152	0.02803360536	0.08205778024	0.1684242439	-0.04518486846	0.1045373103	-0.04705095614	0.0008789256953	0.1368273285	0.05298335211	0.1418818456
chr11_2093897_G_A	-0.1010222491	0.6715869175	0.6666257484	-0.471135956	-0.4512780886	0.6499347216	0.229069224	0.6461699494	0.6499347216	0.6499347216	0.5553495222	-0.4457577552	0.229069224	0.3089749255	0.557863064	-0.1021344814	-0.3963604884	-0.4615362654	-0.4595098135	0.2410153094	-0.4615362654	0.762137359	0.762137359	-0.1073413759	0.5939656407	-0.10424629	-0.3206409259	-0.4054780089	0.9827223636	0.9827223636	0.9827223636	0.6042663222	0.0585469203	0.6088623387	-0.10424629	-0.10424629	0.6088623387	0.6088623387	0.6088623387	-0.4025680251	0.6058233886	0.05756873915	0.05756873915	0.6047167914	-0.3025849693	-0.3099143744	-0.3099143744	-0.3099143744	-0.1012490973	0.9934793646	0.1934865726	-0.1012490973	0.694841732	0.6957194835	-0.1012490973	0.694841732	0.694841732	0.1380874238	-0.329492886	0.923685449	-0.329492886	-0.1012490973	0.694841732	0.6947200562	-0.3528029245	0.6936649679	0.6921475967	0.9214508853	-0.1012490973	0.694841732	-0.1012490973	-0.1208461735	0.9978424602	0.9978424602	0.6947200562	0.6947200562	0.9306898182	0.6947200562	0.6947200562	-0.252837046	0.1925207958	-0.1208461735	0.9956557275	-0.1208461735	-0.3339779901	-0.3641620313	1	-0.3641620313	-0.1291664372	-0.3641620313	-0.1208461735	-0.3623927723	-0.3339779901	-0.1208461735	-0.3629707011	0.8379272097	-0.3641620313	0.8342210281	-0.3641620313	-0.3339779901	0.8342210281	-0.1172848744	-0.3629707011	-0.1291664372	-0.3339779901	-0.3629707011	-0.3339779901	0.8585924764	-0.3384549853	-0.362600452	-0.1012490973	-0.04603751054	-0.04603751054	-0.36375905	0.8306256599	0.1640020763	-0.09592803976	0.7768131172	0.7686363799	-0.06612891221	-0.1159773114	0.5456632147	-0.1159773114	-0.1000827119	0.5456632147	-0.3255919992	-0.3255919992	-0.3296278559	-0.1000827119	0.5456632147	0.5456632147	0.5456632147	0.8289596986	-0.3296278559	-0.34530948	-0.09674102206	-0.3508019933	-0.3281994429	0.1392604517	0.8139858343	-0.09352174881	0.8055812558	0.4990003604	0.5184297818	-0.3189341629	0.5184297818	0.5184297818	0.5166093863	-0.07916194886	-0.07916194886	-0.02442556761	0.5090577607	-0.000320416124	0.3770779155	0.02866193528	0.1308383651	-0.008599778377	0.4060901128	0.4060901128	0.4040420091	0.4032625735	0.4025937734	-0.008018161164	0.4017900836	0.3637339707	0.4102304055	0.1535110762	-0.04112962839	0.003900137296	0.02065036227
chr11_2094303_C_T	0.02949444104	-0.2446698927	-0.258384836	0.5061319194	0.4876643184	-0.2435371954	-0.1420798447	-0.2423576652	-0.2435371954	-0.2435371954	-0.1656196059	0.4907696738	-0.1514635622	0.2009244146	-0.1669640395	0.245712305	0.4865352979	0.4855218856	0.4781569073	-0.1330292421	0.4855218856	-0.3036643562	-0.3036643562	0.3154713893	0.3189516785	0.3062974719	0.3521782059	0.6363439007	-0.3500524339	-0.3500524339	-0.3500524339	0.3295314622	0.1765319192	0.3337472177	0.3205730594	0.3205730594	0.3337472177	0.3337472177	0.3337472177	0.6308928937	0.3345104593	0.1815644463	0.1815644463	0.3314717355	0.2879875134	0.8354627267	0.8354627267	0.8431569707	0.3256173578	-0.3667272929	-0.08285396892	0.3256173578	0.39306904	0.4075909205	0.3256173578	0.39306904	0.39306904	-0.07726555885	0.8870511118	-0.2326199709	0.8870511118	0.3256173578	0.39306904	0.390681377	0.9759019086	0.3946521237	0.3991748072	-0.2302811917	0.3256173578	0.3983999353	0.3256173578	0.3860257197	-0.3651397003	-0.3651397003	0.3960063259	0.3960063259	-0.3327513644	0.3960063259	0.3960063259	0.8819067695	-0.08722651523	0.3860257197	-0.3641620313	0.3860257197	0.8903781792	1	-0.3641620313	1	0.3750394839	1	0.3860257197	0.9895006029	0.8903781792	0.3860257197	0.9965258808	-0.4563835618	1	-0.4625554132	1	0.8903781792	-0.4625554132	0.3750394839	0.9965258808	0.3750394839	0.8903781792	0.9965258808	0.8903781792	-0.4453515433	0.8861903092	0.9725380234	0.311515251	-0.0261365726	-0.0261365726	0.9689632086	-0.4113266178	-0.02546285381	0.3154713893	-0.272047633	-0.2706315736	-0.0646725344	0.377868997	0.3643768632	0.377868997	0.3664585104	0.3643768632	0.8445853455	0.8445853455	0.8479148934	0.3664585104	0.3643768632	0.3643768632	0.3643768632	-0.4036152236	0.8479148934	0.9513311132	0.3707595186	0.9513311132	0.851349052	-0.07195908369	-0.3989188154	0.3599898936	-0.3878513338	0.3704136923	0.3689789611	0.8189274947	0.3689789611	0.3689789611	0.3682873894	0.3278190637	0.3278190637	0.2180975073	0.1880418822	0.2180975073	0.253981705	0.1506927659	-0.1880519101	0.2364729428	0.02460373982	0.02460373982	0.07503714152	0.02803360536	0.08205778024	0.1684242439	-0.04518486846	0.1045373103	-0.04705095614	0.0008789256953	0.1368273285	0.05298335211	0.1418818456
chr11_2094347_C_T	-0.006272129118	-0.1199104227	-0.1299201614	0.1390358926	0.1334844454	-0.129207512	-0.02995778916	-0.1263436647	-0.129207512	-0.129207512	-0.1217440662	0.1368552832	-0.02995778916	-0.0135913187	-0.1219518059	0.6636062746	0.1002922677	0.1408013789	0.1421425207	-0.04416313116	0.1408013789	-0.1541706223	-0.1541706223	0.8606262337	0.1042021792	0.8477748387	-0.1134839047	-0.1237365365	-0.1257615435	-0.1257615435	-0.1257615435	0.1085420063	0.6116090546	0.1124917243	0.8785995763	0.8785995763	0.1124917243	0.1124917243	0.1124917243	-0.115995489	0.1128741923	0.61687151	0.61687151	0.1115991419	-0.1194446562	-0.1015180079	-0.1015180079	-0.08490411709	0.8963178344	-0.1301638347	-0.06998785067	0.8963178344	0.1562785455	0.1620580208	0.8963178344	0.1562785455	0.1562785455	-0.01190457692	-0.0790673614	0.2112378187	-0.0790673614	0.8963178344	0.1562785455	0.1553282887	0.3683114749	0.1569098609	0.1565938068	0.2116476759	0.8963178344	0.1562785455	0.8963178344	0.9836539506	-0.1296003447	-0.1296003447	0.1553282887	0.1553282887	-0.1035172899	0.1553282887	0.1553282887	0.3138255886	-0.07118548327	0.9836539506	-0.1291664372	0.9836539506	-0.08003597906	0.3750394839	-0.1291664372	0.3750394839	1	0.3750394839	0.9836539506	0.3790656505	-0.08003597906	0.9836539506	0.3736778323	-0.1681876599	0.3750394839	-0.1705836336	0.3750394839	-0.08003597906	-0.1705836336	0.9675039872	0.3736778323	0.9675039872	-0.08003597906	0.3736778323	-0.08003597906	-0.159415256	-0.0810029978	0.3520196769	0.865867687	-0.04080909304	-0.04080909304	0.3533290016	-0.1380543495	0.05158215566	0.8606262337	0.1981515193	0.2022347646	-0.03542109011	0.9503415904	0.1390556539	0.9503415904	0.9336502425	0.1390556539	-0.08322849553	-0.08322849553	-0.08293246132	0.9336502425	0.1390556539	0.1390556539	0.1390556539	-0.137103124	-0.08293246132	0.3422803125	0.9506902183	0.3422803125	-0.08389501564	-0.009296151689	-0.1353879212	0.9025119617	-0.1397952198	0.1304791616	0.1365788759	-0.08542396198	0.1365788759	0.1365788759	0.1362659937	0.8082253979	0.8082253979	0.6869803598	-0.08002770216	0.6210528952	0.1137939893	0.4703414683	-0.07615277142	0.5003930903	0.01101592115	0.01101592115	0.1688059018	0.01025764684	0.1692347337	0.4773326252	0.0813509852	0.1827871941	0.08322647535	0.03027903261	-0.04266836309	0.3219397601	0.440783435
chr11_2094599_G_A	0.02949444104	-0.2446698927	-0.258384836	0.5061319194	0.4876643184	-0.2435371954	-0.1420798447	-0.2423576652	-0.2435371954	-0.2435371954	-0.1656196059	0.4907696738	-0.1514635622	0.2009244146	-0.1669640395	0.245712305	0.4865352979	0.4855218856	0.4781569073	-0.1330292421	0.4855218856	-0.3036643562	-0.3036643562	0.3154713893	0.3189516785	0.3062974719	0.3521782059	0.6363439007	-0.3500524339	-0.3500524339	-0.3500524339	0.3295314622	0.1765319192	0.3337472177	0.3205730594	0.3205730594	0.3337472177	0.3337472177	0.3337472177	0.6308928937	0.3345104593	0.1815644463	0.1815644463	0.3314717355	0.2879875134	0.8354627267	0.8354627267	0.8431569707	0.3256173578	-0.3667272929	-0.08285396892	0.3256173578	0.39306904	0.4075909205	0.3256173578	0.39306904	0.39306904	-0.07726555885	0.8870511118	-0.2326199709	0.8870511118	0.3256173578	0.39306904	0.390681377	0.9759019086	0.3946521237	0.3991748072	-0.2302811917	0.3256173578	0.3983999353	0.3256173578	0.3860257197	-0.3651397003	-0.3651397003	0.3960063259	0.3960063259	-0.3327513644	0.3960063259	0.3960063259	0.8819067695	-0.08722651523	0.3860257197	-0.3641620313	0.3860257197	0.8903781792	1	-0.3641620313	1	0.3750394839	1	0.3860257197	0.9895006029	0.8903781792	0.3860257197	0.9965258808	-0.4563835618	1	-0.4625554132	1	0.8903781792	-0.4625554132	0.3750394839	0.9965258808	0.3750394839	0.8903781792	0.9965258808	0.8903781792	-0.4453515433	0.8861903092	0.9725380234	0.311515251	-0.0261365726	-0.0261365726	0.9689632086	-0.4113266178	-0.02546285381	0.3154713893	-0.272047633	-0.2706315736	-0.0646725344	0.377868997	0.3643768632	0.377868997	0.3664585104	0.3643768632	0.8445853455	0.8445853455	0.8479148934	0.3664585104	0.3643768632	0.3643768632	0.3643768632	-0.4036152236	0.8479148934	0.9513311132	0.3707595186	0.9513311132	0.851349052	-0.07195908369	-0.3989188154	0.3599898936	-0.3878513338	0.3704136923	0.3689789611	0.8189274947	0.3689789611	0.3689789611	0.3682873894	0.3278190637	0.3278190637	0.2180975073	0.1880418822	0.2180975073	0.253981705	0.1506927659	-0.1880519101	0.2364729428	0.02460373982	0.02460373982	0.07503714152	0.02803360536	0.08205778024	0.1684242439	-0.04518486846	0.1045373103	-0.04705095614	0.0008789256953	0.1368273285	0.05298335211	0.1418818456
chr11_2094762_G_A	-0.003752187404	-0.1134045124	-0.1232495884	0.1251039988	0.1195687806	-0.1224546725	-0.02635392499	-0.1196492433	-0.1224546725	-0.1224546725	-0.116796982	0.1228715734	-0.02635392499	-0.02045461293	-0.1170186741	0.6754181303	0.09655558512	0.1266242551	0.1278993316	-0.04185501042	0.1266242551	-0.1464909142	-0.1464909142	0.8753444883	0.1103981486	0.8623428895	-0.1266054407	-0.1331479968	-0.1175066768	-0.1175066768	-0.1175066768	0.1146225293	0.6237919667	0.1184968028	0.8936112917	0.8936112917	0.1184968028	0.1184968028	0.1184968028	-0.1257838857	0.1188427299	0.6291019388	0.6291019388	0.1176137137	-0.1338094937	-0.09832649713	-0.09832649713	-0.08147348027	0.9116189865	-0.1218179245	-0.06884382581	0.9116189865	0.1728309721	0.1786487849	0.9116189865	0.1728309721	0.1728309721	-0.0104132943	-0.07527071248	0.2250491679	-0.07527071248	0.9116189865	0.1728309721	0.1718749354	0.3793313515	0.1733403168	0.1730849302	0.2254227133	0.9116189865	0.1728309721	0.9116189865	1	-0.1212905647	-0.1212905647	0.1718749354	0.1718749354	-0.0956157368	0.1718749354	0.1718749354	0.3247585928	-0.07002188184	1	-0.1208461735	1	-0.07622758693	0.3860257197	-0.1208461735	0.3860257197	0.9836539506	0.3860257197	1	0.3901231036	-0.07622758693	1	0.38467049	-0.1583881079	0.3860257197	-0.1607130865	0.3860257197	-0.07622758693	-0.1607130865	0.9836539506	0.38467049	0.9836539506	-0.07622758693	0.38467049	-0.07622758693	-0.1497866725	-0.0771828272	0.3628312763	0.880730566	-0.04014202558	-0.04014202558	0.3641332335	-0.1283398134	0.05374424394	0.8753444883	0.2132643856	0.2173592674	-0.03484209522	0.9661340656	0.1573961519	0.9661340656	0.9492397675	0.1573961519	-0.07940340887	-0.07940340887	-0.07908862737	0.9492397675	0.1573961519	0.1573961519	0.1573961519	-0.127366629	-0.07908862737	0.3528471184	0.9665618162	0.3528471184	-0.08003929648	-0.007813389189	-0.1257285467	0.917726486	-0.1300027015	0.1486495783	0.1545927036	-0.08159294374	0.1545927036	0.1545927036	0.1543587924	0.8218178768	0.8218178768	0.6990563457	-0.06714942187	0.6321799781	0.1323795479	0.4791102264	-0.07206049315	0.5091162012	0.02215793295	0.02215793295	0.182802016	0.02143249827	0.1831904881	0.4861678204	0.08728141277	0.1965719286	0.08909138887	0.03237746969	-0.04197090392	0.3290110422	0.4492417701
chr11_2094852_T_C	0.03093179683	-0.2370872506	-0.2507685893	0.5028513428	0.4842801378	-0.2356500892	-0.1319014904	-0.2345216574	-0.2356500892	-0.2356500892	-0.1638624119	0.487356711	-0.1413603302	0.2054425065	-0.1652226534	0.2487196657	0.4816761146	0.4819517629	0.4744885365	-0.1327394863	0.4819517629	-0.2959429382	-0.2959429382	0.3190697337	0.3122411178	0.309838374	0.3497107054	0.6250639293	-0.3482228683	-0.3482228683	-0.3482228683	0.3228880976	0.1795006295	0.3270924604	0.3242282462	0.3242282462	0.3270924604	0.3270924604	0.3270924604	0.6190628533	0.3278862712	0.184560455	0.184560455	0.3248164146	0.2844734366	0.8210247744	0.8210247744	0.8287806155	0.3293287654	-0.3649601612	-0.08252719457	0.3293287654	0.3866774314	0.4011828773	0.3293287654	0.3866774314	0.3866774314	-0.07711896767	0.8736049542	-0.2295253801	0.8736049542	0.3293287654	0.3866774314	0.3842922699	0.9653636348	0.3883070766	0.3928491529	-0.2271873033	0.3293287654	0.3920510037	0.3293287654	0.3901231036	-0.3633802187	-0.3633802187	0.3896598483	0.3896598483	-0.3366403786	0.3896598483	0.3896598483	0.8787336167	-0.08691780367	0.3901231036	-0.3623927723	0.3901231036	0.8770077442	0.9895006029	-0.3623927723	0.9895006029	0.3790656505	0.9895006029	0.3901231036	1	0.8770077442	0.3901231036	0.9930492263	-0.4544133481	0.9895006029	-0.4605860662	0.9895006029	0.8770077442	-0.4605860662	0.3790656505	0.9860301455	0.3790656505	0.8770077442	0.9860301455	0.8770077442	-0.4434297988	0.8728348812	0.9620026447	0.3151137627	-0.02576851312	-0.02576851312	0.9583693862	-0.4092344174	-0.02501336529	0.3190697337	-0.2685830392	-0.2671773347	-0.0646891992	0.3818669779	0.3577376452	0.3818669779	0.3703823047	0.3577376452	0.8312005319	0.8312005319	0.834348482	0.3703823047	0.3577376452	0.3577376452	0.3577376452	-0.4014574838	0.834348482	0.9405047046	0.3747346872	0.9405047046	0.8378570486	-0.07179120962	-0.3967703305	0.363895579	-0.3855237804	0.3696645492	0.3625467965	0.8056275038	0.3625467965	0.3625467965	0.3618269233	0.3313452635	0.3313452635	0.2208505236	0.1960040067	0.2208505236	0.2520973034	0.1528191346	-0.1871696735	0.2390659714	0.01910874203	0.01910874203	0.0703582784	0.02256679566	0.07743481067	0.1706768307	-0.03548060879	0.09989386878	-0.03744202038	0.001651111057	0.1385263151	0.05452929283	0.1439906057
chr11_2095273_C_T	0.03373128045	-0.208494664	-0.2184604821	0.4853279937	0.468098374	-0.202804368	-0.1405650559	-0.2029138476	-0.202804368	-0.202804368	-0.121377423	0.469825028	-0.1507076429	0.2272671203	-0.1227211834	-0.06771635394	0.478234406	0.4623010048	0.4537112003	-0.1231331784	0.4623010048	-0.2559328643	-0.2559328643	-0.09097376025	0.2902672389	-0.09447366132	0.4431353537	0.7535103462	-0.3203752836	-0.3203752836	-0.3203752836	0.2996180075	-0.1170153761	0.3022628511	-0.09447366132	-0.09447366132	0.3022628511	0.3022628511	0.3022628511	0.7439845321	0.3029171115	-0.1141961842	-0.1141961842	0.300239128	0.377308498	0.9515486694	0.9515486694	0.9515486694	-0.09790771102	-0.3362711753	-0.05558197366	-0.09790771102	0.3395697152	0.352395068	-0.09790771102	0.3395697152	0.3395697152	-0.07837542884	0.9959316793	-0.3624875165	0.9959316793	-0.09790771102	0.3395697152	0.3374607366	0.867634734	0.3410294772	0.3460439401	-0.3601439322	-0.09790771102	0.3453317247	-0.09790771102	-0.07622758693	-0.3348154297	-0.3348154297	0.343216319	0.343216319	-0.3124776174	0.343216319	0.343216319	0.7929682282	-0.05972679454	-0.07622758693	-0.3339779901	-0.07622758693	1	0.8903781792	-0.3339779901	0.8903781792	-0.08003597906	0.8903781792	-0.07622758693	0.8770077442	1	-0.07622758693	0.8872918722	-0.4151316812	0.8903781792	-0.420655345	0.8903781792	1	-0.420655345	-0.08003597906	0.8872918722	-0.08003597906	1	0.8872918722	1	-0.4074520573	0.9959448371	0.8721411261	-0.09790771102	-0.00844131289	-0.00844131289	0.867634734	-0.3812589206	-0.05404331281	-0.09097376025	-0.399288274	-0.3997784042	-0.05270907705	-0.06833207592	0.3161738212	-0.06833207592	-0.07232848329	0.3161738212	0.9520710368	0.9520710368	0.9555145125	-0.07232848329	0.3161738212	0.3161738212	0.3161738212	-0.3734041379	0.9555145125	0.8541460921	-0.07622758693	0.8541460921	0.9596955228	-0.07392279352	-0.369136274	-0.06376931499	-0.3550645816	0.3270150393	0.3225315168	0.925418686	0.3225315168	0.3225315168	0.3218994457	-0.05121365847	-0.05121365847	-0.1092291717	0.2363853258	-0.07622758693	0.2091958907	-0.07354784213	-0.1677000321	0.004362359142	0.01565915662	0.01565915662	-0.009102132244	0.01972437982	-0.001705428161	-0.05786512553	-0.091909903	0.01598868126	-0.09482007457	-0.01502735495	0.1686041233	-0.105089426	-0.06833207592
chr11_2095733_C_A	-0.003752187404	-0.1134045124	-0.1232495884	0.1251039988	0.1195687806	-0.1224546725	-0.02635392499	-0.1196492433	-0.1224546725	-0.1224546725	-0.116796982	0.1228715734	-0.02635392499	-0.02045461293	-0.1170186741	0.6754181303	0.09655558512	0.1266242551	0.1278993316	-0.04185501042	0.1266242551	-0.1464909142	-0.1464909142	0.8753444883	0.1103981486	0.8623428895	-0.1266054407	-0.1331479968	-0.1175066768	-0.1175066768	-0.1175066768	0.1146225293	0.6237919667	0.1184968028	0.8936112917	0.8936112917	0.1184968028	0.1184968028	0.1184968028	-0.1257838857	0.1188427299	0.6291019388	0.6291019388	0.1176137137	-0.1338094937	-0.09832649713	-0.09832649713	-0.08147348027	0.9116189865	-0.1218179245	-0.06884382581	0.9116189865	0.1728309721	0.1786487849	0.9116189865	0.1728309721	0.1728309721	-0.0104132943	-0.07527071248	0.2250491679	-0.07527071248	0.9116189865	0.1728309721	0.1718749354	0.3793313515	0.1733403168	0.1730849302	0.2254227133	0.9116189865	0.1728309721	0.9116189865	1	-0.1212905647	-0.1212905647	0.1718749354	0.1718749354	-0.0956157368	0.1718749354	0.1718749354	0.3247585928	-0.07002188184	1	-0.1208461735	1	-0.07622758693	0.3860257197	-0.1208461735	0.3860257197	0.9836539506	0.3860257197	1	0.3901231036	-0.07622758693	1	0.38467049	-0.1583881079	0.3860257197	-0.1607130865	0.3860257197	-0.07622758693	-0.1607130865	0.9836539506	0.38467049	0.9836539506	-0.07622758693	0.38467049	-0.07622758693	-0.1497866725	-0.0771828272	0.3628312763	0.880730566	-0.04014202558	-0.04014202558	0.3641332335	-0.1283398134	0.05374424394	0.8753444883	0.2132643856	0.2173592674	-0.03484209522	0.9661340656	0.1573961519	0.9661340656	0.9492397675	0.1573961519	-0.07940340887	-0.07940340887	-0.07908862737	0.9492397675	0.1573961519	0.1573961519	0.1573961519	-0.127366629	-0.07908862737	0.3528471184	0.9665618162	0.3528471184	-0.08003929648	-0.007813389189	-0.1257285467	0.917726486	-0.1300027015	0.1486495783	0.1545927036	-0.08159294374	0.1545927036	0.1545927036	0.1543587924	0.8218178768	0.8218178768	0.6990563457	-0.06714942187	0.6321799781	0.1323795479	0.4791102264	-0.07206049315	0.5091162012	0.02215793295	0.02215793295	0.182802016	0.02143249827	0.1831904881	0.4861678204	0.08728141277	0.1965719286	0.08909138887	0.03237746969	-0.04197090392	0.3290110422	0.4492417701
chr11_2095799_A_G	0.02827656165	-0.2424961927	-0.2563379613	0.5074468928	0.4889174786	-0.2414190996	-0.1344138589	-0.2402097704	-0.2414190996	-0.2414190996	-0.1685221441	0.4920670389	-0.1437888948	0.2037798349	-0.1698603336	0.2444539125	0.4884480042	0.4868775965	0.479537607	-0.1342489008	0.4868775965	-0.3023510747	-0.3023510747	0.3141162262	0.3165145405	0.3049349376	0.3495781033	0.6328612908	-0.3488305989	-0.3488305989	-0.3488305989	0.3271656858	0.1748269139	0.3314378837	0.3191973178	0.3191973178	0.3314378837	0.3314378837	0.3314378837	0.627498483	0.3322195973	0.17986766	0.17986766	0.3291543166	0.2855661658	0.8325675705	0.8325675705	0.840254696	0.3242212516	-0.3655435629	-0.08375861401	0.3242212516	0.3915073155	0.4060732368	0.3242212516	0.3915073155	0.3915073155	-0.07795244512	0.8839795983	-0.2320143261	0.8839795983	0.3242212516	0.3915073155	0.3891123185	0.9723905696	0.3931175913	0.3976218142	-0.2296675536	0.3242212516	0.3968332788	0.3242212516	0.38467049	-0.3639610948	-0.3639610948	0.3944323409	0.3944323409	-0.3367272316	0.3944323409	0.3944323409	0.8846989279	-0.08814390697	0.38467049	-0.3629707011	0.38467049	0.8872918722	0.9965258808	-0.3629707011	0.9965258808	0.3736778323	0.9965258808	0.38467049	0.9930492263	0.8872918722	0.38467049	1	-0.455949908	0.9965258808	-0.4621389453	0.9965258808	0.8872918722	-0.4621389453	0.3736778323	0.9930431071	0.3736778323	0.8872918722	0.9930431071	0.8872918722	-0.4448143658	0.8830961556	0.9690178401	0.3101321916	-0.02668457576	-0.02668457576	0.9654582891	-0.4106705923	-0.02608684211	0.3141162262	-0.2718637312	-0.2704038863	-0.06510934017	0.3765551149	0.3622284954	0.3765551149	0.3651381756	0.3622284954	0.8415128305	0.8415128305	0.8448326903	0.3651381756	0.3622284954	0.3622284954	0.3622284954	-0.4029418748	0.8448326903	0.9478782669	0.3694184127	0.9478782669	0.8482519314	-0.0726298685	-0.3982403153	0.3586421654	-0.387226752	0.3737526174	0.3668585967	0.8158615985	0.3668585967	0.3668585967	0.3661498027	0.3266219572	0.3266219572	0.2168976394	0.1923531469	0.2168976394	0.2576296989	0.1496415192	-0.1831010015	0.235560448	0.03022251297	0.03022251297	0.08020052438	0.03364848185	0.08721497602	0.1673721865	-0.03950816319	0.1098723671	-0.04136780586	0.0001197426192	0.1361024875	0.05182249564	0.1407862913
chr11_2095814_GACA_G	-0.07694860796	0.5523746645	0.5434556783	-0.5474193834	-0.5331204287	0.5266006754	0.1745958498	0.5252551789	0.5266006754	0.5266006754	0.4568056744	-0.5248725656	0.1745958498	0.07842807468	0.4592112557	-0.1539476824	-0.4783945185	-0.5485995227	-0.5461464309	0.2119410706	-0.5485995227	0.6316133369	0.6316133369	-0.1498927299	0.3153793544	-0.1479933255	-0.4144504379	-0.5299225285	0.8277629901	0.8277629901	0.8277629901	0.3180671051	0.001237761981	0.326608121	-0.1479933255	-0.1479933255	0.326608121	0.326608121	0.326608121	-0.5207259359	0.3253377344	0.001227425186	0.001227425186	0.3218941362	-0.3926546156	-0.3809424927	-0.3809424927	-0.3809424927	-0.1461717399	0.8347767539	0.1623478164	-0.1461717399	0.4670484366	0.4702419739	-0.1461717399	0.4670484366	0.4670484366	0.1103012075	-0.4097705475	0.7533320843	-0.4097705475	-0.1461717399	0.4670484366	0.4708074561	-0.4487256301	0.4685528964	0.4656671947	0.7520312475	-0.1461717399	0.4670484366	-0.1461717399	-0.1583881079	0.839965455	0.839965455	0.4665362024	0.4665362024	0.784743051	0.4665362024	0.4665362024	-0.3596525092	0.1599907702	-0.1583881079	0.8379272097	-0.1583881079	-0.4151316812	-0.4563835618	0.8379272097	-0.4563835618	-0.1681876599	-0.4563835618	-0.1583881079	-0.4544133481	-0.4151316812	-0.1583881079	-0.455949908	1	-0.4563835618	0.9955239776	-0.4563835618	-0.4151316812	0.9955239776	-0.1561160665	-0.455949908	-0.1561160665	-0.4151316812	-0.455949908	-0.4151316812	0.9691967543	-0.408417447	-0.4483344112	-0.1461717399	-0.08122775403	-0.08122775403	-0.4487256301	0.9326005511	0.1276332534	-0.1382968519	0.8649962018	0.8597451058	-0.09709155795	-0.1506580184	0.5812049947	-0.1506580184	-0.135916738	0.5812049947	-0.3972760477	-0.3972760477	-0.4010902423	-0.135916738	0.5812049947	0.5812049947	0.5812049947	0.9236851713	-0.4010902423	-0.4276221183	-0.133897425	-0.4332024774	-0.4004575599	0.1131704641	0.9176272	-0.1319728797	0.9115851187	0.5279184385	0.5530583916	-0.3924113702	0.5530583916	0.5530583916	0.5506201615	-0.1072557927	-0.1072557927	-0.0604253762	0.5731718822	-0.03593469327	0.45841492	-0.02578533495	0.3116031174	-0.05050937341	0.4658096581	0.4658096581	0.4429580041	0.4623760231	0.4420677282	-0.06211309932	0.3213619687	0.4094737685	0.3322674569	0.1103012075	-0.05823824928	-0.06298657191	-0.03708385961
chr11_2095968_T_C	0.02949444104	-0.2446698927	-0.258384836	0.5061319194	0.4876643184	-0.2435371954	-0.1420798447	-0.2423576652	-0.2435371954	-0.2435371954	-0.1656196059	0.4907696738	-0.1514635622	0.2009244146	-0.1669640395	0.245712305	0.4865352979	0.4855218856	0.4781569073	-0.1330292421	0.4855218856	-0.3036643562	-0.3036643562	0.3154713893	0.3189516785	0.3062974719	0.3521782059	0.6363439007	-0.3500524339	-0.3500524339	-0.3500524339	0.3295314622	0.1765319192	0.3337472177	0.3205730594	0.3205730594	0.3337472177	0.3337472177	0.3337472177	0.6308928937	0.3345104593	0.1815644463	0.1815644463	0.3314717355	0.2879875134	0.8354627267	0.8354627267	0.8431569707	0.3256173578	-0.3667272929	-0.08285396892	0.3256173578	0.39306904	0.4075909205	0.3256173578	0.39306904	0.39306904	-0.07726555885	0.8870511118	-0.2326199709	0.8870511118	0.3256173578	0.39306904	0.390681377	0.9759019086	0.3946521237	0.3991748072	-0.2302811917	0.3256173578	0.3983999353	0.3256173578	0.3860257197	-0.3651397003	-0.3651397003	0.3960063259	0.3960063259	-0.3327513644	0.3960063259	0.3960063259	0.8819067695	-0.08722651523	0.3860257197	-0.3641620313	0.3860257197	0.8903781792	1	-0.3641620313	1	0.3750394839	1	0.3860257197	0.9895006029	0.8903781792	0.3860257197	0.9965258808	-0.4563835618	1	-0.4625554132	1	0.8903781792	-0.4625554132	0.3750394839	0.9965258808	0.3750394839	0.8903781792	0.9965258808	0.8903781792	-0.4453515433	0.8861903092	0.9725380234	0.311515251	-0.0261365726	-0.0261365726	0.9689632086	-0.4113266178	-0.02546285381	0.3154713893	-0.272047633	-0.2706315736	-0.0646725344	0.377868997	0.3643768632	0.377868997	0.3664585104	0.3643768632	0.8445853455	0.8445853455	0.8479148934	0.3664585104	0.3643768632	0.3643768632	0.3643768632	-0.4036152236	0.8479148934	0.9513311132	0.3707595186	0.9513311132	0.851349052	-0.07195908369	-0.3989188154	0.3599898936	-0.3878513338	0.3704136923	0.3689789611	0.8189274947	0.3689789611	0.3689789611	0.3682873894	0.3278190637	0.3278190637	0.2180975073	0.1880418822	0.2180975073	0.253981705	0.1506927659	-0.1880519101	0.2364729428	0.02460373982	0.02460373982	0.07503714152	0.02803360536	0.08205778024	0.1684242439	-0.04518486846	0.1045373103	-0.04705095614	0.0008789256953	0.1368273285	0.05298335211	0.1418818456
chr11_2096707_G_A	-0.06943438229	0.5488121657	0.5396257695	-0.5425915223	-0.5283270059	0.5226416919	0.1724154233	0.5213634266	0.5226416919	0.5226416919	0.4539391543	-0.5199610593	0.1724154233	0.08368771907	0.4563636613	-0.1563058036	-0.4767431479	-0.5436599549	-0.5411497263	0.2203600869	-0.5436599549	0.6316561215	0.6316561215	-0.1522845331	0.3087818111	-0.150402133	-0.4139297036	-0.5318419048	0.8240950894	0.8240950894	0.8240950894	0.3116383173	-0.001243350151	0.3203215156	-0.150402133	-0.150402133	0.3203215156	0.3203215156	0.3203215156	-0.5223570807	0.3190938367	-0.001232966688	-0.001232966688	0.3155727584	-0.3915134074	-0.3860854283	-0.3860854283	-0.3860854283	-0.1485976436	0.8310269183	0.1614979614	-0.1485976436	0.4586339219	0.4618748724	-0.1485976436	0.4586339219	0.4586339219	0.1095759551	-0.4152511103	0.7488087236	-0.4152511103	-0.1485976436	0.4586339219	0.4624041022	-0.4549589036	0.4602415959	0.4572948848	0.7475330694	-0.1485976436	0.4586339219	-0.1485976436	-0.1607130865	0.8362715938	0.8362715938	0.4581135649	0.4581135649	0.7813764203	0.4581135649	0.4581135649	-0.3659966979	0.1591031886	-0.1607130865	0.8342210281	-0.1607130865	-0.420655345	-0.4625554132	0.8342210281	-0.4625554132	-0.1705836336	-0.4625554132	-0.1607130865	-0.4605860662	-0.420655345	-0.1607130865	-0.4621389453	0.9955239776	-0.4625554132	1	-0.4625554132	-0.420655345	1	-0.1584575402	-0.4621389453	-0.1584575402	-0.420655345	-0.4621389453	-0.420655345	0.973774291	-0.4139297036	-0.4545852038	-0.1485976436	-0.08251739552	-0.08251739552	-0.4549589036	0.9372553392	0.1271650076	-0.1406363027	0.868792092	0.8635900266	-0.09833096778	-0.1528935769	0.5809074651	-0.1528935769	-0.1381131791	0.5809074651	-0.4027651872	-0.4027651872	-0.4066072599	-0.1381131791	0.5809074651	0.5809074651	0.5809074651	0.9283391582	-0.4066072599	-0.4337024339	-0.1361118346	-0.4393079868	-0.4059906582	0.1124920557	0.9222691542	-0.1342053533	0.9161293413	0.5272776822	0.5526858239	-0.3979061596	0.5526858239	0.5526858239	0.5502077746	-0.1091817335	-0.1091817335	-0.06230807878	0.5742157465	-0.03770682684	0.4620646933	-0.02737251074	0.3149538651	-0.05185636043	0.4727172209	0.4727172209	0.449160709	0.469259161	0.4482753453	-0.0638391328	0.319311135	0.4158418898	0.3303339191	0.1095759551	-0.05946614759	-0.06506430892	-0.03880666067
chr11_2096908_C_T	0.02949444104	-0.2446698927	-0.258384836	0.5061319194	0.4876643184	-0.2435371954	-0.1420798447	-0.2423576652	-0.2435371954	-0.2435371954	-0.1656196059	0.4907696738	-0.1514635622	0.2009244146	-0.1669640395	0.245712305	0.4865352979	0.4855218856	0.4781569073	-0.1330292421	0.4855218856	-0.3036643562	-0.3036643562	0.3154713893	0.3189516785	0.3062974719	0.3521782059	0.6363439007	-0.3500524339	-0.3500524339	-0.3500524339	0.3295314622	0.1765319192	0.3337472177	0.3205730594	0.3205730594	0.3337472177	0.3337472177	0.3337472177	0.6308928937	0.3345104593	0.1815644463	0.1815644463	0.3314717355	0.2879875134	0.8354627267	0.8354627267	0.8431569707	0.3256173578	-0.3667272929	-0.08285396892	0.3256173578	0.39306904	0.4075909205	0.3256173578	0.39306904	0.39306904	-0.07726555885	0.8870511118	-0.2326199709	0.8870511118	0.3256173578	0.39306904	0.390681377	0.9759019086	0.3946521237	0.3991748072	-0.2302811917	0.3256173578	0.3983999353	0.3256173578	0.3860257197	-0.3651397003	-0.3651397003	0.3960063259	0.3960063259	-0.3327513644	0.3960063259	0.3960063259	0.8819067695	-0.08722651523	0.3860257197	-0.3641620313	0.3860257197	0.8903781792	1	-0.3641620313	1	0.3750394839	1	0.3860257197	0.9895006029	0.8903781792	0.3860257197	0.9965258808	-0.4563835618	1	-0.4625554132	1	0.8903781792	-0.4625554132	0.3750394839	0.9965258808	0.3750394839	0.8903781792	0.9965258808	0.8903781792	-0.4453515433	0.8861903092	0.9725380234	0.311515251	-0.0261365726	-0.0261365726	0.9689632086	-0.4113266178	-0.02546285381	0.3154713893	-0.272047633	-0.2706315736	-0.0646725344	0.377868997	0.3643768632	0.377868997	0.3664585104	0.3643768632	0.8445853455	0.8445853455	0.8479148934	0.3664585104	0.3643768632	0.3643768632	0.3643768632	-0.4036152236	0.8479148934	0.9513311132	0.3707595186	0.9513311132	0.851349052	-0.07195908369	-0.3989188154	0.3599898936	-0.3878513338	0.3704136923	0.3689789611	0.8189274947	0.3689789611	0.3689789611	0.3682873894	0.3278190637	0.3278190637	0.2180975073	0.1880418822	0.2180975073	0.253981705	0.1506927659	-0.1880519101	0.2364729428	0.02460373982	0.02460373982	0.07503714152	0.02803360536	0.08205778024	0.1684242439	-0.04518486846	0.1045373103	-0.04705095614	0.0008789256953	0.1368273285	0.05298335211	0.1418818456
chr11_2096919_G_A	0.03373128045	-0.208494664	-0.2184604821	0.4853279937	0.468098374	-0.202804368	-0.1405650559	-0.2029138476	-0.202804368	-0.202804368	-0.121377423	0.469825028	-0.1507076429	0.2272671203	-0.1227211834	-0.06771635394	0.478234406	0.4623010048	0.4537112003	-0.1231331784	0.4623010048	-0.2559328643	-0.2559328643	-0.09097376025	0.2902672389	-0.09447366132	0.4431353537	0.7535103462	-0.3203752836	-0.3203752836	-0.3203752836	0.2996180075	-0.1170153761	0.3022628511	-0.09447366132	-0.09447366132	0.3022628511	0.3022628511	0.3022628511	0.7439845321	0.3029171115	-0.1141961842	-0.1141961842	0.300239128	0.377308498	0.9515486694	0.9515486694	0.9515486694	-0.09790771102	-0.3362711753	-0.05558197366	-0.09790771102	0.3395697152	0.352395068	-0.09790771102	0.3395697152	0.3395697152	-0.07837542884	0.9959316793	-0.3624875165	0.9959316793	-0.09790771102	0.3395697152	0.3374607366	0.867634734	0.3410294772	0.3460439401	-0.3601439322	-0.09790771102	0.3453317247	-0.09790771102	-0.07622758693	-0.3348154297	-0.3348154297	0.343216319	0.343216319	-0.3124776174	0.343216319	0.343216319	0.7929682282	-0.05972679454	-0.07622758693	-0.3339779901	-0.07622758693	1	0.8903781792	-0.3339779901	0.8903781792	-0.08003597906	0.8903781792	-0.07622758693	0.8770077442	1	-0.07622758693	0.8872918722	-0.4151316812	0.8903781792	-0.420655345	0.8903781792	1	-0.420655345	-0.08003597906	0.8872918722	-0.08003597906	1	0.8872918722	1	-0.4074520573	0.9959448371	0.8721411261	-0.09790771102	-0.00844131289	-0.00844131289	0.867634734	-0.3812589206	-0.05404331281	-0.09097376025	-0.399288274	-0.3997784042	-0.05270907705	-0.06833207592	0.3161738212	-0.06833207592	-0.07232848329	0.3161738212	0.9520710368	0.9520710368	0.9555145125	-0.07232848329	0.3161738212	0.3161738212	0.3161738212	-0.3734041379	0.9555145125	0.8541460921	-0.07622758693	0.8541460921	0.9596955228	-0.07392279352	-0.369136274	-0.06376931499	-0.3550645816	0.3270150393	0.3225315168	0.925418686	0.3225315168	0.3225315168	0.3218994457	-0.05121365847	-0.05121365847	-0.1092291717	0.2363853258	-0.07622758693	0.2091958907	-0.07354784213	-0.1677000321	0.004362359142	0.01565915662	0.01565915662	-0.009102132244	0.01972437982	-0.001705428161	-0.05786512553	-0.091909903	0.01598868126	-0.09482007457	-0.01502735495	0.1686041233	-0.105089426	-0.06833207592
chr11_2097561_T_C	-0.06943438229	0.5488121657	0.5396257695	-0.5425915223	-0.5283270059	0.5226416919	0.1724154233	0.5213634266	0.5226416919	0.5226416919	0.4539391543	-0.5199610593	0.1724154233	0.08368771907	0.4563636613	-0.1563058036	-0.4767431479	-0.5436599549	-0.5411497263	0.2203600869	-0.5436599549	0.6316561215	0.6316561215	-0.1522845331	0.3087818111	-0.150402133	-0.4139297036	-0.5318419048	0.8240950894	0.8240950894	0.8240950894	0.3116383173	-0.001243350151	0.3203215156	-0.150402133	-0.150402133	0.3203215156	0.3203215156	0.3203215156	-0.5223570807	0.3190938367	-0.001232966688	-0.001232966688	0.3155727584	-0.3915134074	-0.3860854283	-0.3860854283	-0.3860854283	-0.1485976436	0.8310269183	0.1614979614	-0.1485976436	0.4586339219	0.4618748724	-0.1485976436	0.4586339219	0.4586339219	0.1095759551	-0.4152511103	0.7488087236	-0.4152511103	-0.1485976436	0.4586339219	0.4624041022	-0.4549589036	0.4602415959	0.4572948848	0.7475330694	-0.1485976436	0.4586339219	-0.1485976436	-0.1607130865	0.8362715938	0.8362715938	0.4581135649	0.4581135649	0.7813764203	0.4581135649	0.4581135649	-0.3659966979	0.1591031886	-0.1607130865	0.8342210281	-0.1607130865	-0.420655345	-0.4625554132	0.8342210281	-0.4625554132	-0.1705836336	-0.4625554132	-0.1607130865	-0.4605860662	-0.420655345	-0.1607130865	-0.4621389453	0.9955239776	-0.4625554132	1	-0.4625554132	-0.420655345	1	-0.1584575402	-0.4621389453	-0.1584575402	-0.420655345	-0.4621389453	-0.420655345	0.973774291	-0.4139297036	-0.4545852038	-0.1485976436	-0.08251739552	-0.08251739552	-0.4549589036	0.9372553392	0.1271650076	-0.1406363027	0.868792092	0.8635900266	-0.09833096778	-0.1528935769	0.5809074651	-0.1528935769	-0.1381131791	0.5809074651	-0.4027651872	-0.4027651872	-0.4066072599	-0.1381131791	0.5809074651	0.5809074651	0.5809074651	0.9283391582	-0.4066072599	-0.4337024339	-0.1361118346	-0.4393079868	-0.4059906582	0.1124920557	0.9222691542	-0.1342053533	0.9161293413	0.5272776822	0.5526858239	-0.3979061596	0.5526858239	0.5526858239	0.5502077746	-0.1091817335	-0.1091817335	-0.06230807878	0.5742157465	-0.03770682684	0.4620646933	-0.02737251074	0.3149538651	-0.05185636043	0.4727172209	0.4727172209	0.449160709	0.469259161	0.4482753453	-0.0638391328	0.319311135	0.4158418898	0.3303339191	0.1095759551	-0.05946614759	-0.06506430892	-0.03880666067
chr11_2097671_G_A	-0.006272129118	-0.1075867159	-0.1175936269	0.1271829374	0.1215557367	-0.1166263744	-0.009695881968	-0.1137939893	-0.1166263744	-0.1166263744	-0.1217440662	0.1249134142	-0.009695881968	-0.0135913187	-0.1219518059	0.6956559999	0.1002922677	0.1287284569	0.1300247222	-0.04416313116	0.1287284569	-0.1421812085	-0.1421812085	0.8606262337	0.1164391786	0.8785995763	-0.1297243581	-0.1375132138	-0.1138986202	-0.1138986202	-0.1138986202	0.1207100578	0.6348853273	0.1124917243	0.8785995763	0.8785995763	0.1124917243	0.1124917243	0.1124917243	-0.1300738693	0.1128741923	0.61687151	0.61687151	0.1237424397	-0.1365682085	-0.1015180079	-0.1015180079	-0.08490411709	0.8963178344	-0.1182643927	-0.06998785067	0.8963178344	0.1677893466	0.1736488315	0.8963178344	0.1677893466	0.1677893466	-0.01190457692	-0.0790673614	0.2226997909	-0.0790673614	0.8963178344	0.1677893466	0.1668262501	0.3683114749	0.1683533989	0.168070781	0.2230899881	0.8963178344	0.1677893466	0.8963178344	0.9836539506	-0.1177524164	-0.1177524164	0.1783242115	0.1783242115	-0.09163467138	0.1783242115	0.1783242115	0.3279486066	-0.07118548327	0.9836539506	-0.1172848744	0.9836539506	-0.08003597906	0.3750394839	-0.1172848744	0.3750394839	0.9675039872	0.3750394839	0.9836539506	0.3790656505	-0.08003597906	0.9836539506	0.3736778323	-0.1561160665	0.3750394839	-0.1584575402	0.3750394839	-0.08003597906	-0.1584575402	1	0.3887134992	0.9675039872	-0.08003597906	0.3887134992	-0.08003597906	-0.1473908752	-0.0810029978	0.3520196769	0.8963178344	-0.04080909304	-0.04080909304	0.3533290016	-0.1259234282	0.05158215566	0.8606262337	0.2100918881	0.2142261311	-0.03542109011	0.9503415904	0.1512482691	0.9503415904	0.9336502425	0.1512482691	-0.08322849553	-0.08322849553	-0.08293246132	0.9336502425	0.1512482691	0.1512482691	0.1512482691	-0.1249111932	-0.08293246132	0.3422803125	0.9506902183	0.3422803125	-0.08389501564	-0.009296151689	-0.1232758294	0.9350079745	-0.1275837403	0.1544973472	0.1605297707	-0.08542396198	0.1605297707	0.1605297707	0.1603042589	0.8082253979	0.8082253979	0.7199440921	-0.08002770216	0.6540166275	0.1263436647	0.5060331161	-0.07615277142	0.5003930903	0.02252614645	0.02252614645	0.1915177152	0.02178865673	0.1919013414	0.5111609809	0.0813509852	0.1941547304	0.08322647535	0.03027903261	-0.04266836309	0.3505996076	0.4747539787
chr11_2097954_C_T	0.02827656165	-0.2424961927	-0.2563379613	0.5074468928	0.4889174786	-0.2414190996	-0.1344138589	-0.2402097704	-0.2414190996	-0.2414190996	-0.1685221441	0.4920670389	-0.1437888948	0.2037798349	-0.1698603336	0.2592830855	0.4884480042	0.4868775965	0.479537607	-0.1342489008	0.4868775965	-0.3023510747	-0.3023510747	0.3141162262	0.3221765104	0.3191973178	0.3495781033	0.6328612908	-0.3488305989	-0.3488305989	-0.3488305989	0.3327957541	0.1855966747	0.3314378837	0.3191973178	0.3191973178	0.3314378837	0.3314378837	0.3314378837	0.627498483	0.3322195973	0.17986766	0.17986766	0.3347729315	0.2855661658	0.8325675705	0.8325675705	0.840254696	0.3242212516	-0.3655435629	-0.08375861401	0.3242212516	0.3915073155	0.4060732368	0.3242212516	0.3915073155	0.3915073155	-0.07795244512	0.8839795983	-0.2320143261	0.8839795983	0.3242212516	0.3915073155	0.3891123185	0.9723905696	0.3931175913	0.3976218142	-0.2296675536	0.3242212516	0.3968332788	0.3242212516	0.38467049	-0.3639610948	-0.3639610948	0.3997523634	0.3997523634	-0.3312292311	0.3997523634	0.3997523634	0.8846989279	-0.08814390697	0.38467049	-0.3629707011	0.38467049	0.8872918722	0.9965258808	-0.3629707011	0.9965258808	0.3736778323	0.9965258808	0.38467049	0.9860301455	0.8872918722	0.38467049	0.9930431071	-0.455949908	0.9965258808	-0.4621389453	0.9965258808	0.8872918722	-0.4621389453	0.3887134992	1	0.3736778323	0.8872918722	1	0.8872918722	-0.4448143658	0.8830961556	0.9690178401	0.3242212516	-0.02668457576	-0.02668457576	0.9654582891	-0.4106705923	-0.02608684211	0.3141162262	-0.2718637312	-0.2704038863	-0.06510934017	0.3765551149	0.3622284954	0.3765551149	0.3651381756	0.3622284954	0.8415128305	0.8415128305	0.8448326903	0.3651381756	0.3622284954	0.3622284954	0.3622284954	-0.4029418748	0.8448326903	0.9478782669	0.3694184127	0.9478782669	0.8482519314	-0.0726298685	-0.3982403153	0.3736778323	-0.387226752	0.3737526174	0.3723995484	0.8158615985	0.3723995484	0.3723995484	0.3717109673	0.3266219572	0.3266219572	0.2321497168	0.1814683828	0.2321497168	0.2518230561	0.166155783	-0.1902444824	0.235560448	0.02489681609	0.02489681609	0.08020052438	0.02831316809	0.08721497602	0.1830243187	-0.04731401846	0.1046126914	-0.04913618415	0.0001197426192	0.1361024875	0.06508319704	0.1565042129
chr11_2098122_C_T	-0.006272129118	-0.1199104227	-0.1175936269	0.1153299821	0.1096270281	-0.1166263744	-0.009695881968	-0.1137939893	-0.1166263744	-0.1166263744	-0.1217440662	0.1129715453	-0.009695881968	-0.0135913187	-0.1219518059	0.6636062746	0.08664649173	0.1166555348	0.1179069236	-0.01836173195	0.1166555348	-0.1301917946	-0.1301917946	0.8606262337	0.09196517975	0.8477748387	-0.1297243581	-0.1375132138	-0.1257615435	-0.1257615435	-0.1257615435	0.09637395466	0.6116090546	0.1003405308	0.8785995763	0.8785995763	0.1003405308	0.1003405308	0.1003405308	-0.1300738693	0.1007699203	0.61687151	0.61687151	0.09945584409	-0.1365682085	-0.1015180079	-0.1015180079	-0.08490411709	0.8963178344	-0.1301638347	-0.06998785067	0.8963178344	0.1562785455	0.1620580208	0.8963178344	0.1562785455	0.1562785455	-0.01190457692	-0.0790673614	0.2112378187	-0.0790673614	0.8963178344	0.1562785455	0.1553282887	0.3683114749	0.1569098609	0.1565938068	0.2116476759	0.8963178344	0.1562785455	0.8963178344	0.9836539506	-0.1296003447	-0.1296003447	0.1553282887	0.1553282887	-0.1035172899	0.1553282887	0.1553282887	0.3138255886	-0.07118548327	0.9836539506	-0.1291664372	0.9836539506	-0.08003597906	0.3750394839	-0.1291664372	0.3750394839	0.9675039872	0.3750394839	0.9836539506	0.3790656505	-0.08003597906	0.9836539506	0.3736778323	-0.1561160665	0.3750394839	-0.1584575402	0.3750394839	-0.08003597906	-0.1584575402	0.9675039872	0.3736778323	1	-0.08003597906	0.3736778323	-0.08003597906	-0.1473908752	-0.0810029978	0.3520196769	0.865867687	-0.04080909304	-0.04080909304	0.3533290016	-0.1259234282	0.05158215566	0.8606262337	0.2100918881	0.2142261311	-0.03542109011	0.9503415904	0.1512482691	0.9503415904	0.9336502425	0.1512482691	-0.08322849553	-0.08322849553	-0.08293246132	0.9336502425	0.1512482691	0.1512482691	0.1512482691	-0.1249111932	-0.08293246132	0.3422803125	0.9506902183	0.3422803125	-0.08389501564	-0.009296151689	-0.1232758294	0.9025119617	-0.1275837403	0.1424882544	0.1485543233	-0.08542396198	0.1485543233	0.1485543233	0.1482851263	0.8082253979	0.8082253979	0.6869803598	-0.08002770216	0.6210528952	0.1137939893	0.4703414683	-0.07615277142	0.5003930903	0.01101592115	0.01101592115	0.1688059018	0.01025764684	0.1692347337	0.4773326252	0.0813509852	0.1827871941	0.08322647535	0.03027903261	-0.04266836309	0.3219397601	0.440783435
chr11_2098180_AC_A	0.03373128045	-0.208494664	-0.2184604821	0.4853279937	0.468098374	-0.202804368	-0.1405650559	-0.2029138476	-0.202804368	-0.202804368	-0.121377423	0.469825028	-0.1507076429	0.2272671203	-0.1227211834	-0.06771635394	0.478234406	0.4623010048	0.4537112003	-0.1231331784	0.4623010048	-0.2559328643	-0.2559328643	-0.09097376025	0.2902672389	-0.09447366132	0.4431353537	0.7535103462	-0.3203752836	-0.3203752836	-0.3203752836	0.2996180075	-0.1170153761	0.3022628511	-0.09447366132	-0.09447366132	0.3022628511	0.3022628511	0.3022628511	0.7439845321	0.3029171115	-0.1141961842	-0.1141961842	0.300239128	0.377308498	0.9515486694	0.9515486694	0.9515486694	-0.09790771102	-0.3362711753	-0.05558197366	-0.09790771102	0.3395697152	0.352395068	-0.09790771102	0.3395697152	0.3395697152	-0.07837542884	0.9959316793	-0.3624875165	0.9959316793	-0.09790771102	0.3395697152	0.3374607366	0.867634734	0.3410294772	0.3460439401	-0.3601439322	-0.09790771102	0.3453317247	-0.09790771102	-0.07622758693	-0.3348154297	-0.3348154297	0.343216319	0.343216319	-0.3124776174	0.343216319	0.343216319	0.7929682282	-0.05972679454	-0.07622758693	-0.3339779901	-0.07622758693	1	0.8903781792	-0.3339779901	0.8903781792	-0.08003597906	0.8903781792	-0.07622758693	0.8770077442	1	-0.07622758693	0.8872918722	-0.4151316812	0.8903781792	-0.420655345	0.8903781792	1	-0.420655345	-0.08003597906	0.8872918722	-0.08003597906	1	0.8872918722	1	-0.4074520573	0.9959448371	0.8721411261	-0.09790771102	-0.00844131289	-0.00844131289	0.867634734	-0.3812589206	-0.05404331281	-0.09097376025	-0.399288274	-0.3997784042	-0.05270907705	-0.06833207592	0.3161738212	-0.06833207592	-0.07232848329	0.3161738212	0.9520710368	0.9520710368	0.9555145125	-0.07232848329	0.3161738212	0.3161738212	0.3161738212	-0.3734041379	0.9555145125	0.8541460921	-0.07622758693	0.8541460921	0.9596955228	-0.07392279352	-0.369136274	-0.06376931499	-0.3550645816	0.3270150393	0.3225315168	0.925418686	0.3225315168	0.3225315168	0.3218994457	-0.05121365847	-0.05121365847	-0.1092291717	0.2363853258	-0.07622758693	0.2091958907	-0.07354784213	-0.1677000321	0.004362359142	0.01565915662	0.01565915662	-0.009102132244	0.01972437982	-0.001705428161	-0.05786512553	-0.091909903	0.01598868126	-0.09482007457	-0.01502735495	0.1686041233	-0.105089426	-0.06833207592
chr11_2098701_A_AT	0.02827656165	-0.2424961927	-0.2563379613	0.5074468928	0.4889174786	-0.2414190996	-0.1344138589	-0.2402097704	-0.2414190996	-0.2414190996	-0.1685221441	0.4920670389	-0.1437888948	0.2037798349	-0.1698603336	0.2592830855	0.4884480042	0.4868775965	0.479537607	-0.1342489008	0.4868775965	-0.3023510747	-0.3023510747	0.3141162262	0.3221765104	0.3191973178	0.3495781033	0.6328612908	-0.3488305989	-0.3488305989	-0.3488305989	0.3327957541	0.1855966747	0.3314378837	0.3191973178	0.3191973178	0.3314378837	0.3314378837	0.3314378837	0.627498483	0.3322195973	0.17986766	0.17986766	0.3347729315	0.2855661658	0.8325675705	0.8325675705	0.840254696	0.3242212516	-0.3655435629	-0.08375861401	0.3242212516	0.3915073155	0.4060732368	0.3242212516	0.3915073155	0.3915073155	-0.07795244512	0.8839795983	-0.2320143261	0.8839795983	0.3242212516	0.3915073155	0.3891123185	0.9723905696	0.3931175913	0.3976218142	-0.2296675536	0.3242212516	0.3968332788	0.3242212516	0.38467049	-0.3639610948	-0.3639610948	0.3997523634	0.3997523634	-0.3312292311	0.3997523634	0.3997523634	0.8846989279	-0.08814390697	0.38467049	-0.3629707011	0.38467049	0.8872918722	0.9965258808	-0.3629707011	0.9965258808	0.3736778323	0.9965258808	0.38467049	0.9860301455	0.8872918722	0.38467049	0.9930431071	-0.455949908	0.9965258808	-0.4621389453	0.9965258808	0.8872918722	-0.4621389453	0.3887134992	1	0.3736778323	0.8872918722	1	0.8872918722	-0.4448143658	0.8830961556	0.9690178401	0.3242212516	-0.02668457576	-0.02668457576	0.9654582891	-0.4106705923	-0.02608684211	0.3141162262	-0.2718637312	-0.2704038863	-0.06510934017	0.3765551149	0.3622284954	0.3765551149	0.3651381756	0.3622284954	0.8415128305	0.8415128305	0.8448326903	0.3651381756	0.3622284954	0.3622284954	0.3622284954	-0.4029418748	0.8448326903	0.9478782669	0.3694184127	0.9478782669	0.8482519314	-0.0726298685	-0.3982403153	0.3736778323	-0.387226752	0.3737526174	0.3723995484	0.8158615985	0.3723995484	0.3723995484	0.3717109673	0.3266219572	0.3266219572	0.2321497168	0.1814683828	0.2321497168	0.2518230561	0.166155783	-0.1902444824	0.235560448	0.02489681609	0.02489681609	0.08020052438	0.02831316809	0.08721497602	0.1830243187	-0.04731401846	0.1046126914	-0.04913618415	0.0001197426192	0.1361024875	0.06508319704	0.1565042129
chr11_2099684_T_C	0.03373128045	-0.208494664	-0.2184604821	0.4853279937	0.468098374	-0.202804368	-0.1405650559	-0.2029138476	-0.202804368	-0.202804368	-0.121377423	0.469825028	-0.1507076429	0.2272671203	-0.1227211834	-0.06771635394	0.478234406	0.4623010048	0.4537112003	-0.1231331784	0.4623010048	-0.2559328643	-0.2559328643	-0.09097376025	0.2902672389	-0.09447366132	0.4431353537	0.7535103462	-0.3203752836	-0.3203752836	-0.3203752836	0.2996180075	-0.1170153761	0.3022628511	-0.09447366132	-0.09447366132	0.3022628511	0.3022628511	0.3022628511	0.7439845321	0.3029171115	-0.1141961842	-0.1141961842	0.300239128	0.377308498	0.9515486694	0.9515486694	0.9515486694	-0.09790771102	-0.3362711753	-0.05558197366	-0.09790771102	0.3395697152	0.352395068	-0.09790771102	0.3395697152	0.3395697152	-0.07837542884	0.9959316793	-0.3624875165	0.9959316793	-0.09790771102	0.3395697152	0.3374607366	0.867634734	0.3410294772	0.3460439401	-0.3601439322	-0.09790771102	0.3453317247	-0.09790771102	-0.07622758693	-0.3348154297	-0.3348154297	0.343216319	0.343216319	-0.3124776174	0.343216319	0.343216319	0.7929682282	-0.05972679454	-0.07622758693	-0.3339779901	-0.07622758693	1	0.8903781792	-0.3339779901	0.8903781792	-0.08003597906	0.8903781792	-0.07622758693	0.8770077442	1	-0.07622758693	0.8872918722	-0.4151316812	0.8903781792	-0.420655345	0.8903781792	1	-0.420655345	-0.08003597906	0.8872918722	-0.08003597906	1	0.8872918722	1	-0.4074520573	0.9959448371	0.8721411261	-0.09790771102	-0.00844131289	-0.00844131289	0.867634734	-0.3812589206	-0.05404331281	-0.09097376025	-0.399288274	-0.3997784042	-0.05270907705	-0.06833207592	0.3161738212	-0.06833207592	-0.07232848329	0.3161738212	0.9520710368	0.9520710368	0.9555145125	-0.07232848329	0.3161738212	0.3161738212	0.3161738212	-0.3734041379	0.9555145125	0.8541460921	-0.07622758693	0.8541460921	0.9596955228	-0.07392279352	-0.369136274	-0.06376931499	-0.3550645816	0.3270150393	0.3225315168	0.925418686	0.3225315168	0.3225315168	0.3218994457	-0.05121365847	-0.05121365847	-0.1092291717	0.2363853258	-0.07622758693	0.2091958907	-0.07354784213	-0.1677000321	0.004362359142	0.01565915662	0.01565915662	-0.009102132244	0.01972437982	-0.001705428161	-0.05786512553	-0.091909903	0.01598868126	-0.09482007457	-0.01502735495	0.1686041233	-0.105089426	-0.06833207592
chr11_2099854_G_A	-0.06712620957	0.5665616354	0.5588005816	-0.5244520711	-0.509353821	0.5419915425	0.1811344559	0.5403227789	0.5419915425	0.5419915425	0.4692865242	-0.5014757522	0.1811344559	0.1248759222	0.4717023746	-0.1450998944	-0.4600745559	-0.5206824456	-0.5182348476	0.221850314	-0.5206824456	0.6475055809	0.6475055809	-0.1408030366	0.3493884532	-0.1387842353	-0.406660345	-0.5149023549	0.8480713825	0.8480713825	0.8480713825	0.3558171679	0.01356213129	0.3638110152	-0.1387842353	-0.1387842353	0.3638110152	0.3638110152	0.3638110152	-0.506630026	0.3623054132	0.01344887124	0.01344887124	0.3591823513	-0.380221754	-0.3747759212	-0.3747759212	-0.3747759212	-0.1368442351	0.8555804135	0.1695605465	-0.1368442351	0.4960995293	0.4989689561	-0.1368442351	0.4960995293	0.4960995293	0.1003256315	-0.4022252756	0.7769520036	-0.4022252756	-0.1368442351	0.4960995293	0.4998964096	-0.4371979397	0.497244485	0.4945461024	0.7755241029	-0.1368442351	0.4960995293	-0.1368442351	-0.1497866725	0.8606446268	0.8606446268	0.495641861	0.495641861	0.8027411462	0.495641861	0.495641861	-0.3452933793	0.1673470084	-0.1497866725	0.8585924764	-0.1497866725	-0.4074520573	-0.4453515433	0.8585924764	-0.4453515433	-0.159415256	-0.4453515433	-0.1497866725	-0.4434297988	-0.4074520573	-0.1497866725	-0.4448143658	0.9691967543	-0.4453515433	0.973774291	-0.4453515433	-0.4074520573	0.973774291	-0.1473908752	-0.4448143658	-0.1473908752	-0.4074520573	-0.4448143658	-0.4074520573	1	-0.4006509495	-0.4367032471	-0.1368442351	-0.0763341771	-0.0763341771	-0.4371979397	0.96266011	0.1323126501	-0.1292525107	0.8975012789	0.8920610449	-0.09274008925	-0.1423571326	0.6204864629	-0.1423571326	-0.1275374789	0.6204864629	-0.3892668564	-0.3892668564	-0.3931268594	-0.1275374789	0.6204864629	0.6204864629	0.6204864629	0.9537646074	-0.3931268594	-0.4164922	-0.125391774	-0.422050734	-0.3923842284	0.1026049464	0.9474180441	-0.1233421138	0.9375245447	0.5675098192	0.5917097966	-0.3841400624	0.5917097966	0.5917097966	0.589520938	-0.09968822902	-0.09968822902	-0.05220707835	0.6046991222	-0.02781217982	0.4534312638	-0.01839236142	0.3178846764	-0.04476400453	0.4912756183	0.4912756183	0.4708113237	0.4879919424	0.469779883	-0.0547027541	0.331224209	0.4359400187	0.3417795686	0.1159346782	-0.05322610712	-0.05384859525	-0.02922716861
chr11_2101283_G_A	0.03239093639	-0.2122143269	-0.222316193	0.4805483755	0.4632234381	-0.206720783	-0.1423265363	-0.206780997	-0.206720783	-0.206720783	-0.1244824646	0.464991583	-0.1524527805	0.2173861869	-0.1258186589	-0.06872092708	0.4731962695	0.4574719641	0.4488932038	-0.1243850971	0.4574719641	-0.2603973365	-0.2603973365	-0.09197567287	0.2813701791	-0.09548706391	0.4399648121	0.7491704399	-0.3248178329	-0.3248178329	-0.3248178329	0.2908279907	-0.1184920445	0.2935421756	-0.09548706391	-0.09548706391	0.2935421756	0.2935421756	0.2935421756	0.7397497941	0.2942395466	-0.1156634886	-0.1156634886	0.2915146527	0.3743729565	0.947723167	0.947723167	0.947723167	-0.09893253591	-0.3407641837	-0.0565523429	-0.09893253591	0.3319757689	0.3448025513	-0.09893253591	0.3319757689	0.3319757689	-0.07906827874	0.9918957259	-0.3672100418	0.9918957259	-0.09893253591	0.3319757689	0.3298662978	0.8634192273	0.3334977476	0.3384720001	-0.3648494373	-0.09893253591	0.337728494	-0.09893253591	-0.0771828272	-0.3392889875	-0.3392889875	0.335612606	0.335612606	-0.3166010854	0.335612606	0.335612606	0.7885294643	-0.0607086227	-0.0771828272	-0.3384549853	-0.0771828272	0.9959448371	0.8861903092	-0.3384549853	0.8861903092	-0.0810029978	0.8861903092	-0.0771828272	0.8728348812	0.9959448371	-0.0771828272	0.8830961556	-0.408417447	0.8861903092	-0.4139297036	0.8861903092	0.9959448371	-0.4139297036	-0.0810029978	0.8830961556	-0.0810029978	0.9959448371	0.8830961556	0.9959448371	-0.4006509495	1	0.8753868596	-0.09893253591	-0.009045743481	-0.009045743481	0.8709069816	-0.3803470413	-0.05465566491	-0.09197567287	-0.3987181165	-0.3991587481	-0.05316058009	-0.06926352858	0.3198014495	-0.06926352858	-0.07327186871	0.3198014495	0.9560763867	0.9560763867	0.9595838714	-0.07327186871	0.3198014495	0.3198014495	0.3198014495	-0.3724784978	0.9595838714	0.857498452	-0.0771828272	0.857498452	0.9637329487	-0.07460012357	-0.3682072535	-0.06476254436	-0.3542054139	0.3304647397	0.3260752135	0.9293510847	0.3260752135	0.3260752135	0.3254466999	-0.05209657643	-0.05209657643	-0.1101312362	0.2408490663	-0.0771828272	0.2130529178	-0.07441422795	-0.1699859957	0.003606025937	0.01022263409	0.01022263409	-0.01478599175	0.0142597506	-0.007378280811	-0.05873993764	-0.09410671667	0.01046767802	-0.09696662242	-0.01582227824	0.1676862599	-0.1061210223	-0.06926352858
chr11_2101345_C_T	0.02222579408	-0.2374168054	-0.251893744	0.4758789564	0.4567936807	-0.2367346069	-0.1429871165	-0.2353623084	-0.2367346069	-0.2367346069	-0.157672747	0.4601213629	-0.1523210773	0.1649346627	-0.1591287433	0.2382501287	0.4917842161	0.4881678062	0.4809297791	-0.1522307754	0.4881678062	-0.3069335014	-0.3069335014	0.3937259572	0.3270130904	0.3834261188	0.3292434979	0.609336045	-0.3482968776	-0.3482968776	-0.3482968776	0.3378944928	0.2307217426	0.3424173004	0.3976260107	0.3976260107	0.3424173004	0.3424173004	0.3424173004	0.6042717081	0.3432045994	0.2361918291	0.2361918291	0.3400784622	0.273587658	0.8183552393	0.8183552393	0.8260086849	0.3874870922	-0.3652199269	-0.08827663707	0.3874870922	0.4050384024	0.3879371399	0.3874870922	0.4050384024	0.4050384024	-0.1008186772	0.8689016851	-0.2079336466	0.8689016851	0.3874870922	0.4050384024	0.4025827334	0.9896545539	0.4066603354	0.4111353663	-0.2055828202	0.3874870922	0.4103410309	0.3874870922	0.3628312763	-0.3636388598	-0.3636388598	0.4078794471	0.4078794471	-0.3292071055	0.4078794471	0.4078794471	0.8922780899	-0.0927263087	0.3628312763	-0.362600452	0.3628312763	0.8721411261	0.9725380234	-0.362600452	0.9725380234	0.3520196769	0.9725380234	0.3628312763	0.9620026447	0.8721411261	0.3628312763	0.9690178401	-0.4483344112	0.9725380234	-0.4545852038	0.9725380234	0.8721411261	-0.4545852038	0.3520196769	0.9690178401	0.3520196769	0.8721411261	0.9690178401	0.8721411261	-0.4367032471	0.8753868596	1	0.3874870922	-0.02941604642	-0.02941604642	0.9965564618	-0.4130882414	-0.02919608992	0.3937259572	-0.276510575	-0.2748561296	-0.06729638826	0.3701049761	0.3853251397	0.3701049761	0.3586533845	0.3853251397	0.8781302273	0.8781302273	0.8818975064	0.3586533845	0.3853251397	0.3853251397	0.3853251397	-0.4052997393	0.8818975064	0.9724388146	0.3476460234	0.979358929	0.8851625719	-0.0959261178	-0.4005347261	0.3520196769	-0.3898326395	0.3904425296	0.3894953034	0.8518776701	0.3894953034	0.3894953034	0.3888214411	0.3207414038	0.3207414038	0.2261640008	0.2084197647	0.2261640008	0.2700495202	0.1608886211	-0.2011918737	0.252183837	0.03696473656	0.03696473656	0.09543598176	0.04033379469	0.1024420596	0.193344433	-0.05014227429	0.1154843192	-0.05178371583	-0.003656018252	0.132528019	0.1384788233	0.1510181913
chr11_2101692_T_C	-0.01793315353	-0.08109463229	-0.09188424701	0.07059242791	0.06409466824	-0.09011761193	-0.008736013625	-0.08715075327	-0.09011761193	-0.09011761193	-0.09351243141	0.06764367476	-0.008736013625	-0.06593579195	-0.09395865002	0.6414187292	0.1179041077	0.1389004145	0.1402991091	-0.07915622115	0.1389004145	-0.1340109824	-0.1340109824	0.9711775219	0.1447510356	0.9856622352	-0.1598045209	-0.1710684625	-0.09763496084	-0.09763496084	-0.09763496084	0.1492517159	0.7101686862	0.142082832	0.9856622352	0.9856622352	0.142082832	0.142082832	0.142082832	-0.1635381524	0.142415581	0.6942072202	0.6942072202	0.1524850538	-0.1497907893	-0.1166161595	-0.1166161595	-0.1010482365	0.9714669156	-0.1022679395	-0.07551820094	0.9714669156	0.1990246969	0.1403056467	0.9714669156	0.1990246969	0.1990246969	-0.05836216564	-0.09688144447	0.2663344694	-0.09688144447	0.9714669156	0.1990246969	0.1979654455	0.3889063604	0.1995282724	0.199275541	0.2667108394	0.9714669156	0.1990246969	0.9714669156	0.880730566	-0.1018252132	-0.1018252132	0.2087395248	0.2087395248	-0.07356979982	0.2087395248	0.2087395248	0.3438370268	-0.07681046893	0.880730566	-0.1012490973	0.880730566	-0.09790771102	0.311515251	-0.1012490973	0.311515251	0.865867687	0.311515251	0.880730566	0.3151137627	-0.09790771102	0.880730566	0.3101321916	-0.1461717399	0.311515251	-0.1485976436	0.311515251	-0.09790771102	-0.1485976436	0.8963178344	0.3242212516	0.865867687	-0.09790771102	0.3242212516	-0.09790771102	-0.1368442351	-0.09893253591	0.3874870922	1	-0.04403377527	-0.04403377527	0.3889063604	-0.1265733082	0.04177764612	0.9711775219	0.1849899899	0.1892728002	-0.03822001925	0.8807461577	0.1805103187	0.8807461577	0.8649334186	0.1805103187	-0.01103149054	-0.01103149054	-0.009958207674	0.8649334186	0.1805103187	0.1805103187	0.1805103187	-0.1254343134	-0.009958207674	0.3650613341	0.8498421455	0.3791375833	-0.01111983421	-0.05674522552	-0.1237309356	0.865867687	-0.1283030543	0.1820505721	0.1885166785	-0.01435787087	0.1885166785	0.1885166785	0.1883291672	0.7482908229	0.7482908229	0.6954000431	-0.04059388164	0.6336232022	0.1459486539	0.4983859957	-0.09532202676	0.50480271	0.05666284703	0.05666284703	0.2324474858	0.05592550993	0.2328100806	0.5333015521	0.07005469545	0.2156294806	0.07216348238	0.02069351026	-0.04603996246	0.5052567991	0.4669321648
chr11_2101748_G_T	-0.003536900446	-0.02592180121	-0.0315568	-0.0485920518	-0.05253419438	-0.03029349599	0.02880994206	-0.02878500194	-0.03029349599	-0.03029349599	-0.0531533032	-0.05077435606	0.02880994206	-0.072655281	-0.05336137726	-0.04146829262	-0.06656372099	-0.04995325774	-0.04967779614	0.03329448729	-0.04995325774	-0.01932876516	-0.01932876516	-0.04276461275	-0.08615085552	-0.04340242936	0.01842859541	-0.02316332997	-0.0441595092	-0.0441595092	-0.0441595092	-0.08288711047	-0.06200467034	-0.08046020102	-0.04340242936	-0.04340242936	-0.08046020102	-0.08046020102	-0.08046020102	-0.01777729985	-0.07968887607	-0.06148685707	-0.06148685707	-0.08087003321	0.0292052565	-0.00103458005	-0.00103458005	-0.00103458005	-0.04403377527	-0.04655962159	-0.03946667162	-0.04403377527	-0.0676580024	-0.06548174374	-0.04403377527	-0.0676580024	-0.0676580024	0.04086222502	-0.007835079517	-0.06185918443	-0.007835079517	-0.04403377527	-0.0676580024	-0.06802008946	-0.02887080864	-0.06639167387	-0.06702241724	-0.06131764276	-0.04403377527	-0.0676580024	-0.04403377527	-0.04014202558	-0.04635806116	-0.04635806116	-0.06802008946	-0.06802008946	-0.03157138358	-0.06802008946	-0.06802008946	-0.04602551477	-0.04014202558	-0.04014202558	-0.04603751054	-0.04014202558	-0.00844131289	-0.0261365726	-0.04603751054	-0.0261365726	-0.04080909304	-0.0261365726	-0.04014202558	-0.02576851312	-0.00844131289	-0.04014202558	-0.02668457576	-0.08122775403	-0.0261365726	-0.08251739552	-0.0261365726	-0.00844131289	-0.08251739552	-0.04080909304	-0.02668457576	-0.04080909304	-0.00844131289	-0.02668457576	-0.00844131289	-0.0763341771	-0.009045743481	-0.02941604642	-0.04403377527	1	1	-0.02887080864	-0.07100916149	-0.0260435155	-0.04276461275	-0.0835255096	-0.08205691909	-0.01997421721	-0.03878257838	-0.09347314682	-0.03878257838	-0.03946667162	-0.09347314682	-0.01076245273	-0.01076245273	-0.0102493663	-0.03946667162	-0.09347314682	-0.09347314682	-0.09347314682	-0.0704383546	-0.0102493663	-0.02723197584	-0.04014202558	-0.02723197584	-0.01084864185	0.04358489379	-0.06951616076	-0.04080909304	-0.07194542387	-0.09572225402	-0.09180825776	-0.01244011909	-0.09180825776	-0.09180825776	-0.09260055371	-0.03594831783	-0.03594831783	0.01562345882	-0.07829278004	0.01562345882	-0.05613726622	0.02370762603	-0.04294311647	-0.02790048901	-0.06518576181	-0.06518576181	-0.05849742586	-0.06574228478	-0.05794970216	0.02118262137	-0.08731316074	-0.07000137863	-0.08561610594	-0.03050073225	0.06507409136	0.0522522183	0.07615488118
chr11_2101749_A_T	-0.003536900446	-0.02592180121	-0.0315568	-0.0485920518	-0.05253419438	-0.03029349599	0.02880994206	-0.02878500194	-0.03029349599	-0.03029349599	-0.0531533032	-0.05077435606	0.02880994206	-0.072655281	-0.05336137726	-0.04146829262	-0.06656372099	-0.04995325774	-0.04967779614	0.03329448729	-0.04995325774	-0.01932876516	-0.01932876516	-0.04276461275	-0.08615085552	-0.04340242936	0.01842859541	-0.02316332997	-0.0441595092	-0.0441595092	-0.0441595092	-0.08288711047	-0.06200467034	-0.08046020102	-0.04340242936	-0.04340242936	-0.08046020102	-0.08046020102	-0.08046020102	-0.01777729985	-0.07968887607	-0.06148685707	-0.06148685707	-0.08087003321	0.0292052565	-0.00103458005	-0.00103458005	-0.00103458005	-0.04403377527	-0.04655962159	-0.03946667162	-0.04403377527	-0.0676580024	-0.06548174374	-0.04403377527	-0.0676580024	-0.0676580024	0.04086222502	-0.007835079517	-0.06185918443	-0.007835079517	-0.04403377527	-0.0676580024	-0.06802008946	-0.02887080864	-0.06639167387	-0.06702241724	-0.06131764276	-0.04403377527	-0.0676580024	-0.04403377527	-0.04014202558	-0.04635806116	-0.04635806116	-0.06802008946	-0.06802008946	-0.03157138358	-0.06802008946	-0.06802008946	-0.04602551477	-0.04014202558	-0.04014202558	-0.04603751054	-0.04014202558	-0.00844131289	-0.0261365726	-0.04603751054	-0.0261365726	-0.04080909304	-0.0261365726	-0.04014202558	-0.02576851312	-0.00844131289	-0.04014202558	-0.02668457576	-0.08122775403	-0.0261365726	-0.08251739552	-0.0261365726	-0.00844131289	-0.08251739552	-0.04080909304	-0.02668457576	-0.04080909304	-0.00844131289	-0.02668457576	-0.00844131289	-0.0763341771	-0.009045743481	-0.02941604642	-0.04403377527	1	1	-0.02887080864	-0.07100916149	-0.0260435155	-0.04276461275	-0.0835255096	-0.08205691909	-0.01997421721	-0.03878257838	-0.09347314682	-0.03878257838	-0.03946667162	-0.09347314682	-0.01076245273	-0.01076245273	-0.0102493663	-0.03946667162	-0.09347314682	-0.09347314682	-0.09347314682	-0.0704383546	-0.0102493663	-0.02723197584	-0.04014202558	-0.02723197584	-0.01084864185	0.04358489379	-0.06951616076	-0.04080909304	-0.07194542387	-0.09572225402	-0.09180825776	-0.01244011909	-0.09180825776	-0.09180825776	-0.09260055371	-0.03594831783	-0.03594831783	0.01562345882	-0.07829278004	0.01562345882	-0.05613726622	0.02370762603	-0.04294311647	-0.02790048901	-0.06518576181	-0.06518576181	-0.05849742586	-0.06574228478	-0.05794970216	0.02118262137	-0.08731316074	-0.07000137863	-0.08561610594	-0.03050073225	0.06507409136	0.0522522183	0.07615488118
chr11_2101804_G_A	0.02343100414	-0.2395583991	-0.2539085826	0.4745052079	0.4554823826	-0.2388212594	-0.1412742714	-0.2374785791	-0.2388212594	-0.2388212594	-0.1610974714	0.4587659727	-0.15061614	0.1620438488	-0.1625225119	0.2394793981	0.4898463907	0.486782876	0.4795206061	-0.1510217653	0.486782876	-0.3082222297	-0.3082222297	0.3951190662	0.3237826789	0.3848263043	0.3317886715	0.6063841162	-0.3494867618	-0.3494867618	-0.3494867618	0.3346242264	0.2324534437	0.3390985092	0.3990382265	0.3990382265	0.3390985092	0.3390985092	0.3390985092	0.6010935249	0.3398889983	0.2379153352	0.2379153352	0.3367714838	0.2759667334	0.8135033397	0.8135033397	0.8211632695	0.3889063604	-0.3663708059	-0.08737359938	0.3889063604	0.4012682683	0.3840583559	0.3889063604	0.4012682683	0.4012682683	-0.1001484057	0.8643686058	-0.2084988628	0.8643686058	0.3889063604	0.4012682683	0.3988259479	0.9861844893	0.4028940323	0.4073716644	-0.2061561658	0.3889063604	0.4065753893	0.3889063604	0.3641332335	-0.3647847566	-0.3647847566	0.4041271491	0.4041271491	-0.3306960022	0.4041271491	0.4041271491	0.8894387384	-0.09181030827	0.3641332335	-0.36375905	0.3641332335	0.867634734	0.9689632086	-0.36375905	0.9689632086	0.3533290016	0.9689632086	0.3641332335	0.9583693862	0.867634734	0.3641332335	0.9654582891	-0.4487256301	0.9689632086	-0.4549589036	0.9689632086	0.867634734	-0.4549589036	0.3533290016	0.9654582891	0.3533290016	0.867634734	0.9654582891	0.867634734	-0.4371979397	0.8709069816	0.9965564618	0.3889063604	-0.02887080864	-0.02887080864	1	-0.4193057529	-0.02857557057	0.3951190662	-0.2821824673	-0.2750663805	-0.06685852128	0.3713794141	0.3818349689	0.3713794141	0.3599350695	0.3818349689	0.8811572212	0.8811572212	0.8849342763	0.3599350695	0.3818349689	0.3818349689	0.3818349689	-0.411563152	0.8849342763	0.9758262857	0.3489351154	0.982752263	0.8807612236	-0.09527263776	-0.4067667543	0.3533290016	-0.3960578996	0.3871047246	0.3860766452	0.8548994808	0.3860766452	0.3860766452	0.3853998696	0.3219037983	0.3219037983	0.227350171	0.2041269747	0.227350171	0.2664090787	0.1619335335	-0.1990041477	0.253088755	0.03668133227	0.03668133227	0.09553825081	0.04006354849	0.1025395361	0.1944013038	-0.05579972208	0.1154106727	-0.05744725616	-0.002903428761	0.1332364353	0.1397040496	0.1521070149
chr11_2102033_G_A	-0.06501933861	0.5327548686	0.5263841208	-0.5124042438	-0.5005714968	0.5128514894	0.1264047891	0.5108791823	0.5128514894	0.5128514894	0.4747140093	-0.4930830142	0.1264047891	0.1132052337	0.4772794026	-0.1355711593	-0.4532753815	-0.5081715841	-0.5057589064	0.2378992825	-0.5081715841	0.6245121636	0.6245121636	-0.1308981667	0.3429742317	-0.1286951441	-0.3985349646	-0.4942549027	0.8195962298	0.8195962298	0.8195962298	0.3487889362	0.02985228414	0.3562647589	-0.1286951441	-0.1286951441	0.3562647589	0.3562647589	0.3562647589	-0.4868940898	0.3546672779	0.02960298181	0.02960298181	0.3517225946	-0.380165746	-0.3496356497	-0.3496356497	-0.3496356497	-0.1152061186	0.8320935907	0.1813552963	-0.1152061186	0.4958729864	0.498045528	-0.1152061186	0.4958729864	0.4958729864	0.1249160856	-0.376098772	0.7583469815	-0.376098772	-0.1152061186	0.4958729864	0.499822773	-0.4025266601	0.496827959	0.4942054783	0.7568365926	-0.1152061186	0.4958729864	-0.1152061186	-0.1283398134	0.8329142791	0.8329142791	0.4955305275	0.4955305275	0.770502666	0.4955305275	0.4955305275	-0.3071132705	0.1792982687	-0.1283398134	0.8306256599	-0.1283398134	-0.3812589206	-0.4113266178	0.8306256599	-0.4113266178	-0.1380543495	-0.4113266178	-0.1283398134	-0.4092344174	-0.3812589206	-0.1283398134	-0.4106705923	0.9326005511	-0.4113266178	0.9372553392	-0.4113266178	-0.3812589206	0.9372553392	-0.1259234282	-0.4106705923	-0.1259234282	-0.3812589206	-0.4106705923	-0.3812589206	0.96266011	-0.3803470413	-0.4130882414	-0.1265733082	-0.07100916149	-0.07100916149	-0.4193057529	1	0.1402767901	-0.1192452988	0.9373662643	0.9270616705	-0.0883527933	-0.1335044938	0.6722910108	-0.1335044938	-0.11837513	0.6722910108	-0.3746715424	-0.3746715424	-0.3785537295	-0.11837513	0.6722910108	0.6722910108	0.6722910108	0.9909285828	-0.3785537295	-0.3988063829	-0.1037287668	-0.4044141676	-0.3716378666	0.1274095532	0.9842175536	-0.1137925069	0.9749542361	0.6191014183	0.6424345827	-0.3692470118	0.6424345827	0.6424345827	0.6405115245	-0.09119666481	-0.09119666481	-0.04220115039	0.6464418437	-0.01759010383	0.4963647526	-0.008991567036	0.3167057486	-0.03788455684	0.5223935877	0.5223935877	0.5048827986	0.519243585	0.5036702314	-0.04578724064	0.3569290832	0.4719460391	0.3671353981	0.1249160856	-0.04742292191	-0.04266417343	-0.01937215558
chr11_2102146_A_AC	0.02467624784	0.1998648704	0.1935402829	-0.09713608061	-0.08392267258	0.1807796293	0.2210236581	0.1819489872	0.1807796293	0.1807796293	0.04696799082	-0.08195804303	0.2210236581	0.06137482408	0.04610406131	0.04949345111	-0.07719686724	-0.0812976265	-0.08107793895	-0.06111582702	-0.0812976265	0.1371651679	0.1371651679	0.04551632268	0.1049888463	0.04361912301	-0.05465566491	-0.09027007354	0.165788412	0.165788412	0.165788412	0.1075415714	0.06988483812	0.1100091756	0.04361912301	0.04361912301	0.1100091756	0.1100091756	0.1100091756	-0.08557745006	0.1101056756	0.07131406317	0.07131406317	0.1094147135	-0.04656566815	-0.04661072959	-0.04661072959	-0.04661072959	0.04177764612	0.1637363871	0.05598536206	0.04177764612	0.1359387815	0.1398787773	0.04177764612	0.1359387815	0.1359387815	-0.03451795709	-0.05343001315	0.1729490065	-0.05343001315	0.04177764612	0.1359387815	0.1352919624	-0.02857557057	0.1361301102	0.1360335783	0.1731451472	0.04177764612	0.1359387815	0.04177764612	0.05374424394	0.1630275589	0.1630275589	0.1352919624	0.1352919624	0.144643164	0.1352919624	0.1352919624	-0.005734837959	0.05374424394	0.05374424394	0.1640020763	0.05374424394	-0.05404331281	-0.02546285381	0.1640020763	-0.02546285381	0.05158215566	-0.02546285381	0.05374424394	-0.02501336529	-0.05404331281	0.05374424394	-0.02608684211	0.1276332534	-0.02546285381	0.1271650076	-0.02546285381	-0.05404331281	0.1271650076	0.05158215566	-0.02608684211	0.05158215566	-0.05404331281	-0.02608684211	-0.05404331281	0.1323126501	-0.05465566491	-0.02919608992	0.04177764612	-0.0260435155	-0.0260435155	-0.02857557057	0.1402767901	1	0.04551632268	0.1585694426	0.1613124418	-0.02260500395	0.05831179443	0.1193109339	0.05831179443	0.05598536206	0.1193109339	-0.0560386064	-0.0560386064	-0.05587766506	0.05598536206	0.1193109339	0.1193109339	0.1193109339	0.1420324259	-0.05587766506	-0.02671007901	0.05374424394	-0.02671007901	-0.05648738128	-0.03356162743	0.141623959	0.05158215566	0.140682416	0.1133774797	0.1171858372	-0.05740416968	0.1171858372	0.1171858372	0.1170956868	0.06862468737	0.06862468737	0.05374424394	0.1156801255	0.05374424394	0.120102546	0.06587756799	0.008406403748	0.1062845068	0.1528924965	0.1528924965	0.1698464526	0.1526719726	0.1699964841	0.06098151546	0.1549663443	0.1788326379	0.1556684868	-0.03451795709	-0.02723006302	0.03561844461	0.05831179443
chr11_2102978_A_C	-0.01344029112	-0.07938033961	-0.08985911386	0.06496224573	0.0586287882	-0.08815626968	-0.02077691225	-0.08527333259	-0.08815626968	-0.08815626968	-0.08317447975	0.06207151146	-0.02077691225	-0.06791990072	-0.08365267441	0.6002465041	0.1110563387	0.1348969604	0.1362553411	-0.07557028891	0.1348969604	-0.1301484538	-0.1301484538	0.9700147167	0.1455283271	0.9556945859	-0.1543774821	-0.163351789	-0.09242184116	-0.09242184116	-0.09242184116	0.1498714	0.6896998648	0.1539603302	0.9853045873	0.9853045873	0.1539603302	0.1539603302	0.1539603302	-0.1559775077	0.1542218105	0.6955081913	0.6955081913	0.1530015331	-0.1446077238	-0.1107351233	-0.1107351233	-0.09477594991	0.9711775219	-0.09691390078	-0.07334157925	0.9711775219	0.2090011544	0.1485677365	0.9711775219	0.2090011544	0.2090011544	-0.0566800234	-0.08997034654	0.271406796	-0.08997034654	0.9711775219	0.2090011544	0.2079549062	0.3951190662	0.2093983978	0.2091985929	0.271750451	0.9711775219	0.2090011544	0.9711775219	0.8753444883	-0.09649435255	-0.09649435255	0.2079549062	0.2079549062	-0.06904631478	0.2079549062	0.2079549062	0.3374969128	-0.07459660087	0.8753444883	-0.09592803976	0.8753444883	-0.09097376025	0.3154713893	-0.09592803976	0.3154713893	0.8606262337	0.3154713893	0.8753444883	0.3190697337	-0.09097376025	0.8753444883	0.3141162262	-0.1382968519	0.3154713893	-0.1406363027	0.3154713893	-0.09097376025	-0.1406363027	0.8606262337	0.3141162262	0.8606262337	-0.09097376025	0.3141162262	-0.09097376025	-0.1292525107	-0.09197567287	0.3937259572	0.9711775219	-0.04276461275	-0.04276461275	0.3951190662	-0.1192452988	0.04551632268	1	0.2013904194	0.2056426079	-0.03711842359	0.9068848257	0.2042796765	0.9068848257	0.8907453093	0.2042796765	-0.001795536848	-0.001795536848	-0.0006678442009	0.8907453093	0.2042796765	0.2042796765	0.2042796765	-0.1181206257	-0.0006678442009	0.3849183325	0.8753444883	0.3993483435	-0.001809916074	-0.0551096875	-0.1164905623	0.8606262337	-0.1209007524	0.1944107589	0.2006411663	-0.005134433869	0.2006411663	0.2006411663	0.2005231093	0.7708080376	0.7708080376	0.6853562705	-0.02634095021	0.6220268645	0.1455489319	0.4804123165	-0.08789128838	0.5203697667	0.0567754674	0.0567754674	0.2274701514	0.05606253463	0.2278188671	0.5179304797	0.08082949329	0.2203340709	0.08281607425	0.0243624662	-0.04471297665	0.4950409552	0.4500390923
chr11_2103063_T_C	-0.06346617565	0.4892716955	0.4796585267	-0.4618715536	-0.4521043703	0.4666785736	0.1177963203	0.4656812679	0.4666785736	0.4666785736	0.4298035167	-0.4436119272	0.1177963203	0.1038926932	0.4322403682	0.1010746127	-0.4149330733	-0.4571891193	-0.4543813389	0.2116534609	-0.4571891193	0.5644050624	0.5644050624	0.17845077	0.3764818241	0.1760783904	-0.4404899805	-0.5351868474	0.7670905631	0.7670905631	0.7670905631	0.3836318242	0.249233896	0.3923039387	0.1874046641	0.1874046641	0.3923039387	0.3923039387	0.3923039387	-0.5255171077	0.390843636	0.2508399871	0.2508399871	0.3875323294	-0.4192409906	-0.376389479	-0.376389479	-0.3702848536	0.1961786238	0.7779284052	0.1551280146	0.1961786238	0.5483612586	0.5524863593	0.1961786238	0.5483612586	0.5483612586	0.1048864319	-0.3938811821	0.8231221455	-0.3938811821	0.1961786238	0.5483612586	0.551922574	-0.2656669405	0.5494649297	0.5468015238	0.8217618819	0.1961786238	0.5483612586	0.1961786238	0.2132643856	0.7789141043	0.7789141043	0.5476977511	0.5476977511	0.7262025188	0.5476977511	0.5476977511	-0.1903832582	0.1527032447	0.2132643856	0.7768131172	0.2132643856	-0.399288274	-0.272047633	0.7768131172	-0.272047633	0.1981515193	-0.272047633	0.2132643856	-0.2685830392	-0.399288274	0.2132643856	-0.2718637312	0.8649962018	-0.272047633	0.868792092	-0.272047633	-0.399288274	0.868792092	0.2100918881	-0.2718637312	0.2100918881	-0.399288274	-0.2718637312	-0.399288274	0.8975012789	-0.3987181165	-0.276510575	0.1849899899	-0.0835255096	-0.0835255096	-0.2821824673	0.9373662643	0.1585694426	0.2013904194	1	0.9912689254	-0.0987969137	0.2200844314	0.7216206449	0.2200844314	0.2288835801	0.7216206449	-0.3939093568	-0.3939093568	-0.3976060452	0.2288835801	0.7216206449	0.7216206449	0.7216206449	0.9287510098	-0.3976060452	-0.2606448641	0.2374888419	-0.2661645618	-0.3911245281	0.1078412964	0.922723673	0.2220322569	0.9121270216	0.6661993849	0.6911664761	-0.3893359547	0.6911664761	0.6911664761	0.6892172661	0.2093404765	0.2093404765	0.2132643856	0.609162391	0.2132643856	0.5303521493	0.1661447852	0.2893873767	0.1482282112	0.5174830756	0.5174830756	0.5590295162	0.5141285669	0.5579679164	0.1324587848	0.3801873196	0.5312862274	0.3908516806	0.1358864108	-0.06093082814	0.07894872897	0.1451913994
chr11_2103073_T_TC	-0.07928580556	0.4806015856	0.4713913799	-0.456411338	-0.446266881	0.4579910135	0.116693973	0.4569025149	0.4579910135	0.4579910135	0.4211028367	-0.4378737816	0.1241708274	0.1040851724	0.4186117447	0.1047955262	-0.409136671	-0.4515345237	-0.4487230515	0.2168409098	-0.4515345237	0.5590981545	0.5590981545	0.1826049824	0.3713764441	0.1802730612	-0.435116125	-0.5333245691	0.7587471003	0.7587471003	0.7587471003	0.3783744328	0.2466273397	0.3869097487	0.1916477099	0.1916477099	0.3869097487	0.3869097487	0.3869097487	-0.5239901384	0.385433972	0.2481475066	0.2481475066	0.382159008	-0.4141571765	-0.3773576536	-0.3773576536	-0.3712269551	0.2005092211	0.7697750529	0.1465759292	0.2005092211	0.5417824888	0.5456532804	0.2005092211	0.5417824888	0.5417824888	0.1077536907	-0.3943954116	0.8169330325	-0.3943954116	0.2005092211	0.5417824888	0.545403672	-0.2640090037	0.5428739182	0.5402076651	0.8155490665	0.2005092211	0.5417824888	0.2005092211	0.2173592674	0.7708146422	0.7708146422	0.5411608047	0.5411608047	0.7210456483	0.5411608047	0.5411608047	-0.1922834615	0.1443755079	0.2173592674	0.7686363799	0.2173592674	-0.3997784042	-0.2706315736	0.7686363799	-0.2706315736	0.2022347646	-0.2706315736	0.2173592674	-0.2671773347	-0.3997784042	0.2173592674	-0.2704038863	0.8597451058	-0.2706315736	0.8635900266	-0.2706315736	-0.3997784042	0.8635900266	0.2142261311	-0.2704038863	0.2142261311	-0.3997784042	-0.2704038863	-0.3997784042	0.8920610449	-0.3991587481	-0.2748561296	0.1892728002	-0.08205691909	-0.08205691909	-0.2750663805	0.9270616705	0.1613124418	0.2056426079	0.9912689254	1	-0.09763454536	0.224100612	0.7169832224	0.224100612	0.2329916037	0.7169832224	-0.3882827909	-0.3882827909	-0.3919741888	0.2329916037	0.7169832224	0.7169832224	0.7169832224	0.9182640582	-0.3919741888	-0.2535508701	0.2416871873	-0.2590941426	-0.3913922823	0.1106541486	0.9122690685	0.2262174977	0.9016564738	0.6661629242	0.6909555425	-0.383635244	0.6909555425	0.6909555425	0.6890227489	0.2130859588	0.2130859588	0.2173592674	0.606136646	0.2173592674	0.5294921135	0.1697632371	0.2924758002	0.1510743358	0.5186857023	0.5186857023	0.561485706	0.5153498533	0.5603852263	0.1358836163	0.3700605325	0.5330063647	0.3807254996	0.1388860716	-0.05928257255	0.08283280967	0.1488877093
chr11_2103563_C_T	-0.04156206633	-0.03154721053	-0.03644029952	0.004815591771	0.00169425897	-0.03553071407	-0.0315223898	-0.03419828664	-0.03553071407	-0.03553071407	-0.01788472811	0.003273921777	-0.0315223898	-0.05930195589	-0.01823106832	-0.03599325592	0.0163614869	0.004506182174	0.004923191704	-0.04687311912	0.004506182174	-0.06078889341	-0.06078889341	-0.03711842359	-0.1340720709	-0.03767202961	-0.05316058009	-0.05651763567	-0.06445780821	-0.06445780821	-0.06445780821	-0.1309051424	-0.05381822657	-0.1287169691	-0.03767202961	-0.03767202961	-0.1287169691	-0.1287169691	-0.1287169691	-0.05264013873	-0.1278201181	-0.05336877991	-0.05336877991	-0.1290344317	-0.04756721956	-0.0472489771	-0.0472489771	-0.0472489771	-0.03822001925	-0.06662146899	-0.03425590788	-0.03822001925	-0.1161921552	-0.1147026694	-0.03822001925	-0.1161921552	-0.1161921552	-0.02647373673	-0.05225712384	-0.07893749054	-0.05225712384	-0.03822001925	-0.1161921552	-0.1164423345	-0.06685852128	-0.1147572118	-0.1154716067	-0.07842414619	-0.03822001925	-0.1161921552	-0.03822001925	-0.03484209522	-0.06633305918	-0.06633305918	-0.1164423345	-0.1164423345	-0.05357506556	-0.1164423345	-0.1164423345	-0.07935051147	-0.03484209522	-0.03484209522	-0.06612891221	-0.03484209522	-0.05270907705	-0.0646725344	-0.06612891221	-0.0646725344	-0.03542109011	-0.0646725344	-0.03484209522	-0.0646891992	-0.05270907705	-0.03484209522	-0.06510934017	-0.09709155795	-0.0646725344	-0.09833096778	-0.0646725344	-0.05270907705	-0.09833096778	-0.03542109011	-0.06510934017	-0.03542109011	-0.05270907705	-0.06510934017	-0.05270907705	-0.09274008925	-0.05316058009	-0.06729638826	-0.03822001925	-0.01997421721	-0.01997421721	-0.06685852128	-0.0883527933	-0.02260500395	-0.03711842359	-0.0987969137	-0.09763454536	1	-0.03366213511	-0.1420028565	-0.03366213511	-0.03425590788	-0.1420028565	-0.05407953317	-0.05407953317	-0.05406232831	-0.03425590788	-0.1420028565	-0.1420028565	-0.1420028565	-0.08799172622	-0.05406232831	-0.06554632525	-0.03484209522	-0.06554632525	-0.05451261917	-0.02574027445	-0.08701543972	-0.03542109011	-0.08934287491	-0.1430387905	-0.1394735846	-0.05499194265	-0.1394735846	-0.1394735846	-0.1403793696	-0.03120208047	-0.03120208047	0.01840098154	-0.1284061355	-0.03484209522	-0.1887745423	-0.03183085238	-0.0826133417	-0.02421680223	-0.1562964838	-0.1562964838	-0.1658289068	-0.1569595936	-0.1651244929	-0.03128648872	-0.04853599492	-0.1592401318	-0.04719382878	-0.02647373673	-0.02088424636	-0.03881285941	-0.03366213511
chr11_2104098_C_T	0.001513091925	-0.0999017845	-0.1094112307	0.120867235	0.1155194721	-0.1084436184	-0.01884226644	-0.1057578651	-0.1084436184	-0.1084436184	-0.106556349	0.1187104127	-0.01884226644	-0.02143524351	-0.1068074064	0.6672024667	0.08882783898	0.1223360064	0.1235679012	-0.06403818878	0.1223360064	-0.1430965428	-0.1430965428	0.8742529876	0.1106569942	0.8613343458	-0.1371730333	-0.1385400559	-0.1127521276	-0.1127521276	-0.1127521276	0.1147157884	0.6254783417	0.1184533488	0.893557779	0.893557779	0.1184533488	0.1184533488	0.1184533488	-0.13164217	0.1187722325	0.6307458248	0.6307458248	0.117597587	-0.128159126	-0.09174012369	-0.09174012369	-0.07437236508	0.8807461577	-0.1169149849	-0.06651236532	0.8807461577	0.1714903069	0.177142459	0.8807461577	0.1714903069	0.1714903069	-0.05140225315	-0.06739891392	0.2181765468	-0.06739891392	0.8807461577	0.1714903069	0.1705616139	0.3713794141	0.1719560339	0.1717224038	0.2185361572	0.8807461577	0.1714903069	0.8807461577	0.9661340656	-0.1164088503	-0.1164088503	0.1705616139	0.1705616139	-0.09160125796	0.1705616139	0.1705616139	0.318374046	-0.06765052538	0.9661340656	-0.1159773114	0.9661340656	-0.06833207592	0.377868997	-0.1159773114	0.377868997	0.9503415904	0.377868997	0.9661340656	0.3818669779	-0.06833207592	0.9661340656	0.3765551149	-0.1506580184	0.377868997	-0.1528935769	0.377868997	-0.06833207592	-0.1528935769	0.9503415904	0.3765551149	0.9503415904	-0.06833207592	0.3765551149	-0.06833207592	-0.1423571326	-0.06926352858	0.3701049761	0.8807461577	-0.03878257838	-0.03878257838	0.3713794141	-0.1335044938	0.05831179443	0.9068848257	0.2200844314	0.224100612	-0.03366213511	1	0.1703879639	1	0.9826665585	0.1703879639	-0.07147578058	-0.07147578058	-0.07112152691	0.9826665585	0.1703879639	0.1703879639	0.1703879639	-0.1326121007	-0.07112152691	0.375249311	0.9661340656	0.375249311	-0.07204818123	-0.04997813935	-0.1309668972	0.9503415904	-0.1351742269	0.1616618171	0.1673531131	-0.07365483532	0.1673531131	0.1673531131	0.1671927704	0.8509575267	0.8509575267	0.724917661	-0.07717148473	0.6559986883	0.1188769914	0.4978639449	-0.0635677901	0.5278008135	0.009375023443	0.009375023443	0.1766112549	0.008652428579	0.176986571	0.5050666355	0.08212104512	0.1899148365	0.0838803088	0.03679319173	-0.04054952004	0.3440840467	0.4673202614
chr11_2104138_A_G	-0.04338564549	0.3450240312	0.3272843436	-0.1287525409	-0.1321198739	0.3259452072	0.0165572368	0.3249567746	0.3259452072	0.3259452072	0.3483060471	-0.122030739	0.008954899904	0.2526664374	0.3497428867	0.04910891132	-0.05757578766	-0.1144770731	-0.1179894786	0.1194753918	-0.1144770731	0.3833450014	0.3833450014	0.1808554154	0.608829896	0.1748786392	-0.1311156036	-0.001427040118	0.5416214019	0.5416214019	0.5416214019	0.623325389	0.2141900049	0.6343398935	0.1864441862	0.1864441862	0.6343398935	0.6343398935	0.6343398935	0.001350270053	0.6333485315	0.2183003771	0.2183003771	0.6279086672	-0.1587021375	0.3095378335	0.3095378335	0.3220050109	0.1919353182	0.5450508649	0.1135609275	0.1919353182	0.8235393919	0.8115478516	0.1919353182	0.8235393919	0.8235393919	0.0458963237	0.3186537948	0.595879755	0.3186537948	0.1919353182	0.8235393919	0.8255497585	0.3874564442	0.8257777778	0.826808006	0.5962360665	0.1919353182	0.8278582839	0.1919353182	0.1573961519	0.5471366782	0.5471366782	0.8255497585	0.8255497585	0.511266234	0.8255497585	0.8255497585	0.4063653869	0.1079237313	0.1573961519	0.5456632147	0.1573961519	0.3161738212	0.3643768632	0.5456632147	0.3643768632	0.1390556539	0.3643768632	0.1573961519	0.3577376452	0.3161738212	0.1573961519	0.3622284954	0.5812049947	0.3643768632	0.5809074651	0.3643768632	0.3161738212	0.5809074651	0.1512482691	0.3622284954	0.1512482691	0.3161738212	0.3622284954	0.3161738212	0.6204864629	0.3198014495	0.3853251397	0.1805103187	-0.09347314682	-0.09347314682	0.3818349689	0.6722910108	0.1193109339	0.2042796765	0.7216206449	0.7169832224	-0.1420028565	0.1703879639	1	0.1703879639	0.1763223352	1	0.3460753202	0.3460753202	0.3452632011	0.1763223352	1	1	1	0.6694606084	0.3452632011	0.3995436488	0.1821323622	0.3995436488	0.3488468008	0.05231921877	0.6665357047	0.1756334994	0.6661208969	0.9508454932	0.9732021267	0.3302007482	0.9732021267	0.9732021267	0.9707947694	0.1724766646	0.1724766646	0.1450280468	0.8225880961	0.169764257	0.7156617597	0.1249611454	0.1621256518	0.1695719829	0.5584516033	0.5584516033	0.5895117747	0.5580709546	0.5939559574	0.1143624132	0.3122864407	0.5721129454	0.3211316516	0.1092060622	0.06221802281	0.07351368336	0.1066586429
chr11_2104159_C_T	0.001513091925	-0.0999017845	-0.1094112307	0.120867235	0.1155194721	-0.1084436184	-0.01884226644	-0.1057578651	-0.1084436184	-0.1084436184	-0.106556349	0.1187104127	-0.01884226644	-0.02143524351	-0.1068074064	0.6672024667	0.08882783898	0.1223360064	0.1235679012	-0.06403818878	0.1223360064	-0.1430965428	-0.1430965428	0.8742529876	0.1106569942	0.8613343458	-0.1371730333	-0.1385400559	-0.1127521276	-0.1127521276	-0.1127521276	0.1147157884	0.6254783417	0.1184533488	0.893557779	0.893557779	0.1184533488	0.1184533488	0.1184533488	-0.13164217	0.1187722325	0.6307458248	0.6307458248	0.117597587	-0.128159126	-0.09174012369	-0.09174012369	-0.07437236508	0.8807461577	-0.1169149849	-0.06651236532	0.8807461577	0.1714903069	0.177142459	0.8807461577	0.1714903069	0.1714903069	-0.05140225315	-0.06739891392	0.2181765468	-0.06739891392	0.8807461577	0.1714903069	0.1705616139	0.3713794141	0.1719560339	0.1717224038	0.2185361572	0.8807461577	0.1714903069	0.8807461577	0.9661340656	-0.1164088503	-0.1164088503	0.1705616139	0.1705616139	-0.09160125796	0.1705616139	0.1705616139	0.318374046	-0.06765052538	0.9661340656	-0.1159773114	0.9661340656	-0.06833207592	0.377868997	-0.1159773114	0.377868997	0.9503415904	0.377868997	0.9661340656	0.3818669779	-0.06833207592	0.9661340656	0.3765551149	-0.1506580184	0.377868997	-0.1528935769	0.377868997	-0.06833207592	-0.1528935769	0.9503415904	0.3765551149	0.9503415904	-0.06833207592	0.3765551149	-0.06833207592	-0.1423571326	-0.06926352858	0.3701049761	0.8807461577	-0.03878257838	-0.03878257838	0.3713794141	-0.1335044938	0.05831179443	0.9068848257	0.2200844314	0.224100612	-0.03366213511	1	0.1703879639	1	0.9826665585	0.1703879639	-0.07147578058	-0.07147578058	-0.07112152691	0.9826665585	0.1703879639	0.1703879639	0.1703879639	-0.1326121007	-0.07112152691	0.375249311	0.9661340656	0.375249311	-0.07204818123	-0.04997813935	-0.1309668972	0.9503415904	-0.1351742269	0.1616618171	0.1673531131	-0.07365483532	0.1673531131	0.1673531131	0.1671927704	0.8509575267	0.8509575267	0.724917661	-0.07717148473	0.6559986883	0.1188769914	0.4978639449	-0.0635677901	0.5278008135	0.009375023443	0.009375023443	0.1766112549	0.008652428579	0.176986571	0.5050666355	0.08212104512	0.1899148365	0.0838803088	0.03679319173	-0.04054952004	0.3440840467	0.4673202614
chr11_2106729_G_A	-0.001158975428	-0.08136438674	-0.09103691397	0.1107966329	0.117557142	-0.102585117	-0.02265122995	-0.09987142334	-0.102585117	-0.102585117	-0.09758914238	0.1208043682	-0.02265122995	-0.01434272515	-0.09790826276	0.6547749334	0.09273607484	0.1244939144	0.1257475388	-0.06605318742	0.1244939144	-0.1386262344	-0.1386262344	0.8586090796	0.1168082189	0.8458513588	-0.1401499719	-0.1428748663	-0.09682878281	-0.09682878281	-0.09682878281	0.1209149463	0.61254838	0.1247126492	0.8775853863	0.8775853863	0.1247126492	0.1247126492	0.1247126492	-0.1358967211	0.1250210558	0.6177645081	0.6177645081	0.1238390829	-0.1310073716	-0.09506874301	-0.09506874301	-0.07796476386	0.8649334186	-0.1010099289	-0.06768558952	0.8649334186	0.1780703634	0.1838469257	0.8649334186	0.1780703634	0.1780703634	-0.05230894722	-0.07138342691	0.2275317108	-0.07138342691	0.8649334186	0.1780703634	0.1771213234	0.3599350695	0.1785235312	0.1782961068	0.2278882191	0.8649334186	0.1780703634	0.8649334186	0.9492397675	-0.1005726486	-0.1005726486	0.1771213234	0.1771213234	-0.07527509069	0.1771213234	0.1771213234	0.3070270059	-0.06884382581	0.9492397675	-0.1000827119	0.9492397675	-0.07232848329	0.3664585104	-0.1000827119	0.3664585104	0.9336502425	0.3664585104	0.9492397675	0.3703823047	-0.07232848329	0.9492397675	0.3651381756	-0.135916738	0.3664585104	-0.1381131791	0.3664585104	-0.07232848329	-0.1381131791	0.9336502425	0.3651381756	0.9336502425	-0.07232848329	0.3651381756	-0.07232848329	-0.1275374789	-0.07327186871	0.3586533845	0.8649334186	-0.03946667162	-0.03946667162	0.3599350695	-0.11837513	0.05598536206	0.8907453093	0.2288835801	0.2329916037	-0.03425590788	0.9826665585	0.1763223352	0.9826665585	1	0.1763223352	-0.07548801944	-0.07548801944	-0.07515384829	1	0.1763223352	0.1763223352	0.1763223352	-0.1299306399	-0.07515384829	0.3792908839	0.9831758873	0.3792908839	-0.07609255137	-0.05085971321	-0.128289294	0.9671048456	-0.1325299098	0.1673981811	0.1731817848	-0.07767206908	0.1731817848	0.1731817848	0.1730291076	0.8734485286	0.8734485286	0.7456230488	-0.07812908087	0.6777508093	0.1257111726	0.5250181139	-0.06786794659	0.5654153228	-0.001914378738	-0.001914378738	0.1738810886	-0.002670404038	0.1742746598	0.5302278507	0.07604339338	0.1874133483	0.07786982337	0.0345469957	-0.0412647807	0.3658895576	0.4930497274
chr11_2107025_C_T	-0.04338564549	0.3450240312	0.3272843436	-0.1287525409	-0.1321198739	0.3259452072	0.0165572368	0.3249567746	0.3259452072	0.3259452072	0.3483060471	-0.122030739	0.008954899904	0.2526664374	0.3497428867	0.04910891132	-0.05757578766	-0.1144770731	-0.1179894786	0.1194753918	-0.1144770731	0.3833450014	0.3833450014	0.1808554154	0.608829896	0.1748786392	-0.1311156036	-0.001427040118	0.5416214019	0.5416214019	0.5416214019	0.623325389	0.2141900049	0.6343398935	0.1864441862	0.1864441862	0.6343398935	0.6343398935	0.6343398935	0.001350270053	0.6333485315	0.2183003771	0.2183003771	0.6279086672	-0.1587021375	0.3095378335	0.3095378335	0.3220050109	0.1919353182	0.5450508649	0.1135609275	0.1919353182	0.8235393919	0.8115478516	0.1919353182	0.8235393919	0.8235393919	0.0458963237	0.3186537948	0.595879755	0.3186537948	0.1919353182	0.8235393919	0.8255497585	0.3874564442	0.8257777778	0.826808006	0.5962360665	0.1919353182	0.8278582839	0.1919353182	0.1573961519	0.5471366782	0.5471366782	0.8255497585	0.8255497585	0.511266234	0.8255497585	0.8255497585	0.4063653869	0.1079237313	0.1573961519	0.5456632147	0.1573961519	0.3161738212	0.3643768632	0.5456632147	0.3643768632	0.1390556539	0.3643768632	0.1573961519	0.3577376452	0.3161738212	0.1573961519	0.3622284954	0.5812049947	0.3643768632	0.5809074651	0.3643768632	0.3161738212	0.5809074651	0.1512482691	0.3622284954	0.1512482691	0.3161738212	0.3622284954	0.3161738212	0.6204864629	0.3198014495	0.3853251397	0.1805103187	-0.09347314682	-0.09347314682	0.3818349689	0.6722910108	0.1193109339	0.2042796765	0.7216206449	0.7169832224	-0.1420028565	0.1703879639	1	0.1703879639	0.1763223352	1	0.3460753202	0.3460753202	0.3452632011	0.1763223352	1	1	1	0.6694606084	0.3452632011	0.3995436488	0.1821323622	0.3995436488	0.3488468008	0.05231921877	0.6665357047	0.1756334994	0.6661208969	0.9508454932	0.9732021267	0.3302007482	0.9732021267	0.9732021267	0.9707947694	0.1724766646	0.1724766646	0.1450280468	0.8225880961	0.169764257	0.7156617597	0.1249611454	0.1621256518	0.1695719829	0.5584516033	0.5584516033	0.5895117747	0.5580709546	0.5939559574	0.1143624132	0.3122864407	0.5721129454	0.3211316516	0.1092060622	0.06221802281	0.07351368336	0.1066586429
chr11_2107107_G_A	0.02817331462	-0.2033088736	-0.213729791	0.4509515309	0.4275191772	-0.1918507362	-0.1264241138	-0.1980197487	-0.1918507362	-0.1918507362	-0.1191274177	0.4293766985	-0.1364227216	0.1927809208	-0.1205103415	-0.07115367597	0.4815256	0.4574806049	0.4490681272	-0.1271134141	0.4574806049	-0.2478957401	-0.2478957401	-0.001795536848	0.2951243332	-0.006470130991	0.4191284693	0.7168716949	-0.3178505432	-0.3178505432	-0.3178505432	0.3045864813	-0.05301458247	0.3074262485	-0.006470130991	-0.006470130991	0.3074262485	0.3074262485	0.3074262485	0.7075380916	0.3080835736	-0.0497655713	-0.0497655713	0.3053760929	0.3543095084	0.9125906081	0.9125906081	0.9207890357	-0.01103149054	-0.3278951791	-0.05897923522	-0.01103149054	0.3466789593	0.3253677097	-0.01103149054	0.3466789593	0.3466789593	-0.08049809765	0.9480710532	-0.3217394965	0.9480710532	-0.01103149054	0.3466789593	0.3445401998	0.8663704717	0.3481406735	0.3530725489	-0.3194440596	-0.01103149054	0.3523591741	-0.01103149054	-0.07940340887	-0.326475694	-0.326475694	0.3502140786	0.3502140786	-0.3028616385	0.3502140786	0.3502140786	0.7901346037	-0.06313685381	-0.07940340887	-0.3255919992	-0.07940340887	0.9520710368	0.8445853455	-0.3255919992	0.8445853455	-0.08322849553	0.8445853455	-0.07940340887	0.8312005319	0.9520710368	-0.07940340887	0.8415128305	-0.3972760477	0.8445853455	-0.4027651872	0.8445853455	0.9520710368	-0.4027651872	-0.08322849553	0.8415128305	-0.08322849553	0.9520710368	0.8415128305	0.9520710368	-0.3892668564	0.9560763867	0.8781302273	-0.01103149054	-0.01076245273	-0.01076245273	0.8811572212	-0.3746715424	-0.0560386064	-0.001795536848	-0.3939093568	-0.3882827909	-0.05407953317	-0.07147578058	0.3460753202	-0.07147578058	-0.07548801944	0.3460753202	1	1	0.9960590953	-0.07548801944	0.3460753202	0.3460753202	0.3460753202	-0.3728402559	0.9960590953	0.8829358845	-0.07940340887	0.8903487622	0.9920553074	-0.07601903634	-0.3685530666	-0.06719274521	-0.3549165109	0.3558572071	0.3517302349	0.9649704059	0.3517302349	0.3517302349	0.3511818362	-0.05429973458	-0.05429973458	-0.09566996394	0.2637727326	-0.06313685381	0.2289840801	-0.05878101789	-0.1830339097	0.02395295043	0.0395039758	0.0395039758	0.02455807592	0.04350840472	0.03182878709	-0.02748065739	-0.09986660445	0.03893395634	-0.102555456	-0.03886555429	0.1636585205	-0.0093417179	-0.05471239607
chr11_2107122_C_T	0.02817331462	-0.2033088736	-0.213729791	0.4509515309	0.4275191772	-0.1918507362	-0.1264241138	-0.1980197487	-0.1918507362	-0.1918507362	-0.1191274177	0.4293766985	-0.1364227216	0.1927809208	-0.1205103415	-0.07115367597	0.4815256	0.4574806049	0.4490681272	-0.1271134141	0.4574806049	-0.2478957401	-0.2478957401	-0.001795536848	0.2951243332	-0.006470130991	0.4191284693	0.7168716949	-0.3178505432	-0.3178505432	-0.3178505432	0.3045864813	-0.05301458247	0.3074262485	-0.006470130991	-0.006470130991	0.3074262485	0.3074262485	0.3074262485	0.7075380916	0.3080835736	-0.0497655713	-0.0497655713	0.3053760929	0.3543095084	0.9125906081	0.9125906081	0.9207890357	-0.01103149054	-0.3278951791	-0.05897923522	-0.01103149054	0.3466789593	0.3253677097	-0.01103149054	0.3466789593	0.3466789593	-0.08049809765	0.9480710532	-0.3217394965	0.9480710532	-0.01103149054	0.3466789593	0.3445401998	0.8663704717	0.3481406735	0.3530725489	-0.3194440596	-0.01103149054	0.3523591741	-0.01103149054	-0.07940340887	-0.326475694	-0.326475694	0.3502140786	0.3502140786	-0.3028616385	0.3502140786	0.3502140786	0.7901346037	-0.06313685381	-0.07940340887	-0.3255919992	-0.07940340887	0.9520710368	0.8445853455	-0.3255919992	0.8445853455	-0.08322849553	0.8445853455	-0.07940340887	0.8312005319	0.9520710368	-0.07940340887	0.8415128305	-0.3972760477	0.8445853455	-0.4027651872	0.8445853455	0.9520710368	-0.4027651872	-0.08322849553	0.8415128305	-0.08322849553	0.9520710368	0.8415128305	0.9520710368	-0.3892668564	0.9560763867	0.8781302273	-0.01103149054	-0.01076245273	-0.01076245273	0.8811572212	-0.3746715424	-0.0560386064	-0.001795536848	-0.3939093568	-0.3882827909	-0.05407953317	-0.07147578058	0.3460753202	-0.07147578058	-0.07548801944	0.3460753202	1	1	0.9960590953	-0.07548801944	0.3460753202	0.3460753202	0.3460753202	-0.3728402559	0.9960590953	0.8829358845	-0.07940340887	0.8903487622	0.9920553074	-0.07601903634	-0.3685530666	-0.06719274521	-0.3549165109	0.3558572071	0.3517302349	0.9649704059	0.3517302349	0.3517302349	0.3511818362	-0.05429973458	-0.05429973458	-0.09566996394	0.2637727326	-0.06313685381	0.2289840801	-0.05878101789	-0.1830339097	0.02395295043	0.0395039758	0.0395039758	0.02455807592	0.04350840472	0.03182878709	-0.02748065739	-0.09986660445	0.03893395634	-0.102555456	-0.03886555429	0.1636585205	-0.0093417179	-0.05471239607
chr11_2107655_C_A	0.02972486561	-0.2012117052	-0.2115807237	0.4474420235	0.4297754084	-0.1957247287	-0.135746573	-0.1957339067	-0.1957247287	-0.1957247287	-0.1169772524	0.4316000161	-0.1458408665	0.1913511768	-0.1183787945	-0.07072443901	0.4835896456	0.4599152799	0.4514027262	-0.1268841297	0.4599152799	-0.2513796227	-0.2513796227	-0.0006678442009	0.294158681	-0.005370098439	0.4174974106	0.7199845853	-0.3218592152	-0.3218592152	-0.3218592152	0.3036583546	-0.05186196496	0.3064687244	-0.005370098439	-0.005370098439	0.3064687244	0.3064687244	0.3064687244	0.7103218187	0.3071350664	-0.04859572372	-0.04859572372	0.3044138544	0.3514896608	0.9153321624	0.9153321624	0.9236090481	-0.009958207674	-0.3319423384	-0.05848707649	-0.009958207674	0.3455520578	0.323935116	-0.009958207674	0.3455520578	0.3455520578	-0.08045190477	0.9514503781	-0.3252389009	0.9514503781	-0.009958207674	0.3455520578	0.3434095024	0.8700060189	0.3470304152	0.3520082022	-0.3229324332	-0.009958207674	0.3512866317	-0.009958207674	-0.07908862737	-0.3305053327	-0.3305053327	0.3491376797	0.3491376797	-0.3070674399	0.3491376797	0.3491376797	0.7938112372	-0.06266640283	-0.07908862737	-0.3296278559	-0.07908862737	0.9555145125	0.8479148934	-0.3296278559	0.8479148934	-0.08293246132	0.8479148934	-0.07908862737	0.834348482	0.9555145125	-0.07908862737	0.8448326903	-0.4010902423	0.8479148934	-0.4066072599	0.8479148934	0.9555145125	-0.4066072599	-0.08293246132	0.8448326903	-0.08293246132	0.9555145125	0.8448326903	0.9555145125	-0.3931268594	0.9595838714	0.8818975064	-0.009958207674	-0.0102493663	-0.0102493663	0.8849342763	-0.3785537295	-0.05587766506	-0.0006678442009	-0.3976060452	-0.3919741888	-0.05406232831	-0.07112152691	0.3452632011	-0.07112152691	-0.07515384829	0.3452632011	0.9960590953	0.9960590953	1	-0.07515384829	0.3452632011	0.3452632011	0.3452632011	-0.3767312517	1	0.8866717674	-0.07908862737	0.8941555857	0.9959830127	-0.07595260205	-0.3724132593	-0.06674325031	-0.3585991729	0.3552986527	0.3510456876	0.9687986634	0.3510456876	0.3510456876	0.3504895097	-0.0538569853	-0.0538569853	-0.0955108519	0.2614676694	-0.06266640283	0.226994564	-0.05836176033	-0.1899289452	0.02492911788	0.03380766802	0.03380766802	0.01915882617	0.03785119793	0.02649878557	-0.02677864847	-0.09848480859	0.03345805105	-0.101244825	-0.0384209417	0.1658688688	-0.008233978572	-0.05419771832
chr11_2107742_G_A	-0.001158975428	-0.08136438674	-0.09103691397	0.1107966329	0.117557142	-0.102585117	-0.02265122995	-0.09987142334	-0.102585117	-0.102585117	-0.09758914238	0.1208043682	-0.02265122995	-0.01434272515	-0.09790826276	0.6547749334	0.09273607484	0.1244939144	0.1257475388	-0.06605318742	0.1244939144	-0.1386262344	-0.1386262344	0.8586090796	0.1168082189	0.8458513588	-0.1401499719	-0.1428748663	-0.09682878281	-0.09682878281	-0.09682878281	0.1209149463	0.61254838	0.1247126492	0.8775853863	0.8775853863	0.1247126492	0.1247126492	0.1247126492	-0.1358967211	0.1250210558	0.6177645081	0.6177645081	0.1238390829	-0.1310073716	-0.09506874301	-0.09506874301	-0.07796476386	0.8649334186	-0.1010099289	-0.06768558952	0.8649334186	0.1780703634	0.1838469257	0.8649334186	0.1780703634	0.1780703634	-0.05230894722	-0.07138342691	0.2275317108	-0.07138342691	0.8649334186	0.1780703634	0.1771213234	0.3599350695	0.1785235312	0.1782961068	0.2278882191	0.8649334186	0.1780703634	0.8649334186	0.9492397675	-0.1005726486	-0.1005726486	0.1771213234	0.1771213234	-0.07527509069	0.1771213234	0.1771213234	0.3070270059	-0.06884382581	0.9492397675	-0.1000827119	0.9492397675	-0.07232848329	0.3664585104	-0.1000827119	0.3664585104	0.9336502425	0.3664585104	0.9492397675	0.3703823047	-0.07232848329	0.9492397675	0.3651381756	-0.135916738	0.3664585104	-0.1381131791	0.3664585104	-0.07232848329	-0.1381131791	0.9336502425	0.3651381756	0.9336502425	-0.07232848329	0.3651381756	-0.07232848329	-0.1275374789	-0.07327186871	0.3586533845	0.8649334186	-0.03946667162	-0.03946667162	0.3599350695	-0.11837513	0.05598536206	0.8907453093	0.2288835801	0.2329916037	-0.03425590788	0.9826665585	0.1763223352	0.9826665585	1	0.1763223352	-0.07548801944	-0.07548801944	-0.07515384829	1	0.1763223352	0.1763223352	0.1763223352	-0.1299306399	-0.07515384829	0.3792908839	0.9831758873	0.3792908839	-0.07609255137	-0.05085971321	-0.128289294	0.9671048456	-0.1325299098	0.1673981811	0.1731817848	-0.07767206908	0.1731817848	0.1731817848	0.1730291076	0.8734485286	0.8734485286	0.7456230488	-0.07812908087	0.6777508093	0.1257111726	0.5250181139	-0.06786794659	0.5654153228	-0.001914378738	-0.001914378738	0.1738810886	-0.002670404038	0.1742746598	0.5302278507	0.07604339338	0.1874133483	0.07786982337	0.0345469957	-0.0412647807	0.3658895576	0.4930497274
chr11_2107761_C_T	-0.04338564549	0.3450240312	0.3272843436	-0.1287525409	-0.1321198739	0.3259452072	0.0165572368	0.3249567746	0.3259452072	0.3259452072	0.3483060471	-0.122030739	0.008954899904	0.2526664374	0.3497428867	0.04910891132	-0.05757578766	-0.1144770731	-0.1179894786	0.1194753918	-0.1144770731	0.3833450014	0.3833450014	0.1808554154	0.608829896	0.1748786392	-0.1311156036	-0.001427040118	0.5416214019	0.5416214019	0.5416214019	0.623325389	0.2141900049	0.6343398935	0.1864441862	0.1864441862	0.6343398935	0.6343398935	0.6343398935	0.001350270053	0.6333485315	0.2183003771	0.2183003771	0.6279086672	-0.1587021375	0.3095378335	0.3095378335	0.3220050109	0.1919353182	0.5450508649	0.1135609275	0.1919353182	0.8235393919	0.8115478516	0.1919353182	0.8235393919	0.8235393919	0.0458963237	0.3186537948	0.595879755	0.3186537948	0.1919353182	0.8235393919	0.8255497585	0.3874564442	0.8257777778	0.826808006	0.5962360665	0.1919353182	0.8278582839	0.1919353182	0.1573961519	0.5471366782	0.5471366782	0.8255497585	0.8255497585	0.511266234	0.8255497585	0.8255497585	0.4063653869	0.1079237313	0.1573961519	0.5456632147	0.1573961519	0.3161738212	0.3643768632	0.5456632147	0.3643768632	0.1390556539	0.3643768632	0.1573961519	0.3577376452	0.3161738212	0.1573961519	0.3622284954	0.5812049947	0.3643768632	0.5809074651	0.3643768632	0.3161738212	0.5809074651	0.1512482691	0.3622284954	0.1512482691	0.3161738212	0.3622284954	0.3161738212	0.6204864629	0.3198014495	0.3853251397	0.1805103187	-0.09347314682	-0.09347314682	0.3818349689	0.6722910108	0.1193109339	0.2042796765	0.7216206449	0.7169832224	-0.1420028565	0.1703879639	1	0.1703879639	0.1763223352	1	0.3460753202	0.3460753202	0.3452632011	0.1763223352	1	1	1	0.6694606084	0.3452632011	0.3995436488	0.1821323622	0.3995436488	0.3488468008	0.05231921877	0.6665357047	0.1756334994	0.6661208969	0.9508454932	0.9732021267	0.3302007482	0.9732021267	0.9732021267	0.9707947694	0.1724766646	0.1724766646	0.1450280468	0.8225880961	0.169764257	0.7156617597	0.1249611454	0.1621256518	0.1695719829	0.5584516033	0.5584516033	0.5895117747	0.5580709546	0.5939559574	0.1143624132	0.3122864407	0.5721129454	0.3211316516	0.1092060622	0.06221802281	0.07351368336	0.1066586429
chr11_2107854_G_T	-0.04338564549	0.3450240312	0.3272843436	-0.1287525409	-0.1321198739	0.3259452072	0.0165572368	0.3249567746	0.3259452072	0.3259452072	0.3483060471	-0.122030739	0.008954899904	0.2526664374	0.3497428867	0.04910891132	-0.05757578766	-0.1144770731	-0.1179894786	0.1194753918	-0.1144770731	0.3833450014	0.3833450014	0.1808554154	0.608829896	0.1748786392	-0.1311156036	-0.001427040118	0.5416214019	0.5416214019	0.5416214019	0.623325389	0.2141900049	0.6343398935	0.1864441862	0.1864441862	0.6343398935	0.6343398935	0.6343398935	0.001350270053	0.6333485315	0.2183003771	0.2183003771	0.6279086672	-0.1587021375	0.3095378335	0.3095378335	0.3220050109	0.1919353182	0.5450508649	0.1135609275	0.1919353182	0.8235393919	0.8115478516	0.1919353182	0.8235393919	0.8235393919	0.0458963237	0.3186537948	0.595879755	0.3186537948	0.1919353182	0.8235393919	0.8255497585	0.3874564442	0.8257777778	0.826808006	0.5962360665	0.1919353182	0.8278582839	0.1919353182	0.1573961519	0.5471366782	0.5471366782	0.8255497585	0.8255497585	0.511266234	0.8255497585	0.8255497585	0.4063653869	0.1079237313	0.1573961519	0.5456632147	0.1573961519	0.3161738212	0.3643768632	0.5456632147	0.3643768632	0.1390556539	0.3643768632	0.1573961519	0.3577376452	0.3161738212	0.1573961519	0.3622284954	0.5812049947	0.3643768632	0.5809074651	0.3643768632	0.3161738212	0.5809074651	0.1512482691	0.3622284954	0.1512482691	0.3161738212	0.3622284954	0.3161738212	0.6204864629	0.3198014495	0.3853251397	0.1805103187	-0.09347314682	-0.09347314682	0.3818349689	0.6722910108	0.1193109339	0.2042796765	0.7216206449	0.7169832224	-0.1420028565	0.1703879639	1	0.1703879639	0.1763223352	1	0.3460753202	0.3460753202	0.3452632011	0.1763223352	1	1	1	0.6694606084	0.3452632011	0.3995436488	0.1821323622	0.3995436488	0.3488468008	0.05231921877	0.6665357047	0.1756334994	0.6661208969	0.9508454932	0.9732021267	0.3302007482	0.9732021267	0.9732021267	0.9707947694	0.1724766646	0.1724766646	0.1450280468	0.8225880961	0.169764257	0.7156617597	0.1249611454	0.1621256518	0.1695719829	0.5584516033	0.5584516033	0.5895117747	0.5580709546	0.5939559574	0.1143624132	0.3122864407	0.5721129454	0.3211316516	0.1092060622	0.06221802281	0.07351368336	0.1066586429
chr11_2108072_G_A	-0.04338564549	0.3450240312	0.3272843436	-0.1287525409	-0.1321198739	0.3259452072	0.0165572368	0.3249567746	0.3259452072	0.3259452072	0.3483060471	-0.122030739	0.008954899904	0.2526664374	0.3497428867	0.04910891132	-0.05757578766	-0.1144770731	-0.1179894786	0.1194753918	-0.1144770731	0.3833450014	0.3833450014	0.1808554154	0.608829896	0.1748786392	-0.1311156036	-0.001427040118	0.5416214019	0.5416214019	0.5416214019	0.623325389	0.2141900049	0.6343398935	0.1864441862	0.1864441862	0.6343398935	0.6343398935	0.6343398935	0.001350270053	0.6333485315	0.2183003771	0.2183003771	0.6279086672	-0.1587021375	0.3095378335	0.3095378335	0.3220050109	0.1919353182	0.5450508649	0.1135609275	0.1919353182	0.8235393919	0.8115478516	0.1919353182	0.8235393919	0.8235393919	0.0458963237	0.3186537948	0.595879755	0.3186537948	0.1919353182	0.8235393919	0.8255497585	0.3874564442	0.8257777778	0.826808006	0.5962360665	0.1919353182	0.8278582839	0.1919353182	0.1573961519	0.5471366782	0.5471366782	0.8255497585	0.8255497585	0.511266234	0.8255497585	0.8255497585	0.4063653869	0.1079237313	0.1573961519	0.5456632147	0.1573961519	0.3161738212	0.3643768632	0.5456632147	0.3643768632	0.1390556539	0.3643768632	0.1573961519	0.3577376452	0.3161738212	0.1573961519	0.3622284954	0.5812049947	0.3643768632	0.5809074651	0.3643768632	0.3161738212	0.5809074651	0.1512482691	0.3622284954	0.1512482691	0.3161738212	0.3622284954	0.3161738212	0.6204864629	0.3198014495	0.3853251397	0.1805103187	-0.09347314682	-0.09347314682	0.3818349689	0.6722910108	0.1193109339	0.2042796765	0.7216206449	0.7169832224	-0.1420028565	0.1703879639	1	0.1703879639	0.1763223352	1	0.3460753202	0.3460753202	0.3452632011	0.1763223352	1	1	1	0.6694606084	0.3452632011	0.3995436488	0.1821323622	0.3995436488	0.3488468008	0.05231921877	0.6665357047	0.1756334994	0.6661208969	0.9508454932	0.9732021267	0.3302007482	0.9732021267	0.9732021267	0.9707947694	0.1724766646	0.1724766646	0.1450280468	0.8225880961	0.169764257	0.7156617597	0.1249611454	0.1621256518	0.1695719829	0.5584516033	0.5584516033	0.5895117747	0.5580709546	0.5939559574	0.1143624132	0.3122864407	0.5721129454	0.3211316516	0.1092060622	0.06221802281	0.07351368336	0.1066586429
chr11_2108091_G_GAGTC	-0.06341551339	0.5184052519	0.5122255355	-0.5000851059	-0.4924266516	0.5029207195	0.1148214903	0.5009120056	0.5029207195	0.5029207195	0.4717451623	-0.4849620429	0.1148214903	0.113646846	0.4743758454	-0.1345808645	-0.4491476009	-0.5000657384	-0.497619891	0.2412732967	-0.5000657384	0.6169823816	0.6169823816	-0.1298320989	0.3481729816	-0.1275922782	-0.3907578928	-0.4868787598	0.8178111515	0.8178111515	0.8178111515	0.3538853264	0.03250262063	0.3613008872	-0.1275922782	-0.1275922782	0.3613008872	0.3613008872	0.3613008872	-0.479502591	0.3596642701	0.03223118482	0.03223118482	0.3567524047	-0.3721585503	-0.3417191539	-0.3417191539	-0.3417191539	-0.1140099552	0.8304444785	0.1838587857	-0.1140099552	0.5003098113	0.5024000685	-0.1140099552	0.5003098113	0.5003098113	0.1267741958	-0.3682270533	0.7572273985	-0.3682270533	-0.1140099552	0.5003098113	0.5042949387	-0.3946996728	0.5012231132	0.4986105958	0.7557003174	-0.1140099552	0.5003098113	-0.1140099552	-0.127366629	0.8312945499	0.8312945499	0.4999811064	0.4999811064	0.7679503317	0.4999811064	0.4999811064	-0.2986130345	0.1818186449	-0.127366629	0.8289596986	-0.127366629	-0.3734041379	-0.4036152236	0.8289596986	-0.4036152236	-0.137103124	-0.4036152236	-0.127366629	-0.4014574838	-0.3734041379	-0.127366629	-0.4029418748	0.9236851713	-0.4036152236	0.9283391582	-0.4036152236	-0.3734041379	0.9283391582	-0.1249111932	-0.4029418748	-0.1249111932	-0.3734041379	-0.4029418748	-0.3734041379	0.9537646074	-0.3724784978	-0.4052997393	-0.1254343134	-0.0704383546	-0.0704383546	-0.411563152	0.9909285828	0.1420324259	-0.1181206257	0.9287510098	0.9182640582	-0.08799172622	-0.1326121007	0.6694606084	-0.1326121007	-0.1299306399	0.6694606084	-0.3728402559	-0.3728402559	-0.3767312517	-0.1299306399	0.6694606084	0.6694606084	0.6694606084	1	-0.3767312517	-0.4022758271	-0.114999218	-0.4079118149	-0.3697615672	0.1292461297	0.9841213782	-0.1249111932	0.9748450202	0.6162444296	0.6395646606	-0.3673606815	0.6395646606	0.6395646606	0.6376281186	-0.1038369994	-0.1038369994	-0.05316216326	0.6512452062	-0.02842734134	0.4972723704	-0.02094891756	0.3279288786	-0.05414186124	0.5331455011	0.5331455011	0.5117173724	0.5300120215	0.5104727665	-0.05725586101	0.3559153701	0.4783053839	0.3661349741	0.1267741958	-0.04669121701	-0.05182830587	-0.03065091007
chr11_2108689_C_T	0.02972486561	-0.2012117052	-0.2115807237	0.4474420235	0.4297754084	-0.1957247287	-0.135746573	-0.1957339067	-0.1957247287	-0.1957247287	-0.1169772524	0.4316000161	-0.1458408665	0.1913511768	-0.1183787945	-0.07072443901	0.4835896456	0.4599152799	0.4514027262	-0.1268841297	0.4599152799	-0.2513796227	-0.2513796227	-0.0006678442009	0.294158681	-0.005370098439	0.4174974106	0.7199845853	-0.3218592152	-0.3218592152	-0.3218592152	0.3036583546	-0.05186196496	0.3064687244	-0.005370098439	-0.005370098439	0.3064687244	0.3064687244	0.3064687244	0.7103218187	0.3071350664	-0.04859572372	-0.04859572372	0.3044138544	0.3514896608	0.9153321624	0.9153321624	0.9236090481	-0.009958207674	-0.3319423384	-0.05848707649	-0.009958207674	0.3455520578	0.323935116	-0.009958207674	0.3455520578	0.3455520578	-0.08045190477	0.9514503781	-0.3252389009	0.9514503781	-0.009958207674	0.3455520578	0.3434095024	0.8700060189	0.3470304152	0.3520082022	-0.3229324332	-0.009958207674	0.3512866317	-0.009958207674	-0.07908862737	-0.3305053327	-0.3305053327	0.3491376797	0.3491376797	-0.3070674399	0.3491376797	0.3491376797	0.7938112372	-0.06266640283	-0.07908862737	-0.3296278559	-0.07908862737	0.9555145125	0.8479148934	-0.3296278559	0.8479148934	-0.08293246132	0.8479148934	-0.07908862737	0.834348482	0.9555145125	-0.07908862737	0.8448326903	-0.4010902423	0.8479148934	-0.4066072599	0.8479148934	0.9555145125	-0.4066072599	-0.08293246132	0.8448326903	-0.08293246132	0.9555145125	0.8448326903	0.9555145125	-0.3931268594	0.9595838714	0.8818975064	-0.009958207674	-0.0102493663	-0.0102493663	0.8849342763	-0.3785537295	-0.05587766506	-0.0006678442009	-0.3976060452	-0.3919741888	-0.05406232831	-0.07112152691	0.3452632011	-0.07112152691	-0.07515384829	0.3452632011	0.9960590953	0.9960590953	1	-0.07515384829	0.3452632011	0.3452632011	0.3452632011	-0.3767312517	1	0.8866717674	-0.07908862737	0.8941555857	0.9959830127	-0.07595260205	-0.3724132593	-0.06674325031	-0.3585991729	0.3552986527	0.3510456876	0.9687986634	0.3510456876	0.3510456876	0.3504895097	-0.0538569853	-0.0538569853	-0.0955108519	0.2614676694	-0.06266640283	0.226994564	-0.05836176033	-0.1899289452	0.02492911788	0.03380766802	0.03380766802	0.01915882617	0.03785119793	0.02649878557	-0.02677864847	-0.09848480859	0.03345805105	-0.101244825	-0.0384209417	0.1658688688	-0.008233978572	-0.05419771832
chr11_2108794_C_T	0.02706134107	-0.2289363213	-0.2429022764	0.4649327842	0.4515755492	-0.233492615	-0.1454969759	-0.2322680675	-0.233492615	-0.233492615	-0.1523634719	0.4547266956	-0.1548634874	0.1770345229	-0.1538072585	0.2283858185	0.4840564975	0.4770762051	0.4697195577	-0.1354683443	0.4770762051	-0.2899600136	-0.2899600136	0.3704883214	0.3254002797	0.3605771396	0.3244655128	0.6039203083	-0.3366484624	-0.3366484624	-0.3366484624	0.3360590708	0.2161675395	0.3403720859	0.3748265513	0.3748265513	0.3403720859	0.3403720859	0.3403720859	0.5980875818	0.3411288684	0.2214756879	0.2214756879	0.3380731145	0.2673220812	0.8066498498	0.8066498498	0.8220101214	0.3650613341	-0.3478651718	-0.08466286134	0.3650613341	0.4005965899	0.3884901292	0.3650613341	0.4005965899	0.4005965899	-0.09813954523	0.8507993303	-0.1996219949	0.8507993303	0.3650613341	0.4005965899	0.3981823654	0.9619743313	0.4021718444	0.4066886216	-0.1973217381	0.3650613341	0.4059177105	0.3650613341	0.3528471184	-0.3463592349	-0.3463592349	0.4034975505	0.4034975505	-0.3132358716	0.4034975505	0.4034975505	0.8679132606	-0.0890609436	0.3528471184	-0.34530948	0.3528471184	0.8541460921	0.9513311132	-0.34530948	0.9513311132	0.3422803125	0.9513311132	0.3528471184	0.9405047046	0.8541460921	0.3528471184	0.9478782669	-0.4276221183	0.9513311132	-0.4337024339	0.9513311132	0.8541460921	-0.4337024339	0.3422803125	0.9478782669	0.3422803125	0.8541460921	0.9478782669	0.8541460921	-0.4164922	0.857498452	0.9724388146	0.3650613341	-0.02723197584	-0.02723197584	0.9758262857	-0.3988063829	-0.02671007901	0.3849183325	-0.2606448641	-0.2535508701	-0.06554632525	0.375249311	0.3995436488	0.375249311	0.3792908839	0.3995436488	0.8829358845	0.8829358845	0.8866717674	0.3792908839	0.3995436488	0.3995436488	0.3995436488	-0.4022758271	0.8866717674	1	0.3680853274	0.9930557528	0.8825344719	-0.09331389074	-0.3975690549	0.3723243033	-0.3866091452	0.4048483812	0.4034990379	0.856750287	0.4034990379	0.4034990379	0.4029144034	0.3422273436	0.3422273436	0.2309414461	0.2129717027	0.2309414461	0.2670762456	0.1650937008	-0.2067098696	0.2558356357	0.03583143855	0.03583143855	0.09060516432	0.03925356949	0.09760309715	0.1819624781	-0.05723873441	0.1099444025	-0.05897964316	-0.02013834634	0.1353810246	0.1301564108	0.1553984952
chr11_2108997_G_A	-0.003752187404	-0.08840234533	-0.09824168436	0.1130804423	0.1195687806	-0.1096924528	-0.02635392499	-0.1069189387	-0.1096924528	-0.1096924528	-0.1028566051	0.1228715734	-0.02635392499	-0.007464605498	-0.1031600808	0.642907109	0.09655558512	0.1266242551	0.1278993316	-0.04185501042	0.1266242551	-0.1343289351	-0.1343289351	0.8436797854	0.1228112769	0.8310744872	-0.1266054407	-0.1331479968	-0.0934393407	-0.0934393407	-0.0934393407	0.1269657173	0.6001806755	0.1308228902	0.8623428895	0.8623428895	0.1308228902	0.1308228902	0.1308228902	-0.1257838857	0.1311212203	0.6053484952	0.6053484952	0.1299317917	-0.1338094937	-0.09832649713	-0.09832649713	-0.08147348027	0.880730566	-0.09767649992	-0.06884382581	0.880730566	0.1845074498	0.1904064236	0.880730566	0.1845074498	0.1845074498	-0.0104132943	-0.07527071248	0.2366761138	-0.07527071248	0.880730566	0.1845074498	0.1835383885	0.3641332335	0.1849485631	0.184727094	0.2370297162	0.880730566	0.1845074498	0.880730566	0.9665618162	-0.09725365033	-0.09725365033	0.1835383885	0.1835383885	-0.07150844353	0.1835383885	0.1835383885	0.3104323003	-0.07002188184	0.9665618162	-0.09674102206	0.9665618162	-0.07622758693	0.3707595186	-0.09674102206	0.3707595186	0.9506902183	0.3707595186	0.9665618162	0.3747346872	-0.07622758693	0.9665618162	0.3694184127	-0.133897425	0.3707595186	-0.1361118346	0.3707595186	-0.07622758693	-0.1361118346	0.9506902183	0.3694184127	0.9506902183	-0.07622758693	0.3694184127	-0.07622758693	-0.125391774	-0.0771828272	0.3476460234	0.8498421455	-0.04014202558	-0.04014202558	0.3489351154	-0.1037287668	0.05374424394	0.8753444883	0.2374888419	0.2416871873	-0.03484209522	0.9661340656	0.1821323622	0.9661340656	0.9831758873	0.1821323622	-0.07940340887	-0.07940340887	-0.07908862737	0.9831758873	0.1821323622	0.1821323622	0.1821323622	-0.114999218	-0.07908862737	0.3680853274	1	0.3680853274	-0.08003929648	-0.007813389189	-0.113442124	0.9506902183	-0.1176154604	0.1730134609	0.178888327	-0.08159294374	0.178888327	0.178888327	0.1787430435	0.8586730622	0.8586730622	0.7324945295	-0.06714942187	0.6656181619	0.1323795479	0.5153155889	-0.07206049315	0.5555982442	0.0104820394	0.0104820394	0.182802016	0.009735520976	0.1831904881	0.5204830721	0.08728141277	0.1965719286	0.08909138887	0.03237746969	-0.04197090392	0.3580833949	0.4837012565
chr11_2109282_GC_G	0.02706134107	-0.2232394172	-0.2372040652	0.4649327842	0.4515755492	-0.2276767079	-0.1361304644	-0.2264667045	-0.2276767079	-0.2276767079	-0.1523634719	0.4547266956	-0.1454969759	0.17111481	-0.1538072585	0.2283858185	0.490364557	0.4826571783	0.4753212762	-0.1473956076	0.4826571783	-0.2955023834	-0.2955023834	0.3849183325	0.3254002797	0.3748265513	0.3244655128	0.6039203083	-0.3421323592	-0.3421323592	-0.3421323592	0.3360590708	0.2269275076	0.3403720859	0.3890759631	0.3890759631	0.3403720859	0.3403720859	0.3403720859	0.5980875818	0.3411288684	0.2323004367	0.2323004367	0.3380731145	0.2673220812	0.8066498498	0.8066498498	0.8220101214	0.3791375833	-0.3533659501	-0.08466286134	0.3791375833	0.4005965899	0.3831320225	0.3791375833	0.4005965899	0.4005965899	-0.09813954523	0.8507993303	-0.1996219949	0.8507993303	0.3791375833	0.4005965899	0.3981823654	0.9689003085	0.4021718444	0.4066886216	-0.1973217381	0.3791375833	0.4059177105	0.3791375833	0.3528471184	-0.3518361999	-0.3518361999	0.4034975505	0.4034975505	-0.3187288729	0.4034975505	0.4034975505	0.8744419357	-0.0890609436	0.3528471184	-0.3508019933	0.3528471184	0.8541460921	0.9513311132	-0.3508019933	0.9513311132	0.3422803125	0.9513311132	0.3528471184	0.9405047046	0.8541460921	0.3528471184	0.9478782669	-0.4332024774	0.9513311132	-0.4393079868	0.9513311132	0.8541460921	-0.4393079868	0.3422803125	0.9478782669	0.3422803125	0.8541460921	0.9478782669	0.8541460921	-0.422050734	0.857498452	0.979358929	0.3791375833	-0.02723197584	-0.02723197584	0.982752263	-0.4044141676	-0.02671007901	0.3993483435	-0.2661645618	-0.2590941426	-0.06554632525	0.375249311	0.3995436488	0.375249311	0.3792908839	0.3995436488	0.8903487622	0.8903487622	0.8941555857	0.3792908839	0.3995436488	0.3995436488	0.3995436488	-0.4079118149	0.8941555857	0.9930557528	0.3680853274	1	0.8900067142	-0.09331389074	-0.4031681353	0.3723243033	-0.3922541697	0.4048483812	0.4034990379	0.864073067	0.4034990379	0.4034990379	0.4029144034	0.3422273436	0.3422273436	0.2461796552	0.2075342693	0.2461796552	0.2670762456	0.1815929486	-0.2067098696	0.2770180986	0.03051058418	0.03051058418	0.09585468154	0.03392310699	0.1028421657	0.2132382784	-0.05723873441	0.1151992957	-0.05897964316	-0.02013834634	0.1353810246	0.1566536984	0.1711021249
chr11_2109320_TG_T	0.02839893543	-0.198806976	-0.2093099408	0.4486669953	0.430942886	-0.1933871376	-0.1375152379	-0.1933630927	-0.1933871376	-0.1933871376	-0.1132455932	0.4328152829	-0.1475939176	0.1943247713	-0.1146796956	-0.07172349711	0.4853818092	0.4611442542	0.4526644067	-0.1281313785	0.4611442542	-0.2498809676	-0.2498809676	-0.001809916074	0.2974877822	-0.006521945846	0.4144066548	0.7226126301	-0.3203959908	-0.3203959908	-0.3203959908	0.3070257062	-0.05343914001	0.3098882151	-0.006521945846	-0.006521945846	0.3098882151	0.3098882151	0.3098882151	0.7132042803	0.3105508043	-0.05016410973	-0.05016410973	0.3078216412	0.348629332	0.9198989223	0.9198989223	0.9281630054	-0.01111983421	-0.3305210674	-0.05945155959	-0.01111983421	0.349455274	0.3279733572	-0.01111983421	0.349455274	0.349455274	-0.08114275187	0.955663506	-0.3243160881	0.955663506	-0.01111983421	0.349455274	0.3472993867	0.8733086404	0.3509286941	0.3559000655	-0.3220022686	-0.01111983421	0.3551809778	-0.01111983421	-0.08003929648	-0.3290902146	-0.3290902146	0.3530187037	0.3530187037	-0.3052870503	0.3530187037	0.3530187037	0.7964622515	-0.0636424737	-0.08003929648	-0.3281994429	-0.08003929648	0.9596955228	0.851349052	-0.3281994429	0.851349052	-0.08389501564	0.851349052	-0.08003929648	0.8378570486	0.9596955228	-0.08003929648	0.8482519314	-0.4004575599	0.851349052	-0.4059906582	0.851349052	0.9596955228	-0.4059906582	-0.08389501564	0.8482519314	-0.08389501564	0.9596955228	0.8482519314	0.9596955228	-0.3923842284	0.9637329487	0.8851625719	-0.01111983421	-0.01084864185	-0.01084864185	0.8807612236	-0.3716378666	-0.05648738128	-0.001809916074	-0.3911245281	-0.3913922823	-0.05451261917	-0.07204818123	0.3488468008	-0.07204818123	-0.07609255137	0.3488468008	0.9920553074	0.9920553074	0.9959830127	-0.07609255137	0.3488468008	0.3488468008	0.3488468008	-0.3697615672	0.9959830127	0.8825344719	-0.08003929648	0.8900067142	1	-0.07662782082	-0.3654797583	-0.06773084596	-0.3516845593	0.3587070241	0.3545470018	0.9648186377	0.3545470018	0.3545470018	0.3539942114	-0.05473458403	-0.05473458403	-0.09643611926	0.2658851081	-0.0636424737	0.230817857	-0.05925175487	-0.1921793384	0.02414477324	0.03409491879	0.03409491879	0.01910608858	0.03812107777	0.02644626902	-0.02770073118	-0.09227464365	0.03359131081	-0.0950253182	-0.03917680194	0.1649691497	-0.009416529331	-0.05515055024
chr11_2109585_G_A	-0.06170715958	-0.1289307193	-0.119792032	-0.1128645754	-0.118265838	-0.1197983733	-0.06839674815	-0.1176524545	-0.1197983733	-0.1197983733	-0.08514173588	-0.1160537653	-0.06839674815	-0.01297866024	-0.08531222846	-0.05343915216	-0.1138751758	-0.1155511764	-0.1153864297	0.4803989603	-0.1155511764	0.1014246183	0.1014246183	-0.0551096875	0.0683125857	-0.05593162582	-0.03132674228	-0.05821569776	0.1413690469	0.1413690469	0.1413690469	0.07150806293	-0.07990386879	0.07438850609	-0.05593162582	-0.05593162582	0.07438850609	0.07438850609	0.07438850609	-0.05189605135	0.07469485773	-0.07923657578	-0.07923657578	0.0575664861	-0.04324714322	-0.06572366836	-0.06572366836	-0.06572366836	-0.01617736692	0.1388864521	-0.05085971321	-0.01617736692	0.07592488914	0.07986315542	-0.01617736692	0.07592488914	0.07592488914	0.9722947203	-0.07324468863	0.1271288969	-0.07324468863	-0.01617736692	0.07592488914	0.07527633113	-0.07531191802	0.07660362064	0.07626460581	0.1274719791	-0.01617736692	0.07592488914	-0.01617736692	-0.007813389189	0.1382852013	0.1382852013	0.07527633113	0.07527633113	0.1579202328	0.07527633113	0.07527633113	-0.095232797	-0.05173002498	-0.007813389189	0.1392604517	-0.007813389189	-0.07392279352	-0.07195908369	0.1392604517	-0.07195908369	-0.009296151689	-0.07195908369	-0.007813389189	-0.07179120962	-0.07392279352	-0.007813389189	-0.0726298685	0.1131704641	-0.07195908369	0.1124920557	-0.07195908369	-0.07392279352	0.1124920557	-0.009296151689	-0.0726298685	-0.009296151689	-0.07392279352	-0.0726298685	-0.07392279352	0.1026049464	-0.07460012357	-0.0959261178	-0.05674522552	0.04358489379	0.04358489379	-0.09527263776	0.1274095532	-0.03356162743	-0.0551096875	0.1078412964	0.1106541486	-0.02574027445	-0.04997813935	0.05231921877	-0.04997813935	-0.05085971321	0.05231921877	-0.07601903634	-0.07601903634	-0.07595260205	-0.05085971321	0.05231921877	0.05231921877	0.05231921877	0.1292461297	-0.07595260205	-0.09331389074	-0.007813389189	-0.09331389074	-0.07662782082	1	0.128993744	-0.05258965813	0.1276567876	0.04682024268	0.05138733942	-0.07742562224	0.05138733942	0.05138733942	0.05098536866	-0.04632569862	-0.04632569862	-0.05173002498	0.09142858598	-0.05173002498	0.05077416301	-0.04725923565	0.1653079139	-0.03595466279	0.1237128062	0.1237128062	0.104790241	0.1233707122	0.1051374587	-0.04645101946	-0.0001378900585	0.09978740108	0.001509508324	0.01689448273	0.1093851717	-0.05762541473	-0.04997813935
chr11_2109650_G_GC	-0.06204114551	0.5088484124	0.5028204964	-0.4982467835	-0.4905749232	0.4934132778	0.130656464	0.491404561	0.4934132778	0.4934132778	0.4506286875	-0.4831971206	0.130656464	0.1056796704	0.453358317	-0.1328689753	-0.4481097469	-0.498244999	-0.4958298092	0.2407749624	-0.498244999	0.6076416909	0.6076416909	-0.1281253427	0.3384964287	-0.1258874144	-0.3863669456	-0.4813592349	0.8028890996	0.8028890996	0.8028890996	0.3441573925	0.03353169108	0.3514883498	-0.1258874144	-0.1258874144	0.3514883498	0.3514883498	0.3514883498	-0.4740983561	0.3498819787	0.03325166129	0.03325166129	0.3469837477	-0.3679855588	-0.3377718356	-0.3377718356	-0.3377718356	-0.11238139	0.8154555973	0.1834452755	-0.11238139	0.4894178989	0.4913885248	-0.11238139	0.4894178989	0.4894178989	0.126554923	-0.3640025292	0.7434098268	-0.3640025292	-0.11238139	0.4894178989	0.4933941884	-0.3900137059	0.4903522768	0.4877434429	0.7418992194	-0.11238139	0.4894178989	-0.11238139	-0.1257285467	0.8163414477	0.8163414477	0.4891086053	0.4891086053	0.753085311	0.4891086053	0.4891086053	-0.2943000605	0.1814320215	-0.1257285467	0.8139858343	-0.1257285467	-0.369136274	-0.3989188154	0.8139858343	-0.3989188154	-0.1353879212	-0.3989188154	-0.1257285467	-0.3967703305	-0.369136274	-0.1257285467	-0.3982403153	0.9176272	-0.3989188154	0.9222691542	-0.3989188154	-0.369136274	0.9222691542	-0.1232758294	-0.3982403153	-0.1232758294	-0.369136274	-0.3982403153	-0.369136274	0.9474180441	-0.3682072535	-0.4005347261	-0.1237309356	-0.06951616076	-0.06951616076	-0.4067667543	0.9842175536	0.141623959	-0.1164905623	0.922723673	0.9122690685	-0.08701543972	-0.1309668972	0.6665357047	-0.1309668972	-0.128289294	0.6665357047	-0.3685530666	-0.3685530666	-0.3724132593	-0.128289294	0.6665357047	0.6665357047	0.6665357047	0.9841213782	-0.3724132593	-0.3975690549	-0.113442124	-0.4031681353	-0.3654797583	0.128993744	1	-0.1232758294	0.9910047961	0.6360997538	0.6591273146	-0.3630955849	0.6591273146	0.6591273146	0.6572992559	-0.1024369987	-0.1024369987	-0.05201001033	0.6652881542	-0.02743716487	0.5095983528	-0.02007720141	0.3334423067	-0.053228483	0.5422702238	0.5422702238	0.5210815999	0.5391888344	0.5198111973	-0.05615894993	0.361621543	0.48774547	0.371710043	0.126554923	-0.04590353183	-0.050593258	-0.02967340139
chr11_2110046_T_C	-0.006272129118	-0.05829188895	-0.0682874888	0.1034770268	0.1096270281	-0.07888296135	-0.009695881968	-0.07614496309	-0.07888296135	-0.07888296135	-0.08051633186	0.1129715453	-0.009695881968	-0.0007856253583	-0.08096594126	0.6636062746	0.08664649173	0.1166555348	0.1179069236	-0.06996453037	0.1166555348	-0.1182023807	-0.1182023807	0.8294108184	0.128676178	0.8477748387	-0.1297243581	-0.1375132138	-0.09017277341	-0.09017277341	-0.09017277341	0.1328781094	0.6116090546	0.1246429179	0.8477748387	0.8477748387	0.1246429179	0.1246429179	0.1246429179	-0.1300738693	0.1249784642	0.593455102	0.593455102	0.1358857375	-0.1194446562	-0.08490411709	-0.08490411709	-0.06829022623	0.8354175397	-0.09446550872	-0.06998785067	0.8354175397	0.1793001478	0.1852396421	0.8354175397	0.1793001478	0.1793001478	-0.05408818646	-0.06277408718	0.2226997909	-0.06277408718	0.8354175397	0.1793001478	0.1783242115	0.3533290016	0.1797969368	0.1795477551	0.2230899881	0.8354175397	0.1793001478	0.8354175397	0.917726486	-0.09405655977	-0.09405655977	0.1898221729	0.1898221729	-0.06786943441	0.1898221729	0.1898221729	0.3138255886	-0.07118548327	0.917726486	-0.09352174881	0.917726486	-0.06376931499	0.3599898936	-0.09352174881	0.3599898936	0.9025119617	0.3599898936	0.917726486	0.363895579	-0.06376931499	0.917726486	0.3586421654	-0.1319728797	0.3599898936	-0.1342053533	0.3599898936	-0.06376931499	-0.1342053533	0.9350079745	0.3736778323	0.9025119617	-0.06376931499	0.3736778323	-0.06376931499	-0.1233421138	-0.06476254436	0.3520196769	0.865867687	-0.04080909304	-0.04080909304	0.3533290016	-0.1137925069	0.05158215566	0.8606262337	0.2220322569	0.2262174977	-0.03542109011	0.9503415904	0.1756334994	0.9503415904	0.9671048456	0.1756334994	-0.06719274521	-0.06719274521	-0.06674325031	0.9671048456	0.1756334994	0.1756334994	0.1756334994	-0.1249111932	-0.06674325031	0.3723243033	0.9506902183	0.3723243033	-0.06773084596	-0.05258965813	-0.1232758294	1	-0.1275837403	0.1785155328	0.1844806656	-0.08542396198	0.1844806656	0.1844806656	0.184342524	0.8808898987	0.8808898987	0.7529078244	-0.09179011465	0.7199440921	0.1263436647	0.5774164115	-0.07615277142	0.5920381169	-0.0004943041542	-0.0004943041542	0.1915177152	-0.001273363055	0.1919013414	0.5788176921	0.0813509852	0.1941547304	0.08322647535	0.03027903261	-0.04266836309	0.4079193027	0.5426950661
chr11_2110067_G_A	-0.06641807516	0.5008259115	0.4942910476	-0.483179653	-0.4756157558	0.4846999326	0.1257494177	0.482822377	0.4846999326	0.4846999326	0.444399228	-0.4680096364	0.1257494177	0.1116148786	0.4471674999	-0.1373088511	-0.4338549946	-0.4828594763	-0.4803148322	0.2383885852	-0.4828594763	0.5979598152	0.5979598152	-0.132631004	0.3435121272	-0.1304262315	-0.3603083154	-0.4636480612	0.7945629897	0.7945629897	0.7945629897	0.3494313527	0.02879842012	0.3570058287	-0.1304262315	-0.1304262315	0.3570058287	0.3570058287	0.3570058287	-0.4553772043	0.3554133153	0.02855791882	0.02855791882	0.3524252251	-0.3393971844	-0.3224649141	-0.3224649141	-0.3224649141	-0.1168603781	0.8070038036	0.1817626502	-0.1168603781	0.4895417677	0.4917152841	-0.1168603781	0.4895417677	0.4895417677	0.1251296972	-0.3498106525	0.7335494865	-0.3498106525	-0.1168603781	0.4895417677	0.4935196833	-0.3791673813	0.4905769089	0.4879002886	0.7320890321	-0.1168603781	0.4895417677	-0.1168603781	-0.1300027015	0.807962479	0.807962479	0.4891989341	0.4891989341	0.7453484931	0.4891989341	0.4891989341	-0.2849935587	0.1796783245	-0.1300027015	0.8055812558	-0.1300027015	-0.3550645816	-0.3878513338	0.8055812558	-0.3878513338	-0.1397952198	-0.3878513338	-0.1300027015	-0.3855237804	-0.3550645816	-0.1300027015	-0.387226752	0.9115851187	-0.3878513338	0.9161293413	-0.3878513338	-0.3550645816	0.9161293413	-0.1275837403	-0.387226752	-0.1275837403	-0.3550645816	-0.387226752	-0.3550645816	0.9375245447	-0.3542054139	-0.3898326395	-0.1283030543	-0.07194542387	-0.07194542387	-0.3960578996	0.9749542361	0.140682416	-0.1209007524	0.9121270216	0.9016564738	-0.08934287491	-0.1351742269	0.6661208969	-0.1351742269	-0.1325299098	0.6661208969	-0.3549165109	-0.3549165109	-0.3585991729	-0.1325299098	0.6661208969	0.6661208969	0.6661208969	0.9748450202	-0.3585991729	-0.3866091452	-0.1176154604	-0.3922541697	-0.3516845593	0.1276567876	0.9910047961	-0.1275837403	1	0.6352284491	0.6587565215	-0.349762825	0.6587565215	0.6587565215	0.6568554342	-0.1061812844	-0.1061812844	-0.05567925522	0.6676378338	-0.03090477314	0.5122465355	-0.02320418459	0.3284902777	-0.05591891742	0.5477459696	0.5477459696	0.5252876089	0.544605703	0.5240417582	-0.05953134852	0.3575361779	0.4923068298	0.3678445401	0.1251296972	-0.04822372649	-0.05462040395	-0.03304955027
chr11_2111124_C_G	-0.03096479652	0.3158391947	0.297466718	-0.1329416534	-0.136874419	0.2959378673	0.02701159114	0.2952547068	0.2959378673	0.2959378673	0.308302135	-0.1266557868	0.01952368407	0.2162396278	0.3098386812	0.05362572694	-0.06178297576	-0.1190677569	-0.1224775	0.1186325126	-0.1190677569	0.3531559137	0.3531559137	0.171339078	0.5678898223	0.1767423957	-0.1376721629	0.005559772298	0.4953665915	0.4953665915	0.4953665915	0.5827875693	0.209717088	0.589556228	0.1767423957	0.1767423957	0.589556228	0.589556228	0.589556228	0.004181349861	0.5887890309	0.2052459738	0.2052459738	0.5876589098	-0.1700825025	0.3158775281	0.3158775281	0.3281570504	0.1820505721	0.4982674264	0.1055814536	0.1820505721	0.7822188624	0.7706272294	0.1820505721	0.7822188624	0.7822188624	0.04035977245	0.3295817121	0.5470469501	0.3295817121	0.1820505721	0.7822188624	0.7841617176	0.3926415858	0.7847309503	0.7855926677	0.5475354533	0.1820505721	0.7864727468	0.1820505721	0.1486495783	0.5004888575	0.5004888575	0.7884108569	0.7884108569	0.4630253301	0.7884108569	0.7884108569	0.418083891	0.09992181304	0.1486495783	0.4990003604	0.1486495783	0.3270150393	0.3704136923	0.4990003604	0.3704136923	0.1304791616	0.3704136923	0.1486495783	0.3696645492	0.3270150393	0.1486495783	0.3737526174	0.5279184385	0.3704136923	0.5272776822	0.3704136923	0.3270150393	0.5272776822	0.1544973472	0.3737526174	0.1424882544	0.3270150393	0.3737526174	0.3270150393	0.5675098192	0.3304647397	0.3904425296	0.1820505721	-0.09572225402	-0.09572225402	0.3871047246	0.6191014183	0.1133774797	0.1944107589	0.6661993849	0.6661629242	-0.1430387905	0.1616618171	0.9508454932	0.1616618171	0.1673981811	0.9508454932	0.3558572071	0.3558572071	0.3552986527	0.1673981811	0.9508454932	0.9508454932	0.9508454932	0.6162444296	0.3552986527	0.4048483812	0.1730134609	0.4048483812	0.3587070241	0.04682024268	0.6360997538	0.1785155328	0.6352284491	1	0.9781655599	0.3631683728	0.9781655599	0.9781655599	0.9846767962	0.1641693644	0.1641693644	0.1486495783	0.8214781942	0.1730134609	0.7018736733	0.1304440142	0.1445638947	0.1625869813	0.5520639316	0.5520639316	0.5846978145	0.5516229412	0.589135544	0.1194158625	0.3061834633	0.5646011749	0.3151052855	0.1183057785	0.05745889256	0.07589431378	0.1114457596
chr11_2111243_A_G	-0.0232918833	0.3252540484	0.3078272036	-0.1220912187	-0.1253706581	0.3062304396	0.02372925749	0.3052943958	0.3062304396	0.3062304396	0.3218445354	-0.1154563751	0.01626232898	0.238727769	0.323374628	0.06004519342	-0.05152153295	-0.1079889549	-0.1114222616	0.117347366	-0.1079889549	0.3632620493	0.3632620493	0.1776341244	0.588966603	0.1831233514	-0.1287802491	0.003675365702	0.5144874354	0.5144874354	0.5144874354	0.6032547281	0.2189527617	0.6096075097	0.1831233514	0.1831233514	0.6096075097	0.6096075097	0.6096075097	0.006514391813	0.6086856799	0.2144121383	0.2144121383	0.6077746162	-0.1558754278	0.3162696458	0.3162696458	0.3285147651	0.1885166785	0.5178019834	0.1115382466	0.1885166785	0.8003870568	0.7885501325	0.1885166785	0.8003870568	0.8003870568	0.04507884521	0.3249869313	0.5683704053	0.3249869313	0.1885166785	0.8003870568	0.8023710793	0.391597994	0.8026351496	0.8036223841	0.568749351	0.1885166785	0.8046290231	0.1885166785	0.1545927036	0.5199265807	0.5199265807	0.806608314	0.806608314	0.4846439038	0.806608314	0.806608314	0.4147413098	0.1060014569	0.1545927036	0.5184297818	0.1545927036	0.3225315168	0.3689789611	0.5184297818	0.3689789611	0.1365788759	0.3689789611	0.1545927036	0.3625467965	0.3225315168	0.1545927036	0.3668585967	0.5530583916	0.3689789611	0.5526858239	0.3689789611	0.3225315168	0.5526858239	0.1605297707	0.3723995484	0.1485543233	0.3225315168	0.3723995484	0.3225315168	0.5917097966	0.3260752135	0.3894953034	0.1885166785	-0.09180825776	-0.09180825776	0.3860766452	0.6424345827	0.1171858372	0.2006411663	0.6911664761	0.6909555425	-0.1394735846	0.1673531131	0.9732021267	0.1673531131	0.1731817848	0.9732021267	0.3517302349	0.3517302349	0.3510456876	0.1731817848	0.9732021267	0.9732021267	0.9732021267	0.6395646606	0.3510456876	0.4034990379	0.178888327	0.4034990379	0.3545470018	0.05138733942	0.6591273146	0.1844806656	0.6587565215	0.9781655599	1	0.3593454714	1	1	0.9977965098	0.169404611	0.169404611	0.1545927036	0.83827947	0.178888327	0.7167892493	0.135888515	0.1535484011	0.1665516659	0.5697135606	0.5697135606	0.6041210432	0.5693779896	0.608436091	0.1247918998	0.3129413014	0.5828686557	0.3215991173	0.1228064732	0.06110983175	0.08276604244	0.1172777438
chr11_2111386_G_C	0.04962522126	-0.206697837	-0.2174358083	0.4337728487	0.4160800357	-0.2019353115	-0.1307047062	-0.2017681035	-0.2019353115	-0.2019353115	-0.1273377325	0.418050947	-0.1405817888	0.1688383579	-0.128688044	-0.07354770647	0.4698373095	0.4399693755	0.4316509614	-0.1298123664	0.4399693755	-0.2533088629	-0.2533088629	-0.005134433869	0.2788018615	-0.009802335782	0.3910126019	0.6922963937	-0.3111491248	-0.3111491248	-0.3111491248	0.288439101	-0.05724296091	0.2914432931	-0.009802335782	-0.009802335782	0.2914432931	0.2914432931	0.2914432931	0.6831919892	0.2921761176	-0.05399274578	-0.05399274578	0.2893896972	0.326497775	0.8866924292	0.8866924292	0.8947912113	-0.01435787087	-0.3212408725	-0.06136393607	-0.01435787087	0.3330674912	0.3121579223	-0.01435787087	0.3330674912	0.3330674912	-0.08191665215	0.9214913759	-0.3165949864	0.9214913759	-0.01435787087	0.3330674912	0.3309308235	0.8402924525	0.3346348022	0.3394453127	-0.3142953457	-0.01435787087	0.3386786675	-0.01435787087	-0.08159294374	-0.3198501944	-0.3198501944	0.3365357408	0.3365357408	-0.2953426684	0.3365357408	0.3365357408	0.7643967871	-0.06552409578	-0.08159294374	-0.3189341629	-0.08159294374	0.925418686	0.8189274947	-0.3189341629	0.8189274947	-0.08542396198	0.8189274947	-0.08159294374	0.8056275038	0.925418686	-0.08159294374	0.8158615985	-0.3924113702	0.8189274947	-0.3979061596	0.8189274947	0.925418686	-0.3979061596	-0.08542396198	0.8158615985	-0.08542396198	0.925418686	0.8158615985	0.925418686	-0.3841400624	0.9293510847	0.8518776701	-0.01435787087	-0.01244011909	-0.01244011909	0.8548994808	-0.3692470118	-0.05740416968	-0.005134433869	-0.3893359547	-0.383635244	-0.05499194265	-0.07365483532	0.3302007482	-0.07365483532	-0.07767206908	0.3302007482	0.9649704059	0.9649704059	0.9687986634	-0.07767206908	0.3302007482	0.3302007482	0.3302007482	-0.3673606815	0.9687986634	0.856750287	-0.08159294374	0.864073067	0.9648186377	-0.07742562224	-0.3630955849	-0.08542396198	-0.349762825	0.3631683728	0.3593454714	1	0.3593454714	0.3593454714	0.3588111678	-0.07417571726	-0.07417571726	-0.09766179171	0.2747430615	-0.08159294374	0.2140032973	-0.07834718852	-0.2033411792	-0.0008679046415	0.04563298933	0.04563298933	0.02419166961	0.04956619723	0.03140803981	-0.04646967219	-0.09729056877	0.03900468002	-0.09985285784	-0.02022685302	0.1597785107	-0.02671314311	-0.07365483532
chr11_2111406_A_C	-0.0232918833	0.3252540484	0.3078272036	-0.1220912187	-0.1253706581	0.3062304396	0.02372925749	0.3052943958	0.3062304396	0.3062304396	0.3218445354	-0.1154563751	0.01626232898	0.238727769	0.323374628	0.06004519342	-0.05152153295	-0.1079889549	-0.1114222616	0.117347366	-0.1079889549	0.3632620493	0.3632620493	0.1776341244	0.588966603	0.1831233514	-0.1287802491	0.003675365702	0.5144874354	0.5144874354	0.5144874354	0.6032547281	0.2189527617	0.6096075097	0.1831233514	0.1831233514	0.6096075097	0.6096075097	0.6096075097	0.006514391813	0.6086856799	0.2144121383	0.2144121383	0.6077746162	-0.1558754278	0.3162696458	0.3162696458	0.3285147651	0.1885166785	0.5178019834	0.1115382466	0.1885166785	0.8003870568	0.7885501325	0.1885166785	0.8003870568	0.8003870568	0.04507884521	0.3249869313	0.5683704053	0.3249869313	0.1885166785	0.8003870568	0.8023710793	0.391597994	0.8026351496	0.8036223841	0.568749351	0.1885166785	0.8046290231	0.1885166785	0.1545927036	0.5199265807	0.5199265807	0.806608314	0.806608314	0.4846439038	0.806608314	0.806608314	0.4147413098	0.1060014569	0.1545927036	0.5184297818	0.1545927036	0.3225315168	0.3689789611	0.5184297818	0.3689789611	0.1365788759	0.3689789611	0.1545927036	0.3625467965	0.3225315168	0.1545927036	0.3668585967	0.5530583916	0.3689789611	0.5526858239	0.3689789611	0.3225315168	0.5526858239	0.1605297707	0.3723995484	0.1485543233	0.3225315168	0.3723995484	0.3225315168	0.5917097966	0.3260752135	0.3894953034	0.1885166785	-0.09180825776	-0.09180825776	0.3860766452	0.6424345827	0.1171858372	0.2006411663	0.6911664761	0.6909555425	-0.1394735846	0.1673531131	0.9732021267	0.1673531131	0.1731817848	0.9732021267	0.3517302349	0.3517302349	0.3510456876	0.1731817848	0.9732021267	0.9732021267	0.9732021267	0.6395646606	0.3510456876	0.4034990379	0.178888327	0.4034990379	0.3545470018	0.05138733942	0.6591273146	0.1844806656	0.6587565215	0.9781655599	1	0.3593454714	1	1	0.9977965098	0.169404611	0.169404611	0.1545927036	0.83827947	0.178888327	0.7167892493	0.135888515	0.1535484011	0.1665516659	0.5697135606	0.5697135606	0.6041210432	0.5693779896	0.608436091	0.1247918998	0.3129413014	0.5828686557	0.3215991173	0.1228064732	0.06110983175	0.08276604244	0.1172777438
chr11_2111509_A_G	-0.0232918833	0.3252540484	0.3078272036	-0.1220912187	-0.1253706581	0.3062304396	0.02372925749	0.3052943958	0.3062304396	0.3062304396	0.3218445354	-0.1154563751	0.01626232898	0.238727769	0.323374628	0.06004519342	-0.05152153295	-0.1079889549	-0.1114222616	0.117347366	-0.1079889549	0.3632620493	0.3632620493	0.1776341244	0.588966603	0.1831233514	-0.1287802491	0.003675365702	0.5144874354	0.5144874354	0.5144874354	0.6032547281	0.2189527617	0.6096075097	0.1831233514	0.1831233514	0.6096075097	0.6096075097	0.6096075097	0.006514391813	0.6086856799	0.2144121383	0.2144121383	0.6077746162	-0.1558754278	0.3162696458	0.3162696458	0.3285147651	0.1885166785	0.5178019834	0.1115382466	0.1885166785	0.8003870568	0.7885501325	0.1885166785	0.8003870568	0.8003870568	0.04507884521	0.3249869313	0.5683704053	0.3249869313	0.1885166785	0.8003870568	0.8023710793	0.391597994	0.8026351496	0.8036223841	0.568749351	0.1885166785	0.8046290231	0.1885166785	0.1545927036	0.5199265807	0.5199265807	0.806608314	0.806608314	0.4846439038	0.806608314	0.806608314	0.4147413098	0.1060014569	0.1545927036	0.5184297818	0.1545927036	0.3225315168	0.3689789611	0.5184297818	0.3689789611	0.1365788759	0.3689789611	0.1545927036	0.3625467965	0.3225315168	0.1545927036	0.3668585967	0.5530583916	0.3689789611	0.5526858239	0.3689789611	0.3225315168	0.5526858239	0.1605297707	0.3723995484	0.1485543233	0.3225315168	0.3723995484	0.3225315168	0.5917097966	0.3260752135	0.3894953034	0.1885166785	-0.09180825776	-0.09180825776	0.3860766452	0.6424345827	0.1171858372	0.2006411663	0.6911664761	0.6909555425	-0.1394735846	0.1673531131	0.9732021267	0.1673531131	0.1731817848	0.9732021267	0.3517302349	0.3517302349	0.3510456876	0.1731817848	0.9732021267	0.9732021267	0.9732021267	0.6395646606	0.3510456876	0.4034990379	0.178888327	0.4034990379	0.3545470018	0.05138733942	0.6591273146	0.1844806656	0.6587565215	0.9781655599	1	0.3593454714	1	1	0.9977965098	0.169404611	0.169404611	0.1545927036	0.83827947	0.178888327	0.7167892493	0.135888515	0.1535484011	0.1665516659	0.5697135606	0.5697135606	0.6041210432	0.5693779896	0.608436091	0.1247918998	0.3129413014	0.5828686557	0.3215991173	0.1228064732	0.06110983175	0.08276604244	0.1172777438
chr11_2111531_A_G	-0.02432857881	0.3234390879	0.3058361021	-0.1254951161	-0.1288776068	0.3042072575	0.02234457174	0.3033041288	0.3042072575	0.3042072575	0.3205758887	-0.1188943922	0.01485040467	0.2325570165	0.32211556	0.05944002267	-0.05486778137	-0.1114054445	-0.1148533452	0.1167020895	-0.1114054445	0.3609779546	0.3609779546	0.1774321402	0.5848767497	0.1829287142	-0.1310680263	0.001375474692	0.5126943723	0.5126943723	0.5126943723	0.5993073667	0.2185190948	0.6057377942	0.1829287142	0.1829287142	0.6057377942	0.6057377942	0.6057377942	0.004291330148	0.604845287	0.2139721996	0.2139721996	0.6038929892	-0.1581666257	0.3157269201	0.3157269201	0.3280167083	0.1883291672	0.5159647123	0.1111607005	0.1883291672	0.7980916351	0.7862278831	0.1883291672	0.7980916351	0.7980916351	0.04463706619	0.3243731824	0.5665164802	0.3243731824	0.1883291672	0.7980916351	0.8000800157	0.3909413597	0.8003957145	0.8013627712	0.5669121991	0.1883291672	0.8023490757	0.1883291672	0.1543587924	0.5181131907	0.5181131907	0.8043327073	0.8043327073	0.4829875362	0.8043327073	0.8043327073	0.4139148341	0.1055902901	0.1543587924	0.5166093863	0.1543587924	0.3218994457	0.3682873894	0.5166093863	0.3682873894	0.1362659937	0.3682873894	0.1543587924	0.3618269233	0.3218994457	0.1543587924	0.3661498027	0.5506201615	0.3682873894	0.5502077746	0.3682873894	0.3218994457	0.5502077746	0.1603042589	0.3717109673	0.1482851263	0.3218994457	0.3717109673	0.3218994457	0.589520938	0.3254466999	0.3888214411	0.1883291672	-0.09260055371	-0.09260055371	0.3853998696	0.6405115245	0.1170956868	0.2005231093	0.6892172661	0.6890227489	-0.1403793696	0.1671927704	0.9707947694	0.1671927704	0.1730291076	0.9707947694	0.3511818362	0.3511818362	0.3504895097	0.1730291076	0.9707947694	0.9707947694	0.9707947694	0.6376281186	0.3504895097	0.4029144034	0.1787430435	0.4029144034	0.3539942114	0.05098536866	0.6572992559	0.184342524	0.6568554342	0.9846767962	0.9977965098	0.3588111678	0.9977965098	0.9977965098	1	0.1693080847	0.1693080847	0.1543587924	0.836221801	0.1787430435	0.7132245996	0.1356553273	0.1522167671	0.1666046881	0.5677870601	0.5677870601	0.6021074823	0.5674343116	0.6064552373	0.1245306982	0.3123474719	0.5809280146	0.3210706006	0.1226482362	0.06085452571	0.08217918883	0.1169347315
chr11_2111568_G_A	-0.01618285394	-0.05677665054	-0.06558291896	0.08552971072	0.09374029729	-0.07801227851	-0.0250165516	-0.07557908444	-0.07801227851	-0.07801227851	-0.0690636083	0.09668332764	-0.0250165516	-0.009369284756	-0.06947059086	0.5802206364	0.08742179737	0.0998974359	0.1009891286	-0.05551191947	0.0998974359	-0.10940396	-0.10940396	0.7708080376	0.1116911686	0.7593285378	-0.1065696182	-0.1202004828	-0.07621692234	-0.07621692234	-0.07621692234	0.1154019515	0.5277197124	0.1188538027	0.7593285378	0.7593285378	0.1188538027	0.1188538027	0.1188538027	-0.1136267958	0.1191144082	0.5322888865	0.5322888865	0.1180546954	-0.09709545648	-0.07760560383	-0.07760560383	-0.05903040057	0.7482908229	-0.0799884514	-0.06165159068	0.7482908229	0.1692534084	0.1745640607	0.7482908229	0.1692534084	0.1692534084	-0.04764573709	-0.05032885829	0.2039407158	-0.05032885829	0.7482908229	0.1692534084	0.1683811006	0.3219037983	0.1696249367	0.1694382872	0.2042711149	0.7482908229	0.1692534084	0.7482908229	0.8218178768	-0.07964217483	-0.07964217483	0.1683811006	0.1683811006	-0.0565647981	0.1683811006	0.1683811006	0.2740533248	-0.06270657314	0.8218178768	-0.07916194886	0.8218178768	-0.05121365847	0.3278190637	-0.07916194886	0.3278190637	0.8082253979	0.3278190637	0.8218178768	0.3313452635	-0.05121365847	0.8218178768	0.3266219572	-0.1072557927	0.3278190637	-0.1091817335	0.3278190637	-0.05121365847	-0.1091817335	0.8082253979	0.3266219572	0.8082253979	-0.05121365847	0.3266219572	-0.05121365847	-0.09968822902	-0.05209657643	0.3207414038	0.7482908229	-0.03594831783	-0.03594831783	0.3219037983	-0.09119666481	0.06862468737	0.7708080376	0.2093404765	0.2130859588	-0.03120208047	0.8509575267	0.1724766646	0.8509575267	0.8734485286	0.1724766646	-0.05429973458	-0.05429973458	-0.0538569853	0.8734485286	0.1724766646	0.1724766646	0.1724766646	-0.1038369994	-0.0538569853	0.3422273436	0.8586730622	0.3422273436	-0.05473458403	-0.04632569862	-0.1024369987	0.8808898987	-0.1061812844	0.1641693644	0.169404611	-0.07417571726	0.169404611	0.169404611	0.1693080847	1	1	0.8218178768	-0.1127381859	0.7849626914	0.1176726747	0.6211002193	-0.0623745149	0.6736638481	-0.03163309277	-0.03163309277	0.163704369	-0.03237569307	0.1640522568	0.5866645351	0.01450337522	0.1760357147	0.0164298984	-0.0004822443026	-0.03758613004	0.4107953402	0.547110699
chr11_2111990_C_T	-0.01618285394	-0.05677665054	-0.06558291896	0.08552971072	0.09374029729	-0.07801227851	-0.0250165516	-0.07557908444	-0.07801227851	-0.07801227851	-0.0690636083	0.09668332764	-0.0250165516	-0.009369284756	-0.06947059086	0.5802206364	0.08742179737	0.0998974359	0.1009891286	-0.05551191947	0.0998974359	-0.10940396	-0.10940396	0.7708080376	0.1116911686	0.7593285378	-0.1065696182	-0.1202004828	-0.07621692234	-0.07621692234	-0.07621692234	0.1154019515	0.5277197124	0.1188538027	0.7593285378	0.7593285378	0.1188538027	0.1188538027	0.1188538027	-0.1136267958	0.1191144082	0.5322888865	0.5322888865	0.1180546954	-0.09709545648	-0.07760560383	-0.07760560383	-0.05903040057	0.7482908229	-0.0799884514	-0.06165159068	0.7482908229	0.1692534084	0.1745640607	0.7482908229	0.1692534084	0.1692534084	-0.04764573709	-0.05032885829	0.2039407158	-0.05032885829	0.7482908229	0.1692534084	0.1683811006	0.3219037983	0.1696249367	0.1694382872	0.2042711149	0.7482908229	0.1692534084	0.7482908229	0.8218178768	-0.07964217483	-0.07964217483	0.1683811006	0.1683811006	-0.0565647981	0.1683811006	0.1683811006	0.2740533248	-0.06270657314	0.8218178768	-0.07916194886	0.8218178768	-0.05121365847	0.3278190637	-0.07916194886	0.3278190637	0.8082253979	0.3278190637	0.8218178768	0.3313452635	-0.05121365847	0.8218178768	0.3266219572	-0.1072557927	0.3278190637	-0.1091817335	0.3278190637	-0.05121365847	-0.1091817335	0.8082253979	0.3266219572	0.8082253979	-0.05121365847	0.3266219572	-0.05121365847	-0.09968822902	-0.05209657643	0.3207414038	0.7482908229	-0.03594831783	-0.03594831783	0.3219037983	-0.09119666481	0.06862468737	0.7708080376	0.2093404765	0.2130859588	-0.03120208047	0.8509575267	0.1724766646	0.8509575267	0.8734485286	0.1724766646	-0.05429973458	-0.05429973458	-0.0538569853	0.8734485286	0.1724766646	0.1724766646	0.1724766646	-0.1038369994	-0.0538569853	0.3422273436	0.8586730622	0.3422273436	-0.05473458403	-0.04632569862	-0.1024369987	0.8808898987	-0.1061812844	0.1641693644	0.169404611	-0.07417571726	0.169404611	0.169404611	0.1693080847	1	1	0.8218178768	-0.1127381859	0.7849626914	0.1176726747	0.6211002193	-0.0623745149	0.6736638481	-0.03163309277	-0.03163309277	0.163704369	-0.03237569307	0.1640522568	0.5866645351	0.01450337522	0.1760357147	0.0164298984	-0.0004822443026	-0.03758613004	0.4107953402	0.547110699
chr11_2113165_C_T	-0.0303437764	-0.01339584412	-0.02321797225	0.04093910337	0.04696637948	-0.03311913457	0.09696731252	-0.03053711105	-0.03311913457	-0.03311913457	-0.1028566051	0.05018907413	0.09696731252	-0.007464605498	-0.1031600808	0.5128630237	0.0550290406	0.06539080897	0.06643827309	-0.04185501042	0.06539080897	-0.06135706032	-0.06135706032	0.6853562705	0.1228112769	0.7060008782	-0.1266054407	-0.1471229636	-0.02123733237	-0.02123733237	-0.02123733237	0.1269657173	0.4821242192	0.1184968028	0.6747324759	0.6747324759	0.1184968028	0.1184968028	0.1184968028	-0.140064898	0.1188427299	0.4628278336	0.4628278336	0.1299317917	-0.1164394798	-0.115179514	-0.115179514	-0.09832649713	0.6645116226	-0.02525222629	-0.06884382581	0.6645116226	0.1494780168	0.1433758687	0.6645116226	0.1494780168	0.1494780168	-0.05320405829	-0.1083262836	0.2250491679	-0.1083262836	0.6645116226	0.1494780168	0.1485480291	0.227350171	0.1501238241	0.1498006026	0.2254227133	0.6645116226	0.1494780168	0.6645116226	0.6990563457	-0.02514290733	-0.02514290733	0.1602114822	0.1602114822	0.000813436276	0.1602114822	0.1602114822	0.1958219607	-0.07002188184	0.6990563457	-0.02442556761	0.6990563457	-0.1092291717	0.2180975073	-0.02442556761	0.2180975073	0.6869803598	0.2180975073	0.6990563457	0.2208505236	-0.1092291717	0.6990563457	0.2168976394	-0.0604253762	0.2180975073	-0.06230807878	0.2180975073	-0.1092291717	-0.06230807878	0.7199440921	0.2321497168	0.6869803598	-0.1092291717	0.2321497168	-0.1092291717	-0.05220707835	-0.1101312362	0.2261640008	0.6954000431	0.01562345882	0.01562345882	0.227350171	-0.04220115039	0.05374424394	0.6853562705	0.2132643856	0.2173592674	0.01840098154	0.724917661	0.1450280468	0.724917661	0.7456230488	0.1450280468	-0.09566996394	-0.09566996394	-0.0955108519	0.7456230488	0.1450280468	0.1450280468	0.1450280468	-0.05316216326	-0.0955108519	0.2309414461	0.7324945295	0.2461796552	-0.09643611926	-0.05173002498	-0.05201001033	0.7529078244	-0.05567925522	0.1486495783	0.1545927036	-0.09766179171	0.1545927036	0.1545927036	0.1543587924	0.8218178768	0.8218178768	1	-0.1626031059	0.8662472648	0.1069189387	0.7325477638	-0.07206049315	0.5555982442	-0.08292510898	-0.08292510898	0.1597633083	-0.08384029735	0.1601976368	0.7263745827	-0.03251180131	0.1504473254	-0.03012668154	-0.0104132943	-0.04197090392	0.5325175108	0.6559986883
chr11_2113931_G_A	-0.01367995202	0.2871389837	0.2688650733	-0.1674816742	-0.170309196	0.2685141745	-0.05048378437	0.2656968254	0.2685141745	0.2685141745	0.3316423064	-0.1631337499	-0.05781788138	0.1721663016	0.3337721174	-0.1157714847	-0.1176338993	-0.1626183912	-0.162451464	0.1524829398	-0.1626183912	0.3515371502	0.3515371502	-0.03763983149	0.4405630984	-0.05028847297	-0.1471301084	-0.05506754468	0.5026919466	0.5026919466	0.5026919466	0.451537208	0.06478265622	0.4635758705	-0.02797353351	-0.02797353351	0.4635758705	0.4635758705	0.4635758705	-0.04131933786	0.4625563196	0.07513924878	0.07513924878	0.4537107274	-0.1635721428	0.2481089131	0.2481089131	0.2541225567	-0.01855011915	0.5090662832	0.1398399112	-0.01855011915	0.6527012859	0.6406878836	-0.01855011915	0.6527012859	0.6527012859	0.08639932852	0.2378092257	0.4826387826	0.2378092257	-0.01855011915	0.6527012859	0.6554031458	0.2095501025	0.6544863495	0.6556680484	0.4825393415	-0.01855011915	0.6568677906	-0.01855011915	-0.06714942187	0.5111510263	0.5111510263	0.6512412885	0.6512412885	0.4601901921	0.6512412885	0.6512412885	0.2529673391	0.1356896566	-0.06714942187	0.5090577607	-0.06714942187	0.2363853258	0.1880418822	0.5090577607	0.1880418822	-0.08002770216	0.1880418822	-0.06714942187	0.1960040067	0.2363853258	-0.06714942187	0.1923531469	0.5731718822	0.1880418822	0.5742157465	0.1880418822	0.2363853258	0.5742157465	-0.08002770216	0.1814683828	-0.08002770216	0.2363853258	0.1814683828	0.2363853258	0.6046991222	0.2408490663	0.2084197647	-0.04059388164	-0.07829278004	-0.07829278004	0.2041269747	0.6464418437	0.1156801255	-0.02634095021	0.609162391	0.606136646	-0.1284061355	-0.07717148473	0.8225880961	-0.07717148473	-0.07812908087	0.8225880961	0.2637727326	0.2637727326	0.2614676694	-0.07812908087	0.8225880961	0.8225880961	0.8225880961	0.6512452062	0.2614676694	0.2129717027	-0.06714942187	0.2075342693	0.2658851081	0.09142858598	0.6652881542	-0.09179011465	0.6676378338	0.8214781942	0.83827947	0.2747430615	0.83827947	0.83827947	0.836221801	-0.1127381859	-0.1127381859	-0.1626031059	1	-0.1387396849	0.7382046577	-0.1388607237	0.2487330012	-0.04667182784	0.6378608163	0.6378608163	0.5822364562	0.6382785873	0.5859012866	-0.1460095957	0.3363584363	0.5629410519	0.3429583272	0.07113034708	0.07418013812	-0.1059236437	-0.1263560478
chr11_2114221_T_C	-0.0303437764	0.02410740649	0.0142938838	0.0168919904	0.02276557909	0.005167524542	0.1175208521	0.007653802769	0.005167524542	0.005167524542	-0.07497585128	0.02596157438	0.1175208521	0.005525401935	-0.07544289426	0.447840981	0.02734467758	0.04089743051	0.04185384968	-0.04185501042	0.04089743051	-0.02487112295	-0.02487112295	0.6220268645	0.1352244051	0.6434640736	-0.1101312362	-0.1331479968	0.002830003735	0.002830003735	0.002830003735	0.1393089053	0.4349016367	0.1308228902	0.6121956714	0.6121956714	0.1308228902	0.1308228902	0.1308228902	-0.1257838857	0.1311212203	0.4153209464	0.4153209464	0.1422498696	-0.09906946588	-0.08147348027	-0.08147348027	-0.08147348027	0.6027347817	-0.001110801743	-0.06884382581	0.6027347817	0.1728309721	0.1668911462	0.6027347817	0.1728309721	0.1728309721	-0.05320405829	-0.07527071248	0.2250491679	-0.07527071248	0.6027347817	0.1728309721	0.1718749354	0.227350171	0.1733403168	0.1730849302	0.2254227133	0.6027347817	0.1728309721	0.6027347817	0.6321799781	-0.001105992991	-0.001105992991	0.1835383885	0.1835383885	0.02492072955	0.1835383885	0.1835383885	0.1958219607	-0.07002188184	0.6321799781	-0.000320416124	0.6321799781	-0.07622758693	0.2180975073	-0.000320416124	0.2180975073	0.6210528952	0.2180975073	0.6321799781	0.2208505236	-0.07622758693	0.6321799781	0.2168976394	-0.03593469327	0.2180975073	-0.03770682684	0.2180975073	-0.07622758693	-0.03770682684	0.6540166275	0.2321497168	0.6210528952	-0.07622758693	0.2321497168	-0.07622758693	-0.02781217982	-0.0771828272	0.2261640008	0.6336232022	0.01562345882	0.01562345882	0.227350171	-0.01759010383	0.05374424394	0.6220268645	0.2132643856	0.2173592674	-0.03484209522	0.6559986883	0.169764257	0.6559986883	0.6777508093	0.169764257	-0.06313685381	-0.06313685381	-0.06266640283	0.6777508093	0.169764257	0.169764257	0.169764257	-0.02842734134	-0.06266640283	0.2309414461	0.6656181619	0.2461796552	-0.0636424737	-0.05173002498	-0.02743716487	0.7199440921	-0.03090477314	0.1730134609	0.178888327	-0.08159294374	0.178888327	0.178888327	0.1787430435	0.7849626914	0.7849626914	0.8662472648	-0.1387396849	1	0.1323795479	0.8049584888	-0.07206049315	0.6485623302	-0.04789742834	-0.04789742834	0.2173600775	-0.04874936548	0.217679765	0.7950050862	0.01882814758	0.2081030794	0.02096677721	-0.0104132943	-0.04197090392	0.5906622162	0.724917661
chr11_2114571_C_G	0.0009937400254	0.2061977304	0.192080665	-0.05641848177	-0.05977486663	0.1879104495	-0.0062887804	0.1874107992	0.1879104495	0.1879104495	0.2130719679	-0.04911756553	-0.02193872246	0.1787945806	0.2153501521	0.0091121397	-0.03359143814	-0.04968519815	-0.04831952515	0.1074063188	-0.04968519815	0.2460826972	0.2460826972	0.1455489319	0.4050580286	0.139783572	-0.1381746484	-0.05078890953	0.3779760116	0.3779760116	0.3779760116	0.3980189264	0.1690831769	0.4099333399	0.1516878156	0.1516878156	0.4099333399	0.4099333399	0.4099333399	-0.02665104752	0.4098990182	0.1730970568	0.1730970568	0.4034237123	-0.1458909525	0.239168473	0.239168473	0.239168473	0.157708234	0.3761229141	0.08695154874	0.157708234	0.5714892013	0.5619777865	0.157708234	0.5714892013	0.5714892013	0.04407548909	0.2116226802	0.420192879	0.2116226802	0.157708234	0.5714892013	0.5782615013	0.2721951786	0.5754972949	0.5757104349	0.4209360847	0.157708234	0.5759345719	0.157708234	0.1323795479	0.3790702132	0.3790702132	0.5738210893	0.5738210893	0.347747686	0.5738210893	0.5738210893	0.2915145188	0.08145832947	0.1323795479	0.3816664709	0.1323795479	0.2091958907	0.253981705	0.3770779155	0.253981705	0.1137939893	0.253981705	0.1323795479	0.2520973034	0.2091958907	0.1323795479	0.2576296989	0.45841492	0.253981705	0.4620646933	0.253981705	0.2091958907	0.4620646933	0.1263436647	0.2518230561	0.1137939893	0.2091958907	0.2518230561	0.2091958907	0.4534312638	0.2130529178	0.2700495202	0.1459486539	-0.05613726622	-0.05613726622	0.2664090787	0.4963647526	0.120102546	0.1455489319	0.5303521493	0.5294921135	-0.1887745423	0.1188769914	0.7156617597	0.1188769914	0.1257111726	0.7156617597	0.2289840801	0.2289840801	0.226994564	0.1257111726	0.7156617597	0.7156617597	0.7156617597	0.4972723704	0.226994564	0.2670762456	0.1323795479	0.2670762456	0.230817857	0.05077416301	0.5095983528	0.1263436647	0.5122465355	0.7018736733	0.7167892493	0.2140032973	0.7167892493	0.7167892493	0.7132245996	0.1176726747	0.1176726747	0.1069189387	0.7382046577	0.1323795479	1	0.0972476803	0.2464328664	0.1185540396	0.5583433346	0.5583433346	0.5847581611	0.557876278	0.5806674227	0.1009070314	0.2667650252	0.5632452001	0.2762643263	0.07665736991	0.08189140212	0.08209467527	0.1057578651
chr11_2114583_C_T	-0.0475159246	0.01652507155	0.007558424959	0.03618043341	0.04372615082	-0.003051907261	0.1045822566	-0.0007610688024	-0.003051907261	-0.003051907261	-0.07509966249	0.04667122613	0.1045822566	0.02614536102	-0.07548759974	0.4619383434	0.04652620945	0.06264004162	0.06360776033	-0.02938183259	0.06264004162	-0.0260137367	-0.0260137367	0.4804123165	0.1315178026	0.5063863689	-0.09225175612	-0.06442476911	-0.00759388905	-0.00759388905	-0.00759388905	0.1352043346	0.3357987079	0.1253553998	0.4725303484	0.4725303484	0.1253553998	0.1253553998	0.1253553998	-0.05644410287	0.1256053997	0.3135213073	0.3135213073	0.1378749819	-0.0816913436	-0.08127498366	-0.08127498366	-0.08127498366	0.4649414023	0.0279834296	-0.06289396899	0.4649414023	0.1507824267	0.1433173587	0.4649414023	0.1507824267	0.1507824267	-0.04860587501	-0.07268005936	0.2012716832	-0.07268005936	0.4649414023	0.1507824267	0.1499169484	0.1619335335	0.1512893073	0.1510353352	0.2016203675	0.4649414023	0.1507824267	0.4649414023	0.4791102264	0.02786228703	0.02786228703	0.1625456113	0.1625456113	0.05172417691	0.1625456113	0.1625456113	0.1381793177	-0.06397021103	0.4791102264	0.02866193528	0.4791102264	-0.07354784213	0.1506927659	0.02866193528	0.1506927659	0.4703414683	0.1506927659	0.4791102264	0.1528191346	-0.07354784213	0.4791102264	0.1496415192	-0.02578533495	0.1506927659	-0.02737251074	0.1506927659	-0.07354784213	-0.02737251074	0.5060331161	0.166155783	0.4703414683	-0.07354784213	0.166155783	-0.07354784213	-0.01839236142	-0.07441422795	0.1608886211	0.4983859957	0.02370762603	0.02370762603	0.1619335335	-0.008991567036	0.06587756799	0.4804123165	0.1661447852	0.1697632371	-0.03183085238	0.4978639449	0.1249611454	0.4978639449	0.5250181139	0.1249611454	-0.05878101789	-0.05878101789	-0.05836176033	0.5250181139	0.1249611454	0.1249611454	0.1249611454	-0.02094891756	-0.05836176033	0.1650937008	0.5153155889	0.1815929486	-0.05925175487	-0.04725923565	-0.02007720141	0.5774164115	-0.02320418459	0.1304440142	0.135888515	-0.07834718852	0.135888515	0.135888515	0.1356553273	0.6211002193	0.6211002193	0.7325477638	-0.1388607237	0.8049584888	0.0972476803	1	-0.1008068311	0.7104678692	-0.1314626687	-0.1314626687	0.1981848707	-0.1323993497	0.1984777049	0.8714332014	0.009094247706	0.1858258223	-0.007353600291	-0.002273959065	-0.03834355077	0.7471736075	0.9082869579
chr11_2115390_C_T	-0.02368641146	-0.09177657527	-0.07408482259	-0.1820348048	-0.1698816546	-0.09758080064	-0.02698957897	-0.1033357351	-0.09758080064	-0.09758080064	-0.09044649455	-0.1625506717	-0.03661605899	-0.1207471727	-0.08557538278	-0.03447071288	-0.1839541384	-0.1586338595	-0.1573162299	0.3282669003	-0.1586338595	0.04071209626	0.04071209626	-0.08789128838	-0.05981465336	-0.09164296842	-0.1468383622	-0.2195697852	0.138101811	0.138101811	0.138101811	-0.08845391905	0.09742433816	-0.07876863316	-0.09164296842	-0.09164296842	-0.07876863316	-0.07876863316	-0.07876863316	-0.2000035962	-0.08231007524	0.1016965298	0.1016965298	-0.08062875502	-0.1143952694	-0.1399002475	-0.1399002475	-0.1399002475	-0.09532202676	0.1291623256	0.2341249135	-0.09532202676	-0.02975971438	-0.01902049402	-0.09532202676	-0.02975971438	-0.02975971438	0.1744719929	-0.1654098734	0.08672885768	-0.1654098734	-0.09532202676	-0.02975971438	-0.0206108333	-0.1990041477	-0.03142033456	-0.03331856817	0.08294480014	-0.09532202676	-0.02975971438	-0.09532202676	-0.07206049315	0.1286031713	0.1286031713	-0.03153625063	-0.03153625063	0.03827137092	-0.03153625063	-0.03153625063	-0.08422339193	0.2411624504	-0.07206049315	0.1308383651	-0.07206049315	-0.1677000321	-0.1880519101	0.1308383651	-0.1880519101	-0.07615277142	-0.1880519101	-0.07206049315	-0.1871696735	-0.1677000321	-0.07206049315	-0.1831010015	0.3116031174	-0.1880519101	0.3149538651	-0.1880519101	-0.1677000321	0.3149538651	-0.07615277142	-0.1902444824	-0.07615277142	-0.1677000321	-0.1902444824	-0.1677000321	0.3178846764	-0.1699859957	-0.2011918737	-0.09532202676	-0.04294311647	-0.04294311647	-0.1990041477	0.3167057486	0.008406403748	-0.08789128838	0.2893873767	0.2924758002	-0.0826133417	-0.0635677901	0.1621256518	-0.0635677901	-0.06786794659	0.1621256518	-0.1830339097	-0.1830339097	-0.1899289452	-0.06786794659	0.1621256518	0.1621256518	0.1621256518	0.3279288786	-0.1899289452	-0.2067098696	-0.07206049315	-0.2067098696	-0.1921793384	0.1653079139	0.3334423067	-0.07615277142	0.3284902777	0.1445638947	0.1535484011	-0.2033411792	0.1535484011	0.1535484011	0.1522167671	-0.0623745149	-0.0623745149	-0.07206049315	0.2487330012	-0.07206049315	0.2464328664	-0.1008068311	1	-0.07185562475	0.4517412719	0.4517412719	0.406461833	0.4507420702	0.4074366242	-0.1008686269	-0.1527316046	0.4174807766	-0.1387363924	-0.04598486634	-0.04945100416	-0.1304831683	-0.111986247
chr11_2116314_C_T	-0.02109027105	-0.02668832162	-0.03351912396	0.08695283042	0.09992623833	-0.04963019511	-0.004031525238	-0.04776902696	-0.04963019511	-0.04963019511	-0.05211154356	0.1022403831	-0.004031525238	0.03995492582	-0.05243615916	0.4920421735	0.115215068	0.1220574458	0.1230702411	-0.02909108948	0.1220574458	-0.06800522501	-0.06800522501	0.5203697667	0.1371253365	0.5124348649	-0.06509579289	-0.06340409979	-0.006396955098	-0.006396955098	-0.006396955098	0.1397211877	0.3843304111	0.1423307796	0.5124348649	0.5124348649	0.1423307796	0.1423307796	0.1423307796	-0.0576475702	0.1423396403	0.3877246708	0.3877246708	0.1416780254	-0.05678474438	-0.009773305873	-0.009773305873	-0.009773305873	0.50480271	-0.009161737147	-0.0006752955571	0.50480271	0.1850505555	0.1732013166	0.50480271	0.1850505555	0.1850505555	-0.03697918135	0.005121236537	0.1806628879	0.005121236537	0.50480271	0.1850505555	0.1843136466	0.253088755	0.1850251824	0.1850362704	0.1808809347	0.50480271	0.1850505555	0.50480271	0.5091162012	-0.009122075234	-0.009122075234	0.1843136466	0.1843136466	-0.007812444964	0.1843136466	0.1843136466	0.2356790415	-0.002186271962	0.5091162012	-0.008599778377	0.5091162012	0.004362359142	0.2364729428	-0.008599778377	0.2364729428	0.5003930903	0.2364729428	0.5091162012	0.2390659714	0.004362359142	0.5091162012	0.235560448	-0.05050937341	0.2364729428	-0.05185636043	0.2364729428	0.004362359142	-0.05185636043	0.5003930903	0.235560448	0.5003930903	0.004362359142	0.235560448	0.004362359142	-0.04476400453	0.003606025937	0.252183837	0.50480271	-0.02790048901	-0.02790048901	0.253088755	-0.03788455684	0.1062845068	0.5203697667	0.1482282112	0.1510743358	-0.02421680223	0.5278008135	0.1695719829	0.5278008135	0.5654153228	0.1695719829	0.02395295043	0.02395295043	0.02492911788	0.5654153228	0.1695719829	0.1695719829	0.1695719829	-0.05414186124	0.02492911788	0.2558356357	0.5555982442	0.2770180986	0.02414477324	-0.03595466279	-0.053228483	0.5920381169	-0.05591891742	0.1625869813	0.1665516659	-0.0008679046415	0.1665516659	0.1665516659	0.1666046881	0.6736638481	0.6736638481	0.5555982442	-0.04667182784	0.6485623302	0.1185540396	0.7104678692	-0.07185562475	1	-0.06575189451	-0.06575189451	0.1911072092	-0.06640264517	0.1912497256	0.7672194157	0.03687542643	0.2007435047	0.03824765453	0.02250377812	-0.02917164061	0.6328087763	0.7194077903
chr11_2116492_C_G	0.04500193857	0.1881192419	0.1869034676	-0.20752296	-0.215295064	0.1852505285	0.08392075101	0.1795512609	0.1852505285	0.1852505285	0.1457217955	-0.2038464077	0.08392075101	0.04134191794	0.1499929983	-0.06792717008	-0.1877906086	-0.2025680002	-0.1992833414	0.1668935706	-0.2025680002	0.2701040882	0.2701040882	0.04571883515	0.3206212854	0.04579414319	-0.03579686484	-0.1553439335	0.4086581804	0.4086581804	0.4086581804	0.3043512481	0.1496496202	0.3155653633	0.05671239576	0.05671239576	0.3155653633	0.3155653633	0.3155653633	-0.1370658179	0.3140925513	0.1500587048	0.1500587048	0.3113141862	-0.04920406163	0.01180552349	0.01180552349	0.01769023397	0.06744841814	0.4027363176	0.1521325281	0.06744841814	0.4261606195	0.4112398697	0.06744841814	0.4261606195	0.4261606195	0.1214273424	0.01534251682	0.4135597067	0.01534251682	0.06744841814	0.4261606195	0.4340720381	0.04729504321	0.427242941	0.4287323619	0.4126099961	0.06744841814	0.430237794	0.06744841814	0.02215793295	0.4051894254	0.4051894254	0.4299994115	0.4299994115	0.3476323169	0.4299994115	0.4299994115	0.1149945736	0.150592762	0.02215793295	0.4060901128	0.02215793295	0.01565915662	0.02460373982	0.4060901128	0.02460373982	0.01101592115	0.02460373982	0.02215793295	0.01910874203	0.01565915662	0.02215793295	0.03022251297	0.4658096581	0.02460373982	0.4727172209	0.02460373982	0.01565915662	0.4727172209	0.02252614645	0.02489681609	0.01101592115	0.01565915662	0.02489681609	0.01565915662	0.4912756183	0.01022263409	0.03696473656	0.05666284703	-0.06518576181	-0.06518576181	0.03668133227	0.5223935877	0.1528924965	0.0567754674	0.5174830756	0.5186857023	-0.1562964838	0.009375023443	0.5584516033	0.009375023443	-0.001914378738	0.5584516033	0.0395039758	0.0395039758	0.03380766802	-0.001914378738	0.5584516033	0.5584516033	0.5584516033	0.5331455011	0.03380766802	0.03583143855	0.0104820394	0.03051058418	0.03409491879	0.1237128062	0.5422702238	-0.0004943041542	0.5477459696	0.5520639316	0.5697135606	0.04563298933	0.5697135606	0.5697135606	0.5677870601	-0.03163309277	-0.03163309277	-0.08292510898	0.6378608163	-0.04789742834	0.5583433346	-0.1314626687	0.4517412719	-0.06575189451	1	1	0.9376753701	0.9979636374	0.9315566441	-0.1358711737	0.4246587437	0.902126055	0.4100207156	0.1064857293	-0.09869452583	-0.08698268073	-0.122982591
chr11_2116493_T_A	0.04500193857	0.1881192419	0.1869034676	-0.20752296	-0.215295064	0.1852505285	0.08392075101	0.1795512609	0.1852505285	0.1852505285	0.1457217955	-0.2038464077	0.08392075101	0.04134191794	0.1499929983	-0.06792717008	-0.1877906086	-0.2025680002	-0.1992833414	0.1668935706	-0.2025680002	0.2701040882	0.2701040882	0.04571883515	0.3206212854	0.04579414319	-0.03579686484	-0.1553439335	0.4086581804	0.4086581804	0.4086581804	0.3043512481	0.1496496202	0.3155653633	0.05671239576	0.05671239576	0.3155653633	0.3155653633	0.3155653633	-0.1370658179	0.3140925513	0.1500587048	0.1500587048	0.3113141862	-0.04920406163	0.01180552349	0.01180552349	0.01769023397	0.06744841814	0.4027363176	0.1521325281	0.06744841814	0.4261606195	0.4112398697	0.06744841814	0.4261606195	0.4261606195	0.1214273424	0.01534251682	0.4135597067	0.01534251682	0.06744841814	0.4261606195	0.4340720381	0.04729504321	0.427242941	0.4287323619	0.4126099961	0.06744841814	0.430237794	0.06744841814	0.02215793295	0.4051894254	0.4051894254	0.4299994115	0.4299994115	0.3476323169	0.4299994115	0.4299994115	0.1149945736	0.150592762	0.02215793295	0.4060901128	0.02215793295	0.01565915662	0.02460373982	0.4060901128	0.02460373982	0.01101592115	0.02460373982	0.02215793295	0.01910874203	0.01565915662	0.02215793295	0.03022251297	0.4658096581	0.02460373982	0.4727172209	0.02460373982	0.01565915662	0.4727172209	0.02252614645	0.02489681609	0.01101592115	0.01565915662	0.02489681609	0.01565915662	0.4912756183	0.01022263409	0.03696473656	0.05666284703	-0.06518576181	-0.06518576181	0.03668133227	0.5223935877	0.1528924965	0.0567754674	0.5174830756	0.5186857023	-0.1562964838	0.009375023443	0.5584516033	0.009375023443	-0.001914378738	0.5584516033	0.0395039758	0.0395039758	0.03380766802	-0.001914378738	0.5584516033	0.5584516033	0.5584516033	0.5331455011	0.03380766802	0.03583143855	0.0104820394	0.03051058418	0.03409491879	0.1237128062	0.5422702238	-0.0004943041542	0.5477459696	0.5520639316	0.5697135606	0.04563298933	0.5697135606	0.5697135606	0.5677870601	-0.03163309277	-0.03163309277	-0.08292510898	0.6378608163	-0.04789742834	0.5583433346	-0.1314626687	0.4517412719	-0.06575189451	1	1	0.9376753701	0.9979636374	0.9315566441	-0.1358711737	0.4246587437	0.902126055	0.4100207156	0.1064857293	-0.09869452583	-0.08698268073	-0.122982591
chr11_2116686_G_C	0.02568374345	0.1838181125	0.1793413026	-0.1836999366	-0.1891789264	0.1743244109	0.1175906289	0.1695567282	0.1743244109	0.1743244109	0.11064221	-0.176799913	0.1175906289	0.04934417156	0.1147478255	0.08804213609	-0.163331519	-0.1660315509	-0.1623967613	0.1512512076	-0.1660315509	0.2487555314	0.2487555314	0.2165617564	0.3559723363	0.224579184	-0.06586381725	-0.1776873239	0.3951848572	0.3951848572	0.3951848572	0.3413144297	0.2742278842	0.3494209972	0.224579184	0.224579184	0.3494209972	0.3494209972	0.3494209972	-0.1567584283	0.3480890146	0.267729358	0.267729358	0.3491765907	-0.07506206656	-0.01481729132	-0.01481729132	-0.009011477651	0.2324474858	0.4004746737	0.1388084147	0.2324474858	0.4688241231	0.4478794049	0.2324474858	0.4688241231	0.4688241231	0.1020434874	-0.009093734736	0.4732326149	-0.009093734736	0.2324474858	0.4688241231	0.476320789	0.1060096628	0.4701162745	0.4714734758	0.472437262	0.2324474858	0.4728466345	0.2324474858	0.182802016	0.4028813083	0.4028813083	0.476320789	0.476320789	0.3506395926	0.476320789	0.476320789	0.1683171311	0.1367246006	0.182802016	0.4040420091	0.182802016	-0.009102132244	0.07503714152	0.4040420091	0.07503714152	0.1688059018	0.07503714152	0.182802016	0.0703582784	-0.009102132244	0.182802016	0.08020052438	0.4429580041	0.07503714152	0.449160709	0.07503714152	-0.009102132244	0.449160709	0.1915177152	0.08020052438	0.1688059018	-0.009102132244	0.08020052438	-0.009102132244	0.4708113237	-0.01478599175	0.09543598176	0.2324474858	-0.05849742586	-0.05849742586	0.09553825081	0.5048827986	0.1698464526	0.2274701514	0.5590295162	0.561485706	-0.1658289068	0.1766112549	0.5895117747	0.1766112549	0.1738810886	0.5895117747	0.02455807592	0.02455807592	0.01915882617	0.1738810886	0.5895117747	0.5895117747	0.5895117747	0.5117173724	0.01915882617	0.09060516432	0.182802016	0.09585468154	0.01910608858	0.104790241	0.5210815999	0.1915177152	0.5252876089	0.5846978145	0.6041210432	0.02419166961	0.6041210432	0.6041210432	0.6021074823	0.163704369	0.163704369	0.1597633083	0.5822364562	0.2173600775	0.5847581611	0.1981848707	0.406461833	0.1911072092	0.9376753701	0.9376753701	1	0.9353225228	0.9940653082	0.1996117274	0.4211957061	0.9615920812	0.4016199379	0.1020434874	-0.1113783311	0.198627299	0.2122248234
chr11_2116776_T_C	0.04417012333	0.1855793815	0.1842534137	-0.2023241681	-0.2101439344	0.1825723004	0.08266079387	0.1768975955	0.1825723004	0.1825723004	0.1436414352	-0.1986338303	0.08266079387	0.04374898288	0.1479241854	-0.06884056578	-0.1863176299	-0.1972655884	-0.1939451356	0.1661651826	-0.1972655884	0.2671291719	0.2671291719	0.04498593688	0.3238997074	0.04504921873	-0.03184284803	-0.1480666581	0.4058752978	0.4058752978	0.4058752978	0.3076380593	0.1487375167	0.3189127199	0.05598718693	0.05598718693	0.3189127199	0.3189127199	0.3189127199	-0.1294776486	0.3174353065	0.1491572139	0.1491572139	0.3146432496	-0.0448693483	0.01609463114	0.01609463114	0.02198996793	0.06673055709	0.399888729	0.151654673	0.06673055709	0.426011347	0.4111077329	0.06673055709	0.426011347	0.426011347	0.121065008	0.01942559542	0.4105387084	0.01942559542	0.06673055709	0.426011347	0.433929733	0.05069642514	0.4271176	0.4285987617	0.4096020486	0.06673055709	0.4300958839	0.06673055709	0.02143249827	0.4023617422	0.4023617422	0.4298497522	0.4298497522	0.3449748257	0.4298497522	0.4298497522	0.1179692921	0.1500992485	0.02143249827	0.4032625735	0.02143249827	0.01972437982	0.02803360536	0.4032625735	0.02803360536	0.01025764684	0.02803360536	0.02143249827	0.02256679566	0.01972437982	0.02143249827	0.03364848185	0.4623760231	0.02803360536	0.469259161	0.02803360536	0.01972437982	0.469259161	0.02178865673	0.02831316809	0.01025764684	0.01972437982	0.02831316809	0.01972437982	0.4879919424	0.0142597506	0.04033379469	0.05592550993	-0.06574228478	-0.06574228478	0.04006354849	0.519243585	0.1526719726	0.05606253463	0.5141285669	0.5153498533	-0.1569595936	0.008652428579	0.5580709546	0.008652428579	-0.002670404038	0.5580709546	0.04350840472	0.04350840472	0.03785119793	-0.002670404038	0.5580709546	0.5580709546	0.5580709546	0.5300120215	0.03785119793	0.03925356949	0.009735520976	0.03392310699	0.03812107777	0.1233707122	0.5391888344	-0.001273363055	0.544605703	0.5516229412	0.5693779896	0.04956619723	0.5693779896	0.5693779896	0.5674343116	-0.03237569307	-0.03237569307	-0.08384029735	0.6382785873	-0.04874936548	0.557876278	-0.1323993497	0.4507420702	-0.06640264517	0.9979636374	0.9979636374	0.9353225228	1	0.9332305783	-0.1368038562	0.4237606441	0.9038870509	0.4091285436	0.1060964141	-0.09933154968	-0.08799242981	-0.1239441906
chr11_2117403_A_G	0.008245066716	0.1819844109	0.1776216718	-0.1846784294	-0.1900870428	0.1725507281	0.1116773326	0.1677692512	0.1725507281	0.1725507281	0.1127253039	-0.1777681543	0.1116773326	0.04695353542	0.1168189785	0.08864407509	-0.1647874353	-0.1670615448	-0.1634476895	0.1519622566	-0.1670615448	0.2474822683	0.2474822683	0.2169321842	0.3526106305	0.2249456075	-0.075346494	-0.1799571073	0.3937214182	0.3937214182	0.3937214182	0.3379447778	0.2748441207	0.3459956054	0.2249456075	0.2249456075	0.3459956054	0.3459956054	0.3459956054	-0.1592377705	0.3446681825	0.2683488247	0.2683488247	0.3457621199	-0.08523238867	-0.007393899445	-0.007393899445	-0.001599641707	0.2328100806	0.3990410562	0.1392717948	0.2328100806	0.4728085362	0.4518900874	0.2328100806	0.4728085362	0.4728085362	0.1024120093	-0.001696597489	0.4719963972	-0.001696597489	0.2328100806	0.4728085362	0.4802929959	0.1129901057	0.4740530567	0.4754299788	0.4711949714	0.2328100806	0.4768230412	0.2328100806	0.1831904881	0.4014456561	0.4014456561	0.4802929959	0.4802929959	0.3490263985	0.4802929959	0.4802929959	0.1751135703	0.1372047855	0.1831904881	0.4025937734	0.1831904881	-0.001705428161	0.08205778024	0.4025937734	0.08205778024	0.1692347337	0.08205778024	0.1831904881	0.07743481067	-0.001705428161	0.1831904881	0.08721497602	0.4420677282	0.08205778024	0.4482753453	0.08205778024	-0.001705428161	0.4482753453	0.1919013414	0.08721497602	0.1692347337	-0.001705428161	0.08721497602	-0.001705428161	0.469779883	-0.007378280811	0.1024420596	0.2328100806	-0.05794970216	-0.05794970216	0.1025395361	0.5036702314	0.1699964841	0.2278188671	0.5579679164	0.5603852263	-0.1651244929	0.176986571	0.5939559574	0.176986571	0.1742746598	0.5939559574	0.03182878709	0.03182878709	0.02649878557	0.1742746598	0.5939559574	0.5939559574	0.5939559574	0.5104727665	0.02649878557	0.09760309715	0.1831904881	0.1028421657	0.02644626902	0.1051374587	0.5198111973	0.1919013414	0.5240417582	0.589135544	0.608436091	0.03140803981	0.608436091	0.608436091	0.6064552373	0.1640522568	0.1640522568	0.1601976368	0.5859012866	0.217679765	0.5806674227	0.1984777049	0.4074366242	0.1912497256	0.9315566441	0.9315566441	0.9940653082	0.9332305783	1	0.1998899675	0.4219937364	0.9674774835	0.4024251267	0.1024120093	-0.1107057032	0.1990700104	0.2125292541
chr11_2118282_A_G	-0.04771402502	0.007214662184	-0.001600710461	0.07532045469	0.0825313111	-0.01173102545	0.1160742727	-0.009457529552	-0.01173102545	-0.01173102545	-0.0923601751	0.08546965696	0.1160742727	0.05828445637	-0.09263268137	0.4688667262	0.07782388424	0.1137023564	0.1148473124	-0.03086892642	0.1137023564	-0.03481402794	-0.03481402794	0.5179304797	0.1070938097	0.5416994788	-0.09255256801	-0.1105969034	-0.005177111733	-0.005177111733	-0.005177111733	0.1108422367	0.3874914651	0.1016607807	0.5096109209	0.5096109209	0.1016607807	0.1016607807	0.1016607807	-0.1037879981	0.1019897233	0.3668436719	0.3668436719	0.1135120678	-0.08227490228	-0.06451164835	-0.06451164835	-0.06451164835	0.5016029427	-0.008739521247	-0.02699212296	0.5016029427	0.1402152841	0.1212032094	0.5016029427	0.1402152841	0.1402152841	-0.04777462891	-0.05698858608	0.1797107485	-0.05698858608	0.5016029427	0.1402152841	0.1393735177	0.1944013038	0.1407601768	0.1404873433	0.1800845478	0.5016029427	0.1402152841	0.5016029427	0.4861678204	-0.008701687141	-0.008701687141	0.1513428978	0.1513428978	0.002276651808	0.1513428978	0.1513428978	0.1831895266	-0.02856095596	0.4861678204	-0.008018161164	0.4861678204	-0.05786512553	0.1684242439	-0.008018161164	0.1684242439	0.4773326252	0.1684242439	0.4861678204	0.1706768307	-0.05786512553	0.4861678204	0.1673721865	-0.06211309932	0.1684242439	-0.0638391328	0.1684242439	-0.05786512553	-0.0638391328	0.5111609809	0.1830243187	0.4773326252	-0.05786512553	0.1830243187	-0.05786512553	-0.0547027541	-0.05873993764	0.193344433	0.5333015521	0.02118262137	0.02118262137	0.1944013038	-0.04578724064	0.06098151546	0.5179304797	0.1324587848	0.1358836163	-0.03128648872	0.5050666355	0.1143624132	0.5050666355	0.5302278507	0.1143624132	-0.02748065739	-0.02748065739	-0.02677864847	0.5302278507	0.1143624132	0.1143624132	0.1143624132	-0.05725586101	-0.02677864847	0.1819624781	0.5204830721	0.2132382784	-0.02770073118	-0.04645101946	-0.05615894993	0.5788176921	-0.05953134852	0.1194158625	0.1247918998	-0.04646967219	0.1247918998	0.1247918998	0.1245306982	0.5866645351	0.5866645351	0.7263745827	-0.1460095957	0.7950050862	0.1009070314	0.8714332014	-0.1008686269	0.7672194157	-0.1358711737	-0.1358711737	0.1996117274	-0.1368038562	0.1998899675	1	-0.01382708257	0.1883455362	-0.01175914095	-0.003861483164	-0.03768780849	0.7653355258	0.8940634041
chr11_2118338_C_CGCTCTGAG	-0.0183683803	0.3931256779	0.3782577931	-0.1832468898	-0.2043896937	0.3998684429	0.1399103341	0.3977892614	0.3998684429	0.3998684429	0.3470392276	-0.1977181866	0.1293912454	0.158277664	0.3501233388	0.04232857332	-0.2061831224	-0.1883907512	-0.1873413716	-0.04415676364	-0.1883907512	0.3442626716	0.3442626716	0.04841815896	0.3020685531	0.0433614909	-0.1278320259	-0.1555064441	0.4018524654	0.4018524654	0.4018524654	0.2982737991	0.06684511046	0.3066329271	0.07536718004	0.07536718004	0.3066329271	0.3066329271	0.3066329271	-0.1438607664	0.3071965681	0.07062857605	0.07062857605	0.2983760817	-0.1243662085	-0.09096146032	-0.09096146032	-0.09096146032	0.08586306928	0.4006765673	0.02393892907	0.08586306928	0.3609859337	0.3615015741	0.08586306928	0.3609859337	0.3609859337	0.01567475359	-0.08970771999	0.4225621019	-0.08970771999	0.08586306928	0.3609859337	0.3648923515	-0.04024324312	0.3621811125	0.3615822232	0.4234894272	0.08586306928	0.3609859337	0.08586306928	0.08728141277	0.4050929275	0.4050929275	0.3589231169	0.3589231169	0.3950386971	0.3589231169	0.3589231169	-0.02865346429	0.01882814758	0.08728141277	0.4079584671	0.08728141277	-0.091909903	-0.04518486846	0.4017900836	-0.04518486846	0.0813509852	-0.04518486846	0.08728141277	-0.03548060879	-0.091909903	0.08728141277	-0.03950816319	0.3213619687	-0.04518486846	0.319311135	-0.04518486846	-0.091909903	0.319311135	0.0813509852	-0.04731401846	0.0813509852	-0.091909903	-0.04731401846	-0.091909903	0.331224209	-0.09410671667	-0.05014227429	0.07005469545	-0.08731316074	-0.08731316074	-0.05579972208	0.3569290832	0.1549663443	0.08082949329	0.3801873196	0.3700605325	-0.04853599492	0.08212104512	0.3122864407	0.08212104512	0.07604339338	0.3122864407	-0.09986660445	-0.09986660445	-0.09848480859	0.07604339338	0.3122864407	0.3122864407	0.3122864407	0.3559153701	-0.09848480859	-0.05723873441	0.08728141277	-0.05723873441	-0.09227464365	-0.0001378900585	0.361621543	0.0813509852	0.3575361779	0.3061834633	0.3129413014	-0.09729056877	0.3129413014	0.3129413014	0.3123474719	0.01450337522	0.01450337522	-0.03251180131	0.3363584363	0.01882814758	0.2667650252	0.009094247706	-0.1527316046	0.03687542643	0.4246587437	0.4246587437	0.4211957061	0.4237606441	0.4219937364	-0.01382708257	1	0.4452693523	0.9738981276	0.3222729337	-0.03658359185	-0.005994169807	0.01157701163
chr11_2118860_T_G	0.0235722305	0.157505636	0.1506108559	-0.1583996364	-0.1666653527	0.1443436017	0.1073183893	0.1391616673	0.1443436017	0.1443436017	0.08503774504	-0.1506862671	0.1073183893	0.04384329702	0.08947436186	0.09095235015	-0.1479191065	-0.148531222	-0.1449830627	0.1516275927	-0.148531222	0.2223793126	0.2223793126	0.2094145046	0.3298387848	0.2071463848	-0.05202470829	-0.1577643865	0.3543206167	0.3543206167	0.3543206167	0.3101185254	0.2547772616	0.3259960684	0.2179292869	0.2179292869	0.3259960684	0.3259960684	0.3259960684	-0.1334430575	0.324598697	0.256043134	0.256043134	0.3216753427	-0.0637835748	0.008236297054	0.008236297054	0.01404805645	0.2262813461	0.3602549284	0.1288990287	0.2262813461	0.445342086	0.4314231015	0.2262813461	0.445342086	0.445342086	0.09771202118	0.01582834657	0.4323180342	0.01582834657	0.2262813461	0.445342086	0.453021212	0.1258928085	0.4464808763	0.447916786	0.4314455388	0.2262813461	0.4493687169	0.2262813461	0.1965719286	0.3628399177	0.3628399177	0.4489990726	0.4489990726	0.3136904091	0.4489990726	0.4489990726	0.1786734357	0.1273850238	0.1965719286	0.3637339707	0.1965719286	0.01598868126	0.1045373103	0.3637339707	0.1045373103	0.1827871941	0.1045373103	0.1965719286	0.09989386878	0.01598868126	0.1965719286	0.1098723671	0.4094737685	0.1045373103	0.4158418898	0.1045373103	0.01598868126	0.4158418898	0.1941547304	0.1046126914	0.1827871941	0.01598868126	0.1046126914	0.01598868126	0.4359400187	0.01046767802	0.1154843192	0.2156294806	-0.07000137863	-0.07000137863	0.1154106727	0.4719460391	0.1788326379	0.2203340709	0.5312862274	0.5330063647	-0.1592401318	0.1899148365	0.5721129454	0.1899148365	0.1874133483	0.5721129454	0.03893395634	0.03893395634	0.03345805105	0.1874133483	0.5721129454	0.5721129454	0.5721129454	0.4783053839	0.03345805105	0.1099444025	0.1965719286	0.1151992957	0.03359131081	0.09978740108	0.48774547	0.1941547304	0.4923068298	0.5646011749	0.5828686557	0.03900468002	0.5828686557	0.5828686557	0.5809280146	0.1760357147	0.1760357147	0.1504473254	0.5629410519	0.2081030794	0.5632452001	0.1858258223	0.4174807766	0.2007435047	0.902126055	0.902126055	0.9615920812	0.9038870509	0.9674774835	0.1883455362	0.4452693523	1	0.4251276446	0.1124684073	-0.1217822594	0.1638333912	0.2017981833
chr11_2119283_C_T	-0.02916521412	0.3932564631	0.378772997	-0.1924735547	-0.2133777839	0.4002217002	0.132880385	0.398067259	0.4002217002	0.4002217002	0.352197451	-0.2068502458	0.1224117998	0.1507256269	0.3552555881	0.04442801978	-0.1963695549	-0.1915171267	-0.1905133751	-0.04094604897	-0.1915171267	0.3464987941	0.3464987941	0.05056035119	0.3054021076	0.04556337788	-0.1305300118	-0.1625327627	0.4163050865	0.4163050865	0.4163050865	0.3077311284	0.06996720375	0.3159066505	0.07741540331	0.07741540331	0.3159066505	0.3159066505	0.3159066505	-0.1514404669	0.3164005122	0.07370375101	0.07370375101	0.3077081253	-0.1278036819	-0.08578522658	-0.08578522658	-0.08578522658	0.08789595803	0.4091629843	0.02601551975	0.08789595803	0.367875636	0.3683017783	0.08789595803	0.367875636	0.367875636	0.01729315661	-0.09266837709	0.4315053374	-0.09266837709	0.08789595803	0.367875636	0.3658374016	-0.04196546599	0.3689663255	0.36841947	0.4323852115	0.08789595803	0.367875636	0.08789595803	0.08909138887	0.4135130746	0.4135130746	0.3658374016	0.3658374016	0.4027088453	0.3658374016	0.3658374016	-0.02927691582	0.02096677721	0.08909138887	0.4163691737	0.08909138887	-0.09482007457	-0.04705095614	0.4102304055	-0.04705095614	0.08322647535	-0.04705095614	0.08909138887	-0.03744202038	-0.09482007457	0.08909138887	-0.04136780586	0.3322674569	-0.04705095614	0.3303339191	-0.04705095614	-0.09482007457	0.3303339191	0.08322647535	-0.04913618415	0.08322647535	-0.09482007457	-0.04913618415	-0.09482007457	0.3417795686	-0.09696662242	-0.05178371583	0.07216348238	-0.08561610594	-0.08561610594	-0.05744725616	0.3671353981	0.1556684868	0.08281607425	0.3908516806	0.3807254996	-0.04719382878	0.0838803088	0.3211316516	0.0838803088	0.07786982337	0.3211316516	-0.102555456	-0.102555456	-0.101244825	0.07786982337	0.3211316516	0.3211316516	0.3211316516	0.3661349741	-0.101244825	-0.05897964316	0.08909138887	-0.05897964316	-0.0950253182	0.001509508324	0.371710043	0.08322647535	0.3678445401	0.3151052855	0.3215991173	-0.09985285784	0.3215991173	0.3215991173	0.3210706006	0.0164298984	0.0164298984	-0.03012668154	0.3429583272	0.02096677721	0.2762643263	-0.007353600291	-0.1387363924	0.03824765453	0.4100207156	0.4100207156	0.4016199379	0.4091285436	0.4024251267	-0.01175914095	0.9738981276	0.4251276446	1	0.3442140425	-0.03507187748	-0.01828982817	-0.003876368571
chr11_2119780_C_A	0.004592897208	0.1357997252	0.1283701673	-0.08958162079	-0.09496743325	0.1335599112	0.08600695818	0.1351248554	0.1335599112	0.1335599112	0.08686251749	-0.09266290646	0.08600695818	0.02913323568	0.08566384093	0.02824666618	-0.06889910064	-0.07618094925	-0.07585292506	-0.004589050784	-0.07618094925	0.1172843989	0.1172843989	-0.0161587786	0.124091806	-0.01751128291	-0.05798627857	-0.06484224184	0.1710630808	0.1710630808	0.1710630808	0.1270750241	0.03868054391	0.1299633833	0.02250281682	0.02250281682	0.1299633833	0.1299633833	0.1299633833	-0.05845130926	0.1300720481	0.04009449932	0.04009449932	0.1292664499	-0.04818418663	-0.02685922322	-0.02685922322	-0.02685922322	0.02069351026	0.1531418925	0.0345469957	0.02069351026	0.1453289714	0.1498468348	0.02069351026	0.1453289714	0.1453289714	0.06909294513	-0.01423013655	0.1547230829	-0.01423013655	0.02069351026	0.1453289714	0.1445869294	-0.002903428761	0.1456341236	0.145480767	0.1550348239	0.02069351026	0.1453289714	0.02069351026	0.03237746969	0.1524789286	0.1524789286	0.1445869294	0.1445869294	0.1418534307	0.1445869294	0.1445869294	0.008997949573	0.03237746969	0.03237746969	0.1535110762	0.03237746969	-0.01502735495	0.0008789256953	0.1535110762	0.0008789256953	0.03027903261	0.0008789256953	0.03237746969	0.001651111057	-0.01502735495	0.03237746969	0.0001197426192	0.1103012075	0.0008789256953	0.1095759551	0.0008789256953	-0.01502735495	0.1095759551	0.03027903261	0.0001197426192	0.03027903261	-0.01502735495	0.0001197426192	-0.01502735495	0.1159346782	-0.01582227824	-0.003656018252	0.02069351026	-0.03050073225	-0.03050073225	-0.002903428761	0.1249160856	-0.03451795709	0.0243624662	0.1358864108	0.1388860716	-0.02647373673	0.03679319173	0.1092060622	0.03679319173	0.0345469957	0.1092060622	-0.03886555429	-0.03886555429	-0.0384209417	0.0345469957	0.1092060622	0.1092060622	0.1092060622	0.1267741958	-0.0384209417	-0.02013834634	0.03237746969	-0.02013834634	-0.03917680194	0.01689448273	0.126554923	0.03027903261	0.1251296972	0.1183057785	0.1228064732	-0.02022685302	0.1228064732	0.1228064732	0.1226482362	-0.0004822443026	-0.0004822443026	-0.0104132943	0.07113034708	-0.0104132943	0.07665736991	-0.002273959065	-0.04598486634	0.02250377812	0.1064857293	0.1064857293	0.1020434874	0.1060964141	0.1024120093	-0.003861483164	0.3222729337	0.1124684073	0.3442140425	1	-0.03189035142	-0.02206361531	-0.00730453071
chr11_2120123_C_T	-0.0500658035	-0.03800187485	-0.04389610615	0.03655024682	0.03298680111	-0.04280041648	-0.04454249806	-0.04119536997	-0.04280041648	-0.04280041648	-0.01708756586	0.03492380904	-0.04454249806	0.02407503216	-0.01753091289	-0.04335759593	0.03298424028	0.03674817672	0.0373669282	0.06903948016	0.03674817672	-0.01490767578	-0.01490767578	-0.04471297665	0.02897035861	-0.04537985231	0.1676862599	0.1016834711	-0.03917705473	-0.03917705473	-0.03917705473	0.03171204932	-0.02708951767	0.03408552764	-0.04537985231	-0.04537985231	0.03408552764	0.03408552764	0.03408552764	0.1100720899	0.03443552269	-0.02632089757	-0.02632089757	0.03358021068	0.1870243607	0.180135714	0.180135714	0.180135714	-0.04603996246	-0.04166498536	0.01297843909	-0.04603996246	0.06160128917	0.06479658233	-0.04603996246	0.06160128917	0.06160128917	0.1049024718	0.1695282292	-0.05791953104	0.1695282292	-0.04603996246	0.06160128917	0.06107508478	0.1332364353	0.06215197466	0.06187691663	-0.05736490816	-0.04603996246	0.06160128917	-0.04603996246	-0.04197090392	-0.04148461422	-0.04148461422	0.06107508478	0.06107508478	-0.04527025093	0.06107508478	0.06107508478	0.1288246053	0.01147641904	-0.04197090392	-0.04112962839	-0.04197090392	0.1686041233	0.1368273285	-0.04112962839	0.1368273285	-0.04266836309	0.1368273285	-0.04197090392	0.1385263151	0.1686041233	-0.04197090392	0.1361024875	-0.05823824928	0.1368273285	-0.05946614759	0.1368273285	0.1686041233	-0.05946614759	-0.04266836309	0.1361024875	-0.04266836309	0.1686041233	0.1361024875	0.1686041233	-0.05322610712	0.1676862599	0.132528019	-0.04603996246	0.06507409136	0.06507409136	0.1332364353	-0.04742292191	-0.02723006302	-0.04471297665	-0.06093082814	-0.05928257255	-0.02088424636	-0.04054952004	0.06221802281	-0.04054952004	-0.0412647807	0.06221802281	0.1636585205	0.1636585205	0.1658688688	-0.0412647807	0.06221802281	0.06221802281	0.06221802281	-0.04669121701	0.1658688688	0.1353810246	-0.04197090392	0.1353810246	0.1649691497	0.1093851717	-0.04590353183	-0.04266836309	-0.04822372649	0.05745889256	0.06110983175	0.1597785107	0.06110983175	0.06110983175	0.06085452571	-0.03758613004	-0.03758613004	-0.04197090392	0.07418013812	-0.04197090392	0.08189140212	-0.03834355077	-0.04945100416	-0.02917164061	-0.09869452583	-0.09869452583	-0.1113783311	-0.09933154968	-0.1107057032	-0.03768780849	-0.03658359185	-0.1217822594	-0.03507187748	-0.03189035142	1	-0.04675409969	-0.04054952004
chr11_2120298_A_G	-0.0468067107	-0.01084666226	-0.02178722972	0.07663916183	0.08059278157	-0.02961183814	0.03486291017	-0.02675376514	-0.02961183814	-0.02961183814	-0.05700736802	0.0842139422	0.03486291017	0.02309606738	-0.05768318089	0.3434146387	0.1244835609	0.1623503522	0.1638499	-0.05942498709	0.1623503522	-0.06735827287	-0.06735827287	0.4950409552	0.1024065796	0.5137517321	-0.07747449737	-0.08035620894	-0.02398458886	-0.02398458886	-0.02398458886	0.1072283061	0.351671272	0.1008557105	0.4865658651	0.4865658651	0.1008557105	0.1008557105	0.1008557105	-0.07066442652	0.101361329	0.3348679902	0.3348679902	0.1106019961	-0.06269383588	-0.1072427623	-0.1072427623	-0.1072427623	0.4784013018	0.003026081698	-0.0471843064	0.4784013018	0.1094085108	0.04375402178	0.4784013018	0.1094085108	0.1094085108	-0.05926743561	-0.1040565048	0.1821459386	-0.1040565048	0.4784013018	0.1094085108	0.1084362348	0.1397040496	0.1104616076	0.1099356745	0.182679636	0.4784013018	0.1094085108	0.4784013018	0.3290110422	0.003012981541	0.003012981541	0.1185768581	0.1185768581	0.02153838599	0.1185768581	0.1185768581	0.1200493715	-0.04892954242	0.3290110422	0.003900137296	0.3290110422	-0.105089426	0.05298335211	0.003900137296	0.05298335211	0.3219397601	0.05298335211	0.3290110422	0.05452929283	-0.105089426	0.3290110422	0.05182249564	-0.06298657191	0.05298335211	-0.06506430892	0.05298335211	-0.105089426	-0.06506430892	0.3505996076	0.06508319704	0.3219397601	-0.105089426	0.06508319704	-0.105089426	-0.05384859525	-0.1061210223	0.1384788233	0.5052567991	0.0522522183	0.0522522183	0.1397040496	-0.04266417343	0.03561844461	0.4950409552	0.07894872897	0.08283280967	-0.03881285941	0.3440840467	0.07351368336	0.3440840467	0.3658895576	0.07351368336	-0.0093417179	-0.0093417179	-0.008233978572	0.3658895576	0.07351368336	0.07351368336	0.07351368336	-0.05182830587	-0.008233978572	0.1301564108	0.3580833949	0.1566536984	-0.009416529331	-0.05762541473	-0.050593258	0.4079193027	-0.05462040395	0.07589431378	0.08276604244	-0.02671314311	0.08276604244	0.08276604244	0.08217918883	0.4107953402	0.4107953402	0.5325175108	-0.1059236437	0.5906622162	0.08209467527	0.7471736075	-0.1304831683	0.6328087763	-0.08698268073	-0.08698268073	0.198627299	-0.08799242981	0.1990700104	0.7653355258	-0.005994169807	0.1638333912	-0.01828982817	-0.02206361531	-0.04675409969	1	0.8234490007
chr11_2120805_A_G	-0.05329446004	-0.009721455295	-0.01921020886	0.07130406691	0.07810952388	-0.02953152109	0.08706426562	-0.02704310706	-0.02953152109	-0.02953152109	-0.09219019111	0.08125919221	0.08706426562	0.03211180158	-0.09252553011	0.4326744277	0.06029791237	0.09709452661	0.09823259571	-0.03706603175	0.09709452661	-0.05536244536	-0.05536244536	0.4500390923	0.1106569942	0.4746531476	-0.08624090476	-0.06653103448	-0.01354242828	-0.01354242828	-0.01354242828	0.1147157884	0.3334889297	0.1057507858	0.4424297144	0.4424297144	0.1057507858	0.1057507858	0.1057507858	-0.05805618335	0.1061187201	0.3125195384	0.3125195384	0.117597587	-0.07445748711	-0.07437236508	-0.07437236508	-0.07437236508	0.4351003191	0.01991828398	-0.03153973452	0.4351003191	0.1353909698	0.1286754496	0.4351003191	0.1353909698	0.1353909698	-0.05140225315	-0.06739891392	0.1822303435	-0.06739891392	0.4351003191	0.1353909698	0.1345025437	0.1521070149	0.1360676427	0.1357291524	0.1826516102	0.4351003191	0.1353909698	0.4351003191	0.4492417701	0.01983205609	0.01983205609	0.1465222338	0.1465222338	0.03261675408	0.1465222338	0.1465222338	0.1412077205	-0.03319103901	0.4492417701	0.02065036227	0.4492417701	-0.06833207592	0.1418818456	0.02065036227	0.1418818456	0.440783435	0.1418818456	0.4492417701	0.1439906057	-0.06833207592	0.4492417701	0.1407862913	-0.03708385961	0.1418818456	-0.03880666067	0.1418818456	-0.06833207592	-0.03880666067	0.4747539787	0.1565042129	0.440783435	-0.06833207592	0.1565042129	-0.06833207592	-0.02922716861	-0.06926352858	0.1510181913	0.4669321648	0.07615488118	0.07615488118	0.1521070149	-0.01937215558	0.05831179443	0.4500390923	0.1451913994	0.1488877093	-0.03366213511	0.4673202614	0.1066586429	0.4673202614	0.4930497274	0.1066586429	-0.05471239607	-0.05471239607	-0.05419771832	0.4930497274	0.1066586429	0.1066586429	0.1066586429	-0.03065091007	-0.05419771832	0.1553984952	0.4837012565	0.1711021249	-0.05515055024	-0.04997813935	-0.02967340139	0.5426950661	-0.03304955027	0.1114457596	0.1172777438	-0.07365483532	0.1172777438	0.1172777438	0.1169347315	0.547110699	0.547110699	0.6559986883	-0.1263560478	0.724917661	0.1057578651	0.9082869579	-0.111986247	0.7194077903	-0.122982591	-0.122982591	0.2122248234	-0.1239441906	0.2125292541	0.8940634041	0.01157701163	0.2017981833	-0.003876368571	-0.00730453071	-0.04054952004	0.8234490007	1
